Season,Date,Current Coach,Current Team,Historical Team,Opponent,Home/Away,Game Team Points,Game Opp Points,Game Spread,Game ATS +/-,Game ATS Result,Game Total Line,Game Total Points,Game Total +/-,Game Total Result,1H Team Points,1H Opp Points,1H Spread,1H ATS +/-,1H ATS Result,1H Total Line,1H Total Points,1H Total +/-,1H Total Result,2H Team Points,2H Opp Points,2H Spread,2H ATS +/-,2H ATS Result,2H Total Line,2H Total Points,2H Total +/-,2H Total Result,team,team_norm,coach,season,team_spread,fav_dog,ats_result,total_result
2024,2024-08-24T16:00:00.000Z,Brent Key,Georgia Tech,Georgia Tech,Florida State,Home,24,21,-3.5,-0.5,L,49.5,45,-4.5,U,14,14,6.5,6.5,W,29.0,28,-1.0,U,10,7,2.5,5.5,W,21.5,17,-4.5,U,Georgia Tech,georgia tech,Brent Key,2024,-3.5,Favorite,L,U
2024,2024-08-24T16:00:00.000Z,Mike Norvell,Florida State,Florida State,Georgia Tech,Away,21,24,3.5,0.5,W,49.5,45,-4.5,U,14,14,-6.5,-6.5,L,29.0,28,-1.0,U,7,10,-2.5,-5.5,L,21.5,17,-4.5,U,Florida State,florida state,Mike Norvell,2024,3.5,Underdog,W,U
2024,2024-08-24T20:00:00.000Z,Bronco Mendenhall,Utah State,New Mexico,Montana State Bobcats,Home,31,35,13.5,9.5,W,54.5,66,11.5,O,24,14,7.0,17.0,W,27.5,38,10.5,O,7,21,2.5,-11.5,L,34.5,28,-6.5,U,Utah State,utah state,Bronco Mendenhall,2024,13.5,Underdog,W,O
2024,2024-08-25T00:00:00.000Z,Jeff Choate,Nevada,Nevada,SMU,Home,24,29,3.5,-1.5,L,49.5,53,3.5,O,17,10,17.5,24.5,W,30.0,27,-3.0,U,7,19,9.5,-2.5,L,25.5,26,0.5,O,Nevada,nevada,Jeff Choate,2024,3.5,Underdog,L,O
2024,2024-08-25T00:00:00.000Z,Rhett Lashlee,SMU,SMU,Nevada,Away,29,24,-3.5,1.5,W,49.5,53,3.5,O,10,17,-17.5,-24.5,L,30.0,27,-3.0,U,19,7,-9.5,2.5,W,25.5,26,0.5,O,SMU,smu,Rhett Lashlee,2024,-3.5,Favorite,W,O
2024,2024-08-25T04:00:00.000Z,Timmy Chang,Hawaii,Hawaii,Delaware State,Home,35,14,-21.5,-0.5,L,48.5,49,0.5,O,14,7,-20.5,-13.5,L,20.5,21,0.5,O,21,7,-10.5,3.5,W,27.5,28,0.5,O,Hawaii,hawaii,Timmy Chang,2024,-21.5,Favorite,L,O
2024,2024-08-29T22:00:00.000Z,Greg Schiano,Rutgers,Rutgers,Howard,Home,44,7,-36.5,0.5,W,50.5,51,0.5,O,17,7,-24.0,-14.0,L,28.5,24,-4.5,U,27,0,,,,,27,,,Rutgers,rutgers,Greg Schiano,2024,-36.5,Favorite,W,O
2024,2024-08-29T23:00:00.000Z,Dave Doeren,NC State,NC State,Western Carolina,Home,38,21,-16.5,0.5,W,58.5,59,0.5,O,14,14,-20.0,-20.0,L,34.0,28,-6.0,U,24,7,-9.5,7.5,W,30.5,31,0.5,O,NC State,nc state,Dave Doeren,2024,-16.5,Favorite,W,O
2024,2024-08-29T23:30:00.000Z,Jason Candle,Connecticut,Toledo,Duquesne,Home,49,10,-41.5,-2.5,L,59.5,59,-0.5,U,28,10,-17.0,1.0,W,29.0,38,9.0,O,21,0,-21.5,-0.5,L,21.5,21,-0.5,U,Connecticut,connecticut,Jason Candle,2024,-41.5,Favorite,L,U
2024,2024-08-30T00:00:00.000Z,Rich Rodriguez,West Virginia,Jacksonville State,Coastal Carolina,Home,27,55,30.5,2.5,W,72.0,82,10.0,O,10,31,23.5,2.5,W,33.5,41,7.5,O,17,24,7.5,0.5,W,27.5,41,13.5,O,West Virginia,west virginia,Rich Rodriguez,2024,30.5,Underdog,W,O
2024,2024-08-30T00:00:00.000Z,Eli Drinkwitz,Missouri,Missouri,Murray State,Home,51,0,-50.5,0.5,W,62.5,51,-11.5,U,35,0,-31.5,3.5,W,35.5,35,-0.5,U,16,0,-19.5,-3.5,L,19.5,16,-3.5,U,Missouri,missouri,Eli Drinkwitz,2024,-50.5,Favorite,W,U
2024,2024-08-30T00:00:00.000Z,Deion Sanders,Colorado,Colorado,North Dakota State Bison,Home,31,26,-2.5,2.5,W,58.5,57,-1.5,U,17,20,-7.0,-10.0,L,27.5,37,9.5,O,14,6,-11.5,-3.5,L,20.5,20,-0.5,U,Colorado,colorado,Deion Sanders,2024,-2.5,Favorite,W,U
2024,2024-08-30T00:00:00.000Z,Jon Sumrall,Florida,Tulane,SE Louisiana,Home,52,0,-54.5,-2.5,L,55.5,52,-3.5,U,21,0,-16.5,4.5,W,29.5,21,-8.5,U,31,0,-28.5,2.5,W,31.5,31,-0.5,U,Florida,florida,Jon Sumrall,2024,-54.5,Favorite,L,U
2024,2024-08-30T01:00:00.000Z,Bryant Vincent,UL-Monroe,UL-Monroe,Jackson State,Home,30,14,-14.5,1.5,W,46.5,44,-2.5,U,14,7,-3.5,3.5,W,23.0,21,-2.0,U,16,7,-3.5,5.5,W,20.5,23,2.5,O,UL-Monroe,ul-monroe,Bryant Vincent,2024,-14.5,Favorite,W,U
2024,2024-08-30T02:00:00.000Z,Ken Niumatalolo,San Jose State,San Jose State,Sacramento State,Home,42,24,-18.5,-0.5,L,65.5,66,0.5,O,14,17,-1.5,-4.5,L,30.5,31,0.5,O,28,7,-14.5,6.5,W,34.5,35,0.5,O,San Jose State,san jose state,Ken Niumatalolo,2024,-18.5,Favorite,L,O
2024,2024-08-30T22:00:00.000Z,Jeff Monken,Army,Army,Lehigh Mountain,Home,42,7,-28.5,6.5,W,48.0,49,1.0,O,21,7,-14.5,-0.5,L,28.5,28,-0.5,U,21,0,-14.5,6.5,W,14.5,21,6.5,O,Army,army,Jeff Monken,2024,-28.5,Favorite,W,O
2024,2024-08-30T23:00:00.000Z,Brent Venables,Oklahoma,Oklahoma,Temple,Home,51,3,-48.5,-0.5,L,53.5,54,0.5,O,34,0,-27.5,6.5,W,34.0,34,0.0,P,17,3,-16.5,-2.5,L,24.0,20,-4.0,U,Oklahoma,oklahoma,Brent Venables,2024,-48.5,Favorite,L,O
2024,2024-08-30T23:30:00.000Z,Manny Diaz,Duke,Duke,Elon,Home,26,3,-24.5,-1.5,L,25.5,29,3.5,O,10,0,-14.0,-4.0,L,27.0,10,-17.0,U,16,3,-15.5,-2.5,L,16.5,19,2.5,O,Duke,duke,Manny Diaz,2024,-24.5,Favorite,L,O
2024,2024-08-31T01:00:00.000Z,Luke Fickell,Wisconsin,Wisconsin,Western Michigan,Home,28,14,-13.5,0.5,W,43.5,42,-1.5,U,10,7,-3.5,-0.5,L,16.5,17,0.5,O,18,7,-6.5,4.5,W,24.5,25,0.5,O,Wisconsin,wisconsin,Luke Fickell,2024,-13.5,Favorite,W,U
2024,2024-08-31T01:00:00.000Z,Lance Taylor,Western Michigan,Western Michigan,Wisconsin,Away,14,28,13.5,-0.5,L,43.5,42,-1.5,U,7,10,3.5,0.5,W,16.5,17,0.5,O,7,18,6.5,-4.5,L,24.5,25,0.5,O,Western Michigan,western michigan,Lance Taylor,2024,13.5,Underdog,L,U
2024,2024-08-31T02:30:00.000Z,Sonny Dykes,TCU,TCU,Stanford,Away,34,27,-9.5,-2.5,L,60.5,61,0.5,O,10,17,-4.5,-11.5,L,30.5,27,-3.5,U,24,10,-6.5,7.5,W,24.5,34,9.5,O,TCU,tcu,Sonny Dykes,2024,-9.5,Favorite,L,O
2024,2024-08-31T16:00:00.000Z,Brian Newberry,Navy,Navy,Bucknell Bison,Home,49,21,-28.5,-0.5,L,69.5,70,0.5,O,28,7,-19.5,1.5,W,27.0,35,8.0,O,21,14,-13.5,-6.5,L,27.5,35,7.5,O,Navy,navy,Brian Newberry,2024,-28.5,Favorite,L,O
2024,2024-08-31T16:00:00.000Z,Kirby Smart,Georgia,Georgia,Clemson,Home,34,3,-28.5,2.5,W,38.5,37,-1.5,U,6,0,-6.5,-0.5,L,9.5,6,-3.5,U,28,3,-25.5,-0.5,L,31.5,31,-0.5,U,Georgia,georgia,Kirby Smart,2024,-28.5,Favorite,W,U
2024,2024-08-31T16:00:00.000Z,Dabo Swinney,Clemson,Clemson,Georgia ,Away,3,34,28.5,-2.5,L,38.5,37,-1.5,U,0,6,6.5,0.5,W,9.5,6,-3.5,U,3,28,25.5,0.5,W,31.5,31,-0.5,U,Clemson,clemson,Dabo Swinney,2024,28.5,Underdog,L,U
2024,2024-08-31T16:00:00.000Z,Kirk Ferentz,Iowa,Iowa,Illinois St.,Home,40,0,-39.5,0.5,W,41.5,40,-1.5,U,6,0,-11.5,-5.5,L,19.5,6,-13.5,U,34,0,-33.5,0.5,W,33.5,34,0.5,O,Iowa,iowa,Kirk Ferentz,2024,-39.5,Favorite,W,U
2024,2024-08-31T16:00:00.000Z,Pat Narduzzi,Pittsburgh,Pittsburgh,Kent State,Home,55,24,-28.5,2.5,W,79.5,79,-0.5,U,28,14,-17.5,-3.5,L,48.5,42,-6.5,U,27,10,-13.5,3.5,W,40.5,37,-3.5,U,Pittsburgh,pittsburgh,Pat Narduzzi,2024,-28.5,Favorite,W,U
2024,2024-08-31T16:00:00.000Z,Neal Brown,North Texas,West Virginia,Penn State,Home,12,34,22.5,0.5,W,48.5,46,-2.5,U,6,20,9.5,-4.5,L,19.5,26,6.5,O,6,14,10.5,2.5,W,26.5,20,-6.5,U,North Texas,north texas,Neal Brown,2024,22.5,Underdog,W,U
2024,2024-08-31T16:00:00.000Z,James Franklin,Virginia Tech,Penn State,West Virginia,Away,34,12,-22.5,-0.5,L,48.5,46,-2.5,U,20,6,-9.5,4.5,W,19.5,26,6.5,O,14,6,-10.5,-2.5,L,26.5,20,-6.5,U,Virginia Tech,virginia tech,James Franklin,2024,-22.5,Favorite,L,U
2024,2024-08-31T16:00:00.000Z,Mike Locksley,Maryland,Maryland,UConn,Home,50,7,-40.5,2.5,W,53.5,57,3.5,O,23,0,-18.5,4.5,W,20.5,23,2.5,O,27,7,-13.5,6.5,W,27.5,34,6.5,O,Maryland,maryland,Mike Locksley,2024,-40.5,Favorite,W,O
2024,2024-08-31T16:00:00.000Z,Jim Mora,Colorado State,Connecticut,Maryland,Away,7,50,40.5,-2.5,L,53.5,57,3.5,O,0,23,18.5,-4.5,L,20.5,23,2.5,O,7,27,13.5,-6.5,L,27.5,34,6.5,O,Colorado State,colorado state,Jim Mora,2024,40.5,Underdog,L,O
2024,2024-08-31T16:00:00.000Z,Clark Lea,Vanderbilt,Vanderbilt,Virginia Tech,Home,34,27,6.5,13.5,W,49.5,61,11.5,O,17,3,-13.5,0.5,W,23.5,20,-3.5,U,17,24,17.5,10.5,W,27.5,41,13.5,O,Vanderbilt,vanderbilt,Clark Lea,2024,6.5,Underdog,W,O
2024,2024-08-31T16:45:00.000Z,Josh Heupel,Tennessee,Tennessee,Chattanooga,Home,69,3,-38.5,27.5,W,57.0,72,15.0,O,45,0,-25.0,20.0,W,32.0,45,13.0,O,24,3,-13.5,7.5,W,20.5,27,6.5,O,Tennessee,tennessee,Josh Heupel,2024,-38.5,Favorite,W,O
2024,2024-08-31T18:30:00.000Z,Scott Satterfield,Cincinnati,Cincinnati,Towson,Home,38,20,-17.5,0.5,W,60.5,58,-2.5,U,28,17,-21.0,-10.0,L,31.0,45,14.0,O,10,3,-7.5,-0.5,L,16.5,13,-3.5,U,Cincinnati,cincinnati,Scott Satterfield,2024,-17.5,Favorite,W,U
2024,2024-08-31T19:30:00.000Z,Ryan Day,Ohio State,Ohio State,Akron,Home,52,6,-39.5,6.5,W,52.5,58,5.5,O,17,3,-17.5,-3.5,L,26.5,20,-6.5,U,35,3,-25.5,6.5,W,31.5,38,6.5,O,Ohio State,ohio state,Ryan Day,2024,-39.5,Favorite,W,O
2024,2024-08-31T19:30:00.000Z,Joe Moorhead,Akron,Akron,Ohio State,Away,6,52,39.5,-6.5,L,52.5,58,5.5,O,3,17,17.5,3.5,W,26.5,20,-6.5,U,3,35,25.5,-6.5,L,31.5,38,6.5,O,Akron,akron,Joe Moorhead,2024,39.5,Underdog,L,O
2024,2024-08-31T19:30:00.000Z,Steve Sarkisian,Texas,Texas,Colorado State,Home,52,0,-52.5,-0.5,L,52.5,52,-0.5,U,31,0,-23.5,7.5,W,24.5,31,6.5,O,21,0,-23.5,-2.5,L,28.5,21,-7.5,U,Texas,texas,Steve Sarkisian,2024,-52.5,Favorite,L,U
2024,2024-08-31T19:30:00.000Z,Chris Creighton,Eastern Michigan,Eastern Michigan,UMass,Away,28,14,-20.5,-6.5,L,44.5,42,-2.5,U,14,0,0.5,14.5,W,25.5,14,-11.5,U,14,14,-6.5,-6.5,L,27.5,28,0.5,O,Eastern Michigan,eastern michigan,Chris Creighton,2024,-20.5,Favorite,L,U
2024,2024-08-31T19:30:00.000Z,Curt Cignetti,Indiana,Indiana,Florida Int.,Home,31,7,-16.5,7.5,W,33.5,38,4.5,O,21,7,-23.5,-9.5,L,24.5,28,3.5,O,10,0,-3.5,6.5,W,5.5,10,4.5,O,Indiana,indiana,Curt Cignetti,2024,-16.5,Favorite,W,O
2024,2024-08-31T19:30:00.000Z,Troy Calhoun,Air Force,Air Force,Merrimack Warriors,Home,21,6,-21.5,-6.5,L,22.0,27,5.0,O,14,0,-17.5,-3.5,L,24.0,14,-10.0,U,7,6,-7.5,-6.5,L,7.5,13,5.5,O,Air Force,air force,Troy Calhoun,2024,-21.5,Favorite,L,O
2024,2024-08-31T19:30:00.000Z,David Braun,Northwestern,Northwestern,Miami (OH),Home,13,6,-9.5,-2.5,L,22.5,19,-3.5,U,3,3,-2.5,-2.5,L,20.0,6,-14.0,U,10,3,-7.5,-0.5,L,16.5,13,-3.5,U,Northwestern,northwestern,David Braun,2024,-9.5,Favorite,L,U
2024,2024-08-31T19:30:00.000Z,Chuck Martin,Miami-OH,Miami-OH,Northwestern,Away,6,13,9.5,2.5,W,22.5,19,-3.5,U,3,3,2.5,2.5,W,20.0,6,-14.0,U,3,10,7.5,0.5,W,16.5,13,-3.5,U,Miami-OH,miami-oh,Chuck Martin,2024,9.5,Underdog,W,U
2024,2024-08-31T19:30:00.000Z,Billy Napier,James Madison,Florida,Miami Hurricanes,Home,17,41,24.5,0.5,W,60.5,58,-2.5,U,10,24,7.5,-6.5,L,30.5,34,3.5,O,7,17,9.5,-0.5,L,27.5,24,-3.5,U,James Madison,james madison,Billy Napier,2024,24.5,Underdog,W,U
2024,2024-08-31T19:30:00.000Z,Mario Cristobal,Miami-FL,Miami-FL,Florida,Away,41,17,-24.5,-0.5,L,60.5,58,-2.5,U,24,10,-7.5,6.5,W,30.5,34,3.5,O,17,7,-9.5,0.5,W,27.5,24,-3.5,U,Miami-FL,miami-fl,Mario Cristobal,2024,-24.5,Favorite,L,U
2024,2024-08-31T19:30:00.000Z,Matt Campbell,Penn State,Iowa State,North Dakota,Home,21,3,-18.5,-0.5,L,51.5,24,-27.5,U,14,3,-17.5,-6.5,L,27.5,17,-10.5,U,7,0,-7.5,-0.5,L,9.5,7,-2.5,U,Penn State,penn state,Matt Campbell,2024,-18.5,Favorite,L,U
2024,2024-08-31T19:30:00.000Z,Fran Brown,Syracuse,Syracuse,Ohio,Home,38,22,-14.5,1.5,W,60.5,60,-0.5,U,17,9,-7.5,0.5,W,20.5,26,5.5,O,21,13,-8.5,-0.5,L,37.5,34,-3.5,U,Syracuse,syracuse,Fran Brown,2024,-14.5,Favorite,W,U
2024,2024-08-31T19:30:00.000Z,Tim Albin,Charlotte,Ohio,Syracuse,Away,22,38,14.5,-1.5,L,60.5,60,-0.5,U,9,17,7.5,-0.5,L,20.5,26,5.5,O,13,21,8.5,0.5,W,37.5,34,-3.5,U,Charlotte,charlotte,Tim Albin,2024,14.5,Underdog,L,U
2024,2024-08-31T19:30:00.000Z,Matt Rhule,Nebraska,Nebraska,UTEP,Home,40,7,-33.5,-0.5,L,50.5,47,-3.5,U,30,7,-15.5,7.5,W,24.5,37,12.5,O,10,0,-9.5,0.5,W,10.5,10,-0.5,U,Nebraska,nebraska,Matt Rhule,2024,-33.5,Favorite,L,U
2024,2024-08-31T19:30:00.000Z,Scotty Walden,UTEP,UTEP,Nebraska,Away,7,40,33.5,0.5,W,50.5,47,-3.5,U,7,30,15.5,-7.5,L,24.5,37,12.5,O,0,10,9.5,-0.5,L,10.5,10,-0.5,U,UTEP,utep,Scotty Walden,2024,33.5,Underdog,W,U
2024,2024-08-31T20:00:00.000Z,Clay Helton,Georgia Southern,Georgia Southern,Boise St,Home,45,56,11.5,0.5,W,100.5,101,0.5,O,16,28,7.0,-5.0,L,28.5,44,15.5,O,29,28,1.5,2.5,W,49.5,57,7.5,O,Georgia Southern,georgia southern,Clay Helton,2024,11.5,Underdog,W,O
2024,2024-08-31T20:00:00.000Z,Spencer Danielson,Boise State,Boise State,Georgia Southern,Away,56,45,-11.5,-0.5,L,100.5,101,0.5,O,28,16,-7.0,5.0,W,28.5,44,15.5,O,28,29,-1.5,-2.5,L,49.5,57,7.5,O,Boise State,boise state,Spencer Danielson,2024,-11.5,Favorite,L,O
2024,2024-08-31T20:15:00.000Z,Shane Beamer,South Carolina,South Carolina,Old Dominion,Home,23,19,-3.5,0.5,W,44.5,42,-2.5,U,13,7,-11.5,-5.5,L,25.5,20,-5.5,U,10,12,1.5,-0.5,L,25.5,22,-3.5,U,South Carolina,south carolina,Shane Beamer,2024,-3.5,Favorite,W,U
2024,2024-08-31T20:15:00.000Z,Ricky Rahne,Old Dominion,Old Dominion,South Carolina,Away,19,23,3.5,-0.5,L,44.5,42,-2.5,U,7,13,11.5,5.5,W,25.5,20,-5.5,U,12,10,-1.5,0.5,W,25.5,22,-3.5,U,Old Dominion,old dominion,Ricky Rahne,2024,3.5,Underdog,L,U
2024,2024-08-31T21:00:00.000Z,Major Applewhite,South Alabama,South Alabama,North Texas,Home,38,52,13.5,-0.5,L,91.5,90,-1.5,U,19,14,-3.0,2.0,W,31.0,33,2.0,O,19,38,15.5,-3.5,L,57.5,57,-0.5,U,South Alabama,south alabama,Major Applewhite,2024,13.5,Underdog,L,U
2024,2024-08-31T21:00:00.000Z,Eric Morris,Oklahoma State,North Texas,South Alabama,Away,52,38,-13.5,0.5,W,91.5,90,-1.5,U,14,19,3.0,-2.0,L,31.0,33,2.0,O,38,19,-15.5,3.5,W,57.5,57,-0.5,U,Oklahoma State,oklahoma state,Eric Morris,2024,-13.5,Favorite,W,U
2024,2024-08-31T21:00:00.000Z,Charles Huff,Memphis,Marshall,Stony Brook,Home,45,3,-41.5,0.5,W,49.5,48,-1.5,U,17,0,-18.5,-1.5,L,30.5,17,-13.5,U,28,3,-18.5,6.5,W,30.5,31,0.5,O,Memphis,memphis,Charles Huff,2024,-41.5,Favorite,W,U
2024,2024-08-31T22:00:00.000Z,Jamey Chadwell,Liberty,Liberty,Campbell,Home,41,24,-18.5,-1.5,L,65.5,65,-0.5,U,17,10,-25.0,-18.0,L,34.0,27,-7.0,U,24,14,-12.5,-2.5,L,30.5,38,7.5,O,Liberty,liberty,Jamey Chadwell,2024,-18.5,Favorite,L,U
2024,2024-08-31T22:00:00.000Z,Tony Elliott,Virginia,Virginia,Richmond,Home,34,13,-22.5,-1.5,L,47.5,47,-0.5,U,27,7,-10.0,10.0,W,26.5,34,7.5,O,7,6,-1.5,-0.5,L,17.5,13,-4.5,U,Virginia,virginia,Tony Elliott,2024,-22.5,Favorite,L,U
2024,2024-08-31T23:00:00.000Z,Alex Golesh,Auburn,South Florida,Bethune-Cookman,Home,48,3,-44.5,0.5,W,52.5,51,-1.5,U,31,3,-27.0,1.0,W,34.0,34,0.0,P,17,0,-17.5,-0.5,L,20.5,17,-3.5,U,Auburn,auburn,Alex Golesh,2024,-44.5,Favorite,W,U
2024,2024-08-31T23:00:00.000Z,Lane Kiffin,LSU,Ole Miss,Furman,Home,76,0,-81.5,-5.5,L,82.5,76,-6.5,U,52,0,-29.0,23.0,W,35.5,52,16.5,O,24,0,-24.5,-0.5,L,26.5,24,-2.5,U,LSU,lsu,Lane Kiffin,2024,-81.5,Favorite,L,U
2024,2024-08-31T23:00:00.000Z,Gerad Parker,Troy,Troy,Nevada,Home,26,28,1.5,-0.5,L,51.5,54,2.5,O,14,6,-6.0,2.0,W,23.0,20,-3.0,U,12,22,12.5,2.5,W,37.5,34,-3.5,U,Troy,troy,Gerad Parker,2024,1.5,Underdog,L,O
2024,2024-08-31T23:00:00.000Z,Jeff Choate,Nevada,Nevada,Troy,Away,28,26,-1.5,0.5,W,51.5,54,2.5,O,6,14,6.0,-2.0,L,23.0,20,-3.0,U,22,12,-12.5,-2.5,L,37.5,34,-3.5,U,Nevada,nevada,Jeff Choate,2024,-1.5,Favorite,W,O
2024,2024-08-31T23:00:00.000Z,Willie Fritz,Houston,Houston,UNLV,Home,7,27,20.5,0.5,W,30.5,34,3.5,O,0,14,17.0,3.0,W,21.0,14,-7.0,U,7,13,11.5,5.5,W,15.5,20,4.5,O,Houston,houston,Willie Fritz,2024,20.5,Underdog,W,O
2024,2024-08-31T23:00:00.000Z,Barry Odom,Purdue,UNLV,Houston,Away,27,7,-20.5,-0.5,L,30.5,34,3.5,O,14,0,-17.0,-3.0,L,21.0,14,-7.0,U,13,7,-11.5,-5.5,L,15.5,20,4.5,O,Purdue,purdue,Barry Odom,2024,-20.5,Favorite,L,O
2024,2024-08-31T23:00:00.000Z,Kalen DeBoer,Alabama,Alabama,Western Kentucky,Home,63,0,-63.5,-0.5,L,70.5,63,-7.5,U,42,0,-31.5,10.5,W,37.5,42,4.5,O,21,0,-14.0,7.0,W,24.0,21,-3.0,U,Alabama,alabama,Kalen DeBoer,2024,-63.5,Favorite,L,U
2024,2024-08-31T23:00:00.000Z,Tyson Helton,Western Kentucky,Western Kentucky,Alabama,Away,0,63,63.5,0.5,W,70.5,63,-7.5,U,0,42,31.5,-10.5,L,37.5,42,4.5,O,0,21,14.0,-7.0,L,24.0,21,-3.0,U,Western Kentucky,western kentucky,Tyson Helton,2024,63.5,Underdog,W,U
2024,2024-08-31T23:30:00.000Z,Dan Lanning,Oregon,Oregon,Idaho,Home,24,14,-10.5,-0.5,L,38.5,38,-0.5,U,14,0,-31.0,-17.0,L,36.5,14,-22.5,U,10,14,4.5,0.5,W,24.5,24,-0.5,U,Oregon,oregon,Dan Lanning,2024,-10.5,Favorite,L,U
2024,2024-08-31T23:30:00.000Z,Mike Elko,Texas A&M,Texas A&M,Notre Dame,Home,13,23,2.5,-7.5,L,36.5,36,-0.5,U,6,6,3.5,3.5,W,18.5,12,-6.5,U,7,17,2.5,-7.5,L,20.5,24,3.5,O,Texas A&M,texas a&m,Mike Elko,2024,2.5,Underdog,L,U
2024,2024-08-31T23:30:00.000Z,Marcus Freeman,Notre Dame,Notre Dame,Texas A&M,Away,23,13,-2.5,7.5,W,36.5,36,-0.5,U,6,6,-3.5,-3.5,L,18.5,12,-6.5,U,17,7,-2.5,7.5,W,20.5,24,3.5,O,Notre Dame,notre dame,Marcus Freeman,2024,-2.5,Favorite,W,U
2024,2024-08-31T23:30:00.000Z,Timmy Chang,Hawaii,Hawaii,UCLA,Home,13,16,3.5,0.5,W,31.5,29,-2.5,U,10,0,-4.5,5.5,W,12.5,10,-2.5,U,3,16,13.5,0.5,W,23.5,19,-4.5,U,Hawaii,hawaii,Timmy Chang,2024,3.5,Underdog,W,U
2024,2024-08-31T23:45:00.000Z,Will Hall,Tulane,Southern Miss,Kentucky,Away,0,31,38.5,7.5,W,48.0,31,-17.0,U,0,24,16.5,-7.5,L,18.5,24,5.5,O,0,7,14.5,7.5,W,23.5,7,-16.5,U,Tulane,tulane,Will Hall,2024,38.5,Underdog,W,U
2024,2024-09-01T00:00:00.000Z,Brent Key,Georgia Tech,Georgia Tech,Georgia St.,Home,35,12,-23.5,-0.5,L,49.5,47,-2.5,U,14,3,-4.5,6.5,W,13.5,17,3.5,O,21,9,-12.5,-0.5,L,30.5,30,-0.5,U,Georgia Tech,georgia tech,Brent Key,2024,-23.5,Favorite,L,U
2024,2024-09-01T00:00:00.000Z,Rhett Lashlee,SMU,SMU,Houston Christian,Home,59,7,-50.5,1.5,W,60.0,66,6.0,O,42,7,-31.0,4.0,W,35.0,49,14.0,O,17,0,,,,,17,,,SMU,smu,Rhett Lashlee,2024,-50.5,Favorite,W,O
2024,2024-09-01T00:00:00.000Z,Bob Chesney,UCLA,James Madison,Charlotte,Away,30,7,-19.5,3.5,W,36.5,37,0.5,O,9,7,-4.0,-2.0,L,23.5,16,-7.5,U,21,0,-2.5,18.5,W,23.0,21,-2.0,U,UCLA,ucla,Bob Chesney,2024,-19.5,Favorite,W,O
2024,2024-09-01T00:00:00.000Z,Sonny Cumbie,Louisiana Tech,Louisiana Tech,Nicholls State,Home,25,17,-8.5,-0.5,L,42.5,42,-0.5,U,15,10,-4.5,0.5,W,27.5,25,-2.5,U,10,7,-10.5,-7.5,L,16.5,17,0.5,O,Louisiana Tech,louisiana tech,Sonny Cumbie,2024,-8.5,Favorite,L,U
2024,2024-09-01T00:00:00.000Z,Kalani Sitake,BYU,BYU,Southern Illinois,Home,41,13,-28.5,-0.5,L,55.5,54,-1.5,U,17,6,-7.5,3.5,W,24.5,23,-1.5,U,24,7,-17.5,-0.5,L,33.5,31,-2.5,U,BYU,byu,Kalani Sitake,2024,-28.5,Favorite,L,U
2024,2024-09-01T00:00:00.000Z,Sean Lewis,San Diego State,San Diego State,Texas A&M-Commerce Lions,Home,45,14,-31.5,-0.5,L,65.5,59,-6.5,U,3,6,-20.0,-23.0,L,31.0,9,-22.0,U,42,8,-34.5,-0.5,L,56.5,50,-6.5,U,San Diego State,san diego state,Sean Lewis,2024,-31.5,Favorite,L,U
2024,2024-09-01T02:30:00.000Z,Brent Brennan,Arizona,Arizona,New Mexico,Home,61,39,-19.5,2.5,W,100.5,100,-0.5,U,27,24,-0.5,2.5,W,53.5,51,-2.5,U,34,15,-19.5,-0.5,L,42.5,49,6.5,O,Arizona,arizona,Brent Brennan,2024,-19.5,Favorite,W,U
2024,2024-09-01T02:30:00.000Z,Bronco Mendenhall,Utah State,New Mexico,Arizona,Away,39,61,19.5,-2.5,L,100.5,100,-0.5,U,24,27,0.5,-2.5,L,53.5,51,-2.5,U,15,34,19.5,0.5,W,42.5,49,6.5,O,Utah State,utah state,Bronco Mendenhall,2024,19.5,Underdog,L,U
2024,2024-09-01T02:30:00.000Z,Kenny Dillingham,Arizona State,Arizona State,Wyoming,Home,48,7,-47.5,-6.5,L,48.5,55,6.5,O,27,0,-29.5,-2.5,L,30.5,27,-3.5,U,21,7,-20.5,-6.5,L,21.5,28,6.5,O,Arizona State,arizona state,Kenny Dillingham,2024,-47.5,Favorite,L,O
2024,2024-09-01T02:30:00.000Z,Jay Sawvel,Wyoming,Wyoming,Arizona St.,Away,7,48,47.5,6.5,W,48.5,55,6.5,O,0,27,29.5,2.5,W,30.5,27,-3.5,U,7,21,20.5,6.5,W,21.5,28,6.5,O,Wyoming,wyoming,Jay Sawvel,2024,47.5,Underdog,W,O
2024,2024-09-01T03:00:00.000Z,Jedd Fisch,Washington,Washington,Weber State,Home,35,3,-31.5,0.5,W,38.5,38,-0.5,U,14,0,-17.0,-3.0,L,28.0,14,-14.0,U,21,3,-18.5,-0.5,L,24.5,24,-0.5,U,Washington,washington,Jedd Fisch,2024,-31.5,Favorite,W,U
2024,2024-09-01T23:30:00.000Z,Lincoln Riley,USC,USC,LSU Tigers,Away,27,20,-2.5,4.5,W,43.5,47,3.5,O,10,10,-2.5,-2.5,L,23.5,20,-3.5,U,17,10,3.5,10.5,W,20.5,27,6.5,O,USC,usc,Lincoln Riley,2024,-2.5,Favorite,W,O
2024,2024-09-02T23:30:00.000Z,Mike Norvell,Florida State,Florida State,Boston College,Home,13,28,14.5,-0.5,L,41.5,41,-0.5,U,6,14,10.5,2.5,W,20.5,20,-0.5,U,7,14,6.5,-0.5,L,23.5,21,-2.5,U,Florida State,florida state,Mike Norvell,2024,14.5,Underdog,L,U
2024,2024-09-02T23:30:00.000Z,Bill O'Brien,Boston College,Boston College,Florida State,Away,28,13,-14.5,0.5,W,41.5,41,-0.5,U,14,6,-10.5,-2.5,L,20.5,20,-0.5,U,14,7,-6.5,0.5,W,23.5,21,-2.5,U,Boston College,boston college,Bill O'Brien,2024,-14.5,Favorite,W,U
2024,2024-09-06T23:00:00.000Z,Rhett Lashlee,SMU,SMU,BYU,Home,15,18,-12.0,-15.0,L,55.5,33,-22.5,U,9,7,-7.5,-5.5,L,28.5,16,-12.5,U,6,11,-5.5,-10.5,L,26.5,17,-9.5,U,SMU,smu,Rhett Lashlee,2024,-12.0,Favorite,L,U
2024,2024-09-06T23:00:00.000Z,Kalani Sitake,BYU,BYU,SMU,Away,18,15,12.0,15.0,W,55.5,33,-22.5,U,7,9,7.5,5.5,W,28.5,16,-12.5,U,11,6,5.5,10.5,W,26.5,17,-9.5,U,BYU,byu,Kalani Sitake,2024,12.0,Underdog,W,U
2024,2024-09-06T23:00:00.000Z,Curt Cignetti,Indiana,Indiana,Western Illinois,Home,77,3,-74.5,-0.5,L,80.5,80,-0.5,U,42,3,-28.0,11.0,W,31.0,45,14.0,O,35,0,-15.5,19.5,W,21.5,35,13.5,O,Indiana,indiana,Curt Cignetti,2024,-74.5,Favorite,L,U
2024,2024-09-07T01:00:00.000Z,David Braun,Northwestern,Northwestern,Duke,Home,20,26,-2.5,-8.5,L,37.5,46,8.5,O,10,7,-0.5,2.5,W,17.0,17,0.0,P,10,13,-1.5,-4.5,L,19.5,23,3.5,O,Northwestern,northwestern,David Braun,2024,-2.5,Favorite,L,O
2024,2024-09-07T01:00:00.000Z,Manny Diaz,Duke,Duke,Northwestern,Away,26,20,2.5,8.5,W,37.5,46,8.5,O,7,10,0.5,-2.5,L,17.0,17,0.0,P,13,10,1.5,4.5,W,19.5,23,3.5,O,Duke,duke,Manny Diaz,2024,2.5,Underdog,W,O
2024,2024-09-07T16:00:00.000Z,Greg Schiano,Rutgers,Rutgers,Akron,Home,49,17,-22.5,9.5,W,40.0,66,26.0,O,21,3,-12.5,5.5,W,20.5,24,3.5,O,28,14,-9.5,4.5,W,17.5,42,24.5,O,Rutgers,rutgers,Greg Schiano,2024,-22.5,Favorite,W,O
2024,2024-09-07T16:00:00.000Z,Joe Moorhead,Akron,Akron,Rutgers,Away,17,49,22.5,-9.5,L,40.0,66,26.0,O,3,21,12.5,-5.5,L,20.5,24,3.5,O,14,28,9.5,-4.5,L,17.5,42,24.5,O,Akron,akron,Joe Moorhead,2024,22.5,Underdog,L,O
2024,2024-09-07T16:00:00.000Z,Jeff Monken,Army,Army,Florida Atl.,Away,24,7,3.0,20.0,W,42.5,31,-11.5,U,14,7,1.5,8.5,W,21.0,21,0.0,P,10,0,1.5,11.5,W,20.5,10,-10.5,U,Army,army,Jeff Monken,2024,3.0,Underdog,W,U
2024,2024-09-07T16:00:00.000Z,James Franklin,Virginia Tech,Penn State,Bowling Green,Home,34,27,-34.0,-27.0,L,49.5,61,11.5,O,20,24,-20.5,-24.5,L,27.5,44,16.5,O,14,3,-13.5,-2.5,L,20.5,17,-3.5,U,Virginia Tech,virginia tech,James Franklin,2024,-34.0,Favorite,L,O
2024,2024-09-07T16:00:00.000Z,Fran Brown,Syracuse,Syracuse,Georgia Tech,Home,31,28,3.0,6.0,W,61.5,59,-2.5,U,21,14,1.5,8.5,W,30.5,35,4.5,O,10,14,0.5,-3.5,L,30.5,24,-6.5,U,Syracuse,syracuse,Fran Brown,2024,3.0,Underdog,W,U
2024,2024-09-07T16:00:00.000Z,Brent Key,Georgia Tech,Georgia Tech,Syracuse,Away,28,31,-3.0,-6.0,L,61.5,59,-2.5,U,14,21,-1.5,-8.5,L,30.5,35,4.5,O,14,10,-0.5,3.5,W,30.5,24,-6.5,U,Georgia Tech,georgia tech,Brent Key,2024,-3.0,Favorite,L,U
2024,2024-09-07T16:00:00.000Z,Jon Sumrall,Florida,Tulane,Kansas St.,Home,27,34,8.5,1.5,W,47.0,61,14.0,O,20,10,5.5,15.5,W,23.5,30,6.5,O,7,24,4.5,-12.5,L,22.5,31,8.5,O,Florida,florida,Jon Sumrall,2024,8.5,Underdog,W,O
2024,2024-09-07T16:00:00.000Z,Jim Mora,Colorado State,Connecticut,Merrimack Warriors,Home,63,17,-48.5,-2.5,L,77.5,80,2.5,O,56,7,-7.5,41.5,W,23.5,63,39.5,O,7,10,-1.5,-4.5,L,16.5,17,0.5,O,Colorado State,colorado state,Jim Mora,2024,-48.5,Favorite,L,O
2024,2024-09-07T16:00:00.000Z,Scott Satterfield,Cincinnati,Cincinnati,Pittsburgh,Home,27,28,-2.0,-3.0,L,62.5,55,-7.5,U,17,6,-0.5,10.5,W,30.5,23,-7.5,U,10,22,-1.5,-13.5,L,30.5,32,1.5,O,Cincinnati,cincinnati,Scott Satterfield,2024,-2.0,Favorite,L,U
2024,2024-09-07T16:00:00.000Z,Pat Narduzzi,Pittsburgh,Pittsburgh,Cincinnati,Away,28,27,2.0,3.0,W,62.5,55,-7.5,U,6,17,0.5,-10.5,L,30.5,23,-7.5,U,22,10,1.5,13.5,W,30.5,32,1.5,O,Pittsburgh,pittsburgh,Pat Narduzzi,2024,2.0,Underdog,W,U
2024,2024-09-07T16:00:00.000Z,Steve Sarkisian,Texas,Texas,Michigan,Away,31,12,-7.0,12.0,W,41.5,43,1.5,O,24,3,-3.5,17.5,W,20.5,27,6.5,O,7,9,-3.5,-5.5,L,20.5,16,-4.5,U,Texas,texas,Steve Sarkisian,2024,-7.0,Favorite,W,O
2024,2024-09-07T16:00:00.000Z,Ryan Silverfield,Arkansas,Memphis,Troy,Home,38,17,-18.5,2.5,W,56.5,55,-1.5,U,21,7,-10.5,3.5,W,29.5,28,-1.5,U,17,10,-7.5,-0.5,L,26.5,27,0.5,O,Arkansas,arkansas,Ryan Silverfield,2024,-18.5,Favorite,W,U
2024,2024-09-07T16:00:00.000Z,Gerad Parker,Troy,Troy,Memphis,Away,17,38,18.5,-2.5,L,56.5,55,-1.5,U,7,21,10.5,-3.5,L,29.5,28,-1.5,U,10,17,7.5,0.5,W,26.5,27,0.5,O,Troy,troy,Gerad Parker,2024,18.5,Underdog,L,U
2024,2024-09-07T16:45:00.000Z,Mike Elko,Texas A&M,Texas A&M,McNeese State,Home,52,10,-51.5,-9.5,L,65.5,62,-3.5,U,38,0,-29.5,8.5,W,31.5,38,6.5,O,14,10,-17.5,-13.5,L,23.5,24,0.5,O,Texas A&M,texas a&m,Mike Elko,2024,-51.5,Favorite,L,U
2024,2024-09-07T19:30:00.000Z,Kyle Whittingham,Michigan,Utah,Baylor,Home,23,12,-9.5,1.5,W,54.5,35,-19.5,U,23,3,-7.5,12.5,W,27.5,26,-1.5,U,0,9,-6.5,-15.5,L,25.5,9,-16.5,U,Michigan,michigan,Kyle Whittingham,2024,-9.5,Favorite,W,U
2024,2024-09-07T19:30:00.000Z,Dave Aranda,Baylor,Baylor,Utah,Away,12,23,9.5,-1.5,L,54.5,35,-19.5,U,3,23,7.5,-12.5,L,27.5,26,-1.5,U,9,0,6.5,15.5,W,25.5,9,-16.5,U,Baylor,baylor,Dave Aranda,2024,9.5,Underdog,L,U
2024,2024-09-07T19:30:00.000Z,Bill O'Brien,Boston College,Boston College,Duquesne,Home,56,0,-35.5,20.5,W,54.5,56,1.5,O,42,0,-21.5,20.5,W,30.5,42,11.5,O,14,0,-7.5,6.5,W,7.5,14,6.5,O,Boston College,boston college,Bill O'Brien,2024,-35.5,Favorite,W,O
2024,2024-09-07T19:30:00.000Z,Jedd Fisch,Washington,Washington,Eastern Michigan,Home,30,9,-25.0,-4.0,L,48.5,39,-9.5,U,21,6,-14.0,1.0,W,24.5,27,2.5,O,9,3,-10.5,-4.5,L,22.5,12,-10.5,U,Washington,washington,Jedd Fisch,2024,-25.0,Favorite,L,U
2024,2024-09-07T19:30:00.000Z,Chris Creighton,Eastern Michigan,Eastern Michigan,Washington,Away,9,30,25.0,4.0,W,48.5,39,-9.5,U,6,21,14.0,-1.0,L,24.5,27,2.5,O,3,9,10.5,4.5,W,22.5,12,-10.5,U,Eastern Michigan,eastern michigan,Chris Creighton,2024,25.0,Underdog,W,U
2024,2024-09-07T19:30:00.000Z,Jay Sawvel,Wyoming,Wyoming,Idaho,Home,13,17,-7.5,-11.5,L,40.5,30,-10.5,U,10,17,-3.5,-10.5,L,20.5,27,6.5,O,3,0,-5.5,-2.5,L,9.5,3,-6.5,U,Wyoming,wyoming,Jay Sawvel,2024,-7.5,Favorite,L,U
2024,2024-09-07T19:30:00.000Z,Kirk Ferentz,Iowa,Iowa,Iowa State,Home,19,20,-2.5,-3.5,L,36.5,39,2.5,O,13,0,-0.5,12.5,W,17.0,13,-4.0,U,6,20,-0.5,-14.5,L,17.5,26,8.5,O,Iowa,iowa,Kirk Ferentz,2024,-2.5,Favorite,L,O
2024,2024-09-07T19:30:00.000Z,Matt Campbell,Penn State,Iowa State,Iowa,Away,20,19,2.5,3.5,W,36.5,39,2.5,O,0,13,0.5,-12.5,L,17.0,13,-4.0,U,20,6,0.5,14.5,W,17.5,26,8.5,O,Penn State,penn state,Matt Campbell,2024,2.5,Underdog,W,O
2024,2024-09-07T19:30:00.000Z,Jeff Brohm,Louisville,Louisville,Jacksonville State Gamecocks,Home,49,14,-29.0,6.0,W,56.5,63,6.5,O,28,14,-17.5,-3.5,L,30.5,42,11.5,O,21,0,-11.5,9.5,W,24.5,21,-3.5,U,Louisville,louisville,Jeff Brohm,2024,-29.0,Favorite,W,O
2024,2024-09-07T19:30:00.000Z,Rich Rodriguez,West Virginia,Jacksonville State,Louisville,Away,14,49,29.0,-6.0,L,56.5,63,6.5,O,14,28,17.5,3.5,W,30.5,42,11.5,O,0,21,11.5,-9.5,L,24.5,21,-3.5,U,West Virginia,west virginia,Rich Rodriguez,2024,29.0,Underdog,L,O
2024,2024-09-07T19:30:00.000Z,Mike Locksley,Maryland,Maryland,Michigan State,Home,24,27,1.5,-1.5,L,44.5,51,6.5,O,14,17,-5.5,-8.5,L,22.5,31,8.5,O,10,10,-3.5,-3.5,L,20.5,20,-0.5,U,Maryland,maryland,Mike Locksley,2024,1.5,Underdog,L,O
2024,2024-09-07T19:30:00.000Z,Marcus Freeman,Notre Dame,Notre Dame,Northern Illinois,Home,14,16,-28.0,-30.0,L,47.5,30,-17.5,U,7,13,-17.5,-23.5,L,24.5,20,-4.5,U,7,3,-10.5,-6.5,L,21.5,10,-11.5,U,Notre Dame,notre dame,Marcus Freeman,2024,-28.0,Favorite,L,U
2024,2024-09-07T19:30:00.000Z,Shane Beamer,South Carolina,South Carolina,Kentucky,Away,31,6,-22.5,2.5,W,41.5,37,-4.5,U,10,6,5.5,9.5,W,21.5,16,-5.5,U,21,0,4.5,25.5,W,19.5,21,1.5,O,South Carolina,south carolina,Shane Beamer,2024,-22.5,Favorite,W,U
2024,2024-09-07T19:30:00.000Z,Luke Fickell,Wisconsin,Wisconsin,South Dakota,Home,27,13,-14.5,-0.5,L,45.5,40,-5.5,U,17,3,-10.5,3.5,W,23.5,20,-3.5,U,10,10,-1.5,-1.5,L,25.5,20,-5.5,U,Wisconsin,wisconsin,Luke Fickell,2024,-14.5,Favorite,L,U
2024,2024-09-07T19:30:00.000Z,Brian Newberry,Navy,Navy,Temple,Home,38,11,-27.5,-0.5,L,42.5,49,6.5,O,23,3,-6.5,13.5,W,21.5,26,4.5,O,15,8,-6.5,0.5,W,20.5,23,2.5,O,Navy,navy,Brian Newberry,2024,-27.5,Favorite,L,O
2024,2024-09-07T19:30:00.000Z,Jason Candle,Connecticut,Toledo,UMass,Home,38,23,-17.5,-2.5,L,50.5,61,10.5,O,17,13,-9.5,-5.5,L,26.5,30,3.5,O,21,10,-8.5,2.5,W,23.5,31,7.5,O,Connecticut,connecticut,Jason Candle,2024,-17.5,Favorite,L,O
2024,2024-09-07T20:00:00.000Z,Jeff Traylor,UTSA,UTSA,Texas State,Away,10,49,2.5,-36.5,L,58.5,59,0.5,O,3,35,0.5,-31.5,L,29.5,38,8.5,O,7,14,0.0,-7.0,L,24.5,21,-3.5,U,UTSA,utsa,Jeff Traylor,2024,2.5,Underdog,L,O
2024,2024-09-07T20:15:00.000Z,Lane Kiffin,LSU,Ole Miss,Middle Tennessee St.,Home,52,3,-55.5,-6.5,L,62.5,55,-7.5,U,31,3,-33.5,-5.5,L,36.5,34,-2.5,U,21,0,-27.5,-6.5,L,27.5,21,-6.5,U,LSU,lsu,Lane Kiffin,2024,-55.5,Favorite,L,U
2024,2024-09-07T20:15:00.000Z,Derek Mason,Middle Tennessee,Middle Tennessee,Ole Miss,Away,3,52,55.5,6.5,W,62.5,55,-7.5,U,3,31,33.5,5.5,W,36.5,34,-2.5,U,0,21,27.5,6.5,W,27.5,21,-6.5,U,Middle Tennessee,middle tennessee,Derek Mason,2024,55.5,Underdog,W,U
2024,2024-09-07T20:30:00.000Z,Charles Huff,Memphis,Marshall,Virginia Tech,Away,14,31,20.5,3.5,W,52.5,45,-7.5,U,7,10,10.5,7.5,W,27.5,17,-10.5,U,7,21,9.5,-4.5,L,24.5,28,3.5,O,Memphis,memphis,Charles Huff,2024,20.5,Underdog,W,U
2024,2024-09-07T22:00:00.000Z,Ricky Rahne,Old Dominion,Old Dominion,East Carolina,Home,14,20,-1.5,-7.5,L,53.5,34,-19.5,U,7,6,-0.5,0.5,W,26.5,13,-13.5,U,7,14,-0.5,-7.5,L,26.5,21,-5.5,U,Old Dominion,old dominion,Ricky Rahne,2024,-1.5,Favorite,L,U
2024,2024-09-07T22:00:00.000Z,Mario Cristobal,Miami-FL,Miami-FL,Florida A&M,Home,56,9,-50.5,-3.5,L,65.5,65,-0.5,U,25,6,-28.5,-9.5,L,31.5,31,-0.5,U,31,3,-31.5,-3.5,L,38.5,34,-4.5,U,Miami-FL,miami-fl,Mario Cristobal,2024,-50.5,Favorite,L,U
2024,2024-09-07T22:00:00.000Z,Tim Albin,Charlotte,Ohio,South Alabama,Home,27,20,2.5,9.5,W,57.0,47,-10.0,U,17,10,0.5,7.5,W,27.5,27,-0.5,U,10,10,1.5,1.5,W,27.5,20,-7.5,U,Charlotte,charlotte,Tim Albin,2024,2.5,Underdog,W,U
2024,2024-09-07T22:00:00.000Z,Major Applewhite,South Alabama,South Alabama,Ohio,Away,20,27,-2.5,-9.5,L,57.0,47,-10.0,U,10,17,-0.5,-7.5,L,27.5,27,-0.5,U,10,10,-1.5,-1.5,L,27.5,20,-7.5,U,South Alabama,south alabama,Major Applewhite,2024,-2.5,Favorite,L,U
2024,2024-09-07T22:00:00.000Z,Neal Brown,North Texas,West Virginia,UAlbany,Home,49,14,-32.5,2.5,W,53.5,63,9.5,O,28,14,-23.5,-9.5,L,30.5,42,11.5,O,21,0,-14.5,6.5,W,22.5,21,-1.5,U,North Texas,north texas,Neal Brown,2024,-32.5,Favorite,W,O
2024,2024-09-07T23:00:00.000Z,Eli Drinkwitz,Missouri,Missouri,Buffalo St,Home,38,0,-34.5,3.5,W,52.0,38,-14.0,U,24,0,-20.5,3.5,W,28.5,24,-4.5,U,14,0,-13.5,0.5,W,22.5,14,-8.5,U,Missouri,missouri,Eli Drinkwitz,2024,-34.5,Favorite,W,U
2024,2024-09-07T23:00:00.000Z,Jeff Choate,Nevada,Nevada,Georgia Southern,Home,17,20,-1.0,-4.0,L,58.5,37,-21.5,U,14,17,-0.5,-3.5,L,28.5,31,2.5,O,3,3,-0.5,-0.5,L,28.5,6,-22.5,U,Nevada,nevada,Jeff Choate,2024,-1.0,Favorite,L,U
2024,2024-09-07T23:00:00.000Z,Clay Helton,Georgia Southern,Georgia Southern,Nevada,Away,20,17,1.0,4.0,W,58.5,37,-21.5,U,17,14,0.5,3.5,W,28.5,31,2.5,O,3,3,0.5,0.5,W,28.5,6,-22.5,U,Georgia Southern,georgia southern,Clay Helton,2024,1.0,Underdog,W,U
2024,2024-09-07T23:00:00.000Z,Bret Bielema,Illinois,Illinois,Kansas,Home,23,17,4.5,10.5,W,57.5,40,-17.5,U,13,10,2.5,5.5,W,28.5,23,-5.5,U,10,7,2.5,5.5,W,27.5,17,-10.5,U,Illinois,illinois,Bret Bielema,2024,4.5,Underdog,W,U
2024,2024-09-07T23:00:00.000Z,Lance Leipold,Kansas,Kansas,Illinois,Away,17,23,-4.5,-10.5,L,57.5,40,-17.5,U,10,13,-2.5,-5.5,L,28.5,23,-5.5,U,7,10,-2.5,-5.5,L,27.5,17,-10.5,U,Kansas,kansas,Lance Leipold,2024,-4.5,Favorite,L,U
2024,2024-09-07T23:00:00.000Z,Will Hall,Tulane,Southern Miss,SE Louisiana,Home,35,10,-11.5,13.5,W,54.5,45,-9.5,U,14,10,-7.5,-3.5,L,27.5,24,-3.5,U,21,0,-10.0,11.0,W,24.0,21,-3.0,U,Tulane,tulane,Will Hall,2024,-11.5,Favorite,W,U
2024,2024-09-07T23:00:00.000Z,Billy Napier,James Madison,Florida,Samford,Home,45,7,-38.5,-0.5,L,54.5,52,-2.5,U,14,0,-23.5,-9.5,L,31.0,14,-17.0,U,31,7,-17.5,6.5,W,34.5,38,3.5,O,James Madison,james madison,Billy Napier,2024,-38.5,Favorite,L,U
2024,2024-09-07T23:00:00.000Z,Troy Calhoun,Air Force,Air Force,San Jose St.,Home,7,17,-3.5,-13.5,L,44.5,24,-20.5,U,7,14,-2.5,-9.5,L,22.5,21,-1.5,U,0,3,-1.5,-4.5,L,22.5,3,-19.5,U,Air Force,air force,Troy Calhoun,2024,-3.5,Favorite,L,U
2024,2024-09-07T23:00:00.000Z,Ken Niumatalolo,San Jose State,San Jose State,Air Force,Away,17,7,3.5,13.5,W,44.5,24,-20.5,U,14,7,2.5,9.5,W,22.5,21,-1.5,U,3,0,1.5,4.5,W,22.5,3,-19.5,U,San Jose State,san jose state,Ken Niumatalolo,2024,3.5,Underdog,W,U
2024,2024-09-07T23:00:00.000Z,Kalen DeBoer,Alabama,Alabama,South Florida,Home,42,16,-30.5,-4.5,L,64.0,58,-6.0,U,14,6,-18.5,-10.5,L,34.5,20,-14.5,U,28,10,-11.5,6.5,W,28.5,38,9.5,O,Alabama,alabama,Kalen DeBoer,2024,-30.5,Favorite,L,U
2024,2024-09-07T23:00:00.000Z,Alex Golesh,Auburn,South Florida,Alabama,Away,16,42,30.5,4.5,W,64.0,58,-6.0,U,6,14,18.5,10.5,W,34.5,20,-14.5,U,10,28,11.5,-6.5,L,28.5,38,9.5,O,Auburn,auburn,Alex Golesh,2024,30.5,Underdog,W,U
2024,2024-09-07T23:00:00.000Z,Butch Jones,Arkansas State,Arkansas State,Tulsa,Home,28,24,-7.5,-3.5,L,66.0,52,-14.0,U,7,17,-4.5,-14.5,L,32.5,24,-8.5,U,21,7,-4.5,9.5,W,32.5,28,-4.5,U,Arkansas State,arkansas state,Butch Jones,2024,-7.5,Favorite,L,U
2024,2024-09-07T23:00:00.000Z,Bryant Vincent,UL-Monroe,UL-Monroe,UAB,Home,32,6,11.0,37.0,W,54.5,38,-16.5,U,13,6,6.5,13.5,W,27.5,19,-8.5,U,19,0,6.5,25.5,W,26.5,19,-7.5,U,UL-Monroe,ul-monroe,Bryant Vincent,2024,11.0,Underdog,W,U
2024,2024-09-07T23:00:00.000Z,Tony Elliott,Virginia,Virginia,Wake Forest,Away,31,30,-1.0,0.0,P,55.5,61,5.5,O,17,20,0.5,-2.5,L,27.5,37,9.5,O,14,10,1.5,5.5,W,27.5,24,-3.5,U,Virginia,virginia,Tony Elliott,2024,-1.0,Favorite,P,O
2024,2024-09-07T23:30:00.000Z,Clark Lea,Vanderbilt,Vanderbilt,Alcorn State,Home,55,0,-33.5,21.5,W,47.5,55,7.5,O,27,0,-20.5,6.5,W,26.5,27,0.5,O,28,0,-21.5,6.5,W,27.5,28,0.5,O,Vanderbilt,vanderbilt,Clark Lea,2024,-33.5,Favorite,W,O
2024,2024-09-07T23:30:00.000Z,Matt Rhule,Nebraska,Nebraska,Colorado,Home,28,10,-6.5,11.5,W,55.5,38,-17.5,U,28,0,-3.5,24.5,W,28.0,28,0.0,P,0,10,-3.5,-13.5,L,27.5,10,-17.5,U,Nebraska,nebraska,Matt Rhule,2024,-6.5,Favorite,W,U
2024,2024-09-07T23:30:00.000Z,Deion Sanders,Colorado,Colorado,Nebraska,Away,10,28,6.5,-11.5,L,55.5,38,-17.5,U,0,28,3.5,-24.5,L,28.0,28,0.0,P,10,0,3.5,13.5,W,27.5,10,-17.5,U,Colorado,colorado,Deion Sanders,2024,6.5,Underdog,L,U
2024,2024-09-07T23:30:00.000Z,Dave Doeren,NC State,NC State,Tennessee,Home,10,51,34.0,-7.0,L,66.5,61,-5.5,U,3,20,5.5,-11.5,L,30.5,23,-7.5,U,7,31,5.5,-18.5,L,29.5,38,8.5,O,NC State,nc state,Dave Doeren,2024,34.0,Underdog,L,U
2024,2024-09-07T23:30:00.000Z,Josh Heupel,Tennessee,Tennessee,NC State,Away,51,10,-34.0,7.0,W,66.5,61,-5.5,U,20,3,-5.5,11.5,W,30.5,23,-7.5,U,31,7,-5.5,18.5,W,29.5,38,8.5,O,Tennessee,tennessee,Josh Heupel,2024,-34.0,Favorite,W,U
2024,2024-09-07T23:30:00.000Z,Ryan Day,Ohio State,Ohio State,Western Michigan,Home,56,0,-37.5,18.5,W,54.5,56,1.5,O,35,0,-24.5,10.5,W,30.5,35,4.5,O,21,0,-13.5,7.5,W,23.5,21,-2.5,U,Ohio State,ohio state,Ryan Day,2024,-37.5,Favorite,W,O
2024,2024-09-07T23:30:00.000Z,Lance Taylor,Western Michigan,Western Michigan,Ohio State,Away,0,56,37.5,-18.5,L,54.5,56,1.5,O,0,35,24.5,-10.5,L,30.5,35,4.5,O,0,21,13.5,-7.5,L,23.5,21,-2.5,U,Western Michigan,western michigan,Lance Taylor,2024,37.5,Underdog,L,O
2024,2024-09-07T23:45:00.000Z,Brent Venables,Oklahoma,Oklahoma,Houston,Home,16,12,-27.5,-23.5,L,49.5,28,-21.5,U,14,6,-16.5,-8.5,L,27.5,20,-7.5,U,2,6,-10.5,-14.5,L,22.5,8,-14.5,U,Oklahoma,oklahoma,Brent Venables,2024,-27.5,Favorite,L,U
2024,2024-09-07T23:45:00.000Z,Willie Fritz,Houston,Houston,Oklahoma,Away,12,16,27.5,23.5,W,49.5,28,-21.5,U,6,14,16.5,8.5,W,27.5,20,-7.5,U,6,2,10.5,14.5,W,22.5,8,-14.5,U,Houston,houston,Willie Fritz,2024,27.5,Underdog,W,U
2024,2024-09-08T00:00:00.000Z,Dabo Swinney,Clemson,Clemson,Appalachian St.,Home,66,20,-17.0,29.0,W,52.5,86,33.5,O,56,13,-9.5,33.5,W,27.5,69,41.5,O,10,7,-7.5,-4.5,L,25.5,17,-8.5,U,Clemson,clemson,Dabo Swinney,2024,-17.0,Favorite,W,O
2024,2024-09-08T00:00:00.000Z,Sonny Dykes,TCU,TCU,Long Island Univ,Home,45,0,-45.5,-0.5,L,56.5,45,-11.5,U,31,0,-30.5,0.5,W,31.5,31,-0.5,U,14,0,-18.5,-4.5,L,24.0,14,-10.0,U,TCU,tcu,Sonny Dykes,2024,-45.5,Favorite,L,U
2024,2024-09-08T02:00:00.000Z,Dan Lanning,Oregon,Oregon,Boise St,Home,37,34,-3.5,-0.5,L,61.5,71,9.5,O,14,20,-10.5,-16.5,L,31.5,34,2.5,O,23,14,-7.5,1.5,W,28.5,37,8.5,O,Oregon,oregon,Dan Lanning,2024,-3.5,Favorite,L,O
2024,2024-09-08T02:00:00.000Z,Spencer Danielson,Boise State,Boise State,Oregon,Away,34,37,3.5,0.5,W,61.5,71,9.5,O,20,14,10.5,16.5,W,31.5,34,2.5,O,14,23,7.5,-1.5,L,28.5,37,8.5,O,Boise State,boise state,Spencer Danielson,2024,3.5,Underdog,W,O
2024,2024-09-08T02:00:00.000Z,Brent Brennan,Arizona,Arizona,Northern Arizona,Home,22,10,-14.5,-2.5,L,54.5,32,-22.5,U,6,10,0.5,-3.5,L,20.5,16,-4.5,U,16,0,-22.5,-6.5,L,23.5,16,-7.5,U,Arizona,arizona,Brent Brennan,2024,-14.5,Favorite,L,U
2024,2024-09-08T02:00:00.000Z,Joey McGuire,Texas Tech,Texas Tech,Washington St.,Away,16,37,-2.5,-23.5,L,65.5,53,-12.5,U,10,27,-0.5,-17.5,L,31.5,37,5.5,O,6,10,1.5,-2.5,L,32.5,16,-16.5,U,Texas Tech,texas tech,Joey McGuire,2024,-2.5,Favorite,L,U
2024,2024-09-08T02:15:00.000Z,Tony Sanchez,New Mexico State,New Mexico State,Liberty Flames,Home,24,30,22.0,16.0,W,54.5,54,-0.5,U,17,9,13.5,21.5,W,29.5,26,-3.5,U,7,21,9.5,-4.5,L,24.5,28,3.5,O,New Mexico State,new mexico state,Tony Sanchez,2024,22.0,Underdog,W,U
2024,2024-09-08T02:15:00.000Z,Jamey Chadwell,Liberty,Liberty,New Mexico St.,Away,30,24,-22.0,-16.0,L,54.5,54,-0.5,U,9,17,-13.5,-21.5,L,29.5,26,-3.5,U,21,7,-9.5,4.5,W,24.5,28,3.5,O,Liberty,liberty,Jamey Chadwell,2024,-22.0,Favorite,L,U
2024,2024-09-08T02:30:00.000Z,Kenny Dillingham,Arizona State,Arizona State,Mississippi St.,Home,30,23,-6.0,1.0,W,58.0,53,-5.0,U,27,3,-3.5,20.5,W,29.5,30,0.5,O,3,20,-3.5,-20.5,L,27.5,23,-4.5,U,Arizona State,arizona state,Kenny Dillingham,2024,-6.0,Favorite,W,U
2024,2024-09-08T02:30:00.000Z,Jeff Lebby,Mississippi State,Mississippi State,Arizona St.,Away,23,30,6.0,-1.0,L,58.0,53,-5.0,U,3,27,3.5,-20.5,L,29.5,30,0.5,O,20,3,3.5,20.5,W,27.5,23,-4.5,U,Mississippi State,mississippi state,Jeff Lebby,2024,6.0,Underdog,L,U
2024,2024-09-08T02:30:00.000Z,Sean Lewis,San Diego State,San Diego State,Oregon State,Home,0,21,6.0,-15.0,L,54.5,21,-33.5,U,0,7,3.5,-3.5,L,27.5,7,-20.5,U,0,14,3.5,-10.5,L,26.5,14,-12.5,U,San Diego State,san diego state,Sean Lewis,2024,6.0,Underdog,L,U
2024,2024-09-08T03:00:00.000Z,Lincoln Riley,USC,USC,Utah State,Home,48,0,-28.5,19.5,W,63.5,48,-15.5,U,27,0,-17.5,9.5,W,34.0,27,-7.0,U,21,0,-10.5,10.5,W,28.5,21,-7.5,U,USC,usc,Lincoln Riley,2024,-28.5,Favorite,W,U
2024,2024-09-12T23:30:00.000Z,Kenny Dillingham,Arizona State,Arizona State,Texas State,Away,31,28,-4.5,-1.5,L,61.5,59,-2.5,U,21,21,1.5,1.5,W,29.5,42,12.5,O,10,7,0.5,3.5,W,24.5,17,-7.5,U,Arizona State,arizona state,Kenny Dillingham,2024,-4.5,Favorite,L,U
2024,2024-09-12T23:30:00.000Z,Major Applewhite,South Alabama,South Alabama,Northwestern St.,Home,87,10,-83.5,-6.5,L,106.5,97,-9.5,U,52,10,-24.5,17.5,W,34.0,62,28.0,O,35,0,-41.5,-6.5,L,44.5,35,-9.5,U,South Alabama,south alabama,Major Applewhite,2024,-83.5,Favorite,L,U
2024,2024-09-13T23:00:00.000Z,Lance Leipold,Kansas,Kansas,UNLV,Home,20,23,3.5,0.5,W,42.5,43,0.5,O,17,13,-5.5,-1.5,L,28.5,30,1.5,O,3,10,-3.5,-10.5,L,27.5,13,-14.5,U,Kansas,kansas,Lance Leipold,2024,3.5,Underdog,W,O
2024,2024-09-13T23:00:00.000Z,Barry Odom,Purdue,UNLV,Kansas,Away,23,20,-3.5,-0.5,L,42.5,43,0.5,O,13,17,5.5,1.5,W,28.5,30,1.5,O,10,3,3.5,10.5,W,27.5,13,-14.5,U,Purdue,purdue,Barry Odom,2024,-3.5,Favorite,L,O
2024,2024-09-14T00:00:00.000Z,Brent Brennan,Arizona,Arizona,Kansas St.,Away,7,31,23.5,-0.5,L,42.5,38,-4.5,U,7,14,4.5,-2.5,L,30.5,21,-9.5,U,0,17,2.5,-14.5,L,23.5,17,-6.5,U,Arizona,arizona,Brent Brennan,2024,23.5,Underdog,L,U
2024,2024-09-14T16:00:00.000Z,Luke Fickell,Wisconsin,Wisconsin,Alabama,Home,10,42,33.5,1.5,W,53.5,52,-1.5,U,3,21,9.5,-8.5,L,26.0,24,-2.0,U,7,21,14.5,0.5,W,28.5,28,-0.5,U,Wisconsin,wisconsin,Luke Fickell,2024,33.5,Underdog,W,U
2024,2024-09-14T16:00:00.000Z,Kalen DeBoer,Alabama,Alabama,Wisconsin,Away,42,10,-33.5,-1.5,L,53.5,52,-1.5,U,21,3,-9.5,8.5,W,26.0,24,-2.0,U,21,7,-14.5,-0.5,L,28.5,28,-0.5,U,Alabama,alabama,Kalen DeBoer,2024,-33.5,Favorite,L,U
2024,2024-09-14T16:00:00.000Z,Butch Jones,Arkansas State,Arkansas State,Michigan,Away,18,28,11.5,1.5,W,44.5,46,1.5,O,3,21,13.0,-5.0,L,24.0,24,0.0,P,15,7,6.5,14.5,W,13.5,22,8.5,O,Arkansas State,arkansas state,Butch Jones,2024,11.5,Underdog,W,O
2024,2024-09-14T16:00:00.000Z,Bret Bielema,Illinois,Illinois,Central Michigan,Home,30,9,-20.5,0.5,W,40.0,39,-1.0,U,13,6,-11.5,-4.5,L,26.5,19,-7.5,U,17,3,-9.5,4.5,W,23.0,20,-3.0,U,Illinois,illinois,Bret Bielema,2024,-20.5,Favorite,W,U
2024,2024-09-14T16:00:00.000Z,Chuck Martin,Miami-OH,Miami-OH,Cincinnati,Home,16,27,3.0,-8.0,L,46.5,43,-3.5,U,3,10,1.5,-5.5,L,22.5,13,-9.5,U,13,17,-1.5,-5.5,L,32.5,30,-2.5,U,Miami-OH,miami-oh,Chuck Martin,2024,3.0,Underdog,L,U
2024,2024-09-14T16:00:00.000Z,Scott Satterfield,Cincinnati,Cincinnati,Miami (OH),Away,27,16,-3.0,8.0,W,46.5,43,-3.5,U,10,3,-1.5,5.5,W,22.5,13,-9.5,U,17,13,1.5,5.5,W,32.5,30,-2.5,U,Cincinnati,cincinnati,Scott Satterfield,2024,-3.0,Favorite,W,U
2024,2024-09-14T16:00:00.000Z,Shane Beamer,South Carolina,South Carolina,LSU Tigers,Home,33,36,1.5,-1.5,L,71.0,69,-2.0,U,24,16,3.5,11.5,W,24.0,40,16.0,O,9,20,2.5,-8.5,L,26.5,29,2.5,O,South Carolina,south carolina,Shane Beamer,2024,1.5,Underdog,L,U
2024,2024-09-14T16:00:00.000Z,Dave Doeren,NC State,NC State,Louisiana Tech,Home,30,20,-10.5,-0.5,L,56.5,50,-6.5,U,6,17,-11.5,-22.5,L,25.5,23,-2.5,U,24,3,-20.5,0.5,W,33.5,27,-6.5,U,NC State,nc state,Dave Doeren,2024,-10.5,Favorite,L,U
2024,2024-09-14T16:00:00.000Z,Sonny Cumbie,Louisiana Tech,Louisiana Tech,NC State,Away,20,30,10.5,0.5,W,56.5,50,-6.5,U,17,6,11.5,22.5,W,25.5,23,-2.5,U,3,24,20.5,-0.5,L,33.5,27,-6.5,U,Louisiana Tech,louisiana tech,Sonny Cumbie,2024,10.5,Underdog,W,U
2024,2024-09-14T16:00:00.000Z,Mike Norvell,Florida State,Florida State,Memphis,Home,12,20,8.5,0.5,W,33.5,32,-1.5,U,3,13,-3.5,-13.5,L,26.5,16,-10.5,U,9,7,-2.5,-0.5,L,22.5,16,-6.5,U,Florida State,florida state,Mike Norvell,2024,8.5,Underdog,W,U
2024,2024-09-14T16:00:00.000Z,Ryan Silverfield,Arkansas,Memphis,Florida State,Away,20,12,-8.5,-0.5,L,33.5,32,-1.5,U,13,3,3.5,13.5,W,26.5,16,-10.5,U,7,9,2.5,0.5,W,22.5,16,-6.5,U,Arkansas,arkansas,Ryan Silverfield,2024,-8.5,Favorite,L,U
2024,2024-09-14T16:00:00.000Z,Joey McGuire,Texas Tech,Texas Tech,North Texas,Home,66,21,-40.5,4.5,W,89.5,87,-2.5,U,52,7,-6.5,38.5,W,34.5,59,24.5,O,14,14,3.5,3.5,W,34.5,28,-6.5,U,Texas Tech,texas tech,Joey McGuire,2024,-40.5,Favorite,W,U
2024,2024-09-14T16:00:00.000Z,Eric Morris,Oklahoma State,North Texas,Texas Tech,Away,21,66,40.5,-4.5,L,89.5,87,-2.5,U,7,52,6.5,-38.5,L,34.5,59,24.5,O,14,14,-3.5,-3.5,L,34.5,28,-6.5,U,Oklahoma State,oklahoma state,Eric Morris,2024,40.5,Underdog,L,U
2024,2024-09-14T16:45:00.000Z,Eli Drinkwitz,Missouri,Missouri,Boston College,Home,27,21,-9.5,-3.5,L,44.5,48,3.5,O,17,14,-8.0,-5.0,L,27.5,31,3.5,O,10,7,-10.5,-7.5,L,13.5,17,3.5,O,Missouri,missouri,Eli Drinkwitz,2024,-9.5,Favorite,L,O
2024,2024-09-14T16:45:00.000Z,Bill O'Brien,Boston College,Boston College,Missouri,Away,21,27,9.5,3.5,W,44.5,48,3.5,O,14,17,8.0,5.0,W,27.5,31,3.5,O,7,10,10.5,7.5,W,13.5,17,3.5,O,Boston College,boston college,Bill O'Brien,2024,9.5,Underdog,W,O
2024,2024-09-14T17:00:00.000Z,Pete Lembo,Buffalo,Buffalo,UMass,Home,34,3,-3.5,27.5,W,46.0,37,-9.0,U,10,3,-1.5,5.5,W,23.0,13,-10.0,U,24,0,-0.5,23.5,W,21.5,24,2.5,O,Buffalo,buffalo,Pete Lembo,2024,-3.5,Favorite,W,U
2024,2024-09-14T19:30:00.000Z,Tim Albin,Charlotte,Ohio,Morgan State,Home,21,6,-16.5,-1.5,L,28.5,27,-1.5,U,14,6,-14.0,-6.0,L,24.5,20,-4.5,U,7,0,-10.5,-3.5,L,13.5,7,-6.5,U,Charlotte,charlotte,Tim Albin,2024,-16.5,Favorite,L,U
2024,2024-09-14T19:30:00.000Z,Jeff Choate,Nevada,Nevada,Minnesota,Away,0,27,27.5,0.5,W,30.5,27,-3.5,U,0,20,9.5,-10.5,L,23.5,20,-3.5,U,0,7,7.5,0.5,W,20.0,7,-13.0,U,Nevada,nevada,Jeff Choate,2024,27.5,Underdog,W,U
2024,2024-09-14T19:30:00.000Z,Marcus Freeman,Notre Dame,Notre Dame,Purdue,Away,66,7,-59.5,-0.5,L,73.5,73,-0.5,U,42,0,-4.5,37.5,W,23.5,42,18.5,O,24,7,-16.5,0.5,W,30.5,31,0.5,O,Notre Dame,notre dame,Marcus Freeman,2024,-59.5,Favorite,L,U
2024,2024-09-14T19:30:00.000Z,Dan Lanning,Oregon,Oregon,Oregon State,Away,49,14,-34.5,0.5,W,64.0,63,-1.0,U,22,14,-9.5,-1.5,L,26.0,36,10.0,O,27,0,-27.5,-0.5,L,30.5,27,-3.5,U,Oregon,oregon,Dan Lanning,2024,-34.5,Favorite,W,U
2024,2024-09-14T19:30:00.000Z,Billy Napier,James Madison,Florida,Texas A&M,Home,20,33,13.5,0.5,W,59.5,53,-6.5,U,0,20,2.5,-17.5,L,23.5,20,-3.5,U,20,13,2.5,9.5,W,20.0,33,13.0,O,James Madison,james madison,Billy Napier,2024,13.5,Underdog,W,U
2024,2024-09-14T19:30:00.000Z,Mike Elko,Texas A&M,Texas A&M,Florida,Away,33,20,-13.5,-0.5,L,59.5,53,-6.5,U,20,0,-2.5,17.5,W,23.5,20,-3.5,U,13,20,-2.5,-9.5,L,20.0,33,13.0,O,Texas A&M,texas a&m,Mike Elko,2024,-13.5,Favorite,L,U
2024,2024-09-14T19:30:00.000Z,Brent Venables,Oklahoma,Oklahoma,Tulane,Home,34,19,-15.5,-0.5,L,56.5,53,-3.5,U,21,6,-6.5,8.5,W,23.5,27,3.5,O,13,13,-6.5,-6.5,L,22.5,26,3.5,O,Oklahoma,oklahoma,Brent Venables,2024,-15.5,Favorite,L,U
2024,2024-09-14T19:30:00.000Z,Jon Sumrall,Florida,Tulane,Oklahoma,Away,19,34,15.5,0.5,W,56.5,53,-3.5,U,6,21,6.5,-8.5,L,23.5,27,3.5,O,13,13,6.5,6.5,W,22.5,26,3.5,O,Florida,florida,Jon Sumrall,2024,15.5,Underdog,W,U
2024,2024-09-14T19:30:00.000Z,Brent Key,Georgia Tech,Georgia Tech,VMI,Home,59,7,-45.5,6.5,W,60.5,66,5.5,O,38,0,-21.5,16.5,W,31.5,38,6.5,O,21,7,-17.5,-3.5,L,21.5,28,6.5,O,Georgia Tech,georgia tech,Brent Key,2024,-45.5,Favorite,W,O
2024,2024-09-14T19:30:00.000Z,Jedd Fisch,Washington,Washington,Washington St.,Home,19,24,4.5,-0.5,L,48.5,43,-5.5,U,13,17,-3.5,-7.5,L,27.0,30,3.0,O,6,7,-1.5,-2.5,L,18.5,13,-5.5,U,Washington,washington,Jedd Fisch,2024,4.5,Underdog,L,U
2024,2024-09-14T19:30:00.000Z,Pat Narduzzi,Pittsburgh,Pittsburgh,West Virginia,Home,38,34,-3.5,0.5,W,64.5,72,7.5,O,17,17,0.5,0.5,W,30.5,34,3.5,O,21,17,-0.5,3.5,W,29.5,38,8.5,O,Pittsburgh,pittsburgh,Pat Narduzzi,2024,-3.5,Favorite,W,O
2024,2024-09-14T19:30:00.000Z,Neal Brown,North Texas,West Virginia,Pittsburgh,Away,34,38,3.5,-0.5,L,64.5,72,7.5,O,17,17,-0.5,-0.5,L,30.5,34,3.5,O,17,21,0.5,-3.5,L,29.5,38,8.5,O,North Texas,north texas,Neal Brown,2024,3.5,Underdog,L,O
2024,2024-09-14T20:00:00.000Z,Kirk Ferentz,Iowa,Iowa,Troy,Home,38,21,-18.5,-1.5,L,62.5,59,-3.5,U,10,14,-13.5,-17.5,L,20.5,24,3.5,O,28,7,-11.0,10.0,W,33.5,35,1.5,O,Iowa,iowa,Kirk Ferentz,2024,-18.5,Favorite,L,U
2024,2024-09-14T20:00:00.000Z,Gerad Parker,Troy,Troy,Iowa,Away,21,38,18.5,1.5,W,62.5,59,-3.5,U,14,10,13.5,17.5,W,20.5,24,3.5,O,7,28,11.0,-10.0,L,33.5,35,1.5,O,Troy,troy,Gerad Parker,2024,18.5,Underdog,W,U
2024,2024-09-14T20:30:00.000Z,Kyle Whittingham,Michigan,Utah,Utah State,Away,38,21,-16.5,0.5,W,60.5,59,-1.5,U,17,14,-10.5,-7.5,L,23.0,31,8.0,O,21,7,-14.5,-0.5,L,32.5,28,-4.5,U,Michigan,michigan,Kyle Whittingham,2024,-16.5,Favorite,W,U
2024,2024-09-14T21:55:00.000Z,Mario Cristobal,Miami-FL,Miami-FL,Ball State,Home,62,0,-62.5,-0.5,L,62.5,62,-0.5,U,31,0,-22.5,8.5,W,30.5,31,0.5,O,31,0,-16.5,14.5,W,24.0,31,7.0,O,Miami-FL,miami-fl,Mario Cristobal,2024,-62.5,Favorite,L,U
2024,2024-09-14T22:00:00.000Z,Joe Moorhead,Akron,Akron,Colgate,Home,31,20,-13.5,-2.5,L,51.5,51,-0.5,U,28,17,-3.5,7.5,W,24.0,45,21.0,O,3,3,1.5,1.5,W,9.5,6,-3.5,U,Akron,akron,Joe Moorhead,2024,-13.5,Favorite,L,U
2024,2024-09-14T22:00:00.000Z,Clay Helton,Georgia Southern,Georgia Southern,South Carolina St.,Home,42,14,-27.5,0.5,W,54.5,56,1.5,O,21,7,-16.5,-2.5,L,28.5,28,-0.5,U,21,7,-11.5,2.5,W,23.5,28,4.5,O,Georgia Southern,georgia southern,Clay Helton,2024,-27.5,Favorite,W,O
2024,2024-09-14T22:00:00.000Z,Manny Diaz,Duke,Duke,UConn,Home,26,21,-6.5,-1.5,L,47.5,47,-0.5,U,17,7,-9.5,0.5,W,23.5,24,0.5,O,9,14,-7.0,-12.0,L,23.5,23,-0.5,U,Duke,duke,Manny Diaz,2024,-6.5,Favorite,L,U
2024,2024-09-14T22:00:00.000Z,Jim Mora,Colorado State,Connecticut,Duke,Away,21,26,6.5,1.5,W,47.5,47,-0.5,U,7,17,9.5,-0.5,L,23.5,24,0.5,O,14,9,7.0,12.0,W,23.5,23,-0.5,U,Colorado State,colorado state,Jim Mora,2024,6.5,Underdog,W,U
2024,2024-09-14T22:00:00.000Z,Jamey Chadwell,Liberty,Liberty,UTEP,Home,28,10,-24.0,-6.0,L,44.5,38,-6.5,U,14,3,-13.5,-2.5,L,30.5,17,-13.5,U,14,7,-7.5,-0.5,L,27.5,21,-6.5,U,Liberty,liberty,Jamey Chadwell,2024,-24.0,Favorite,L,U
2024,2024-09-14T22:00:00.000Z,Scotty Walden,UTEP,UTEP,Liberty Flames,Away,10,28,24.0,6.0,W,44.5,38,-6.5,U,3,14,13.5,2.5,W,30.5,17,-13.5,U,7,14,7.5,0.5,W,27.5,21,-6.5,U,UTEP,utep,Scotty Walden,2024,24.0,Underdog,W,U
2024,2024-09-14T22:00:00.000Z,Ricky Rahne,Old Dominion,Old Dominion,Virginia Tech,Home,17,37,20.5,0.5,W,49.5,54,4.5,O,10,14,8.5,4.5,W,24.5,24,-0.5,U,7,23,7.0,-9.0,L,23.0,30,7.0,O,Old Dominion,old dominion,Ricky Rahne,2024,20.5,Underdog,W,O
2024,2024-09-14T22:30:00.000Z,Lance Taylor,Western Michigan,Western Michigan,Bethune-Cookman,Home,59,31,-21.5,6.5,W,54.0,90,36.0,O,35,14,-20.5,0.5,W,29.5,49,19.5,O,24,17,-13.5,-6.5,L,23.5,41,17.5,O,Western Michigan,western michigan,Lance Taylor,2024,-21.5,Favorite,W,O
2024,2024-09-14T22:30:00.000Z,Lane Kiffin,LSU,Ole Miss,Wake Forest,Away,40,6,-33.5,0.5,W,47.0,46,-1.0,U,23,6,-12.5,4.5,W,34.5,29,-5.5,U,17,0,-17.5,-0.5,L,23.5,17,-6.5,U,LSU,lsu,Lane Kiffin,2024,-33.5,Favorite,W,U
2024,2024-09-14T23:00:00.000Z,Timmy Chang,Hawaii,Hawaii,Sam Houston State Bearkats,Away,13,31,18.5,0.5,W,50.5,44,-6.5,U,3,17,2.5,-11.5,L,24.0,20,-4.0,U,10,14,0.5,-3.5,L,21.5,24,2.5,O,Hawaii,hawaii,Timmy Chang,2024,18.5,Underdog,W,U
2024,2024-09-14T23:00:00.000Z,Chris Creighton,Eastern Michigan,Eastern Michigan,Jacksonville State Gamecocks,Home,37,34,-3.5,-0.5,L,65.5,71,5.5,O,28,20,0.5,8.5,W,26.5,48,21.5,O,9,14,1.0,-4.0,L,28.5,23,-5.5,U,Eastern Michigan,eastern michigan,Chris Creighton,2024,-3.5,Favorite,L,O
2024,2024-09-14T23:00:00.000Z,Rich Rodriguez,West Virginia,Jacksonville State,Eastern Michigan,Away,34,37,3.5,0.5,W,65.5,71,5.5,O,20,28,-0.5,-8.5,L,26.5,48,21.5,O,14,9,-1.0,4.0,W,28.5,23,-5.5,U,West Virginia,west virginia,Rich Rodriguez,2024,3.5,Underdog,W,O
2024,2024-09-14T23:00:00.000Z,Ken Niumatalolo,San Jose State,San Jose State,Kennesaw St.,Home,31,10,-17.5,3.5,W,41.5,41,-0.5,U,17,3,-10.5,3.5,W,22.5,20,-2.5,U,14,7,-7.0,0.0,P,20.0,21,1.0,O,San Jose State,san jose state,Ken Niumatalolo,2024,-17.5,Favorite,W,U
2024,2024-09-14T23:00:00.000Z,Will Hall,Tulane,Southern Miss,South Florida,Home,24,49,27.5,2.5,W,79.5,73,-6.5,U,21,28,6.5,-0.5,L,29.5,49,19.5,O,3,21,6.5,-11.5,L,30.5,24,-6.5,U,Tulane,tulane,Will Hall,2024,27.5,Underdog,W,U
2024,2024-09-14T23:00:00.000Z,Alex Golesh,Auburn,South Florida,Southern Miss,Away,49,24,-27.5,-2.5,L,79.5,73,-6.5,U,28,21,-6.5,0.5,W,29.5,49,19.5,O,21,3,-6.5,11.5,W,30.5,24,-6.5,U,Auburn,auburn,Alex Golesh,2024,-27.5,Favorite,L,U
2024,2024-09-14T23:00:00.000Z,Steve Sarkisian,Texas,Texas,UTSA,Home,56,7,-41.5,7.5,W,58.5,63,4.5,O,28,7,-21.5,-0.5,L,30.5,35,4.5,O,28,0,-13.5,14.5,W,24.5,28,3.5,O,Texas,texas,Steve Sarkisian,2024,-41.5,Favorite,W,O
2024,2024-09-14T23:00:00.000Z,Jeff Traylor,UTSA,UTSA,Texas,Away,7,56,41.5,-7.5,L,58.5,63,4.5,O,7,28,21.5,0.5,W,30.5,35,4.5,O,0,28,13.5,-14.5,L,24.5,28,3.5,O,UTSA,utsa,Jeff Traylor,2024,41.5,Underdog,L,O
2024,2024-09-14T23:00:00.000Z,Clark Lea,Vanderbilt,Vanderbilt,Georgia St.,Away,32,36,5.5,1.5,W,52.5,68,15.5,O,10,12,-5.5,-7.5,L,22.5,22,-0.5,U,22,24,-3.5,-5.5,L,22.5,46,23.5,O,Vanderbilt,vanderbilt,Clark Lea,2024,5.5,Underdog,W,O
2024,2024-09-14T23:00:00.000Z,Derek Mason,Middle Tennessee,Middle Tennessee,Western Kentucky,Home,21,49,34.5,6.5,W,76.5,70,-6.5,U,0,21,4.5,-16.5,L,27.0,21,-6.0,U,21,28,3.0,-4.0,L,24.5,49,24.5,O,Middle Tennessee,middle tennessee,Derek Mason,2024,34.5,Underdog,W,U
2024,2024-09-14T23:00:00.000Z,Tyson Helton,Western Kentucky,Western Kentucky,Middle Tennessee St.,Away,49,21,-34.5,-6.5,L,76.5,70,-6.5,U,21,0,-4.5,16.5,W,27.0,21,-6.0,U,28,21,-3.0,4.0,W,24.5,49,24.5,O,Western Kentucky,western kentucky,Tyson Helton,2024,-34.5,Favorite,L,U
2024,2024-09-14T23:30:00.000Z,Dave Aranda,Baylor,Baylor,Air Force,Home,31,3,-28.5,-0.5,L,41.5,34,-7.5,U,6,3,-9.5,-6.5,L,21.5,9,-12.5,U,25,0,-27.5,-2.5,L,28.5,25,-3.5,U,Baylor,baylor,Dave Aranda,2024,-28.5,Favorite,L,U
2024,2024-09-14T23:30:00.000Z,Troy Calhoun,Air Force,Air Force,Baylor,Away,3,31,28.5,0.5,W,41.5,34,-7.5,U,3,6,9.5,6.5,W,21.5,9,-12.5,U,0,25,27.5,2.5,W,28.5,25,-3.5,U,Air Force,air force,Troy Calhoun,2024,28.5,Underdog,W,U
2024,2024-09-14T23:30:00.000Z,Deion Sanders,Colorado,Colorado,Colorado State,Away,28,9,-20.5,-1.5,L,43.5,37,-6.5,U,14,3,-4.5,6.5,W,30.0,17,-13.0,U,14,6,-3.5,4.5,W,27.5,20,-7.5,U,Colorado,colorado,Deion Sanders,2024,-20.5,Favorite,L,U
2024,2024-09-14T23:30:00.000Z,David Braun,Northwestern,Northwestern,Eastern Illinois,Home,31,7,-24.5,-0.5,L,38.5,38,-0.5,U,14,7,-14.5,-7.5,L,21.5,21,-0.5,U,17,0,-17.5,-0.5,L,17.5,17,-0.5,U,Northwestern,northwestern,David Braun,2024,-24.5,Favorite,L,U
2024,2024-09-14T23:30:00.000Z,Kirby Smart,Georgia,Georgia,Kentucky,Away,13,12,-1.5,-0.5,L,44.5,25,-19.5,U,3,6,-11.5,-14.5,L,23.5,9,-14.5,U,10,6,-9.5,-5.5,L,20.5,16,-4.5,U,Georgia,georgia,Kirby Smart,2024,-1.5,Favorite,L,U
2024,2024-09-14T23:30:00.000Z,Curt Cignetti,Indiana,Indiana,UCLA,Away,42,13,-28.5,0.5,W,56.0,55,-1.0,U,21,7,-2.5,11.5,W,23.5,28,4.5,O,21,6,-0.5,14.5,W,22.5,27,4.5,O,Indiana,indiana,Curt Cignetti,2024,-28.5,Favorite,W,U
2024,2024-09-14T23:30:00.000Z,Bronco Mendenhall,Utah State,New Mexico,Auburn,Away,19,45,26.5,0.5,W,65.5,64,-1.5,U,13,17,16.5,12.5,W,31.5,30,-1.5,U,6,28,10.5,-11.5,L,26.5,34,7.5,O,Utah State,utah state,Bronco Mendenhall,2024,26.5,Underdog,W,U
2024,2024-09-14T23:30:00.000Z,Matt Rhule,Nebraska,Nebraska,Northern Iowa,Home,34,3,-30.5,0.5,W,33.5,37,3.5,O,21,3,-17.5,0.5,W,27.0,24,-3.0,U,13,0,-13.5,-0.5,L,21.5,13,-8.5,U,Nebraska,nebraska,Matt Rhule,2024,-30.5,Favorite,W,O
2024,2024-09-14T23:30:00.000Z,Jeff Lebby,Mississippi State,Mississippi State,Toledo,Home,17,41,23.5,-0.5,L,60.5,58,-2.5,U,3,28,-6.5,-31.5,L,28.5,31,2.5,O,14,13,-5.5,-4.5,L,25.5,27,1.5,O,Mississippi State,mississippi state,Jeff Lebby,2024,23.5,Underdog,L,U
2024,2024-09-14T23:30:00.000Z,Jason Candle,Connecticut,Toledo,Mississippi St.,Away,41,17,-23.5,0.5,W,60.5,58,-2.5,U,28,3,6.5,31.5,W,28.5,31,2.5,O,13,14,5.5,4.5,W,25.5,27,1.5,O,Connecticut,connecticut,Jason Candle,2024,-23.5,Favorite,W,U
2024,2024-09-14T23:30:00.000Z,Sonny Dykes,TCU,TCU,UCF,Home,34,35,-1.5,-2.5,L,65.5,69,3.5,O,21,7,-0.5,13.5,W,31.0,28,-3.0,U,13,28,0.5,-14.5,L,31.5,41,9.5,O,TCU,tcu,Sonny Dykes,2024,-1.5,Favorite,L,O
2024,2024-09-14T23:45:00.000Z,Josh Heupel,Tennessee,Tennessee,Kent State,Home,71,0,-71.5,-0.5,L,71.5,71,-0.5,U,65,0,-31.0,34.0,W,37.0,65,28.0,O,6,0,-17.5,-11.5,L,26.5,6,-20.5,U,Tennessee,tennessee,Josh Heupel,2024,-71.5,Favorite,L,U
2024,2024-09-15T00:00:00.000Z,Tony Elliott,Virginia,Virginia,Maryland,Home,13,27,14.5,0.5,W,42.5,40,-2.5,U,13,7,-0.5,5.5,W,28.0,20,-8.0,U,0,20,-0.5,-20.5,L,24.0,20,-4.0,U,Virginia,virginia,Tony Elliott,2024,14.5,Underdog,W,U
2024,2024-09-15T00:00:00.000Z,Mike Locksley,Maryland,Maryland,Virginia,Away,27,13,-14.5,-0.5,L,42.5,40,-2.5,U,7,13,0.5,-5.5,L,28.0,20,-8.0,U,20,0,0.5,20.5,W,24.0,20,-4.0,U,Maryland,maryland,Mike Locksley,2024,-14.5,Favorite,L,U
2024,2024-09-15T00:00:00.000Z,Willie Fritz,Houston,Houston,Rice,Home,33,7,-32.5,-6.5,L,35.5,40,4.5,O,20,0,-2.5,17.5,W,21.5,20,-1.5,U,13,7,-12.5,-6.5,L,15.5,20,4.5,O,Houston,houston,Willie Fritz,2024,-32.5,Favorite,L,O
2024,2024-09-15T01:00:00.000Z,Jay Sawvel,Wyoming,Wyoming,BYU,Home,14,34,20.5,0.5,W,49.5,48,-1.5,U,7,17,5.5,-4.5,L,20.5,24,3.5,O,7,17,10.5,0.5,W,26.5,24,-2.5,U,Wyoming,wyoming,Jay Sawvel,2024,20.5,Underdog,W,U
2024,2024-09-15T01:00:00.000Z,Kalani Sitake,BYU,BYU,Wyoming,Away,34,14,-20.5,-0.5,L,49.5,48,-1.5,U,17,7,-5.5,4.5,W,20.5,24,3.5,O,17,7,-10.5,-0.5,L,26.5,24,-2.5,U,BYU,byu,Kalani Sitake,2024,-20.5,Favorite,L,U
2024,2024-09-15T02:30:00.000Z,Tony Sanchez,New Mexico State,New Mexico State,Fresno St.,Away,0,48,48.5,0.5,W,54.0,48,-6.0,U,0,31,10.5,-20.5,L,24.5,31,6.5,O,0,17,11.0,-6.0,L,21.0,17,-4.0,U,New Mexico State,new mexico state,Tony Sanchez,2024,48.5,Underdog,W,U
2024,2024-09-15T02:30:00.000Z,Sean Lewis,San Diego State,San Diego State,California,Away,10,31,21.5,0.5,W,42.5,41,-1.5,U,3,7,10.5,6.5,W,24.0,10,-14.0,U,7,24,7.5,-9.5,L,37.5,31,-6.5,U,San Diego State,san diego state,Sean Lewis,2024,21.5,Underdog,W,U
2024,2024-09-19T23:30:00.000Z,Major Applewhite,South Alabama,South Alabama,Appalachian St.,Away,48,14,-39.5,-5.5,L,55.5,62,6.5,O,28,7,4.5,25.5,W,31.5,35,3.5,O,20,7,3.5,16.5,W,30.5,27,-3.5,U,South Alabama,south alabama,Major Applewhite,2024,-39.5,Favorite,L,O
2024,2024-09-20T23:30:00.000Z,Fran Brown,Syracuse,Syracuse,Stanford,Home,24,26,1.5,-0.5,L,47.5,50,2.5,O,10,13,-5.5,-8.5,L,28.5,23,-5.5,U,14,13,-5.5,-4.5,L,27.5,27,-0.5,U,Syracuse,syracuse,Fran Brown,2024,1.5,Underdog,L,O
2024,2024-09-21T00:00:00.000Z,Matt Rhule,Nebraska,Nebraska,Illinois,Home,24,31,5.5,-1.5,L,55.5,55,-0.5,U,17,10,-4.5,2.5,W,21.5,27,5.5,O,7,21,-3.5,-17.5,L,20.5,28,7.5,O,Nebraska,nebraska,Matt Rhule,2024,5.5,Underdog,L,U
2024,2024-09-21T00:00:00.000Z,Bret Bielema,Illinois,Illinois,Nebraska,Away,31,24,-5.5,1.5,W,55.5,55,-0.5,U,10,17,4.5,-2.5,L,21.5,27,5.5,O,21,7,3.5,17.5,W,20.5,28,7.5,O,Illinois,illinois,Bret Bielema,2024,-5.5,Favorite,W,U
2024,2024-09-21T02:00:00.000Z,Ken Niumatalolo,San Jose State,San Jose State,Washington St.,Away,52,54,-1.5,-3.5,L,75.5,106,30.5,O,17,24,7.5,0.5,W,28.5,41,12.5,O,35,30,6.5,11.5,W,26.5,65,38.5,O,San Jose State,san jose state,Ken Niumatalolo,2024,-1.5,Favorite,L,O
2024,2024-09-21T16:00:00.000Z,Curt Cignetti,Indiana,Indiana,Charlotte,Home,52,14,-37.5,0.5,W,67.5,66,-1.5,U,31,14,-17.5,-0.5,L,27.5,45,17.5,O,21,0,-21.5,-0.5,L,21.5,21,-0.5,U,Indiana,indiana,Curt Cignetti,2024,-37.5,Favorite,W,U
2024,2024-09-21T16:00:00.000Z,Jeff Lebby,Mississippi State,Mississippi State,Florida,Home,28,45,16.5,-0.5,L,76.5,73,-3.5,U,14,28,3.5,-10.5,L,27.5,42,14.5,O,14,17,2.5,-0.5,L,28.5,31,2.5,O,Mississippi State,mississippi state,Jeff Lebby,2024,16.5,Underdog,L,U
2024,2024-09-21T16:00:00.000Z,Billy Napier,James Madison,Florida,Mississippi St.,Away,45,28,-16.5,0.5,W,76.5,73,-3.5,U,28,14,-3.5,10.5,W,27.5,42,14.5,O,17,14,-2.5,0.5,W,28.5,31,2.5,O,James Madison,james madison,Billy Napier,2024,-16.5,Favorite,W,U
2024,2024-09-21T16:00:00.000Z,Scott Satterfield,Cincinnati,Cincinnati,Houston,Home,34,0,-34.5,-0.5,L,37.5,34,-3.5,U,24,0,-2.5,21.5,W,23.5,24,0.5,O,10,0,-1.5,8.5,W,23.5,10,-13.5,U,Cincinnati,cincinnati,Scott Satterfield,2024,-34.5,Favorite,L,U
2024,2024-09-21T16:00:00.000Z,Willie Fritz,Houston,Houston,Cincinnati,Away,0,34,34.5,0.5,W,37.5,34,-3.5,U,0,24,2.5,-21.5,L,23.5,24,0.5,O,0,10,1.5,-8.5,L,23.5,10,-13.5,U,Houston,houston,Willie Fritz,2024,34.5,Underdog,W,U
2024,2024-09-21T16:00:00.000Z,Bob Chesney,UCLA,James Madison,North Carolina,Away,70,50,-19.5,0.5,W,48.5,120,71.5,O,53,21,6.5,38.5,W,24.5,74,49.5,O,17,29,6.5,-5.5,L,22.5,46,23.5,O,UCLA,ucla,Bob Chesney,2024,-19.5,Favorite,W,O
2024,2024-09-21T16:00:00.000Z,Neal Brown,North Texas,West Virginia,Kansas,Home,32,28,-4.0,0.0,P,51.5,60,8.5,O,14,7,-0.5,6.5,W,27.5,21,-6.5,U,18,21,0.5,-2.5,L,27.5,39,11.5,O,North Texas,north texas,Neal Brown,2024,-4.0,Favorite,P,O
2024,2024-09-21T16:00:00.000Z,Lance Leipold,Kansas,Kansas,West Virginia,Away,28,32,4.0,0.0,P,51.5,60,8.5,O,7,14,0.5,-6.5,L,27.5,21,-6.5,U,21,18,-0.5,2.5,W,27.5,39,11.5,O,Kansas,kansas,Lance Leipold,2024,4.0,Underdog,P,O
2024,2024-09-21T16:00:00.000Z,Ryan Day,Ohio State,Ohio State,Marshall,Home,49,14,-35.5,-0.5,L,64.5,63,-1.5,U,28,14,-24.5,-10.5,L,30.5,42,11.5,O,21,0,-17.5,3.5,W,21.5,21,-0.5,U,Ohio State,ohio state,Ryan Day,2024,-35.5,Favorite,L,U
2024,2024-09-21T16:00:00.000Z,Charles Huff,Memphis,Marshall,Ohio State,Away,14,49,35.5,0.5,W,64.5,63,-1.5,U,14,28,24.5,10.5,W,30.5,42,11.5,O,0,21,17.5,-3.5,L,21.5,21,-0.5,U,Memphis,memphis,Charles Huff,2024,35.5,Underdog,W,U
2024,2024-09-21T16:00:00.000Z,Dabo Swinney,Clemson,Clemson,NC State,Home,59,35,-30.5,-6.5,L,87.5,94,6.5,O,45,7,-10.5,27.5,W,23.5,52,28.5,O,14,28,-7.5,-21.5,L,20.5,42,21.5,O,Clemson,clemson,Dabo Swinney,2024,-30.5,Favorite,L,O
2024,2024-09-21T16:00:00.000Z,Dave Doeren,NC State,NC State,Clemson,Away,35,59,30.5,6.5,W,87.5,94,6.5,O,7,45,10.5,-27.5,L,23.5,52,28.5,O,28,14,7.5,21.5,W,20.5,42,21.5,O,NC State,nc state,Dave Doeren,2024,30.5,Underdog,W,O
2024,2024-09-21T16:00:00.000Z,Jeff Monken,Army,Army,Rice,Home,37,14,-23.5,-0.5,L,52.5,51,-1.5,U,28,0,-4.0,24.0,W,21.5,28,6.5,O,9,14,-3.5,-8.5,L,21.5,23,1.5,O,Army,army,Jeff Monken,2024,-23.5,Favorite,L,U
2024,2024-09-21T16:00:00.000Z,Michael Desormeaux,Louisiana,Louisiana,Tulane,Home,33,41,7.5,-0.5,L,79.5,74,-5.5,U,13,17,0.5,-3.5,L,26.5,30,3.5,O,20,24,0.5,-3.5,L,26.5,44,17.5,O,Louisiana,louisiana,Michael Desormeaux,2024,7.5,Underdog,L,U
2024,2024-09-21T16:00:00.000Z,Jon Sumrall,Florida,Tulane,Louisiana,Away,41,33,-7.5,0.5,W,79.5,74,-5.5,U,17,13,-0.5,3.5,W,26.5,30,3.5,O,24,20,-0.5,3.5,W,26.5,44,17.5,O,Florida,florida,Jon Sumrall,2024,-7.5,Favorite,W,U
2024,2024-09-21T16:00:00.000Z,Mike Locksley,Maryland,Maryland,Villanova,Home,38,20,-19.5,-1.5,L,54.5,58,3.5,O,24,0,-9.5,14.5,W,24.0,24,0.0,P,14,20,-3.5,-9.5,L,32.5,34,1.5,O,Maryland,maryland,Mike Locksley,2024,-19.5,Favorite,L,O
2024,2024-09-21T16:45:00.000Z,Tim Albin,Charlotte,Ohio,Kentucky,Away,6,41,34.5,-0.5,L,46.5,47,0.5,O,0,17,10.5,-6.5,L,22.5,17,-5.5,U,6,24,11.5,-6.5,L,25.5,30,4.5,O,Charlotte,charlotte,Tim Albin,2024,34.5,Underdog,L,O
2024,2024-09-21T18:00:00.000Z,Matt Campbell,Penn State,Iowa State,Arkansas St.,Home,52,7,-38.5,6.5,W,52.5,59,6.5,O,31,0,-11.5,19.5,W,27.5,31,3.5,O,21,7,-8.5,5.5,W,24.5,28,3.5,O,Penn State,penn state,Matt Campbell,2024,-38.5,Favorite,W,O
2024,2024-09-21T18:00:00.000Z,Butch Jones,Arkansas State,Arkansas State,Iowa State,Away,7,52,38.5,-6.5,L,52.5,59,6.5,O,0,31,11.5,-19.5,L,27.5,31,3.5,O,7,21,8.5,-5.5,L,24.5,28,3.5,O,Arkansas State,arkansas state,Butch Jones,2024,38.5,Underdog,L,O
2024,2024-09-21T18:00:00.000Z,Chris Creighton,Eastern Michigan,Eastern Michigan,St Francis (PA),Home,36,0,-40.5,-4.5,L,39.5,36,-3.5,U,13,0,-14.5,-1.5,L,23.5,13,-10.5,U,23,0,-25.5,-2.5,L,26.5,23,-3.5,U,Eastern Michigan,eastern michigan,Chris Creighton,2024,-40.5,Favorite,L,U
2024,2024-09-21T18:00:00.000Z,Tony Elliott,Virginia,Virginia,Coastal Carolina,Away,43,24,-19.5,-0.5,L,71.0,67,-4.0,U,27,10,-2.5,14.5,W,26.5,37,10.5,O,16,14,-1.5,0.5,W,25.5,30,4.5,O,Virginia,virginia,Tony Elliott,2024,-19.5,Favorite,L,U
2024,2024-09-21T19:00:00.000Z,Jeff Choate,Nevada,Nevada,Eastern Washington,Home,49,16,-28.5,4.5,W,55.5,65,9.5,O,21,3,-7.0,11.0,W,27.5,24,-3.5,U,28,13,-11.5,3.5,W,40.5,41,0.5,O,Nevada,nevada,Jeff Choate,2024,-28.5,Favorite,W,O
2024,2024-09-21T19:00:00.000Z,Rich Rodriguez,West Virginia,Jacksonville State,Southern Miss,Home,44,7,-36.5,0.5,W,52.5,51,-1.5,U,21,7,-3.5,10.5,W,30.5,28,-2.5,U,23,0,-3.5,19.5,W,30.5,23,-7.5,U,West Virginia,west virginia,Rich Rodriguez,2024,-36.5,Favorite,W,U
2024,2024-09-21T19:00:00.000Z,Will Hall,Tulane,Southern Miss,Jacksonville State Gamecocks,Away,7,44,36.5,-0.5,L,52.5,51,-1.5,U,7,21,3.5,-10.5,L,30.5,28,-2.5,U,0,23,3.5,-19.5,L,30.5,23,-7.5,U,Tulane,tulane,Will Hall,2024,36.5,Underdog,L,U
2024,2024-09-21T19:30:00.000Z,Joey McGuire,Texas Tech,Texas Tech,Arizona St.,Home,30,22,-13.5,-5.5,L,47.0,52,5.0,O,17,10,-2.5,4.5,W,29.5,27,-2.5,U,13,12,-0.5,0.5,W,28.5,25,-3.5,U,Texas Tech,texas tech,Joey McGuire,2024,-13.5,Favorite,L,O
2024,2024-09-21T19:30:00.000Z,Kenny Dillingham,Arizona State,Arizona State,Texas Tech,Away,22,30,13.5,5.5,W,47.0,52,5.0,O,10,17,2.5,-4.5,L,29.5,27,-2.5,U,12,13,0.5,-0.5,L,28.5,25,-3.5,U,Arizona State,arizona state,Kenny Dillingham,2024,13.5,Underdog,W,O
2024,2024-09-21T19:30:00.000Z,Pete Lembo,Buffalo,Buffalo,Northern Illinois,Away,23,20,13.0,16.0,W,43.0,43,0.0,P,3,14,7.5,-3.5,L,22.5,17,-5.5,U,20,6,6.5,20.5,W,20.5,26,5.5,O,Buffalo,buffalo,Pete Lembo,2024,13.0,Underdog,W,P
2024,2024-09-21T19:30:00.000Z,Jeff Brohm,Louisville,Louisville,Georgia Tech,Home,31,19,-10.0,2.0,W,56.5,50,-6.5,U,17,14,-6.5,-3.5,L,28.5,31,2.5,O,14,5,-4.5,4.5,W,27.5,19,-8.5,U,Louisville,louisville,Jeff Brohm,2024,-10.0,Favorite,W,U
2024,2024-09-21T19:30:00.000Z,Brent Key,Georgia Tech,Georgia Tech,Louisville,Away,19,31,10.0,-2.0,L,56.5,50,-6.5,U,14,17,6.5,3.5,W,28.5,31,2.5,O,5,14,4.5,-4.5,L,27.5,19,-8.5,U,Georgia Tech,georgia tech,Brent Key,2024,10.0,Underdog,L,U
2024,2024-09-21T19:30:00.000Z,Jeff Traylor,UTSA,UTSA,Houston Christian,Home,45,7,-38.5,-0.5,L,52.5,52,-0.5,U,31,7,-22.5,1.5,W,30.5,38,7.5,O,14,0,-14.5,-0.5,L,17.5,14,-3.5,U,UTSA,utsa,Jeff Traylor,2024,-38.5,Favorite,L,U
2024,2024-09-21T19:30:00.000Z,James Franklin,Virginia Tech,Penn State,Kent State,Home,56,0,-54.5,1.5,W,53.5,56,2.5,O,28,0,-29.5,-1.5,L,31.5,28,-3.5,U,28,0,-20.5,7.5,W,22.5,28,5.5,O,Virginia Tech,virginia tech,James Franklin,2024,-54.5,Favorite,W,O
2024,2024-09-21T19:30:00.000Z,Brian Newberry,Navy,Navy,Memphis,Home,56,44,-9.5,2.5,W,90.5,100,9.5,O,28,17,4.5,15.5,W,24.5,45,20.5,O,28,27,4.5,5.5,W,23.5,55,31.5,O,Navy,navy,Brian Newberry,2024,-9.5,Favorite,W,O
2024,2024-09-21T19:30:00.000Z,Ryan Silverfield,Arkansas,Memphis,Navy,Away,44,56,9.5,-2.5,L,90.5,100,9.5,O,17,28,-4.5,-15.5,L,24.5,45,20.5,O,27,28,-4.5,-5.5,L,23.5,55,31.5,O,Arkansas,arkansas,Ryan Silverfield,2024,9.5,Underdog,L,O
2024,2024-09-21T19:30:00.000Z,Marcus Freeman,Notre Dame,Notre Dame,Miami (OH),Home,28,3,-26.5,-1.5,L,32.5,31,-1.5,U,14,3,-15.5,-4.5,L,23.5,17,-6.5,U,14,0,-11.5,2.5,W,19.5,14,-5.5,U,Notre Dame,notre dame,Marcus Freeman,2024,-26.5,Favorite,L,U
2024,2024-09-21T19:30:00.000Z,Chuck Martin,Miami-OH,Miami-OH,Notre Dame,Away,3,28,26.5,1.5,W,32.5,31,-1.5,U,3,14,15.5,4.5,W,23.5,17,-6.5,U,0,14,11.5,-2.5,L,19.5,14,-5.5,U,Miami-OH,miami-oh,Chuck Martin,2024,26.5,Underdog,W,U
2024,2024-09-21T19:30:00.000Z,Greg Schiano,Rutgers,Rutgers,Virginia Tech,Away,26,23,-4.5,-1.5,L,44.5,49,4.5,O,16,7,2.5,11.5,W,21.5,23,1.5,O,10,16,1.5,-4.5,L,23.5,26,2.5,O,Rutgers,rutgers,Greg Schiano,2024,-4.5,Favorite,L,O
2024,2024-09-21T19:30:00.000Z,Lincoln Riley,USC,USC,Michigan,Away,24,27,-3.5,-6.5,L,44.5,51,6.5,O,3,14,-2.5,-13.5,L,21.5,17,-4.5,U,21,13,-2.5,5.5,W,21.5,34,12.5,O,USC,usc,Lincoln Riley,2024,-3.5,Favorite,L,O
2024,2024-09-21T19:30:00.000Z,Pat Narduzzi,Pittsburgh,Pittsburgh,Youngstown State,Home,73,17,-49.5,6.5,W,84.5,90,5.5,O,42,10,-15.5,16.5,W,31.5,52,20.5,O,31,7,-17.5,6.5,W,31.5,38,6.5,O,Pittsburgh,pittsburgh,Pat Narduzzi,2024,-49.5,Favorite,W,O
2024,2024-09-21T20:00:00.000Z,Derek Mason,Middle Tennessee,Middle Tennessee,Duke,Home,17,45,14.5,-13.5,L,51.5,62,10.5,O,10,35,7.5,-17.5,L,26.5,45,18.5,O,7,10,7.0,4.0,W,24.0,17,-7.0,U,Middle Tennessee,middle tennessee,Derek Mason,2024,14.5,Underdog,L,O
2024,2024-09-21T20:00:00.000Z,Manny Diaz,Duke,Duke,Middle Tennessee St.,Away,45,17,-14.5,13.5,W,51.5,62,10.5,O,35,10,-7.5,17.5,W,26.5,45,18.5,O,10,7,-7.0,-4.0,L,24.0,17,-7.0,U,Duke,duke,Manny Diaz,2024,-14.5,Favorite,W,O
2024,2024-09-21T20:00:00.000Z,Kyle Whittingham,Michigan,Utah,Oklahoma St.,Away,22,19,-4.5,-1.5,L,39.5,41,1.5,O,10,3,1.5,8.5,W,26.5,13,-13.5,U,12,16,-0.5,-4.5,L,26.5,28,1.5,O,Michigan,michigan,Kyle Whittingham,2024,-4.5,Favorite,L,O
2024,2024-09-21T20:15:00.000Z,Eli Drinkwitz,Missouri,Missouri,Vanderbilt,Home,30,27,2.5,5.5,W,48.5,57,8.5,O,10,13,-10.5,-13.5,L,27.5,23,-4.5,U,20,14,-8.5,-2.5,L,26.0,34,8.0,O,Missouri,missouri,Eli Drinkwitz,2024,2.5,Underdog,W,O
2024,2024-09-21T20:15:00.000Z,Clark Lea,Vanderbilt,Vanderbilt,Missouri,Away,27,30,-2.5,-5.5,L,48.5,57,8.5,O,13,10,10.5,13.5,W,27.5,23,-4.5,U,14,20,8.5,2.5,W,26.0,34,8.0,O,Vanderbilt,vanderbilt,Clark Lea,2024,-2.5,Favorite,L,O
2024,2024-09-21T21:00:00.000Z,Rhett Lashlee,SMU,SMU,TCU,Home,66,42,-24.5,-0.5,L,58.5,108,49.5,O,41,21,0.5,20.5,W,28.5,62,33.5,O,25,21,-0.5,3.5,W,28.5,46,17.5,O,SMU,smu,Rhett Lashlee,2024,-24.5,Favorite,L,O
2024,2024-09-21T21:00:00.000Z,Sonny Dykes,TCU,TCU,SMU,Away,42,66,24.5,0.5,W,58.5,108,49.5,O,21,41,-0.5,-20.5,L,28.5,62,33.5,O,21,25,0.5,-3.5,L,28.5,46,17.5,O,TCU,tcu,Sonny Dykes,2024,24.5,Underdog,W,O
2024,2024-09-21T21:00:00.000Z,Scotty Walden,UTEP,UTEP,Colorado State,Away,17,27,10.5,0.5,W,43.5,44,0.5,O,3,14,5.5,-5.5,L,24.5,17,-7.5,U,14,13,3.5,4.5,W,23.5,27,3.5,O,UTEP,utep,Scotty Walden,2024,10.5,Underdog,W,O
2024,2024-09-21T22:00:00.000Z,Jamey Chadwell,Liberty,Liberty,East Carolina,Home,35,24,-7.5,3.5,W,54.5,59,4.5,O,7,17,-4.5,-14.5,L,27.5,24,-3.5,U,28,7,-3.5,17.5,W,27.5,35,7.5,O,Liberty,liberty,Jamey Chadwell,2024,-7.5,Favorite,W,O
2024,2024-09-21T23:00:00.000Z,Mike Norvell,Florida State,Florida State,California,Home,14,9,-4.5,0.5,W,23.5,23,-0.5,U,7,6,-0.5,0.5,W,21.5,13,-8.5,U,7,3,-0.5,3.5,W,22.5,10,-12.5,U,Florida State,florida state,Mike Norvell,2024,-4.5,Favorite,W,U
2024,2024-09-21T23:00:00.000Z,Gerad Parker,Troy,Troy,Florida A&M,Home,34,12,-22.5,-0.5,L,49.5,46,-3.5,U,14,9,-11.5,-6.5,L,26.5,23,-3.5,U,20,3,-17.5,-0.5,L,29.5,23,-6.5,U,Troy,troy,Gerad Parker,2024,-22.5,Favorite,L,U
2024,2024-09-21T23:00:00.000Z,Jim Mora,Colorado State,Connecticut,Florida Atl.,Home,48,14,-34.5,-0.5,L,62.5,62,-0.5,U,17,0,-0.5,16.5,W,22.5,17,-5.5,U,31,14,0.5,17.5,W,21.5,45,23.5,O,Colorado State,colorado state,Jim Mora,2024,-34.5,Favorite,L,U
2024,2024-09-21T23:00:00.000Z,Alex Golesh,Auburn,South Florida,Miami Hurricanes,Home,15,50,34.5,-0.5,L,64.5,65,0.5,O,15,22,9.5,2.5,W,33.5,37,3.5,O,0,28,7.5,-20.5,L,30.5,28,-2.5,U,Auburn,auburn,Alex Golesh,2024,34.5,Underdog,L,O
2024,2024-09-21T23:00:00.000Z,Mario Cristobal,Miami-FL,Miami-FL,South Florida,Away,50,15,-34.5,0.5,W,64.5,65,0.5,O,22,15,-9.5,-2.5,L,33.5,37,3.5,O,28,0,-7.5,20.5,W,30.5,28,-2.5,U,Miami-FL,miami-fl,Mario Cristobal,2024,-34.5,Favorite,W,O
2024,2024-09-21T23:00:00.000Z,Tony Sanchez,New Mexico State,New Mexico State,Sam Houston State Bearkats,Away,11,31,20.5,0.5,W,37.5,42,4.5,O,3,21,8.5,-9.5,L,22.5,24,1.5,O,8,10,7.0,5.0,W,20.0,18,-2.0,U,New Mexico State,new mexico state,Tony Sanchez,2024,20.5,Underdog,W,O
2024,2024-09-21T23:00:00.000Z,Jedd Fisch,Washington,Washington,Northwestern,Home,24,5,-11.5,7.5,W,42.5,29,-13.5,U,17,2,-6.5,8.5,W,21.5,19,-2.5,U,7,3,-5.5,-1.5,L,20.5,10,-10.5,U,Washington,washington,Jedd Fisch,2024,-11.5,Favorite,W,U
2024,2024-09-21T23:00:00.000Z,David Braun,Northwestern,Northwestern,Washington,Away,5,24,11.5,-7.5,L,42.5,29,-13.5,U,2,17,6.5,-8.5,L,21.5,19,-2.5,U,3,7,5.5,1.5,W,20.5,10,-10.5,U,Northwestern,northwestern,David Braun,2024,11.5,Underdog,L,U
2024,2024-09-21T23:00:00.000Z,Tyson Helton,Western Kentucky,Western Kentucky,Toledo,Home,26,21,-4.5,0.5,W,47.5,47,-0.5,U,7,14,0.5,-6.5,L,29.5,21,-8.5,U,19,7,0.0,12.0,W,29.5,26,-3.5,U,Western Kentucky,western kentucky,Tyson Helton,2024,-4.5,Favorite,W,U
2024,2024-09-21T23:00:00.000Z,Jason Candle,Connecticut,Toledo,Western Kentucky,Away,21,26,4.5,-0.5,L,47.5,47,-0.5,U,14,7,-0.5,6.5,W,29.5,21,-8.5,U,7,19,0.0,-12.0,L,29.5,26,-3.5,U,Connecticut,connecticut,Jason Candle,2024,4.5,Underdog,L,U
2024,2024-09-21T23:00:00.000Z,Sonny Cumbie,Louisiana Tech,Louisiana Tech,Tulsa,Home,20,23,2.5,-0.5,L,36.5,43,6.5,O,7,10,-1.5,-4.5,L,27.5,17,-10.5,U,13,13,-0.5,-0.5,L,24.5,26,1.5,O,Louisiana Tech,louisiana tech,Sonny Cumbie,2024,2.5,Underdog,L,O
2024,2024-09-21T23:00:00.000Z,Eric Morris,Oklahoma State,North Texas,Wyoming,Home,44,17,-25.5,1.5,W,72.5,61,-11.5,U,27,17,-3.5,6.5,W,27.5,44,16.5,O,17,0,-3.5,13.5,W,27.5,17,-10.5,U,Oklahoma State,oklahoma state,Eric Morris,2024,-25.5,Favorite,W,U
2024,2024-09-21T23:00:00.000Z,Jay Sawvel,Wyoming,Wyoming,North Texas,Away,17,44,25.5,-1.5,L,72.5,61,-11.5,U,17,27,3.5,-6.5,L,27.5,44,16.5,O,0,17,3.5,-13.5,L,27.5,17,-10.5,U,Wyoming,wyoming,Jay Sawvel,2024,25.5,Underdog,L,U
2024,2024-09-21T23:30:00.000Z,Shane Beamer,South Carolina,South Carolina,Akron,Home,50,7,-43.5,-0.5,L,56.5,57,0.5,O,22,7,-14.5,0.5,W,23.5,29,5.5,O,28,0,-10.5,17.5,W,21.5,28,6.5,O,South Carolina,south carolina,Shane Beamer,2024,-43.5,Favorite,L,O
2024,2024-09-21T23:30:00.000Z,Joe Moorhead,Akron,Akron,South Carolina,Away,7,50,43.5,0.5,W,56.5,57,0.5,O,7,22,14.5,-0.5,L,23.5,29,5.5,O,0,28,10.5,-17.5,L,21.5,28,6.5,O,Akron,akron,Joe Moorhead,2024,43.5,Underdog,W,O
2024,2024-09-21T23:30:00.000Z,Mike Elko,Texas A&M,Texas A&M,Bowling Green,Home,26,20,-2.5,3.5,W,49.5,46,-3.5,U,13,3,-13.5,-3.5,L,27.5,16,-11.5,U,13,17,-8.5,-12.5,L,23.5,30,6.5,O,Texas A&M,texas a&m,Mike Elko,2024,-2.5,Favorite,W,U
2024,2024-09-21T23:30:00.000Z,Kirk Ferentz,Iowa,Iowa,Minnesota,Away,31,14,-18.5,-1.5,L,46.5,45,-1.5,U,7,14,-0.5,-7.5,L,17.0,21,4.0,O,24,0,-24.5,-0.5,L,26.5,24,-2.5,U,Iowa,iowa,Kirk Ferentz,2024,-18.5,Favorite,L,U
2024,2024-09-21T23:30:00.000Z,Brent Venables,Oklahoma,Oklahoma,Tennessee,Home,15,25,6.5,-3.5,L,57.0,40,-17.0,U,3,19,3.5,-12.5,L,28.5,22,-6.5,U,12,6,3.5,9.5,W,27.5,18,-9.5,U,Oklahoma,oklahoma,Brent Venables,2024,6.5,Underdog,L,U
2024,2024-09-21T23:30:00.000Z,Josh Heupel,Tennessee,Tennessee,Oklahoma,Away,25,15,-6.5,3.5,W,57.0,40,-17.0,U,19,3,-3.5,12.5,W,28.5,22,-6.5,U,6,12,-3.5,-9.5,L,27.5,18,-9.5,U,Tennessee,tennessee,Josh Heupel,2024,-6.5,Favorite,W,U
2024,2024-09-21T23:45:00.000Z,Lane Kiffin,LSU,Ole Miss,Georgia Southern,Home,52,13,-41.5,-2.5,L,65.5,65,-0.5,U,24,7,-21.5,-4.5,L,37.5,31,-6.5,U,28,6,-13.5,8.5,W,30.5,34,3.5,O,LSU,lsu,Lane Kiffin,2024,-41.5,Favorite,L,U
2024,2024-09-21T23:45:00.000Z,Clay Helton,Georgia Southern,Georgia Southern,Ole Miss,Away,13,52,41.5,2.5,W,65.5,65,-0.5,U,7,24,21.5,4.5,W,37.5,31,-6.5,U,6,28,13.5,-8.5,L,30.5,34,3.5,O,Georgia Southern,georgia southern,Clay Helton,2024,41.5,Underdog,W,U
2024,2024-09-22T00:00:00.000Z,Deion Sanders,Colorado,Colorado,Baylor,Home,38,31,-3.5,3.5,W,61.5,69,7.5,O,17,24,-0.5,-7.5,L,24.5,41,16.5,O,21,7,1.5,15.5,W,25.5,28,2.5,O,Colorado,colorado,Deion Sanders,2024,-3.5,Favorite,W,O
2024,2024-09-22T00:00:00.000Z,Dave Aranda,Baylor,Baylor,Colorado,Away,31,38,3.5,-3.5,L,61.5,69,7.5,O,24,17,0.5,7.5,W,24.5,41,16.5,O,7,21,-1.5,-15.5,L,25.5,28,2.5,O,Baylor,baylor,Dave Aranda,2024,3.5,Underdog,L,O
2024,2024-09-22T00:00:00.000Z,Bill O'Brien,Boston College,Boston College,Michigan State,Home,23,19,2.5,6.5,W,35.5,42,6.5,O,6,13,-3.5,-10.5,L,23.5,19,-4.5,U,17,6,-2.5,8.5,W,22.5,23,0.5,O,Boston College,boston college,Bill O'Brien,2024,2.5,Underdog,W,O
2024,2024-09-22T00:00:00.000Z,Steve Sarkisian,Texas,Texas,ULM,Home,51,3,-48.5,-0.5,L,56.5,54,-2.5,U,28,3,-27.5,-2.5,L,31.0,31,0.0,P,23,0,-23.5,-0.5,L,23.5,23,-0.5,U,Texas,texas,Steve Sarkisian,2024,-48.5,Favorite,L,U
2024,2024-09-22T00:00:00.000Z,Bryant Vincent,UL-Monroe,UL-Monroe,Texas,Away,3,51,48.5,0.5,W,56.5,54,-2.5,U,3,28,27.5,2.5,W,31.0,31,0.0,P,0,23,23.5,0.5,W,23.5,23,-0.5,U,UL-Monroe,ul-monroe,Bryant Vincent,2024,48.5,Underdog,W,U
2024,2024-09-22T00:30:00.000Z,Bronco Mendenhall,Utah State,New Mexico,Fresno St.,Home,21,38,17.5,0.5,W,62.5,59,-3.5,U,10,25,6.5,-8.5,L,30.5,35,4.5,O,11,13,6.5,4.5,W,28.5,24,-4.5,U,Utah State,utah state,Bronco Mendenhall,2024,17.5,Underdog,W,U
2024,2024-09-22T01:45:00.000Z,Spencer Danielson,Boise State,Boise State,Portland State,Home,56,14,-42.5,-0.5,L,70.5,70,-0.5,U,28,7,-26.0,-5.0,L,38.0,35,-3.0,U,28,7,-20.5,0.5,W,35.5,35,-0.5,U,Boise State,boise state,Spencer Danielson,2024,-42.5,Favorite,L,U
2024,2024-09-22T02:30:00.000Z,Kalani Sitake,BYU,BYU,Kansas St.,Home,38,9,-28.5,0.5,W,47.5,47,-0.5,U,17,6,3.5,14.5,W,23.5,23,-0.5,U,21,3,3.5,21.5,W,24.5,24,-0.5,U,BYU,byu,Kalani Sitake,2024,-28.5,Favorite,W,U
2024,2024-09-22T04:00:00.000Z,Timmy Chang,Hawaii,Hawaii,Northern Iowa,Home,36,7,-29.5,-0.5,L,43.5,43,-0.5,U,22,7,-4.5,10.5,W,24.0,29,5.0,O,14,0,-14.5,-0.5,L,14.5,14,-0.5,U,Hawaii,hawaii,Timmy Chang,2024,-29.5,Favorite,L,U
2024,2024-09-26T23:30:00.000Z,Jeff Monken,Army,Army,Temple,Away,42,14,-30.5,-2.5,L,56.5,56,-0.5,U,14,0,-6.5,7.5,W,23.5,14,-9.5,U,28,14,-6.5,7.5,W,21.0,42,21.0,O,Army,army,Jeff Monken,2024,-30.5,Favorite,L,U
2024,2024-09-27T23:30:00.000Z,Mario Cristobal,Miami-FL,Miami-FL,Virginia Tech,Home,38,34,-3.5,0.5,W,72.5,72,-0.5,U,17,24,-9.5,-16.5,L,27.5,41,13.5,O,21,10,-10.5,0.5,W,31.5,31,-0.5,U,Miami-FL,miami-fl,Mario Cristobal,2024,-3.5,Favorite,W,U
2024,2024-09-28T00:00:00.000Z,Greg Schiano,Rutgers,Rutgers,Washington,Home,21,18,-2.5,0.5,W,33.5,39,5.5,O,14,3,-0.5,10.5,W,22.5,17,-5.5,U,7,15,3.0,-5.0,L,22.5,22,-0.5,U,Rutgers,rutgers,Greg Schiano,2024,-2.5,Favorite,W,O
2024,2024-09-28T00:00:00.000Z,Jedd Fisch,Washington,Washington,Rutgers,Away,18,21,2.5,-0.5,L,33.5,39,5.5,O,3,14,0.5,-10.5,L,22.5,17,-5.5,U,15,7,-3.0,5.0,W,22.5,22,-0.5,U,Washington,washington,Jedd Fisch,2024,2.5,Underdog,L,O
2024,2024-09-28T16:00:00.000Z,Dave Aranda,Baylor,Baylor,BYU,Home,28,34,4.5,-1.5,L,68.5,62,-6.5,U,14,31,-1.5,-18.5,L,23.5,45,21.5,O,14,3,-11.5,-0.5,L,23.5,17,-6.5,U,Baylor,baylor,Dave Aranda,2024,4.5,Underdog,L,U
2024,2024-09-28T16:00:00.000Z,Kalani Sitake,BYU,BYU,Baylor,Away,34,28,-4.5,1.5,W,68.5,62,-6.5,U,31,14,1.5,18.5,W,23.5,45,21.5,O,3,14,11.5,0.5,W,23.5,17,-6.5,U,BYU,byu,Kalani Sitake,2024,-4.5,Favorite,W,U
2024,2024-09-28T16:00:00.000Z,Jim Mora,Colorado State,Connecticut,Buffalo,Home,47,3,-44.5,-0.5,L,52.5,50,-2.5,U,23,3,-3.5,16.5,W,22.5,26,3.5,O,24,0,-24.5,-0.5,L,24.5,24,-0.5,U,Colorado State,colorado state,Jim Mora,2024,-44.5,Favorite,L,U
2024,2024-09-28T16:00:00.000Z,Pete Lembo,Buffalo,Buffalo,UConn,Away,3,47,44.5,0.5,W,52.5,50,-2.5,U,3,23,3.5,-16.5,L,22.5,26,3.5,O,0,24,24.5,0.5,W,24.5,24,-0.5,U,Buffalo,buffalo,Pete Lembo,2024,44.5,Underdog,W,U
2024,2024-09-28T16:00:00.000Z,Fran Brown,Syracuse,Syracuse,Holy Cross,Home,42,14,-27.5,0.5,W,58.5,56,-2.5,U,28,14,-17.0,-3.0,L,32.5,42,9.5,O,14,0,-14.5,-0.5,L,14.5,14,-0.5,U,Syracuse,syracuse,Fran Brown,2024,-27.5,Favorite,W,U
2024,2024-09-28T16:00:00.000Z,Lane Kiffin,LSU,Ole Miss,Kentucky,Home,17,20,2.5,-0.5,L,32.5,37,4.5,O,7,10,-9.5,-12.5,L,27.5,17,-10.5,U,10,10,-8.5,-8.5,L,19.5,20,0.5,O,LSU,lsu,Lane Kiffin,2024,2.5,Underdog,L,O
2024,2024-09-28T16:00:00.000Z,Curt Cignetti,Indiana,Indiana,Maryland,Home,42,28,-16.5,-2.5,L,72.5,70,-2.5,U,14,7,-3.5,3.5,W,24.5,21,-3.5,U,28,21,-3.5,3.5,W,42.5,49,6.5,O,Indiana,indiana,Curt Cignetti,2024,-16.5,Favorite,L,U
2024,2024-09-28T16:00:00.000Z,Mike Locksley,Maryland,Maryland,Indiana,Away,28,42,16.5,2.5,W,72.5,70,-2.5,U,7,14,3.5,-3.5,L,24.5,21,-3.5,U,21,28,3.5,-3.5,L,42.5,49,6.5,O,Maryland,maryland,Mike Locksley,2024,16.5,Underdog,W,U
2024,2024-09-28T16:00:00.000Z,Brian Newberry,Navy,Navy,UAB,Away,41,18,-22.5,0.5,W,62.5,59,-3.5,U,21,3,-2.5,15.5,W,28.5,24,-4.5,U,20,15,-2.0,3.0,W,23.5,35,11.5,O,Navy,navy,Brian Newberry,2024,-22.5,Favorite,W,U
2024,2024-09-28T16:00:00.000Z,Matt Rhule,Nebraska,Nebraska,Purdue,Away,28,10,-24.5,-6.5,L,32.5,38,5.5,O,0,0,-6.5,-6.5,L,23.5,0,-23.5,U,28,10,-4.5,13.5,W,26.5,38,11.5,O,Nebraska,nebraska,Matt Rhule,2024,-24.5,Favorite,L,O
2024,2024-09-28T16:00:00.000Z,Dave Doeren,NC State,NC State,Northern Illinois,Home,24,17,-5.5,1.5,W,46.5,41,-5.5,U,17,14,-4.5,-1.5,L,23.5,31,7.5,O,7,3,-3.5,0.5,W,16.5,10,-6.5,U,NC State,nc state,Dave Doeren,2024,-5.5,Favorite,W,U
2024,2024-09-28T16:00:00.000Z,Jon Sumrall,Florida,Tulane,South Florida,Home,45,10,-41.5,-6.5,L,61.5,55,-6.5,U,31,7,-3.0,21.0,W,30.5,38,7.5,O,14,3,-12.5,-1.5,L,24.5,17,-7.5,U,Florida,florida,Jon Sumrall,2024,-41.5,Favorite,L,U
2024,2024-09-28T16:00:00.000Z,Alex Golesh,Auburn,South Florida,Tulane,Away,10,45,41.5,6.5,W,61.5,55,-6.5,U,7,31,3.0,-21.0,L,30.5,38,7.5,O,3,14,12.5,1.5,W,24.5,17,-7.5,U,Auburn,auburn,Alex Golesh,2024,41.5,Underdog,W,U
2024,2024-09-28T16:00:00.000Z,Bill O'Brien,Boston College,Boston College,Western Kentucky,Home,21,20,-1.5,-0.5,L,41.5,41,-0.5,U,7,17,-4.5,-14.5,L,24.5,24,-0.5,U,14,3,-3.5,7.5,W,16.5,17,0.5,O,Boston College,boston college,Bill O'Brien,2024,-1.5,Favorite,L,U
2024,2024-09-28T16:00:00.000Z,Tyson Helton,Western Kentucky,Western Kentucky,Boston College,Away,20,21,1.5,0.5,W,41.5,41,-0.5,U,17,7,4.5,14.5,W,24.5,24,-0.5,U,3,14,3.5,-7.5,L,16.5,17,0.5,O,Western Kentucky,western kentucky,Tyson Helton,2024,1.5,Underdog,W,U
2024,2024-09-28T17:30:00.000Z,Bob Chesney,UCLA,James Madison,Ball State,Home,63,7,-54.5,1.5,W,69.5,70,0.5,O,29,7,-12.5,9.5,W,30.5,36,5.5,O,34,0,-9.5,24.5,W,30.5,34,3.5,O,UCLA,ucla,Bob Chesney,2024,-54.5,Favorite,W,O
2024,2024-09-28T19:30:00.000Z,Tim Albin,Charlotte,Ohio,Akron,Home,30,10,-19.5,0.5,W,39.5,40,0.5,O,14,10,-6.5,-2.5,L,23.5,24,0.5,O,16,0,-1.5,14.5,W,23.5,16,-7.5,U,Charlotte,charlotte,Tim Albin,2024,-19.5,Favorite,W,O
2024,2024-09-28T19:30:00.000Z,Joe Moorhead,Akron,Akron,Ohio,Away,10,30,19.5,-0.5,L,39.5,40,0.5,O,10,14,6.5,2.5,W,23.5,24,0.5,O,0,16,1.5,-14.5,L,23.5,16,-7.5,U,Akron,akron,Joe Moorhead,2024,19.5,Underdog,L,O
2024,2024-09-28T19:30:00.000Z,Mike Elko,Texas A&M,Texas A&M,Arkansas,Home,21,17,-4.5,-0.5,L,41.5,38,-3.5,U,14,14,-3.5,-3.5,L,26.5,28,1.5,O,7,3,-2.5,1.5,W,24.5,10,-14.5,U,Texas A&M,texas a&m,Mike Elko,2024,-4.5,Favorite,L,U
2024,2024-09-28T19:30:00.000Z,Deion Sanders,Colorado,Colorado,UCF,Away,48,21,-25.5,1.5,W,74.5,69,-5.5,U,27,14,7.5,20.5,W,31.5,41,9.5,O,21,7,6.5,20.5,W,27.5,28,0.5,O,Colorado,colorado,Deion Sanders,2024,-25.5,Favorite,W,U
2024,2024-09-28T19:30:00.000Z,Chris Creighton,Eastern Michigan,Eastern Michigan,Kent State,Away,52,33,-19.5,-0.5,L,85.5,85,-0.5,U,21,14,-7.5,-0.5,L,23.5,35,11.5,O,31,19,-6.5,5.5,W,44.5,50,5.5,O,Eastern Michigan,eastern michigan,Chris Creighton,2024,-19.5,Favorite,L,U
2024,2024-09-28T19:30:00.000Z,Barry Odom,Purdue,UNLV,Fresno St.,Home,59,14,-40.5,4.5,W,72.5,73,0.5,O,21,0,-0.5,20.5,W,24.5,21,-3.5,U,38,14,-16.5,7.5,W,48.5,52,3.5,O,Purdue,purdue,Barry Odom,2024,-40.5,Favorite,W,O
2024,2024-09-28T19:30:00.000Z,Clay Helton,Georgia Southern,Georgia Southern,Georgia St.,Away,38,21,-15.5,1.5,W,58.5,59,0.5,O,24,7,1.5,18.5,W,28.5,31,2.5,O,14,14,1.5,1.5,W,27.0,28,1.0,O,Georgia Southern,georgia southern,Clay Helton,2024,-15.5,Favorite,W,O
2024,2024-09-28T19:30:00.000Z,Jamey Chadwell,Liberty,Liberty,Appalachian St.,Away,0,0,-3.5,-3.5,L,62.5,0,-62.5,U,0,0,-2.5,-2.5,L,30.5,0,-30.5,U,0,0,-4.5,-4.5,L,35.5,0,-35.5,U,Liberty,liberty,Jamey Chadwell,2024,-3.5,Favorite,L,U
2024,2024-09-28T19:30:00.000Z,Michael Desormeaux,Louisiana,Louisiana,Wake Forest,Away,41,38,-2.5,0.5,W,75.5,79,3.5,O,21,17,2.5,6.5,W,30.5,38,7.5,O,20,21,1.0,0.0,P,31.0,41,10.0,O,Louisiana,louisiana,Michael Desormeaux,2024,-2.5,Favorite,W,O
2024,2024-09-28T19:30:00.000Z,Marcus Freeman,Notre Dame,Notre Dame,Louisville,Home,31,24,-6.5,0.5,W,55.5,55,-0.5,U,24,14,-3.5,6.5,W,23.5,38,14.5,O,7,10,-2.5,-5.5,L,23.0,17,-6.0,U,Notre Dame,notre dame,Marcus Freeman,2024,-6.5,Favorite,W,U
2024,2024-09-28T19:30:00.000Z,Jeff Brohm,Louisville,Louisville,Notre Dame,Away,24,31,6.5,-0.5,L,55.5,55,-0.5,U,14,24,3.5,-6.5,L,23.5,38,14.5,O,10,7,2.5,5.5,W,23.0,17,-6.0,U,Louisville,louisville,Jeff Brohm,2024,6.5,Underdog,L,U
2024,2024-09-28T19:30:00.000Z,Brent Venables,Oklahoma,Oklahoma,Auburn,Away,27,21,-4.5,1.5,W,40.5,48,7.5,O,7,14,0.5,-6.5,L,21.5,21,-0.5,U,20,7,0.5,13.5,W,19.5,27,7.5,O,Oklahoma,oklahoma,Brent Venables,2024,-4.5,Favorite,W,O
2024,2024-09-28T19:30:00.000Z,Sean Lewis,San Diego State,San Diego State,Central Michigan,Away,21,22,1.5,0.5,W,46.5,43,-3.5,U,21,13,0.5,8.5,W,24.5,34,9.5,O,0,9,0.5,-8.5,L,24.0,9,-15.0,U,San Diego State,san diego state,Sean Lewis,2024,1.5,Underdog,W,U
2024,2024-09-28T19:30:00.000Z,Lance Leipold,Kansas,Kansas,TCU,Home,27,38,8.5,-2.5,L,68.5,65,-3.5,U,17,21,-0.5,-4.5,L,28.5,38,9.5,O,10,17,0.5,-6.5,L,28.5,27,-1.5,U,Kansas,kansas,Lance Leipold,2024,8.5,Underdog,L,U
2024,2024-09-28T19:30:00.000Z,Sonny Dykes,TCU,TCU,Kansas,Away,38,27,-8.5,2.5,W,68.5,65,-3.5,U,21,17,0.5,4.5,W,28.5,38,9.5,O,17,10,-0.5,6.5,W,28.5,27,-1.5,U,TCU,tcu,Sonny Dykes,2024,-8.5,Favorite,W,U
2024,2024-09-28T19:30:00.000Z,Chuck Martin,Miami-OH,Miami-OH,UMass,Home,23,20,1.5,4.5,W,40.5,43,2.5,O,10,10,-9.5,-9.5,L,22.5,20,-2.5,U,13,10,-7.5,-4.5,L,20.5,23,2.5,O,Miami-OH,miami-oh,Chuck Martin,2024,1.5,Underdog,W,O
2024,2024-09-28T19:30:00.000Z,Charles Huff,Memphis,Marshall,Western Michigan,Home,27,20,-6.5,0.5,W,49.5,47,-2.5,U,17,3,-2.5,11.5,W,27.5,20,-7.5,U,10,17,-0.5,-7.5,L,23.5,27,3.5,O,Memphis,memphis,Charles Huff,2024,-6.5,Favorite,W,U
2024,2024-09-28T19:30:00.000Z,Lance Taylor,Western Michigan,Western Michigan,Marshall,Away,20,27,6.5,-0.5,L,49.5,47,-2.5,U,3,17,2.5,-11.5,L,27.5,20,-7.5,U,17,10,0.5,7.5,W,23.5,27,3.5,O,Western Michigan,western michigan,Lance Taylor,2024,6.5,Underdog,L,U
2024,2024-09-28T19:30:00.000Z,Lincoln Riley,USC,USC,Wisconsin,Home,38,21,-15.5,1.5,W,66.5,59,-7.5,U,10,21,-7.5,-18.5,L,26.5,31,4.5,O,28,0,-21.5,6.5,W,26.5,28,1.5,O,USC,usc,Lincoln Riley,2024,-15.5,Favorite,W,U
2024,2024-09-28T19:30:00.000Z,Luke Fickell,Wisconsin,Wisconsin,USC,Away,21,38,15.5,-1.5,L,66.5,59,-7.5,U,21,10,7.5,18.5,W,26.5,31,4.5,O,0,28,21.5,-6.5,L,26.5,28,1.5,O,Wisconsin,wisconsin,Luke Fickell,2024,15.5,Underdog,L,U
2024,2024-09-28T20:00:00.000Z,Manny Diaz,Duke,Duke,North Carolina,Home,21,20,1.5,2.5,W,41.5,41,-0.5,U,0,17,-0.5,-17.5,L,27.5,17,-10.5,U,21,3,0.5,18.5,W,24.5,24,-0.5,U,Duke,duke,Manny Diaz,2024,1.5,Underdog,W,U
2024,2024-09-28T20:00:00.000Z,Jeff Traylor,UTSA,UTSA,East Carolina,Away,20,30,9.5,-0.5,L,49.5,50,0.5,O,13,10,1.5,4.5,W,27.5,23,-4.5,U,7,20,0.5,-12.5,L,29.5,27,-2.5,U,UTSA,utsa,Jeff Traylor,2024,9.5,Underdog,L,O
2024,2024-09-28T20:15:00.000Z,Steve Sarkisian,Texas,Texas,Mississippi St.,Home,35,13,-21.5,0.5,W,44.5,48,3.5,O,14,6,-23.5,-15.5,L,33.5,20,-13.5,U,21,7,-17.0,-3.0,L,27.5,28,0.5,O,Texas,texas,Steve Sarkisian,2024,-21.5,Favorite,W,O
2024,2024-09-28T20:15:00.000Z,Jeff Lebby,Mississippi State,Mississippi State,Texas,Away,13,35,21.5,-0.5,L,44.5,48,3.5,O,6,14,23.5,15.5,W,33.5,20,-13.5,U,7,21,17.0,3.0,W,27.5,28,0.5,O,Mississippi State,mississippi state,Jeff Lebby,2024,21.5,Underdog,L,O
2024,2024-09-28T21:00:00.000Z,Ricky Rahne,Old Dominion,Old Dominion,Bowling Green,Away,30,27,1.5,4.5,W,53.5,57,3.5,O,17,14,6.5,9.5,W,26.5,31,4.5,O,13,13,5.5,5.5,W,20.5,26,5.5,O,Old Dominion,old dominion,Ricky Rahne,2024,1.5,Underdog,W,O
2024,2024-09-28T22:00:00.000Z,Sonny Cumbie,Louisiana Tech,Louisiana Tech,Florida Int.,Away,10,17,6.5,-0.5,L,27.5,27,-0.5,U,0,7,-0.5,-7.5,L,24.5,7,-17.5,U,10,10,-1.5,-1.5,L,22.5,20,-2.5,U,Louisiana Tech,louisiana tech,Sonny Cumbie,2024,6.5,Underdog,L,U
2024,2024-09-28T23:00:00.000Z,Willie Fritz,Houston,Houston,Iowa State,Home,0,20,20.5,0.5,W,22.5,20,-2.5,U,0,3,7.5,4.5,W,22.5,3,-19.5,U,0,17,10.5,-6.5,L,12.5,17,4.5,O,Houston,houston,Willie Fritz,2024,20.5,Underdog,W,U
2024,2024-09-28T23:00:00.000Z,Matt Campbell,Penn State,Iowa State,Houston,Away,20,0,-20.5,-0.5,L,22.5,20,-2.5,U,3,0,-7.5,-4.5,L,22.5,3,-19.5,U,17,0,-10.5,6.5,W,12.5,17,4.5,O,Penn State,penn state,Matt Campbell,2024,-20.5,Favorite,L,U
2024,2024-09-28T23:00:00.000Z,Dabo Swinney,Clemson,Clemson,Stanford,Home,40,14,-26.5,-0.5,L,53.5,54,0.5,O,17,7,-12.5,-2.5,L,30.5,24,-6.5,U,23,7,-10.5,5.5,W,25.5,30,4.5,O,Clemson,clemson,Dabo Swinney,2024,-26.5,Favorite,L,O
2024,2024-09-28T23:00:00.000Z,Eric Morris,Oklahoma State,North Texas,Tulsa,Home,52,20,-7.0,25.0,W,67.5,72,4.5,O,24,3,-3.5,17.5,W,34.5,27,-7.5,U,28,17,-3.5,7.5,W,29.5,45,15.5,O,Oklahoma State,oklahoma state,Eric Morris,2024,-7.0,Favorite,W,O
2024,2024-09-28T23:00:00.000Z,Gerad Parker,Troy,Troy,ULM,Home,9,13,4.5,0.5,W,24.5,22,-2.5,U,6,3,-3.5,-0.5,L,23.5,9,-14.5,U,3,10,-3.5,-10.5,L,21.5,13,-8.5,U,Troy,troy,Gerad Parker,2024,4.5,Underdog,W,U
2024,2024-09-28T23:00:00.000Z,Bryant Vincent,UL-Monroe,UL-Monroe,Troy,Away,13,9,-4.5,-0.5,L,24.5,22,-2.5,U,3,6,3.5,0.5,W,23.5,9,-14.5,U,10,3,3.5,10.5,W,21.5,13,-8.5,U,UL-Monroe,ul-monroe,Bryant Vincent,2024,-4.5,Favorite,L,U
2024,2024-09-28T23:30:00.000Z,Kalen DeBoer,Alabama,Alabama,Georgia ,Home,41,34,-4.5,2.5,W,61.5,75,13.5,O,30,7,0.5,23.5,W,23.5,37,13.5,O,11,27,-0.5,-16.5,L,24.5,38,13.5,O,Alabama,alabama,Kalen DeBoer,2024,-4.5,Favorite,W,O
2024,2024-09-28T23:30:00.000Z,Kirby Smart,Georgia,Georgia,Alabama,Away,34,41,4.5,-2.5,L,61.5,75,13.5,O,7,30,-0.5,-23.5,L,23.5,37,13.5,O,27,11,0.5,16.5,W,24.5,38,13.5,O,Georgia,georgia,Kirby Smart,2024,4.5,Underdog,L,O
2024,2024-09-28T23:30:00.000Z,James Franklin,Virginia Tech,Penn State,Illinois,Home,21,7,-10.5,3.5,W,21.5,28,6.5,O,7,7,-9.5,-9.5,L,24.5,14,-10.5,U,14,0,-9.5,4.5,W,23.0,14,-9.0,U,Virginia Tech,virginia tech,James Franklin,2024,-10.5,Favorite,W,O
2024,2024-09-28T23:30:00.000Z,Bret Bielema,Illinois,Illinois,Penn State,Away,7,21,10.5,-3.5,L,21.5,28,6.5,O,7,7,9.5,9.5,W,24.5,14,-10.5,U,0,14,9.5,-4.5,L,23.0,14,-9.0,U,Illinois,illinois,Bret Bielema,2024,10.5,Underdog,L,O
2024,2024-09-28T23:30:00.000Z,Ryan Silverfield,Arkansas,Memphis,Middle Tennessee St.,Home,24,7,-17.5,-0.5,L,33.5,31,-2.5,U,14,0,-14.5,-0.5,L,31.5,14,-17.5,U,10,7,-10.0,-7.0,L,24.5,17,-7.5,U,Arkansas,arkansas,Ryan Silverfield,2024,-17.5,Favorite,L,U
2024,2024-09-28T23:30:00.000Z,Derek Mason,Middle Tennessee,Middle Tennessee,Memphis,Away,7,24,17.5,0.5,W,33.5,31,-2.5,U,0,14,14.5,0.5,W,31.5,14,-17.5,U,7,10,10.0,7.0,W,24.5,17,-7.5,U,Middle Tennessee,middle tennessee,Derek Mason,2024,17.5,Underdog,W,U
2024,2024-09-28T23:30:00.000Z,Ryan Day,Ohio State,Ohio State,Michigan State,Away,38,7,-31.5,-0.5,L,46.0,45,-1.0,U,24,7,-13.5,3.5,W,25.5,31,5.5,O,14,0,-9.5,4.5,W,23.0,14,-9.0,U,Ohio State,ohio state,Ryan Day,2024,-31.5,Favorite,L,U
2024,2024-09-28T23:45:00.000Z,Major Applewhite,South Alabama,South Alabama,LSU Tigers,Away,10,42,32.5,0.5,W,53.5,52,-1.5,U,3,35,11.5,-20.5,L,33.5,38,4.5,O,7,7,1.5,1.5,W,20.5,14,-6.5,U,South Alabama,south alabama,Major Applewhite,2024,32.5,Underdog,W,U
2024,2024-09-29T00:00:00.000Z,Jay Sawvel,Wyoming,Wyoming,Air Force,Home,31,19,4.0,16.0,W,33.5,50,16.5,O,7,13,2.5,-3.5,L,16.5,20,3.5,O,24,6,2.5,20.5,W,16.5,30,13.5,O,Wyoming,wyoming,Jay Sawvel,2024,4.0,Underdog,W,O
2024,2024-09-29T00:00:00.000Z,Troy Calhoun,Air Force,Air Force,Wyoming,Away,19,31,-4.0,-16.0,L,33.5,50,16.5,O,13,7,-2.5,3.5,W,16.5,20,3.5,O,6,24,-2.5,-20.5,L,16.5,30,13.5,O,Air Force,air force,Troy Calhoun,2024,-4.0,Favorite,L,O
2024,2024-09-29T00:00:00.000Z,Joey McGuire,Texas Tech,Texas Tech,Cincinnati,Home,44,41,-2.5,0.5,W,85.5,85,-0.5,U,24,24,-2.5,-2.5,L,29.5,48,18.5,O,20,17,-0.5,2.5,W,37.5,37,-0.5,U,Texas Tech,texas tech,Joey McGuire,2024,-2.5,Favorite,W,U
2024,2024-09-29T00:00:00.000Z,Scott Satterfield,Cincinnati,Cincinnati,Texas Tech,Away,41,44,2.5,-0.5,L,85.5,85,-0.5,U,24,24,2.5,2.5,W,29.5,48,18.5,O,17,20,0.5,-2.5,L,37.5,37,-0.5,U,Cincinnati,cincinnati,Scott Satterfield,2024,2.5,Underdog,L,U
2024,2024-09-29T00:00:00.000Z,Rhett Lashlee,SMU,SMU,Florida State,Home,42,16,-25.5,0.5,W,64.5,58,-6.5,U,14,9,-3.5,1.5,W,23.5,23,-0.5,U,28,7,-1.5,19.5,W,23.0,35,12.0,O,SMU,smu,Rhett Lashlee,2024,-25.5,Favorite,W,U
2024,2024-09-29T00:00:00.000Z,Mike Norvell,Florida State,Florida State,SMU,Away,16,42,25.5,-0.5,L,64.5,58,-6.5,U,9,14,3.5,-1.5,L,23.5,23,-0.5,U,7,28,1.5,-19.5,L,23.0,35,12.0,O,Florida State,florida state,Mike Norvell,2024,25.5,Underdog,L,U
2024,2024-09-29T00:00:00.000Z,Tony Sanchez,New Mexico State,New Mexico State,New Mexico,Home,40,50,10.5,0.5,W,75.5,90,14.5,O,10,21,5.5,-5.5,L,27.5,31,3.5,O,30,29,4.5,5.5,W,26.5,59,32.5,O,New Mexico State,new mexico state,Tony Sanchez,2024,10.5,Underdog,W,O
2024,2024-09-29T00:00:00.000Z,Bronco Mendenhall,Utah State,New Mexico,New Mexico St.,Away,50,40,-10.5,-0.5,L,75.5,90,14.5,O,21,10,-5.5,5.5,W,27.5,31,3.5,O,29,30,-4.5,-5.5,L,26.5,59,32.5,O,Utah State,utah state,Bronco Mendenhall,2024,-10.5,Favorite,L,O
2024,2024-09-29T02:00:00.000Z,Spencer Danielson,Boise State,Boise State,Washington St.,Home,45,24,-21.5,-0.5,L,62.5,69,6.5,O,17,10,-3.5,3.5,W,32.5,27,-5.5,U,28,14,-3.5,10.5,W,33.5,42,8.5,O,Boise State,boise state,Spencer Danielson,2024,-21.5,Favorite,L,O
2024,2024-09-29T02:15:00.000Z,Kyle Whittingham,Michigan,Utah,Arizona,Home,10,23,12.5,-0.5,L,33.5,33,-0.5,U,3,10,-5.5,-12.5,L,23.5,13,-10.5,U,7,13,5.5,-0.5,L,23.5,20,-3.5,U,Michigan,michigan,Kyle Whittingham,2024,12.5,Underdog,L,U
2024,2024-09-29T02:15:00.000Z,Brent Brennan,Arizona,Arizona,Utah,Away,23,10,-12.5,0.5,W,33.5,33,-0.5,U,10,3,5.5,12.5,W,23.5,13,-10.5,U,13,7,-5.5,0.5,W,23.5,20,-3.5,U,Arizona,arizona,Brent Brennan,2024,-12.5,Favorite,W,U
2024,2024-09-29T03:00:00.000Z,Dan Lanning,Oregon,Oregon,UCLA,Away,34,13,-21.5,-0.5,L,48.5,47,-1.5,U,28,10,-14.0,4.0,W,28.5,38,9.5,O,6,3,-3.5,-0.5,L,11.5,9,-2.5,U,Oregon,oregon,Dan Lanning,2024,-21.5,Favorite,L,U
2024,2024-10-03T23:00:00.000Z,Gerad Parker,Troy,Troy,Texas State,Home,17,38,23.5,2.5,W,55.5,55,-0.5,U,10,28,14.5,-3.5,L,36.5,38,1.5,O,7,10,3.5,0.5,W,27.5,17,-10.5,U,Troy,troy,Gerad Parker,2024,23.5,Underdog,W,U
2024,2024-10-04T01:00:00.000Z,Scotty Walden,UTEP,UTEP,Sam Houston State Bearkats,Home,21,41,19.5,-0.5,L,62.5,62,-0.5,U,7,17,14.5,4.5,W,23.5,24,0.5,O,14,24,7.5,-2.5,L,23.5,38,14.5,O,UTEP,utep,Scotty Walden,2024,19.5,Underdog,L,U
2024,2024-10-04T23:00:00.000Z,Rich Rodriguez,West Virginia,Jacksonville State,Kennesaw St.,Away,63,24,-32.5,6.5,W,80.5,87,6.5,O,21,17,-9.5,-5.5,L,37.5,38,0.5,O,42,7,-28.5,6.5,W,45.5,49,3.5,O,West Virginia,west virginia,Rich Rodriguez,2024,-32.5,Favorite,W,O
2024,2024-10-04T23:30:00.000Z,Sonny Dykes,TCU,TCU,Houston,Home,19,30,10.5,-0.5,L,51.5,49,-2.5,U,6,24,13.5,-4.5,L,21.5,30,8.5,O,13,6,-12.5,-5.5,L,25.5,19,-6.5,U,TCU,tcu,Sonny Dykes,2024,10.5,Underdog,L,U
2024,2024-10-04T23:30:00.000Z,Willie Fritz,Houston,Houston,TCU,Away,30,19,-10.5,0.5,W,51.5,49,-2.5,U,24,6,-13.5,4.5,W,21.5,30,8.5,O,6,13,12.5,5.5,W,25.5,19,-6.5,U,Houston,houston,Willie Fritz,2024,-10.5,Favorite,W,U
2024,2024-10-05T01:00:00.000Z,Dan Lanning,Oregon,Oregon,Michigan State,Home,31,10,-23.5,-2.5,L,40.5,41,0.5,O,21,0,-14.5,6.5,W,17.5,21,3.5,O,10,10,-2.5,-2.5,L,20.5,20,-0.5,U,Oregon,oregon,Dan Lanning,2024,-23.5,Favorite,L,O
2024,2024-10-05T01:00:00.000Z,Barry Odom,Purdue,UNLV,Syracuse,Home,41,44,1.5,-1.5,L,69.5,85,15.5,O,21,17,-4.5,-0.5,L,27.5,38,10.5,O,20,27,1.5,-5.5,L,31.5,47,15.5,O,Purdue,purdue,Barry Odom,2024,1.5,Underdog,L,O
2024,2024-10-05T01:00:00.000Z,Fran Brown,Syracuse,Syracuse,UNLV,Away,44,41,-1.5,1.5,W,69.5,85,15.5,O,17,21,4.5,0.5,W,27.5,38,10.5,O,27,20,-1.5,5.5,W,31.5,47,15.5,O,Syracuse,syracuse,Fran Brown,2024,-1.5,Favorite,W,O
2024,2024-10-05T16:00:00.000Z,Jeff Monken,Army,Army,Tulsa,Away,49,7,-42.5,-0.5,L,57.5,56,-1.5,U,21,7,-6.5,7.5,W,24.5,28,3.5,O,28,0,-28.5,-0.5,L,28.5,28,-0.5,U,Army,army,Jeff Monken,2024,-42.5,Favorite,L,U
2024,2024-10-05T16:00:00.000Z,Tony Elliott,Virginia,Virginia,Boston College,Home,24,14,-12.5,-2.5,L,44.5,38,-6.5,U,6,14,13.5,5.5,W,23.5,20,-3.5,U,18,0,-17.5,0.5,W,24.5,18,-6.5,U,Virginia,virginia,Tony Elliott,2024,-12.5,Favorite,L,U
2024,2024-10-05T16:00:00.000Z,Bill O'Brien,Boston College,Boston College,Virginia,Away,14,24,12.5,2.5,W,44.5,38,-6.5,U,14,6,-13.5,-5.5,L,23.5,20,-3.5,U,0,18,17.5,-0.5,L,24.5,18,-6.5,U,Boston College,boston college,Bill O'Brien,2024,12.5,Underdog,W,U
2024,2024-10-05T16:00:00.000Z,Mike Elko,Texas A&M,Texas A&M,Missouri,Home,41,10,-27.5,3.5,W,54.5,51,-3.5,U,24,0,-1.5,22.5,W,23.5,24,0.5,O,17,10,-1.5,5.5,W,23.5,27,3.5,O,Texas A&M,texas a&m,Mike Elko,2024,-27.5,Favorite,W,U
2024,2024-10-05T16:00:00.000Z,Eli Drinkwitz,Missouri,Missouri,Texas A&M,Away,10,41,27.5,-3.5,L,54.5,51,-3.5,U,0,24,1.5,-22.5,L,23.5,24,0.5,O,10,17,1.5,-5.5,L,23.5,27,3.5,O,Missouri,missouri,Eli Drinkwitz,2024,27.5,Underdog,L,U
2024,2024-10-05T16:00:00.000Z,Troy Calhoun,Air Force,Air Force,Navy,Home,7,34,27.5,0.5,W,42.5,41,-1.5,U,7,21,13.5,-0.5,L,30.5,28,-2.5,U,0,13,13.5,0.5,W,13.5,13,-0.5,U,Air Force,air force,Troy Calhoun,2024,27.5,Underdog,W,U
2024,2024-10-05T16:00:00.000Z,Brian Newberry,Navy,Navy,Air Force,Away,34,7,-27.5,-0.5,L,42.5,41,-1.5,U,21,7,-13.5,0.5,W,30.5,28,-2.5,U,13,0,-13.5,-0.5,L,13.5,13,-0.5,U,Navy,navy,Brian Newberry,2024,-27.5,Favorite,L,U
2024,2024-10-05T16:00:00.000Z,Pat Narduzzi,Pittsburgh,Pittsburgh,North Carolina,Away,34,24,-8.5,1.5,W,62.5,58,-4.5,U,17,17,-6.5,-6.5,L,26.5,34,7.5,O,17,7,-7.5,2.5,W,30.5,24,-6.5,U,Pittsburgh,pittsburgh,Pat Narduzzi,2024,-8.5,Favorite,W,U
2024,2024-10-05T16:00:00.000Z,Luke Fickell,Wisconsin,Wisconsin,Purdue,Home,52,6,-46.5,-0.5,L,58.5,58,-0.5,U,21,6,-6.5,8.5,W,22.5,27,4.5,O,31,0,-6.5,24.5,W,21.5,31,9.5,O,Wisconsin,wisconsin,Luke Fickell,2024,-46.5,Favorite,L,U
2024,2024-10-05T16:00:00.000Z,Jeff Brohm,Louisville,Louisville,SMU,Home,27,34,6.5,-0.5,L,55.5,61,5.5,O,13,24,-2.5,-13.5,L,27.5,37,9.5,O,14,10,-4.5,-0.5,L,26.5,24,-2.5,U,Louisville,louisville,Jeff Brohm,2024,6.5,Underdog,L,O
2024,2024-10-05T16:00:00.000Z,Rhett Lashlee,SMU,SMU,Louisville,Away,34,27,-6.5,0.5,W,55.5,61,5.5,O,24,13,2.5,13.5,W,27.5,37,9.5,O,10,14,4.5,0.5,W,26.5,24,-2.5,U,SMU,smu,Rhett Lashlee,2024,-6.5,Favorite,W,O
2024,2024-10-05T16:00:00.000Z,James Franklin,Virginia Tech,Penn State,UCLA,Home,27,11,-23.5,-7.5,L,31.5,38,6.5,O,14,3,-6.5,4.5,W,14.5,17,2.5,O,13,8,-13.5,-8.5,L,15.5,21,5.5,O,Virginia Tech,virginia tech,James Franklin,2024,-23.5,Favorite,L,O
2024,2024-10-05T16:00:00.000Z,Dave Doeren,NC State,NC State,Wake Forest,Home,30,34,-2.5,-6.5,L,63.5,64,0.5,O,16,17,-0.5,-1.5,L,30.5,33,2.5,O,14,17,-4.5,-7.5,L,30.5,31,0.5,O,NC State,nc state,Dave Doeren,2024,-2.5,Favorite,L,O
2024,2024-10-05T17:00:00.000Z,Jon Sumrall,Florida,Tulane,UAB,Away,71,20,-51.5,-0.5,L,90.5,91,0.5,O,37,6,-27.5,3.5,W,44.5,43,-1.5,U,34,14,-26.5,-6.5,L,47.5,48,0.5,O,Florida,florida,Jon Sumrall,2024,-51.5,Favorite,L,O
2024,2024-10-05T18:00:00.000Z,Lance Taylor,Western Michigan,Western Michigan,Ball State,Away,45,42,-9.5,-6.5,L,80.5,87,6.5,O,21,21,-6.5,-6.5,L,51.5,42,-9.5,U,24,21,-7.5,-4.5,L,45.5,45,-0.5,U,Western Michigan,western michigan,Lance Taylor,2024,-9.5,Favorite,L,O
2024,2024-10-05T19:30:00.000Z,Charles Huff,Memphis,Marshall,Appalachian St.,Home,52,37,-17.5,-2.5,L,86.5,89,2.5,O,28,17,-1.5,9.5,W,28.5,45,16.5,O,24,20,-1.5,2.5,W,28.5,44,15.5,O,Memphis,memphis,Charles Huff,2024,-17.5,Favorite,L,O
2024,2024-10-05T19:30:00.000Z,Kirby Smart,Georgia,Georgia,Auburn,Home,31,13,-17.5,0.5,W,44.5,44,-0.5,U,14,3,-13.5,-2.5,L,27.0,17,-10.0,U,17,10,-4.5,2.5,W,30.5,27,-3.5,U,Georgia,georgia,Kirby Smart,2024,-17.5,Favorite,W,U
2024,2024-10-05T19:30:00.000Z,Joe Moorhead,Akron,Akron,Bowling Green,Home,20,27,3.5,-3.5,L,46.5,47,0.5,O,10,17,8.5,1.5,W,25.5,27,1.5,O,10,10,-3.5,-3.5,L,20.5,20,-0.5,U,Akron,akron,Joe Moorhead,2024,3.5,Underdog,L,O
2024,2024-10-05T19:30:00.000Z,David Braun,Northwestern,Northwestern,Indiana,Home,24,41,14.5,-2.5,L,40.5,65,24.5,O,10,17,7.5,0.5,W,20.5,27,6.5,O,14,24,6.5,-3.5,L,19.5,38,18.5,O,Northwestern,northwestern,David Braun,2024,14.5,Underdog,L,O
2024,2024-10-05T19:30:00.000Z,Curt Cignetti,Indiana,Indiana,Northwestern,Away,41,24,-14.5,2.5,W,40.5,65,24.5,O,17,10,-7.5,-0.5,L,20.5,27,6.5,O,24,14,-6.5,3.5,W,19.5,38,18.5,O,Indiana,indiana,Curt Cignetti,2024,-14.5,Favorite,W,O
2024,2024-10-05T19:30:00.000Z,Ryan Day,Ohio State,Ohio State,Iowa,Home,35,7,-27.5,0.5,W,43.5,42,-1.5,U,7,0,-8.5,-1.5,L,23.5,7,-16.5,U,28,7,-7.5,13.5,W,21.5,35,13.5,O,Ohio State,ohio state,Ryan Day,2024,-27.5,Favorite,W,U
2024,2024-10-05T19:30:00.000Z,Kirk Ferentz,Iowa,Iowa,Ohio State,Away,7,35,27.5,-0.5,L,43.5,42,-1.5,U,0,7,8.5,1.5,W,23.5,7,-16.5,U,7,28,7.5,-13.5,L,21.5,35,13.5,O,Iowa,iowa,Kirk Ferentz,2024,27.5,Underdog,L,U
2024,2024-10-05T19:30:00.000Z,Jason Candle,Connecticut,Toledo,Miami (OH),Home,30,20,-9.5,0.5,W,56.5,50,-6.5,U,20,6,-14.5,-0.5,L,26.5,26,-0.5,U,10,14,-1.5,-5.5,L,23.5,24,0.5,O,Connecticut,connecticut,Jason Candle,2024,-9.5,Favorite,W,U
2024,2024-10-05T19:30:00.000Z,Chuck Martin,Miami-OH,Miami-OH,Toledo,Away,20,30,9.5,-0.5,L,56.5,50,-6.5,U,6,20,14.5,0.5,W,26.5,26,-0.5,U,14,10,1.5,5.5,W,23.5,24,0.5,O,Miami-OH,miami-oh,Chuck Martin,2024,9.5,Underdog,L,U
2024,2024-10-05T19:30:00.000Z,Shane Beamer,South Carolina,South Carolina,Ole Miss,Home,3,27,24.5,0.5,W,33.5,30,-3.5,U,3,24,6.5,-14.5,L,27.5,27,-0.5,U,0,3,5.5,2.5,W,25.5,3,-22.5,U,South Carolina,south carolina,Shane Beamer,2024,24.5,Underdog,W,U
2024,2024-10-05T19:30:00.000Z,Lane Kiffin,LSU,Ole Miss,South Carolina,Away,27,3,-24.5,-0.5,L,33.5,30,-3.5,U,24,3,-6.5,14.5,W,27.5,27,-0.5,U,3,0,-5.5,-2.5,L,25.5,3,-22.5,U,LSU,lsu,Lane Kiffin,2024,-24.5,Favorite,L,U
2024,2024-10-05T19:30:00.000Z,Jim Mora,Colorado State,Connecticut,Temple,Home,29,20,2.5,11.5,W,46.5,49,2.5,O,9,7,-2.5,-0.5,L,16.5,16,-0.5,U,20,13,5.5,12.5,W,26.5,33,6.5,O,Colorado State,colorado state,Jim Mora,2024,2.5,Underdog,W,O
2024,2024-10-05T20:00:00.000Z,Matt Rhule,Nebraska,Nebraska,Rutgers,Home,14,7,-7.5,-0.5,L,21.5,21,-0.5,U,14,0,-7.5,6.5,W,19.5,14,-5.5,U,0,7,-1.5,-8.5,L,17.5,7,-10.5,U,Nebraska,nebraska,Matt Rhule,2024,-7.5,Favorite,L,U
2024,2024-10-05T20:00:00.000Z,Greg Schiano,Rutgers,Rutgers,Nebraska,Away,7,14,7.5,0.5,W,21.5,21,-0.5,U,0,14,7.5,-6.5,L,19.5,14,-5.5,U,7,0,1.5,8.5,W,17.5,7,-10.5,U,Rutgers,rutgers,Greg Schiano,2024,7.5,Underdog,W,U
2024,2024-10-05T20:00:00.000Z,Neal Brown,North Texas,West Virginia,Oklahoma St.,Away,38,14,-26.5,-2.5,L,54.5,52,-2.5,U,31,7,-20.5,3.5,W,33.5,38,4.5,O,7,7,-1.5,-1.5,L,20.5,14,-6.5,U,North Texas,north texas,Neal Brown,2024,-26.5,Favorite,L,U
2024,2024-10-05T20:15:00.000Z,Clark Lea,Vanderbilt,Vanderbilt,Alabama,Home,40,35,-4.5,0.5,W,75.5,75,-0.5,U,23,14,-12.5,-3.5,L,36.5,37,0.5,O,17,21,3.5,-0.5,L,37.5,38,0.5,O,Vanderbilt,vanderbilt,Clark Lea,2024,-4.5,Favorite,W,U
2024,2024-10-05T20:15:00.000Z,Kalen DeBoer,Alabama,Alabama,Vanderbilt,Away,35,40,4.5,-0.5,L,75.5,75,-0.5,U,14,23,12.5,3.5,W,36.5,37,0.5,O,21,17,-3.5,0.5,W,37.5,38,0.5,O,Alabama,alabama,Kalen DeBoer,2024,4.5,Underdog,L,U
2024,2024-10-05T23:00:00.000Z,Mike Norvell,Florida State,Florida State,Clemson,Home,13,29,14.5,-1.5,L,45.5,42,-3.5,U,7,23,8.5,-7.5,L,23.5,30,6.5,O,6,6,6.5,6.5,W,23.5,12,-11.5,U,Florida State,florida state,Mike Norvell,2024,14.5,Underdog,L,U
2024,2024-10-05T23:00:00.000Z,Dabo Swinney,Clemson,Clemson,Florida State,Away,29,13,-14.5,1.5,W,45.5,42,-3.5,U,23,7,-8.5,7.5,W,23.5,30,6.5,O,6,6,-6.5,-6.5,L,23.5,12,-11.5,U,Clemson,clemson,Dabo Swinney,2024,-14.5,Favorite,W,U
2024,2024-10-05T23:00:00.000Z,Bryant Vincent,UL-Monroe,UL-Monroe,James Madison,Home,21,19,-1.5,0.5,W,44.5,40,-4.5,U,14,13,3.5,4.5,W,20.5,27,6.5,O,7,6,-1.5,-0.5,L,16.5,13,-3.5,U,UL-Monroe,ul-monroe,Bryant Vincent,2024,-1.5,Favorite,W,U
2024,2024-10-05T23:00:00.000Z,Bob Chesney,UCLA,James Madison,ULM,Away,19,21,1.5,-0.5,L,44.5,40,-4.5,U,13,14,-3.5,-4.5,L,20.5,27,6.5,O,6,7,1.5,0.5,W,16.5,13,-3.5,U,UCLA,ucla,Bob Chesney,2024,1.5,Underdog,L,U
2024,2024-10-05T23:00:00.000Z,Will Hall,Tulane,Southern Miss,Louisiana,Home,13,23,10.5,0.5,W,38.5,36,-2.5,U,13,17,10.5,6.5,W,27.5,30,2.5,O,0,6,9.5,3.5,W,13.5,6,-7.5,U,Tulane,tulane,Will Hall,2024,10.5,Underdog,W,U
2024,2024-10-05T23:00:00.000Z,Michael Desormeaux,Louisiana,Louisiana,Southern Miss,Away,23,13,-10.5,-0.5,L,38.5,36,-2.5,U,17,13,-10.5,-6.5,L,27.5,30,2.5,O,6,0,-9.5,-3.5,L,13.5,6,-7.5,U,Louisiana,louisiana,Michael Desormeaux,2024,-10.5,Favorite,L,U
2024,2024-10-05T23:00:00.000Z,Ricky Rahne,Old Dominion,Old Dominion,Coastal Carolina,Away,37,45,8.5,0.5,W,79.5,82,2.5,O,17,21,-4.5,-8.5,L,29.5,38,8.5,O,20,24,3.0,-1.0,L,27.0,44,17.0,O,Old Dominion,old dominion,Ricky Rahne,2024,8.5,Underdog,W,O
2024,2024-10-05T23:00:00.000Z,Butch Jones,Arkansas State,Arkansas State,South Alabama,Home,18,16,-1.5,0.5,W,30.5,34,3.5,O,6,3,-2.5,0.5,W,8.5,9,0.5,O,12,13,1.5,0.5,W,21.5,25,3.5,O,Arkansas State,arkansas state,Butch Jones,2024,-1.5,Favorite,W,O
2024,2024-10-05T23:00:00.000Z,Major Applewhite,South Alabama,South Alabama,Arkansas St.,Away,16,18,1.5,-0.5,L,30.5,34,3.5,O,3,6,2.5,-0.5,L,8.5,9,0.5,O,13,12,-1.5,-0.5,L,21.5,25,3.5,O,South Alabama,south alabama,Major Applewhite,2024,1.5,Underdog,L,O
2024,2024-10-05T23:00:00.000Z,Spencer Danielson,Boise State,Boise State,Utah State,Home,62,30,-32.5,-0.5,L,98.5,92,-6.5,U,49,17,-14.5,17.5,W,34.5,66,31.5,O,13,13,-12.5,-12.5,L,30.5,26,-4.5,U,Boise State,boise state,Spencer Danielson,2024,-32.5,Favorite,L,U
2024,2024-10-05T23:30:00.000Z,Matt Campbell,Penn State,Iowa State,Baylor,Home,43,21,-25.5,-3.5,L,67.5,64,-3.5,U,19,14,-5.5,-0.5,L,36.5,33,-3.5,U,24,7,-6.5,10.5,W,21.5,31,9.5,O,Penn State,penn state,Matt Campbell,2024,-25.5,Favorite,L,U
2024,2024-10-05T23:30:00.000Z,Dave Aranda,Baylor,Baylor,Iowa State,Away,21,43,25.5,3.5,W,67.5,64,-3.5,U,14,19,5.5,0.5,W,36.5,33,-3.5,U,7,24,6.5,-10.5,L,21.5,31,9.5,O,Baylor,baylor,Dave Aranda,2024,25.5,Underdog,W,U
2024,2024-10-05T23:30:00.000Z,Jedd Fisch,Washington,Washington,Michigan,Home,27,17,-9.5,0.5,W,43.5,44,0.5,O,14,10,-7.5,-3.5,L,24.5,24,-0.5,U,13,7,-2.5,3.5,W,20.5,20,-0.5,U,Washington,washington,Jedd Fisch,2024,-9.5,Favorite,W,O
2024,2024-10-05T23:30:00.000Z,Ken Niumatalolo,San Jose State,San Jose State,Nevada,Home,35,31,-3.5,0.5,W,65.5,66,0.5,O,21,21,-2.5,-2.5,L,27.5,42,14.5,O,14,10,2.5,6.5,W,24.5,24,-0.5,U,San Jose State,san jose state,Ken Niumatalolo,2024,-3.5,Favorite,W,O
2024,2024-10-05T23:30:00.000Z,Jeff Choate,Nevada,Nevada,San Jose St.,Away,31,35,3.5,-0.5,L,65.5,66,0.5,O,21,21,2.5,2.5,W,27.5,42,14.5,O,10,14,-2.5,-6.5,L,24.5,24,-0.5,U,Nevada,nevada,Jeff Choate,2024,3.5,Underdog,L,O
2024,2024-10-05T23:30:00.000Z,Josh Heupel,Tennessee,Tennessee,Arkansas,Away,14,19,-1.5,-6.5,L,29.5,33,3.5,O,0,3,3.5,0.5,W,9.5,3,-6.5,U,14,16,-4.5,-6.5,L,30.5,30,-0.5,U,Tennessee,tennessee,Josh Heupel,2024,-1.5,Favorite,L,O
2024,2024-10-05T23:30:00.000Z,Lincoln Riley,USC,USC,Minnesota,Away,17,24,-7.5,-14.5,L,46.0,41,-5.0,U,10,10,-4.5,-4.5,L,23.5,20,-3.5,U,7,14,-4.5,-11.5,L,21.5,21,-0.5,U,USC,usc,Lincoln Riley,2024,-7.5,Favorite,L,U
2024,2024-10-05T23:45:00.000Z,Billy Napier,James Madison,Florida,UCF,Home,24,13,-10.5,0.5,W,39.5,37,-2.5,U,24,3,-1.5,19.5,W,30.5,27,-3.5,U,0,10,10.5,0.5,W,16.5,10,-6.5,U,James Madison,james madison,Billy Napier,2024,-10.5,Favorite,W,U
2024,2024-10-06T00:00:00.000Z,Brent Key,Georgia Tech,Georgia Tech,Duke,Home,24,14,-9.5,0.5,W,38.5,38,-0.5,U,10,7,-9.5,-6.5,L,15.5,17,1.5,O,14,7,-6.5,0.5,W,27.5,21,-6.5,U,Georgia Tech,georgia tech,Brent Key,2024,-9.5,Favorite,W,U
2024,2024-10-06T00:00:00.000Z,Manny Diaz,Duke,Duke,Georgia Tech,Away,14,24,9.5,-0.5,L,38.5,38,-0.5,U,7,10,9.5,6.5,W,15.5,17,1.5,O,7,14,6.5,-0.5,L,27.5,21,-6.5,U,Duke,duke,Manny Diaz,2024,9.5,Underdog,L,U
2024,2024-10-06T00:00:00.000Z,Sean Lewis,San Diego State,San Diego State,Hawaii,Home,27,24,-2.5,0.5,W,57.5,51,-6.5,U,17,10,-5.5,1.5,W,19.5,27,7.5,O,10,14,4.5,0.5,W,30.5,24,-6.5,U,San Diego State,san diego state,Sean Lewis,2024,-2.5,Favorite,W,U
2024,2024-10-06T00:00:00.000Z,Timmy Chang,Hawaii,Hawaii,San Diego St,Away,24,27,2.5,-0.5,L,57.5,51,-6.5,U,10,17,5.5,-1.5,L,19.5,27,7.5,O,14,10,-4.5,-0.5,L,30.5,24,-6.5,U,Hawaii,hawaii,Timmy Chang,2024,2.5,Underdog,L,U
2024,2024-10-06T00:00:00.000Z,Kenny Dillingham,Arizona State,Arizona State,Kansas,Home,35,31,-3.5,0.5,W,58.5,66,7.5,O,14,14,6.5,6.5,W,23.5,28,4.5,O,21,17,-3.5,0.5,W,30.5,38,7.5,O,Arizona State,arizona state,Kenny Dillingham,2024,-3.5,Favorite,W,O
2024,2024-10-06T00:00:00.000Z,Lance Leipold,Kansas,Kansas,Arizona St.,Away,31,35,3.5,-0.5,L,58.5,66,7.5,O,14,14,-6.5,-6.5,L,23.5,28,4.5,O,17,21,3.5,-0.5,L,30.5,38,7.5,O,Kansas,kansas,Lance Leipold,2024,3.5,Underdog,L,O
2024,2024-10-06T02:30:00.000Z,Mario Cristobal,Miami-FL,Miami-FL,California,Away,39,38,1.5,2.5,W,70.5,77,6.5,O,10,21,7.5,-3.5,L,38.5,31,-7.5,U,29,17,-2.5,9.5,W,38.5,46,7.5,O,Miami-FL,miami-fl,Mario Cristobal,2024,1.5,Underdog,W,O
2024,2024-10-06T03:00:00.000Z,Brent Brennan,Arizona,Arizona,Texas Tech,Home,22,28,6.5,0.5,W,53.5,50,-3.5,U,3,18,7.5,-7.5,L,16.5,21,4.5,O,19,10,-18.5,-9.5,L,24.5,29,4.5,O,Arizona,arizona,Brent Brennan,2024,6.5,Underdog,W,U
2024,2024-10-06T03:00:00.000Z,Joey McGuire,Texas Tech,Texas Tech,Arizona,Away,28,22,-6.5,-0.5,L,53.5,50,-3.5,U,18,3,-7.5,7.5,W,16.5,21,4.5,O,10,19,18.5,9.5,W,24.5,29,4.5,O,Texas Tech,texas tech,Joey McGuire,2024,-6.5,Favorite,L,U
2024,2024-10-08T23:00:00.000Z,Jamey Chadwell,Liberty,Liberty,Florida Int.,Home,31,24,-6.5,0.5,W,47.5,55,7.5,O,17,10,-0.5,6.5,W,27.5,27,-0.5,U,14,14,-1.5,-1.5,L,17.5,28,10.5,O,Liberty,liberty,Jamey Chadwell,2024,-6.5,Favorite,W,O
2024,2024-10-09T23:30:00.000Z,Rich Rodriguez,West Virginia,Jacksonville State,New Mexico St.,Home,54,13,-40.5,0.5,W,73.5,67,-6.5,U,33,6,-13.5,13.5,W,28.5,39,10.5,O,21,7,-20.5,-6.5,L,34.5,28,-6.5,U,West Virginia,west virginia,Rich Rodriguez,2024,-40.5,Favorite,W,U
2024,2024-10-09T23:30:00.000Z,Tony Sanchez,New Mexico State,New Mexico State,Jacksonville State Gamecocks,Away,13,54,40.5,-0.5,L,73.5,67,-6.5,U,6,33,13.5,-13.5,L,28.5,39,10.5,O,7,21,20.5,6.5,W,34.5,28,-6.5,U,New Mexico State,new mexico state,Tony Sanchez,2024,40.5,Underdog,L,U
2024,2024-10-10T23:30:00.000Z,Bob Chesney,UCLA,James Madison,Coastal Carolina,Home,39,7,-30.5,1.5,W,50.5,46,-4.5,U,29,7,-22.5,-0.5,L,30.5,36,5.5,O,10,0,-9.5,0.5,W,14.5,10,-4.5,U,UCLA,ucla,Bob Chesney,2024,-30.5,Favorite,W,U
2024,2024-10-11T00:00:00.000Z,Sonny Cumbie,Louisiana Tech,Louisiana Tech,Middle Tennessee St.,Home,48,21,-27.5,-0.5,L,70.0,69,-1.0,U,34,14,-20.5,-0.5,L,23.5,48,24.5,O,14,7,-7.5,-0.5,L,23.5,21,-2.5,U,Louisiana Tech,louisiana tech,Sonny Cumbie,2024,-27.5,Favorite,L,U
2024,2024-10-11T00:00:00.000Z,Derek Mason,Middle Tennessee,Middle Tennessee,Louisiana Tech,Away,21,48,27.5,0.5,W,70.0,69,-1.0,U,14,34,20.5,0.5,W,23.5,48,24.5,O,7,14,7.5,0.5,W,23.5,21,-2.5,U,Middle Tennessee,middle tennessee,Derek Mason,2024,27.5,Underdog,W,U
2024,2024-10-11T00:00:00.000Z,Tyson Helton,Western Kentucky,Western Kentucky,UTEP,Home,44,17,-26.5,0.5,W,61.5,61,-0.5,U,27,7,-17.5,2.5,W,37.5,34,-3.5,U,17,10,-6.5,0.5,W,30.5,27,-3.5,U,Western Kentucky,western kentucky,Tyson Helton,2024,-26.5,Favorite,W,U
2024,2024-10-11T00:00:00.000Z,Scotty Walden,UTEP,UTEP,Western Kentucky,Away,17,44,26.5,-0.5,L,61.5,61,-0.5,U,7,27,17.5,-2.5,L,37.5,34,-3.5,U,10,17,6.5,-0.5,L,30.5,27,-3.5,U,UTEP,utep,Scotty Walden,2024,26.5,Underdog,L,U
2024,2024-10-12T01:00:00.000Z,Barry Odom,Purdue,UNLV,Utah State,Away,50,34,-15.5,0.5,W,84.5,84,-0.5,U,41,7,-10.5,23.5,W,34.5,48,13.5,O,9,27,-9.5,-27.5,L,31.5,36,4.5,O,Purdue,purdue,Barry Odom,2024,-15.5,Favorite,W,U
2024,2024-10-12T02:30:00.000Z,Kenny Dillingham,Arizona State,Arizona State,Utah,Home,27,19,-7.5,0.5,W,42.5,46,3.5,O,13,9,-6.5,-2.5,L,22.5,22,-0.5,U,14,10,3.5,7.5,W,22.5,24,1.5,O,Arizona State,arizona state,Kenny Dillingham,2024,-7.5,Favorite,W,O
2024,2024-10-12T02:30:00.000Z,Kyle Whittingham,Michigan,Utah,Arizona St.,Away,19,27,7.5,-0.5,L,42.5,46,3.5,O,9,13,6.5,2.5,W,22.5,22,-0.5,U,10,14,-3.5,-7.5,L,22.5,24,1.5,O,Michigan,michigan,Kyle Whittingham,2024,7.5,Underdog,L,O
2024,2024-10-12T16:00:00.000Z,Dabo Swinney,Clemson,Clemson,Wake Forest,Away,49,14,-35.5,-0.5,L,64.0,63,-1.0,U,28,14,-11.5,2.5,W,33.5,42,8.5,O,21,0,-20.5,0.5,W,27.5,21,-6.5,U,Clemson,clemson,Dabo Swinney,2024,-35.5,Favorite,L,U
2024,2024-10-12T16:00:00.000Z,Brent Key,Georgia Tech,Georgia Tech,North Carolina,Away,41,34,-1.0,6.0,W,77.5,75,-2.5,U,20,14,-5.5,0.5,W,31.0,34,3.0,O,21,20,1.5,2.5,W,31.5,41,9.5,O,Georgia Tech,georgia tech,Brent Key,2024,-1.0,Favorite,W,U
2024,2024-10-12T16:00:00.000Z,Eli Drinkwitz,Missouri,Missouri,UMass,Away,45,3,-42.5,-0.5,L,49.5,48,-1.5,U,24,3,-30.5,-9.5,L,31.5,27,-4.5,U,21,0,-21.5,-0.5,L,21.5,21,-0.5,U,Missouri,missouri,Eli Drinkwitz,2024,-42.5,Favorite,L,U
2024,2024-10-12T16:00:00.000Z,Kalen DeBoer,Alabama,Alabama,South Carolina,Home,27,25,-1.5,0.5,W,43.5,52,8.5,O,14,12,-14.5,-12.5,L,27.0,26,-1.0,U,13,13,-1.5,-1.5,L,16.5,26,9.5,O,Alabama,alabama,Kalen DeBoer,2024,-1.5,Favorite,W,O
2024,2024-10-12T16:00:00.000Z,Shane Beamer,South Carolina,South Carolina,Alabama,Away,25,27,1.5,-0.5,L,43.5,52,8.5,O,12,14,14.5,12.5,W,27.0,26,-1.0,U,13,13,1.5,1.5,W,16.5,26,9.5,O,South Carolina,south carolina,Shane Beamer,2024,1.5,Underdog,L,O
2024,2024-10-12T16:00:00.000Z,Pete Lembo,Buffalo,Buffalo,Toledo,Home,30,15,-14.5,0.5,W,46.0,45,-1.0,U,7,0,6.5,13.5,W,22.5,7,-15.5,U,23,15,-14.5,-6.5,L,35.5,38,2.5,O,Buffalo,buffalo,Pete Lembo,2024,-14.5,Favorite,W,U
2024,2024-10-12T16:00:00.000Z,Jason Candle,Connecticut,Toledo,Buffalo,Away,15,30,14.5,-0.5,L,46.0,45,-1.0,U,0,7,-6.5,-13.5,L,22.5,7,-15.5,U,15,23,14.5,6.5,W,35.5,38,2.5,O,Connecticut,connecticut,Jason Candle,2024,14.5,Underdog,L,U
2024,2024-10-12T16:00:00.000Z,Jeff Monken,Army,Army,UAB,Home,44,10,-40.5,-6.5,L,53.5,54,0.5,O,34,3,-30.5,0.5,W,37.5,37,-0.5,U,10,7,-9.5,-6.5,L,13.5,17,3.5,O,Army,army,Jeff Monken,2024,-40.5,Favorite,L,O
2024,2024-10-12T16:00:00.000Z,Kirk Ferentz,Iowa,Iowa,Washington,Home,40,16,-23.5,0.5,W,56.5,56,-0.5,U,20,10,-3.5,6.5,W,20.5,30,9.5,O,20,6,-19.5,-5.5,L,23.5,26,2.5,O,Iowa,iowa,Kirk Ferentz,2024,-23.5,Favorite,W,U
2024,2024-10-12T16:00:00.000Z,Jedd Fisch,Washington,Washington,Iowa,Away,16,40,23.5,-0.5,L,56.5,56,-0.5,U,10,20,3.5,-6.5,L,20.5,30,9.5,O,6,20,19.5,5.5,W,23.5,26,2.5,O,Washington,washington,Jedd Fisch,2024,23.5,Underdog,L,U
2024,2024-10-12T16:00:00.000Z,Greg Schiano,Rutgers,Rutgers,Wisconsin,Home,7,42,35.5,0.5,W,49.5,49,-0.5,U,0,14,10.5,-3.5,L,21.5,14,-7.5,U,7,28,-1.5,-22.5,L,21.5,35,13.5,O,Rutgers,rutgers,Greg Schiano,2024,35.5,Underdog,W,U
2024,2024-10-12T16:00:00.000Z,Luke Fickell,Wisconsin,Wisconsin,Rutgers,Away,42,7,-35.5,-0.5,L,49.5,49,-0.5,U,14,0,-10.5,3.5,W,21.5,14,-7.5,U,28,7,1.5,22.5,W,21.5,35,13.5,O,Wisconsin,wisconsin,Luke Fickell,2024,-35.5,Favorite,L,U
2024,2024-10-12T18:00:00.000Z,Chris Creighton,Eastern Michigan,Eastern Michigan,Miami (OH),Home,14,38,10.5,-13.5,L,46.5,52,5.5,O,7,21,6.5,-7.5,L,24.5,28,3.5,O,7,17,2.5,-7.5,L,20.5,24,3.5,O,Eastern Michigan,eastern michigan,Chris Creighton,2024,10.5,Underdog,L,O
2024,2024-10-12T18:00:00.000Z,Chuck Martin,Miami-OH,Miami-OH,Eastern Michigan,Away,38,14,-10.5,13.5,W,46.5,52,5.5,O,21,7,-6.5,7.5,W,24.5,28,3.5,O,17,7,-2.5,7.5,W,20.5,24,3.5,O,Miami-OH,miami-oh,Chuck Martin,2024,-10.5,Favorite,W,O
2024,2024-10-12T19:30:00.000Z,Lance Taylor,Western Michigan,Western Michigan,Akron,Home,34,24,-9.5,0.5,W,59.5,58,-1.5,U,24,17,-6.5,0.5,W,24.5,41,16.5,O,10,7,-5.5,-2.5,L,23.5,17,-6.5,U,Western Michigan,western michigan,Lance Taylor,2024,-9.5,Favorite,W,U
2024,2024-10-12T19:30:00.000Z,Joe Moorhead,Akron,Akron,Western Michigan,Away,24,34,9.5,-0.5,L,59.5,58,-1.5,U,17,24,6.5,-0.5,L,24.5,41,16.5,O,7,10,5.5,2.5,W,23.5,17,-6.5,U,Akron,akron,Joe Moorhead,2024,9.5,Underdog,L,U
2024,2024-10-12T19:30:00.000Z,Pat Narduzzi,Pittsburgh,Pittsburgh,California,Home,17,15,-1.5,0.5,W,38.5,32,-6.5,U,17,9,-8.5,-0.5,L,32.5,26,-6.5,U,0,6,7.5,1.5,W,12.5,6,-6.5,U,Pittsburgh,pittsburgh,Pat Narduzzi,2024,-1.5,Favorite,W,U
2024,2024-10-12T19:30:00.000Z,Scott Satterfield,Cincinnati,Cincinnati,UCF,Away,19,13,-5.5,0.5,W,35.5,32,-3.5,U,10,3,-6.5,0.5,W,17.5,13,-4.5,U,9,10,-1.5,-2.5,L,22.5,19,-3.5,U,Cincinnati,cincinnati,Scott Satterfield,2024,-5.5,Favorite,W,U
2024,2024-10-12T19:30:00.000Z,Tony Elliott,Virginia,Virginia,Louisville,Home,20,24,-2.5,-6.5,L,44.5,44,-0.5,U,7,7,4.5,4.5,W,27.5,14,-13.5,U,13,17,4.5,0.5,W,26.5,30,3.5,O,Virginia,virginia,Tony Elliott,2024,-2.5,Favorite,L,U
2024,2024-10-12T19:30:00.000Z,Jeff Brohm,Louisville,Louisville,Virginia,Away,24,20,2.5,6.5,W,44.5,44,-0.5,U,7,7,-4.5,-4.5,L,27.5,14,-13.5,U,17,13,-4.5,-0.5,L,26.5,30,3.5,O,Louisville,louisville,Jeff Brohm,2024,2.5,Underdog,W,U
2024,2024-10-12T19:30:00.000Z,Alex Golesh,Auburn,South Florida,Memphis,Home,3,21,17.5,-0.5,L,25.5,24,-1.5,U,3,14,17.5,6.5,W,20.5,17,-3.5,U,0,7,7.5,0.5,W,9.5,7,-2.5,U,Auburn,auburn,Alex Golesh,2024,17.5,Underdog,L,U
2024,2024-10-12T19:30:00.000Z,Ryan Silverfield,Arkansas,Memphis,South Florida,Away,21,3,-17.5,0.5,W,25.5,24,-1.5,U,14,3,-17.5,-6.5,L,20.5,17,-3.5,U,7,0,-7.5,-0.5,L,9.5,7,-2.5,U,Arkansas,arkansas,Ryan Silverfield,2024,-17.5,Favorite,W,U
2024,2024-10-12T19:30:00.000Z,Ricky Rahne,Old Dominion,Old Dominion,Georgia St.,Away,21,14,-4.0,3.0,W,34.5,35,0.5,O,7,7,0.5,0.5,W,17.5,14,-3.5,U,14,7,-13.5,-6.5,L,20.5,21,0.5,O,Old Dominion,old dominion,Ricky Rahne,2024,-4.0,Favorite,W,O
2024,2024-10-12T19:30:00.000Z,Lincoln Riley,USC,USC,Penn State,Home,30,33,5.5,2.5,W,53.5,63,9.5,O,20,6,-10.5,3.5,W,27.5,26,-1.5,U,10,27,11.5,-5.5,L,33.5,37,3.5,O,USC,usc,Lincoln Riley,2024,5.5,Underdog,W,O
2024,2024-10-12T19:30:00.000Z,James Franklin,Virginia Tech,Penn State,USC,Away,33,30,-5.5,-2.5,L,53.5,63,9.5,O,6,20,10.5,-3.5,L,27.5,26,-1.5,U,27,10,-11.5,5.5,W,33.5,37,3.5,O,Virginia Tech,virginia tech,James Franklin,2024,-5.5,Favorite,L,O
2024,2024-10-12T19:30:00.000Z,Bret Bielema,Illinois,Illinois,Purdue,Home,50,49,-12.5,-11.5,L,70.5,99,28.5,O,24,3,-10.5,10.5,W,18.5,27,8.5,O,26,46,9.5,-10.5,L,43.5,72,28.5,O,Illinois,illinois,Bret Bielema,2024,-12.5,Favorite,L,O
2024,2024-10-12T19:30:00.000Z,Jay Sawvel,Wyoming,Wyoming,San Diego St,Home,24,27,2.5,-0.5,L,57.5,51,-6.5,U,14,17,2.5,-0.5,L,34.5,31,-3.5,U,10,10,-1.5,-1.5,L,26.5,20,-6.5,U,Wyoming,wyoming,Jay Sawvel,2024,2.5,Underdog,L,U
2024,2024-10-12T19:30:00.000Z,Sean Lewis,San Diego State,San Diego State,Wyoming,Away,27,24,-2.5,0.5,W,57.5,51,-6.5,U,17,14,-2.5,0.5,W,34.5,31,-3.5,U,10,10,1.5,1.5,W,26.5,20,-6.5,U,San Diego State,san diego state,Sean Lewis,2024,-2.5,Favorite,W,U
2024,2024-10-12T19:30:00.000Z,Ken Niumatalolo,San Jose State,San Jose State,Colorado State,Away,24,31,9.5,2.5,W,45.5,55,9.5,O,14,14,7.5,7.5,W,24.5,28,3.5,O,10,17,6.5,-0.5,L,16.5,27,10.5,O,San Jose State,san jose state,Ken Niumatalolo,2024,9.5,Underdog,W,O
2024,2024-10-12T19:30:00.000Z,Marcus Freeman,Notre Dame,Notre Dame,Stanford,Home,49,7,-43.5,-1.5,L,62.5,56,-6.5,U,21,7,-6.5,7.5,W,26.5,28,1.5,O,28,0,-9.5,18.5,W,20.5,28,7.5,O,Notre Dame,notre dame,Marcus Freeman,2024,-43.5,Favorite,L,U
2024,2024-10-12T19:30:00.000Z,Brent Venables,Oklahoma,Oklahoma,Texas,Home,3,34,29.5,-1.5,L,37.5,37,-0.5,U,3,21,6.5,-11.5,L,13.5,24,10.5,O,0,13,6.5,-6.5,L,23.5,13,-10.5,U,Oklahoma,oklahoma,Brent Venables,2024,29.5,Underdog,L,U
2024,2024-10-12T19:30:00.000Z,Steve Sarkisian,Texas,Texas,Oklahoma,Away,34,3,-29.5,1.5,W,37.5,37,-0.5,U,21,3,-6.5,11.5,W,13.5,24,10.5,O,13,0,-6.5,6.5,W,23.5,13,-10.5,U,Texas,texas,Steve Sarkisian,2024,-29.5,Favorite,W,U
2024,2024-10-12T20:00:00.000Z,Kalani Sitake,BYU,BYU,Arizona,Home,41,19,-14.5,7.5,W,48.5,60,11.5,O,14,7,-4.5,2.5,W,27.5,21,-6.5,U,27,12,-10.5,4.5,W,26.5,39,12.5,O,BYU,byu,Kalani Sitake,2024,-14.5,Favorite,W,O
2024,2024-10-12T20:00:00.000Z,Brent Brennan,Arizona,Arizona,BYU,Away,19,41,14.5,-7.5,L,48.5,60,11.5,O,7,14,4.5,-2.5,L,27.5,21,-6.5,U,12,27,10.5,-4.5,L,26.5,39,12.5,O,Arizona,arizona,Brent Brennan,2024,14.5,Underdog,L,O
2024,2024-10-12T20:00:00.000Z,Tim Albin,Charlotte,Ohio,Central Michigan,Away,27,25,-1.5,0.5,W,45.5,52,6.5,O,24,0,-1.5,22.5,W,24.5,24,-0.5,U,3,25,17.5,-4.5,L,25.5,28,2.5,O,Charlotte,charlotte,Tim Albin,2024,-1.5,Favorite,W,O
2024,2024-10-12T20:15:00.000Z,Kirby Smart,Georgia,Georgia,Mississippi St.,Home,41,31,-15.5,-5.5,L,65.5,72,6.5,O,27,10,-16.5,0.5,W,37.5,37,-0.5,U,14,21,1.5,-5.5,L,27.5,35,7.5,O,Georgia,georgia,Kirby Smart,2024,-15.5,Favorite,L,O
2024,2024-10-12T20:15:00.000Z,Jeff Lebby,Mississippi State,Mississippi State,Georgia ,Away,31,41,15.5,5.5,W,65.5,72,6.5,O,10,27,16.5,-0.5,L,37.5,37,-0.5,U,21,14,-1.5,5.5,W,27.5,35,7.5,O,Mississippi State,mississippi state,Jeff Lebby,2024,15.5,Underdog,W,O
2024,2024-10-12T21:00:00.000Z,Bryant Vincent,UL-Monroe,UL-Monroe,Southern Miss,Home,38,21,-18.5,-1.5,L,46.5,59,12.5,O,14,6,-8.5,-0.5,L,22.5,20,-2.5,U,24,15,-9.5,-0.5,L,27.5,39,11.5,O,UL-Monroe,ul-monroe,Bryant Vincent,2024,-18.5,Favorite,L,O
2024,2024-10-12T21:00:00.000Z,Will Hall,Tulane,Southern Miss,ULM,Away,21,38,18.5,1.5,W,46.5,59,12.5,O,6,14,8.5,0.5,W,22.5,20,-2.5,U,15,24,9.5,0.5,W,27.5,39,11.5,O,Tulane,tulane,Will Hall,2024,18.5,Underdog,W,O
2024,2024-10-12T23:00:00.000Z,Bronco Mendenhall,Utah State,New Mexico,Air Force,Home,52,37,-23.5,-8.5,L,89.5,89,-0.5,U,28,17,-7.5,3.5,W,40.5,45,4.5,O,24,20,-10.5,-6.5,L,45.5,44,-1.5,U,Utah State,utah state,Bronco Mendenhall,2024,-23.5,Favorite,L,U
2024,2024-10-12T23:00:00.000Z,Troy Calhoun,Air Force,Air Force,New Mexico,Away,37,52,23.5,8.5,W,89.5,89,-0.5,U,17,28,7.5,-3.5,L,40.5,45,4.5,O,20,24,10.5,6.5,W,45.5,44,-1.5,U,Air Force,air force,Troy Calhoun,2024,23.5,Underdog,W,U
2024,2024-10-12T23:00:00.000Z,Butch Jones,Arkansas State,Arkansas State,Texas State,Away,9,41,31.5,-0.5,L,54.5,50,-4.5,U,9,17,13.5,5.5,W,29.5,26,-3.5,U,0,24,22.5,-1.5,L,29.5,24,-5.5,U,Arkansas State,arkansas state,Butch Jones,2024,31.5,Underdog,L,U
2024,2024-10-12T23:00:00.000Z,Josh Heupel,Tennessee,Tennessee,Florida,Home,23,17,-6.5,-0.5,L,29.5,40,10.5,O,0,3,-7.5,-10.5,L,28.5,3,-25.5,U,23,14,-7.5,1.5,W,26.5,37,10.5,O,Tennessee,tennessee,Josh Heupel,2024,-6.5,Favorite,L,O
2024,2024-10-12T23:00:00.000Z,Billy Napier,James Madison,Florida,Tennessee,Away,17,23,6.5,0.5,W,29.5,40,10.5,O,3,0,7.5,10.5,W,28.5,3,-25.5,U,14,23,7.5,-1.5,L,26.5,37,10.5,O,James Madison,james madison,Billy Napier,2024,6.5,Underdog,W,O
2024,2024-10-12T23:00:00.000Z,Eric Morris,Oklahoma State,North Texas,Florida Atl.,Away,41,37,9.5,13.5,W,67.5,78,10.5,O,17,27,2.5,-7.5,L,40.5,44,3.5,O,24,10,-1.5,12.5,W,26.5,34,7.5,O,Oklahoma State,oklahoma state,Eric Morris,2024,9.5,Underdog,W,O
2024,2024-10-12T23:00:00.000Z,Jeff Traylor,UTSA,UTSA,Rice,Away,27,29,2.5,0.5,W,48.5,56,7.5,O,10,9,2.5,3.5,W,12.5,19,6.5,O,17,20,4.5,1.5,W,26.5,37,10.5,O,UTSA,utsa,Jeff Traylor,2024,2.5,Underdog,W,O
2024,2024-10-12T23:30:00.000Z,Michael Desormeaux,Louisiana,Louisiana,Appalachian St.,Home,34,24,-9.5,0.5,W,57.5,58,0.5,O,17,14,-9.5,-6.5,L,27.5,31,3.5,O,17,10,-2.5,4.5,W,27.5,27,-0.5,U,Louisiana,louisiana,Michael Desormeaux,2024,-9.5,Favorite,W,O
2024,2024-10-12T23:30:00.000Z,Dan Lanning,Oregon,Oregon,Ohio State,Home,32,31,1.5,2.5,W,65.5,63,-2.5,U,22,21,5.5,6.5,W,35.5,43,7.5,O,10,10,2.5,2.5,W,23.5,20,-3.5,U,Oregon,oregon,Dan Lanning,2024,1.5,Underdog,W,U
2024,2024-10-12T23:30:00.000Z,Ryan Day,Ohio State,Ohio State,Oregon,Away,31,32,-1.5,-2.5,L,65.5,63,-2.5,U,21,22,-5.5,-6.5,L,35.5,43,7.5,O,10,10,-2.5,-2.5,L,23.5,20,-3.5,U,Ohio State,ohio state,Ryan Day,2024,-1.5,Favorite,L,U
2024,2024-10-12T23:30:00.000Z,Lane Kiffin,LSU,Ole Miss,LSU Tigers,Away,26,29,-6.5,-9.5,L,42.5,55,12.5,O,17,13,-6.5,-2.5,L,24.5,30,5.5,O,9,16,-1.5,-8.5,L,12.5,25,12.5,O,LSU,lsu,Lane Kiffin,2024,-6.5,Favorite,L,O
2024,2024-10-12T23:30:00.000Z,Jeff Choate,Nevada,Nevada,Oregon State,Home,42,37,-11.5,-6.5,L,72.5,79,6.5,O,14,17,-6.5,-9.5,L,29.5,31,1.5,O,28,20,-6.5,1.5,W,40.5,48,7.5,O,Nevada,nevada,Jeff Choate,2024,-11.5,Favorite,L,O
2024,2024-10-12T23:45:00.000Z,Clark Lea,Vanderbilt,Vanderbilt,Kentucky,Away,20,13,-6.5,0.5,W,44.5,33,-11.5,U,14,7,7.5,14.5,W,22.5,21,-1.5,U,6,6,1.5,1.5,W,15.5,12,-3.5,U,Vanderbilt,vanderbilt,Clark Lea,2024,-6.5,Favorite,W,U
2024,2024-10-13T00:00:00.000Z,Neal Brown,North Texas,West Virginia,Iowa State,Home,16,28,11.5,-0.5,L,44.5,44,-0.5,U,10,14,1.5,-2.5,L,26.5,24,-2.5,U,6,14,3.5,-4.5,L,25.5,20,-5.5,U,North Texas,north texas,Neal Brown,2024,11.5,Underdog,L,U
2024,2024-10-13T00:00:00.000Z,Matt Campbell,Penn State,Iowa State,West Virginia,Away,28,16,-11.5,0.5,W,44.5,44,-0.5,U,14,10,-1.5,2.5,W,26.5,24,-2.5,U,14,6,-3.5,4.5,W,25.5,20,-5.5,U,Penn State,penn state,Matt Campbell,2024,-11.5,Favorite,W,U
2024,2024-10-13T00:00:00.000Z,Clay Helton,Georgia Southern,Georgia Southern,Marshall,Home,24,23,-1.5,-0.5,L,47.5,47,-0.5,U,3,16,9.5,-3.5,L,22.5,19,-3.5,U,21,7,-1.5,12.5,W,27.5,28,0.5,O,Georgia Southern,georgia southern,Clay Helton,2024,-1.5,Favorite,L,U
2024,2024-10-13T00:00:00.000Z,Charles Huff,Memphis,Marshall,Georgia Southern,Away,23,24,1.5,0.5,W,47.5,47,-0.5,U,16,3,-9.5,3.5,W,22.5,19,-3.5,U,7,21,1.5,-12.5,L,27.5,28,0.5,O,Memphis,memphis,Charles Huff,2024,1.5,Underdog,W,U
2024,2024-10-13T00:00:00.000Z,Dave Doeren,NC State,NC State,Syracuse,Home,17,24,9.5,2.5,W,40.5,41,0.5,O,7,10,6.5,3.5,W,9.5,17,7.5,O,10,14,9.5,5.5,W,28.5,24,-4.5,U,NC State,nc state,Dave Doeren,2024,9.5,Underdog,W,O
2024,2024-10-13T00:00:00.000Z,Fran Brown,Syracuse,Syracuse,NC State,Away,24,17,-9.5,-2.5,L,40.5,41,0.5,O,10,7,-6.5,-3.5,L,9.5,17,7.5,O,14,10,-9.5,-5.5,L,28.5,24,-4.5,U,Syracuse,syracuse,Fran Brown,2024,-9.5,Favorite,L,O
2024,2024-10-13T02:15:00.000Z,Deion Sanders,Colorado,Colorado,Kansas St.,Home,28,31,2.5,-0.5,L,51.5,59,7.5,O,7,14,3.5,-3.5,L,21.5,21,-0.5,U,21,17,-3.5,0.5,W,27.5,38,10.5,O,Colorado,colorado,Deion Sanders,2024,2.5,Underdog,L,O
2024,2024-10-13T03:00:00.000Z,Timmy Chang,Hawaii,Hawaii,Boise St,Home,7,28,21.5,0.5,W,36.5,35,-1.5,U,7,13,10.5,4.5,W,30.5,20,-10.5,U,0,15,9.5,-5.5,L,27.5,15,-12.5,U,Hawaii,hawaii,Timmy Chang,2024,21.5,Underdog,W,U
2024,2024-10-13T03:00:00.000Z,Spencer Danielson,Boise State,Boise State,Hawaii,Away,28,7,-21.5,-0.5,L,36.5,35,-1.5,U,13,7,-10.5,-4.5,L,30.5,20,-10.5,U,15,0,-9.5,5.5,W,27.5,15,-12.5,U,Boise State,boise state,Spencer Danielson,2024,-21.5,Favorite,L,U
2024,2024-10-15T23:30:00.000Z,Major Applewhite,South Alabama,South Alabama,Troy,Home,25,9,-16.5,-0.5,L,35.5,34,-1.5,U,19,3,-19.5,-3.5,L,24.5,22,-2.5,U,6,6,-6.5,-6.5,L,6.5,12,5.5,O,South Alabama,south alabama,Major Applewhite,2024,-16.5,Favorite,L,U
2024,2024-10-15T23:30:00.000Z,Gerad Parker,Troy,Troy,South Alabama,Away,9,25,16.5,0.5,W,35.5,34,-1.5,U,3,19,19.5,3.5,W,24.5,22,-2.5,U,6,6,6.5,6.5,W,6.5,12,5.5,O,Troy,troy,Gerad Parker,2024,16.5,Underdog,W,U
2024,2024-10-16T00:00:00.000Z,Derek Mason,Middle Tennessee,Middle Tennessee,Kennesaw St.,Home,14,5,-9.5,-0.5,L,19.5,19,-0.5,U,7,2,-4.5,0.5,W,12.5,9,-3.5,U,7,3,-4.5,-0.5,L,12.5,10,-2.5,U,Middle Tennessee,middle tennessee,Derek Mason,2024,-9.5,Favorite,L,U
2024,2024-10-16T01:00:00.000Z,Tony Sanchez,New Mexico State,New Mexico State,Louisiana Tech,Home,33,30,6.5,9.5,W,41.5,63,21.5,O,10,14,2.5,-1.5,L,17.5,24,6.5,O,20,13,1.5,8.5,W,17.5,33,15.5,O,New Mexico State,new mexico state,Tony Sanchez,2024,6.5,Underdog,W,O
2024,2024-10-16T01:00:00.000Z,Sonny Cumbie,Louisiana Tech,Louisiana Tech,New Mexico St.,Away,30,33,-6.5,-9.5,L,41.5,63,21.5,O,14,10,-2.5,1.5,W,17.5,24,6.5,O,13,20,-1.5,-8.5,L,17.5,33,15.5,O,Louisiana Tech,louisiana tech,Sonny Cumbie,2024,-6.5,Favorite,L,O
2024,2024-10-16T23:00:00.000Z,Tyson Helton,Western Kentucky,Western Kentucky,Sam Houston State Bearkats,Away,31,14,-10.5,6.5,W,51.5,45,-6.5,U,17,14,1.5,4.5,W,33.5,31,-2.5,U,14,0,-13.5,0.5,W,21.5,14,-7.5,U,Western Kentucky,western kentucky,Tyson Helton,2024,-10.5,Favorite,W,U
2024,2024-10-17T01:00:00.000Z,Scotty Walden,UTEP,UTEP,Florida Int.,Home,30,21,-2.5,6.5,W,57.5,51,-6.5,U,17,14,3.5,6.5,W,27.5,31,3.5,O,13,7,-2.5,3.5,W,23.5,20,-3.5,U,UTEP,utep,Scotty Walden,2024,-2.5,Favorite,W,U
2024,2024-10-17T23:00:00.000Z,Charles Huff,Memphis,Marshall,Georgia St.,Home,35,20,-4.5,10.5,W,54.5,55,0.5,O,25,10,-6.5,8.5,W,26.5,35,8.5,O,10,10,7.5,7.5,W,18.5,20,1.5,O,Memphis,memphis,Charles Huff,2024,-4.5,Favorite,W,O
2024,2024-10-17T23:30:00.000Z,Bill O'Brien,Boston College,Boston College,Virginia Tech,Away,21,42,23.5,2.5,W,65.5,63,-2.5,U,0,28,20.5,-7.5,L,24.0,28,4.0,O,21,14,-11.5,-4.5,L,42.5,35,-7.5,U,Boston College,boston college,Bill O'Brien,2024,23.5,Underdog,W,U
2024,2024-10-18T23:00:00.000Z,Manny Diaz,Duke,Duke,Florida State,Home,23,16,-6.5,0.5,W,39.5,39,-0.5,U,17,6,-11.5,-0.5,L,23.5,23,-0.5,U,6,10,4.5,0.5,W,21.5,16,-5.5,U,Duke,duke,Manny Diaz,2024,-6.5,Favorite,W,U
2024,2024-10-18T23:00:00.000Z,Mike Norvell,Florida State,Florida State,Duke,Away,16,23,6.5,-0.5,L,39.5,39,-0.5,U,6,17,11.5,0.5,W,23.5,23,-0.5,U,10,6,-4.5,-0.5,L,21.5,16,-5.5,U,Florida State,florida state,Mike Norvell,2024,6.5,Underdog,L,U
2024,2024-10-19T00:00:00.000Z,Dan Lanning,Oregon,Oregon,Purdue,Away,35,0,-34.5,0.5,W,39.0,35,-4.0,U,21,0,-17.5,3.5,W,32.5,21,-11.5,U,14,0,-11.5,2.5,W,27.5,14,-13.5,U,Oregon,oregon,Dan Lanning,2024,-34.5,Favorite,W,U
2024,2024-10-19T02:15:00.000Z,Kalani Sitake,BYU,BYU,Oklahoma St.,Home,38,35,-2.5,0.5,W,66.5,73,6.5,O,14,21,0.5,-6.5,L,31.5,35,3.5,O,24,14,-9.5,0.5,W,31.5,38,6.5,O,BYU,byu,Kalani Sitake,2024,-2.5,Favorite,W,O
2024,2024-10-19T02:30:00.000Z,Jeff Choate,Nevada,Nevada,Fresno St.,Home,21,24,1.5,-1.5,L,51.5,45,-6.5,U,21,17,2.5,6.5,W,34.5,38,3.5,O,0,7,8.5,1.5,W,14.5,7,-7.5,U,Nevada,nevada,Jeff Choate,2024,1.5,Underdog,L,U
2024,2024-10-19T16:00:00.000Z,Scott Satterfield,Cincinnati,Cincinnati,Arizona St.,Home,24,14,-7.5,2.5,W,39.5,38,-1.5,U,24,7,-12.5,4.5,W,29.5,31,1.5,O,0,7,9.5,2.5,W,13.5,7,-6.5,U,Cincinnati,cincinnati,Scott Satterfield,2024,-7.5,Favorite,W,U
2024,2024-10-19T16:00:00.000Z,Kenny Dillingham,Arizona State,Arizona State,Cincinnati,Away,14,24,7.5,-2.5,L,39.5,38,-1.5,U,7,24,12.5,-4.5,L,29.5,31,1.5,O,7,0,-9.5,-2.5,L,13.5,7,-6.5,U,Arizona State,arizona state,Kenny Dillingham,2024,7.5,Underdog,L,U
2024,2024-10-19T16:00:00.000Z,Eli Drinkwitz,Missouri,Missouri,Auburn,Home,21,17,-3.5,0.5,W,49.5,38,-11.5,U,3,3,-2.5,-2.5,L,24.5,6,-18.5,U,18,14,-2.5,1.5,W,24.5,32,7.5,O,Missouri,missouri,Eli Drinkwitz,2024,-3.5,Favorite,W,U
2024,2024-10-19T16:00:00.000Z,Jeff Monken,Army,Army,East Carolina,Home,45,28,-18.5,-1.5,L,74.5,73,-1.5,U,24,0,-9.5,14.5,W,27.5,24,-3.5,U,21,28,2.5,-4.5,L,40.5,49,8.5,O,Army,army,Jeff Monken,2024,-18.5,Favorite,L,U
2024,2024-10-19T16:00:00.000Z,Michael Desormeaux,Louisiana,Louisiana,Coastal Carolina,Away,34,24,-7.5,2.5,W,60.5,58,-2.5,U,17,14,-4.5,-1.5,L,27.5,31,3.5,O,17,10,-2.5,4.5,W,26.5,27,0.5,O,Louisiana,louisiana,Michael Desormeaux,2024,-7.5,Favorite,W,U
2024,2024-10-19T16:00:00.000Z,Jeff Brohm,Louisville,Louisville,Miami Hurricanes,Home,45,52,7.5,0.5,W,96.5,97,0.5,O,17,24,9.5,2.5,W,30.5,41,10.5,O,28,28,2.5,2.5,W,29.5,56,26.5,O,Louisville,louisville,Jeff Brohm,2024,7.5,Underdog,W,O
2024,2024-10-19T16:00:00.000Z,Mario Cristobal,Miami-FL,Miami-FL,Louisville,Away,52,45,-7.5,-0.5,L,96.5,97,0.5,O,24,17,-9.5,-2.5,L,30.5,41,10.5,O,28,28,-2.5,-2.5,L,29.5,56,26.5,O,Miami-FL,miami-fl,Mario Cristobal,2024,-7.5,Favorite,L,O
2024,2024-10-19T16:00:00.000Z,Curt Cignetti,Indiana,Indiana,Nebraska,Home,56,7,-46.5,2.5,W,63.5,63,-0.5,U,28,7,-13.5,7.5,W,28.5,35,6.5,O,28,0,-19.5,8.5,W,25.5,28,2.5,O,Indiana,indiana,Curt Cignetti,2024,-46.5,Favorite,W,U
2024,2024-10-19T16:00:00.000Z,Matt Rhule,Nebraska,Nebraska,Indiana,Away,7,56,46.5,-2.5,L,63.5,63,-0.5,U,7,28,13.5,-7.5,L,28.5,35,6.5,O,0,28,19.5,-8.5,L,25.5,28,2.5,O,Nebraska,nebraska,Matt Rhule,2024,46.5,Underdog,L,U
2024,2024-10-19T16:00:00.000Z,Greg Schiano,Rutgers,Rutgers,UCLA,Home,32,35,7.5,4.5,W,66.5,67,0.5,O,10,21,1.5,-9.5,L,19.5,31,11.5,O,22,14,1.5,9.5,W,31.5,36,4.5,O,Rutgers,rutgers,Greg Schiano,2024,7.5,Underdog,W,O
2024,2024-10-19T16:00:00.000Z,Dabo Swinney,Clemson,Clemson,Virginia,Home,48,31,-16.5,0.5,W,59.5,79,19.5,O,17,10,-9.5,-2.5,L,29.5,27,-2.5,U,31,21,-17.5,-7.5,L,34.5,52,17.5,O,Clemson,clemson,Dabo Swinney,2024,-16.5,Favorite,W,O
2024,2024-10-19T16:00:00.000Z,Tony Elliott,Virginia,Virginia,Clemson,Away,31,48,16.5,-0.5,L,59.5,79,19.5,O,10,17,9.5,2.5,W,29.5,27,-2.5,U,21,31,17.5,7.5,W,34.5,52,17.5,O,Virginia,virginia,Tony Elliott,2024,16.5,Underdog,L,O
2024,2024-10-19T16:00:00.000Z,Jim Mora,Colorado State,Connecticut,Wake Forest,Home,20,23,2.5,-0.5,L,42.5,43,0.5,O,6,13,1.5,-5.5,L,27.5,19,-8.5,U,14,10,2.5,6.5,W,23.5,24,0.5,O,Colorado State,colorado state,Jim Mora,2024,2.5,Underdog,L,O
2024,2024-10-19T16:00:00.000Z,David Braun,Northwestern,Northwestern,Wisconsin,Home,3,23,20.5,0.5,W,27.5,26,-1.5,U,0,14,7.5,-6.5,L,10.5,14,3.5,O,3,9,12.5,6.5,W,14.5,12,-2.5,U,Northwestern,northwestern,David Braun,2024,20.5,Underdog,W,U
2024,2024-10-19T16:00:00.000Z,Luke Fickell,Wisconsin,Wisconsin,Northwestern,Away,23,3,-20.5,-0.5,L,27.5,26,-1.5,U,14,0,-7.5,6.5,W,10.5,14,3.5,O,9,3,-12.5,-6.5,L,14.5,12,-2.5,U,Wisconsin,wisconsin,Luke Fickell,2024,-20.5,Favorite,L,U
2024,2024-10-19T16:45:00.000Z,Brent Venables,Oklahoma,Oklahoma,South Carolina,Home,9,35,23.5,-2.5,L,50.5,44,-6.5,U,3,32,23.5,-5.5,L,30.5,35,4.5,O,6,3,-3.5,-0.5,L,12.5,9,-3.5,U,Oklahoma,oklahoma,Brent Venables,2024,23.5,Underdog,L,U
2024,2024-10-19T16:45:00.000Z,Shane Beamer,South Carolina,South Carolina,Oklahoma,Away,35,9,-23.5,2.5,W,50.5,44,-6.5,U,32,3,-23.5,5.5,W,30.5,35,4.5,O,3,6,3.5,0.5,W,12.5,9,-3.5,U,South Carolina,south carolina,Shane Beamer,2024,-23.5,Favorite,W,U
2024,2024-10-19T18:00:00.000Z,Chris Creighton,Eastern Michigan,Eastern Michigan,Central Michigan,Home,38,34,-1.5,2.5,W,71.5,72,0.5,O,16,14,-13.5,-11.5,L,16.5,30,13.5,O,22,20,5.5,7.5,W,41.5,42,0.5,O,Eastern Michigan,eastern michigan,Chris Creighton,2024,-1.5,Favorite,W,O
2024,2024-10-19T19:30:00.000Z,Josh Heupel,Tennessee,Tennessee,Alabama,Home,24,17,-3.5,3.5,W,40.5,41,0.5,O,0,7,9.5,2.5,W,13.5,7,-6.5,U,24,10,-4.5,9.5,W,34.5,34,-0.5,U,Tennessee,tennessee,Josh Heupel,2024,-3.5,Favorite,W,O
2024,2024-10-19T19:30:00.000Z,Kalen DeBoer,Alabama,Alabama,Tennessee,Away,17,24,3.5,-3.5,L,40.5,41,0.5,O,7,0,-9.5,-2.5,L,13.5,7,-6.5,U,10,24,4.5,-9.5,L,34.5,34,-0.5,U,Alabama,alabama,Kalen DeBoer,2024,3.5,Underdog,L,O
2024,2024-10-19T19:30:00.000Z,Brian Newberry,Navy,Navy,Charlotte,Home,51,17,-31.5,2.5,W,57.5,68,10.5,O,38,10,-9.5,18.5,W,30.5,48,17.5,O,13,7,-5.5,0.5,W,26.5,20,-6.5,U,Navy,navy,Brian Newberry,2024,-31.5,Favorite,W,O
2024,2024-10-19T19:30:00.000Z,Jeff Traylor,UTSA,UTSA,Florida Atl.,Home,38,24,-3.5,10.5,W,50.5,62,11.5,O,17,17,10.5,10.5,W,36.5,34,-2.5,U,21,7,-6.5,7.5,W,26.5,28,1.5,O,UTSA,utsa,Jeff Traylor,2024,-3.5,Favorite,W,O
2024,2024-10-19T19:30:00.000Z,Timmy Chang,Hawaii,Hawaii,Washington St.,Away,10,42,32.5,0.5,W,53.5,52,-1.5,U,3,21,10.5,-7.5,L,28.5,24,-4.5,U,7,21,8.5,-5.5,L,26.5,28,1.5,O,Hawaii,hawaii,Timmy Chang,2024,32.5,Underdog,W,U
2024,2024-10-19T19:30:00.000Z,Lance Leipold,Kansas,Kansas,Houston,Home,42,14,-27.5,0.5,W,58.5,56,-2.5,U,28,14,-21.5,-7.5,L,35.5,42,6.5,O,14,0,-13.5,0.5,W,14.5,14,-0.5,U,Kansas,kansas,Lance Leipold,2024,-27.5,Favorite,W,U
2024,2024-10-19T19:30:00.000Z,Willie Fritz,Houston,Houston,Kansas,Away,14,42,27.5,-0.5,L,58.5,56,-2.5,U,14,28,21.5,7.5,W,35.5,42,6.5,O,0,14,13.5,-0.5,L,14.5,14,-0.5,U,Houston,houston,Willie Fritz,2024,27.5,Underdog,L,U
2024,2024-10-19T19:30:00.000Z,Bret Bielema,Illinois,Illinois,Michigan,Home,21,7,6.0,20.0,W,44.0,28,-16.0,U,13,7,2.5,8.5,W,21.5,20,-1.5,U,8,0,3.5,11.5,W,22.5,8,-14.5,U,Illinois,illinois,Bret Bielema,2024,6.0,Underdog,W,U
2024,2024-10-19T19:30:00.000Z,Dave Doeren,NC State,NC State,California,Away,24,23,4.5,5.5,W,52.5,47,-5.5,U,10,13,-0.5,-3.5,L,20.5,23,2.5,O,14,10,4.5,8.5,W,22.5,24,1.5,O,NC State,nc state,Dave Doeren,2024,4.5,Underdog,W,U
2024,2024-10-19T19:30:00.000Z,Brent Key,Georgia Tech,Georgia Tech,Notre Dame,Home,13,31,23.5,5.5,W,34.5,44,9.5,O,7,14,7.5,0.5,W,20.5,21,0.5,O,6,17,13.5,2.5,W,16.5,23,6.5,O,Georgia Tech,georgia tech,Brent Key,2024,23.5,Underdog,W,O
2024,2024-10-19T19:30:00.000Z,Marcus Freeman,Notre Dame,Notre Dame,Georgia Tech,Away,31,13,-23.5,-5.5,L,34.5,44,9.5,O,14,7,-7.5,-0.5,L,20.5,21,0.5,O,17,6,-13.5,-2.5,L,16.5,23,6.5,O,Notre Dame,notre dame,Marcus Freeman,2024,-23.5,Favorite,L,O
2024,2024-10-19T19:30:00.000Z,Chuck Martin,Miami-OH,Miami-OH,Ohio,Home,30,20,-9.5,0.5,W,50.5,50,-0.5,U,16,0,-9.5,6.5,W,16.5,16,-0.5,U,14,20,-4.5,-10.5,L,26.5,34,7.5,O,Miami-OH,miami-oh,Chuck Martin,2024,-9.5,Favorite,W,U
2024,2024-10-19T19:30:00.000Z,Tim Albin,Charlotte,Ohio,Miami (OH),Away,20,30,9.5,-0.5,L,50.5,50,-0.5,U,0,16,9.5,-6.5,L,16.5,16,-0.5,U,20,14,4.5,10.5,W,26.5,34,7.5,O,Charlotte,charlotte,Tim Albin,2024,9.5,Underdog,L,U
2024,2024-10-19T19:30:00.000Z,Jon Sumrall,Florida,Tulane,Rice,Home,24,10,-14.5,-0.5,L,35.5,34,-1.5,U,10,7,1.5,4.5,W,13.5,17,3.5,O,14,3,-3.5,7.5,W,18.5,17,-1.5,U,Florida,florida,Jon Sumrall,2024,-14.5,Favorite,L,U
2024,2024-10-19T19:30:00.000Z,Ricky Rahne,Old Dominion,Old Dominion,Texas State,Home,24,14,-7.5,2.5,W,34.5,38,3.5,O,14,0,-3.5,10.5,W,20.5,14,-6.5,U,10,14,9.5,5.5,W,17.5,24,6.5,O,Old Dominion,old dominion,Ricky Rahne,2024,-7.5,Favorite,W,O
2024,2024-10-19T19:30:00.000Z,Jason Candle,Connecticut,Toledo,Northern Illinois,Away,13,6,-4.5,2.5,W,30.5,19,-11.5,U,7,6,2.5,3.5,W,13.5,13,-0.5,U,6,0,-5.5,0.5,W,13.5,6,-7.5,U,Connecticut,connecticut,Jason Candle,2024,-4.5,Favorite,W,U
2024,2024-10-19T19:30:00.000Z,Alex Golesh,Auburn,South Florida,UAB,Home,35,25,-10.5,-0.5,L,62.5,60,-2.5,U,7,9,-8.5,-10.5,L,28.5,16,-12.5,U,28,16,-3.5,8.5,W,43.5,44,0.5,O,Auburn,auburn,Alex Golesh,2024,-10.5,Favorite,L,U
2024,2024-10-19T19:30:00.000Z,Pete Lembo,Buffalo,Buffalo,Western Michigan,Home,41,48,3.5,-3.5,L,92.5,89,-3.5,U,17,28,15.5,4.5,W,44.5,45,0.5,O,24,20,-7.5,-3.5,L,40.5,44,3.5,O,Buffalo,buffalo,Pete Lembo,2024,3.5,Underdog,L,U
2024,2024-10-19T19:30:00.000Z,Lance Taylor,Western Michigan,Western Michigan,Buffalo,Away,48,41,-3.5,3.5,W,92.5,89,-3.5,U,28,17,-15.5,-4.5,L,44.5,45,0.5,O,20,24,7.5,3.5,W,40.5,44,3.5,O,Western Michigan,western michigan,Lance Taylor,2024,-3.5,Favorite,W,U
2024,2024-10-19T20:00:00.000Z,Joey McGuire,Texas Tech,Texas Tech,Baylor,Home,35,59,-5.5,-29.5,L,56.0,94,38.0,O,14,24,-3.5,-13.5,L,28.5,38,9.5,O,21,35,15.5,1.5,W,47.5,56,8.5,O,Texas Tech,texas tech,Joey McGuire,2024,-5.5,Favorite,L,O
2024,2024-10-19T20:00:00.000Z,Dave Aranda,Baylor,Baylor,Texas Tech,Away,59,35,5.5,29.5,W,56.0,94,38.0,O,24,14,3.5,13.5,W,28.5,38,9.5,O,35,21,-15.5,-1.5,L,47.5,56,8.5,O,Baylor,baylor,Dave Aranda,2024,5.5,Underdog,W,O
2024,2024-10-19T20:00:00.000Z,Brent Brennan,Arizona,Arizona,Colorado,Home,7,34,30.5,3.5,W,41.5,41,-0.5,U,7,28,16.5,-4.5,L,33.5,35,1.5,O,0,6,2.5,-3.5,L,6.5,6,-0.5,U,Arizona,arizona,Brent Brennan,2024,30.5,Underdog,W,U
2024,2024-10-19T20:00:00.000Z,Deion Sanders,Colorado,Colorado,Arizona,Away,34,7,-30.5,-3.5,L,41.5,41,-0.5,U,28,7,-16.5,4.5,W,33.5,35,1.5,O,6,0,-2.5,3.5,W,6.5,6,-0.5,U,Colorado,colorado,Deion Sanders,2024,-30.5,Favorite,L,U
2024,2024-10-19T20:00:00.000Z,Clay Helton,Georgia Southern,Georgia Southern,James Madison,Home,28,14,-7.5,6.5,W,48.5,42,-6.5,U,21,0,6.5,27.5,W,29.5,21,-8.5,U,7,14,7.5,0.5,W,27.5,21,-6.5,U,Georgia Southern,georgia southern,Clay Helton,2024,-7.5,Favorite,W,U
2024,2024-10-19T20:00:00.000Z,Bob Chesney,UCLA,James Madison,Georgia Southern,Away,14,28,7.5,-6.5,L,48.5,42,-6.5,U,0,21,-6.5,-27.5,L,29.5,21,-8.5,U,14,7,-7.5,-0.5,L,27.5,21,-6.5,U,UCLA,ucla,Bob Chesney,2024,7.5,Underdog,L,U
2024,2024-10-19T20:00:00.000Z,Bronco Mendenhall,Utah State,New Mexico,Utah State,Away,50,45,-4.5,0.5,W,94.5,95,0.5,O,15,24,4.5,-4.5,L,38.5,39,0.5,O,35,21,-2.5,11.5,W,49.5,56,6.5,O,Utah State,utah state,Bronco Mendenhall,2024,-4.5,Favorite,W,O
2024,2024-10-19T20:00:00.000Z,Mike Locksley,Maryland,Maryland,USC,Home,29,28,6.5,7.5,W,56.5,57,0.5,O,7,21,6.5,-7.5,L,27.5,28,0.5,O,22,7,-8.5,6.5,W,28.5,29,0.5,O,Maryland,maryland,Mike Locksley,2024,6.5,Underdog,W,O
2024,2024-10-19T20:00:00.000Z,Lincoln Riley,USC,USC,Maryland,Away,28,29,-6.5,-7.5,L,56.5,57,0.5,O,21,7,-6.5,7.5,W,27.5,28,0.5,O,7,22,8.5,-6.5,L,28.5,29,0.5,O,USC,usc,Lincoln Riley,2024,-6.5,Favorite,L,O
2024,2024-10-19T20:00:00.000Z,Ken Niumatalolo,San Jose State,San Jose State,Wyoming,Home,24,14,-11.5,-1.5,L,52.5,38,-14.5,U,14,0,-7.5,6.5,W,27.5,14,-13.5,U,10,14,-7.5,-11.5,L,26.5,24,-2.5,U,San Jose State,san jose state,Ken Niumatalolo,2024,-11.5,Favorite,L,U
2024,2024-10-19T20:00:00.000Z,Jay Sawvel,Wyoming,Wyoming,San Jose St.,Away,14,24,11.5,1.5,W,52.5,38,-14.5,U,0,14,7.5,-6.5,L,27.5,14,-13.5,U,14,10,7.5,11.5,W,26.5,24,-2.5,U,Wyoming,wyoming,Jay Sawvel,2024,11.5,Underdog,W,U
2024,2024-10-19T20:15:00.000Z,Jeff Lebby,Mississippi State,Mississippi State,Texas A&M,Home,24,34,21.0,11.0,W,55.5,58,2.5,O,17,21,10.5,6.5,W,28.5,38,9.5,O,7,13,6.5,0.5,W,26.5,20,-6.5,U,Mississippi State,mississippi state,Jeff Lebby,2024,21.0,Underdog,W,O
2024,2024-10-19T20:15:00.000Z,Mike Elko,Texas A&M,Texas A&M,Mississippi St.,Away,34,24,-21.0,-11.0,L,55.5,58,2.5,O,21,17,-10.5,-6.5,L,28.5,38,9.5,O,13,7,-6.5,-0.5,L,26.5,20,-6.5,U,Texas A&M,texas a&m,Mike Elko,2024,-21.0,Favorite,L,O
2024,2024-10-19T23:00:00.000Z,Will Hall,Tulane,Southern Miss,Arkansas St.,Home,28,44,7.0,-9.0,L,57.0,72,15.0,O,21,28,4.5,-2.5,L,28.5,49,20.5,O,7,16,4.5,-4.5,L,27.5,23,-4.5,U,Tulane,tulane,Will Hall,2024,7.0,Underdog,L,O
2024,2024-10-19T23:00:00.000Z,Butch Jones,Arkansas State,Arkansas State,Southern Miss,Away,44,28,-7.0,9.0,W,57.0,72,15.0,O,28,21,-4.5,2.5,W,28.5,49,20.5,O,16,7,-4.5,4.5,W,27.5,23,-4.5,U,Arkansas State,arkansas state,Butch Jones,2024,-7.0,Favorite,W,O
2024,2024-10-19T23:00:00.000Z,Clark Lea,Vanderbilt,Vanderbilt,Ball State,Home,24,14,-10.5,-0.5,L,38.5,38,-0.5,U,14,7,-2.5,4.5,W,20.5,21,0.5,O,10,7,-12.5,-9.5,L,26.5,17,-9.5,U,Vanderbilt,vanderbilt,Clark Lea,2024,-10.5,Favorite,L,U
2024,2024-10-19T23:30:00.000Z,Steve Sarkisian,Texas,Texas,Georgia ,Home,15,30,-4.0,-19.0,L,57.5,45,-12.5,U,0,23,-1.5,-24.5,L,28.5,23,-5.5,U,15,7,-1.5,6.5,W,27.5,22,-5.5,U,Texas,texas,Steve Sarkisian,2024,-4.0,Favorite,L,U
2024,2024-10-19T23:30:00.000Z,Kirby Smart,Georgia,Georgia,Texas,Away,30,15,4.0,19.0,W,57.5,45,-12.5,U,23,0,1.5,24.5,W,28.5,23,-5.5,U,7,15,1.5,-6.5,L,27.5,22,-5.5,U,Georgia,georgia,Kirby Smart,2024,4.0,Underdog,W,U
2024,2024-10-19T23:30:00.000Z,Kirk Ferentz,Iowa,Iowa,Michigan State,Away,20,32,11.5,-0.5,L,48.5,52,3.5,O,0,12,11.5,-0.5,L,15.5,12,-3.5,U,20,20,-3.5,-3.5,L,18.5,40,21.5,O,Iowa,iowa,Kirk Ferentz,2024,11.5,Underdog,L,O
2024,2024-10-19T23:30:00.000Z,Neal Brown,North Texas,West Virginia,Kansas St.,Home,18,45,2.5,-24.5,L,56.5,63,6.5,O,10,17,-1.5,-8.5,L,27.5,27,-0.5,U,8,28,1.5,-18.5,L,27.5,36,8.5,O,North Texas,north texas,Neal Brown,2024,2.5,Underdog,L,O
2024,2024-10-19T23:30:00.000Z,Ryan Silverfield,Arkansas,Memphis,North Texas,Home,52,44,-11.5,-3.5,L,92.5,96,3.5,O,28,24,-7.5,-3.5,L,55.5,52,-3.5,U,24,20,-3.5,0.5,W,32.5,44,11.5,O,Arkansas,arkansas,Ryan Silverfield,2024,-11.5,Favorite,L,O
2024,2024-10-19T23:30:00.000Z,Eric Morris,Oklahoma State,North Texas,Memphis,Away,44,52,11.5,3.5,W,92.5,96,3.5,O,24,28,7.5,3.5,W,55.5,52,-3.5,U,20,24,3.5,-0.5,L,32.5,44,11.5,O,Oklahoma State,oklahoma state,Eric Morris,2024,11.5,Underdog,W,O
2024,2024-10-19T23:30:00.000Z,Matt Campbell,Penn State,Iowa State,UCF,Home,38,35,-13.5,-10.5,L,50.0,73,23.0,O,14,21,-6.5,-13.5,L,31.5,35,3.5,O,24,14,-6.5,3.5,W,23.5,38,14.5,O,Penn State,penn state,Matt Campbell,2024,-13.5,Favorite,L,O
2024,2024-10-19T23:45:00.000Z,Billy Napier,James Madison,Florida,Kentucky,Home,48,20,2.0,30.0,W,42.5,68,25.5,O,27,13,1.5,15.5,W,20.5,40,19.5,O,21,7,1.5,15.5,W,20.5,28,7.5,O,James Madison,james madison,Billy Napier,2024,2.0,Underdog,W,O
2024,2024-10-20T00:00:00.000Z,Troy Calhoun,Air Force,Air Force,Colorado State,Home,13,21,8.0,0.0,P,34.5,34,-0.5,U,0,14,13.5,-0.5,L,16.5,14,-2.5,U,13,7,2.5,8.5,W,20.0,20,0.0,P,Air Force,air force,Troy Calhoun,2024,8.0,Underdog,P,U
2024,2024-10-20T00:00:00.000Z,Rhett Lashlee,SMU,SMU,Stanford,Away,40,10,-29.5,0.5,W,50.5,50,-0.5,U,31,7,-20.5,3.5,W,35.5,38,2.5,O,9,3,-7.5,-1.5,L,24.5,12,-12.5,U,SMU,smu,Rhett Lashlee,2024,-29.5,Favorite,W,U
2024,2024-10-20T02:00:00.000Z,Barry Odom,Purdue,UNLV,Oregon State,Away,33,25,-6.5,1.5,W,56.5,58,1.5,O,16,17,-3.5,-4.5,L,31.0,33,2.0,O,17,8,-3.5,5.5,W,29.5,25,-4.5,U,Purdue,purdue,Barry Odom,2024,-6.5,Favorite,W,O
2024,2024-10-20T02:30:00.000Z,Kyle Whittingham,Michigan,Utah,TCU,Home,7,13,5.5,-0.5,L,26.5,20,-6.5,U,0,10,9.5,-0.5,L,24.5,10,-14.5,U,7,3,-1.5,2.5,W,26.5,10,-16.5,U,Michigan,michigan,Kyle Whittingham,2024,5.5,Underdog,L,U
2024,2024-10-20T02:30:00.000Z,Sonny Dykes,TCU,TCU,Utah,Away,13,7,-5.5,0.5,W,26.5,20,-6.5,U,10,0,-9.5,0.5,W,24.5,10,-14.5,U,3,7,1.5,-2.5,L,26.5,10,-16.5,U,TCU,tcu,Sonny Dykes,2024,-5.5,Favorite,W,U
2024,2024-10-23T00:00:00.000Z,Sonny Cumbie,Louisiana Tech,Louisiana Tech,UTEP,Home,14,10,-3.5,0.5,W,30.5,24,-6.5,U,7,7,-3.5,-3.5,L,24.5,14,-10.5,U,7,3,-3.5,0.5,W,23.5,10,-13.5,U,Louisiana Tech,louisiana tech,Sonny Cumbie,2024,-3.5,Favorite,W,U
2024,2024-10-23T00:00:00.000Z,Scotty Walden,UTEP,UTEP,Louisiana Tech,Away,10,14,3.5,-0.5,L,30.5,24,-6.5,U,7,7,3.5,3.5,W,24.5,14,-10.5,U,3,7,3.5,-0.5,L,23.5,10,-13.5,U,UTEP,utep,Scotty Walden,2024,3.5,Underdog,L,U
2024,2024-10-23T23:00:00.000Z,Jamey Chadwell,Liberty,Liberty,Kennesaw St.,Away,24,27,6.5,3.5,W,48.5,51,2.5,O,14,14,4.5,4.5,W,24.5,28,3.5,O,10,13,-11.5,-14.5,L,21.5,23,1.5,O,Liberty,liberty,Jamey Chadwell,2024,6.5,Underdog,W,O
2024,2024-10-23T23:30:00.000Z,Rich Rodriguez,West Virginia,Jacksonville State,Middle Tennessee St.,Home,42,20,-21.5,0.5,W,68.5,62,-6.5,U,14,10,-4.5,-0.5,L,30.5,24,-6.5,U,28,10,-17.5,0.5,W,43.5,38,-5.5,U,West Virginia,west virginia,Rich Rodriguez,2024,-21.5,Favorite,W,U
2024,2024-10-23T23:30:00.000Z,Derek Mason,Middle Tennessee,Middle Tennessee,Jacksonville State Gamecocks,Away,20,42,21.5,-0.5,L,68.5,62,-6.5,U,10,14,4.5,0.5,W,30.5,24,-6.5,U,10,28,17.5,-0.5,L,43.5,38,-5.5,U,Middle Tennessee,middle tennessee,Derek Mason,2024,21.5,Underdog,L,U
2024,2024-10-24T23:00:00.000Z,Ricky Rahne,Old Dominion,Old Dominion,Georgia Southern,Home,47,19,-28.5,-0.5,L,66.5,66,-0.5,U,30,7,-16.5,6.5,W,36.5,37,0.5,O,17,12,-8.5,-3.5,L,29.5,29,-0.5,U,Old Dominion,old dominion,Ricky Rahne,2024,-28.5,Favorite,L,U
2024,2024-10-24T23:00:00.000Z,Clay Helton,Georgia Southern,Georgia Southern,Old Dominion,Away,19,47,28.5,0.5,W,66.5,66,-0.5,U,7,30,16.5,-6.5,L,36.5,37,0.5,O,12,17,8.5,3.5,W,29.5,29,-0.5,U,Georgia Southern,georgia southern,Clay Helton,2024,28.5,Underdog,W,U
2024,2024-10-24T23:30:00.000Z,Pat Narduzzi,Pittsburgh,Pittsburgh,Syracuse,Home,41,13,-24.5,3.5,W,59.5,54,-5.5,U,31,0,-20.5,10.5,W,31.5,31,-0.5,U,10,13,2.5,-0.5,L,26.5,23,-3.5,U,Pittsburgh,pittsburgh,Pat Narduzzi,2024,-24.5,Favorite,W,U
2024,2024-10-24T23:30:00.000Z,Fran Brown,Syracuse,Syracuse,Pittsburgh,Away,13,41,24.5,-3.5,L,59.5,54,-5.5,U,0,31,20.5,-10.5,L,31.5,31,-0.5,U,13,10,-2.5,0.5,W,26.5,23,-3.5,U,Syracuse,syracuse,Fran Brown,2024,24.5,Underdog,L,U
2024,2024-10-25T23:30:00.000Z,Bill O'Brien,Boston College,Boston College,Louisville,Home,27,31,2.5,-1.5,L,58.5,58,-0.5,U,20,7,-17.5,-4.5,L,27.5,27,-0.5,U,7,24,17.5,0.5,W,37.5,31,-6.5,U,Boston College,boston college,Bill O'Brien,2024,2.5,Underdog,L,U
2024,2024-10-25T23:30:00.000Z,Jeff Brohm,Louisville,Louisville,Boston College,Away,31,27,-2.5,1.5,W,58.5,58,-0.5,U,7,20,17.5,4.5,W,27.5,27,-0.5,U,24,7,-17.5,-0.5,L,37.5,31,-6.5,U,Louisville,louisville,Jeff Brohm,2024,-2.5,Favorite,W,U
2024,2024-10-26T02:30:00.000Z,Barry Odom,Purdue,UNLV,Boise St,Home,24,29,5.5,0.5,W,59.0,53,-6.0,U,10,20,3.5,-6.5,L,31.5,30,-1.5,U,14,9,-4.5,0.5,W,30.5,23,-7.5,U,Purdue,purdue,Barry Odom,2024,5.5,Underdog,W,U
2024,2024-10-26T02:30:00.000Z,Spencer Danielson,Boise State,Boise State,UNLV,Away,29,24,-5.5,-0.5,L,59.0,53,-6.0,U,20,10,-3.5,6.5,W,31.5,30,-1.5,U,9,14,4.5,-0.5,L,30.5,23,-7.5,U,Boise State,boise state,Spencer Danielson,2024,-5.5,Favorite,L,U
2024,2024-10-26T03:00:00.000Z,Lincoln Riley,USC,USC,Rutgers,Home,42,20,-22.5,-0.5,L,68.5,62,-6.5,U,28,12,-8.5,7.5,W,29.5,40,10.5,O,14,8,-6.5,-0.5,L,27.5,22,-5.5,U,USC,usc,Lincoln Riley,2024,-22.5,Favorite,L,U
2024,2024-10-26T03:00:00.000Z,Greg Schiano,Rutgers,Rutgers,USC,Away,20,42,22.5,0.5,W,68.5,62,-6.5,U,12,28,8.5,-7.5,L,29.5,40,10.5,O,8,14,6.5,0.5,W,27.5,22,-5.5,U,Rutgers,rutgers,Greg Schiano,2024,22.5,Underdog,W,U
2024,2024-10-26T16:00:00.000Z,Tim Albin,Charlotte,Ohio,Buffalo,Home,47,16,-31.5,-0.5,L,66.5,63,-3.5,U,24,10,-3.5,10.5,W,27.5,34,6.5,O,23,6,-17.5,-0.5,L,32.5,29,-3.5,U,Charlotte,charlotte,Tim Albin,2024,-31.5,Favorite,L,U
2024,2024-10-26T16:00:00.000Z,Pete Lembo,Buffalo,Buffalo,Ohio,Away,16,47,31.5,0.5,W,66.5,63,-3.5,U,10,24,3.5,-10.5,L,27.5,34,6.5,O,6,23,17.5,0.5,W,32.5,29,-3.5,U,Buffalo,buffalo,Pete Lembo,2024,31.5,Underdog,W,U
2024,2024-10-26T16:00:00.000Z,Ryan Silverfield,Arkansas,Memphis,Charlotte,Home,33,28,-2.5,2.5,W,49.5,61,11.5,O,7,7,-9.5,-9.5,L,29.5,14,-15.5,U,26,21,-7.5,-2.5,L,26.5,47,20.5,O,Arkansas,arkansas,Ryan Silverfield,2024,-2.5,Favorite,W,O
2024,2024-10-26T16:00:00.000Z,Brent Key,Georgia Tech,Georgia Tech,Virginia Tech,Away,6,21,14.5,-0.5,L,30.5,27,-3.5,U,6,14,4.5,-3.5,L,19.5,20,0.5,O,0,7,7.5,0.5,W,13.5,7,-6.5,U,Georgia Tech,georgia tech,Brent Key,2024,14.5,Underdog,L,U
2024,2024-10-26T16:00:00.000Z,Ryan Day,Ohio State,Ohio State,Nebraska,Home,21,17,-3.5,0.5,W,39.5,38,-1.5,U,14,6,-13.5,-5.5,L,24.5,20,-4.5,U,7,11,-10.5,-14.5,L,23.5,18,-5.5,U,Ohio State,ohio state,Ryan Day,2024,-3.5,Favorite,W,U
2024,2024-10-26T16:00:00.000Z,Matt Rhule,Nebraska,Nebraska,Ohio State,Away,17,21,3.5,-0.5,L,39.5,38,-1.5,U,6,14,13.5,5.5,W,24.5,20,-4.5,U,11,7,10.5,14.5,W,23.5,18,-5.5,U,Nebraska,nebraska,Matt Rhule,2024,3.5,Underdog,L,U
2024,2024-10-26T16:00:00.000Z,Tony Elliott,Virginia,Virginia,North Carolina,Home,14,41,26.5,-0.5,L,58.5,55,-3.5,U,6,24,4.5,-13.5,L,21.5,30,8.5,O,8,17,8.5,-0.5,L,29.5,25,-4.5,U,Virginia,virginia,Tony Elliott,2024,26.5,Underdog,L,U
2024,2024-10-26T16:00:00.000Z,Brian Newberry,Navy,Navy,Notre Dame,Home,14,51,37.5,0.5,W,66.5,65,-1.5,U,7,31,20.5,-3.5,L,42.5,38,-4.5,U,7,20,7.5,-5.5,L,23.5,27,3.5,O,Navy,navy,Brian Newberry,2024,37.5,Underdog,W,U
2024,2024-10-26T16:00:00.000Z,Marcus Freeman,Notre Dame,Notre Dame,Navy,Away,51,14,-37.5,-0.5,L,66.5,65,-1.5,U,31,7,-20.5,3.5,W,42.5,38,-4.5,U,20,7,-7.5,5.5,W,23.5,27,3.5,O,Notre Dame,notre dame,Marcus Freeman,2024,-37.5,Favorite,L,U
2024,2024-10-26T16:00:00.000Z,Lane Kiffin,LSU,Ole Miss,Oklahoma,Home,26,14,-9.5,2.5,W,40.5,40,-0.5,U,10,14,-7.5,-11.5,L,24.5,24,-0.5,U,16,0,-15.5,0.5,W,21.5,16,-5.5,U,LSU,lsu,Lane Kiffin,2024,-9.5,Favorite,W,U
2024,2024-10-26T16:00:00.000Z,Brent Venables,Oklahoma,Oklahoma,Ole Miss,Away,14,26,9.5,-2.5,L,40.5,40,-0.5,U,14,10,7.5,11.5,W,24.5,24,-0.5,U,0,16,15.5,-0.5,L,21.5,16,-5.5,U,Oklahoma,oklahoma,Brent Venables,2024,9.5,Underdog,L,U
2024,2024-10-26T16:00:00.000Z,Eric Morris,Oklahoma State,North Texas,Tulane,Home,37,45,7.5,-0.5,L,81.5,82,0.5,O,17,31,18.5,4.5,W,40.5,48,7.5,O,20,14,3.5,9.5,W,31.5,34,2.5,O,Oklahoma State,oklahoma state,Eric Morris,2024,7.5,Underdog,L,O
2024,2024-10-26T16:00:00.000Z,Jon Sumrall,Florida,Tulane,North Texas,Away,45,37,-7.5,0.5,W,81.5,82,0.5,O,31,17,-18.5,-4.5,L,40.5,48,7.5,O,14,20,-3.5,-9.5,L,31.5,34,2.5,O,Florida,florida,Jon Sumrall,2024,-7.5,Favorite,W,O
2024,2024-10-26T16:00:00.000Z,Curt Cignetti,Indiana,Indiana,Washington,Home,31,17,-14.5,-0.5,L,51.5,48,-3.5,U,17,7,-2.5,7.5,W,27.5,24,-3.5,U,14,10,-3.5,0.5,W,26.5,24,-2.5,U,Indiana,indiana,Curt Cignetti,2024,-14.5,Favorite,L,U
2024,2024-10-26T16:00:00.000Z,Jedd Fisch,Washington,Washington,Indiana,Away,17,31,14.5,0.5,W,51.5,48,-3.5,U,7,17,2.5,-7.5,L,27.5,24,-3.5,U,10,14,3.5,-0.5,L,26.5,24,-2.5,U,Washington,washington,Jedd Fisch,2024,14.5,Underdog,W,U
2024,2024-10-26T16:45:00.000Z,Jeff Lebby,Mississippi State,Mississippi State,Arkansas,Home,25,58,32.5,-0.5,L,86.0,83,-3.0,U,10,31,16.5,-4.5,L,44.5,41,-3.5,U,15,27,1.5,-10.5,L,40.5,42,1.5,O,Mississippi State,mississippi state,Jeff Lebby,2024,32.5,Underdog,L,U
2024,2024-10-26T18:00:00.000Z,Chuck Martin,Miami-OH,Miami-OH,Central Michigan,Home,46,7,-36.5,2.5,W,52.5,53,0.5,O,16,7,-5.5,3.5,W,23.5,23,-0.5,U,30,0,-26.5,3.5,W,27.5,30,2.5,O,Miami-OH,miami-oh,Chuck Martin,2024,-36.5,Favorite,W,O
2024,2024-10-26T19:30:00.000Z,Kalani Sitake,BYU,BYU,UCF,Away,37,24,-12.5,0.5,W,61.5,61,-0.5,U,24,10,-1.5,12.5,W,27.5,34,6.5,O,13,14,-2.5,-3.5,L,24.5,27,2.5,O,BYU,byu,Kalani Sitake,2024,-12.5,Favorite,W,U
2024,2024-10-26T19:30:00.000Z,Jason Candle,Connecticut,Toledo,Bowling Green,Home,26,41,12.5,-2.5,L,73.5,67,-6.5,U,20,28,-1.5,-9.5,L,23.5,48,24.5,O,6,13,-1.5,-8.5,L,23.5,19,-4.5,U,Connecticut,connecticut,Jason Candle,2024,12.5,Underdog,L,U
2024,2024-10-26T19:30:00.000Z,Joe Moorhead,Akron,Akron,Eastern Michigan,Home,25,21,-1.5,2.5,W,46.5,46,-0.5,U,18,0,-11.5,6.5,W,17.5,18,0.5,O,7,21,20.5,6.5,W,27.5,28,0.5,O,Akron,akron,Joe Moorhead,2024,-1.5,Favorite,W,U
2024,2024-10-26T19:30:00.000Z,Chris Creighton,Eastern Michigan,Eastern Michigan,Akron,Away,21,25,1.5,-2.5,L,46.5,46,-0.5,U,0,18,11.5,-6.5,L,17.5,18,0.5,O,21,7,-20.5,-6.5,L,27.5,28,0.5,O,Eastern Michigan,eastern michigan,Chris Creighton,2024,1.5,Underdog,L,U
2024,2024-10-26T19:30:00.000Z,Dan Lanning,Oregon,Oregon,Illinois,Home,38,9,-29.5,-0.5,L,53.5,47,-6.5,U,35,3,-25.5,6.5,W,37.5,38,0.5,O,3,6,3.5,0.5,W,12.5,9,-3.5,U,Oregon,oregon,Dan Lanning,2024,-29.5,Favorite,L,U
2024,2024-10-26T19:30:00.000Z,Bret Bielema,Illinois,Illinois,Oregon,Away,9,38,29.5,0.5,W,53.5,47,-6.5,U,3,35,25.5,-6.5,L,37.5,38,0.5,O,6,3,-3.5,-0.5,L,12.5,9,-3.5,U,Illinois,illinois,Bret Bielema,2024,29.5,Underdog,W,U
2024,2024-10-26T19:30:00.000Z,Lance Taylor,Western Michigan,Western Michigan,Kent State,Home,52,21,-31.5,-0.5,L,72.5,73,0.5,O,38,7,-37.5,-6.5,L,39.5,45,5.5,O,14,14,-8.5,-8.5,L,26.5,28,1.5,O,Western Michigan,western michigan,Lance Taylor,2024,-31.5,Favorite,L,O
2024,2024-10-26T19:30:00.000Z,Mike Locksley,Maryland,Maryland,Minnesota,Away,23,48,29.5,4.5,W,65.5,71,5.5,O,10,34,2.5,-21.5,L,22.5,44,21.5,O,13,14,3.5,2.5,W,22.5,27,4.5,O,Maryland,maryland,Mike Locksley,2024,29.5,Underdog,W,O
2024,2024-10-26T19:30:00.000Z,Kalen DeBoer,Alabama,Alabama,Missouri,Home,34,0,-35.5,-1.5,L,40.5,34,-6.5,U,13,0,-6.5,6.5,W,8.5,13,4.5,O,21,0,-7.5,13.5,W,24.5,21,-3.5,U,Alabama,alabama,Kalen DeBoer,2024,-35.5,Favorite,L,U
2024,2024-10-26T19:30:00.000Z,Eli Drinkwitz,Missouri,Missouri,Alabama,Away,0,34,35.5,1.5,W,40.5,34,-6.5,U,0,13,6.5,-6.5,L,8.5,13,4.5,O,0,21,7.5,-13.5,L,24.5,21,-3.5,U,Missouri,missouri,Eli Drinkwitz,2024,35.5,Underdog,W,U
2024,2024-10-26T19:30:00.000Z,Kirk Ferentz,Iowa,Iowa,Northwestern,Home,40,14,-25.5,0.5,W,54.5,54,-0.5,U,12,7,-7.5,-2.5,L,19.5,19,-0.5,U,28,7,-8.5,12.5,W,17.5,35,17.5,O,Iowa,iowa,Kirk Ferentz,2024,-25.5,Favorite,W,U
2024,2024-10-26T19:30:00.000Z,David Braun,Northwestern,Northwestern,Iowa,Away,14,40,25.5,-0.5,L,54.5,54,-0.5,U,7,12,7.5,2.5,W,19.5,19,-0.5,U,7,28,8.5,-12.5,L,17.5,35,17.5,O,Northwestern,northwestern,David Braun,2024,25.5,Underdog,L,U
2024,2024-10-26T19:30:00.000Z,Dave Aranda,Baylor,Baylor,Oklahoma St.,Home,38,28,-9.5,0.5,W,65.5,66,0.5,O,17,17,-6.5,-6.5,L,33.5,34,0.5,O,21,11,-7.5,2.5,W,26.5,32,5.5,O,Baylor,baylor,Dave Aranda,2024,-9.5,Favorite,W,O
2024,2024-10-26T19:30:00.000Z,Jim Mora,Colorado State,Connecticut,Rice,Home,17,10,-7.5,-0.5,L,23.5,27,3.5,O,0,3,3.5,0.5,W,6.5,3,-3.5,U,17,7,-14.5,-4.5,L,20.5,24,3.5,O,Colorado State,colorado state,Jim Mora,2024,-7.5,Favorite,L,O
2024,2024-10-26T19:30:00.000Z,Bob Chesney,UCLA,James Madison,Southern Miss,Home,32,15,-17.5,-0.5,L,48.5,47,-1.5,U,17,9,-13.5,-5.5,L,28.5,26,-2.5,U,15,6,-9.5,-0.5,L,27.5,21,-6.5,U,UCLA,ucla,Bob Chesney,2024,-17.5,Favorite,L,U
2024,2024-10-26T19:30:00.000Z,Will Hall,Tulane,Southern Miss,James Madison,Away,15,32,17.5,0.5,W,48.5,47,-1.5,U,9,17,13.5,5.5,W,28.5,26,-2.5,U,6,15,9.5,0.5,W,27.5,21,-6.5,U,Tulane,tulane,Will Hall,2024,17.5,Underdog,W,U
2024,2024-10-26T19:30:00.000Z,Sonny Dykes,TCU,TCU,Texas Tech,Home,35,34,-5.0,-4.0,L,66.5,69,2.5,O,14,17,-3.5,-6.5,L,33.5,31,-2.5,U,21,17,2.5,6.5,W,39.5,38,-1.5,U,TCU,tcu,Sonny Dykes,2024,-5.0,Favorite,L,O
2024,2024-10-26T19:30:00.000Z,Joey McGuire,Texas Tech,Texas Tech,TCU,Away,34,35,5.0,4.0,W,66.5,69,2.5,O,17,14,3.5,6.5,W,33.5,31,-2.5,U,17,21,-2.5,-6.5,L,39.5,38,-1.5,U,Texas Tech,texas tech,Joey McGuire,2024,5.0,Underdog,W,O
2024,2024-10-26T19:30:00.000Z,Jeff Traylor,UTSA,UTSA,Tulsa,Away,45,46,-1.5,-2.5,L,81.5,91,9.5,O,35,7,-20.5,7.5,W,37.5,42,4.5,O,10,39,17.5,-11.5,L,41.5,49,7.5,O,UTSA,utsa,Jeff Traylor,2024,-1.5,Favorite,L,O
2024,2024-10-26T20:15:00.000Z,Clark Lea,Vanderbilt,Vanderbilt,Texas,Home,24,27,7.5,4.5,W,45.5,51,5.5,O,10,21,9.5,-1.5,L,26.5,31,4.5,O,14,6,7.5,15.5,W,23.5,20,-3.5,U,Vanderbilt,vanderbilt,Clark Lea,2024,7.5,Underdog,W,O
2024,2024-10-26T20:15:00.000Z,Steve Sarkisian,Texas,Texas,Vanderbilt,Away,27,24,-7.5,-4.5,L,45.5,51,5.5,O,21,10,-9.5,1.5,W,26.5,31,4.5,O,6,14,-7.5,-15.5,L,23.5,20,-3.5,U,Texas,texas,Steve Sarkisian,2024,-7.5,Favorite,L,O
2024,2024-10-26T21:00:00.000Z,Bronco Mendenhall,Utah State,New Mexico,Colorado State,Away,6,17,14.5,3.5,W,24.0,23,-1.0,U,3,17,11.5,-2.5,L,23.5,20,-3.5,U,3,0,-3.5,-0.5,L,8.5,3,-5.5,U,Utah State,utah state,Bronco Mendenhall,2024,14.5,Underdog,W,U
2024,2024-10-26T21:00:00.000Z,Major Applewhite,South Alabama,South Alabama,ULM,Home,46,17,-22.5,6.5,W,57.5,63,5.5,O,12,17,2.5,-2.5,L,29.5,29,-0.5,U,34,0,-4.5,29.5,W,21.5,34,12.5,O,South Alabama,south alabama,Major Applewhite,2024,-22.5,Favorite,W,O
2024,2024-10-26T21:00:00.000Z,Bryant Vincent,UL-Monroe,UL-Monroe,South Alabama,Away,17,46,22.5,-6.5,L,57.5,63,5.5,O,17,12,-2.5,2.5,W,29.5,29,-0.5,U,0,34,4.5,-29.5,L,21.5,34,12.5,O,UL-Monroe,ul-monroe,Bryant Vincent,2024,22.5,Underdog,L,O
2024,2024-10-26T23:00:00.000Z,Mario Cristobal,Miami-FL,Miami-FL,Florida State,Home,36,14,-28.5,-6.5,L,37.5,50,12.5,O,17,7,-11.5,-1.5,L,27.5,24,-3.5,U,19,7,-9.5,2.5,W,12.5,26,13.5,O,Miami-FL,miami-fl,Mario Cristobal,2024,-28.5,Favorite,L,O
2024,2024-10-26T23:00:00.000Z,Mike Norvell,Florida State,Florida State,Miami Hurricanes,Away,14,36,28.5,6.5,W,37.5,50,12.5,O,7,17,11.5,1.5,W,27.5,24,-3.5,U,7,19,9.5,-2.5,L,12.5,26,13.5,O,Florida State,florida state,Mike Norvell,2024,28.5,Underdog,W,O
2024,2024-10-26T23:00:00.000Z,Butch Jones,Arkansas State,Arkansas State,Troy,Home,34,31,-2.5,0.5,W,69.5,65,-4.5,U,23,3,-16.5,3.5,W,26.5,26,-0.5,U,11,28,14.5,-2.5,L,33.5,39,5.5,O,Arkansas State,arkansas state,Butch Jones,2024,-2.5,Favorite,W,U
2024,2024-10-26T23:00:00.000Z,Gerad Parker,Troy,Troy,Arkansas St.,Away,31,34,2.5,-0.5,L,69.5,65,-4.5,U,3,23,16.5,-3.5,L,26.5,26,-0.5,U,28,11,-14.5,2.5,W,33.5,39,5.5,O,Troy,troy,Gerad Parker,2024,2.5,Underdog,L,U
2024,2024-10-26T23:00:00.000Z,Willie Fritz,Houston,Houston,Utah,Home,17,14,-2.5,0.5,W,31.5,31,-0.5,U,7,7,0.5,0.5,W,19.5,14,-5.5,U,10,7,-2.5,0.5,W,20.5,17,-3.5,U,Houston,houston,Willie Fritz,2024,-2.5,Favorite,W,U
2024,2024-10-26T23:00:00.000Z,Kyle Whittingham,Michigan,Utah,Houston,Away,14,17,2.5,-0.5,L,31.5,31,-0.5,U,7,7,-0.5,-0.5,L,19.5,14,-5.5,U,7,10,2.5,-0.5,L,20.5,17,-3.5,U,Michigan,michigan,Kyle Whittingham,2024,2.5,Underdog,L,U
2024,2024-10-26T23:00:00.000Z,Jay Sawvel,Wyoming,Wyoming,Utah State,Home,25,27,1.5,-0.5,L,52.5,52,-0.5,U,10,17,0.5,-6.5,L,24.5,27,2.5,O,15,10,-5.5,-0.5,L,24.5,25,0.5,O,Wyoming,wyoming,Jay Sawvel,2024,1.5,Underdog,L,U
2024,2024-10-26T23:00:00.000Z,Brent Brennan,Arizona,Arizona,West Virginia,Home,26,31,4.5,-0.5,L,57.5,57,-0.5,U,7,17,2.5,-7.5,L,23.5,24,0.5,O,19,14,1.5,6.5,W,32.5,33,0.5,O,Arizona,arizona,Brent Brennan,2024,4.5,Underdog,L,U
2024,2024-10-26T23:00:00.000Z,Neal Brown,North Texas,West Virginia,Arizona,Away,31,26,-4.5,0.5,W,57.5,57,-0.5,U,17,7,-2.5,7.5,W,23.5,24,0.5,O,14,19,-1.5,-6.5,L,32.5,33,0.5,O,North Texas,north texas,Neal Brown,2024,-4.5,Favorite,W,U
2024,2024-10-26T23:30:00.000Z,Mike Elko,Texas A&M,Texas A&M,LSU Tigers,Home,38,23,-12.5,2.5,W,61.5,61,-0.5,U,7,17,8.5,-1.5,L,27.5,24,-3.5,U,31,6,-24.5,0.5,W,41.5,37,-4.5,U,Texas A&M,texas a&m,Mike Elko,2024,-12.5,Favorite,W,U
2024,2024-10-26T23:30:00.000Z,Luke Fickell,Wisconsin,Wisconsin,Penn State,Home,13,28,14.5,-0.5,L,42.5,41,-1.5,U,10,7,3.5,6.5,W,23.5,17,-6.5,U,3,21,3.5,-14.5,L,23.5,24,0.5,O,Wisconsin,wisconsin,Luke Fickell,2024,14.5,Underdog,L,U
2024,2024-10-26T23:30:00.000Z,James Franklin,Virginia Tech,Penn State,Wisconsin,Away,28,13,-14.5,0.5,W,42.5,41,-1.5,U,7,10,-3.5,-6.5,L,23.5,17,-6.5,U,21,3,-3.5,14.5,W,23.5,24,0.5,O,Virginia Tech,virginia tech,James Franklin,2024,-14.5,Favorite,W,U
2024,2024-10-27T02:15:00.000Z,Deion Sanders,Colorado,Colorado,Cincinnati,Home,34,23,-8.5,2.5,W,54.5,57,2.5,O,24,14,-3.5,6.5,W,37.5,38,0.5,O,10,9,-3.5,-2.5,L,16.5,19,2.5,O,Colorado,colorado,Deion Sanders,2024,-8.5,Favorite,W,O
2024,2024-10-27T02:15:00.000Z,Scott Satterfield,Cincinnati,Cincinnati,Colorado,Away,23,34,8.5,-2.5,L,54.5,57,2.5,O,14,24,3.5,-6.5,L,37.5,38,0.5,O,9,10,3.5,2.5,W,16.5,19,2.5,O,Cincinnati,cincinnati,Scott Satterfield,2024,8.5,Underdog,L,O
2024,2024-10-27T02:30:00.000Z,Sean Lewis,San Diego State,San Diego State,Washington St.,Home,26,29,2.5,-0.5,L,61.5,55,-6.5,U,12,14,14.5,12.5,W,26.5,26,-0.5,U,14,15,-2.5,-3.5,L,28.5,29,0.5,O,San Diego State,san diego state,Sean Lewis,2024,2.5,Underdog,L,U
2024,2024-10-27T04:00:00.000Z,Timmy Chang,Hawaii,Hawaii,Nevada,Home,34,13,-20.5,0.5,W,48.0,47,-1.0,U,17,0,-13.5,3.5,W,20.5,17,-3.5,U,17,13,1.5,5.5,W,30.5,30,-0.5,U,Hawaii,hawaii,Timmy Chang,2024,-20.5,Favorite,W,U
2024,2024-10-27T04:00:00.000Z,Jeff Choate,Nevada,Nevada,Hawaii,Away,13,34,20.5,-0.5,L,48.0,47,-1.0,U,0,17,13.5,-3.5,L,20.5,17,-3.5,U,13,17,-1.5,-5.5,L,30.5,30,-0.5,U,Nevada,nevada,Jeff Choate,2024,20.5,Underdog,L,U
2024,2024-10-29T23:00:00.000Z,Tony Sanchez,New Mexico State,New Mexico State,Florida Int.,Away,13,34,20.5,-0.5,L,40.5,47,6.5,O,6,7,3.5,2.5,W,13.5,13,-0.5,U,7,27,12.5,-7.5,L,33.5,34,0.5,O,New Mexico State,new mexico state,Tony Sanchez,2024,20.5,Underdog,L,O
2024,2024-10-29T23:30:00.000Z,Michael Desormeaux,Louisiana,Louisiana,Texas State,Away,23,17,-5.5,0.5,W,46.5,40,-6.5,U,14,6,-1.5,6.5,W,18.5,20,1.5,O,9,11,2.5,0.5,W,26.5,20,-6.5,U,Louisiana,louisiana,Michael Desormeaux,2024,-5.5,Favorite,W,U
2024,2024-10-30T23:00:00.000Z,Jamey Chadwell,Liberty,Liberty,Jacksonville State Gamecocks,Home,21,31,3.5,-6.5,L,58.5,52,-6.5,U,14,14,1.5,1.5,W,31.5,28,-3.5,U,7,17,1.5,-8.5,L,27.5,24,-3.5,U,Liberty,liberty,Jamey Chadwell,2024,3.5,Underdog,L,U
2024,2024-10-30T23:00:00.000Z,Rich Rodriguez,West Virginia,Jacksonville State,Liberty Flames,Away,31,21,-3.5,6.5,W,58.5,52,-6.5,U,14,14,-1.5,-1.5,L,31.5,28,-3.5,U,17,7,-1.5,8.5,W,27.5,24,-3.5,U,West Virginia,west virginia,Rich Rodriguez,2024,-3.5,Favorite,W,U
2024,2024-10-30T23:30:00.000Z,Tyson Helton,Western Kentucky,Western Kentucky,Kennesaw St.,Home,31,14,-17.5,-0.5,L,46.0,45,-1.0,U,24,7,-20.5,-3.5,L,35.5,31,-4.5,U,7,7,-9.5,-9.5,L,13.5,14,0.5,O,Western Kentucky,western kentucky,Tyson Helton,2024,-17.5,Favorite,L,U
2024,2024-10-31T23:30:00.000Z,Jon Sumrall,Florida,Tulane,Charlotte,Away,34,3,-26.5,4.5,W,32.5,37,4.5,O,10,3,-8.5,-1.5,L,10.5,13,2.5,O,24,0,-17.5,6.5,W,22.5,24,1.5,O,Florida,florida,Jon Sumrall,2024,-26.5,Favorite,W,O
2024,2024-11-01T23:00:00.000Z,Jim Mora,Colorado State,Connecticut,Georgia St.,Home,34,27,-9.5,-2.5,L,60.5,61,0.5,O,13,10,-2.5,0.5,W,23.5,23,-0.5,U,21,17,-13.5,-9.5,L,37.5,38,0.5,O,Colorado State,colorado state,Jim Mora,2024,-9.5,Favorite,L,O
2024,2024-11-01T23:30:00.000Z,Alex Golesh,Auburn,South Florida,Florida Atl.,Away,44,21,-22.5,0.5,W,65.5,65,-0.5,U,7,14,10.5,3.5,W,27.5,21,-6.5,U,37,7,-29.5,0.5,W,44.5,44,-0.5,U,Auburn,auburn,Alex Golesh,2024,-22.5,Favorite,W,U
2024,2024-11-02T16:00:00.000Z,Jeff Monken,Army,Army,Air Force,Home,20,3,-9.5,7.5,W,17.5,23,5.5,O,6,3,-10.5,-7.5,L,18.5,9,-9.5,U,14,0,-7.5,6.5,W,10.5,14,3.5,O,Army,army,Jeff Monken,2024,-9.5,Favorite,W,O
2024,2024-11-02T16:00:00.000Z,Troy Calhoun,Air Force,Air Force,Army,Away,3,20,9.5,-7.5,L,17.5,23,5.5,O,3,6,10.5,7.5,W,18.5,9,-9.5,U,0,14,7.5,-6.5,L,10.5,14,3.5,O,Air Force,air force,Troy Calhoun,2024,9.5,Underdog,L,O
2024,2024-11-02T16:00:00.000Z,Joe Moorhead,Akron,Akron,Buffalo,Home,30,41,10.5,-0.5,L,68.5,71,2.5,O,7,24,17.5,0.5,W,34.5,31,-3.5,U,23,17,-1.5,4.5,W,34.5,40,5.5,O,Akron,akron,Joe Moorhead,2024,10.5,Underdog,L,O
2024,2024-11-02T16:00:00.000Z,Pete Lembo,Buffalo,Buffalo,Akron,Away,41,30,-10.5,0.5,W,68.5,71,2.5,O,24,7,-17.5,-0.5,L,34.5,31,-3.5,U,17,23,1.5,-4.5,L,34.5,40,5.5,O,Buffalo,buffalo,Pete Lembo,2024,-10.5,Favorite,W,O
2024,2024-11-02T16:00:00.000Z,Mario Cristobal,Miami-FL,Miami-FL,Duke,Home,53,31,-23.5,-1.5,L,90.5,84,-6.5,U,17,21,-1.5,-5.5,L,37.5,38,0.5,O,36,10,-25.5,0.5,W,48.5,46,-2.5,U,Miami-FL,miami-fl,Mario Cristobal,2024,-23.5,Favorite,L,U
2024,2024-11-02T16:00:00.000Z,Manny Diaz,Duke,Duke,Miami Hurricanes,Away,31,53,23.5,1.5,W,90.5,84,-6.5,U,21,17,1.5,5.5,W,37.5,38,0.5,O,10,36,25.5,-0.5,L,48.5,46,-2.5,U,Duke,duke,Manny Diaz,2024,23.5,Underdog,W,U
2024,2024-11-02T16:00:00.000Z,Brent Venables,Oklahoma,Oklahoma,Maine,Home,59,14,-44.5,0.5,W,69.5,73,3.5,O,35,7,-20.5,7.5,W,30.5,42,11.5,O,24,7,-27.5,-10.5,L,27.5,31,3.5,O,Oklahoma,oklahoma,Brent Venables,2024,-44.5,Favorite,W,O
2024,2024-11-02T16:00:00.000Z,Jeff Traylor,UTSA,UTSA,Memphis,Home,44,36,-9.5,-1.5,L,77.5,80,2.5,O,24,24,10.5,10.5,W,48.5,48,-0.5,U,20,12,-5.5,2.5,W,23.5,32,8.5,O,UTSA,utsa,Jeff Traylor,2024,-9.5,Favorite,L,O
2024,2024-11-02T16:00:00.000Z,Ryan Silverfield,Arkansas,Memphis,UTSA,Away,36,44,9.5,1.5,W,77.5,80,2.5,O,24,24,-10.5,-10.5,L,48.5,48,-0.5,U,12,20,5.5,-2.5,L,23.5,32,8.5,O,Arkansas,arkansas,Ryan Silverfield,2024,9.5,Underdog,W,O
2024,2024-11-02T16:00:00.000Z,Bret Bielema,Illinois,Illinois,Minnesota,Home,17,25,7.5,-0.5,L,39.5,42,2.5,O,10,13,6.5,3.5,W,16.5,23,6.5,O,7,12,-1.5,-6.5,L,17.5,19,1.5,O,Illinois,illinois,Bret Bielema,2024,7.5,Underdog,L,O
2024,2024-11-02T16:00:00.000Z,David Braun,Northwestern,Northwestern,Purdue,Away,26,20,1.5,7.5,W,46.5,46,-0.5,U,17,10,-6.5,0.5,W,20.5,27,6.5,O,9,10,3.5,2.5,W,16.5,19,2.5,O,Northwestern,northwestern,David Braun,2024,1.5,Underdog,W,U
2024,2024-11-02T16:00:00.000Z,James Franklin,Virginia Tech,Penn State,Ohio State,Home,13,20,6.5,-0.5,L,33.5,33,-0.5,U,10,14,4.5,0.5,W,30.5,24,-6.5,U,3,6,-1.5,-4.5,L,19.5,9,-10.5,U,Virginia Tech,virginia tech,James Franklin,2024,6.5,Underdog,L,U
2024,2024-11-02T16:00:00.000Z,Ryan Day,Ohio State,Ohio State,Penn State,Away,20,13,-6.5,0.5,W,33.5,33,-0.5,U,14,10,-4.5,-0.5,L,30.5,24,-6.5,U,6,3,1.5,4.5,W,19.5,9,-10.5,U,Ohio State,ohio state,Ryan Day,2024,-6.5,Favorite,W,U
2024,2024-11-02T16:00:00.000Z,Lane Kiffin,LSU,Ole Miss,Arkansas,Away,63,31,-31.5,0.5,W,93.5,94,0.5,O,35,10,-18.5,6.5,W,41.5,45,3.5,O,28,21,-14.5,-7.5,L,45.5,49,3.5,O,LSU,lsu,Lane Kiffin,2024,-31.5,Favorite,W,O
2024,2024-11-02T16:00:00.000Z,Dave Doeren,NC State,NC State,Stanford,Home,59,28,-31.5,-0.5,L,87.5,87,-0.5,U,31,14,-9.5,7.5,W,41.5,45,3.5,O,28,14,-24.5,-10.5,L,42.5,42,-0.5,U,NC State,nc state,Dave Doeren,2024,-31.5,Favorite,L,U
2024,2024-11-02T16:00:00.000Z,Chris Creighton,Eastern Michigan,Eastern Michigan,Toledo,Home,28,29,-2.5,-3.5,L,57.5,57,-0.5,U,10,7,6.5,9.5,W,27.5,17,-10.5,U,18,22,5.5,1.5,W,31.5,40,8.5,O,Eastern Michigan,eastern michigan,Chris Creighton,2024,-2.5,Favorite,L,U
2024,2024-11-02T16:00:00.000Z,Jason Candle,Connecticut,Toledo,Eastern Michigan,Away,29,28,2.5,3.5,W,57.5,57,-0.5,U,7,10,-6.5,-9.5,L,27.5,17,-10.5,U,22,18,-5.5,-1.5,L,31.5,40,8.5,O,Connecticut,connecticut,Jason Candle,2024,2.5,Underdog,W,U
2024,2024-11-02T16:00:00.000Z,Fran Brown,Syracuse,Syracuse,Virginia Tech,Home,38,31,6.5,13.5,W,57.5,69,11.5,O,3,14,11.5,0.5,W,22.5,17,-5.5,U,35,17,-3.5,14.5,W,43.5,52,8.5,O,Syracuse,syracuse,Fran Brown,2024,6.5,Underdog,W,O
2024,2024-11-02T16:45:00.000Z,Clark Lea,Vanderbilt,Vanderbilt,Auburn,Away,17,7,-9.5,0.5,W,25.5,24,-1.5,U,7,7,0.5,0.5,W,18.5,14,-4.5,U,10,0,-5.5,4.5,W,13.5,10,-3.5,U,Vanderbilt,vanderbilt,Clark Lea,2024,-9.5,Favorite,W,U
2024,2024-11-02T18:30:00.000Z,Ricky Rahne,Old Dominion,Old Dominion,Appalachian St.,Away,20,28,7.5,-0.5,L,50.5,48,-2.5,U,17,14,-2.5,0.5,W,29.5,31,1.5,O,3,14,5.5,-5.5,L,17.5,17,-0.5,U,Old Dominion,old dominion,Ricky Rahne,2024,7.5,Underdog,L,U
2024,2024-11-02T19:30:00.000Z,Brent Brennan,Arizona,Arizona,UCF,Away,12,56,43.5,-0.5,L,68.5,68,-0.5,U,6,35,4.5,-24.5,L,27.5,41,13.5,O,6,21,7.5,-7.5,L,27.5,27,-0.5,U,Arizona,arizona,Brent Brennan,2024,43.5,Underdog,L,U
2024,2024-11-02T19:30:00.000Z,Kenny Dillingham,Arizona State,Arizona State,Oklahoma St.,Away,42,21,-21.5,-0.5,L,64.0,63,-1.0,U,21,14,-2.5,4.5,W,28.5,35,6.5,O,21,7,-19.5,-5.5,L,28.5,28,-0.5,U,Arizona State,arizona state,Kenny Dillingham,2024,-21.5,Favorite,L,U
2024,2024-11-02T19:30:00.000Z,Kirby Smart,Georgia,Georgia,Florida,Home,34,20,-13.5,0.5,W,47.5,54,6.5,O,6,13,6.5,-0.5,L,16.5,19,2.5,O,28,7,-10.5,10.5,W,27.5,35,7.5,O,Georgia,georgia,Kirby Smart,2024,-13.5,Favorite,W,O
2024,2024-11-02T19:30:00.000Z,Billy Napier,James Madison,Florida,Georgia ,Away,20,34,13.5,-0.5,L,47.5,54,6.5,O,13,6,-6.5,0.5,W,16.5,19,2.5,O,7,28,10.5,-10.5,L,27.5,35,7.5,O,James Madison,james madison,Billy Napier,2024,13.5,Underdog,L,O
2024,2024-11-02T19:30:00.000Z,Curt Cignetti,Indiana,Indiana,Michigan State,Away,47,10,-36.5,0.5,W,57.5,57,-0.5,U,21,10,-5.5,5.5,W,27.5,31,3.5,O,26,0,-26.5,-0.5,L,26.5,26,-0.5,U,Indiana,indiana,Curt Cignetti,2024,-36.5,Favorite,W,U
2024,2024-11-02T19:30:00.000Z,Willie Fritz,Houston,Houston,Kansas St.,Home,24,19,1.5,6.5,W,38.5,43,4.5,O,10,16,-6.5,-12.5,L,19.5,26,6.5,O,14,3,-3.5,7.5,W,13.5,17,3.5,O,Houston,houston,Willie Fritz,2024,1.5,Underdog,W,O
2024,2024-11-02T19:30:00.000Z,Scotty Walden,UTEP,UTEP,Middle Tennessee St.,Home,13,20,3.5,-3.5,L,32.5,33,0.5,O,10,10,-6.5,-6.5,L,18.5,20,1.5,O,3,10,3.5,-3.5,L,13.5,13,-0.5,U,UTEP,utep,Scotty Walden,2024,3.5,Underdog,L,O
2024,2024-11-02T19:30:00.000Z,Derek Mason,Middle Tennessee,Middle Tennessee,UTEP,Away,20,13,-3.5,3.5,W,32.5,33,0.5,O,10,10,6.5,6.5,W,18.5,20,1.5,O,10,3,-3.5,3.5,W,13.5,13,-0.5,U,Middle Tennessee,middle tennessee,Derek Mason,2024,-3.5,Favorite,W,O
2024,2024-11-02T19:30:00.000Z,Mike Norvell,Florida State,Florida State,North Carolina,Home,11,35,24.5,0.5,W,46.5,46,-0.5,U,3,14,7.5,-3.5,L,17.5,17,-0.5,U,8,21,12.5,-0.5,L,35.5,29,-6.5,U,Florida State,florida state,Mike Norvell,2024,24.5,Underdog,W,U
2024,2024-11-02T19:30:00.000Z,Dan Lanning,Oregon,Oregon,Michigan,Away,38,17,-14.5,6.5,W,48.5,55,6.5,O,28,10,-14.5,3.5,W,31.5,38,6.5,O,10,7,3.5,6.5,W,12.5,17,4.5,O,Oregon,oregon,Dan Lanning,2024,-14.5,Favorite,W,O
2024,2024-11-02T19:30:00.000Z,Matt Campbell,Penn State,Iowa State,Texas Tech,Home,22,23,1.5,0.5,W,45.5,45,-0.5,U,13,10,4.5,7.5,W,19.5,23,3.5,O,9,13,-1.5,-5.5,L,17.5,22,4.5,O,Penn State,penn state,Matt Campbell,2024,1.5,Underdog,W,U
2024,2024-11-02T19:30:00.000Z,Joey McGuire,Texas Tech,Texas Tech,Iowa State,Away,23,22,-1.5,-0.5,L,45.5,45,-0.5,U,10,13,-4.5,-7.5,L,19.5,23,3.5,O,13,9,1.5,5.5,W,17.5,22,4.5,O,Texas Tech,texas tech,Joey McGuire,2024,-1.5,Favorite,L,U
2024,2024-11-02T19:30:00.000Z,Matt Rhule,Nebraska,Nebraska,UCLA,Home,20,27,6.5,-0.5,L,48.5,47,-1.5,U,7,13,5.5,-0.5,L,24.5,20,-4.5,U,13,14,1.5,0.5,W,29.5,27,-2.5,U,Nebraska,nebraska,Matt Rhule,2024,6.5,Underdog,L,U
2024,2024-11-02T19:30:00.000Z,Charles Huff,Memphis,Marshall,ULM,Home,28,23,-10.5,-5.5,L,48.5,51,2.5,O,14,14,-6.5,-6.5,L,24.5,28,3.5,O,14,9,-4.5,0.5,W,13.5,23,9.5,O,Memphis,memphis,Charles Huff,2024,-10.5,Favorite,L,O
2024,2024-11-02T19:30:00.000Z,Bryant Vincent,UL-Monroe,UL-Monroe,Marshall,Away,23,28,10.5,5.5,W,48.5,51,2.5,O,14,14,6.5,6.5,W,24.5,28,3.5,O,9,14,4.5,-0.5,L,13.5,23,9.5,O,UL-Monroe,ul-monroe,Bryant Vincent,2024,10.5,Underdog,W,O
2024,2024-11-02T20:00:00.000Z,Gerad Parker,Troy,Troy,Coastal Carolina,Home,38,24,-14.5,-0.5,L,62.5,62,-0.5,U,28,7,-14.5,6.5,W,32.5,35,2.5,O,10,17,9.5,2.5,W,30.5,27,-3.5,U,Troy,troy,Gerad Parker,2024,-14.5,Favorite,L,U
2024,2024-11-02T20:00:00.000Z,Brian Newberry,Navy,Navy,Rice,Away,10,24,13.5,-0.5,L,38.5,34,-4.5,U,7,17,-6.5,-16.5,L,24.5,24,-0.5,U,3,7,4.5,0.5,W,17.5,10,-7.5,U,Navy,navy,Brian Newberry,2024,13.5,Underdog,L,U
2024,2024-11-02T20:00:00.000Z,Bronco Mendenhall,Utah State,New Mexico,Wyoming,Home,45,49,1.5,-2.5,L,100.5,94,-6.5,U,35,35,0.5,0.5,W,56.5,70,13.5,O,10,14,-2.5,-6.5,L,30.5,24,-6.5,U,Utah State,utah state,Bronco Mendenhall,2024,1.5,Underdog,L,U
2024,2024-11-02T20:00:00.000Z,Jay Sawvel,Wyoming,Wyoming,New Mexico,Away,49,45,-1.5,2.5,W,100.5,94,-6.5,U,35,35,-0.5,-0.5,L,56.5,70,13.5,O,14,10,2.5,6.5,W,30.5,24,-6.5,U,Wyoming,wyoming,Jay Sawvel,2024,-1.5,Favorite,W,U
2024,2024-11-02T20:15:00.000Z,Jeff Lebby,Mississippi State,Mississippi State,UMass,Home,45,20,-35.5,-10.5,L,60.5,65,4.5,O,21,10,-10.5,0.5,W,31.5,31,-0.5,U,24,10,-20.5,-6.5,L,30.5,34,3.5,O,Mississippi State,mississippi state,Jeff Lebby,2024,-35.5,Favorite,L,O
2024,2024-11-02T23:00:00.000Z,Timmy Chang,Hawaii,Hawaii,Fresno St.,Away,21,20,5.5,6.5,W,37.5,41,3.5,O,7,13,6.5,0.5,W,23.5,20,-3.5,U,14,7,-1.5,5.5,W,17.5,21,3.5,O,Hawaii,hawaii,Timmy Chang,2024,5.5,Underdog,W,O
2024,2024-11-02T23:30:00.000Z,Major Applewhite,South Alabama,South Alabama,Georgia Southern,Home,30,34,3.5,-0.5,L,70.5,64,-6.5,U,13,14,4.5,3.5,W,27.5,27,-0.5,U,17,20,1.5,-1.5,L,44.5,37,-7.5,U,South Alabama,south alabama,Major Applewhite,2024,3.5,Underdog,L,U
2024,2024-11-02T23:30:00.000Z,Clay Helton,Georgia Southern,Georgia Southern,South Alabama,Away,34,30,-3.5,0.5,W,70.5,64,-6.5,U,14,13,-4.5,-3.5,L,27.5,27,-0.5,U,20,17,-1.5,1.5,W,44.5,37,-7.5,U,Georgia Southern,georgia southern,Clay Helton,2024,-3.5,Favorite,W,U
2024,2024-11-02T23:30:00.000Z,Dabo Swinney,Clemson,Clemson,Louisville,Home,21,33,11.5,-0.5,L,53.5,54,0.5,O,7,17,-0.5,-10.5,L,23.5,24,0.5,O,14,16,2.5,0.5,W,20.5,30,9.5,O,Clemson,clemson,Dabo Swinney,2024,11.5,Underdog,L,O
2024,2024-11-02T23:30:00.000Z,Jeff Brohm,Louisville,Louisville,Clemson,Away,33,21,-11.5,0.5,W,53.5,54,0.5,O,17,7,0.5,10.5,W,23.5,24,0.5,O,16,14,-2.5,-0.5,L,20.5,30,9.5,O,Louisville,louisville,Jeff Brohm,2024,-11.5,Favorite,W,O
2024,2024-11-02T23:30:00.000Z,Shane Beamer,South Carolina,South Carolina,Texas A&M,Home,44,20,-22.5,1.5,W,53.5,64,10.5,O,20,20,1.5,1.5,W,21.5,40,18.5,O,24,0,-5.5,18.5,W,16.5,24,7.5,O,South Carolina,south carolina,Shane Beamer,2024,-22.5,Favorite,W,O
2024,2024-11-02T23:30:00.000Z,Mike Elko,Texas A&M,Texas A&M,South Carolina,Away,20,44,22.5,-1.5,L,53.5,64,10.5,O,20,20,-1.5,-1.5,L,21.5,40,18.5,O,0,24,5.5,-18.5,L,16.5,24,7.5,O,Texas A&M,texas a&m,Mike Elko,2024,22.5,Underdog,L,O
2024,2024-11-02T23:30:00.000Z,Jedd Fisch,Washington,Washington,USC,Home,26,21,-4.5,0.5,W,55.5,47,-8.5,U,20,7,1.5,14.5,W,27.5,27,-0.5,U,6,14,11.5,3.5,W,32.5,20,-12.5,U,Washington,washington,Jedd Fisch,2024,-4.5,Favorite,W,U
2024,2024-11-02T23:30:00.000Z,Lincoln Riley,USC,USC,Washington,Away,21,26,4.5,-0.5,L,55.5,47,-8.5,U,7,20,-1.5,-14.5,L,27.5,27,-0.5,U,14,6,-11.5,-3.5,L,32.5,20,-12.5,U,USC,usc,Lincoln Riley,2024,4.5,Underdog,L,U
2024,2024-11-02T23:30:00.000Z,Kirk Ferentz,Iowa,Iowa,Wisconsin,Home,42,10,-31.5,0.5,W,49.5,52,2.5,O,14,3,-11.5,-0.5,L,19.5,17,-2.5,U,28,7,-14.5,6.5,W,31.5,35,3.5,O,Iowa,iowa,Kirk Ferentz,2024,-31.5,Favorite,W,O
2024,2024-11-02T23:30:00.000Z,Luke Fickell,Wisconsin,Wisconsin,Iowa,Away,10,42,31.5,-0.5,L,49.5,52,2.5,O,3,14,11.5,0.5,W,19.5,17,-2.5,U,7,28,14.5,-6.5,L,31.5,35,3.5,O,Wisconsin,wisconsin,Luke Fickell,2024,31.5,Underdog,L,O
2024,2024-11-02T23:45:00.000Z,Josh Heupel,Tennessee,Tennessee,Kentucky,Home,28,18,-10.5,-0.5,L,46.5,46,-0.5,U,7,10,0.5,-2.5,L,17.5,17,-0.5,U,21,8,-9.5,3.5,W,29.5,29,-0.5,U,Tennessee,tennessee,Josh Heupel,2024,-10.5,Favorite,L,U
2024,2024-11-03T00:00:00.000Z,Jeff Choate,Nevada,Nevada,Colorado State,Home,21,38,14.5,-2.5,L,58.5,59,0.5,O,0,17,17.5,0.5,W,21.5,17,-4.5,U,21,21,3.5,3.5,W,38.5,42,3.5,O,Nevada,nevada,Jeff Choate,2024,14.5,Underdog,L,O
2024,2024-11-03T00:00:00.000Z,Rhett Lashlee,SMU,SMU,Pittsburgh,Home,48,25,-23.5,-0.5,L,72.5,73,0.5,O,31,3,-20.5,7.5,W,30.5,34,3.5,O,17,22,-9.5,-14.5,L,25.5,39,13.5,O,SMU,smu,Rhett Lashlee,2024,-23.5,Favorite,L,O
2024,2024-11-03T00:00:00.000Z,Pat Narduzzi,Pittsburgh,Pittsburgh,SMU,Away,25,48,23.5,0.5,W,72.5,73,0.5,O,3,31,20.5,-7.5,L,30.5,34,3.5,O,22,17,9.5,14.5,W,25.5,39,13.5,O,Pittsburgh,pittsburgh,Pat Narduzzi,2024,23.5,Underdog,W,O
2024,2024-11-03T00:00:00.000Z,Dave Aranda,Baylor,Baylor,TCU,Home,37,34,-2.5,0.5,W,71.5,71,-0.5,U,13,17,-0.5,-4.5,L,29.5,30,0.5,O,24,17,-7.5,-0.5,L,34.5,41,6.5,O,Baylor,baylor,Dave Aranda,2024,-2.5,Favorite,W,U
2024,2024-11-03T00:00:00.000Z,Sonny Dykes,TCU,TCU,Baylor,Away,34,37,2.5,-0.5,L,71.5,71,-0.5,U,17,13,0.5,4.5,W,29.5,30,0.5,O,17,24,7.5,0.5,W,34.5,41,6.5,O,TCU,tcu,Sonny Dykes,2024,2.5,Underdog,L,U
2024,2024-11-06T01:00:00.000Z,Chuck Martin,Miami-OH,Miami-OH,Ball State,Away,27,21,-5.5,0.5,W,51.5,48,-3.5,U,21,13,-4.5,3.5,W,33.5,34,0.5,O,6,8,1.5,-0.5,L,17.5,14,-3.5,U,Miami-OH,miami-oh,Chuck Martin,2024,-5.5,Favorite,W,U
2024,2024-11-07T00:00:00.000Z,Lance Taylor,Western Michigan,Western Michigan,Northern Illinois,Home,28,42,14.5,0.5,W,71.0,70,-1.0,U,14,21,3.5,-3.5,L,27.5,35,7.5,O,14,21,7.5,0.5,W,42.5,35,-7.5,U,Western Michigan,western michigan,Lance Taylor,2024,14.5,Underdog,W,U
2024,2024-11-07T00:00:00.000Z,Tim Albin,Charlotte,Ohio,Kent State,Away,41,0,-43.5,-2.5,L,47.5,41,-6.5,U,20,0,-19.5,0.5,W,22.5,20,-2.5,U,21,0,-23.5,-2.5,L,27.5,21,-6.5,U,Charlotte,charlotte,Tim Albin,2024,-43.5,Favorite,L,U
2024,2024-11-09T02:00:00.000Z,Kirk Ferentz,Iowa,Iowa,UCLA,Away,17,20,3.5,0.5,W,38.5,37,-1.5,U,10,17,3.5,-3.5,L,22.5,27,4.5,O,7,3,-3.5,0.5,W,16.5,10,-6.5,U,Iowa,iowa,Kirk Ferentz,2024,3.5,Underdog,W,U
2024,2024-11-09T02:00:00.000Z,Ryan Silverfield,Arkansas,Memphis,Rice,Home,27,20,-12.5,-5.5,L,42.5,47,4.5,O,17,13,-4.5,-0.5,L,25.5,30,4.5,O,10,7,-4.5,-1.5,L,24.5,17,-7.5,U,Arkansas,arkansas,Ryan Silverfield,2024,-12.5,Favorite,L,O
2024,2024-11-09T03:30:00.000Z,Sean Lewis,San Diego State,San Diego State,New Mexico,Home,16,21,7.5,2.5,W,37.5,37,-0.5,U,13,14,-0.5,-1.5,L,33.0,27,-6.0,U,3,7,4.5,0.5,W,16.5,10,-6.5,U,San Diego State,san diego state,Sean Lewis,2024,7.5,Underdog,W,U
2024,2024-11-09T03:30:00.000Z,Bronco Mendenhall,Utah State,New Mexico,San Diego St,Away,21,16,-7.5,-2.5,L,37.5,37,-0.5,U,14,13,0.5,1.5,W,33.0,27,-6.0,U,7,3,-4.5,-0.5,L,16.5,10,-6.5,U,Utah State,utah state,Bronco Mendenhall,2024,-7.5,Favorite,L,U
2024,2024-11-09T17:00:00.000Z,Steve Sarkisian,Texas,Texas,Florida,Home,49,17,-32.5,-0.5,L,66.5,66,-0.5,U,35,0,-12.5,22.5,W,24.5,35,10.5,O,14,17,-10.5,-13.5,L,22.5,31,8.5,O,Texas,texas,Steve Sarkisian,2024,-32.5,Favorite,L,U
2024,2024-11-09T17:00:00.000Z,Billy Napier,James Madison,Florida,Texas,Away,17,49,32.5,0.5,W,66.5,66,-0.5,U,0,35,12.5,-22.5,L,24.5,35,10.5,O,17,14,10.5,13.5,W,22.5,31,8.5,O,James Madison,james madison,Billy Napier,2024,32.5,Underdog,W,U
2024,2024-11-09T17:00:00.000Z,Brent Key,Georgia Tech,Georgia Tech,Miami Hurricanes,Home,28,23,-5.5,-0.5,L,65.0,51,-14.0,U,14,10,4.5,8.5,W,33.5,24,-9.5,U,14,13,-1.5,-0.5,L,27.5,27,-0.5,U,Georgia Tech,georgia tech,Brent Key,2024,-5.5,Favorite,L,U
2024,2024-11-09T17:00:00.000Z,Mario Cristobal,Miami-FL,Miami-FL,Georgia Tech,Away,23,28,5.5,0.5,W,65.0,51,-14.0,U,10,14,-4.5,-8.5,L,33.5,24,-9.5,U,13,14,1.5,0.5,W,27.5,27,-0.5,U,Miami-FL,miami-fl,Mario Cristobal,2024,5.5,Underdog,W,U
2024,2024-11-09T17:00:00.000Z,Greg Schiano,Rutgers,Rutgers,Minnesota,Home,26,19,-7.5,-0.5,L,45.5,45,-0.5,U,14,9,-8.5,-3.5,L,29.5,23,-6.5,U,12,10,-1.5,0.5,W,20.5,22,1.5,O,Rutgers,rutgers,Greg Schiano,2024,-7.5,Favorite,L,U
2024,2024-11-09T17:00:00.000Z,Alex Golesh,Auburn,South Florida,Navy,Home,7,28,27.5,6.5,W,28.5,35,6.5,O,0,21,2.5,-18.5,L,28.5,21,-7.5,U,7,7,3.5,3.5,W,28.5,14,-14.5,U,Auburn,auburn,Alex Golesh,2024,27.5,Underdog,W,O
2024,2024-11-09T17:00:00.000Z,Brian Newberry,Navy,Navy,South Florida,Away,28,7,-27.5,-6.5,L,28.5,35,6.5,O,21,0,-2.5,18.5,W,28.5,21,-7.5,U,7,7,-3.5,-3.5,L,28.5,14,-14.5,U,Navy,navy,Brian Newberry,2024,-27.5,Favorite,L,O
2024,2024-11-09T17:00:00.000Z,Ryan Day,Ohio State,Ohio State,Purdue,Home,45,0,-45.5,-0.5,L,51.5,45,-6.5,U,21,0,-16.5,4.5,W,20.5,21,0.5,O,24,0,-24.5,-0.5,L,24.5,24,-0.5,U,Ohio State,ohio state,Ryan Day,2024,-45.5,Favorite,L,U
2024,2024-11-09T17:00:00.000Z,Bill O'Brien,Boston College,Boston College,Syracuse,Home,37,31,-3.5,2.5,W,55.5,68,12.5,O,14,14,-10.5,-10.5,L,21.5,28,6.5,O,23,17,-2.5,3.5,W,38.5,40,1.5,O,Boston College,boston college,Bill O'Brien,2024,-3.5,Favorite,W,O
2024,2024-11-09T17:00:00.000Z,Fran Brown,Syracuse,Syracuse,Boston College,Away,31,37,3.5,-2.5,L,55.5,68,12.5,O,14,14,10.5,10.5,W,21.5,28,6.5,O,17,23,2.5,-3.5,L,38.5,40,1.5,O,Syracuse,syracuse,Fran Brown,2024,3.5,Underdog,L,O
2024,2024-11-09T17:00:00.000Z,Bryant Vincent,UL-Monroe,UL-Monroe,Texas State,Home,17,38,14.5,-6.5,L,50.5,55,4.5,O,0,28,6.5,-21.5,L,24.5,28,3.5,O,17,10,4.5,11.5,W,23.5,27,3.5,O,UL-Monroe,ul-monroe,Bryant Vincent,2024,14.5,Underdog,L,O
2024,2024-11-09T17:00:00.000Z,Scott Satterfield,Cincinnati,Cincinnati,West Virginia,Home,24,31,9.5,2.5,W,51.5,55,3.5,O,7,17,-1.5,-11.5,L,27.5,24,-3.5,U,17,14,-3.5,-0.5,L,26.5,31,4.5,O,Cincinnati,cincinnati,Scott Satterfield,2024,9.5,Underdog,W,O
2024,2024-11-09T17:00:00.000Z,Neal Brown,North Texas,West Virginia,Cincinnati,Away,31,24,-9.5,-2.5,L,51.5,55,3.5,O,17,7,1.5,11.5,W,27.5,24,-3.5,U,14,17,3.5,0.5,W,26.5,31,4.5,O,North Texas,north texas,Neal Brown,2024,-9.5,Favorite,L,O
2024,2024-11-09T18:00:00.000Z,Derek Mason,Middle Tennessee,Middle Tennessee,Liberty Flames,Home,17,37,20.5,0.5,W,58.5,54,-4.5,U,7,27,5.5,-14.5,L,27.5,34,6.5,O,10,10,6.5,6.5,W,27.5,20,-7.5,U,Middle Tennessee,middle tennessee,Derek Mason,2024,20.5,Underdog,W,U
2024,2024-11-09T18:00:00.000Z,Jamey Chadwell,Liberty,Liberty,Middle Tennessee St.,Away,37,17,-20.5,-0.5,L,58.5,54,-4.5,U,27,7,-5.5,14.5,W,27.5,34,6.5,O,10,10,-6.5,-6.5,L,27.5,20,-7.5,U,Liberty,liberty,Jamey Chadwell,2024,-20.5,Favorite,L,U
2024,2024-11-09T19:30:00.000Z,Jim Mora,Colorado State,Connecticut,UAB,Away,31,23,-7.5,0.5,W,49.5,54,4.5,O,3,20,10.5,-6.5,L,22.5,23,0.5,O,28,3,-10.5,14.5,W,18.5,31,12.5,O,Colorado State,colorado state,Jim Mora,2024,-7.5,Favorite,W,O
2024,2024-11-09T20:00:00.000Z,Will Hall,Tulane,Southern Miss,Marshall,Home,3,37,33.5,-0.5,L,47.5,40,-7.5,U,3,17,7.5,-6.5,L,27.5,20,-7.5,U,0,20,23.5,3.5,W,30.5,20,-10.5,U,Tulane,tulane,Will Hall,2024,33.5,Underdog,L,U
2024,2024-11-09T20:00:00.000Z,Charles Huff,Memphis,Marshall,Southern Miss,Away,37,3,-33.5,0.5,W,47.5,40,-7.5,U,17,3,-7.5,6.5,W,27.5,20,-7.5,U,20,0,-23.5,-3.5,L,30.5,20,-10.5,U,Memphis,memphis,Charles Huff,2024,-33.5,Favorite,W,U
2024,2024-11-09T20:30:00.000Z,Eric Morris,Oklahoma State,North Texas,Army,Home,3,14,10.5,-0.5,L,23.5,17,-6.5,U,3,7,3.5,-0.5,L,19.5,10,-9.5,U,0,7,6.5,-0.5,L,13.5,7,-6.5,U,Oklahoma State,oklahoma state,Eric Morris,2024,10.5,Underdog,L,U
2024,2024-11-09T20:30:00.000Z,Jeff Monken,Army,Army,North Texas,Away,14,3,-10.5,0.5,W,23.5,17,-6.5,U,7,3,-3.5,0.5,W,19.5,10,-9.5,U,7,0,-6.5,0.5,W,13.5,7,-6.5,U,Army,army,Jeff Monken,2024,-10.5,Favorite,W,U
2024,2024-11-09T20:30:00.000Z,Dabo Swinney,Clemson,Clemson,Virginia Tech,Away,24,14,-9.5,0.5,W,38.5,38,-0.5,U,0,7,3.5,-3.5,L,13.5,7,-6.5,U,24,7,-20.5,-3.5,L,27.5,31,3.5,O,Clemson,clemson,Dabo Swinney,2024,-9.5,Favorite,W,U
2024,2024-11-09T20:30:00.000Z,Dave Doeren,NC State,NC State,Duke,Home,19,29,8.5,-1.5,L,48.5,48,-0.5,U,9,12,5.5,2.5,W,23.5,21,-2.5,U,10,17,3.5,-3.5,L,31.5,27,-4.5,U,NC State,nc state,Dave Doeren,2024,8.5,Underdog,L,U
2024,2024-11-09T20:30:00.000Z,Manny Diaz,Duke,Duke,NC State,Away,29,19,-8.5,1.5,W,48.5,48,-0.5,U,12,9,-5.5,-2.5,L,23.5,21,-2.5,U,17,10,-3.5,3.5,W,31.5,27,-4.5,U,Duke,duke,Manny Diaz,2024,-8.5,Favorite,W,U
2024,2024-11-09T20:30:00.000Z,Lane Kiffin,LSU,Ole Miss,Georgia ,Home,28,10,-15.5,2.5,W,39.5,38,-1.5,U,16,7,-8.5,0.5,W,26.5,23,-3.5,U,12,3,-3.5,5.5,W,15.5,15,-0.5,U,LSU,lsu,Lane Kiffin,2024,-15.5,Favorite,W,U
2024,2024-11-09T20:30:00.000Z,Kirby Smart,Georgia,Georgia,Ole Miss,Away,10,28,15.5,-2.5,L,39.5,38,-1.5,U,7,16,8.5,-0.5,L,26.5,23,-3.5,U,3,12,3.5,-5.5,L,15.5,15,-0.5,U,Georgia,georgia,Kirby Smart,2024,15.5,Underdog,L,U
2024,2024-11-09T20:30:00.000Z,Bob Chesney,UCLA,James Madison,Georgia St.,Home,38,7,-33.5,-2.5,L,51.5,45,-6.5,U,28,7,-14.5,6.5,W,31.5,35,3.5,O,10,0,-12.5,-2.5,L,16.5,10,-6.5,U,UCLA,ucla,Bob Chesney,2024,-33.5,Favorite,L,U
2024,2024-11-09T20:30:00.000Z,Lance Leipold,Kansas,Kansas,Iowa State,Home,45,36,-9.5,-0.5,L,79.5,81,1.5,O,31,13,1.5,19.5,W,26.5,44,17.5,O,14,23,8.5,-0.5,L,28.5,37,8.5,O,Kansas,kansas,Lance Leipold,2024,-9.5,Favorite,L,O
2024,2024-11-09T20:30:00.000Z,Matt Campbell,Penn State,Iowa State,Kansas,Away,36,45,9.5,0.5,W,79.5,81,1.5,O,13,31,-1.5,-19.5,L,26.5,44,17.5,O,23,14,-8.5,0.5,W,28.5,37,8.5,O,Penn State,penn state,Matt Campbell,2024,9.5,Underdog,W,O
2024,2024-11-09T20:30:00.000Z,Curt Cignetti,Indiana,Indiana,Michigan,Home,20,15,-4.5,0.5,W,38.5,35,-3.5,U,17,3,-9.5,4.5,W,24.5,20,-4.5,U,3,12,12.5,3.5,W,17.5,15,-2.5,U,Indiana,indiana,Curt Cignetti,2024,-4.5,Favorite,W,U
2024,2024-11-09T20:30:00.000Z,Ken Niumatalolo,San Jose State,San Jose State,Oregon State,Away,24,13,-5.5,5.5,W,39.5,37,-2.5,U,10,10,0.5,0.5,W,29.5,20,-9.5,U,14,3,-10.5,0.5,W,22.5,17,-5.5,U,San Jose State,san jose state,Ken Niumatalolo,2024,-5.5,Favorite,W,U
2024,2024-11-09T21:00:00.000Z,Joey McGuire,Texas Tech,Texas Tech,Colorado,Home,27,41,7.5,-6.5,L,60.5,68,7.5,O,13,10,-2.5,0.5,W,26.5,23,-3.5,U,14,31,16.5,-0.5,L,37.5,45,7.5,O,Texas Tech,texas tech,Joey McGuire,2024,7.5,Underdog,L,O
2024,2024-11-09T21:00:00.000Z,Deion Sanders,Colorado,Colorado,Texas Tech,Away,41,27,-7.5,6.5,W,60.5,68,7.5,O,10,13,2.5,-0.5,L,26.5,23,-3.5,U,31,14,-16.5,0.5,W,37.5,45,7.5,O,Colorado,colorado,Deion Sanders,2024,-7.5,Favorite,W,O
2024,2024-11-09T21:00:00.000Z,Scotty Walden,UTEP,UTEP,Kennesaw St.,Home,43,35,-2.5,5.5,W,49.5,78,28.5,O,14,7,0.5,7.5,W,17.5,21,3.5,O,29,28,1.5,2.5,W,33.5,57,23.5,O,UTEP,utep,Scotty Walden,2024,-2.5,Favorite,W,O
2024,2024-11-09T21:00:00.000Z,Jon Sumrall,Florida,Tulane,Temple,Home,52,6,-45.5,0.5,W,53.5,58,4.5,O,28,0,-24.5,3.5,W,24.5,28,3.5,O,24,6,-24.5,-6.5,L,26.5,30,3.5,O,Florida,florida,Jon Sumrall,2024,-45.5,Favorite,W,O
2024,2024-11-09T21:15:00.000Z,Clark Lea,Vanderbilt,Vanderbilt,South Carolina,Home,7,28,21.5,0.5,W,37.5,35,-2.5,U,0,7,7.5,0.5,W,10.5,7,-3.5,U,7,21,14.5,0.5,W,30.5,28,-2.5,U,Vanderbilt,vanderbilt,Clark Lea,2024,21.5,Underdog,W,U
2024,2024-11-09T21:15:00.000Z,Shane Beamer,South Carolina,South Carolina,Vanderbilt,Away,28,7,-21.5,-0.5,L,37.5,35,-2.5,U,7,0,-7.5,-0.5,L,10.5,7,-3.5,U,21,7,-14.5,-0.5,L,30.5,28,-2.5,U,South Carolina,south carolina,Shane Beamer,2024,-21.5,Favorite,L,U
2024,2024-11-09T21:30:00.000Z,Sonny Cumbie,Louisiana Tech,Louisiana Tech,Jacksonville State Gamecocks,Home,37,44,-1.5,-8.5,L,75.5,81,5.5,O,21,28,6.5,-0.5,L,28.5,49,20.5,O,16,16,-10.5,-10.5,L,26.5,32,5.5,O,Louisiana Tech,louisiana tech,Sonny Cumbie,2024,-1.5,Favorite,L,O
2024,2024-11-09T21:30:00.000Z,Rich Rodriguez,West Virginia,Jacksonville State,Louisiana Tech,Away,44,37,1.5,8.5,W,75.5,81,5.5,O,28,21,-6.5,0.5,W,28.5,49,20.5,O,16,16,10.5,10.5,W,26.5,32,5.5,O,West Virginia,west virginia,Rich Rodriguez,2024,1.5,Underdog,W,O
2024,2024-11-09T22:00:00.000Z,Michael Desormeaux,Louisiana,Louisiana,Arkansas St.,Home,55,19,-36.5,-0.5,L,73.5,74,0.5,O,31,6,-7.5,17.5,W,30.5,37,6.5,O,24,13,-16.5,-5.5,L,36.5,37,0.5,O,Louisiana,louisiana,Michael Desormeaux,2024,-36.5,Favorite,L,O
2024,2024-11-09T22:00:00.000Z,Butch Jones,Arkansas State,Arkansas State,Louisiana,Away,19,55,36.5,0.5,W,73.5,74,0.5,O,6,31,7.5,-17.5,L,30.5,37,6.5,O,13,24,16.5,5.5,W,36.5,37,0.5,O,Arkansas State,arkansas state,Butch Jones,2024,36.5,Underdog,W,O
2024,2024-11-09T23:00:00.000Z,Tony Sanchez,New Mexico State,New Mexico State,Western Kentucky,Home,28,41,19.5,6.5,W,65.0,69,4.0,O,7,24,13.5,-3.5,L,34.5,31,-3.5,U,21,17,2.5,6.5,W,34.5,38,3.5,O,New Mexico State,new mexico state,Tony Sanchez,2024,19.5,Underdog,W,O
2024,2024-11-09T23:00:00.000Z,Tyson Helton,Western Kentucky,Western Kentucky,New Mexico St.,Away,41,28,-19.5,-6.5,L,65.0,69,4.0,O,24,7,-13.5,3.5,W,34.5,31,-3.5,U,17,21,-2.5,-6.5,L,34.5,38,3.5,O,Western Kentucky,western kentucky,Tyson Helton,2024,-19.5,Favorite,L,O
2024,2024-11-10T00:00:00.000Z,Dan Lanning,Oregon,Oregon,Maryland,Home,39,18,-21.5,-0.5,L,57.5,57,-0.5,U,21,10,-10.5,0.5,W,27.5,31,3.5,O,18,8,-9.5,0.5,W,27.5,26,-1.5,U,Oregon,oregon,Dan Lanning,2024,-21.5,Favorite,L,U
2024,2024-11-10T00:00:00.000Z,Mike Locksley,Maryland,Maryland,Oregon,Away,18,39,21.5,0.5,W,57.5,57,-0.5,U,10,21,10.5,-0.5,L,27.5,31,3.5,O,8,18,9.5,-0.5,L,27.5,26,-1.5,U,Maryland,maryland,Mike Locksley,2024,21.5,Underdog,W,U
2024,2024-11-10T00:00:00.000Z,Josh Heupel,Tennessee,Tennessee,Mississippi St.,Home,33,14,-18.5,0.5,W,47.5,47,-0.5,U,20,7,-13.5,-0.5,L,28.5,27,-1.5,U,13,7,-5.5,0.5,W,26.5,20,-6.5,U,Tennessee,tennessee,Josh Heupel,2024,-18.5,Favorite,W,U
2024,2024-11-10T00:00:00.000Z,Jeff Lebby,Mississippi State,Mississippi State,Tennessee,Away,14,33,18.5,-0.5,L,47.5,47,-0.5,U,7,20,13.5,0.5,W,28.5,27,-1.5,U,7,13,5.5,-0.5,L,26.5,20,-6.5,U,Mississippi State,mississippi state,Jeff Lebby,2024,18.5,Underdog,L,U
2024,2024-11-10T00:00:00.000Z,Sonny Dykes,TCU,TCU,Oklahoma St.,Home,38,13,-24.5,0.5,W,57.5,51,-6.5,U,24,0,-13.5,10.5,W,23.5,24,0.5,O,14,13,-1.5,-0.5,L,34.5,27,-7.5,U,TCU,tcu,Sonny Dykes,2024,-24.5,Favorite,W,U
2024,2024-11-10T00:00:00.000Z,Kenny Dillingham,Arizona State,Arizona State,UCF,Home,35,31,-3.5,0.5,W,68.5,66,-2.5,U,21,17,7.5,11.5,W,30.5,38,7.5,O,14,14,5.5,5.5,W,28.5,28,-0.5,U,Arizona State,arizona state,Kenny Dillingham,2024,-3.5,Favorite,W,U
2024,2024-11-10T00:30:00.000Z,Kalen DeBoer,Alabama,Alabama,LSU Tigers,Away,42,13,-35.5,-6.5,L,47.5,55,7.5,O,21,6,-11.5,3.5,W,29.5,27,-2.5,U,21,7,-1.5,12.5,W,29.5,28,-1.5,U,Alabama,alabama,Kalen DeBoer,2024,-35.5,Favorite,L,O
2024,2024-11-10T00:30:00.000Z,Marcus Freeman,Notre Dame,Notre Dame,Florida State,Home,52,3,-40.5,8.5,W,48.5,55,6.5,O,21,3,-14.5,3.5,W,23.5,24,0.5,O,31,0,-18.5,12.5,W,23.5,31,7.5,O,Notre Dame,notre dame,Marcus Freeman,2024,-40.5,Favorite,W,O
2024,2024-11-10T00:30:00.000Z,Mike Norvell,Florida State,Florida State,Notre Dame,Away,3,52,40.5,-8.5,L,48.5,55,6.5,O,3,21,14.5,-3.5,L,23.5,24,0.5,O,0,31,18.5,-12.5,L,23.5,31,7.5,O,Florida State,florida state,Mike Norvell,2024,40.5,Underdog,L,O
2024,2024-11-10T00:45:00.000Z,Eli Drinkwitz,Missouri,Missouri,Oklahoma,Home,30,23,2.5,9.5,W,55.5,53,-2.5,U,3,9,3.5,-2.5,L,11.5,12,0.5,O,27,14,-12.5,0.5,W,20.5,41,20.5,O,Missouri,missouri,Eli Drinkwitz,2024,2.5,Underdog,W,U
2024,2024-11-10T00:45:00.000Z,Brent Venables,Oklahoma,Oklahoma,Missouri,Away,23,30,-2.5,-9.5,L,55.5,53,-2.5,U,9,3,-3.5,2.5,W,11.5,12,0.5,O,14,27,12.5,-0.5,L,20.5,41,20.5,O,Oklahoma,oklahoma,Brent Venables,2024,-2.5,Favorite,L,U
2024,2024-11-10T01:00:00.000Z,Spencer Danielson,Boise State,Boise State,Nevada,Home,28,21,-13.5,-6.5,L,45.0,49,4.0,O,14,14,-10.5,-10.5,L,30.5,28,-2.5,U,14,7,-13.5,-6.5,L,21.5,21,-0.5,U,Boise State,boise state,Spencer Danielson,2024,-13.5,Favorite,L,O
2024,2024-11-10T01:00:00.000Z,Jeff Choate,Nevada,Nevada,Boise St,Away,21,28,13.5,6.5,W,45.0,49,4.0,O,14,14,10.5,10.5,W,30.5,28,-2.5,U,7,14,13.5,6.5,W,21.5,21,-0.5,U,Nevada,nevada,Jeff Choate,2024,13.5,Underdog,W,O
2024,2024-11-10T01:00:00.000Z,Pat Narduzzi,Pittsburgh,Pittsburgh,Virginia,Home,19,24,4.5,-0.5,L,47.5,43,-4.5,U,13,7,-4.5,1.5,W,28.5,20,-8.5,U,6,17,-3.5,-14.5,L,27.5,23,-4.5,U,Pittsburgh,pittsburgh,Pat Narduzzi,2024,4.5,Underdog,L,U
2024,2024-11-10T01:00:00.000Z,Tony Elliott,Virginia,Virginia,Pittsburgh,Away,24,19,-4.5,0.5,W,47.5,43,-4.5,U,7,13,4.5,-1.5,L,28.5,20,-8.5,U,17,6,3.5,14.5,W,27.5,23,-4.5,U,Virginia,virginia,Tony Elliott,2024,-4.5,Favorite,W,U
2024,2024-11-10T01:00:00.000Z,James Franklin,Virginia Tech,Penn State,Washington,Home,35,6,-30.5,-1.5,L,48.0,41,-7.0,U,28,0,-6.5,21.5,W,24.5,28,3.5,O,7,6,-6.5,-5.5,L,22.5,13,-9.5,U,Virginia Tech,virginia tech,James Franklin,2024,-30.5,Favorite,L,U
2024,2024-11-10T01:00:00.000Z,Jedd Fisch,Washington,Washington,Penn State,Away,6,35,30.5,1.5,W,48.0,41,-7.0,U,0,28,6.5,-21.5,L,24.5,28,3.5,O,6,7,6.5,5.5,W,22.5,13,-9.5,U,Washington,washington,Jedd Fisch,2024,30.5,Underdog,W,U
2024,2024-11-10T02:00:00.000Z,Timmy Chang,Hawaii,Hawaii,UNLV,Home,27,29,2.5,0.5,W,57.5,56,-1.5,U,10,12,4.5,2.5,W,25.5,22,-3.5,U,17,17,2.5,2.5,W,26.5,34,7.5,O,Hawaii,hawaii,Timmy Chang,2024,2.5,Underdog,W,U
2024,2024-11-10T02:00:00.000Z,Barry Odom,Purdue,UNLV,Hawaii,Away,29,27,-2.5,-0.5,L,57.5,56,-1.5,U,12,10,-4.5,-2.5,L,25.5,22,-3.5,U,17,17,-2.5,-2.5,L,26.5,34,7.5,O,Purdue,purdue,Barry Odom,2024,-2.5,Favorite,L,U
2024,2024-11-10T02:45:00.000Z,Troy Calhoun,Air Force,Air Force,Fresno St.,Home,36,28,-8.5,-0.5,L,40.5,64,23.5,O,17,21,6.5,2.5,W,20.5,38,17.5,O,19,7,5.5,17.5,W,19.5,26,6.5,O,Air Force,air force,Troy Calhoun,2024,-8.5,Favorite,L,O
2024,2024-11-10T03:15:00.000Z,Kyle Whittingham,Michigan,Utah,BYU,Home,21,22,-1.5,-2.5,L,40.5,43,2.5,O,21,10,-3.5,7.5,W,27.5,31,3.5,O,0,12,9.5,-2.5,L,12.5,12,-0.5,U,Michigan,michigan,Kyle Whittingham,2024,-1.5,Favorite,L,O
2024,2024-11-10T03:15:00.000Z,Kalani Sitake,BYU,BYU,Utah,Away,22,21,1.5,2.5,W,40.5,43,2.5,O,10,21,3.5,-7.5,L,27.5,31,3.5,O,12,0,-9.5,2.5,W,12.5,12,-0.5,U,BYU,byu,Kalani Sitake,2024,1.5,Underdog,W,O
2024,2024-11-13T00:00:00.000Z,Pete Lembo,Buffalo,Buffalo,Ball State,Home,51,48,-5.5,-2.5,L,85.5,99,13.5,O,24,28,-2.5,-6.5,L,27.5,52,24.5,O,27,20,5.5,12.5,W,31.5,47,15.5,O,Buffalo,buffalo,Pete Lembo,2024,-5.5,Favorite,L,O
2024,2024-11-13T00:00:00.000Z,Jason Candle,Connecticut,Toledo,Central Michigan,Home,37,10,-27.5,-0.5,L,46.5,47,0.5,O,27,3,-8.0,16.0,W,27.0,30,3.0,O,10,7,-10.5,-7.5,L,13.5,17,3.5,O,Connecticut,connecticut,Jason Candle,2024,-27.5,Favorite,L,O
2024,2024-11-13T00:00:00.000Z,Lance Taylor,Western Michigan,Western Michigan,Bowling Green,Away,13,31,13.5,-4.5,L,50.5,44,-6.5,U,7,17,10.5,0.5,W,26.5,24,-2.5,U,6,14,9.5,1.5,W,26.5,20,-6.5,U,Western Michigan,western michigan,Lance Taylor,2024,13.5,Underdog,L,U
2024,2024-11-16T01:00:00.000Z,Jeff Traylor,UTSA,UTSA,North Texas,Home,48,27,-20.5,0.5,W,72.5,75,2.5,O,27,7,-1.5,18.5,W,36.5,34,-2.5,U,21,20,1.5,2.5,W,35.5,41,5.5,O,UTSA,utsa,Jeff Traylor,2024,-20.5,Favorite,W,O
2024,2024-11-16T01:00:00.000Z,Eric Morris,Oklahoma State,North Texas,UTSA,Away,27,48,20.5,-0.5,L,72.5,75,2.5,O,7,27,1.5,-18.5,L,36.5,34,-2.5,U,20,21,-1.5,-2.5,L,35.5,41,5.5,O,Oklahoma State,oklahoma state,Eric Morris,2024,20.5,Underdog,L,O
2024,2024-11-16T01:00:00.000Z,Jay Sawvel,Wyoming,Wyoming,Colorado State,Away,10,24,11.5,-2.5,L,36.5,34,-2.5,U,3,17,5.5,-8.5,L,23.5,20,-3.5,U,7,7,1.5,1.5,W,20.5,14,-6.5,U,Wyoming,wyoming,Jay Sawvel,2024,11.5,Underdog,L,U
2024,2024-11-16T02:00:00.000Z,Jedd Fisch,Washington,Washington,UCLA,Home,31,19,-11.5,0.5,W,50.5,50,-0.5,U,14,10,-2.5,1.5,W,23.5,24,0.5,O,17,9,-2.5,5.5,W,23.5,26,2.5,O,Washington,washington,Jedd Fisch,2024,-11.5,Favorite,W,U
2024,2024-11-16T03:15:00.000Z,Brent Brennan,Arizona,Arizona,Houston,Home,27,3,-23.5,0.5,W,36.5,30,-6.5,U,10,3,-4.5,2.5,W,10.5,13,2.5,O,17,0,-17.5,-0.5,L,22.5,17,-5.5,U,Arizona,arizona,Brent Brennan,2024,-23.5,Favorite,W,U
2024,2024-11-16T03:15:00.000Z,Willie Fritz,Houston,Houston,Arizona,Away,3,27,23.5,-0.5,L,36.5,30,-6.5,U,3,10,4.5,-2.5,L,10.5,13,2.5,O,0,17,17.5,0.5,W,22.5,17,-5.5,U,Houston,houston,Willie Fritz,2024,23.5,Underdog,L,U
2024,2024-11-16T17:00:00.000Z,Pat Narduzzi,Pittsburgh,Pittsburgh,Clemson,Home,20,24,2.5,-1.5,L,40.5,44,3.5,O,7,17,7.5,-2.5,L,26.5,24,-2.5,U,13,7,-6.5,-0.5,L,17.5,20,2.5,O,Pittsburgh,pittsburgh,Pat Narduzzi,2024,2.5,Underdog,L,O
2024,2024-11-16T17:00:00.000Z,Dabo Swinney,Clemson,Clemson,Pittsburgh,Away,24,20,-2.5,1.5,W,40.5,44,3.5,O,17,7,-7.5,2.5,W,26.5,24,-2.5,U,7,13,6.5,0.5,W,17.5,20,2.5,O,Clemson,clemson,Dabo Swinney,2024,-2.5,Favorite,W,O
2024,2024-11-16T17:00:00.000Z,Jamey Chadwell,Liberty,Liberty,UMass,Away,35,34,-5.5,-4.5,L,62.5,69,6.5,O,7,20,3.5,-9.5,L,23.5,27,3.5,O,28,14,-11.5,2.5,W,34.5,42,7.5,O,Liberty,liberty,Jamey Chadwell,2024,-5.5,Favorite,L,O
2024,2024-11-16T17:00:00.000Z,Tyson Helton,Western Kentucky,Western Kentucky,Louisiana Tech,Home,7,12,5.5,0.5,W,24.5,19,-5.5,U,7,9,2.5,0.5,W,22.5,16,-6.5,U,0,3,-5.0,-8.0,L,24.5,3,-21.5,U,Western Kentucky,western kentucky,Tyson Helton,2024,5.5,Underdog,W,U
2024,2024-11-16T17:00:00.000Z,Sonny Cumbie,Louisiana Tech,Louisiana Tech,Western Kentucky,Away,12,7,-5.5,-0.5,L,24.5,19,-5.5,U,9,7,-2.5,-0.5,L,22.5,16,-6.5,U,3,0,5.0,8.0,W,24.5,3,-21.5,U,Louisiana Tech,louisiana tech,Sonny Cumbie,2024,-5.5,Favorite,L,U
2024,2024-11-16T17:00:00.000Z,David Braun,Northwestern,Northwestern,Ohio State,Home,7,31,24.5,0.5,W,39.5,38,-1.5,U,7,21,14.5,0.5,W,23.5,28,4.5,O,0,10,16.5,6.5,W,16.5,10,-6.5,U,Northwestern,northwestern,David Braun,2024,24.5,Underdog,W,U
2024,2024-11-16T17:00:00.000Z,Ryan Day,Ohio State,Ohio State,Northwestern,Away,31,7,-24.5,-0.5,L,39.5,38,-1.5,U,21,7,-14.5,-0.5,L,23.5,28,4.5,O,10,0,-16.5,-6.5,L,16.5,10,-6.5,U,Ohio State,ohio state,Ryan Day,2024,-24.5,Favorite,L,U
2024,2024-11-16T17:00:00.000Z,Steve Sarkisian,Texas,Texas,Arkansas,Away,20,10,-10.5,-0.5,L,31.5,30,-1.5,U,10,0,-13.5,-3.5,L,17.5,10,-7.5,U,10,10,-5.5,-5.5,L,24.0,20,-4.0,U,Texas,texas,Steve Sarkisian,2024,-10.5,Favorite,L,U
2024,2024-11-16T17:00:00.000Z,Brian Newberry,Navy,Navy,Tulane,Home,0,35,35.0,0.0,P,35.5,35,-0.5,U,0,14,4.5,-9.5,L,24.5,14,-10.5,U,0,21,20.5,-0.5,L,24.5,21,-3.5,U,Navy,navy,Brian Newberry,2024,35.0,Underdog,P,U
2024,2024-11-16T17:00:00.000Z,Jon Sumrall,Florida,Tulane,Navy,Away,35,0,-35.0,0.0,P,35.5,35,-0.5,U,14,0,-4.5,9.5,W,24.5,14,-10.5,U,21,0,-20.5,0.5,W,24.5,21,-3.5,U,Florida,florida,Jon Sumrall,2024,-35.0,Favorite,P,U
2024,2024-11-16T17:00:00.000Z,Deion Sanders,Colorado,Colorado,Utah,Home,49,24,-24.5,0.5,W,43.5,73,29.5,O,21,9,-9.5,2.5,W,23.5,30,6.5,O,28,15,-6.5,6.5,W,20.5,43,22.5,O,Colorado,colorado,Deion Sanders,2024,-24.5,Favorite,W,O
2024,2024-11-16T17:00:00.000Z,Kyle Whittingham,Michigan,Utah,Colorado,Away,24,49,24.5,-0.5,L,43.5,73,29.5,O,9,21,9.5,-2.5,L,23.5,30,6.5,O,15,28,6.5,-6.5,L,20.5,43,22.5,O,Michigan,michigan,Kyle Whittingham,2024,24.5,Underdog,L,O
2024,2024-11-16T17:45:00.000Z,Bryant Vincent,UL-Monroe,UL-Monroe,Auburn,Away,14,48,41.5,7.5,W,56.5,62,5.5,O,0,24,19.5,-4.5,L,20.5,24,3.5,O,14,24,20.5,10.5,W,34.5,38,3.5,O,UL-Monroe,ul-monroe,Bryant Vincent,2024,41.5,Underdog,W,O
2024,2024-11-16T18:00:00.000Z,Charles Huff,Memphis,Marshall,Coastal Carolina,Home,31,19,-11.5,0.5,W,56.5,50,-6.5,U,17,7,2.5,12.5,W,27.5,24,-3.5,U,14,12,-1.5,0.5,W,32.5,26,-6.5,U,Memphis,memphis,Charles Huff,2024,-11.5,Favorite,W,U
2024,2024-11-16T19:00:00.000Z,Rich Rodriguez,West Virginia,Jacksonville State,Florida Int.,Home,34,31,-5.5,-2.5,L,69.5,65,-4.5,U,20,17,-7.5,-4.5,L,29.5,37,7.5,O,14,14,-1.5,-1.5,L,34.5,28,-6.5,U,West Virginia,west virginia,Rich Rodriguez,2024,-5.5,Favorite,L,U
2024,2024-11-16T19:00:00.000Z,Kalen DeBoer,Alabama,Alabama,Mercer,Home,52,7,-46.5,-1.5,L,58.5,59,0.5,O,31,7,-30.5,-6.5,L,31.5,38,6.5,O,21,0,-20.5,0.5,W,20.5,21,0.5,O,Alabama,alabama,Kalen DeBoer,2024,-46.5,Favorite,L,O
2024,2024-11-16T19:30:00.000Z,Bret Bielema,Illinois,Illinois,Michigan State,Home,38,16,-15.5,6.5,W,47.5,54,6.5,O,21,9,-8.5,3.5,W,27.5,30,2.5,O,17,7,-1.5,8.5,W,23.5,24,0.5,O,Illinois,illinois,Bret Bielema,2024,-15.5,Favorite,W,O
2024,2024-11-16T20:00:00.000Z,Timmy Chang,Hawaii,Hawaii,Utah State,Away,10,55,42.5,-2.5,L,62.5,65,2.5,O,3,24,-0.5,-21.5,L,30.0,27,-3.0,U,7,31,21.5,-2.5,L,31.5,38,6.5,O,Hawaii,hawaii,Timmy Chang,2024,42.5,Underdog,L,O
2024,2024-11-16T20:00:00.000Z,Fran Brown,Syracuse,Syracuse,California,Away,33,25,-10.5,-2.5,L,53.5,58,4.5,O,27,7,6.5,26.5,W,29.0,34,5.0,O,6,18,6.5,-5.5,L,19.5,24,4.5,O,Syracuse,syracuse,Fran Brown,2024,-10.5,Favorite,L,O
2024,2024-11-16T20:30:00.000Z,Rhett Lashlee,SMU,SMU,Boston College,Home,38,28,-3.5,6.5,W,61.5,66,4.5,O,20,14,-11.5,-5.5,L,28.5,34,5.5,O,18,14,-7.5,-3.5,L,27.5,32,4.5,O,SMU,smu,Rhett Lashlee,2024,-3.5,Favorite,W,O
2024,2024-11-16T20:30:00.000Z,Bill O'Brien,Boston College,Boston College,SMU,Away,28,38,3.5,-6.5,L,61.5,66,4.5,O,14,20,11.5,5.5,W,28.5,34,5.5,O,14,18,7.5,3.5,W,27.5,32,4.5,O,Boston College,boston college,Bill O'Brien,2024,3.5,Underdog,L,O
2024,2024-11-16T20:30:00.000Z,Billy Napier,James Madison,Florida,LSU Tigers,Home,27,16,-10.5,0.5,W,45.5,43,-2.5,U,10,10,2.5,2.5,W,27.5,20,-7.5,U,17,6,2.0,13.0,W,27.5,23,-4.5,U,James Madison,james madison,Billy Napier,2024,-10.5,Favorite,W,U
2024,2024-11-16T20:30:00.000Z,Jeff Brohm,Louisville,Louisville,Stanford,Away,35,38,2.5,-0.5,L,75.5,73,-2.5,U,21,13,-11.5,-3.5,L,30.5,34,3.5,O,14,25,-10.5,-21.5,L,27.0,39,12.0,O,Louisville,louisville,Jeff Brohm,2024,2.5,Underdog,L,U
2024,2024-11-16T20:30:00.000Z,Troy Calhoun,Air Force,Air Force,Oregon State,Home,28,0,-27.5,0.5,W,28.5,28,-0.5,U,14,0,1.5,15.5,W,22.0,14,-8.0,U,14,0,1.5,15.5,W,22.5,14,-8.5,U,Air Force,air force,Troy Calhoun,2024,-27.5,Favorite,W,U
2024,2024-11-16T20:30:00.000Z,James Franklin,Virginia Tech,Penn State,Purdue,Away,49,10,-32.5,6.5,W,54.5,59,4.5,O,21,3,-20.5,-2.5,L,29.5,24,-5.5,U,28,7,-12.5,8.5,W,23.5,35,11.5,O,Virginia Tech,virginia tech,James Franklin,2024,-32.5,Favorite,W,O
2024,2024-11-16T20:30:00.000Z,Alex Golesh,Auburn,South Florida,Charlotte,Away,59,24,-35.5,-0.5,L,83.5,83,-0.5,U,14,10,0.5,4.5,W,27.0,24,-3.0,U,45,14,1.5,32.5,W,27.0,59,32.0,O,Auburn,auburn,Alex Golesh,2024,-35.5,Favorite,L,U
2024,2024-11-16T20:30:00.000Z,Marcus Freeman,Notre Dame,Notre Dame,Virginia,Home,35,14,-27.5,-6.5,L,48.5,49,0.5,O,28,0,-11.5,16.5,W,19.5,28,8.5,O,7,14,-1.5,-8.5,L,14.5,21,6.5,O,Notre Dame,notre dame,Marcus Freeman,2024,-27.5,Favorite,L,O
2024,2024-11-16T20:30:00.000Z,Tony Elliott,Virginia,Virginia,Notre Dame,Away,14,35,27.5,6.5,W,48.5,49,0.5,O,0,28,11.5,-16.5,L,19.5,28,8.5,O,14,7,1.5,8.5,W,14.5,21,6.5,O,Virginia,virginia,Tony Elliott,2024,27.5,Underdog,W,O
2024,2024-11-16T21:00:00.000Z,Neal Brown,North Texas,West Virginia,Baylor,Home,35,49,18.5,4.5,W,77.5,84,6.5,O,28,35,6.5,-0.5,L,29.0,63,34.0,O,7,14,0.5,-6.5,L,32.5,21,-11.5,U,North Texas,north texas,Neal Brown,2024,18.5,Underdog,W,O
2024,2024-11-16T21:00:00.000Z,Dave Aranda,Baylor,Baylor,West Virginia,Away,49,35,-18.5,-4.5,L,77.5,84,6.5,O,35,28,-6.5,0.5,W,29.0,63,34.0,O,14,7,-0.5,6.5,W,32.5,21,-11.5,U,Baylor,baylor,Dave Aranda,2024,-18.5,Favorite,L,O
2024,2024-11-16T21:00:00.000Z,Ricky Rahne,Old Dominion,Old Dominion,James Madison,Home,32,35,10.5,7.5,W,58.5,67,8.5,O,24,21,6.5,9.5,W,24.5,45,20.5,O,8,14,6.5,0.5,W,13.5,22,8.5,O,Old Dominion,old dominion,Ricky Rahne,2024,10.5,Underdog,W,O
2024,2024-11-16T21:00:00.000Z,Bob Chesney,UCLA,James Madison,Old Dominion,Away,35,32,-10.5,-7.5,L,58.5,67,8.5,O,21,24,-6.5,-9.5,L,24.5,45,20.5,O,14,8,-6.5,-0.5,L,13.5,22,8.5,O,UCLA,ucla,Bob Chesney,2024,-10.5,Favorite,L,O
2024,2024-11-16T21:00:00.000Z,Lincoln Riley,USC,USC,Nebraska,Home,28,20,-7.5,0.5,W,48.5,48,-0.5,U,14,14,-4.0,-4.0,L,24.5,28,3.5,O,14,6,-3.0,5.0,W,24.0,20,-4.0,U,USC,usc,Lincoln Riley,2024,-7.5,Favorite,W,U
2024,2024-11-16T21:00:00.000Z,Matt Rhule,Nebraska,Nebraska,USC,Away,20,28,7.5,-0.5,L,48.5,48,-0.5,U,14,14,4.0,4.0,W,24.5,28,3.5,O,6,14,3.0,-5.0,L,24.0,20,-4.0,U,Nebraska,nebraska,Matt Rhule,2024,7.5,Underdog,L,U
2024,2024-11-16T21:00:00.000Z,Clay Helton,Georgia Southern,Georgia Southern,Troy,Home,20,28,7.5,-0.5,L,50.5,48,-2.5,U,10,7,-3.5,-0.5,L,27.5,17,-10.5,U,10,21,5.5,-5.5,L,33.5,31,-2.5,U,Georgia Southern,georgia southern,Clay Helton,2024,7.5,Underdog,L,U
2024,2024-11-16T21:00:00.000Z,Gerad Parker,Troy,Troy,Georgia Southern,Away,28,20,-7.5,0.5,W,50.5,48,-2.5,U,7,10,3.5,0.5,W,27.5,17,-10.5,U,21,10,-5.5,5.5,W,33.5,31,-2.5,U,Troy,troy,Gerad Parker,2024,-7.5,Favorite,W,U
2024,2024-11-16T21:15:00.000Z,Shane Beamer,South Carolina,South Carolina,Missouri,Home,34,30,-10.5,-6.5,L,42.0,64,22.0,O,21,6,-6.5,8.5,W,20.5,27,6.5,O,13,24,-5.5,-16.5,L,20.5,37,16.5,O,South Carolina,south carolina,Shane Beamer,2024,-10.5,Favorite,L,O
2024,2024-11-16T21:15:00.000Z,Eli Drinkwitz,Missouri,Missouri,South Carolina,Away,30,34,10.5,6.5,W,42.0,64,22.0,O,6,21,6.5,-8.5,L,20.5,27,6.5,O,24,13,5.5,16.5,W,20.5,37,16.5,O,Missouri,missouri,Eli Drinkwitz,2024,10.5,Underdog,W,O
2024,2024-11-16T22:00:00.000Z,Butch Jones,Arkansas State,Arkansas State,Georgia St.,Away,27,20,-6.5,0.5,W,53.5,47,-6.5,U,7,7,1.5,1.5,W,30.5,14,-16.5,U,20,13,-3.5,3.5,W,42.5,33,-9.5,U,Arkansas State,arkansas state,Butch Jones,2024,-6.5,Favorite,W,U
2024,2024-11-16T23:00:00.000Z,Mike Locksley,Maryland,Maryland,Rutgers,Home,17,31,13.5,-0.5,L,54.5,48,-6.5,U,10,14,-0.5,-4.5,L,23.5,24,0.5,O,7,17,-2.5,-12.5,L,27.0,24,-3.0,U,Maryland,maryland,Mike Locksley,2024,13.5,Underdog,L,U
2024,2024-11-16T23:00:00.000Z,Greg Schiano,Rutgers,Rutgers,Maryland,Away,31,17,-13.5,0.5,W,54.5,48,-6.5,U,14,10,0.5,4.5,W,23.5,24,0.5,O,17,7,2.5,12.5,W,27.0,24,-3.0,U,Rutgers,rutgers,Greg Schiano,2024,-13.5,Favorite,W,U
2024,2024-11-17T00:30:00.000Z,Luke Fickell,Wisconsin,Wisconsin,Oregon,Home,13,16,3.5,0.5,W,32.5,29,-3.5,U,10,6,5.5,9.5,W,15.5,16,0.5,O,3,10,7.5,0.5,W,17.5,13,-4.5,U,Wisconsin,wisconsin,Luke Fickell,2024,3.5,Underdog,W,U
2024,2024-11-17T00:30:00.000Z,Dan Lanning,Oregon,Oregon,Wisconsin,Away,16,13,-3.5,-0.5,L,32.5,29,-3.5,U,6,10,-5.5,-9.5,L,15.5,16,0.5,O,10,3,-7.5,-0.5,L,17.5,13,-4.5,U,Oregon,oregon,Dan Lanning,2024,-3.5,Favorite,L,U
2024,2024-11-17T00:30:00.000Z,Kirby Smart,Georgia,Georgia,Tennessee,Home,31,17,-13.5,0.5,W,47.5,48,0.5,O,17,17,-4.5,-4.5,L,30.5,34,3.5,O,14,0,-7.5,6.5,W,14.5,14,-0.5,U,Georgia,georgia,Kirby Smart,2024,-13.5,Favorite,W,O
2024,2024-11-17T00:30:00.000Z,Josh Heupel,Tennessee,Tennessee,Georgia,Away,17,31,13.5,-0.5,L,47.5,48,0.5,O,17,17,4.5,4.5,W,30.5,34,3.5,O,0,14,7.5,-6.5,L,14.5,14,-0.5,U,Tennessee,tennessee,Josh Heupel,2024,13.5,Underdog,L,O
2024,2024-11-17T00:45:00.000Z,Mike Elko,Texas A&M,Texas A&M,New Mexico St.,Home,38,3,-31.5,3.5,W,38.5,41,2.5,O,24,0,-24.5,-0.5,L,27.5,24,-3.5,U,14,3,-4.5,6.5,W,12.5,17,4.5,O,Texas A&M,texas a&m,Mike Elko,2024,-31.5,Favorite,W,O
2024,2024-11-17T00:45:00.000Z,Tony Sanchez,New Mexico State,New Mexico State,Texas A&M,Away,3,38,31.5,-3.5,L,38.5,41,2.5,O,0,24,24.5,0.5,W,27.5,24,-3.5,U,3,14,4.5,-6.5,L,12.5,17,4.5,O,New Mexico State,new mexico state,Tony Sanchez,2024,31.5,Underdog,L,O
2024,2024-11-17T01:00:00.000Z,Matt Campbell,Penn State,Iowa State,Cincinnati,Home,34,17,-10.5,6.5,W,44.5,51,6.5,O,10,10,3.5,3.5,W,23.5,20,-3.5,U,24,7,-5.5,11.5,W,24.5,31,6.5,O,Penn State,penn state,Matt Campbell,2024,-10.5,Favorite,W,O
2024,2024-11-17T01:00:00.000Z,Scott Satterfield,Cincinnati,Cincinnati,Iowa State,Away,17,34,10.5,-6.5,L,44.5,51,6.5,O,10,10,-3.5,-3.5,L,23.5,20,-3.5,U,7,24,5.5,-11.5,L,24.5,31,6.5,O,Cincinnati,cincinnati,Scott Satterfield,2024,10.5,Underdog,L,O
2024,2024-11-17T01:00:00.000Z,Ryan Silverfield,Arkansas,Memphis,UAB,Home,53,18,-30.5,4.5,W,64.5,71,6.5,O,18,8,-17.5,-7.5,L,24.5,26,1.5,O,35,10,-13.5,11.5,W,37.5,45,7.5,O,Arkansas,arkansas,Ryan Silverfield,2024,-30.5,Favorite,W,O
2024,2024-11-17T02:30:00.000Z,Bronco Mendenhall,Utah State,New Mexico,Washington St.,Home,38,35,-2.5,0.5,W,66.5,73,6.5,O,14,28,13.5,-0.5,L,37.5,42,4.5,O,24,7,-18.5,-1.5,L,30.5,31,0.5,O,Utah State,utah state,Bronco Mendenhall,2024,-2.5,Favorite,W,O
2024,2024-11-17T03:15:00.000Z,Kalani Sitake,BYU,BYU,Kansas,Home,13,17,-1.5,-5.5,L,33.5,30,-3.5,U,10,10,0.5,0.5,W,26.5,20,-6.5,U,3,7,3.5,-0.5,L,16.5,10,-6.5,U,BYU,byu,Kalani Sitake,2024,-1.5,Favorite,L,U
2024,2024-11-17T03:15:00.000Z,Lance Leipold,Kansas,Kansas,BYU,Away,17,13,1.5,5.5,W,33.5,30,-3.5,U,10,10,-0.5,-0.5,L,26.5,20,-6.5,U,7,3,-3.5,0.5,W,16.5,10,-6.5,U,Kansas,kansas,Lance Leipold,2024,1.5,Underdog,W,U
2024,2024-11-17T03:30:00.000Z,Barry Odom,Purdue,UNLV,San Diego St,Home,41,20,-20.5,0.5,W,68.5,61,-7.5,U,28,6,-20.5,1.5,W,27.5,34,6.5,O,13,14,-5.5,-6.5,L,34.5,27,-7.5,U,Purdue,purdue,Barry Odom,2024,-20.5,Favorite,W,U
2024,2024-11-17T03:30:00.000Z,Sean Lewis,San Diego State,San Diego State,UNLV,Away,20,41,20.5,-0.5,L,68.5,61,-7.5,U,6,28,20.5,-1.5,L,27.5,34,6.5,O,14,13,5.5,6.5,W,34.5,27,-7.5,U,San Diego State,san diego state,Sean Lewis,2024,20.5,Underdog,L,U
2024,2024-11-20T00:30:00.000Z,Lance Taylor,Western Michigan,Western Michigan,Central Michigan,Away,14,16,1.5,-0.5,L,33.5,30,-3.5,U,0,13,-4.5,-17.5,L,28.5,13,-15.5,U,14,3,-11.5,-0.5,L,22.5,17,-5.5,U,Western Michigan,western michigan,Lance Taylor,2024,1.5,Underdog,L,U
2024,2024-11-20T01:00:00.000Z,Chuck Martin,Miami-OH,Miami-OH,Northern Illinois,Home,20,9,-10.5,0.5,W,34.0,29,-5.0,U,17,3,-12.5,1.5,W,16.5,20,3.5,O,3,6,6.5,3.5,W,9.5,9,-0.5,U,Miami-OH,miami-oh,Chuck Martin,2024,-10.5,Favorite,W,U
2024,2024-11-21T00:00:00.000Z,Chris Creighton,Eastern Michigan,Eastern Michigan,Buffalo,Home,20,37,3.5,-13.5,L,53.5,57,3.5,O,0,17,-0.5,-17.5,L,26.0,17,-9.0,U,20,20,-7.5,-7.5,L,39.5,40,0.5,O,Eastern Michigan,eastern michigan,Chris Creighton,2024,3.5,Underdog,L,O
2024,2024-11-21T00:00:00.000Z,Pete Lembo,Buffalo,Buffalo,Eastern Michigan,Away,37,20,-3.5,13.5,W,53.5,57,3.5,O,17,0,0.5,17.5,W,26.0,17,-9.0,U,20,20,7.5,7.5,W,39.5,40,0.5,O,Buffalo,buffalo,Pete Lembo,2024,-3.5,Favorite,W,O
2024,2024-11-21T00:00:00.000Z,Jason Candle,Connecticut,Toledo,Ohio,Home,7,24,18.5,1.5,W,34.5,31,-3.5,U,7,0,-0.5,6.5,W,13.5,7,-6.5,U,0,24,21.5,-2.5,L,24.5,24,-0.5,U,Connecticut,connecticut,Jason Candle,2024,18.5,Underdog,W,U
2024,2024-11-21T00:00:00.000Z,Tim Albin,Charlotte,Ohio,Toledo,Away,24,7,-18.5,-1.5,L,34.5,31,-3.5,U,0,7,0.5,-6.5,L,13.5,7,-6.5,U,24,0,-21.5,2.5,W,24.5,24,-0.5,U,Charlotte,charlotte,Tim Albin,2024,-18.5,Favorite,L,U
2024,2024-11-22T00:30:00.000Z,Brent Key,Georgia Tech,Georgia Tech,NC State,Home,30,29,1.0,2.0,W,44.5,59,14.5,O,13,7,-4.5,1.5,W,26.5,20,-6.5,U,17,22,-1.5,-6.5,L,24.0,39,15.0,O,Georgia Tech,georgia tech,Brent Key,2024,1.0,Underdog,W,O
2024,2024-11-22T00:30:00.000Z,Dave Doeren,NC State,NC State,Georgia Tech,Away,29,30,-1.0,-2.0,L,44.5,59,14.5,O,7,13,4.5,-1.5,L,26.5,20,-6.5,U,22,17,1.5,6.5,W,24.0,39,15.0,O,NC State,nc state,Dave Doeren,2024,-1.0,Favorite,L,O
2024,2024-11-23T03:00:00.000Z,Ken Niumatalolo,San Jose State,San Jose State,UNLV,Home,16,27,11.5,0.5,W,49.5,43,-6.5,U,16,10,1.5,7.5,W,25.5,26,0.5,O,0,17,17.5,0.5,W,20.5,17,-3.5,U,San Jose State,san jose state,Ken Niumatalolo,2024,11.5,Underdog,W,U
2024,2024-11-23T03:00:00.000Z,Barry Odom,Purdue,UNLV,San Jose St.,Away,27,16,-11.5,-0.5,L,49.5,43,-6.5,U,10,16,-1.5,-7.5,L,25.5,26,0.5,O,17,0,-17.5,-0.5,L,20.5,17,-3.5,U,Purdue,purdue,Barry Odom,2024,-11.5,Favorite,L,U
2024,2024-11-23T17:00:00.000Z,Greg Schiano,Rutgers,Rutgers,Illinois,Home,31,38,-2.5,-9.5,L,52.5,69,16.5,O,17,9,-1.5,6.5,W,23.5,26,2.5,O,14,29,-0.5,-15.5,L,23.5,43,19.5,O,Rutgers,rutgers,Greg Schiano,2024,-2.5,Favorite,L,O
2024,2024-11-23T17:00:00.000Z,Bret Bielema,Illinois,Illinois,Rutgers,Away,38,31,2.5,9.5,W,52.5,69,16.5,O,9,17,1.5,-6.5,L,23.5,26,2.5,O,29,14,0.5,15.5,W,23.5,43,19.5,O,Illinois,illinois,Bret Bielema,2024,2.5,Underdog,W,O
2024,2024-11-23T17:00:00.000Z,Ryan Day,Ohio State,Ohio State,Indiana,Home,38,15,-17.5,5.5,W,44.5,53,8.5,O,14,7,-6.5,0.5,W,27.5,21,-6.5,U,24,8,-16.5,-0.5,L,20.5,32,11.5,O,Ohio State,ohio state,Ryan Day,2024,-17.5,Favorite,W,O
2024,2024-11-23T17:00:00.000Z,Curt Cignetti,Indiana,Indiana,Ohio State,Away,15,38,17.5,-5.5,L,44.5,53,8.5,O,7,14,6.5,-0.5,L,27.5,21,-6.5,U,8,24,16.5,0.5,W,20.5,32,11.5,O,Indiana,indiana,Curt Cignetti,2024,17.5,Underdog,L,O
2024,2024-11-23T17:00:00.000Z,Mike Locksley,Maryland,Maryland,Iowa,Home,13,29,15.5,-0.5,L,45.5,42,-3.5,U,0,13,3.5,-9.5,L,13.5,13,-0.5,U,13,16,3.0,0.0,P,17.0,29,12.0,O,Maryland,maryland,Mike Locksley,2024,15.5,Underdog,L,U
2024,2024-11-23T17:00:00.000Z,Kirk Ferentz,Iowa,Iowa,Maryland,Away,29,13,-15.5,0.5,W,45.5,42,-3.5,U,13,0,-3.5,9.5,W,13.5,13,-0.5,U,16,13,-3.0,0.0,P,17.0,29,12.0,O,Iowa,iowa,Kirk Ferentz,2024,-15.5,Favorite,W,U
2024,2024-11-23T17:00:00.000Z,Bill O'Brien,Boston College,Boston College,North Carolina,Home,41,21,-19.5,0.5,W,55.5,62,6.5,O,24,7,-12.5,4.5,W,30.5,31,0.5,O,17,14,1.5,4.5,W,24.0,31,7.0,O,Boston College,boston college,Bill O'Brien,2024,-19.5,Favorite,W,O
2024,2024-11-23T17:00:00.000Z,Billy Napier,James Madison,Florida,Ole Miss,Home,24,17,-6.5,0.5,W,43.5,41,-2.5,U,14,14,-0.5,-0.5,L,31.5,28,-3.5,U,10,3,5.0,12.0,W,28.5,13,-15.5,U,James Madison,james madison,Billy Napier,2024,-6.5,Favorite,W,U
2024,2024-11-23T17:00:00.000Z,Lane Kiffin,LSU,Ole Miss,Florida,Away,17,24,6.5,-0.5,L,43.5,41,-2.5,U,14,14,0.5,0.5,W,31.5,28,-3.5,U,3,10,-5.0,-12.0,L,28.5,13,-15.5,U,LSU,lsu,Lane Kiffin,2024,6.5,Underdog,L,U
2024,2024-11-23T17:00:00.000Z,Tony Elliott,Virginia,Virginia,SMU,Home,7,33,19.5,-6.5,L,32.5,40,7.5,O,0,17,16.5,-0.5,L,17.5,17,-0.5,U,7,16,6.0,-3.0,L,24.0,23,-1.0,U,Virginia,virginia,Tony Elliott,2024,19.5,Underdog,L,O
2024,2024-11-23T17:00:00.000Z,Rhett Lashlee,SMU,SMU,Virginia,Away,33,7,-19.5,6.5,W,32.5,40,7.5,O,17,0,-16.5,0.5,W,17.5,17,-0.5,U,16,7,-6.0,3.0,W,24.0,23,-1.0,U,SMU,smu,Rhett Lashlee,2024,-19.5,Favorite,W,O
2024,2024-11-23T17:00:00.000Z,Rich Rodriguez,West Virginia,Jacksonville State,Sam Houston State Bearkats,Home,21,11,-10.5,-0.5,L,39.5,32,-7.5,U,14,3,-10.5,0.5,W,20.5,17,-3.5,U,7,8,-2.5,-3.5,L,27.5,15,-12.5,U,West Virginia,west virginia,Rich Rodriguez,2024,-10.5,Favorite,L,U
2024,2024-11-23T17:00:00.000Z,Fran Brown,Syracuse,Syracuse,UConn,Home,31,24,-13.5,-6.5,L,53.5,55,1.5,O,21,14,-5.5,1.5,W,27.5,35,7.5,O,10,10,-5.5,-5.5,L,25.5,20,-5.5,U,Syracuse,syracuse,Fran Brown,2024,-13.5,Favorite,L,O
2024,2024-11-23T17:00:00.000Z,Jim Mora,Colorado State,Connecticut,Syracuse,Away,24,31,13.5,6.5,W,53.5,55,1.5,O,14,21,5.5,-1.5,L,27.5,35,7.5,O,10,10,5.5,5.5,W,25.5,20,-5.5,U,Colorado State,colorado state,Jim Mora,2024,13.5,Underdog,W,O
2024,2024-11-23T17:00:00.000Z,Mario Cristobal,Miami-FL,Miami-FL,Wake Forest,Home,42,14,-27.5,0.5,W,55.5,56,0.5,O,20,14,-9.5,-3.5,L,44.5,34,-10.5,U,22,0,-9.5,12.5,W,31.5,22,-9.5,U,Miami-FL,miami-fl,Mario Cristobal,2024,-27.5,Favorite,W,O
2024,2024-11-23T17:45:00.000Z,Kirby Smart,Georgia,Georgia,UMass,Home,59,21,-31.5,6.5,W,73.5,80,6.5,O,28,14,-14.5,-0.5,L,35.5,42,6.5,O,31,7,-16.5,7.5,W,33.5,38,4.5,O,Georgia,georgia,Kirby Smart,2024,-31.5,Favorite,W,O
2024,2024-11-23T18:00:00.000Z,Josh Heupel,Tennessee,Tennessee,UTEP,Home,56,0,-56.5,-0.5,L,56.5,56,-0.5,U,28,0,-24.5,3.5,W,30.5,28,-2.5,U,28,0,-14.5,13.5,W,24.5,28,3.5,O,Tennessee,tennessee,Josh Heupel,2024,-56.5,Favorite,L,U
2024,2024-11-23T18:00:00.000Z,Scotty Walden,UTEP,UTEP,Tennessee,Away,0,56,56.5,0.5,W,56.5,56,-0.5,U,0,28,24.5,-3.5,L,30.5,28,-2.5,U,0,28,14.5,-13.5,L,24.5,28,3.5,O,UTEP,utep,Scotty Walden,2024,56.5,Underdog,W,U
2024,2024-11-23T18:00:00.000Z,Jamey Chadwell,Liberty,Liberty,Western Kentucky,Home,38,21,-16.5,0.5,W,59.5,59,-0.5,U,21,7,-1.5,12.5,W,27.5,28,0.5,O,17,14,-1.5,1.5,W,27.5,31,3.5,O,Liberty,liberty,Jamey Chadwell,2024,-16.5,Favorite,W,U
2024,2024-11-23T18:00:00.000Z,Tyson Helton,Western Kentucky,Western Kentucky,Liberty Flames,Away,21,38,16.5,-0.5,L,59.5,59,-0.5,U,7,21,1.5,-12.5,L,27.5,28,0.5,O,14,17,1.5,-1.5,L,27.5,31,3.5,O,Western Kentucky,western kentucky,Tyson Helton,2024,16.5,Underdog,L,U
2024,2024-11-23T19:30:00.000Z,Bob Chesney,UCLA,James Madison,Appalachian St.,Away,20,34,13.5,-0.5,L,60.5,54,-6.5,U,17,24,-7.5,-14.5,L,30.0,41,11.0,O,3,10,1.5,-5.5,L,20.5,13,-7.5,U,UCLA,ucla,Bob Chesney,2024,13.5,Underdog,L,U
2024,2024-11-23T19:30:00.000Z,Derek Mason,Middle Tennessee,Middle Tennessee,New Mexico St.,Home,21,36,10.5,-4.5,L,61.5,57,-4.5,U,7,13,3.5,-2.5,L,22.5,20,-2.5,U,14,23,2.5,-6.5,L,41.5,37,-4.5,U,Middle Tennessee,middle tennessee,Derek Mason,2024,10.5,Underdog,L,U
2024,2024-11-23T19:30:00.000Z,Tony Sanchez,New Mexico State,New Mexico State,Middle Tennessee St.,Away,36,21,-10.5,4.5,W,61.5,57,-4.5,U,13,7,-3.5,2.5,W,22.5,20,-2.5,U,23,14,-2.5,6.5,W,41.5,37,-4.5,U,New Mexico State,new mexico state,Tony Sanchez,2024,-10.5,Favorite,W,U
2024,2024-11-23T20:00:00.000Z,Sonny Dykes,TCU,TCU,Arizona,Home,49,28,-28.5,-7.5,L,70.5,77,6.5,O,21,13,-7.0,1.0,W,30.5,34,3.5,O,28,15,-13.5,-0.5,L,35.5,43,7.5,O,TCU,tcu,Sonny Dykes,2024,-28.5,Favorite,L,O
2024,2024-11-23T20:00:00.000Z,Brent Brennan,Arizona,Arizona,TCU,Away,28,49,28.5,7.5,W,70.5,77,6.5,O,13,21,7.0,-1.0,L,30.5,34,3.5,O,15,28,13.5,0.5,W,35.5,43,7.5,O,Arizona,arizona,Brent Brennan,2024,28.5,Underdog,W,O
2024,2024-11-23T20:00:00.000Z,Will Hall,Tulane,Southern Miss,South Alabama,Home,14,35,20.5,-0.5,L,51.5,49,-2.5,U,11,14,13.5,10.5,W,29.0,25,-4.0,U,3,21,10.5,-7.5,L,24.5,24,-0.5,U,Tulane,tulane,Will Hall,2024,20.5,Underdog,L,U
2024,2024-11-23T20:00:00.000Z,Major Applewhite,South Alabama,South Alabama,Southern Miss,Away,35,14,-20.5,0.5,W,51.5,49,-2.5,U,14,11,-13.5,-10.5,L,29.0,25,-4.0,U,21,3,-10.5,7.5,W,24.5,24,-0.5,U,South Alabama,south alabama,Major Applewhite,2024,-20.5,Favorite,W,U
2024,2024-11-23T20:00:00.000Z,Butch Jones,Arkansas State,Arkansas State,ULM,Home,28,21,-6.5,0.5,W,50.5,49,-1.5,U,14,7,5.5,12.5,W,29.5,21,-8.5,U,14,14,3.5,3.5,W,38.5,28,-10.5,U,Arkansas State,arkansas state,Butch Jones,2024,-6.5,Favorite,W,U
2024,2024-11-23T20:00:00.000Z,Bryant Vincent,UL-Monroe,UL-Monroe,Arkansas St.,Away,21,28,6.5,-0.5,L,50.5,49,-1.5,U,7,14,-5.5,-12.5,L,29.5,21,-8.5,U,14,14,-3.5,-3.5,L,38.5,28,-10.5,U,UL-Monroe,ul-monroe,Bryant Vincent,2024,6.5,Underdog,L,U
2024,2024-11-23T20:30:00.000Z,Kenny Dillingham,Arizona State,Arizona State,BYU,Home,28,23,-7.5,-2.5,L,57.5,51,-6.5,U,21,3,-17.5,0.5,W,20.5,24,3.5,O,7,20,10.5,-2.5,L,34.5,27,-7.5,U,Arizona State,arizona state,Kenny Dillingham,2024,-7.5,Favorite,L,U
2024,2024-11-23T20:30:00.000Z,Kalani Sitake,BYU,BYU,Arizona St.,Away,23,28,7.5,2.5,W,57.5,51,-6.5,U,3,21,17.5,-0.5,L,20.5,24,3.5,O,20,7,-10.5,2.5,W,34.5,27,-7.5,U,BYU,byu,Kalani Sitake,2024,7.5,Underdog,W,U
2024,2024-11-23T20:30:00.000Z,Lance Leipold,Kansas,Kansas,Colorado,Home,37,21,-18.5,-2.5,L,63.5,58,-5.5,U,23,14,-16.5,-7.5,L,26.5,37,10.5,O,14,7,-1.5,5.5,W,29.5,21,-8.5,U,Kansas,kansas,Lance Leipold,2024,-18.5,Favorite,L,U
2024,2024-11-23T20:30:00.000Z,Deion Sanders,Colorado,Colorado,Kansas,Away,21,37,18.5,2.5,W,63.5,58,-5.5,U,14,23,16.5,7.5,W,26.5,37,10.5,O,7,14,1.5,-5.5,L,29.5,21,-8.5,U,Colorado,colorado,Deion Sanders,2024,18.5,Underdog,W,U
2024,2024-11-23T20:30:00.000Z,Eric Morris,Oklahoma State,North Texas,East Carolina,Home,28,40,5.5,-6.5,L,69.5,68,-1.5,U,21,7,-17.5,-3.5,L,27.5,28,0.5,O,7,33,19.5,-6.5,L,41.5,40,-1.5,U,Oklahoma State,oklahoma state,Eric Morris,2024,5.5,Underdog,L,U
2024,2024-11-23T20:30:00.000Z,Clay Helton,Georgia Southern,Georgia Southern,Coastal Carolina,Away,26,6,-19.5,0.5,W,38.5,32,-6.5,U,13,3,-10.5,-0.5,L,22.5,16,-6.5,U,13,3,2.5,12.5,W,13.5,16,2.5,O,Georgia Southern,georgia southern,Clay Helton,2024,-19.5,Favorite,W,U
2024,2024-11-23T20:30:00.000Z,Steve Sarkisian,Texas,Texas,Kentucky,Home,31,14,-15.5,1.5,W,45.5,45,-0.5,U,24,7,-12.5,4.5,W,27.5,31,3.5,O,7,7,-7.5,-7.5,L,21.5,14,-7.5,U,Texas,texas,Steve Sarkisian,2024,-15.5,Favorite,W,U
2024,2024-11-23T20:30:00.000Z,David Braun,Northwestern,Northwestern,Michigan,Away,6,50,42.5,-1.5,L,35.5,56,20.5,O,6,17,6.5,-4.5,L,17.5,23,5.5,O,0,33,4.5,-28.5,L,16.5,33,16.5,O,Northwestern,northwestern,David Braun,2024,42.5,Underdog,L,O
2024,2024-11-23T20:30:00.000Z,James Franklin,Virginia Tech,Penn State,Minnesota,Away,26,25,-1.5,-0.5,L,54.5,51,-3.5,U,16,19,0.5,-2.5,L,26.5,35,8.5,O,10,6,-4.5,-0.5,L,23.5,16,-7.5,U,Virginia Tech,virginia tech,James Franklin,2024,-1.5,Favorite,L,U
2024,2024-11-23T20:30:00.000Z,Sean Lewis,San Diego State,San Diego State,Utah State,Away,20,41,21.5,0.5,W,56.5,61,4.5,O,13,14,-10.5,-11.5,L,18.5,27,8.5,O,7,27,16.5,-3.5,L,27.5,34,6.5,O,San Diego State,san diego state,Sean Lewis,2024,21.5,Underdog,W,O
2024,2024-11-23T20:30:00.000Z,Joey McGuire,Texas Tech,Texas Tech,Oklahoma St.,Away,56,48,-7.5,0.5,W,96.5,104,7.5,O,21,14,2.5,9.5,W,34.5,35,0.5,O,35,34,3.5,4.5,W,56.5,69,12.5,O,Texas Tech,texas tech,Joey McGuire,2024,-7.5,Favorite,W,O
2024,2024-11-23T20:30:00.000Z,Dabo Swinney,Clemson,Clemson,The Citadel,Home,51,14,-40.5,-3.5,L,66.5,65,-1.5,U,35,0,-34.5,0.5,W,35.5,35,-0.5,U,16,14,-2.5,-0.5,L,31.5,30,-1.5,U,Clemson,clemson,Dabo Swinney,2024,-40.5,Favorite,L,U
2024,2024-11-23T20:30:00.000Z,Alex Golesh,Auburn,South Florida,Tulsa,Home,63,30,-34.5,-1.5,L,76.5,93,16.5,O,42,7,-32.5,2.5,W,49.5,49,-0.5,U,21,23,-6.5,-8.5,L,26.5,44,17.5,O,Auburn,auburn,Alex Golesh,2024,-34.5,Favorite,L,O
2024,2024-11-23T20:30:00.000Z,Neal Brown,North Texas,West Virginia,UCF,Home,31,21,-10.5,-0.5,L,58.5,52,-6.5,U,21,7,-9.5,4.5,W,27.5,28,0.5,O,10,14,1.5,-2.5,L,28.5,24,-4.5,U,North Texas,north texas,Neal Brown,2024,-10.5,Favorite,L,U
2024,2024-11-23T20:30:00.000Z,Matt Rhule,Nebraska,Nebraska,Wisconsin,Home,44,25,-19.5,-0.5,L,68.5,69,0.5,O,24,10,-0.5,13.5,W,30.5,34,3.5,O,20,15,1.5,6.5,W,34.5,35,0.5,O,Nebraska,nebraska,Matt Rhule,2024,-19.5,Favorite,L,O
2024,2024-11-23T20:30:00.000Z,Luke Fickell,Wisconsin,Wisconsin,Nebraska,Away,25,44,19.5,0.5,W,68.5,69,0.5,O,10,24,0.5,-13.5,L,30.5,34,3.5,O,15,20,-1.5,-6.5,L,34.5,35,0.5,O,Wisconsin,wisconsin,Luke Fickell,2024,19.5,Underdog,W,O
2024,2024-11-23T21:00:00.000Z,Sonny Cumbie,Louisiana Tech,Louisiana Tech,Arkansas,Away,14,35,18.5,-2.5,L,48.5,49,0.5,O,0,14,13.5,-0.5,L,24.5,14,-10.5,U,14,21,6.5,-0.5,L,24.5,35,10.5,O,Louisiana Tech,louisiana tech,Sonny Cumbie,2024,18.5,Underdog,L,O
2024,2024-11-23T21:00:00.000Z,Jeff Brohm,Louisville,Louisville,Pittsburgh,Home,37,9,-28.5,-0.5,L,48.5,46,-2.5,U,27,0,-3.5,23.5,W,28.5,27,-1.5,U,10,9,-1.5,-0.5,L,19.5,19,-0.5,U,Louisville,louisville,Jeff Brohm,2024,-28.5,Favorite,L,U
2024,2024-11-23T21:00:00.000Z,Pat Narduzzi,Pittsburgh,Pittsburgh,Louisville,Away,9,37,28.5,0.5,W,48.5,46,-2.5,U,0,27,3.5,-23.5,L,28.5,27,-1.5,U,9,10,1.5,0.5,W,19.5,19,-0.5,U,Pittsburgh,pittsburgh,Pat Narduzzi,2024,28.5,Underdog,W,U
2024,2024-11-23T21:00:00.000Z,Shane Beamer,South Carolina,South Carolina,Wofford,Home,56,12,-37.5,6.5,W,61.5,68,6.5,O,21,9,-10.5,1.5,W,26.5,30,3.5,O,35,3,-25.5,6.5,W,36.5,38,1.5,O,South Carolina,south carolina,Shane Beamer,2024,-37.5,Favorite,W,O
2024,2024-11-23T21:15:00.000Z,Jeff Lebby,Mississippi State,Mississippi State,Missouri,Home,20,39,22.5,3.5,W,62.5,59,-3.5,U,13,28,17.5,2.5,W,44.5,41,-3.5,U,7,11,3.5,-0.5,L,23.5,18,-5.5,U,Mississippi State,mississippi state,Jeff Lebby,2024,22.5,Underdog,W,U
2024,2024-11-23T21:15:00.000Z,Eli Drinkwitz,Missouri,Missouri,Mississippi St.,Away,39,20,-22.5,-3.5,L,62.5,59,-3.5,U,28,13,-17.5,-2.5,L,44.5,41,-3.5,U,11,7,-3.5,0.5,W,23.5,18,-5.5,U,Missouri,missouri,Eli Drinkwitz,2024,-22.5,Favorite,L,U
2024,2024-11-23T22:00:00.000Z,Michael Desormeaux,Louisiana,Louisiana,Troy,Home,51,30,-20.5,0.5,W,73.5,81,7.5,O,34,14,-15.5,4.5,W,47.5,48,0.5,O,17,16,5.5,6.5,W,32.5,33,0.5,O,Louisiana,louisiana,Michael Desormeaux,2024,-20.5,Favorite,W,O
2024,2024-11-23T22:00:00.000Z,Gerad Parker,Troy,Troy,Louisiana,Away,30,51,20.5,-0.5,L,73.5,81,7.5,O,14,34,15.5,-4.5,L,47.5,48,0.5,O,16,17,-5.5,-6.5,L,32.5,33,0.5,O,Troy,troy,Gerad Parker,2024,20.5,Underdog,L,O
2024,2024-11-24T00:00:00.000Z,Marcus Freeman,Notre Dame,Notre Dame,Army,Home,49,14,-35.5,-0.5,L,62.5,63,0.5,O,28,7,-10.5,10.5,W,28.5,35,6.5,O,21,7,-21.5,-7.5,L,27.5,28,0.5,O,Notre Dame,notre dame,Marcus Freeman,2024,-35.5,Favorite,L,O
2024,2024-11-24T00:00:00.000Z,Jeff Monken,Army,Army,Notre Dame,Away,14,49,35.5,0.5,W,62.5,63,0.5,O,7,28,10.5,-10.5,L,28.5,35,6.5,O,7,21,21.5,7.5,W,27.5,28,0.5,O,Army,army,Jeff Monken,2024,35.5,Underdog,W,O
2024,2024-11-24T00:00:00.000Z,Willie Fritz,Houston,Houston,Baylor,Home,10,20,9.5,-0.5,L,36.5,30,-6.5,U,7,17,11.5,1.5,W,24.5,24,-0.5,U,3,3,-3.5,-3.5,L,9.5,6,-3.5,U,Houston,houston,Willie Fritz,2024,9.5,Underdog,L,U
2024,2024-11-24T00:00:00.000Z,Dave Aranda,Baylor,Baylor,Houston,Away,20,10,-9.5,0.5,W,36.5,30,-6.5,U,17,7,-11.5,-1.5,L,24.5,24,-0.5,U,3,3,3.5,3.5,W,9.5,6,-3.5,U,Baylor,baylor,Dave Aranda,2024,-9.5,Favorite,W,U
2024,2024-11-24T00:00:00.000Z,Jay Sawvel,Wyoming,Wyoming,Boise St,Home,13,17,4.5,0.5,W,33.5,30,-3.5,U,10,10,0.5,0.5,W,23.5,20,-3.5,U,3,7,3.5,-0.5,L,12.5,10,-2.5,U,Wyoming,wyoming,Jay Sawvel,2024,4.5,Underdog,W,U
2024,2024-11-24T00:00:00.000Z,Spencer Danielson,Boise State,Boise State,Wyoming,Away,17,13,-4.5,-0.5,L,33.5,30,-3.5,U,10,10,-0.5,-0.5,L,23.5,20,-3.5,U,7,3,-3.5,0.5,W,12.5,10,-2.5,U,Boise State,boise state,Spencer Danielson,2024,-4.5,Favorite,L,U
2024,2024-11-24T00:30:00.000Z,Brent Venables,Oklahoma,Oklahoma,Alabama,Home,24,3,-21.5,-0.5,L,29.5,27,-2.5,U,10,3,-0.5,6.5,W,9.5,13,3.5,O,14,0,10.0,24.0,W,23.5,14,-9.5,U,Oklahoma,oklahoma,Brent Venables,2024,-21.5,Favorite,L,U
2024,2024-11-24T00:30:00.000Z,Kalen DeBoer,Alabama,Alabama,Oklahoma,Away,3,24,21.5,0.5,W,29.5,27,-2.5,U,3,10,0.5,-6.5,L,9.5,13,3.5,O,0,14,-10.0,-24.0,L,23.5,14,-9.5,U,Alabama,alabama,Kalen DeBoer,2024,21.5,Underdog,W,U
2024,2024-11-24T00:30:00.000Z,Kyle Whittingham,Michigan,Utah,Iowa State,Home,28,31,2.5,-0.5,L,63.5,59,-4.5,U,13,17,1.5,-2.5,L,30.5,30,-0.5,U,15,14,-6.5,-5.5,L,25.5,29,3.5,O,Michigan,michigan,Kyle Whittingham,2024,2.5,Underdog,L,U
2024,2024-11-24T00:30:00.000Z,Matt Campbell,Penn State,Iowa State,Utah,Away,31,28,-2.5,0.5,W,63.5,59,-4.5,U,17,13,-1.5,2.5,W,30.5,30,-0.5,U,14,15,6.5,5.5,W,25.5,29,3.5,O,Penn State,penn state,Matt Campbell,2024,-2.5,Favorite,W,U
2024,2024-11-24T00:30:00.000Z,Ricky Rahne,Old Dominion,Old Dominion,Marshall,Home,35,42,6.5,-0.5,L,51.5,77,25.5,O,7,17,-1.5,-11.5,L,26.5,24,-2.5,U,28,25,-7.5,-4.5,L,55.5,53,-2.5,U,Old Dominion,old dominion,Ricky Rahne,2024,6.5,Underdog,L,O
2024,2024-11-24T00:30:00.000Z,Charles Huff,Memphis,Marshall,Old Dominion,Away,42,35,-6.5,0.5,W,51.5,77,25.5,O,17,7,1.5,11.5,W,26.5,24,-2.5,U,25,28,7.5,4.5,W,55.5,53,-2.5,U,Memphis,memphis,Charles Huff,2024,-6.5,Favorite,W,O
2024,2024-11-24T00:30:00.000Z,Mike Elko,Texas A&M,Texas A&M,Auburn,Away,41,43,-2.5,-4.5,L,59.5,84,24.5,O,7,21,16.5,2.5,W,30.5,28,-2.5,U,31,17,-3.5,10.5,W,24.0,48,24.0,O,Texas A&M,texas a&m,Mike Elko,2024,-2.5,Favorite,L,O
2024,2024-11-27T00:00:00.000Z,Pete Lembo,Buffalo,Buffalo,Kent State,Home,43,7,-35.5,0.5,W,50.5,50,-0.5,U,26,0,-13.5,12.5,W,26.5,26,-0.5,U,17,7,-9.5,0.5,W,23.0,24,1.0,O,Buffalo,buffalo,Pete Lembo,2024,-35.5,Favorite,W,U
2024,2024-11-27T00:00:00.000Z,Joe Moorhead,Akron,Akron,Toledo,Home,21,14,1.5,8.5,W,49.0,35,-14.0,U,7,0,5.5,12.5,W,24.0,7,-17.0,U,14,14,1.5,1.5,W,20.5,28,7.5,O,Akron,akron,Joe Moorhead,2024,1.5,Underdog,W,U
2024,2024-11-27T00:00:00.000Z,Jason Candle,Connecticut,Toledo,Akron,Away,14,21,-1.5,-8.5,L,49.0,35,-14.0,U,0,7,-5.5,-12.5,L,24.0,7,-17.0,U,14,14,-1.5,-1.5,L,20.5,28,7.5,O,Connecticut,connecticut,Jason Candle,2024,-1.5,Favorite,L,U
2024,2024-11-29T00:30:00.000Z,Jon Sumrall,Florida,Tulane,Memphis,Home,24,34,10.5,0.5,W,50.5,58,7.5,O,10,17,-6.5,-13.5,L,27.5,27,-0.5,U,14,17,2.5,-0.5,L,20.5,31,10.5,O,Florida,florida,Jon Sumrall,2024,10.5,Underdog,W,O
2024,2024-11-29T00:30:00.000Z,Ryan Silverfield,Arkansas,Memphis,Tulane,Away,34,24,-10.5,-0.5,L,50.5,58,7.5,O,17,10,6.5,13.5,W,27.5,27,-0.5,U,17,14,-2.5,0.5,W,20.5,31,10.5,O,Arkansas,arkansas,Ryan Silverfield,2024,-10.5,Favorite,L,O
2024,2024-11-29T17:00:00.000Z,Tim Albin,Charlotte,Ohio,Ball State,Home,42,21,-22.5,-1.5,L,56.5,63,6.5,O,21,7,-14.5,-0.5,L,31.5,28,-3.5,U,21,14,-7.5,-0.5,L,24.5,35,10.5,O,Charlotte,charlotte,Tim Albin,2024,-22.5,Favorite,L,O
2024,2024-11-29T17:00:00.000Z,Chuck Martin,Miami-OH,Miami-OH,Bowling Green,Away,28,12,-16.5,-0.5,L,41.5,40,-1.5,U,14,5,1.5,10.5,W,19.5,19,-0.5,U,14,7,-1.5,5.5,W,20.5,21,0.5,O,Miami-OH,miami-oh,Chuck Martin,2024,-16.5,Favorite,L,U
2024,2024-11-29T17:00:00.000Z,Luke Fickell,Wisconsin,Wisconsin,Minnesota,Home,7,24,17.5,0.5,W,31.5,31,-0.5,U,0,14,0.5,-13.5,L,20.0,14,-6.0,U,7,10,1.5,-1.5,L,19.5,17,-2.5,U,Wisconsin,wisconsin,Luke Fickell,2024,17.5,Underdog,W,U
2024,2024-11-29T17:00:00.000Z,Brian Newberry,Navy,Navy,East Carolina,Away,34,20,-20.5,-6.5,L,54.5,54,-0.5,U,0,3,1.5,-1.5,L,27.5,3,-24.5,U,34,17,-16.5,0.5,W,30.5,51,20.5,O,Navy,navy,Brian Newberry,2024,-20.5,Favorite,L,U
2024,2024-11-29T17:00:00.000Z,Deion Sanders,Colorado,Colorado,Oklahoma St.,Home,52,0,-46.5,5.5,W,56.5,52,-4.5,U,21,0,-9.5,11.5,W,33.5,21,-12.5,U,31,0,-6.5,24.5,W,32.5,31,-1.5,U,Colorado,colorado,Deion Sanders,2024,-46.5,Favorite,W,U
2024,2024-11-29T17:00:00.000Z,Spencer Danielson,Boise State,Boise State,Oregon State,Home,34,18,-15.5,0.5,W,47.5,52,4.5,O,21,7,-20.5,-6.5,L,22.5,28,5.5,O,13,11,-7.5,-5.5,L,28.5,24,-4.5,U,Boise State,boise state,Spencer Danielson,2024,-15.5,Favorite,W,O
2024,2024-11-29T20:30:00.000Z,Jamey Chadwell,Liberty,Liberty,Sam Houston State Bearkats,Away,18,20,7.5,5.5,W,38.5,38,-0.5,U,9,17,17.5,9.5,W,24.5,26,1.5,O,9,3,-1.5,4.5,W,9.5,12,2.5,O,Liberty,liberty,Jamey Chadwell,2024,7.5,Underdog,W,U
2024,2024-11-29T20:30:00.000Z,Lane Kiffin,LSU,Ole Miss,Mississippi St.,Home,26,14,-12.5,-0.5,L,63.0,40,-23.0,U,17,14,-13.5,-10.5,L,32.5,31,-1.5,U,9,0,-9.5,-0.5,L,16.5,9,-7.5,U,LSU,lsu,Lane Kiffin,2024,-12.5,Favorite,L,U
2024,2024-11-29T20:30:00.000Z,Jeff Lebby,Mississippi State,Mississippi State,Ole Miss,Away,14,26,12.5,0.5,W,63.0,40,-23.0,U,14,17,13.5,10.5,W,32.5,31,-1.5,U,0,9,9.5,0.5,W,16.5,9,-7.5,U,Mississippi State,mississippi state,Jeff Lebby,2024,12.5,Underdog,W,U
2024,2024-11-29T20:30:00.000Z,Major Applewhite,South Alabama,South Alabama,Texas State,Home,38,45,3.5,-3.5,L,86.5,83,-3.5,U,28,21,-0.5,6.5,W,45.5,49,3.5,O,10,24,13.5,-0.5,L,38.5,34,-4.5,U,South Alabama,south alabama,Major Applewhite,2024,3.5,Underdog,L,U
2024,2024-11-29T21:00:00.000Z,Ken Niumatalolo,San Jose State,San Jose State,Stanford,Home,34,31,-2.5,0.5,W,64.5,65,0.5,O,17,10,-11.5,-4.5,L,23.5,27,3.5,O,17,21,10.5,6.5,W,37.5,38,0.5,O,San Jose State,san jose state,Ken Niumatalolo,2024,-2.5,Favorite,W,O
2024,2024-11-30T00:30:00.000Z,Kirby Smart,Georgia,Georgia,Georgia Tech,Home,44,42,-1.5,0.5,W,46.5,86,39.5,O,0,17,6.5,-10.5,L,16.5,17,0.5,O,34,17,-10.5,6.5,W,22.5,51,28.5,O,Georgia,georgia,Kirby Smart,2024,-1.5,Favorite,W,O
2024,2024-11-30T00:30:00.000Z,Brent Key,Georgia Tech,Georgia Tech,Georgia,Away,42,44,1.5,-0.5,L,46.5,86,39.5,O,17,0,-6.5,10.5,W,16.5,17,0.5,O,17,34,10.5,-6.5,L,22.5,51,28.5,O,Georgia Tech,georgia tech,Brent Key,2024,1.5,Underdog,L,O
2024,2024-11-30T00:30:00.000Z,Kirk Ferentz,Iowa,Iowa,Nebraska,Home,13,10,-2.5,0.5,W,26.5,23,-3.5,U,0,10,5.5,-4.5,L,6.5,10,3.5,O,13,0,-7.5,5.5,W,16.5,13,-3.5,U,Iowa,iowa,Kirk Ferentz,2024,-2.5,Favorite,W,U
2024,2024-11-30T00:30:00.000Z,Matt Rhule,Nebraska,Nebraska,Iowa,Away,10,13,2.5,-0.5,L,26.5,23,-3.5,U,10,0,-5.5,4.5,W,6.5,10,3.5,O,0,13,7.5,-5.5,L,16.5,13,-3.5,U,Nebraska,nebraska,Matt Rhule,2024,2.5,Underdog,L,U
2024,2024-11-30T01:00:00.000Z,Kyle Whittingham,Michigan,Utah,UCF,Away,28,14,10.0,24.0,W,46.5,42,-4.5,U,13,7,-7.5,-1.5,L,16.5,20,3.5,O,15,7,4.5,12.5,W,22.5,22,-0.5,U,Michigan,michigan,Kyle Whittingham,2024,10.0,Underdog,W,U
2024,2024-11-30T17:00:00.000Z,Manny Diaz,Duke,Duke,Wake Forest,Away,23,17,2.5,8.5,W,40.5,40,-0.5,U,3,10,6.5,-0.5,L,16.5,13,-3.5,U,20,7,-3.0,10.0,W,27.5,27,-0.5,U,Duke,duke,Manny Diaz,2024,2.5,Underdog,W,U
2024,2024-11-30T17:00:00.000Z,David Braun,Northwestern,Northwestern,Illinois,Home,28,38,10.0,0.0,P,64.5,66,1.5,O,10,14,4.5,0.5,W,26.5,24,-2.5,U,18,24,5.5,-0.5,L,21.5,42,20.5,O,Northwestern,northwestern,David Braun,2024,10.0,Underdog,P,O
2024,2024-11-30T17:00:00.000Z,Bret Bielema,Illinois,Illinois,Northwestern,Away,38,28,-10.0,0.0,P,64.5,66,1.5,O,14,10,-4.5,-0.5,L,26.5,24,-2.5,U,24,18,-5.5,0.5,W,21.5,42,20.5,O,Illinois,illinois,Bret Bielema,2024,-10.0,Favorite,P,O
2024,2024-11-30T17:00:00.000Z,Dave Aranda,Baylor,Baylor,Kansas,Home,45,17,-27.5,0.5,W,62.5,62,-0.5,U,28,10,0.5,18.5,W,30.5,38,7.5,O,24,7,1.5,18.5,W,30.5,31,0.5,O,Baylor,baylor,Dave Aranda,2024,-27.5,Favorite,W,U
2024,2024-11-30T17:00:00.000Z,Lance Leipold,Kansas,Kansas,Baylor,Away,17,45,27.5,-0.5,L,62.5,62,-0.5,U,10,28,-0.5,-18.5,L,30.5,38,7.5,O,7,24,-1.5,-18.5,L,30.5,31,0.5,O,Kansas,kansas,Lance Leipold,2024,27.5,Underdog,L,U
2024,2024-11-30T17:00:00.000Z,Bryant Vincent,UL-Monroe,UL-Monroe,Louisiana,Home,23,37,10.0,-4.0,L,49.5,60,10.5,O,13,13,4.5,4.5,W,24.5,26,1.5,O,10,24,5.5,-8.5,L,24.5,34,9.5,O,UL-Monroe,ul-monroe,Bryant Vincent,2024,10.0,Underdog,L,O
2024,2024-11-30T17:00:00.000Z,Michael Desormeaux,Louisiana,Louisiana,ULM,Away,37,23,-10.0,4.0,W,49.5,60,10.5,O,13,13,-4.5,-4.5,L,24.5,26,1.5,O,24,10,-5.5,8.5,W,24.5,34,9.5,O,Louisiana,louisiana,Michael Desormeaux,2024,-10.0,Favorite,W,O
2024,2024-11-30T17:00:00.000Z,Jeff Brohm,Louisville,Louisville,Kentucky,Away,41,14,-4.0,23.0,W,49.5,55,5.5,O,20,0,-1.5,18.5,W,23.5,20,-3.5,U,21,14,-3.5,3.5,W,24.5,35,10.5,O,Louisville,louisville,Jeff Brohm,2024,-4.0,Favorite,W,O
2024,2024-11-30T17:00:00.000Z,Ryan Day,Ohio State,Ohio State,Michigan,Home,10,13,2.5,-0.5,L,26.5,23,-3.5,U,10,10,4.5,4.5,W,15.5,20,4.5,O,0,3,-7.5,-10.5,L,21.0,3,-18.0,U,Ohio State,ohio state,Ryan Day,2024,2.5,Underdog,L,U
2024,2024-11-30T17:00:00.000Z,Eric Morris,Oklahoma State,North Texas,Temple,Away,24,17,-6.5,0.5,W,47.5,41,-6.5,U,24,17,-17.5,-10.5,L,40.5,41,0.5,O,0,0,-6.5,-6.5,L,30.5,0,-30.5,U,Oklahoma State,oklahoma state,Eric Morris,2024,-6.5,Favorite,W,U
2024,2024-11-30T17:00:00.000Z,Dabo Swinney,Clemson,Clemson,South Carolina,Home,14,17,-2.5,-5.5,L,49.0,31,-18.0,U,7,7,-1.5,-1.5,L,20.5,14,-6.5,U,7,10,-2.5,-5.5,L,24.5,17,-7.5,U,Clemson,clemson,Dabo Swinney,2024,-2.5,Favorite,L,U
2024,2024-11-30T17:00:00.000Z,Shane Beamer,South Carolina,South Carolina,Clemson,Away,17,14,2.5,5.5,W,49.0,31,-18.0,U,7,7,1.5,1.5,W,20.5,14,-6.5,U,10,7,2.5,5.5,W,24.5,17,-7.5,U,South Carolina,south carolina,Shane Beamer,2024,2.5,Underdog,W,U
2024,2024-11-30T17:00:00.000Z,Clark Lea,Vanderbilt,Vanderbilt,Tennessee,Home,23,36,13.5,0.5,W,62.5,59,-3.5,U,17,24,-0.5,-7.5,L,37.5,41,3.5,O,6,12,5.5,-0.5,L,23.5,18,-5.5,U,Vanderbilt,vanderbilt,Clark Lea,2024,13.5,Underdog,W,U
2024,2024-11-30T17:00:00.000Z,Josh Heupel,Tennessee,Tennessee,Vanderbilt,Away,36,23,-13.5,-0.5,L,62.5,59,-3.5,U,24,17,0.5,7.5,W,37.5,41,3.5,O,12,6,-5.5,0.5,W,23.5,18,-5.5,U,Tennessee,tennessee,Josh Heupel,2024,-13.5,Favorite,L,U
2024,2024-11-30T17:00:00.000Z,Jim Mora,Colorado State,Connecticut,UMass,Away,47,42,-5.5,-0.5,L,81.5,89,7.5,O,27,28,-5.5,-6.5,L,52.5,55,2.5,O,20,14,-4.5,1.5,W,24.5,34,9.5,O,Colorado State,colorado state,Jim Mora,2024,-5.5,Favorite,L,O
2024,2024-11-30T17:00:00.000Z,Jeff Monken,Army,Army,UTSA,Home,29,24,-7.5,-2.5,L,59.5,53,-6.5,U,13,10,-2.5,0.5,W,23.5,23,-0.5,U,16,14,-3.5,-1.5,L,26.5,30,3.5,O,Army,army,Jeff Monken,2024,-7.5,Favorite,L,U
2024,2024-11-30T17:00:00.000Z,Jeff Traylor,UTSA,UTSA,Army,Away,24,29,7.5,2.5,W,59.5,53,-6.5,U,10,13,2.5,-0.5,L,23.5,23,-0.5,U,14,16,3.5,1.5,W,26.5,30,3.5,O,UTSA,utsa,Jeff Traylor,2024,7.5,Underdog,W,U
2024,2024-11-30T17:00:00.000Z,Joey McGuire,Texas Tech,Texas Tech,West Virginia,Home,52,15,-3.0,34.0,W,62.5,67,4.5,O,35,3,-1.5,30.5,W,31.5,38,6.5,O,17,12,-1.5,3.5,W,30.5,29,-1.5,U,Texas Tech,texas tech,Joey McGuire,2024,-3.0,Favorite,W,O
2024,2024-11-30T17:00:00.000Z,Neal Brown,North Texas,West Virginia,Texas Tech,Away,15,52,3.0,-34.0,L,62.5,67,4.5,O,3,35,1.5,-30.5,L,31.5,38,6.5,O,12,17,1.5,-3.5,L,30.5,29,-1.5,U,North Texas,north texas,Neal Brown,2024,3.0,Underdog,L,O
2024,2024-11-30T18:30:00.000Z,Lance Taylor,Western Michigan,Western Michigan,Eastern Michigan,Home,26,18,-8.5,-0.5,L,50.5,44,-6.5,U,16,0,-2.5,13.5,W,6.5,16,9.5,O,10,18,-3.5,-11.5,L,27.5,28,0.5,O,Western Michigan,western michigan,Lance Taylor,2024,-8.5,Favorite,L,U
2024,2024-11-30T18:30:00.000Z,Chris Creighton,Eastern Michigan,Eastern Michigan,Western Michigan,Away,18,26,8.5,0.5,W,50.5,44,-6.5,U,0,16,2.5,-13.5,L,6.5,16,9.5,O,18,10,3.5,11.5,W,27.5,28,0.5,O,Eastern Michigan,eastern michigan,Chris Creighton,2024,8.5,Underdog,W,U
2024,2024-11-30T19:00:00.000Z,Derek Mason,Middle Tennessee,Middle Tennessee,Florida Int.,Away,24,35,10.5,-0.5,L,55.5,59,3.5,O,17,28,17.5,6.5,W,35.5,45,9.5,O,7,7,6.5,6.5,W,24.5,14,-10.5,U,Middle Tennessee,middle tennessee,Derek Mason,2024,10.5,Underdog,L,O
2024,2024-11-30T19:00:00.000Z,Alex Golesh,Auburn,South Florida,Rice,Away,28,35,7.5,0.5,W,55.5,63,7.5,O,7,27,19.5,-0.5,L,37.5,34,-3.5,U,21,8,-3.5,9.5,W,27.5,29,1.5,O,Auburn,auburn,Alex Golesh,2024,7.5,Underdog,W,O
2024,2024-11-30T19:00:00.000Z,Gerad Parker,Troy,Troy,Southern Miss,Home,52,20,-18.5,13.5,W,45.5,72,26.5,O,17,8,-8.5,0.5,W,32.5,25,-7.5,U,35,12,-8.5,14.5,W,23.5,47,23.5,O,Troy,troy,Gerad Parker,2024,-18.5,Favorite,W,O
2024,2024-11-30T19:00:00.000Z,Will Hall,Tulane,Southern Miss,Troy,Away,20,52,18.5,-13.5,L,45.5,72,26.5,O,8,17,8.5,-0.5,L,32.5,25,-7.5,U,12,35,8.5,-14.5,L,23.5,47,23.5,O,Tulane,tulane,Will Hall,2024,18.5,Underdog,L,O
2024,2024-11-30T20:00:00.000Z,Butch Jones,Arkansas State,Arkansas State,Old Dominion,Home,32,40,5.0,-3.0,L,59.0,72,13.0,O,14,21,1.5,-5.5,L,27.5,35,7.5,O,18,19,3.0,2.0,W,29.5,37,7.5,O,Arkansas State,arkansas state,Butch Jones,2024,5.0,Underdog,L,O
2024,2024-11-30T20:00:00.000Z,Ricky Rahne,Old Dominion,Old Dominion,Arkansas St.,Away,40,32,-5.0,3.0,W,59.0,72,13.0,O,21,14,-1.5,5.5,W,27.5,35,7.5,O,19,18,-3.0,-2.0,L,29.5,37,7.5,O,Old Dominion,old dominion,Ricky Rahne,2024,-5.0,Favorite,W,O
2024,2024-11-30T20:00:00.000Z,Bill O'Brien,Boston College,Boston College,Pittsburgh,Home,34,23,-10.5,0.5,W,54.5,57,2.5,O,20,10,-8.5,1.5,W,23.5,30,6.5,O,14,13,-1.5,-0.5,L,24.5,27,2.5,O,Boston College,boston college,Bill O'Brien,2024,-10.5,Favorite,W,O
2024,2024-11-30T20:00:00.000Z,Pat Narduzzi,Pittsburgh,Pittsburgh,Boston College,Away,23,34,10.5,-0.5,L,54.5,57,2.5,O,10,20,8.5,-1.5,L,23.5,30,6.5,O,13,14,1.5,0.5,W,24.5,27,2.5,O,Pittsburgh,pittsburgh,Pat Narduzzi,2024,10.5,Underdog,L,O
2024,2024-11-30T20:30:00.000Z,Brent Brennan,Arizona,Arizona,Arizona St.,Home,7,49,42.5,0.5,W,56.5,56,-0.5,U,0,35,28.5,-6.5,L,34.5,35,0.5,O,7,14,3.5,-3.5,L,23.5,21,-2.5,U,Arizona,arizona,Brent Brennan,2024,42.5,Underdog,W,U
2024,2024-11-30T20:30:00.000Z,Kenny Dillingham,Arizona State,Arizona State,Arizona,Away,49,7,-42.5,-0.5,L,56.5,56,-0.5,U,35,0,-28.5,6.5,W,34.5,35,0.5,O,14,7,-3.5,3.5,W,23.5,21,-2.5,U,Arizona State,arizona state,Kenny Dillingham,2024,-42.5,Favorite,L,U
2024,2024-11-30T20:30:00.000Z,Eli Drinkwitz,Missouri,Missouri,Arkansas,Home,28,21,-6.5,0.5,W,43.5,49,5.5,O,7,7,-0.5,-0.5,L,19.5,14,-5.5,U,21,14,-1.5,5.5,W,26.5,35,8.5,O,Missouri,missouri,Eli Drinkwitz,2024,-6.5,Favorite,W,O
2024,2024-11-30T20:30:00.000Z,Kalen DeBoer,Alabama,Alabama,Auburn,Home,28,14,-8.5,5.5,W,44.5,42,-2.5,U,14,6,-6.5,1.5,W,18.5,20,1.5,O,14,8,-8.5,-2.5,L,28.5,22,-6.5,U,Alabama,alabama,Kalen DeBoer,2024,-8.5,Favorite,W,U
2024,2024-11-30T20:30:00.000Z,Rhett Lashlee,SMU,SMU,California,Home,38,6,-30.5,1.5,W,43.5,44,0.5,O,21,0,-20.5,0.5,W,24.5,21,-3.5,U,17,6,-4.5,6.5,W,19.5,23,3.5,O,SMU,smu,Rhett Lashlee,2024,-30.5,Favorite,W,O
2024,2024-11-30T20:30:00.000Z,James Franklin,Virginia Tech,Penn State,Maryland,Home,44,7,-33.5,3.5,W,53.5,51,-2.5,U,31,7,-17.5,6.5,W,36.5,38,1.5,O,13,0,-10.5,2.5,W,23.5,13,-10.5,U,Virginia Tech,virginia tech,James Franklin,2024,-33.5,Favorite,W,U
2024,2024-11-30T20:30:00.000Z,Mike Locksley,Maryland,Maryland,Penn State,Away,7,44,33.5,-3.5,L,53.5,51,-2.5,U,7,31,17.5,-6.5,L,36.5,38,1.5,O,0,13,10.5,-2.5,L,23.5,13,-10.5,U,Maryland,maryland,Mike Locksley,2024,33.5,Underdog,L,U
2024,2024-11-30T20:30:00.000Z,Fran Brown,Syracuse,Syracuse,Miami Hurricanes,Home,42,38,-3.5,0.5,W,87.5,80,-7.5,U,14,21,10.5,3.5,W,41.5,35,-6.5,U,28,17,-7.5,3.5,W,55.5,45,-10.5,U,Syracuse,syracuse,Fran Brown,2024,-3.5,Favorite,W,U
2024,2024-11-30T20:30:00.000Z,Mario Cristobal,Miami-FL,Miami-FL,Syracuse,Away,38,42,3.5,-0.5,L,87.5,80,-7.5,U,21,14,-10.5,-3.5,L,41.5,35,-6.5,U,17,28,7.5,-3.5,L,55.5,45,-10.5,U,Miami-FL,miami-fl,Mario Cristobal,2024,3.5,Underdog,L,U
2024,2024-11-30T20:30:00.000Z,Dave Doeren,NC State,NC State,North Carolina,Away,35,30,-5.5,-0.5,L,65.5,65,-0.5,U,7,6,1.5,2.5,W,16.5,13,-3.5,U,28,24,3.0,7.0,W,23.5,52,28.5,O,NC State,nc state,Dave Doeren,2024,-5.5,Favorite,L,U
2024,2024-11-30T20:30:00.000Z,Lincoln Riley,USC,USC,Notre Dame,Home,35,49,19.5,5.5,W,69.5,84,14.5,O,14,14,3.5,3.5,W,20.5,28,7.5,O,21,35,7.5,-6.5,L,41.5,56,14.5,O,USC,usc,Lincoln Riley,2024,19.5,Underdog,W,O
2024,2024-11-30T20:30:00.000Z,Marcus Freeman,Notre Dame,Notre Dame,USC,Away,49,35,-19.5,-5.5,L,69.5,84,14.5,O,14,14,-3.5,-3.5,L,20.5,28,7.5,O,35,21,-7.5,6.5,W,41.5,56,14.5,O,Notre Dame,notre dame,Marcus Freeman,2024,-19.5,Favorite,L,O
2024,2024-11-30T20:30:00.000Z,Greg Schiano,Rutgers,Rutgers,Michigan State,Away,41,14,-24.5,2.5,W,55.0,55,0.0,P,23,7,-12.5,3.5,W,30.5,30,-0.5,U,18,7,0.5,11.5,W,22.0,25,3.0,O,Rutgers,rutgers,Greg Schiano,2024,-24.5,Favorite,W,P
2024,2024-11-30T21:00:00.000Z,Tyson Helton,Western Kentucky,Western Kentucky,Jacksonville State Gamecocks,Home,19,17,-1.5,0.5,W,34.5,36,1.5,O,10,10,2.5,2.5,W,23.5,20,-3.5,U,9,7,-1.5,0.5,W,20.5,16,-4.5,U,Western Kentucky,western kentucky,Tyson Helton,2024,-1.5,Favorite,W,O
2024,2024-11-30T21:00:00.000Z,Rich Rodriguez,West Virginia,Jacksonville State,Western Kentucky,Away,17,19,1.5,-0.5,L,34.5,36,1.5,O,10,10,-2.5,-2.5,L,23.5,20,-3.5,U,7,9,1.5,-0.5,L,20.5,16,-4.5,U,West Virginia,west virginia,Rich Rodriguez,2024,1.5,Underdog,L,O
2024,2024-11-30T21:00:00.000Z,Sonny Cumbie,Louisiana Tech,Louisiana Tech,Kennesaw St.,Home,33,0,-32.5,0.5,W,33.5,33,-0.5,U,17,0,-16.5,0.5,W,17.5,17,-0.5,U,16,0,-5.5,10.5,W,20.5,16,-4.5,U,Louisiana Tech,louisiana tech,Sonny Cumbie,2024,-32.5,Favorite,W,U
2024,2024-11-30T21:00:00.000Z,Tony Sanchez,New Mexico State,New Mexico State,UTEP,Home,35,42,9.5,2.5,W,76.5,77,0.5,O,24,14,-9.5,0.5,W,41.5,38,-3.5,U,11,28,21.5,4.5,W,36.5,39,2.5,O,New Mexico State,new mexico state,Tony Sanchez,2024,9.5,Underdog,W,O
2024,2024-11-30T21:00:00.000Z,Scotty Walden,UTEP,UTEP,New Mexico St.,Away,42,35,-9.5,-2.5,L,76.5,77,0.5,O,14,24,9.5,-0.5,L,41.5,38,-3.5,U,28,11,-21.5,-4.5,L,36.5,39,2.5,O,UTEP,utep,Scotty Walden,2024,-9.5,Favorite,L,O
2024,2024-11-30T23:00:00.000Z,Clay Helton,Georgia Southern,Georgia Southern,Appalachian St.,Home,29,20,-7.5,1.5,W,49.5,49,-0.5,U,15,6,-5.5,3.5,W,24.5,21,-3.5,U,14,14,8.5,8.5,W,27.5,28,0.5,O,Georgia Southern,georgia southern,Clay Helton,2024,-7.5,Favorite,W,U
2024,2024-11-30T23:00:00.000Z,Scott Satterfield,Cincinnati,Cincinnati,TCU,Home,13,20,7.5,0.5,W,34.5,33,-1.5,U,7,20,4.5,-8.5,L,31.5,27,-4.5,U,6,0,-0.5,5.5,W,27.5,6,-21.5,U,Cincinnati,cincinnati,Scott Satterfield,2024,7.5,Underdog,W,U
2024,2024-11-30T23:00:00.000Z,Sonny Dykes,TCU,TCU,Cincinnati,Away,20,13,-7.5,-0.5,L,34.5,33,-1.5,U,20,7,-4.5,8.5,W,31.5,27,-4.5,U,0,6,0.5,-5.5,L,27.5,6,-21.5,U,TCU,tcu,Sonny Dykes,2024,-7.5,Favorite,L,U
2024,2024-11-30T23:30:00.000Z,Jay Sawvel,Wyoming,Wyoming,Washington St.,Away,15,14,1.5,2.5,W,29.5,29,-0.5,U,6,14,9.5,1.5,W,27.5,20,-7.5,U,9,0,9.5,18.5,W,26.5,9,-17.5,U,Wyoming,wyoming,Jay Sawvel,2024,1.5,Underdog,W,U
2024,2024-12-01T00:00:00.000Z,Mike Norvell,Florida State,Florida State,Florida,Home,11,31,19.5,-0.5,L,46.0,42,-4.0,U,0,14,9.5,-4.5,L,23.5,14,-9.5,U,11,17,7.5,1.5,W,21.5,28,6.5,O,Florida State,florida state,Mike Norvell,2024,19.5,Underdog,L,U
2024,2024-12-01T00:00:00.000Z,Billy Napier,James Madison,Florida,Florida State,Away,31,11,-19.5,0.5,W,46.0,42,-4.0,U,14,0,-9.5,4.5,W,23.5,14,-9.5,U,17,11,-7.5,-1.5,L,21.5,28,6.5,O,James Madison,james madison,Billy Napier,2024,-19.5,Favorite,W,U
2024,2024-12-01T00:00:00.000Z,Brent Venables,Oklahoma,Oklahoma,LSU Tigers,Away,17,37,17.5,-2.5,L,57.5,54,-3.5,U,17,24,0.5,-6.5,L,37.5,41,3.5,O,0,13,9.5,-3.5,L,16.5,13,-3.5,U,Oklahoma,oklahoma,Brent Venables,2024,17.5,Underdog,L,U
2024,2024-12-01T00:00:00.000Z,Curt Cignetti,Indiana,Indiana,Purdue,Home,66,0,-58.5,7.5,W,59.5,66,6.5,O,28,0,-17.5,10.5,W,30.5,28,-2.5,U,38,0,-31.5,6.5,W,34.5,38,3.5,O,Indiana,indiana,Curt Cignetti,2024,-58.5,Favorite,W,O
2024,2024-12-01T00:30:00.000Z,Matt Campbell,Penn State,Iowa State,Kansas St.,Home,29,21,-8.5,-0.5,L,52.5,50,-2.5,U,24,14,1.5,11.5,W,31.0,38,7.0,O,5,7,1.0,-1.0,L,26.0,12,-14.0,U,Penn State,penn state,Matt Campbell,2024,-8.5,Favorite,L,U
2024,2024-12-01T00:30:00.000Z,Mike Elko,Texas A&M,Texas A&M,Texas,Home,7,17,9.5,-0.5,L,24.5,24,-0.5,U,0,17,3.0,-14.0,L,23.5,17,-6.5,U,7,0,1.5,8.5,W,24.5,7,-17.5,U,Texas A&M,texas a&m,Mike Elko,2024,9.5,Underdog,L,U
2024,2024-12-01T00:30:00.000Z,Steve Sarkisian,Texas,Texas,Texas A&M,Away,17,7,-9.5,0.5,W,24.5,24,-0.5,U,17,0,-3.0,14.0,W,23.5,17,-6.5,U,0,7,-1.5,-8.5,L,24.5,7,-17.5,U,Texas,texas,Steve Sarkisian,2024,-9.5,Favorite,W,U
2024,2024-12-01T00:30:00.000Z,Dan Lanning,Oregon,Oregon,Washington,Home,49,21,-32.5,-4.5,L,64.5,70,5.5,O,28,14,-13.5,0.5,W,26.5,42,15.5,O,21,7,-7.5,6.5,W,23.5,28,4.5,O,Oregon,oregon,Dan Lanning,2024,-32.5,Favorite,L,O
2024,2024-12-01T00:30:00.000Z,Jedd Fisch,Washington,Washington,Oregon,Away,21,49,32.5,4.5,W,64.5,70,5.5,O,14,28,13.5,-0.5,L,26.5,42,15.5,O,7,21,7.5,-6.5,L,23.5,28,4.5,O,Washington,washington,Jedd Fisch,2024,32.5,Underdog,W,O
2024,2024-12-01T01:00:00.000Z,Bob Chesney,UCLA,James Madison,Marshall,Home,33,35,1.5,-0.5,L,48.5,68,19.5,O,17,0,-14.5,2.5,W,20.5,17,-3.5,U,13,32,10.5,-8.5,L,29.5,45,15.5,O,UCLA,ucla,Bob Chesney,2024,1.5,Underdog,L,O
2024,2024-12-01T01:00:00.000Z,Charles Huff,Memphis,Marshall,James Madison,Away,35,33,-1.5,0.5,W,48.5,68,19.5,O,0,17,14.5,-2.5,L,20.5,17,-3.5,U,32,13,-10.5,8.5,W,29.5,45,15.5,O,Memphis,memphis,Charles Huff,2024,-1.5,Favorite,W,O
2024,2024-12-01T01:00:00.000Z,Barry Odom,Purdue,UNLV,Nevada,Home,38,14,-30.5,-6.5,L,46.5,52,5.5,O,24,7,-16.5,0.5,W,36.5,31,-5.5,U,14,7,-20.5,-13.5,L,21.5,21,-0.5,U,Purdue,purdue,Barry Odom,2024,-30.5,Favorite,L,O
2024,2024-12-01T01:00:00.000Z,Jeff Choate,Nevada,Nevada,UNLV,Away,14,38,30.5,6.5,W,46.5,52,5.5,O,7,24,16.5,-0.5,L,36.5,31,-5.5,U,7,14,20.5,13.5,W,21.5,21,-0.5,U,Nevada,nevada,Jeff Choate,2024,30.5,Underdog,W,O
2024,2024-12-01T01:00:00.000Z,Tony Elliott,Virginia,Virginia,Virginia Tech,Away,17,37,20.5,0.5,W,43.5,54,10.5,O,3,20,3.0,-14.0,L,23.0,23,0.0,P,14,17,-3.5,-6.5,L,30.5,31,0.5,O,Virginia,virginia,Tony Elliott,2024,20.5,Underdog,W,O
2024,2024-12-01T03:15:00.000Z,Kalani Sitake,BYU,BYU,Houston,Home,30,18,-11.5,0.5,W,48.5,48,-0.5,U,21,10,-4.5,6.5,W,27.5,31,3.5,O,9,8,5.5,6.5,W,14.5,17,2.5,O,BYU,byu,Kalani Sitake,2024,-11.5,Favorite,W,U
2024,2024-12-01T03:15:00.000Z,Willie Fritz,Houston,Houston,BYU,Away,18,30,11.5,-0.5,L,48.5,48,-0.5,U,10,21,4.5,-6.5,L,27.5,31,3.5,O,8,9,-5.5,-6.5,L,14.5,17,2.5,O,Houston,houston,Willie Fritz,2024,11.5,Underdog,L,U
2024,2024-12-01T03:30:00.000Z,Sean Lewis,San Diego State,San Diego State,Air Force,Home,20,31,11.5,0.5,W,51.5,51,-0.5,U,14,17,9.5,6.5,W,27.5,31,3.5,O,6,14,3.0,-5.0,L,22.5,20,-2.5,U,San Diego State,san diego state,Sean Lewis,2024,11.5,Underdog,W,U
2024,2024-12-01T03:30:00.000Z,Troy Calhoun,Air Force,Air Force,San Diego St,Away,31,20,-11.5,-0.5,L,51.5,51,-0.5,U,17,14,-9.5,-6.5,L,27.5,31,3.5,O,14,6,-3.0,5.0,W,22.5,20,-2.5,U,Air Force,air force,Troy Calhoun,2024,-11.5,Favorite,L,U
2024,2024-12-01T04:00:00.000Z,Timmy Chang,Hawaii,Hawaii,New Mexico,Home,38,30,-8.5,-0.5,L,70.5,68,-2.5,U,21,9,-4.5,7.5,W,29.5,30,0.5,O,17,21,3.5,-0.5,L,38.5,38,-0.5,U,Hawaii,hawaii,Timmy Chang,2024,-8.5,Favorite,L,U
2024,2024-12-01T04:00:00.000Z,Bronco Mendenhall,Utah State,New Mexico,Hawaii,Away,30,38,8.5,0.5,W,70.5,68,-2.5,U,9,21,4.5,-7.5,L,29.5,30,0.5,O,21,17,-3.5,0.5,W,38.5,38,-0.5,U,Utah State,utah state,Bronco Mendenhall,2024,8.5,Underdog,W,U
2024,2024-12-07T00:00:00.000Z,Rich Rodriguez,West Virginia,Jacksonville State,Western Kentucky,Home,52,12,-39.5,0.5,W,64.5,64,-0.5,U,28,6,-3.0,19.0,W,28.5,34,5.5,O,24,6,-3.5,14.5,W,27.5,30,2.5,O,West Virginia,west virginia,Rich Rodriguez,2024,-39.5,Favorite,W,U
2024,2024-12-07T00:00:00.000Z,Tyson Helton,Western Kentucky,Western Kentucky,Jacksonville State Gamecocks,Away,12,52,39.5,-0.5,L,64.5,64,-0.5,U,6,28,3.0,-19.0,L,28.5,34,5.5,O,6,24,3.5,-14.5,L,27.5,30,2.5,O,Western Kentucky,western kentucky,Tyson Helton,2024,39.5,Underdog,L,U
2024,2024-12-07T01:00:00.000Z,Jeff Monken,Army,Army,Tulane,Home,35,14,-27.5,-6.5,L,44.5,49,4.5,O,21,7,-13.5,0.5,W,22.5,28,5.5,O,14,7,-13.5,-6.5,L,17.5,21,3.5,O,Army,army,Jeff Monken,2024,-27.5,Favorite,L,O
2024,2024-12-07T01:00:00.000Z,Jon Sumrall,Florida,Tulane,Army,Away,14,35,27.5,6.5,W,44.5,49,4.5,O,7,21,13.5,-0.5,L,22.5,28,5.5,O,7,14,13.5,6.5,W,17.5,21,3.5,O,Florida,florida,Jon Sumrall,2024,27.5,Underdog,W,O
2024,2024-12-07T01:00:00.000Z,Spencer Danielson,Boise State,Boise State,UNLV,Home,21,7,-12.5,1.5,W,34.5,28,-6.5,U,21,0,-3.0,18.0,W,27.5,21,-6.5,U,0,7,7.5,0.5,W,13.5,7,-6.5,U,Boise State,boise state,Spencer Danielson,2024,-12.5,Favorite,W,U
2024,2024-12-07T01:00:00.000Z,Barry Odom,Purdue,UNLV,Boise St,Away,7,21,12.5,-1.5,L,34.5,28,-6.5,U,0,21,3.0,-18.0,L,27.5,21,-6.5,U,7,0,-7.5,-0.5,L,13.5,7,-6.5,U,Purdue,purdue,Barry Odom,2024,12.5,Underdog,L,U
2024,2024-12-07T17:00:00.000Z,Kenny Dillingham,Arizona State,Arizona State,Iowa State,Home,45,19,-28.5,-2.5,L,67.5,64,-3.5,U,24,10,-9.5,4.5,W,33.5,34,0.5,O,21,9,-12.5,-0.5,L,36.5,30,-6.5,U,Arizona State,arizona state,Kenny Dillingham,2024,-28.5,Favorite,L,U
2024,2024-12-07T17:00:00.000Z,Matt Campbell,Penn State,Iowa State,Arizona St.,Away,19,45,28.5,2.5,W,67.5,64,-3.5,U,10,24,9.5,-4.5,L,33.5,34,0.5,O,9,21,12.5,0.5,W,36.5,30,-6.5,U,Penn State,penn state,Matt Campbell,2024,28.5,Underdog,W,U
2024,2024-12-07T17:00:00.000Z,Chuck Martin,Miami-OH,Miami-OH,Ohio,Home,3,38,34.5,-0.5,L,42.5,41,-1.5,U,3,21,10.5,-7.5,L,20.5,24,3.5,O,0,17,12.5,-4.5,L,23.5,17,-6.5,U,Miami-OH,miami-oh,Chuck Martin,2024,34.5,Underdog,L,U
2024,2024-12-07T17:00:00.000Z,Tim Albin,Charlotte,Ohio,Miami Ohio,Away,38,3,-34.5,0.5,W,42.5,41,-1.5,U,21,3,-10.5,7.5,W,20.5,24,3.5,O,17,0,-12.5,4.5,W,23.5,17,-6.5,U,Charlotte,charlotte,Tim Albin,2024,-34.5,Favorite,W,U
2024,2024-12-07T21:00:00.000Z,Steve Sarkisian,Texas,Texas,Georgia,Home,19,22,2.5,-0.5,L,34.5,41,6.5,O,6,3,-2.5,0.5,W,25.5,9,-16.5,U,13,19,-2.5,-8.5,L,23.5,32,8.5,O,Texas,texas,Steve Sarkisian,2024,2.5,Underdog,L,O
2024,2024-12-07T21:00:00.000Z,Kirby Smart,Georgia,Georgia,Texas,Away,22,19,-2.5,0.5,W,34.5,41,6.5,O,3,6,2.5,-0.5,L,25.5,9,-16.5,U,19,13,2.5,8.5,W,23.5,32,8.5,O,Georgia,georgia,Kirby Smart,2024,-2.5,Favorite,W,O
2024,2024-12-08T00:30:00.000Z,Michael Desormeaux,Louisiana,Louisiana,Marshall,Home,3,31,25.5,-2.5,L,33.5,34,0.5,O,3,17,4.5,-9.5,L,20.5,20,-0.5,U,0,14,6.5,-7.5,L,11.5,14,2.5,O,Louisiana,louisiana,Michael Desormeaux,2024,25.5,Underdog,L,O
2024,2024-12-08T00:30:00.000Z,Charles Huff,Memphis,Marshall,Louisiana,Away,31,3,-25.5,2.5,W,33.5,34,0.5,O,17,3,-4.5,9.5,W,20.5,20,-0.5,U,14,0,-6.5,7.5,W,11.5,14,2.5,O,Memphis,memphis,Charles Huff,2024,-25.5,Favorite,W,O
2024,2024-12-08T01:00:00.000Z,Rhett Lashlee,SMU,SMU,Clemson,Home,31,34,2.5,-0.5,L,68.5,65,-3.5,U,7,24,-2.5,-19.5,L,27.5,31,3.5,O,24,10,-10.5,3.5,W,30.5,34,3.5,O,SMU,smu,Rhett Lashlee,2024,2.5,Underdog,L,U
2024,2024-12-08T01:00:00.000Z,Dabo Swinney,Clemson,Clemson,SMU,Away,34,31,-2.5,0.5,W,68.5,65,-3.5,U,24,7,2.5,19.5,W,27.5,31,3.5,O,10,24,10.5,-3.5,L,30.5,34,3.5,O,Clemson,clemson,Dabo Swinney,2024,-2.5,Favorite,W,U
2024,2024-12-08T01:00:00.000Z,Dan Lanning,Oregon,Oregon,Penn State,Home,45,37,-7.5,0.5,W,51.5,82,30.5,O,31,24,-1.5,5.5,W,26.5,55,28.5,O,14,13,1.5,2.5,W,30.5,27,-3.5,U,Oregon,oregon,Dan Lanning,2024,-7.5,Favorite,W,O
2024,2024-12-08T01:00:00.000Z,James Franklin,Virginia Tech,Penn State,Oregon,Away,37,45,7.5,-0.5,L,51.5,82,30.5,O,24,31,1.5,-5.5,L,26.5,55,28.5,O,13,14,-1.5,-2.5,L,30.5,27,-3.5,U,Virginia Tech,virginia tech,James Franklin,2024,7.5,Underdog,L,O
2024,2024-12-14T20:00:00.000Z,Jeff Monken,Army,Army,Navy,Home,13,31,18.5,0.5,W,44.5,44,-0.5,U,7,14,6.5,-0.5,L,19.5,21,1.5,O,6,17,10.5,-0.5,L,27.5,23,-4.5,U,Army,army,Jeff Monken,2024,18.5,Underdog,W,U
2024,2024-12-14T20:00:00.000Z,Brian Newberry,Navy,Navy,Army,Away,31,13,-18.5,-0.5,L,44.5,44,-0.5,U,14,7,-6.5,0.5,W,19.5,21,1.5,O,17,6,-10.5,0.5,W,27.5,23,-4.5,U,Navy,navy,Brian Newberry,2024,-18.5,Favorite,L,U
2024,2024-12-15T02:00:00.000Z,Lance Taylor,Western Michigan,Western Michigan,South Alabama,Home,23,30,7.5,0.5,W,50.5,53,2.5,O,13,16,3.5,0.5,W,32.5,29,-3.5,U,10,14,2.0,-2.0,L,26.5,24,-2.5,U,Western Michigan,western michigan,Lance Taylor,2024,7.5,Underdog,W,O
2024,2024-12-15T02:00:00.000Z,Major Applewhite,South Alabama,South Alabama,Western Michigan,Away,30,23,-7.5,-0.5,L,50.5,53,2.5,O,16,13,-3.5,-0.5,L,32.5,29,-3.5,U,14,10,-2.0,2.0,W,26.5,24,-2.5,U,South Alabama,south alabama,Major Applewhite,2024,-7.5,Favorite,L,O
2024,2024-12-18T02:00:00.000Z,Neal Brown,North Texas,West Virginia,Memphis,Home,37,42,3.5,-1.5,L,79.5,79,-0.5,U,17,28,2.5,-8.5,L,30.5,45,14.5,O,20,14,2.5,8.5,W,31.0,34,3.0,O,North Texas,north texas,Neal Brown,2024,3.5,Underdog,L,U
2024,2024-12-18T02:00:00.000Z,Ryan Silverfield,Arkansas,Memphis,West Virginia,Away,42,37,-3.5,1.5,W,79.5,79,-0.5,U,28,17,-2.5,8.5,W,30.5,45,14.5,O,14,20,-2.5,-8.5,L,31.0,34,3.0,O,Arkansas,arkansas,Ryan Silverfield,2024,-3.5,Favorite,W,U
2024,2024-12-18T22:30:00.000Z,Bob Chesney,UCLA,James Madison,Western Kentucky,Home,27,17,-9.5,0.5,W,45.5,44,-1.5,U,7,14,-6.5,-13.5,L,22.5,21,-1.5,U,20,3,-3.5,13.5,W,24.5,23,-1.5,U,UCLA,ucla,Bob Chesney,2024,-9.5,Favorite,W,U
2024,2024-12-18T22:30:00.000Z,Tyson Helton,Western Kentucky,Western Kentucky,James Madison,Away,17,27,9.5,-0.5,L,45.5,44,-1.5,U,14,7,6.5,13.5,W,22.5,21,-1.5,U,3,20,3.5,-13.5,L,24.5,23,-1.5,U,Western Kentucky,western kentucky,Tyson Helton,2024,9.5,Underdog,L,U
2024,2024-12-19T02:00:00.000Z,Barry Odom,Purdue,UNLV,California,Home,24,13,-9.5,1.5,W,40.5,37,-3.5,U,14,13,-1.5,-0.5,L,34.0,27,-7.0,U,10,0,-0.5,9.5,W,23.0,10,-13.0,U,Purdue,purdue,Barry Odom,2024,-9.5,Favorite,W,U
2024,2024-12-20T17:00:00.000Z,Rich Rodriguez,West Virginia,Jacksonville State,Ohio,Home,27,30,3.5,0.5,W,57.5,57,-0.5,U,7,27,3.5,-16.5,L,28.5,34,5.5,O,20,3,3.0,20.0,W,27.5,23,-4.5,U,West Virginia,west virginia,Rich Rodriguez,2024,3.5,Underdog,W,U
2024,2024-12-20T17:00:00.000Z,Tim Albin,Charlotte,Ohio,Jacksonville State Gamecocks,Away,30,27,-3.5,-0.5,L,57.5,57,-0.5,U,27,7,-3.5,16.5,W,28.5,34,5.5,O,3,20,-3.0,-20.0,L,27.5,23,-4.5,U,Charlotte,charlotte,Tim Albin,2024,-3.5,Favorite,L,U
2024,2024-12-20T20:30:00.000Z,Billy Napier,James Madison,Florida,Tulane,Home,33,8,-26.5,-1.5,L,32.5,41,8.5,O,6,0,-8.5,-2.5,L,12.5,6,-6.5,U,27,8,-20.5,-1.5,L,20.5,35,14.5,O,James Madison,james madison,Billy Napier,2024,-26.5,Favorite,L,O
2024,2024-12-20T20:30:00.000Z,Jon Sumrall,Florida,Tulane,Florida,Away,8,33,26.5,1.5,W,32.5,41,8.5,O,0,6,8.5,2.5,W,12.5,6,-6.5,U,8,27,20.5,1.5,W,20.5,35,14.5,O,Florida,florida,Jon Sumrall,2024,26.5,Underdog,W,O
2024,2024-12-21T01:00:00.000Z,Marcus Freeman,Notre Dame,Notre Dame,Indiana,Home,27,17,-15.5,-5.5,L,50.5,44,-6.5,U,17,3,-3.5,10.5,W,26.0,20,-6.0,U,10,14,-5.5,-9.5,L,9.5,24,14.5,O,Notre Dame,notre dame,Marcus Freeman,2024,-15.5,Favorite,L,U
2024,2024-12-21T01:00:00.000Z,Curt Cignetti,Indiana,Indiana,Notre Dame,Away,17,27,15.5,5.5,W,50.5,44,-6.5,U,3,17,3.5,-10.5,L,26.0,20,-6.0,U,14,10,5.5,9.5,W,9.5,24,14.5,O,Indiana,indiana,Curt Cignetti,2024,15.5,Underdog,W,U
2024,2024-12-21T17:00:00.000Z,James Franklin,Virginia Tech,Penn State,SMU,Home,38,10,-27.5,0.5,W,48.5,48,-0.5,U,28,0,-4.5,23.5,W,26.5,28,1.5,O,10,10,1.5,1.5,W,20.5,20,-0.5,U,Virginia Tech,virginia tech,James Franklin,2024,-27.5,Favorite,W,U
2024,2024-12-21T17:00:00.000Z,Rhett Lashlee,SMU,SMU,Penn State,Away,10,38,27.5,-0.5,L,48.5,48,-0.5,U,0,28,4.5,-23.5,L,26.5,28,1.5,O,10,10,-1.5,-1.5,L,20.5,20,-0.5,U,SMU,smu,Rhett Lashlee,2024,27.5,Underdog,L,U
2024,2024-12-21T21:00:00.000Z,Steve Sarkisian,Texas,Texas,Clemson,Home,38,24,-11.5,2.5,W,64.5,62,-2.5,U,28,10,-7.5,10.5,W,24.5,38,13.5,O,10,14,-6.5,-10.5,L,23.0,24,1.0,O,Texas,texas,Steve Sarkisian,2024,-11.5,Favorite,W,U
2024,2024-12-21T21:00:00.000Z,Dabo Swinney,Clemson,Clemson,Texas,Away,24,38,11.5,-2.5,L,64.5,62,-2.5,U,10,28,7.5,-10.5,L,24.5,38,13.5,O,14,10,6.5,10.5,W,23.0,24,1.0,O,Clemson,clemson,Dabo Swinney,2024,11.5,Underdog,L,U
2024,2024-12-22T01:00:00.000Z,Ryan Day,Ohio State,Ohio State,Tennessee,Home,42,17,-25.5,-0.5,L,52.5,59,6.5,O,21,10,-18.5,-7.5,L,29.5,31,1.5,O,21,7,-21.5,-7.5,L,23.5,28,4.5,O,Ohio State,ohio state,Ryan Day,2024,-25.5,Favorite,L,O
2024,2024-12-22T01:00:00.000Z,Josh Heupel,Tennessee,Tennessee,Ohio State,Away,17,42,25.5,0.5,W,52.5,59,6.5,O,10,21,18.5,7.5,W,29.5,31,1.5,O,7,21,21.5,7.5,W,23.5,28,4.5,O,Tennessee,tennessee,Josh Heupel,2024,25.5,Underdog,W,O
2024,2024-12-23T16:00:00.000Z,Jeff Traylor,UTSA,UTSA,Coastal Carolina,Home,44,15,-29.5,-0.5,L,55.0,59,4.0,O,21,0,-6.5,14.5,W,27.5,21,-6.5,U,23,15,-5.5,2.5,W,27.5,38,10.5,O,UTSA,utsa,Jeff Traylor,2024,-29.5,Favorite,L,O
2024,2024-12-25T01:00:00.000Z,Ken Niumatalolo,San Jose State,San Jose State,South Florida,Home,39,41,-1.5,-3.5,L,85.5,80,-5.5,U,10,21,-1.5,-12.5,L,30.5,31,0.5,O,24,13,-2.5,8.5,W,33.5,37,3.5,O,San Jose State,san jose state,Ken Niumatalolo,2024,-1.5,Favorite,L,U
2024,2024-12-25T01:00:00.000Z,Alex Golesh,Auburn,South Florida,San Jose St.,Away,41,39,1.5,3.5,W,85.5,80,-5.5,U,21,10,1.5,12.5,W,30.5,31,0.5,O,13,24,2.5,-8.5,L,33.5,37,3.5,O,Auburn,auburn,Alex Golesh,2024,1.5,Underdog,W,U
2024,2024-12-26T19:00:00.000Z,Jason Candle,Connecticut,Toledo,Pittsburgh,Home,48,46,6.5,8.5,W,49.0,94,45.0,O,20,12,-8.5,-0.5,L,23.5,32,8.5,O,17,25,3.5,-4.5,L,24.5,42,17.5,O,Connecticut,connecticut,Jason Candle,2024,6.5,Underdog,W,O
2024,2024-12-26T19:00:00.000Z,Pat Narduzzi,Pittsburgh,Pittsburgh,Toledo,Away,46,48,-6.5,-8.5,L,49.0,94,45.0,O,12,20,8.5,0.5,W,23.5,32,8.5,O,25,17,-3.5,4.5,W,24.5,42,17.5,O,Pittsburgh,pittsburgh,Pat Narduzzi,2024,-6.5,Favorite,L,O
2024,2024-12-26T22:30:00.000Z,Greg Schiano,Rutgers,Rutgers,Kansas St.,Away,41,44,3.0,0.0,P,83.5,85,1.5,O,27,17,-1.5,8.5,W,26.0,44,18.0,O,14,27,7.5,-5.5,L,29.0,41,12.0,O,Rutgers,rutgers,Greg Schiano,2024,3.0,Underdog,P,O
2024,2024-12-27T02:00:00.000Z,Butch Jones,Arkansas State,Arkansas State,Bowling Green,Away,38,31,-7.0,0.0,P,53.5,69,15.5,O,24,21,6.5,9.5,W,27.0,45,18.0,O,14,10,-3.5,0.5,W,19.5,24,4.5,O,Arkansas State,arkansas state,Butch Jones,2024,-7.0,Favorite,P,O
2024,2024-12-27T17:00:00.000Z,Brian Newberry,Navy,Navy,Oklahoma,Home,21,20,-6.5,-5.5,L,42.5,41,-1.5,U,7,14,0.5,-6.5,L,21.0,21,0.0,P,14,6,-10.5,-2.5,L,16.5,20,3.5,O,Navy,navy,Brian Newberry,2024,-6.5,Favorite,L,U
2024,2024-12-27T17:00:00.000Z,Brent Venables,Oklahoma,Oklahoma,Navy,Away,20,21,6.5,5.5,W,42.5,41,-1.5,U,14,7,-0.5,6.5,W,21.0,21,0.0,P,6,14,10.5,2.5,W,16.5,20,3.5,O,Oklahoma,oklahoma,Brent Venables,2024,6.5,Underdog,W,U
2024,2024-12-27T20:30:00.000Z,Clark Lea,Vanderbilt,Vanderbilt,Georgia Tech,Home,35,27,-9.5,-1.5,L,55.5,62,6.5,O,14,10,1.5,5.5,W,24.5,24,-0.5,U,21,17,-13.5,-9.5,L,31.5,38,6.5,O,Vanderbilt,vanderbilt,Clark Lea,2024,-9.5,Favorite,L,O
2024,2024-12-27T20:30:00.000Z,Brent Key,Georgia Tech,Georgia Tech,Vanderbilt,Away,27,35,9.5,1.5,W,55.5,62,6.5,O,10,14,-1.5,-5.5,L,24.5,24,-0.5,U,17,21,13.5,9.5,W,31.5,38,6.5,O,Georgia Tech,georgia tech,Brent Key,2024,9.5,Underdog,W,O
2024,2024-12-28T00:00:00.000Z,Joey McGuire,Texas Tech,Texas Tech,Arkansas,Away,26,39,13.5,0.5,W,64.5,65,0.5,O,19,24,3.0,-2.0,L,30.5,43,12.5,O,7,15,-3.0,-11.0,L,31.0,22,-9.0,U,Texas Tech,texas tech,Joey McGuire,2024,13.5,Underdog,W,O
2024,2024-12-28T01:00:00.000Z,Fran Brown,Syracuse,Syracuse,Washington St.,Away,52,35,-21.5,-4.5,L,58.5,87,28.5,O,35,21,-4.0,10.0,W,31.0,56,25.0,O,17,14,1.5,4.5,W,27.5,31,3.5,O,Syracuse,syracuse,Fran Brown,2024,-21.5,Favorite,L,O
2024,2024-12-28T03:30:00.000Z,Lincoln Riley,USC,USC,Texas A&M,Home,35,31,2.5,6.5,W,55.5,66,10.5,O,7,7,2.5,2.5,W,26.5,14,-12.5,U,28,24,1.5,5.5,W,41.5,52,10.5,O,USC,usc,Lincoln Riley,2024,2.5,Underdog,W,O
2024,2024-12-28T03:30:00.000Z,Mike Elko,Texas A&M,Texas A&M,USC,Away,31,35,-2.5,-6.5,L,55.5,66,10.5,O,7,7,-2.5,-2.5,L,26.5,14,-12.5,U,24,28,-1.5,-5.5,L,41.5,52,10.5,O,Texas A&M,texas a&m,Mike Elko,2024,-2.5,Favorite,L,O
2024,2024-12-28T16:00:00.000Z,Jim Mora,Colorado State,Connecticut,North Carolina,Away,27,14,-12.5,0.5,W,41.5,41,-0.5,U,24,7,1.5,18.5,W,26.0,31,5.0,O,3,7,-2.5,-6.5,L,9.5,10,0.5,O,Colorado State,colorado state,Jim Mora,2024,-12.5,Favorite,W,U
2024,2024-12-28T17:00:00.000Z,Matt Rhule,Nebraska,Nebraska,Boston College,Home,20,15,-5.5,-0.5,L,46.5,35,-11.5,U,13,2,-2.5,8.5,W,23.0,15,-8.0,U,7,13,-1.5,-7.5,L,13.5,20,6.5,O,Nebraska,nebraska,Matt Rhule,2024,-5.5,Favorite,L,U
2024,2024-12-28T17:00:00.000Z,Bill O'Brien,Boston College,Boston College,Nebraska,Away,15,20,5.5,0.5,W,46.5,35,-11.5,U,2,13,2.5,-8.5,L,23.0,15,-8.0,U,13,7,1.5,7.5,W,13.5,20,6.5,O,Boston College,boston college,Bill O'Brien,2024,5.5,Underdog,W,U
2024,2024-12-28T19:15:00.000Z,Sonny Dykes,TCU,TCU,Louisiana,Home,34,3,-30.5,0.5,W,43.5,37,-6.5,U,27,0,-6.5,20.5,W,29.5,27,-2.5,U,7,3,-5.5,-1.5,L,17.5,10,-7.5,U,TCU,tcu,Sonny Dykes,2024,-30.5,Favorite,W,U
2024,2024-12-28T19:15:00.000Z,Michael Desormeaux,Louisiana,Louisiana,TCU,Away,3,34,30.5,-0.5,L,43.5,37,-6.5,U,0,27,6.5,-20.5,L,29.5,27,-2.5,U,3,7,5.5,1.5,W,17.5,10,-7.5,U,Louisiana,louisiana,Michael Desormeaux,2024,30.5,Underdog,L,U
2024,2024-12-28T20:30:00.000Z,Mario Cristobal,Miami-FL,Miami-FL,Iowa State,Home,41,42,-4.0,-5.0,L,60.5,83,22.5,O,31,28,-2.5,0.5,W,28.5,59,30.5,O,10,14,-2.5,-6.5,L,23.5,24,0.5,O,Miami-FL,miami-fl,Mario Cristobal,2024,-4.0,Favorite,L,O
2024,2024-12-28T20:30:00.000Z,Matt Campbell,Penn State,Iowa State,Miami Hurricanes,Away,42,41,4.0,5.0,W,60.5,83,22.5,O,28,31,2.5,-0.5,L,28.5,59,30.5,O,14,10,2.5,6.5,W,23.5,24,0.5,O,Penn State,penn state,Matt Campbell,2024,4.0,Underdog,W,O
2024,2024-12-28T21:30:00.000Z,Chuck Martin,Miami-OH,Miami-OH,Colorado State,Away,43,17,-25.5,0.5,W,59.5,60,0.5,O,9,3,-0.5,5.5,W,20.0,12,-8.0,U,34,14,-15.5,4.5,W,47.5,48,0.5,O,Miami-OH,miami-oh,Chuck Martin,2024,-25.5,Favorite,W,O
2024,2024-12-28T22:45:00.000Z,Dave Doeren,NC State,NC State,East Carolina,Home,21,26,4.5,-0.5,L,60.0,47,-13.0,U,7,13,-3.5,-9.5,L,29.5,20,-9.5,U,14,13,-7.5,-6.5,L,27.5,27,-0.5,U,NC State,nc state,Dave Doeren,2024,4.5,Underdog,L,U
2024,2024-12-29T00:30:00.000Z,Deion Sanders,Colorado,Colorado,BYU,Home,14,36,23.5,1.5,W,49.5,50,0.5,O,0,20,-1.5,-21.5,L,27.0,20,-7.0,U,14,16,8.5,6.5,W,26.5,30,3.5,O,Colorado,colorado,Deion Sanders,2024,23.5,Underdog,W,O
2024,2024-12-29T00:30:00.000Z,Kalani Sitake,BYU,BYU,Colorado,Away,36,14,-23.5,-1.5,L,49.5,50,0.5,O,20,0,1.5,21.5,W,27.0,20,-7.0,U,16,14,-8.5,-6.5,L,26.5,30,3.5,O,BYU,byu,Kalani Sitake,2024,-23.5,Favorite,L,O
2024,2024-12-29T02:15:00.000Z,Jeff Monken,Army,Army,Louisiana Tech,Home,27,6,-21.5,-0.5,L,39.5,33,-6.5,U,21,3,-7.5,10.5,W,23.0,24,1.0,O,6,3,-5.5,-2.5,L,12.5,9,-3.5,U,Army,army,Jeff Monken,2024,-21.5,Favorite,L,U
2024,2024-12-29T02:15:00.000Z,Sonny Cumbie,Louisiana Tech,Louisiana Tech,Army,Away,6,27,21.5,0.5,W,39.5,33,-6.5,U,3,21,7.5,-10.5,L,23.0,24,1.0,O,3,6,5.5,2.5,W,12.5,9,-3.5,U,Louisiana Tech,louisiana tech,Sonny Cumbie,2024,21.5,Underdog,W,U
2024,2024-12-30T19:30:00.000Z,Eli Drinkwitz,Missouri,Missouri,Iowa,Home,27,24,2.5,5.5,W,53.5,51,-2.5,U,14,21,6.5,-0.5,L,21.5,35,13.5,O,13,3,-1.0,9.0,W,22.0,16,-6.0,U,Missouri,missouri,Eli Drinkwitz,2024,2.5,Underdog,W,U
2024,2024-12-30T19:30:00.000Z,Kirk Ferentz,Iowa,Iowa,Missouri,Away,24,27,-2.5,-5.5,L,53.5,51,-2.5,U,21,14,-6.5,0.5,W,21.5,35,13.5,O,3,13,1.0,-9.0,L,22.0,16,-6.0,U,Iowa,iowa,Kirk Ferentz,2024,-2.5,Favorite,L,U
2024,2024-12-31T17:00:00.000Z,Kalen DeBoer,Alabama,Alabama,Michigan,Away,13,19,5.5,-0.5,L,34.5,32,-2.5,U,10,16,-9.5,-15.5,L,23.5,26,2.5,O,3,3,-3.5,-3.5,L,10.5,6,-4.5,U,Alabama,alabama,Kalen DeBoer,2024,5.5,Underdog,L,U
2024,2024-12-31T19:00:00.000Z,Jedd Fisch,Washington,Washington,Louisville,Home,34,35,3.5,2.5,W,62.5,69,6.5,O,21,21,1.5,1.5,W,35.0,42,7.0,O,13,14,13.5,12.5,W,20.5,27,6.5,O,Washington,washington,Jedd Fisch,2024,3.5,Underdog,W,O
2024,2024-12-31T19:00:00.000Z,Jeff Brohm,Louisville,Louisville,Washington,Away,35,34,-3.5,-2.5,L,62.5,69,6.5,O,21,21,-1.5,-1.5,L,35.0,42,7.0,O,14,13,-13.5,-12.5,L,20.5,27,6.5,O,Louisville,louisville,Jeff Brohm,2024,-3.5,Favorite,L,O
2024,2024-12-31T20:00:00.000Z,Bret Bielema,Illinois,Illinois,South Carolina,Home,21,17,-6.5,-2.5,L,45.5,38,-7.5,U,7,3,-3.5,0.5,W,17.0,10,-7.0,U,14,14,5.5,5.5,W,34.5,28,-6.5,U,Illinois,illinois,Bret Bielema,2024,-6.5,Favorite,L,U
2024,2024-12-31T20:00:00.000Z,Shane Beamer,South Carolina,South Carolina,Illinois,Away,17,21,6.5,2.5,W,45.5,38,-7.5,U,3,7,3.5,-0.5,L,17.0,10,-7.0,U,14,14,-5.5,-5.5,L,34.5,28,-6.5,U,South Carolina,south carolina,Shane Beamer,2024,6.5,Underdog,W,U
2024,2024-12-31T20:30:00.000Z,Dave Aranda,Baylor,Baylor,LSU Tigers,Away,31,44,12.5,-0.5,L,81.5,75,-6.5,U,17,34,24.5,7.5,W,44.5,51,6.5,O,14,10,-4.5,-0.5,L,30.5,24,-6.5,U,Baylor,baylor,Dave Aranda,2024,12.5,Underdog,L,U
2024,2025-01-01T00:30:00.000Z,Spencer Danielson,Boise State,Boise State,Penn State,Home,14,31,15.5,-1.5,L,41.5,45,3.5,O,7,17,11.5,1.5,W,27.5,24,-3.5,U,7,14,-2.5,-9.5,L,27.5,21,-6.5,U,Boise State,boise state,Spencer Danielson,2024,15.5,Underdog,L,O
2024,2025-01-01T00:30:00.000Z,James Franklin,Virginia Tech,Penn State,Boise St,Away,31,14,-15.5,1.5,W,41.5,45,3.5,O,17,7,-11.5,-1.5,L,27.5,24,-3.5,U,14,7,2.5,9.5,W,27.5,21,-6.5,U,Virginia Tech,virginia tech,James Franklin,2024,-15.5,Favorite,W,O
2024,2025-01-01T18:00:00.000Z,Kenny Dillingham,Arizona State,Arizona State,Texas,Home,31,39,3.5,-4.5,L,54.5,70,15.5,O,3,17,4.0,-10.0,L,24.0,20,-4.0,U,28,15,7.5,20.5,W,24.0,43,19.0,O,Arizona State,arizona state,Kenny Dillingham,2024,3.5,Underdog,L,O
2024,2025-01-01T18:00:00.000Z,Steve Sarkisian,Texas,Texas,Arizona St.,Away,39,31,-3.5,4.5,W,54.5,70,15.5,O,17,3,-4.0,10.0,W,24.0,20,-4.0,U,15,28,-7.5,-20.5,L,24.0,43,19.0,O,Texas,texas,Steve Sarkisian,2024,-3.5,Favorite,W,O
2024,2025-01-01T22:00:00.000Z,Dan Lanning,Oregon,Oregon,Ohio State,Home,21,41,19.5,-0.5,L,68.5,62,-6.5,U,8,34,33.5,7.5,W,38.5,42,3.5,O,13,7,-3.5,2.5,W,25.5,20,-5.5,U,Oregon,oregon,Dan Lanning,2024,19.5,Underdog,L,U
2024,2025-01-01T22:00:00.000Z,Ryan Day,Ohio State,Ohio State,Oregon,Away,41,21,-19.5,0.5,W,68.5,62,-6.5,U,34,8,-33.5,-7.5,L,38.5,42,3.5,O,7,13,3.5,-2.5,L,25.5,20,-5.5,U,Ohio State,ohio state,Ryan Day,2024,-19.5,Favorite,W,U
2024,2025-01-02T21:00:00.000Z,Marcus Freeman,Notre Dame,Notre Dame,Georgia B,Away,23,10,-12.5,0.5,W,33.5,33,-0.5,U,13,3,-0.5,9.5,W,22.0,16,-6.0,U,10,7,1.5,4.5,W,23.5,17,-6.5,U,Notre Dame,notre dame,Marcus Freeman,2024,-12.5,Favorite,W,U
2024,2025-01-03T01:00:00.000Z,Lane Kiffin,LSU,Ole Miss,Duke,Home,52,20,-33.5,-1.5,L,74.5,72,-2.5,U,24,7,-9.5,7.5,W,27.0,31,4.0,O,28,13,-20.5,-5.5,L,27.5,41,13.5,O,LSU,lsu,Lane Kiffin,2024,-33.5,Favorite,L,U
2024,2025-01-03T01:00:00.000Z,Manny Diaz,Duke,Duke,Ole Miss,Away,20,52,33.5,1.5,W,74.5,72,-2.5,U,7,24,9.5,-7.5,L,27.0,31,4.0,O,13,28,20.5,5.5,W,27.5,41,13.5,O,Duke,duke,Manny Diaz,2024,33.5,Underdog,W,U
2024,2025-01-03T21:00:00.000Z,Eric Morris,Oklahoma State,North Texas,Texas State,Away,28,30,1.5,-0.5,L,43.5,58,14.5,O,14,16,1.5,-0.5,L,33.0,30,-3.0,U,14,14,8.5,8.5,W,34.0,28,-6.0,U,Oklahoma State,oklahoma state,Eric Morris,2024,1.5,Underdog,L,O
2024,2025-01-04T16:00:00.000Z,Jamey Chadwell,Liberty,Liberty,Buffalo,Home,7,26,24.5,5.5,W,36.5,33,-3.5,U,0,9,9.5,0.5,W,15.5,9,-6.5,U,7,17,3.0,-7.0,L,21.5,24,2.5,O,Liberty,liberty,Jamey Chadwell,2024,24.5,Underdog,W,U
2024,2025-01-04T16:00:00.000Z,Pete Lembo,Buffalo,Buffalo,Liberty Flames,Away,26,7,-24.5,-5.5,L,36.5,33,-3.5,U,9,0,-9.5,-0.5,L,15.5,9,-6.5,U,17,7,-3.0,7.0,W,21.5,24,2.5,O,Buffalo,buffalo,Pete Lembo,2024,-24.5,Favorite,L,U
2024,2025-01-10T00:30:00.000Z,James Franklin,Virginia Tech,Penn State,Notre Dame,Home,24,27,-2.5,-5.5,L,39.5,51,11.5,O,10,3,-1.5,5.5,W,14.0,13,-1.0,U,14,24,-0.5,-10.5,L,21.5,38,16.5,O,Virginia Tech,virginia tech,James Franklin,2024,-2.5,Favorite,L,O
2024,2025-01-10T00:30:00.000Z,Marcus Freeman,Notre Dame,Notre Dame,Penn State,Away,27,24,2.5,5.5,W,39.5,51,11.5,O,3,10,1.5,-5.5,L,14.0,13,-1.0,U,24,14,0.5,10.5,W,21.5,38,16.5,O,Notre Dame,notre dame,Marcus Freeman,2024,2.5,Underdog,W,O
2024,2025-01-11T00:30:00.000Z,Steve Sarkisian,Texas,Texas,Ohio State,Home,14,28,13.5,-0.5,L,52.0,42,-10.0,U,7,14,3.5,-3.5,L,26.5,21,-5.5,U,7,14,3.5,-3.5,L,24.5,21,-3.5,U,Texas,texas,Steve Sarkisian,2024,13.5,Underdog,L,U
2024,2025-01-11T00:30:00.000Z,Ryan Day,Ohio State,Ohio State,Texas,Away,28,14,-13.5,0.5,W,52.0,42,-10.0,U,14,7,-3.5,3.5,W,26.5,21,-5.5,U,14,7,-3.5,3.5,W,24.5,21,-3.5,U,Ohio State,ohio state,Ryan Day,2024,-13.5,Favorite,W,U
2024,2025-01-21T00:30:00.000Z,Marcus Freeman,Notre Dame,Notre Dame,Ohio State,Home,23,34,10.5,-0.5,L,54.5,57,2.5,O,7,21,6.0,-8.0,L,23.0,28,5.0,O,16,13,3.5,6.5,W,22.5,29,6.5,O,Notre Dame,notre dame,Marcus Freeman,2024,10.5,Underdog,L,O
2024,2025-01-21T00:30:00.000Z,Ryan Day,Ohio State,Ohio State,Notre Dame,Away,34,23,-10.5,0.5,W,54.5,57,2.5,O,21,7,-6.0,8.0,W,23.0,28,5.0,O,13,16,-3.5,-6.5,L,22.5,29,6.5,O,Ohio State,ohio state,Ryan Day,2024,-10.5,Favorite,W,O
2025,2025-08-23T16:00:00.000Z,Matt Campbell,Penn State,Iowa State,Kansas St.,Away,24,21,-3.5,-0.5,L,51.5,45,-6.5,U,7,7,1.5,1.5,W,25.5,14,-11.5,U,17,14,-2.5,0.5,W,25.5,31,5.5,O,Penn State,penn state,Matt Campbell,2025,-3.5,Favorite,L,U
2025,2025-08-23T20:00:00.000Z,Dan Mullen,UNLV,UNLV,Idaho State,Home,38,31,-30.5,-23.5,L,68.0,69,1.0,O,14,17,-17.5,-20.5,L,36.5,31,-5.5,U,24,14,-13.5,-3.5,L,45.5,38,-7.5,U,UNLV,unlv,Dan Mullen,2025,-30.5,Favorite,L,O
2025,2025-08-23T22:30:00.000Z,Lance Leipold,Kansas,Kansas,Fresno St.,Home,31,7,-24.5,-0.5,L,50.0,38,-12.0,U,24,7,-14.5,2.5,W,25.5,31,5.5,O,7,0,-7.5,-0.5,L,9.5,7,-2.5,U,Kansas,kansas,Lance Leipold,2025,-24.5,Favorite,L,U
2025,2025-08-23T22:30:00.000Z,Matt Entz,Fresno State,Fresno State,Kansas,Away,7,31,24.5,0.5,W,50.0,38,-12.0,U,7,24,14.5,-2.5,L,25.5,31,5.5,O,0,7,7.5,0.5,W,9.5,7,-2.5,U,Fresno State,fresno state,Matt Entz,2025,24.5,Underdog,W,U
2025,2025-08-23T23:00:00.000Z,Tyson Helton,Western Kentucky,Western Kentucky,Sam Houston State Bearkats,Home,41,24,-10.5,6.5,W,71.5,65,-6.5,U,20,10,-7.5,2.5,W,30.5,30,-0.5,U,21,14,-3.5,3.5,W,28.0,35,7.0,O,Western Kentucky,western kentucky,Tyson Helton,2025,-10.5,Favorite,W,U
2025,2025-08-23T23:00:00.000Z,Phil Longo,Sam Houston,Sam Houston,Western Kentucky,Away,24,41,10.5,-6.5,L,71.5,65,-6.5,U,10,20,7.5,-2.5,L,30.5,30,-0.5,U,14,21,3.5,-3.5,L,28.0,35,7.0,O,Sam Houston,sam houston,Phil Longo,2025,10.5,Underdog,L,U
2025,2025-08-23T23:30:00.000Z,Timmy Chang,Hawaii,Hawaii,Stanford,Home,23,20,-2.5,0.5,W,44.5,43,-1.5,U,14,13,-0.5,0.5,W,24.0,27,3.0,O,9,7,-2.0,0.0,P,23.5,16,-7.5,U,Hawaii,hawaii,Timmy Chang,2025,-2.5,Favorite,W,U
2025,2025-08-28T21:30:00.000Z,Alex Golesh,Auburn,South Florida,Boise St,Home,34,7,-26.5,0.5,W,61.5,41,-20.5,U,10,7,3.5,6.5,W,30.5,17,-13.5,U,24,0,-21.5,2.5,W,24.5,24,-0.5,U,Auburn,auburn,Alex Golesh,2025,-26.5,Favorite,W,U
2025,2025-08-28T21:30:00.000Z,Spencer Danielson,Boise State,Boise State,South Florida,Away,7,34,26.5,-0.5,L,61.5,41,-20.5,U,7,10,-3.5,-6.5,L,30.5,17,-13.5,U,0,24,21.5,-2.5,L,24.5,24,-0.5,U,Boise State,boise state,Spencer Danielson,2025,26.5,Underdog,L,U
2025,2025-08-28T22:00:00.000Z,Eddie George,Bowling Green,Bowling Green,Lafayette,Home,26,7,-18.5,0.5,W,53.5,33,-20.5,U,17,0,-13.5,3.5,W,28.5,17,-11.5,U,9,7,-5.5,-3.5,L,19.5,16,-3.5,U,Bowling Green,bowling green,Eddie George,2025,-18.5,Favorite,W,U
2025,2025-08-28T22:00:00.000Z,Greg Schiano,Rutgers,Rutgers,Ohio,Home,34,31,-15.5,-12.5,L,52.5,65,12.5,O,31,17,-8.5,5.5,W,26.5,48,21.5,O,3,14,-6.5,-17.5,L,27.0,17,-10.0,U,Rutgers,rutgers,Greg Schiano,2025,-15.5,Favorite,L,O
2025,2025-08-28T23:00:00.000Z,Ryan Carty,Delaware,Delaware,Delaware State,Home,35,17,-17.5,0.5,W,55.5,52,-3.5,U,14,3,-15.5,-4.5,L,30.5,17,-13.5,U,21,14,-6.5,0.5,W,35.5,35,-0.5,U,Delaware,delaware,Ryan Carty,2025,-17.5,Favorite,W,U
2025,2025-08-28T23:00:00.000Z,Dave Doeren,NC State,NC State,East Carolina,Home,24,17,-13.5,-6.5,L,61.5,41,-20.5,U,17,7,-7.5,2.5,W,30.5,24,-6.5,U,7,10,-4.5,-7.5,L,28.5,17,-11.5,U,NC State,nc state,Dave Doeren,2025,-13.5,Favorite,L,U
2025,2025-08-28T23:00:00.000Z,Blake Harrell,East Carolina,East Carolina,NC State,Away,17,24,13.5,6.5,W,61.5,41,-20.5,U,7,17,7.5,-2.5,L,30.5,24,-6.5,U,10,7,4.5,7.5,W,28.5,17,-11.5,U,East Carolina,east carolina,Blake Harrell,2025,13.5,Underdog,W,U
2025,2025-08-28T23:00:00.000Z,Scott Frost,Central Florida,Central Florida,Jacksonville State Gamecocks,Home,17,10,-20.5,-13.5,L,52.5,27,-25.5,U,0,0,-11.5,-11.5,L,27.5,0,-27.5,U,17,10,-7.5,-0.5,L,24.5,27,2.5,O,Central Florida,central florida,Scott Frost,2025,-20.5,Favorite,L,U
2025,2025-08-28T23:00:00.000Z,Charles Kelly,Jacksonville State,Jacksonville State,UCF,Away,10,17,20.5,13.5,W,52.5,27,-25.5,U,0,0,11.5,11.5,W,27.5,0,-27.5,U,10,17,7.5,0.5,W,24.5,27,2.5,O,Jacksonville State,jacksonville state,Charles Kelly,2025,20.5,Underdog,W,U
2025,2025-08-28T23:00:00.000Z,Bryant Vincent,UL-Monroe,UL-Monroe,St Francis (PA),Home,29,0,-31.0,-2.0,L,47.5,29,-18.5,U,10,0,-19.5,-9.5,L,23.0,10,-13.0,U,19,0,-13.5,5.5,W,,19,,,UL-Monroe,ul-monroe,Bryant Vincent,2025,-31.0,Favorite,L,U
2025,2025-08-28T23:00:00.000Z,Joe Moorhead,Akron,Akron,Wyoming,Home,0,10,9.5,-0.5,L,48.0,10,-38.0,U,0,3,3.5,0.5,W,23.5,3,-20.5,U,0,7,1.5,-5.5,L,20.5,7,-13.5,U,Akron,akron,Joe Moorhead,2025,9.5,Underdog,L,U
2025,2025-08-28T23:00:00.000Z,Jay Sawvel,Wyoming,Wyoming,Akron,Away,10,0,-9.5,0.5,W,48.0,10,-38.0,U,3,0,-3.5,-0.5,L,23.5,3,-20.5,U,7,0,-1.5,5.5,W,20.5,7,-13.5,U,Wyoming,wyoming,Jay Sawvel,2025,-9.5,Favorite,W,U
2025,2025-08-28T23:30:00.000Z,Eli Drinkwitz,Missouri,Missouri,Central Arkansas,Home,61,6,-38.5,16.5,W,53.5,67,13.5,O,26,0,-21.5,4.5,W,25.5,26,0.5,O,35,6,-28.5,0.5,W,28.5,41,12.5,O,Missouri,missouri,Eli Drinkwitz,2025,-38.5,Favorite,W,O
2025,2025-08-28T23:30:00.000Z,Manny Diaz,Duke,Duke,Elon,Home,45,17,-27.5,0.5,W,61.5,62,0.5,O,10,10,-21.5,-21.5,L,28.5,20,-8.5,U,35,7,-24.5,3.5,W,41.5,42,0.5,O,Duke,duke,Manny Diaz,2025,-27.5,Favorite,W,O
2025,2025-08-29T00:00:00.000Z,Pete Lembo,Buffalo,Buffalo,Minnesota,Away,10,23,13.5,0.5,W,42.5,33,-9.5,U,3,10,7.5,0.5,W,23.5,13,-10.5,U,7,13,7.5,1.5,W,20.5,20,-0.5,U,Buffalo,buffalo,Pete Lembo,2025,13.5,Underdog,W,U
2025,2025-08-29T00:00:00.000Z,Willie Fritz,Houston,Houston,Stephen F. Austin,Home,27,0,-26.5,0.5,W,54.5,27,-27.5,U,17,0,-13.5,3.5,W,27.5,17,-10.5,U,10,0,-13.5,-3.5,L,16.5,10,-6.5,U,Houston,houston,Willie Fritz,2025,-26.5,Favorite,W,U
2025,2025-08-29T01:00:00.000Z,Luke Fickell,Wisconsin,Wisconsin,Miami Ohio,Home,17,0,-18.5,-1.5,L,18.5,17,-1.5,U,3,0,-9.5,-6.5,L,20.5,3,-17.5,U,14,0,-8.5,5.5,W,18.5,14,-4.5,U,Wisconsin,wisconsin,Luke Fickell,2025,-18.5,Favorite,L,U
2025,2025-08-29T01:00:00.000Z,Chuck Martin,Miami-OH,Miami-OH,Wisconsin,Away,0,17,18.5,1.5,W,18.5,17,-1.5,U,0,3,9.5,6.5,W,20.5,3,-17.5,U,0,14,8.5,-5.5,L,18.5,14,-4.5,U,Miami-OH,miami-oh,Chuck Martin,2025,18.5,Underdog,W,U
2025,2025-08-29T01:00:00.000Z,Scott Satterfield,Cincinnati,Cincinnati,Nebraska,Home,17,20,2.5,-0.5,L,50.5,37,-13.5,U,3,13,3.5,-6.5,L,26.5,16,-10.5,U,14,7,3.5,10.5,W,25.5,21,-4.5,U,Cincinnati,cincinnati,Scott Satterfield,2025,2.5,Underdog,L,U
2025,2025-08-29T01:00:00.000Z,Matt Rhule,Nebraska,Nebraska,Cincinnati,Away,20,17,-2.5,0.5,W,50.5,37,-13.5,U,13,3,-3.5,6.5,W,26.5,16,-10.5,U,7,14,-3.5,-10.5,L,25.5,21,-4.5,U,Nebraska,nebraska,Matt Rhule,2025,-2.5,Favorite,W,U
2025,2025-08-29T02:00:00.000Z,Sean Lewis,San Diego State,San Diego State,Stony Brook,Home,42,0,-41.5,0.5,W,53.5,42,-11.5,U,20,0,-11.5,8.5,W,28.5,20,-8.5,U,22,0,-17.5,4.5,W,20.5,22,1.5,O,San Diego State,san diego state,Sean Lewis,2025,-41.5,Favorite,W,U
2025,2025-08-29T23:00:00.000Z,Tim Albin,Charlotte,Charlotte,Appalachian St.,Home,11,34,3.0,-20.0,L,48.5,45,-3.5,U,3,17,2.5,-11.5,L,23.5,20,-3.5,U,8,17,2.5,-6.5,L,23.0,25,2.0,O,Charlotte,charlotte,Tim Albin,2025,3.0,Underdog,L,U
2025,2025-08-29T23:00:00.000Z,Dowell Loggains,Appalachian State,Appalachian State,Charlotte,Away,34,11,-3.0,20.0,W,48.5,45,-3.5,U,17,3,-2.5,11.5,W,23.5,20,-3.5,U,17,8,-2.5,6.5,W,23.0,25,2.0,O,Appalachian State,appalachian state,Dowell Loggains,2025,-3.0,Favorite,W,U
2025,2025-08-29T23:00:00.000Z,Willie Simmons,Florida International,Florida International,Bethune-Cookman,Home,42,9,-26.5,6.5,W,54.5,51,-3.5,U,28,6,-16.5,5.5,W,30.5,34,3.5,O,14,3,-11.5,-0.5,L,23.5,17,-6.5,U,Florida International,florida international,Willie Simmons,2025,-26.5,Favorite,W,U
2025,2025-08-29T23:00:00.000Z,Jake Dickert,Wake Forest,Wake Forest,Kennesaw St.,Home,10,9,-18.5,-17.5,L,51.0,19,-32.0,U,7,6,-10.5,-9.5,L,26.5,13,-13.5,U,3,3,-7.5,-7.5,L,24.5,6,-18.5,U,Wake Forest,wake forest,Jake Dickert,2025,-18.5,Favorite,L,U
2025,2025-08-29T23:00:00.000Z,Jerry Mack,Kennesaw State,Kennesaw State,Wake Forest,Away,9,10,18.5,17.5,W,51.0,19,-32.0,U,6,7,10.5,9.5,W,26.5,13,-13.5,U,3,3,7.5,7.5,W,24.5,6,-18.5,U,Kennesaw State,kennesaw state,Jerry Mack,2025,18.5,Underdog,W,U
2025,2025-08-29T23:00:00.000Z,Lance Taylor,Western Michigan,Western Michigan,Michigan State,Away,6,23,21.5,4.5,W,50.5,29,-21.5,U,0,21,12.5,-8.5,L,26.5,21,-5.5,U,6,2,9.5,13.5,W,23.5,8,-15.5,U,Western Michigan,western michigan,Lance Taylor,2025,21.5,Underdog,W,U
2025,2025-08-29T23:30:00.000Z,Lance Leipold,Kansas,Kansas,Wagner,Home,46,7,-45.5,-6.5,L,57.0,53,-4.0,U,29,7,-26.5,-4.5,L,33.5,36,2.5,O,17,0,-17.5,-0.5,L,17.5,17,-0.5,U,Kansas,kansas,Lance Leipold,2025,-45.5,Favorite,L,U
2025,2025-08-29T23:30:00.000Z,Bret Bielema,Illinois,Illinois,Western Illinois,Home,52,3,-49.5,-0.5,L,62.5,55,-7.5,U,31,0,-28.5,2.5,W,34.5,31,-3.5,U,21,3,-14.5,3.5,W,22.5,24,1.5,O,Illinois,illinois,Bret Bielema,2025,-49.5,Favorite,L,U
2025,2025-08-30T00:00:00.000Z,Dave Aranda,Baylor,Baylor,Auburn,Home,24,38,1.0,-13.0,L,56.5,62,5.5,O,10,17,0.5,-6.5,L,28.5,27,-1.5,U,14,21,0.5,-6.5,L,28.5,35,6.5,O,Baylor,baylor,Dave Aranda,2025,1.0,Underdog,L,O
2025,2025-08-30T00:00:00.000Z,Deion Sanders,Colorado,Colorado,Georgia Tech,Home,20,27,3.5,-3.5,L,50.0,47,-3.0,U,10,13,2.5,-0.5,L,24.5,23,-1.5,U,10,14,2.5,-1.5,L,24.5,24,-0.5,U,Colorado,colorado,Deion Sanders,2025,3.5,Underdog,L,U
2025,2025-08-30T00:00:00.000Z,Brent Key,Georgia Tech,Georgia Tech,Colorado,Away,27,20,-3.5,3.5,W,50.0,47,-3.0,U,13,10,-2.5,0.5,W,24.5,23,-1.5,U,14,10,-2.5,1.5,W,24.5,24,-0.5,U,Georgia Tech,georgia tech,Brent Key,2025,-3.5,Favorite,W,U
2025,2025-08-30T01:30:00.000Z,Phil Longo,Sam Houston,Sam Houston,UNLV,Home,21,38,16.5,-0.5,L,60.5,59,-1.5,U,7,24,4.5,-12.5,L,30.5,31,0.5,O,14,14,4.5,4.5,W,28.0,28,0.0,P,Sam Houston,sam houston,Phil Longo,2025,16.5,Underdog,L,U
2025,2025-08-30T01:30:00.000Z,Dan Mullen,UNLV,UNLV,Sam Houston State Bearkats,Away,38,21,-16.5,0.5,W,60.5,59,-1.5,U,24,7,-4.5,12.5,W,30.5,31,0.5,O,14,14,-4.5,-4.5,L,28.0,28,0.0,P,UNLV,unlv,Dan Mullen,2025,-16.5,Favorite,W,U
2025,2025-08-30T02:30:00.000Z,Ken Niumatalolo,San Jose State,San Jose State,Central Michigan,Home,14,16,-14.5,-16.5,L,51.5,30,-21.5,U,7,13,-7.5,-13.5,L,26.5,20,-6.5,U,7,3,-6.5,-2.5,L,24.5,10,-14.5,U,San Jose State,san jose state,Ken Niumatalolo,2025,-14.5,Favorite,L,U
2025,2025-08-30T02:30:00.000Z,Matt Drinkall,Central Michigan,Central Michigan,San Jose St.,Away,16,14,14.5,16.5,W,51.5,30,-21.5,U,13,7,7.5,13.5,W,26.5,20,-6.5,U,3,7,6.5,2.5,W,24.5,10,-14.5,U,Central Michigan,central michigan,Matt Drinkall,2025,14.5,Underdog,W,U
2025,2025-08-30T16:00:00.000Z,Barry Odom,Purdue,Purdue,Ball State,Home,31,0,-16.5,14.5,W,48.5,31,-17.5,U,21,0,-9.5,11.5,W,24.5,21,-3.5,U,10,0,-7.5,2.5,W,23.5,10,-13.5,U,Purdue,purdue,Barry Odom,2025,-16.5,Favorite,W,U
2025,2025-08-30T16:00:00.000Z,Mike Uremovich,Ball State,Ball State,Purdue,Away,0,31,16.5,-14.5,L,48.5,31,-17.5,U,0,21,9.5,-11.5,L,24.5,21,-3.5,U,0,10,7.5,-2.5,L,23.5,10,-13.5,U,Ball State,ball state,Mike Uremovich,2025,16.5,Underdog,L,U
2025,2025-08-30T16:00:00.000Z,Pat Narduzzi,Pittsburgh,Pittsburgh,Duquesne,Home,61,9,-39.5,12.5,W,58.5,70,11.5,O,34,6,-21.5,6.5,W,31.5,40,8.5,O,27,3,-20.5,3.5,W,26.5,30,3.5,O,Pittsburgh,pittsburgh,Pat Narduzzi,2025,-39.5,Favorite,W,O
2025,2025-08-30T16:00:00.000Z,Mike Locksley,Maryland,Maryland,Florida Atl.,Home,39,7,-32.5,-0.5,L,59.5,46,-13.5,U,33,7,-7.5,18.5,W,30.5,40,9.5,O,6,0,-6.5,-0.5,L,30.5,6,-24.5,U,Maryland,maryland,Mike Locksley,2025,-32.5,Favorite,L,U
2025,2025-08-30T16:00:00.000Z,Zach Kittley,Florida Atlantic,Florida Atlantic,Maryland,Away,7,39,32.5,0.5,W,59.5,46,-13.5,U,7,33,7.5,-18.5,L,30.5,40,9.5,O,0,6,6.5,0.5,W,30.5,6,-24.5,U,Florida Atlantic,florida atlantic,Zach Kittley,2025,32.5,Underdog,W,U
2025,2025-08-30T16:00:00.000Z,Mark Carney,Kent State,Kent State,Merrimack Warriors,Home,21,17,-5.5,-1.5,L,50.5,38,-12.5,U,7,3,-3.5,0.5,W,24.5,10,-14.5,U,14,14,-2.5,-2.5,L,25.5,28,2.5,O,Kent State,kent state,Mark Carney,2025,-5.5,Favorite,L,U
2025,2025-08-30T16:00:00.000Z,Charles Huff,Memphis,Southern Miss,Mississippi St.,Home,17,34,14.5,-2.5,L,60.0,51,-9.0,U,10,13,7.5,4.5,W,30.5,23,-7.5,U,7,21,6.5,-7.5,L,28.0,28,0.0,P,Memphis,memphis,Charles Huff,2025,14.5,Underdog,L,U
2025,2025-08-30T16:00:00.000Z,Jeff Lebby,Mississippi State,Mississippi State,Southern Miss,Away,34,17,-14.5,2.5,W,60.0,51,-9.0,U,13,10,-7.5,-4.5,L,30.5,23,-7.5,U,21,7,-6.5,7.5,W,28.0,28,0.0,P,Mississippi State,mississippi state,Jeff Lebby,2025,-14.5,Favorite,W,U
2025,2025-08-30T16:00:00.000Z,Jon Sumrall,Florida,Tulane,Northwestern,Home,23,3,-6.5,13.5,W,45.5,26,-19.5,U,20,3,-3.5,13.5,W,23.5,23,-0.5,U,3,0,-3.5,-0.5,L,22.5,3,-19.5,U,Florida,florida,Jon Sumrall,2025,-6.5,Favorite,W,U
2025,2025-08-30T16:00:00.000Z,David Braun,Northwestern,Northwestern,Tulane,Away,3,23,6.5,-13.5,L,45.5,26,-19.5,U,3,20,3.5,-13.5,L,23.5,23,-0.5,U,0,3,3.5,0.5,W,22.5,3,-19.5,U,Northwestern,northwestern,David Braun,2025,6.5,Underdog,L,U
2025,2025-08-30T16:00:00.000Z,Josh Heupel,Tennessee,Tennessee,Syracuse,Home,45,26,-13.5,5.5,W,51.5,71,19.5,O,31,14,-7.5,9.5,W,26.5,45,18.5,O,14,12,-6.5,-4.5,L,24.5,26,1.5,O,Tennessee,tennessee,Josh Heupel,2025,-13.5,Favorite,W,O
2025,2025-08-30T16:00:00.000Z,Fran Brown,Syracuse,Syracuse,Tennessee,Away,26,45,13.5,-5.5,L,51.5,71,19.5,O,14,31,7.5,-9.5,L,26.5,45,18.5,O,12,14,6.5,4.5,W,24.5,26,1.5,O,Syracuse,syracuse,Fran Brown,2025,13.5,Underdog,L,O
2025,2025-08-30T16:00:00.000Z,Ryan Day,Ohio State,Ohio State,Texas,Home,14,7,-1.5,5.5,W,46.5,21,-25.5,U,7,0,-0.5,6.5,W,22.5,7,-15.5,U,7,7,-0.5,-0.5,L,20.5,14,-6.5,U,Ohio State,ohio state,Ryan Day,2025,-1.5,Favorite,W,U
2025,2025-08-30T16:00:00.000Z,Steve Sarkisian,Texas,Texas,Ohio State,Away,7,14,1.5,-5.5,L,46.5,21,-25.5,U,0,7,0.5,-6.5,L,22.5,7,-15.5,U,7,7,0.5,0.5,W,20.5,14,-6.5,U,Texas,texas,Steve Sarkisian,2025,1.5,Underdog,L,U
2025,2025-08-30T16:00:00.000Z,Brian Newberry,Navy,Navy,Virginia Military,Home,52,7,-44.5,0.5,W,52.5,59,6.5,O,28,0,-24.5,3.5,W,30.5,28,-2.5,U,24,7,-16.5,0.5,W,30.5,31,0.5,O,Navy,navy,Brian Newberry,2025,-44.5,Favorite,W,O
2025,2025-08-30T16:45:00.000Z,Jason Candle,Connecticut,Toledo,Kentucky,Away,16,24,8.5,0.5,W,48.5,40,-8.5,U,2,10,6.5,-1.5,L,24.5,12,-12.5,U,14,14,3.0,3.0,W,20.0,28,8.0,O,Connecticut,connecticut,Jason Candle,2025,8.5,Underdog,W,U
2025,2025-08-30T18:00:00.000Z,Jim Mora,Colorado State,Connecticut,Central Connecticut St.,Home,59,13,-28.5,17.5,W,51.5,72,20.5,O,35,10,-16.5,8.5,W,26.5,45,18.5,O,24,3,-13.5,7.5,W,,27,,,Colorado State,colorado state,Jim Mora,2025,-28.5,Favorite,W,O
2025,2025-08-30T18:00:00.000Z,Bill O'Brien,Boston College,Boston College,Fordham,Home,66,10,-49.5,6.5,W,53.5,76,22.5,O,21,3,-20.5,-2.5,L,28.5,24,-4.5,U,45,7,-38.5,-0.5,L,43.5,52,8.5,O,Boston College,boston college,Bill O'Brien,2025,-49.5,Favorite,W,O
2025,2025-08-30T18:00:00.000Z,Rich Rodriguez,West Virginia,West Virginia,Robert Morris Colonials,Home,45,3,-40.5,1.5,W,55.5,48,-7.5,U,10,3,-23.5,-16.5,L,30.5,13,-17.5,U,35,0,-34.5,0.5,W,34.5,35,0.5,O,West Virginia,west virginia,Rich Rodriguez,2025,-40.5,Favorite,W,U
2025,2025-08-30T18:30:00.000Z,Curt Cignetti,Indiana,Indiana,Old Dominion,Home,27,14,-23.5,-10.5,L,53.5,41,-12.5,U,17,7,-13.5,-3.5,L,27.5,24,-3.5,U,10,7,-10.5,-7.5,L,24.0,17,-7.0,U,Indiana,indiana,Curt Cignetti,2025,-23.5,Favorite,L,U
2025,2025-08-30T18:30:00.000Z,Ricky Rahne,Old Dominion,Old Dominion,Indiana,Away,14,27,23.5,10.5,W,53.5,41,-12.5,U,7,17,13.5,3.5,W,27.5,24,-3.5,U,7,10,10.5,7.5,W,24.0,17,-7.0,U,Old Dominion,old dominion,Ricky Rahne,2025,23.5,Underdog,W,U
2025,2025-08-30T19:00:00.000Z,Jeff Brohm,Louisville,Louisville,Eastern Kentucky,Home,51,17,-34.5,-0.5,L,56.5,68,11.5,O,41,7,-21.5,12.5,W,32.5,48,15.5,O,10,10,-16.5,-16.5,L,22.5,20,-2.5,U,Louisville,louisville,Jeff Brohm,2025,-34.5,Favorite,L,O
2025,2025-08-30T19:30:00.000Z,Mike Norvell,Florida State,Florida State,Alabama,Home,31,17,13.5,27.5,W,47.5,48,0.5,O,17,7,7.0,17.0,W,24.5,24,-0.5,U,14,10,6.5,10.5,W,23.5,24,0.5,O,Florida State,florida state,Mike Norvell,2025,13.5,Underdog,W,O
2025,2025-08-30T19:30:00.000Z,Kalen DeBoer,Alabama,Alabama,Florida State,Away,17,31,-13.5,-27.5,L,47.5,48,0.5,O,7,17,-7.0,-17.0,L,24.5,24,-0.5,U,10,14,-6.5,-10.5,L,23.5,24,0.5,O,Alabama,alabama,Kalen DeBoer,2025,-13.5,Favorite,L,O
2025,2025-08-30T19:30:00.000Z,Troy Calhoun,Air Force,Air Force,Bucknell Bison,Home,49,13,-32.0,4.0,W,54.5,62,7.5,O,28,7,-17.5,3.5,W,28.5,35,6.5,O,21,6,-14.0,1.0,W,37.5,27,-10.5,U,Air Force,air force,Troy Calhoun,2025,-32.0,Favorite,W,O
2025,2025-08-30T19:30:00.000Z,Tony Gibson,Marshall,Marshall,Georgia B,Away,7,45,38.5,0.5,W,51.5,52,0.5,O,0,24,22.5,-1.5,L,29.5,24,-5.5,U,7,21,16.5,2.5,W,21.5,28,6.5,O,Marshall,marshall,Tony Gibson,2025,38.5,Underdog,W,O
2025,2025-08-30T19:30:00.000Z,James Franklin,Virginia Tech,Penn State,Nevada,Home,46,11,-42.5,-7.5,L,54.5,57,2.5,O,27,3,-27.5,-3.5,L,33.5,30,-3.5,U,19,8,-17.0,-6.0,L,23.0,27,4.0,O,Virginia Tech,virginia tech,James Franklin,2025,-42.5,Favorite,L,O
2025,2025-08-30T19:30:00.000Z,Jeff Choate,Nevada,Nevada,Penn State,Away,11,46,42.5,7.5,W,54.5,57,2.5,O,3,27,27.5,3.5,W,33.5,30,-3.5,U,8,19,17.0,6.0,W,23.0,27,4.0,O,Nevada,nevada,Jeff Choate,2025,42.5,Underdog,W,O
2025,2025-08-30T19:30:00.000Z,Matt Campbell,Penn State,Iowa State,South Dakota,Home,55,7,-16.5,31.5,W,47.5,62,14.5,O,27,7,-10.5,9.5,W,27.5,34,6.5,O,28,0,-6.5,21.5,W,21.5,28,6.5,O,Penn State,penn state,Matt Campbell,2025,-16.5,Favorite,W,O
2025,2025-08-30T19:30:00.000Z,Joe Harasymiak,Massachusetts,Massachusetts,Temple,Home,10,42,31.5,-0.5,L,48.5,52,3.5,O,10,28,0.5,-17.5,L,23.5,38,14.5,O,0,14,13.5,-0.5,L,14.5,14,-0.5,U,Massachusetts,massachusetts,Joe Harasymiak,2025,31.5,Underdog,L,O
2025,2025-08-30T20:00:00.000Z,Jamey Chadwell,Liberty,Liberty,Maine,Home,28,7,-25.5,-4.5,L,50.5,35,-15.5,U,7,7,-14.5,-14.5,L,28.5,14,-14.5,U,21,0,-7.5,13.5,W,19.5,21,1.5,O,Liberty,liberty,Jamey Chadwell,2025,-25.5,Favorite,L,U
2025,2025-08-30T20:00:00.000Z,Dan Lanning,Oregon,Oregon,Montana State Bobcats,Home,59,13,-46.5,-0.5,L,56.5,72,15.5,O,38,3,-15.5,19.5,W,29.5,41,11.5,O,21,10,-14.0,-3.0,L,24.5,31,6.5,O,Oregon,oregon,Dan Lanning,2025,-46.5,Favorite,L,O
2025,2025-08-30T20:30:00.000Z,Ryan Silverfield,Arkansas,Memphis,Chattanooga,Home,45,10,-34.5,0.5,W,55.0,55,0.0,P,28,3,-16.5,8.5,W,30.5,31,0.5,O,17,7,-3.5,6.5,W,17.5,24,6.5,O,Arkansas,arkansas,Ryan Silverfield,2025,-34.5,Favorite,W,P
2025,2025-08-30T22:00:00.000Z,Kirk Ferentz,Iowa,Iowa,Albany,Home,34,7,-27.5,-0.5,L,48.5,41,-7.5,U,17,7,-21.5,-11.5,L,27.5,24,-3.5,U,17,0,-16.5,0.5,W,17.5,17,-0.5,U,Iowa,iowa,Kirk Ferentz,2025,-27.5,Favorite,L,U
2025,2025-08-30T22:00:00.000Z,Tony Elliott,Virginia,Virginia,Coastal Carolina,Home,48,7,-41.5,-0.5,L,54.5,55,0.5,O,28,0,-7.5,20.5,W,27.5,28,0.5,O,20,7,-6.5,6.5,W,26.5,27,0.5,O,Virginia,virginia,Tony Elliott,2025,-41.5,Favorite,L,O
2025,2025-08-30T22:00:00.000Z,Brent Venables,Oklahoma,Oklahoma,Illinois St.,Home,35,3,-31.5,0.5,W,61.5,38,-23.5,U,21,0,-23.5,-2.5,L,33.5,21,-12.5,U,14,3,-10.5,0.5,W,17.5,17,-0.5,U,Oklahoma,oklahoma,Brent Venables,2025,-31.5,Favorite,W,U
2025,2025-08-30T22:00:00.000Z,Bob Chesney,UCLA,James Madison,Weber State,Home,45,10,-34.5,0.5,W,55.5,55,-0.5,U,28,7,-14.5,6.5,W,29.5,35,5.5,O,17,3,-11.5,2.5,W,21.5,20,-1.5,U,UCLA,ucla,Bob Chesney,2025,-34.5,Favorite,W,U
2025,2025-08-30T23:00:00.000Z,Derek Mason,Middle Tennessee,Middle Tennessee,Austin Peay,Home,14,34,19.5,-0.5,L,53.5,48,-5.5,U,7,21,-9.5,-23.5,L,28.5,28,-0.5,U,7,13,1.5,-4.5,L,26.5,20,-6.5,U,Middle Tennessee,middle tennessee,Derek Mason,2025,19.5,Underdog,L,U
2025,2025-08-30T23:00:00.000Z,Clark Lea,Vanderbilt,Vanderbilt,Charleston Southern,Home,45,3,-44.5,-2.5,L,49.5,48,-1.5,U,28,0,-21.5,6.5,W,28.5,28,-0.5,U,17,3,-17.5,-3.5,L,21.5,20,-1.5,U,Vanderbilt,vanderbilt,Clark Lea,2025,-44.5,Favorite,L,U
2025,2025-08-30T23:00:00.000Z,Billy Napier,James Madison,Florida,Long Island Univ,Home,55,0,-46.5,8.5,W,56.5,55,-1.5,U,38,0,-31.5,6.5,W,31.5,38,6.5,O,17,0,-13.5,3.5,W,16.5,17,0.5,O,James Madison,james madison,Billy Napier,2025,-46.5,Favorite,W,U
2025,2025-08-30T23:00:00.000Z,Major Applewhite,South Alabama,South Alabama,Morgan State,Home,38,21,-17.5,-0.5,L,51.5,59,7.5,O,17,7,-16.5,-6.5,L,27.5,24,-3.5,U,21,14,-12.5,-5.5,L,23.5,35,11.5,O,South Alabama,south alabama,Major Applewhite,2025,-17.5,Favorite,L,O
2025,2025-08-30T23:00:00.000Z,Gerad Parker,Troy,Troy,Nicholls State,Home,38,20,-19.5,-1.5,L,48.5,58,9.5,O,7,10,-11.5,-14.5,L,27.0,17,-10.0,U,31,10,-7.5,13.5,W,20.5,41,20.5,O,Troy,troy,Gerad Parker,2025,-19.5,Favorite,L,O
2025,2025-08-30T23:00:00.000Z,Butch Jones,Arkansas State,Arkansas State,Southeast Missouri St.,Home,42,24,-24.5,-6.5,L,59.5,66,6.5,O,28,10,-9.5,8.5,W,30.5,38,7.5,O,14,14,-7.5,-7.5,L,27.5,28,0.5,O,Arkansas State,arkansas state,Butch Jones,2025,-24.5,Favorite,L,O
2025,2025-08-30T23:00:00.000Z,Mike Elko,Texas A&M,Texas A&M,UTSA,Home,42,24,-24.5,-6.5,L,58.5,66,7.5,O,21,10,-13.5,-2.5,L,30.5,31,0.5,O,21,14,-10.5,-3.5,L,27.5,35,7.5,O,Texas A&M,texas a&m,Mike Elko,2025,-24.5,Favorite,L,O
2025,2025-08-30T23:00:00.000Z,Jeff Traylor,UTSA,UTSA,Texas A&M,Away,24,42,24.5,6.5,W,58.5,66,7.5,O,10,21,13.5,2.5,W,30.5,31,0.5,O,14,21,10.5,3.5,W,27.5,35,7.5,O,UTSA,utsa,Jeff Traylor,2025,24.5,Underdog,W,O
2025,2025-08-30T23:30:00.000Z,Joey McGuire,Texas Tech,Texas Tech,Arkansas-Pine Bluff,Home,67,7,-54.5,5.5,W,62.5,74,11.5,O,47,0,-30.5,16.5,W,36.5,47,10.5,O,20,7,-20.5,-7.5,L,23.5,27,3.5,O,Texas Tech,texas tech,Joey McGuire,2025,-54.5,Favorite,W,O
2025,2025-08-30T23:30:00.000Z,Dabo Swinney,Clemson,Clemson,LSU Tigers,Home,10,17,6.5,-0.5,L,55.5,27,-28.5,U,10,3,-2.5,4.5,W,27.5,13,-14.5,U,0,14,-1.5,-15.5,L,24.0,14,-10.0,U,Clemson,clemson,Dabo Swinney,2025,6.5,Underdog,L,U
2025,2025-08-30T23:30:00.000Z,Lincoln Riley,USC,USC,Missouri State,Home,73,13,-59.5,0.5,W,60.0,86,26.0,O,42,10,-20.5,11.5,W,33.5,52,18.5,O,31,3,-14.5,13.5,W,24.0,34,10.0,O,USC,usc,Lincoln Riley,2025,-59.5,Favorite,W,O
2025,2025-08-30T23:30:00.000Z,Ryan Beard,Coastal Carolina,Missouri State,USC,Away,13,73,59.5,-0.5,L,60.0,86,26.0,O,10,42,20.5,-11.5,L,33.5,52,18.5,O,3,31,14.5,-13.5,L,24.0,34,10.0,O,Coastal Carolina,coastal carolina,Ryan Beard,2025,59.5,Underdog,L,O
2025,2025-08-30T23:30:00.000Z,Jason Eck,New Mexico,New Mexico,Michigan,Away,17,34,34.5,17.5,W,49.5,51,1.5,O,10,24,21.5,7.5,W,27.5,34,6.5,O,7,10,13.5,10.5,W,21.5,17,-4.5,U,New Mexico,new mexico,Jason Eck,2025,34.5,Underdog,W,O
2025,2025-08-30T23:30:00.000Z,Sonny Cumbie,Louisiana Tech,Louisiana Tech,Southeastern Louisiana,Home,24,0,-24.5,-0.5,L,50.5,24,-26.5,U,3,0,-9.5,-6.5,L,26.5,3,-23.5,U,21,0,-9.5,11.5,W,24.5,21,-3.5,U,Louisiana Tech,louisiana tech,Sonny Cumbie,2025,-24.5,Favorite,L,U
2025,2025-08-30T23:30:00.000Z,Bronco Mendenhall,Utah State,Utah State,UTEP,Home,28,16,-12.5,-0.5,L,58.5,44,-14.5,U,20,10,-4.5,5.5,W,29.5,30,0.5,O,8,6,-1.0,1.0,W,27.5,14,-13.5,U,Utah State,utah state,Bronco Mendenhall,2025,-12.5,Favorite,L,U
2025,2025-08-30T23:30:00.000Z,Scotty Walden,UTEP,UTEP,Utah State,Away,16,28,12.5,0.5,W,58.5,44,-14.5,U,10,20,4.5,-5.5,L,29.5,30,0.5,O,6,8,1.0,-1.0,L,27.5,14,-13.5,U,UTEP,utep,Scotty Walden,2025,12.5,Underdog,W,U
2025,2025-08-30T23:45:00.000Z,Lane Kiffin,LSU,Ole Miss,Georgia St.,Home,63,7,-33.5,22.5,W,60.5,70,9.5,O,25,7,-21.5,-3.5,L,33.5,32,-1.5,U,38,0,-14.0,24.0,W,27.5,38,10.5,O,LSU,lsu,Lane Kiffin,2025,-33.5,Favorite,W,O
2025,2025-08-30T23:45:00.000Z,Dell McGee,Georgia State,Georgia State,Ole Miss,Away,7,63,33.5,-22.5,L,60.5,70,9.5,O,7,25,21.5,3.5,W,33.5,32,-1.5,U,0,38,14.0,-24.0,L,27.5,38,10.5,O,Georgia State,georgia state,Dell McGee,2025,33.5,Underdog,L,O
2025,2025-08-31T01:00:00.000Z,Tony Sanchez,New Mexico State,New Mexico State,Bryant Bulldogs,Home,19,3,-19.5,-3.5,L,53.5,22,-31.5,U,9,3,-10.5,-4.5,L,28.5,12,-16.5,U,10,0,-8.5,1.5,W,13.5,10,-3.5,U,New Mexico State,new mexico state,Tony Sanchez,2025,-19.5,Favorite,L,U
2025,2025-08-31T01:00:00.000Z,Rhett Lashlee,SMU,SMU,East Texas A&M-Commerce,Home,42,13,-50.5,-21.5,L,64.5,55,-9.5,U,21,3,-28.5,-10.5,L,35.5,24,-11.5,U,21,10,,,,,31,,,SMU,smu,Rhett Lashlee,2025,-50.5,Favorite,L,U
2025,2025-08-31T01:30:00.000Z,Matt Entz,Fresno State,Fresno State,Georgia Southern,Home,42,14,-1.5,26.5,W,49.5,56,6.5,O,13,14,-0.5,-1.5,L,24.0,27,3.0,O,29,0,0.5,29.5,W,23.5,29,5.5,O,Fresno State,fresno state,Matt Entz,2025,-1.5,Favorite,W,O
2025,2025-08-31T01:30:00.000Z,Clay Helton,Georgia Southern,Georgia Southern,Fresno St.,Away,14,42,1.5,-26.5,L,49.5,56,6.5,O,14,13,0.5,1.5,W,24.0,27,3.0,O,0,29,-0.5,-29.5,L,23.5,29,5.5,O,Georgia Southern,georgia southern,Clay Helton,2025,1.5,Underdog,L,O
2025,2025-08-31T02:00:00.000Z,Jimmy Rogers,Iowa State,Washington State,Idaho,Home,13,10,-16.5,-13.5,L,50.5,23,-27.5,U,7,0,-6.5,0.5,W,10.5,7,-3.5,U,6,10,-3.5,-7.5,L,18.5,16,-2.5,U,Iowa State,iowa state,Jimmy Rogers,2025,-16.5,Favorite,L,U
2025,2025-08-31T02:00:00.000Z,Kenny Dillingham,Arizona State,Arizona State,Northern Arizona,Home,38,19,-30.5,-11.5,L,52.5,57,4.5,O,17,6,-17.5,-6.5,L,26.5,23,-3.5,U,21,13,-13.5,-5.5,L,23.5,34,10.5,O,Arizona State,arizona state,Kenny Dillingham,2025,-30.5,Favorite,L,O
2025,2025-08-31T02:30:00.000Z,Brent Brennan,Arizona,Arizona,Hawaii,Home,40,6,-15.5,18.5,W,55.0,46,-9.0,U,17,6,-8.5,2.5,W,27.5,23,-4.5,U,23,0,-7.0,16.0,W,24.5,23,-1.5,U,Arizona,arizona,Brent Brennan,2025,-15.5,Favorite,W,U
2025,2025-08-31T02:30:00.000Z,Timmy Chang,Hawaii,Hawaii,Arizona,Away,6,40,15.5,-18.5,L,55.0,46,-9.0,U,6,17,8.5,-2.5,L,27.5,23,-4.5,U,0,23,7.0,-16.0,L,24.5,23,-1.5,U,Hawaii,hawaii,Timmy Chang,2025,15.5,Underdog,L,U
2025,2025-08-31T03:00:00.000Z,Jedd Fisch,Washington,Washington,Colorado State,Home,38,21,-17.5,-0.5,L,52.5,59,6.5,O,14,14,-13.5,-13.5,L,27.5,28,0.5,O,24,7,-17.5,-0.5,L,37.5,31,-6.5,U,Washington,washington,Jedd Fisch,2025,-17.5,Favorite,L,O
2025,2025-08-31T03:00:00.000Z,Kyle Whittingham,Michigan,Utah,UCLA,Away,43,10,-6.5,26.5,W,48.5,53,4.5,O,23,7,-3.5,12.5,W,23.5,30,6.5,O,20,3,-1.5,15.5,W,23.5,23,-0.5,U,Michigan,michigan,Kyle Whittingham,2025,-6.5,Favorite,W,O
2025,2025-08-31T19:00:00.000Z,Shane Beamer,South Carolina,South Carolina,Virginia Tech,Home,24,11,-13.5,-0.5,L,51.5,35,-16.5,U,10,8,-3.5,-1.5,L,26.0,18,-8.0,U,14,3,-1.5,9.5,W,24.0,17,-7.0,U,South Carolina,south carolina,Shane Beamer,2025,-13.5,Favorite,L,U
2025,2025-08-31T23:30:00.000Z,Mario Cristobal,Miami-FL,Miami-FL,Notre Dame,Home,27,24,-2.5,0.5,W,51.5,51,-0.5,U,14,7,1.5,8.5,W,23.5,21,-2.5,U,13,17,1.5,-2.5,L,26.5,30,3.5,O,Miami-FL,miami-fl,Mario Cristobal,2025,-2.5,Favorite,W,U
2025,2025-08-31T23:30:00.000Z,Marcus Freeman,Notre Dame,Notre Dame,Miami Hurricanes,Away,24,27,2.5,-0.5,L,51.5,51,-0.5,U,7,14,-1.5,-8.5,L,23.5,21,-2.5,U,17,13,-1.5,2.5,W,26.5,30,3.5,O,Notre Dame,notre dame,Marcus Freeman,2025,2.5,Underdog,L,U
2025,2025-09-02T00:00:00.000Z,Bill Belichick,North Carolina,North Carolina,TCU,Home,14,48,3.5,-30.5,L,55.0,62,7.0,O,7,20,2.5,-10.5,L,26.5,27,0.5,O,7,28,3.5,-17.5,L,27.5,35,7.5,O,North Carolina,north carolina,Bill Belichick,2025,3.5,Underdog,L,O
2025,2025-09-02T00:00:00.000Z,Sonny Dykes,TCU,TCU,North Carolina,Away,48,14,-3.5,30.5,W,55.0,62,7.0,O,20,7,-2.5,10.5,W,26.5,27,0.5,O,28,7,-3.5,17.5,W,27.5,35,7.5,O,TCU,tcu,Sonny Dykes,2025,-3.5,Favorite,W,O
2025,2025-09-05T23:00:00.000Z,Jeff Brohm,Louisville,Louisville,James Madison,Home,28,14,-15.5,-1.5,L,56.5,42,-14.5,U,6,7,-8.5,-9.5,L,28.5,13,-15.5,U,22,7,-6.5,8.5,W,26.0,29,3.0,O,Louisville,louisville,Jeff Brohm,2025,-15.5,Favorite,L,U
2025,2025-09-05T23:00:00.000Z,Bob Chesney,UCLA,James Madison,Louisville,Away,14,28,15.5,1.5,W,56.5,42,-14.5,U,7,6,8.5,9.5,W,28.5,13,-15.5,U,7,22,6.5,-8.5,L,26.0,29,3.0,O,UCLA,ucla,Bob Chesney,2025,15.5,Underdog,W,U
2025,2025-09-05T23:30:00.000Z,Mike Locksley,Maryland,Maryland,Northern Illinois,Home,20,9,-16.5,-5.5,L,44.5,29,-15.5,U,10,3,-9.5,-2.5,L,21.5,13,-8.5,U,10,6,-6.5,-2.5,L,20.5,16,-4.5,U,Maryland,maryland,Mike Locksley,2025,-16.5,Favorite,L,U
2025,2025-09-05T23:30:00.000Z,David Braun,Northwestern,Northwestern,Western Illinois,Home,42,7,-31.5,3.5,W,48.5,49,0.5,O,22,0,-17.5,4.5,W,27.5,22,-5.5,U,20,7,-20.5,-7.5,L,20.5,27,6.5,O,Northwestern,northwestern,David Braun,2025,-31.5,Favorite,W,O
2025,2025-09-06T01:00:00.000Z,Spencer Danielson,Boise State,Boise State,Eastern Washington,Home,51,14,-33.5,3.5,W,60.5,65,4.5,O,30,7,-17.5,5.5,W,31.5,37,5.5,O,21,7,-13.5,0.5,W,27.5,28,0.5,O,Boise State,boise state,Spencer Danielson,2025,-33.5,Favorite,W,O
2025,2025-09-06T16:00:00.000Z,Rhett Lashlee,SMU,SMU,Baylor,Home,45,48,1.5,-1.5,L,96.5,93,-3.5,U,24,21,-1.5,1.5,W,32.5,45,12.5,O,21,27,-0.5,-6.5,L,34.5,48,13.5,O,SMU,smu,Rhett Lashlee,2025,1.5,Underdog,L,U
2025,2025-09-06T16:00:00.000Z,Dave Aranda,Baylor,Baylor,SMU,Away,48,45,-1.5,1.5,W,96.5,93,-3.5,U,21,24,1.5,-1.5,L,32.5,45,12.5,O,27,21,0.5,6.5,W,34.5,48,13.5,O,Baylor,baylor,Dave Aranda,2025,-1.5,Favorite,W,U
2025,2025-09-06T16:00:00.000Z,Pat Narduzzi,Pittsburgh,Pittsburgh,Central Michigan,Home,45,17,-22.5,5.5,W,55.5,62,6.5,O,24,10,-13.5,0.5,W,24.5,34,9.5,O,21,7,-11.0,3.0,W,21.0,28,7.0,O,Pittsburgh,pittsburgh,Pat Narduzzi,2025,-22.5,Favorite,W,O
2025,2025-09-06T16:00:00.000Z,Matt Drinkall,Central Michigan,Central Michigan,Pittsburgh,Away,17,45,22.5,-5.5,L,55.5,62,6.5,O,10,24,13.5,-0.5,L,24.5,34,9.5,O,7,21,11.0,-3.0,L,21.0,28,7.0,O,Central Michigan,central michigan,Matt Drinkall,2025,22.5,Underdog,L,O
2025,2025-09-06T16:00:00.000Z,Fran Brown,Syracuse,Syracuse,Connecticut,Home,27,20,-1.5,5.5,W,49.5,47,-2.5,U,6,14,-3.5,-11.5,L,28.0,20,-8.0,U,21,6,-3.5,11.5,W,26.5,27,0.5,O,Syracuse,syracuse,Fran Brown,2025,-1.5,Favorite,W,U
2025,2025-09-06T16:00:00.000Z,Jim Mora,Colorado State,Connecticut,Syracuse,Away,20,27,1.5,-5.5,L,49.5,47,-2.5,U,14,6,3.5,11.5,W,28.0,20,-8.0,U,6,21,3.5,-11.5,L,26.5,27,0.5,O,Colorado State,colorado state,Jim Mora,2025,1.5,Underdog,L,U
2025,2025-09-06T16:00:00.000Z,Mike Norvell,Florida State,Florida State,East Texas A&M-Commerce,Home,77,3,-73.5,0.5,W,79.5,80,0.5,O,49,0,-48.5,0.5,W,49.5,49,-0.5,U,28,3,-21.5,3.5,W,27.5,31,3.5,O,Florida State,florida state,Mike Norvell,2025,-73.5,Favorite,W,O
2025,2025-09-06T16:00:00.000Z,James Franklin,Virginia Tech,Penn State,Florida Int.,Home,34,0,-27.5,6.5,W,52.5,34,-18.5,U,10,0,-25.5,-15.5,L,30.5,10,-20.5,U,24,0,-21.0,3.0,W,24.5,24,-0.5,U,Virginia Tech,virginia tech,James Franklin,2025,-27.5,Favorite,W,U
2025,2025-09-06T16:00:00.000Z,Willie Simmons,Florida International,Florida International,Penn State,Away,0,34,27.5,-6.5,L,52.5,34,-18.5,U,0,10,25.5,15.5,W,30.5,10,-20.5,U,0,24,21.0,-3.0,L,24.5,24,-0.5,U,Florida International,florida international,Willie Simmons,2025,27.5,Underdog,L,U
2025,2025-09-06T16:00:00.000Z,Manny Diaz,Duke,Duke,Illinois,Home,19,45,23.5,-2.5,L,64.5,64,-0.5,U,13,14,0.5,-0.5,L,24.0,27,3.0,O,6,31,0.5,-24.5,L,23.5,37,13.5,O,Duke,duke,Manny Diaz,2025,23.5,Underdog,L,U
2025,2025-09-06T16:00:00.000Z,Bret Bielema,Illinois,Illinois,Duke,Away,45,19,-23.5,2.5,W,64.5,64,-0.5,U,14,13,-0.5,0.5,W,24.0,27,3.0,O,31,6,-0.5,24.5,W,23.5,37,13.5,O,Illinois,illinois,Bret Bielema,2025,-23.5,Favorite,W,U
2025,2025-09-06T16:00:00.000Z,Matt Campbell,Penn State,Iowa State,Iowa,Home,16,13,-2.5,0.5,W,29.5,29,-0.5,U,13,10,-2.0,1.0,W,20.5,23,2.5,O,3,3,-0.5,-0.5,L,20.5,6,-14.5,U,Penn State,penn state,Matt Campbell,2025,-2.5,Favorite,W,U
2025,2025-09-06T16:00:00.000Z,Kirk Ferentz,Iowa,Iowa,Iowa State,Away,13,16,2.5,-0.5,L,29.5,29,-0.5,U,10,13,2.0,-1.0,L,20.5,23,2.5,O,3,3,0.5,0.5,W,20.5,6,-14.5,U,Iowa,iowa,Kirk Ferentz,2025,2.5,Underdog,L,U
2025,2025-09-06T16:00:00.000Z,Curt Cignetti,Indiana,Indiana,Kennesaw St.,Home,56,9,-47.5,-0.5,L,65.5,65,-0.5,U,21,6,-21.5,-6.5,L,29.5,27,-2.5,U,35,3,-32.5,-0.5,L,38.5,38,-0.5,U,Indiana,indiana,Curt Cignetti,2025,-47.5,Favorite,L,U
2025,2025-09-06T16:00:00.000Z,Jerry Mack,Kennesaw State,Kennesaw State,Indiana,Away,9,56,47.5,0.5,W,65.5,65,-0.5,U,6,21,21.5,6.5,W,29.5,27,-2.5,U,3,35,32.5,0.5,W,38.5,38,-0.5,U,Kennesaw State,kennesaw state,Jerry Mack,2025,47.5,Underdog,W,U
2025,2025-09-06T16:00:00.000Z,Joey McGuire,Texas Tech,Texas Tech,Kent State,Home,62,14,-48.5,-0.5,L,76.5,76,-0.5,U,48,0,-30.0,18.0,W,35.0,48,13.0,O,14,14,-1.5,-1.5,L,28.5,28,-0.5,U,Texas Tech,texas tech,Joey McGuire,2025,-48.5,Favorite,L,U
2025,2025-09-06T16:00:00.000Z,Mark Carney,Kent State,Kent State,Texas Tech,Away,14,62,48.5,0.5,W,76.5,76,-0.5,U,0,48,30.0,-18.0,L,35.0,48,13.0,O,14,14,1.5,1.5,W,28.5,28,-0.5,U,Kent State,kent state,Mark Carney,2025,48.5,Underdog,W,U
2025,2025-09-06T16:00:00.000Z,Charles Kelly,Jacksonville State,Jacksonville State,Liberty Flames,Home,34,24,-8.5,1.5,W,51.0,58,7.0,O,17,10,3.5,10.5,W,24.5,27,2.5,O,17,14,4.5,7.5,W,24.0,31,7.0,O,Jacksonville State,jacksonville state,Charles Kelly,2025,-8.5,Favorite,W,O
2025,2025-09-06T16:00:00.000Z,Jamey Chadwell,Liberty,Liberty,Jacksonville State Gamecocks,Away,24,34,8.5,-1.5,L,51.0,58,7.0,O,10,17,-3.5,-10.5,L,24.5,27,2.5,O,14,17,-4.5,-7.5,L,24.0,31,7.0,O,Liberty,liberty,Jamey Chadwell,2025,8.5,Underdog,L,O
2025,2025-09-06T16:00:00.000Z,Steve Sarkisian,Texas,Texas,San Jose St.,Home,38,7,-31.5,-0.5,L,46.5,45,-1.5,U,28,7,-22.0,-1.0,L,29.5,35,5.5,O,10,0,-14.0,-4.0,L,22.0,10,-12.0,U,Texas,texas,Steve Sarkisian,2025,-31.5,Favorite,L,U
2025,2025-09-06T16:00:00.000Z,Ken Niumatalolo,San Jose State,San Jose State,Texas,Away,7,38,31.5,0.5,W,46.5,45,-1.5,U,7,28,22.0,1.0,W,29.5,35,5.5,O,0,10,14.0,4.0,W,22.0,10,-12.0,U,San Jose State,san jose state,Ken Niumatalolo,2025,31.5,Underdog,W,U
2025,2025-09-06T16:00:00.000Z,Dave Doeren,NC State,NC State,Virginia,Home,35,31,-3.5,0.5,W,54.0,66,12.0,O,14,24,-1.5,-11.5,L,26.5,38,11.5,O,21,7,-3.5,10.5,W,27.5,28,0.5,O,NC State,nc state,Dave Doeren,2025,-3.5,Favorite,W,O
2025,2025-09-06T16:00:00.000Z,Tony Elliott,Virginia,Virginia,NC State,Away,31,35,3.5,-0.5,L,54.0,66,12.0,O,24,14,1.5,11.5,W,26.5,38,11.5,O,7,21,3.5,-10.5,L,27.5,28,0.5,O,Virginia,virginia,Tony Elliott,2025,3.5,Underdog,L,O
2025,2025-09-06T16:45:00.000Z,Mike Elko,Texas A&M,Texas A&M,Utah State,Home,44,22,-22.5,-0.5,L,64.5,66,1.5,O,30,6,-21.0,3.0,W,31.0,36,5.0,O,14,16,-15.0,-17.0,L,24.0,30,6.0,O,Texas A&M,texas a&m,Mike Elko,2025,-22.5,Favorite,L,O
2025,2025-09-06T16:45:00.000Z,Bronco Mendenhall,Utah State,Utah State,Texas A&M,Away,22,44,22.5,0.5,W,64.5,66,1.5,O,6,30,21.0,-3.0,L,31.0,36,5.0,O,16,14,15.0,17.0,W,24.0,30,6.0,O,Utah State,utah state,Bronco Mendenhall,2025,22.5,Underdog,W,O
2025,2025-09-06T19:00:00.000Z,Jason Eck,New Mexico,New Mexico,Idaho State,Home,32,22,-10.5,-0.5,L,59.0,54,-5.0,U,14,10,-9.5,-5.5,L,24.5,24,-0.5,U,18,12,-3.5,2.5,W,27.5,30,2.5,O,New Mexico,new mexico,Jason Eck,2025,-10.5,Favorite,L,U
2025,2025-09-06T19:30:00.000Z,Scott Satterfield,Cincinnati,Cincinnati,Bowling Green,Home,34,20,-13.5,0.5,W,45.5,54,8.5,O,21,3,-12.5,5.5,W,24.0,24,0.0,P,13,17,-10.5,-14.5,L,21.5,30,8.5,O,Cincinnati,cincinnati,Scott Satterfield,2025,-13.5,Favorite,W,O
2025,2025-09-06T19:30:00.000Z,Eddie George,Bowling Green,Bowling Green,Cincinnati,Away,20,34,13.5,-0.5,L,45.5,54,8.5,O,3,21,12.5,-5.5,L,24.0,24,0.0,P,17,13,10.5,14.5,W,21.5,30,8.5,O,Bowling Green,bowling green,Eddie George,2025,13.5,Underdog,L,O
2025,2025-09-06T19:30:00.000Z,Deion Sanders,Colorado,Colorado,Delaware,Home,31,7,-23.5,0.5,W,38.5,38,-0.5,U,17,7,-14.0,-4.0,L,26.5,24,-2.5,U,14,0,-10.5,3.5,W,23.5,14,-9.5,U,Colorado,colorado,Deion Sanders,2025,-23.5,Favorite,W,U
2025,2025-09-06T19:30:00.000Z,Ryan Carty,Delaware,Delaware,Colorado,Away,7,31,23.5,-0.5,L,38.5,38,-0.5,U,7,17,14.0,4.0,W,26.5,24,-2.5,U,0,14,10.5,-3.5,L,23.5,14,-9.5,U,Delaware,delaware,Ryan Carty,2025,23.5,Underdog,L,U
2025,2025-09-06T19:30:00.000Z,Josh Heupel,Tennessee,Tennessee,East Tennessee St.,Home,72,17,-58.5,-3.5,L,88.5,89,0.5,O,48,7,-23.5,17.5,W,31.5,55,23.5,O,24,10,-20.5,-6.5,L,27.5,34,6.5,O,Tennessee,tennessee,Josh Heupel,2025,-58.5,Favorite,L,O
2025,2025-09-06T19:30:00.000Z,Matt Entz,Fresno State,Fresno State,Oregon State,Away,36,27,-1.5,7.5,W,48.5,63,14.5,O,20,15,0.5,5.5,W,21.5,35,13.5,O,16,12,0.5,4.5,W,21.5,28,6.5,O,Fresno State,fresno state,Matt Entz,2025,-1.5,Favorite,W,O
2025,2025-09-06T19:30:00.000Z,Brent Key,Georgia Tech,Georgia Tech,Gardner-Webb,Home,59,12,-43.5,3.5,W,71.5,71,-0.5,U,28,6,-20.5,1.5,W,31.5,34,2.5,O,31,6,-17.5,7.5,W,27.5,37,9.5,O,Georgia Tech,georgia tech,Brent Key,2025,-43.5,Favorite,W,U
2025,2025-09-06T19:30:00.000Z,Ryan Day,Ohio State,Ohio State,Grambling St.,Home,70,0,-69.5,0.5,W,62.5,70,7.5,O,35,0,-35.5,-0.5,L,35.5,35,-0.5,U,35,0,-30.5,4.5,W,34.5,35,0.5,O,Ohio State,ohio state,Ryan Day,2025,-69.5,Favorite,W,O
2025,2025-09-06T19:30:00.000Z,Eli Drinkwitz,Missouri,Missouri,Kansas,Home,42,31,-10.5,0.5,W,66.5,73,6.5,O,21,21,-3.0,-3.0,L,24.5,42,17.5,O,21,10,-4.5,6.5,W,24.5,31,6.5,O,Missouri,missouri,Eli Drinkwitz,2025,-10.5,Favorite,W,O
2025,2025-09-06T19:30:00.000Z,Lance Leipold,Kansas,Kansas,Missouri,Away,31,42,10.5,-0.5,L,66.5,73,6.5,O,21,21,3.0,3.0,W,24.5,42,17.5,O,10,21,4.5,-6.5,L,24.5,31,6.5,O,Kansas,kansas,Lance Leipold,2025,10.5,Underdog,L,O
2025,2025-09-06T19:30:00.000Z,Lance Taylor,Western Michigan,Western Michigan,North Texas,Home,30,33,-5.5,-8.5,L,60.5,63,2.5,O,17,7,6.5,16.5,W,28.0,24,-4.0,U,13,26,7.0,-6.0,L,27.5,39,11.5,O,Western Michigan,western michigan,Lance Taylor,2025,-5.5,Favorite,L,O
2025,2025-09-06T19:30:00.000Z,Eric Morris,Oklahoma State,North Texas,Western Michigan,Away,33,30,5.5,8.5,W,60.5,63,2.5,O,7,17,-6.5,-16.5,L,28.0,24,-4.0,U,26,13,-7.0,6.0,W,27.5,39,11.5,O,Oklahoma State,oklahoma state,Eric Morris,2025,5.5,Underdog,W,O
2025,2025-09-06T19:30:00.000Z,Dan Lanning,Oregon,Oregon,Oklahoma St.,Home,69,3,-65.5,0.5,W,72.5,72,-0.5,U,41,3,-17.5,20.5,W,29.5,44,14.5,O,28,0,-13.5,14.5,W,26.5,28,1.5,O,Oregon,oregon,Dan Lanning,2025,-65.5,Favorite,W,U
2025,2025-09-06T19:30:00.000Z,Lane Kiffin,LSU,Ole Miss,Kentucky,Away,30,23,-9.5,-2.5,L,55.5,53,-2.5,U,17,13,-5.0,-1.0,L,24.0,30,6.0,O,13,10,-3.5,-0.5,L,24.5,23,-1.5,U,LSU,lsu,Lane Kiffin,2025,-9.5,Favorite,L,U
2025,2025-09-06T19:30:00.000Z,Jeff Traylor,UTSA,UTSA,Texas State,Home,36,43,6.5,-0.5,L,79.5,79,-0.5,U,14,19,-3.0,-8.0,L,33.0,33,0.0,P,22,24,-4.5,-6.5,L,32.0,46,14.0,O,UTSA,utsa,Jeff Traylor,2025,6.5,Underdog,L,U
2025,2025-09-06T19:30:00.000Z,Dabo Swinney,Clemson,Clemson,Troy,Home,27,16,-11.5,-0.5,L,43.5,43,-0.5,U,3,16,-18.5,-31.5,L,27.5,19,-8.5,U,24,0,-14.5,9.5,W,24.0,24,0.0,P,Clemson,clemson,Dabo Swinney,2025,-11.5,Favorite,L,U
2025,2025-09-06T19:30:00.000Z,Gerad Parker,Troy,Troy,Clemson,Away,16,27,11.5,0.5,W,43.5,43,-0.5,U,16,3,18.5,31.5,W,27.5,19,-8.5,U,0,24,14.5,-9.5,L,24.0,24,0.0,P,Troy,troy,Gerad Parker,2025,11.5,Underdog,W,U
2025,2025-09-06T19:30:00.000Z,Brian Newberry,Navy,Navy,UAB,Home,38,24,-17.5,-3.5,L,79.5,62,-17.5,U,24,24,-11.5,-11.5,L,30.5,48,17.5,O,14,0,-9.5,4.5,W,27.5,14,-13.5,U,Navy,navy,Brian Newberry,2025,-17.5,Favorite,L,U
2025,2025-09-06T20:00:00.000Z,Luke Fickell,Wisconsin,Wisconsin,Middle Tennessee St.,Home,42,10,-32.5,-0.5,L,53.5,52,-1.5,U,14,10,-16.5,-12.5,L,24.0,24,0.0,P,28,0,-12.5,15.5,W,20.5,28,7.5,O,Wisconsin,wisconsin,Luke Fickell,2025,-32.5,Favorite,L,U
2025,2025-09-06T20:00:00.000Z,Derek Mason,Middle Tennessee,Middle Tennessee,Wisconsin,Away,10,42,32.5,0.5,W,53.5,52,-1.5,U,10,14,16.5,12.5,W,24.0,24,0.0,P,0,28,12.5,-15.5,L,20.5,28,7.5,O,Middle Tennessee,middle tennessee,Derek Mason,2025,32.5,Underdog,W,U
2025,2025-09-06T20:00:00.000Z,Jay Sawvel,Wyoming,Wyoming,Northern Iowa,Home,31,7,-24.5,-0.5,L,47.5,38,-9.5,U,17,7,-3.5,6.5,W,20.5,24,3.5,O,14,0,-10.5,3.5,W,19.5,14,-5.5,U,Wyoming,wyoming,Jay Sawvel,2025,-24.5,Favorite,L,U
2025,2025-09-06T20:00:00.000Z,Rich Rodriguez,West Virginia,West Virginia,Ohio,Away,10,17,7.5,0.5,W,51.5,27,-24.5,U,7,17,-2.0,-12.0,L,28.5,24,-4.5,U,3,0,-3.5,-0.5,L,27.5,3,-24.5,U,West Virginia,west virginia,Rich Rodriguez,2025,7.5,Underdog,W,U
2025,2025-09-06T20:15:00.000Z,Billy Napier,James Madison,Florida,South Florida,Home,16,18,1.5,-0.5,L,57.5,34,-23.5,U,9,6,-9.5,-6.5,L,29.5,15,-14.5,U,7,12,-7.5,-12.5,L,27.0,19,-8.0,U,James Madison,james madison,Billy Napier,2025,1.5,Underdog,L,U
2025,2025-09-06T20:15:00.000Z,Alex Golesh,Auburn,South Florida,Florida,Away,18,16,-1.5,0.5,W,57.5,34,-23.5,U,6,9,9.5,6.5,W,29.5,15,-14.5,U,12,7,7.5,12.5,W,27.0,19,-8.0,U,Auburn,auburn,Alex Golesh,2025,-1.5,Favorite,W,U
2025,2025-09-06T20:25:00.000Z,Jake Dickert,Wake Forest,Wake Forest,Western Carolina,Home,42,10,-18.0,14.0,W,61.5,52,-9.5,U,21,3,-11.5,6.5,W,31.5,24,-7.5,U,21,7,-10.5,3.5,W,28.5,28,-0.5,U,Wake Forest,wake forest,Jake Dickert,2025,-18.0,Favorite,W,U
2025,2025-09-06T20:30:00.000Z,Greg Schiano,Rutgers,Rutgers,Miami Ohio,Home,45,17,-20.5,7.5,W,57.5,62,4.5,O,24,10,-7.5,6.5,W,30.5,34,3.5,O,21,7,-7.0,7.0,W,21.0,28,7.0,O,Rutgers,rutgers,Greg Schiano,2025,-20.5,Favorite,W,O
2025,2025-09-06T20:30:00.000Z,Chuck Martin,Miami-OH,Miami-OH,Rutgers,Away,17,45,20.5,-7.5,L,57.5,62,4.5,O,10,24,7.5,-6.5,L,30.5,34,3.5,O,7,21,7.0,-7.0,L,21.0,28,7.0,O,Miami-OH,miami-oh,Chuck Martin,2025,20.5,Underdog,L,O
2025,2025-09-06T21:00:00.000Z,Butch Jones,Arkansas State,Arkansas State,Arkansas,Away,14,56,41.5,-0.5,L,76.5,70,-6.5,U,14,35,14.5,-6.5,L,33.5,49,15.5,O,0,21,20.5,-0.5,L,27.5,21,-6.5,U,Arkansas State,arkansas state,Butch Jones,2025,41.5,Underdog,L,U
2025,2025-09-06T21:00:00.000Z,Charles Huff,Memphis,Southern Miss,Jackson State,Home,38,20,-17.5,0.5,W,58.5,58,-0.5,U,17,10,-7.5,-0.5,L,32.5,27,-5.5,U,21,10,-12.5,-1.5,L,27.5,31,3.5,O,Memphis,memphis,Charles Huff,2025,-17.5,Favorite,W,U
2025,2025-09-06T21:00:00.000Z,Jeff Choate,Nevada,Nevada,Sacramento State,Home,20,17,-2.5,0.5,W,49.5,37,-12.5,U,13,17,7.5,3.5,W,19.5,30,10.5,O,7,0,-6.5,0.5,W,27.5,7,-20.5,U,Nevada,nevada,Jeff Choate,2025,-2.5,Favorite,W,U
2025,2025-09-06T21:30:00.000Z,Joe Harasymiak,Massachusetts,Massachusetts,Bryant Bulldogs,Home,26,27,-14.5,-15.5,L,52.5,53,0.5,O,20,10,-7.5,2.5,W,22.5,30,7.5,O,6,17,-6.5,-17.5,L,24.5,23,-1.5,U,Massachusetts,massachusetts,Joe Harasymiak,2025,-14.5,Favorite,L,O
2025,2025-09-06T22:00:00.000Z,Kyle Whittingham,Michigan,Utah,Cal Poly Mustangs,Home,63,9,-53.5,0.5,W,71.5,72,0.5,O,35,6,-23.5,5.5,W,28.5,41,12.5,O,28,3,-20.5,4.5,W,27.5,31,3.5,O,Michigan,michigan,Kyle Whittingham,2025,-53.5,Favorite,W,O
2025,2025-09-06T22:00:00.000Z,Blake Harrell,East Carolina,East Carolina,Campbell,Home,56,3,-52.5,0.5,W,55.5,59,3.5,O,35,3,-16.5,15.5,W,37.5,38,0.5,O,21,0,-14.5,6.5,W,21.5,21,-0.5,U,East Carolina,east carolina,Blake Harrell,2025,-52.5,Favorite,W,O
2025,2025-09-06T22:00:00.000Z,Zach Kittley,Florida Atlantic,Florida Atlantic,Florida A&M,Home,56,14,-45.5,-3.5,L,73.5,70,-3.5,U,39,0,-42.5,-3.5,L,43.5,39,-4.5,U,17,14,-5.5,-2.5,L,21.5,31,9.5,O,Florida Atlantic,florida atlantic,Zach Kittley,2025,-45.5,Favorite,L,U
2025,2025-09-06T22:00:00.000Z,Tony Gibson,Marshall,Marshall,Missouri State,Home,20,21,1.5,0.5,W,43.5,41,-2.5,U,17,7,-5.0,5.0,W,27.5,24,-3.5,U,3,14,-3.5,-14.5,L,24.5,17,-7.5,U,Marshall,marshall,Tony Gibson,2025,1.5,Underdog,W,U
2025,2025-09-06T22:00:00.000Z,Ryan Beard,Coastal Carolina,Missouri State,Marshall,Away,21,20,-1.5,-0.5,L,43.5,41,-2.5,U,7,17,5.0,-5.0,L,27.5,24,-3.5,U,14,3,3.5,14.5,W,24.5,17,-7.5,U,Coastal Carolina,coastal carolina,Ryan Beard,2025,-1.5,Favorite,L,U
2025,2025-09-06T22:00:00.000Z,Ricky Rahne,Old Dominion,Old Dominion,North Carolina Central,Home,54,6,-48.5,-0.5,L,61.5,60,-1.5,U,16,3,-15.5,-2.5,L,16.5,19,2.5,O,38,3,-35.5,-0.5,L,44.5,41,-3.5,U,Old Dominion,old dominion,Ricky Rahne,2025,-48.5,Favorite,L,U
2025,2025-09-06T23:00:00.000Z,Jeff Monken,Army,Army,Kansas St.,Away,24,21,-2.5,0.5,W,44.5,45,0.5,O,7,13,9.5,3.5,W,24.0,20,-4.0,U,17,8,6.5,15.5,W,22.5,25,2.5,O,Army,army,Jeff Monken,2025,-2.5,Favorite,W,O
2025,2025-09-06T23:00:00.000Z,Mario Cristobal,Miami-FL,Miami-FL,Bethune-Cookman,Home,45,3,-39.5,2.5,W,51.5,48,-3.5,U,28,3,-31.5,-6.5,L,30.5,31,0.5,O,17,0,-24.5,-7.5,L,28.5,17,-11.5,U,Miami-FL,miami-fl,Mario Cristobal,2025,-39.5,Favorite,W,U
2025,2025-09-06T23:00:00.000Z,Scott Abell,Rice,Rice,Houston,Home,9,35,27.5,1.5,W,38.5,44,5.5,O,3,7,7.0,3.0,W,19.5,10,-9.5,U,6,28,6.5,-15.5,L,17.5,34,16.5,O,Rice,rice,Scott Abell,2025,27.5,Underdog,W,O
2025,2025-09-06T23:00:00.000Z,Willie Fritz,Houston,Houston,Rice,Away,35,9,-27.5,-1.5,L,38.5,44,5.5,O,7,3,-7.0,-3.0,L,19.5,10,-9.5,U,28,6,-6.5,15.5,W,17.5,34,16.5,O,Houston,houston,Willie Fritz,2025,-27.5,Favorite,L,O
2025,2025-09-06T23:00:00.000Z,Chris Creighton,Eastern Michigan,Eastern Michigan,Long Island Univ,Home,23,28,-21.5,-26.5,L,54.5,51,-3.5,U,10,14,-11.5,-15.5,L,27.5,24,-3.5,U,13,14,-5.5,-6.5,L,20.5,27,6.5,O,Eastern Michigan,eastern michigan,Chris Creighton,2025,-21.5,Favorite,L,U
2025,2025-09-06T23:00:00.000Z,Dell McGee,Georgia State,Georgia State,Memphis,Home,16,38,14.5,-7.5,L,57.5,54,-3.5,U,16,17,7.5,6.5,W,27.5,33,5.5,O,0,21,6.5,-14.5,L,27.5,21,-6.5,U,Georgia State,georgia state,Dell McGee,2025,14.5,Underdog,L,U
2025,2025-09-06T23:00:00.000Z,Ryan Silverfield,Arkansas,Memphis,Georgia St.,Away,38,16,-14.5,7.5,W,57.5,54,-3.5,U,17,16,-7.5,-6.5,L,27.5,33,5.5,O,21,0,-6.5,14.5,W,27.5,21,-6.5,U,Arkansas,arkansas,Ryan Silverfield,2025,-14.5,Favorite,W,U
2025,2025-09-06T23:00:00.000Z,Shane Beamer,South Carolina,South Carolina,South Carolina St.,Home,38,10,-27.5,0.5,W,49.5,48,-1.5,U,17,3,-24.5,-10.5,L,13.5,20,6.5,O,21,7,-13.5,0.5,W,30.5,28,-2.5,U,South Carolina,south carolina,Shane Beamer,2025,-27.5,Favorite,W,U
2025,2025-09-06T23:00:00.000Z,Major Applewhite,South Alabama,South Alabama,Tulane,Home,31,33,1.5,-0.5,L,51.0,64,13.0,O,14,24,7.0,-3.0,L,26.0,38,12.0,O,17,9,7.5,15.5,W,24.0,26,2.0,O,South Alabama,south alabama,Major Applewhite,2025,1.5,Underdog,L,O
2025,2025-09-06T23:00:00.000Z,Jon Sumrall,Florida,Tulane,South Alabama,Away,33,31,-1.5,0.5,W,51.0,64,13.0,O,24,14,-7.0,3.0,W,26.0,38,12.0,O,9,17,-7.5,-15.5,L,24.0,26,2.0,O,Florida,florida,Jon Sumrall,2025,-1.5,Favorite,W,O
2025,2025-09-06T23:00:00.000Z,Jason Candle,Connecticut,Toledo,Western Kentucky,Home,45,21,-23.5,0.5,W,66.5,66,-0.5,U,31,7,-4.5,19.5,W,29.5,38,8.5,O,14,14,-3.5,-3.5,L,27.5,28,0.5,O,Connecticut,connecticut,Jason Candle,2025,-23.5,Favorite,W,U
2025,2025-09-06T23:00:00.000Z,Tyson Helton,Western Kentucky,Western Kentucky,Toledo,Away,21,45,23.5,-0.5,L,66.5,66,-0.5,U,7,31,4.5,-19.5,L,29.5,38,8.5,O,14,14,3.5,3.5,W,27.5,28,0.5,O,Western Kentucky,western kentucky,Tyson Helton,2025,23.5,Underdog,L,U
2025,2025-09-06T23:30:00.000Z,Matt Rhule,Nebraska,Nebraska,Akron,Home,68,0,-68.5,-0.5,L,68.5,68,-0.5,U,33,0,-20.0,13.0,W,26.5,33,6.5,O,35,0,-14.5,20.5,W,20.0,35,15.0,O,Nebraska,nebraska,Matt Rhule,2025,-68.5,Favorite,L,U
2025,2025-09-06T23:30:00.000Z,Joe Moorhead,Akron,Akron,Nebraska,Away,0,68,68.5,0.5,W,68.5,68,-0.5,U,0,33,20.0,-13.0,L,26.5,33,6.5,O,0,35,14.5,-20.5,L,20.0,35,15.0,O,Akron,akron,Joe Moorhead,2025,68.5,Underdog,W,U
2025,2025-09-06T23:30:00.000Z,Jeff Lebby,Mississippi State,Mississippi State,Arizona St.,Home,24,20,5.5,9.5,W,59.0,44,-15.0,U,17,3,3.5,17.5,W,28.5,20,-8.5,U,7,17,4.5,-5.5,L,27.5,24,-3.5,U,Mississippi State,mississippi state,Jeff Lebby,2025,5.5,Underdog,W,U
2025,2025-09-06T23:30:00.000Z,Kenny Dillingham,Arizona State,Arizona State,Mississippi St.,Away,20,24,-5.5,-9.5,L,59.0,44,-15.0,U,3,17,-3.5,-17.5,L,28.5,20,-8.5,U,17,7,-4.5,5.5,W,27.5,24,-3.5,U,Arizona State,arizona state,Kenny Dillingham,2025,-5.5,Favorite,L,U
2025,2025-09-06T23:30:00.000Z,Mike Uremovich,Ball State,Ball State,Auburn,Away,3,42,39.5,0.5,W,47.5,45,-2.5,U,0,21,27.0,6.0,W,31.0,21,-10.0,U,3,21,17.5,-0.5,L,21.5,24,2.5,O,Ball State,ball state,Mike Uremovich,2025,39.5,Underdog,W,U
2025,2025-09-06T23:30:00.000Z,Bill O'Brien,Boston College,Boston College,Michigan State,Away,40,42,4.5,2.5,W,45.5,82,36.5,O,21,14,2.5,9.5,W,23.5,35,11.5,O,19,28,3.0,-6.0,L,24.0,47,23.0,O,Boston College,boston college,Bill O'Brien,2025,4.5,Underdog,W,O
2025,2025-09-06T23:30:00.000Z,Lincoln Riley,USC,USC,Georgia Southern,Home,59,20,-38.5,0.5,W,79.5,79,-0.5,U,31,13,-17.5,0.5,W,33.5,44,10.5,O,28,7,-13.5,7.5,W,28.5,35,6.5,O,USC,usc,Lincoln Riley,2025,-38.5,Favorite,W,U
2025,2025-09-06T23:30:00.000Z,Clay Helton,Georgia Southern,Georgia Southern,USC,Away,20,59,38.5,-0.5,L,79.5,79,-0.5,U,13,31,17.5,-0.5,L,33.5,44,10.5,O,7,28,13.5,-7.5,L,28.5,35,6.5,O,Georgia Southern,georgia southern,Clay Helton,2025,38.5,Underdog,L,U
2025,2025-09-06T23:30:00.000Z,Sonny Cumbie,Louisiana Tech,Louisiana Tech,LSU Tigers,Away,7,23,13.5,-2.5,L,29.5,30,0.5,O,0,10,22.5,12.5,W,28.0,10,-18.0,U,7,13,14.0,8.0,W,21.0,20,-1.0,U,Louisiana Tech,louisiana tech,Sonny Cumbie,2025,13.5,Underdog,L,O
2025,2025-09-06T23:30:00.000Z,Brent Venables,Oklahoma,Oklahoma,Michigan,Home,24,13,-10.5,0.5,W,40.5,37,-3.5,U,14,0,-2.5,11.5,W,21.0,14,-7.0,U,10,13,-1.5,-4.5,L,20.5,23,2.5,O,Oklahoma,oklahoma,Brent Venables,2025,-10.5,Favorite,W,U
2025,2025-09-06T23:30:00.000Z,Tim Albin,Charlotte,Charlotte,North Carolina,Home,3,20,17.5,0.5,W,49.5,23,-26.5,U,3,17,8.0,-6.0,L,24.5,20,-4.5,U,0,3,7.0,4.0,W,21.5,3,-18.5,U,Charlotte,charlotte,Tim Albin,2025,17.5,Underdog,W,U
2025,2025-09-06T23:30:00.000Z,Bill Belichick,North Carolina,North Carolina,Charlotte,Away,20,3,-17.5,-0.5,L,49.5,23,-26.5,U,17,3,-8.0,6.0,W,24.5,20,-4.5,U,3,0,-7.0,-4.0,L,21.5,3,-18.5,U,North Carolina,north carolina,Bill Belichick,2025,-17.5,Favorite,L,U
2025,2025-09-06T23:30:00.000Z,Barry Odom,Purdue,Purdue,Southern Illinois,Home,34,17,-17.5,-0.5,L,51.5,51,-0.5,U,24,14,-6.5,3.5,W,37.5,38,0.5,O,10,3,-9.0,-2.0,L,23.5,13,-10.5,U,Purdue,purdue,Barry Odom,2025,-17.5,Favorite,L,U
2025,2025-09-06T23:30:00.000Z,Clark Lea,Vanderbilt,Vanderbilt,Virginia Tech,Away,44,20,-23.5,0.5,W,64.5,64,-0.5,U,10,20,0.5,-9.5,L,21.5,30,8.5,O,34,0,-2.5,31.5,W,24.0,34,10.0,O,Vanderbilt,vanderbilt,Clark Lea,2025,-23.5,Favorite,W,U
2025,2025-09-06T23:45:00.000Z,Kalen DeBoer,Alabama,Alabama,ULM,Home,73,0,-64.5,8.5,W,66.5,73,6.5,O,42,0,-21.0,21.0,W,41.5,42,0.5,O,31,0,-16.0,15.0,W,21.0,31,10.0,O,Alabama,alabama,Kalen DeBoer,2025,-64.5,Favorite,W,O
2025,2025-09-06T23:45:00.000Z,Bryant Vincent,UL-Monroe,UL-Monroe,Alabama,Away,0,73,64.5,-8.5,L,66.5,73,6.5,O,0,42,21.0,-21.0,L,41.5,42,0.5,O,0,31,16.0,-15.0,L,21.0,31,10.0,O,UL-Monroe,ul-monroe,Bryant Vincent,2025,64.5,Underdog,L,O
2025,2025-09-07T00:00:00.000Z,Scott Frost,Central Florida,Central Florida,North Carolina A&T,Home,68,7,-61.5,-0.5,L,69.5,75,5.5,O,40,0,-24.5,15.5,W,41.5,40,-1.5,U,28,7,-13.5,7.5,W,21.5,35,13.5,O,Central Florida,central florida,Scott Frost,2025,-61.5,Favorite,L,O
2025,2025-09-07T00:00:00.000Z,Dan Mullen,UNLV,UNLV,UCLA,Home,30,23,-6.5,0.5,W,53.5,53,-0.5,U,23,3,1.0,21.0,W,27.0,26,-1.0,U,7,20,2.5,-10.5,L,26.0,27,1.0,O,UNLV,unlv,Dan Mullen,2025,-6.5,Favorite,W,U
2025,2025-09-07T01:00:00.000Z,Scotty Walden,UTEP,UTEP,Tennessee-Martin,Home,42,17,-24.5,0.5,W,59.5,59,-0.5,U,28,7,-6.5,14.5,W,24.5,35,10.5,O,14,10,-3.5,0.5,W,26.5,24,-2.5,U,UTEP,utep,Scotty Walden,2025,-24.5,Favorite,W,U
2025,2025-09-11T23:30:00.000Z,Jake Dickert,Wake Forest,Wake Forest,NC State,Home,24,34,13.5,3.5,W,58.5,58,-0.5,U,24,17,4.0,11.0,W,26.5,41,14.5,O,0,17,7.0,-10.0,L,28.5,17,-11.5,U,Wake Forest,wake forest,Jake Dickert,2025,13.5,Underdog,W,U
2025,2025-09-11T23:30:00.000Z,Dave Doeren,NC State,NC State,Wake Forest,Away,34,24,-13.5,-3.5,L,58.5,58,-0.5,U,17,24,-4.0,-11.0,L,26.5,41,14.5,O,17,0,-7.0,10.0,W,28.5,17,-11.5,U,NC State,nc state,Dave Doeren,2025,-13.5,Favorite,L,U
2025,2025-09-12T22:30:00.000Z,Curt Cignetti,Indiana,Indiana,Indiana State,Home,73,0,-72.5,0.5,W,72.5,73,0.5,O,45,0,-44.5,0.5,W,44.5,45,0.5,O,28,0,-20.5,7.5,W,27.5,28,0.5,O,Indiana,indiana,Curt Cignetti,2025,-72.5,Favorite,W,O
2025,2025-09-12T23:00:00.000Z,Fran Brown,Syracuse,Syracuse,Colgate,Home,66,24,-41.5,0.5,W,90.5,90,-0.5,U,38,3,-21.5,13.5,W,35.5,41,5.5,O,28,21,-13.5,-6.5,L,28.5,49,20.5,O,Syracuse,syracuse,Fran Brown,2025,-41.5,Favorite,W,U
2025,2025-09-12T23:30:00.000Z,Willie Fritz,Houston,Houston,Colorado,Home,36,20,-10.5,5.5,W,45.5,56,10.5,O,16,14,-1.5,0.5,W,22.5,30,7.5,O,20,6,-2.5,11.5,W,23.5,26,2.5,O,Houston,houston,Willie Fritz,2025,-10.5,Favorite,W,O
2025,2025-09-12T23:30:00.000Z,Deion Sanders,Colorado,Colorado,Houston,Away,20,36,10.5,-5.5,L,45.5,56,10.5,O,14,16,1.5,-0.5,L,22.5,30,7.5,O,6,20,2.5,-11.5,L,23.5,26,2.5,O,Colorado,colorado,Deion Sanders,2025,10.5,Underdog,L,O
2025,2025-09-13T01:00:00.000Z,Brent Brennan,Arizona,Arizona,Kansas St.,Home,23,17,-5.5,0.5,W,42.5,40,-2.5,U,17,3,0.5,14.5,W,27.5,20,-7.5,U,6,14,0.5,-7.5,L,27.0,20,-7.0,U,Arizona,arizona,Brent Brennan,2025,-5.5,Favorite,W,U
2025,2025-09-13T02:00:00.000Z,Jason Eck,New Mexico,New Mexico,UCLA,Away,35,10,-18.5,6.5,W,44.5,45,0.5,O,14,7,8.5,15.5,W,27.0,21,-6.0,U,21,3,9.5,27.5,W,24.5,24,-0.5,U,New Mexico,new mexico,Jason Eck,2025,-18.5,Favorite,W,O
2025,2025-09-13T16:00:00.000Z,Mark Carney,Kent State,Kent State,Buffalo,Home,28,31,5.5,2.5,W,53.5,59,5.5,O,14,10,13.5,17.5,W,26.5,24,-2.5,U,14,21,10.5,3.5,W,21.5,35,13.5,O,Kent State,kent state,Mark Carney,2025,5.5,Underdog,W,O
2025,2025-09-13T16:00:00.000Z,Pete Lembo,Buffalo,Buffalo,Kent State,Away,31,28,-5.5,-2.5,L,53.5,59,5.5,O,10,14,-13.5,-17.5,L,26.5,24,-2.5,U,21,14,-10.5,-3.5,L,21.5,35,13.5,O,Buffalo,buffalo,Pete Lembo,2025,-5.5,Favorite,L,O
2025,2025-09-13T16:00:00.000Z,Matt Drinkall,Central Michigan,Central Michigan,Michigan,Away,3,63,60.5,0.5,W,66.5,66,-0.5,U,3,35,16.5,-15.5,L,23.5,38,14.5,O,0,28,28.5,0.5,W,28.5,28,-0.5,U,Central Michigan,central michigan,Matt Drinkall,2025,60.5,Underdog,W,U
2025,2025-09-13T16:00:00.000Z,Brent Key,Georgia Tech,Georgia Tech,Clemson,Home,24,21,-2.5,0.5,W,45.5,45,-0.5,U,13,7,1.5,7.5,W,19.5,20,0.5,O,11,14,3.0,0.0,P,24.5,25,0.5,O,Georgia Tech,georgia tech,Brent Key,2025,-2.5,Favorite,W,U
2025,2025-09-13T16:00:00.000Z,Dabo Swinney,Clemson,Clemson,Georgia Tech,Away,21,24,2.5,-0.5,L,45.5,45,-0.5,U,7,13,-1.5,-7.5,L,19.5,20,0.5,O,14,11,-3.0,0.0,P,24.5,25,0.5,O,Clemson,clemson,Dabo Swinney,2025,2.5,Underdog,L,U
2025,2025-09-13T16:00:00.000Z,Matt Rhule,Nebraska,Nebraska,Houston Christian,Home,59,7,-52.5,-0.5,L,66.5,66,-0.5,U,38,0,-38.5,-0.5,L,38.5,38,-0.5,U,21,7,-16.5,-2.5,L,30.5,28,-2.5,U,Nebraska,nebraska,Matt Rhule,2025,-52.5,Favorite,L,U
2025,2025-09-13T16:00:00.000Z,Gerad Parker,Troy,Troy,Memphis,Home,7,28,20.5,-0.5,L,35.5,35,-0.5,U,7,21,3.0,-11.0,L,24.5,28,3.5,O,0,7,2.5,-4.5,L,24.5,7,-17.5,U,Troy,troy,Gerad Parker,2025,20.5,Underdog,L,U
2025,2025-09-13T16:00:00.000Z,Ryan Silverfield,Arkansas,Memphis,Troy,Away,28,7,-20.5,0.5,W,35.5,35,-0.5,U,21,7,-3.0,11.0,W,24.5,28,3.5,O,7,0,-2.5,4.5,W,24.5,7,-17.5,U,Arkansas,arkansas,Ryan Silverfield,2025,-20.5,Favorite,W,U
2025,2025-09-13T16:00:00.000Z,Brent Venables,Oklahoma,Oklahoma,Temple,Away,42,3,-39.5,-0.5,L,50.5,45,-5.5,U,28,3,-14.5,10.5,W,26.5,31,4.5,O,14,0,-10.5,3.5,W,23.0,14,-9.0,U,Oklahoma,oklahoma,Brent Venables,2025,-39.5,Favorite,L,U
2025,2025-09-13T16:00:00.000Z,David Braun,Northwestern,Northwestern,Oregon,Home,14,34,20.5,0.5,W,41.5,48,6.5,O,0,17,12.5,-4.5,L,26.5,17,-9.5,U,14,17,10.0,7.0,W,21.5,31,9.5,O,Northwestern,northwestern,David Braun,2025,20.5,Underdog,W,O
2025,2025-09-13T16:00:00.000Z,Dan Lanning,Oregon,Oregon,Northwestern,Away,34,14,-20.5,-0.5,L,41.5,48,6.5,O,17,0,-12.5,4.5,W,26.5,17,-9.5,U,17,14,-10.0,-7.0,L,21.5,31,9.5,O,Oregon,oregon,Dan Lanning,2025,-20.5,Favorite,L,O
2025,2025-09-13T16:00:00.000Z,Dave Aranda,Baylor,Baylor,Samford,Home,42,7,-35.5,-0.5,L,65.5,49,-16.5,U,35,7,-29.5,-1.5,L,37.5,42,4.5,O,7,0,-21.5,-14.5,L,27.5,7,-20.5,U,Baylor,baylor,Dave Aranda,2025,-35.5,Favorite,L,U
2025,2025-09-13T16:00:00.000Z,Mike Locksley,Maryland,Maryland,Towson,Home,44,17,-27.5,-0.5,L,61.5,61,-0.5,U,34,0,-34.5,-0.5,L,37.5,34,-3.5,U,10,17,6.5,-0.5,L,27.5,27,-0.5,U,Maryland,maryland,Mike Locksley,2025,-27.5,Favorite,L,U
2025,2025-09-13T16:00:00.000Z,Tony Elliott,Virginia,Virginia,William & Mary,Home,55,16,-41.5,-2.5,L,52.5,71,18.5,O,42,7,-16.5,18.5,W,27.5,49,21.5,O,13,9,-14.0,-10.0,L,27.5,22,-5.5,U,Virginia,virginia,Tony Elliott,2025,-41.5,Favorite,L,O
2025,2025-09-13T16:00:00.000Z,Kalen DeBoer,Alabama,Alabama,Wisconsin,Home,38,14,-23.5,0.5,W,52.5,52,-0.5,U,21,0,-10.5,10.5,W,23.5,21,-2.5,U,17,14,-10.0,-7.0,L,20.5,31,10.5,O,Alabama,alabama,Kalen DeBoer,2025,-23.5,Favorite,W,U
2025,2025-09-13T16:00:00.000Z,Luke Fickell,Wisconsin,Wisconsin,Alabama,Away,14,38,23.5,-0.5,L,52.5,52,-0.5,U,0,21,10.5,-10.5,L,23.5,21,-2.5,U,14,17,10.0,7.0,W,20.5,31,10.5,O,Wisconsin,wisconsin,Luke Fickell,2025,23.5,Underdog,L,U
2025,2025-09-13T16:45:00.000Z,Major Applewhite,South Alabama,South Alabama,Auburn,Away,15,31,15.5,-0.5,L,56.5,46,-10.5,U,9,28,16.5,-2.5,L,30.5,37,6.5,O,6,3,10.0,13.0,W,26.5,9,-17.5,U,South Alabama,south alabama,Major Applewhite,2025,15.5,Underdog,L,U
2025,2025-09-13T17:00:00.000Z,Eli Drinkwitz,Missouri,Missouri,Lafayette,Home,52,10,-41.5,0.5,W,62.5,62,-0.5,U,38,10,-15.5,12.5,W,24.5,48,23.5,O,14,0,-13.0,1.0,W,21.5,14,-7.5,U,Missouri,missouri,Eli Drinkwitz,2025,-41.5,Favorite,W,U
2025,2025-09-13T18:00:00.000Z,Mike Uremovich,Ball State,Ball State,New Hampshire,Home,34,29,-3.5,1.5,W,63.5,63,-0.5,U,28,21,-6.5,0.5,W,41.5,49,7.5,O,6,8,-0.5,-2.5,L,21.5,14,-7.5,U,Ball State,ball state,Mike Uremovich,2025,-3.5,Favorite,W,U
2025,2025-09-13T19:00:00.000Z,Ryan Carty,Delaware,Delaware,Connecticut,Home,44,41,1.5,4.5,W,85.5,85,-0.5,U,28,24,4.5,8.5,W,26.5,52,25.5,O,16,17,6.5,5.5,W,27.5,33,5.5,O,Delaware,delaware,Ryan Carty,2025,1.5,Underdog,W,U
2025,2025-09-13T19:00:00.000Z,Jim Mora,Colorado State,Connecticut,Delaware,Away,41,44,-1.5,-4.5,L,85.5,85,-0.5,U,24,28,-4.5,-8.5,L,26.5,52,25.5,O,17,16,-6.5,-5.5,L,27.5,33,5.5,O,Colorado State,colorado state,Jim Mora,2025,-1.5,Favorite,L,U
2025,2025-09-13T19:30:00.000Z,Josh Heupel,Tennessee,Tennessee,Georgia B,Home,41,44,-5.5,-8.5,L,82.5,85,2.5,O,21,17,2.5,6.5,W,24.5,38,13.5,O,20,27,3.0,-4.0,L,27.5,47,19.5,O,Tennessee,tennessee,Josh Heupel,2025,-5.5,Favorite,L,O
2025,2025-09-13T19:30:00.000Z,Jeff Traylor,UTSA,UTSA,Incarnate Word,Home,48,20,-27.5,0.5,W,68.5,68,-0.5,U,24,0,-26.5,-2.5,L,30.5,24,-6.5,U,24,20,-10.5,-6.5,L,37.5,44,6.5,O,UTSA,utsa,Jeff Traylor,2025,-27.5,Favorite,W,U
2025,2025-09-13T19:30:00.000Z,Jason Candle,Connecticut,Toledo,Morgan State,Home,60,0,-60.5,-0.5,L,60.5,60,-0.5,U,46,0,-20.5,25.5,W,29.5,46,16.5,O,14,0,-14.5,-0.5,L,23.5,14,-9.5,U,Connecticut,connecticut,Jason Candle,2025,-60.5,Favorite,L,U
2025,2025-09-13T19:30:00.000Z,Greg Schiano,Rutgers,Rutgers,Norfolk St.,Home,60,10,-50.5,-0.5,L,70.5,70,-0.5,U,26,3,-23.5,-0.5,L,30.5,29,-1.5,U,34,7,-26.5,0.5,W,26.5,41,14.5,O,Rutgers,rutgers,Greg Schiano,2025,-50.5,Favorite,L,U
2025,2025-09-13T19:30:00.000Z,Scott Satterfield,Cincinnati,Cincinnati,Northwestern St.,Home,70,0,-69.5,0.5,W,69.5,70,0.5,O,56,0,-55.5,0.5,W,55.5,56,0.5,O,14,0,-20.5,-6.5,L,22.5,14,-8.5,U,Cincinnati,cincinnati,Scott Satterfield,2025,-69.5,Favorite,W,O
2025,2025-09-13T19:30:00.000Z,Joey McGuire,Texas Tech,Texas Tech,Oregon State,Home,45,14,-37.5,-6.5,L,52.5,59,6.5,O,28,0,-14.0,14.0,W,33.0,28,-5.0,U,17,14,-12.0,-9.0,L,27.5,31,3.5,O,Texas Tech,texas tech,Joey McGuire,2025,-37.5,Favorite,L,O
2025,2025-09-13T19:30:00.000Z,Rich Rodriguez,West Virginia,West Virginia,Pittsburgh,Home,31,24,7.5,14.5,W,54.5,55,0.5,O,7,3,4.5,8.5,W,27.5,10,-17.5,U,24,21,1.5,4.5,W,25.5,45,19.5,O,West Virginia,west virginia,Rich Rodriguez,2025,7.5,Underdog,W,O
2025,2025-09-13T19:30:00.000Z,Pat Narduzzi,Pittsburgh,Pittsburgh,West Virginia,Away,24,31,-7.5,-14.5,L,54.5,55,0.5,O,3,7,-4.5,-8.5,L,27.5,10,-17.5,U,21,24,-1.5,-4.5,L,25.5,45,19.5,O,Pittsburgh,pittsburgh,Pat Narduzzi,2025,-7.5,Favorite,L,O
2025,2025-09-13T19:30:00.000Z,Bill Belichick,North Carolina,North Carolina,Richmond,Home,41,6,-37.5,-2.5,L,46.5,47,0.5,O,20,3,-13.5,3.5,W,26.5,23,-3.5,U,21,3,-11.5,6.5,W,21.5,24,2.5,O,North Carolina,north carolina,Bill Belichick,2025,-37.5,Favorite,L,O
2025,2025-09-13T19:30:00.000Z,Ryan Beard,Coastal Carolina,Missouri State,SMU,Home,10,28,17.5,-0.5,L,38.5,38,-0.5,U,10,14,17.0,13.0,W,33.5,24,-9.5,U,0,14,13.5,-0.5,L,28.5,14,-14.5,U,Coastal Carolina,coastal carolina,Ryan Beard,2025,17.5,Underdog,L,U
2025,2025-09-13T19:30:00.000Z,Rhett Lashlee,SMU,SMU,Missouri State,Away,28,10,-17.5,0.5,W,38.5,38,-0.5,U,14,10,-17.0,-13.0,L,33.5,24,-9.5,U,14,0,-13.5,0.5,W,28.5,14,-14.5,U,SMU,smu,Rhett Lashlee,2025,-17.5,Favorite,W,U
2025,2025-09-13T19:30:00.000Z,Barry Odom,Purdue,Purdue,USC,Home,17,33,15.5,-0.5,L,59.5,50,-9.5,U,3,17,9.5,-4.5,L,30.5,20,-10.5,U,14,16,10.0,8.0,W,27.0,30,3.0,O,Purdue,purdue,Barry Odom,2025,15.5,Underdog,L,U
2025,2025-09-13T19:30:00.000Z,Lincoln Riley,USC,USC,Purdue,Away,33,17,-15.5,0.5,W,59.5,50,-9.5,U,17,3,-9.5,4.5,W,30.5,20,-10.5,U,16,14,-10.0,-8.0,L,27.0,30,3.0,O,USC,usc,Lincoln Riley,2025,-15.5,Favorite,W,U
2025,2025-09-13T19:30:00.000Z,James Franklin,Virginia Tech,Penn State,Villanova,Home,52,6,-51.5,-5.5,L,53.5,58,4.5,O,21,0,-28.5,-7.5,L,19.5,21,1.5,O,31,6,-21.5,3.5,W,26.5,37,10.5,O,Virginia Tech,virginia tech,James Franklin,2025,-51.5,Favorite,L,O
2025,2025-09-13T19:30:00.000Z,Eric Morris,Oklahoma State,North Texas,Washington St.,Home,59,10,-49.5,-0.5,L,69.5,69,-0.5,U,42,3,-3.5,35.5,W,28.5,45,16.5,O,17,7,-0.5,9.5,W,24.0,24,0.0,P,Oklahoma State,oklahoma state,Eric Morris,2025,-49.5,Favorite,L,U
2025,2025-09-13T19:30:00.000Z,Jimmy Rogers,Iowa State,Washington State,North Texas,Away,10,59,49.5,0.5,W,69.5,69,-0.5,U,3,42,3.5,-35.5,L,28.5,45,16.5,O,7,17,0.5,-9.5,L,24.0,24,0.0,P,Iowa State,iowa state,Jimmy Rogers,2025,49.5,Underdog,W,U
2025,2025-09-13T20:00:00.000Z,Butch Jones,Arkansas State,Arkansas State,Iowa State,Home,16,24,7.5,-0.5,L,56.0,40,-16.0,U,10,17,13.5,6.5,W,30.5,27,-3.5,U,6,7,8.5,7.5,W,26.5,13,-13.5,U,Arkansas State,arkansas state,Butch Jones,2025,7.5,Underdog,L,U
2025,2025-09-13T20:00:00.000Z,Matt Campbell,Penn State,Iowa State,Arkansas St.,Away,24,16,-7.5,0.5,W,56.0,40,-16.0,U,17,10,-13.5,-6.5,L,30.5,27,-3.5,U,7,6,-8.5,-7.5,L,26.5,13,-13.5,U,Penn State,penn state,Matt Campbell,2025,-7.5,Favorite,W,U
2025,2025-09-13T20:15:00.000Z,Steve Sarkisian,Texas,Texas,UTEP,Home,27,10,-18.5,-1.5,L,33.5,37,3.5,O,14,3,-9.5,1.5,W,10.5,17,6.5,O,13,7,-16.5,-10.5,L,22.5,20,-2.5,U,Texas,texas,Steve Sarkisian,2025,-18.5,Favorite,L,O
2025,2025-09-13T20:15:00.000Z,Scotty Walden,UTEP,UTEP,Texas,Away,10,27,18.5,1.5,W,33.5,37,3.5,O,3,14,9.5,-1.5,L,10.5,17,6.5,O,7,13,16.5,10.5,W,22.5,20,-2.5,U,UTEP,utep,Scotty Walden,2025,18.5,Underdog,W,O
2025,2025-09-13T20:30:00.000Z,Mario Cristobal,Miami-FL,Miami-FL,South Florida,Home,49,12,-34.5,2.5,W,54.5,61,6.5,O,28,6,-10.5,11.5,W,28.5,34,5.5,O,21,6,-7.0,8.0,W,24.5,27,2.5,O,Miami-FL,miami-fl,Mario Cristobal,2025,-34.5,Favorite,W,O
2025,2025-09-13T20:30:00.000Z,Alex Golesh,Auburn,South Florida,Miami Hurricanes,Away,12,49,34.5,-2.5,L,54.5,61,6.5,O,6,28,10.5,-11.5,L,28.5,34,5.5,O,6,21,7.0,-8.0,L,24.5,27,2.5,O,Auburn,auburn,Alex Golesh,2025,34.5,Underdog,L,O
2025,2025-09-13T21:00:00.000Z,Eddie George,Bowling Green,Bowling Green,Liberty Flames,Home,23,13,-9.5,0.5,W,33.5,36,2.5,O,10,0,-0.5,9.5,W,6.5,10,3.5,O,13,13,3.5,3.5,W,23.5,26,2.5,O,Bowling Green,bowling green,Eddie George,2025,-9.5,Favorite,W,O
2025,2025-09-13T21:00:00.000Z,Jamey Chadwell,Liberty,Liberty,Bowling Green,Away,13,23,9.5,-0.5,L,33.5,36,2.5,O,0,10,0.5,-9.5,L,6.5,10,3.5,O,13,13,-3.5,-3.5,L,23.5,26,2.5,O,Liberty,liberty,Jamey Chadwell,2025,9.5,Underdog,L,O
2025,2025-09-13T21:00:00.000Z,Jeff Choate,Nevada,Nevada,Middle Tennessee St.,Home,13,14,-1.5,-2.5,L,40.5,27,-13.5,U,13,0,-9.5,3.5,W,14.5,13,-1.5,U,0,14,-4.5,-18.5,L,22.5,14,-8.5,U,Nevada,nevada,Jeff Choate,2025,-1.5,Favorite,L,U
2025,2025-09-13T21:00:00.000Z,Derek Mason,Middle Tennessee,Middle Tennessee,Nevada,Away,14,13,1.5,2.5,W,40.5,27,-13.5,U,0,13,9.5,-3.5,L,14.5,13,-1.5,U,14,0,4.5,18.5,W,22.5,14,-8.5,U,Middle Tennessee,middle tennessee,Derek Mason,2025,1.5,Underdog,W,U
2025,2025-09-13T22:00:00.000Z,Jeff Lebby,Mississippi State,Mississippi State,Alcorn State,Home,63,0,-62.5,0.5,W,62.5,63,0.5,O,42,0,-25.5,16.5,W,31.5,42,10.5,O,21,0,-17.5,3.5,W,22.5,21,-1.5,U,Mississippi State,mississippi state,Jeff Lebby,2025,-62.5,Favorite,W,O
2025,2025-09-13T22:00:00.000Z,Tony Gibson,Marshall,Marshall,Eastern Kentucky,Home,38,7,-30.5,0.5,W,46.5,45,-1.5,U,31,0,-7.5,23.5,W,26.5,31,4.5,O,7,7,1.5,1.5,W,14.5,14,-0.5,U,Marshall,marshall,Tony Gibson,2025,-30.5,Favorite,W,U
2025,2025-09-13T22:00:00.000Z,Willie Simmons,Florida International,Florida International,Florida Atl.,Home,38,28,-2.5,7.5,W,56.5,66,9.5,O,17,21,-1.5,-5.5,L,27.5,38,10.5,O,21,7,-0.5,13.5,W,28.0,28,0.0,P,Florida International,florida international,Willie Simmons,2025,-2.5,Favorite,W,O
2025,2025-09-13T22:00:00.000Z,Zach Kittley,Florida Atlantic,Florida Atlantic,Florida Int.,Away,28,38,2.5,-7.5,L,56.5,66,9.5,O,21,17,1.5,5.5,W,27.5,38,10.5,O,7,21,0.5,-13.5,L,28.0,28,0.0,P,Florida Atlantic,florida atlantic,Zach Kittley,2025,2.5,Underdog,L,O
2025,2025-09-13T22:00:00.000Z,Jerry Mack,Kennesaw State,Kennesaw State,Merrimack Warriors,Home,27,13,-13.5,0.5,W,43.5,40,-3.5,U,7,0,-9.5,-2.5,L,9.5,7,-2.5,U,20,13,-5.5,1.5,W,36.5,33,-3.5,U,Kennesaw State,kennesaw state,Jerry Mack,2025,-13.5,Favorite,W,U
2025,2025-09-13T22:00:00.000Z,Tim Albin,Charlotte,Charlotte,Monmouth,Home,42,35,-5.5,1.5,W,45.5,77,31.5,O,7,14,7.5,0.5,W,24.5,21,-3.5,U,35,21,-7.5,6.5,W,48.5,56,7.5,O,Charlotte,charlotte,Tim Albin,2025,-5.5,Favorite,W,O
2025,2025-09-13T23:00:00.000Z,Charles Huff,Memphis,Southern Miss,Appalachian St.,Home,38,22,-17.5,-1.5,L,52.5,60,7.5,O,17,7,-9.5,0.5,W,29.5,24,-5.5,U,21,15,3.0,9.0,W,27.5,36,8.5,O,Memphis,memphis,Charles Huff,2025,-17.5,Favorite,L,O
2025,2025-09-13T23:00:00.000Z,Dowell Loggains,Appalachian State,Appalachian State,Southern Miss,Away,22,38,17.5,1.5,W,52.5,60,7.5,O,7,17,9.5,-0.5,L,29.5,24,-5.5,U,15,21,-3.0,-9.0,L,27.5,36,8.5,O,Appalachian State,appalachian state,Dowell Loggains,2025,17.5,Underdog,W,O
2025,2025-09-13T23:00:00.000Z,Lane Kiffin,LSU,Ole Miss,Arkansas,Home,41,35,-1.5,4.5,W,81.5,76,-5.5,U,31,28,-0.5,2.5,W,29.5,59,29.5,O,10,7,-2.5,0.5,W,33.5,17,-16.5,U,LSU,lsu,Lane Kiffin,2025,-1.5,Favorite,W,U
2025,2025-09-13T23:00:00.000Z,Clay Helton,Georgia Southern,Georgia Southern,Jacksonville State Gamecocks,Home,41,34,-6.5,0.5,W,78.5,75,-3.5,U,31,24,-14.5,-7.5,L,54.5,55,0.5,O,10,10,3.5,3.5,W,28.5,20,-8.5,U,Georgia Southern,georgia southern,Clay Helton,2025,-6.5,Favorite,W,U
2025,2025-09-13T23:00:00.000Z,Charles Kelly,Jacksonville State,Jacksonville State,Georgia Southern,Away,34,41,6.5,-0.5,L,78.5,75,-3.5,U,24,31,14.5,7.5,W,54.5,55,0.5,O,10,10,-3.5,-3.5,L,28.5,20,-8.5,U,Jacksonville State,jacksonville state,Charles Kelly,2025,6.5,Underdog,L,U
2025,2025-09-13T23:00:00.000Z,Dell McGee,Georgia State,Georgia State,Murray State,Home,37,21,-17.5,-1.5,L,56.5,58,1.5,O,23,7,-18.5,-2.5,L,27.5,30,2.5,O,14,14,-8.5,-8.5,L,25.5,28,2.5,O,Georgia State,georgia state,Dell McGee,2025,-17.5,Favorite,L,O
2025,2025-09-13T23:00:00.000Z,Ryan Day,Ohio State,Ohio State,Ohio,Home,37,9,-27.5,0.5,W,47.5,46,-1.5,U,13,3,-17.5,-7.5,L,28.5,16,-12.5,U,24,6,-18.5,-0.5,L,30.5,30,-0.5,U,Ohio State,ohio state,Ryan Day,2025,-27.5,Favorite,W,U
2025,2025-09-13T23:00:00.000Z,Ricky Rahne,Old Dominion,Old Dominion,Virginia Tech,Away,45,26,-19.5,-0.5,L,51.0,71,20.0,O,28,0,-17.5,10.5,W,24.5,28,3.5,O,17,26,2.5,-6.5,L,23.5,43,19.5,O,Old Dominion,old dominion,Ricky Rahne,2025,-19.5,Favorite,L,O
2025,2025-09-13T23:00:00.000Z,Scott Abell,Rice,Rice,Prairie View A&M,Home,38,17,-21.5,-0.5,L,50.5,55,4.5,O,24,7,-14.5,2.5,W,32.5,31,-1.5,U,14,10,-10.5,-6.5,L,21.5,24,2.5,O,Rice,rice,Scott Abell,2025,-21.5,Favorite,L,O
2025,2025-09-13T23:00:00.000Z,Bret Bielema,Illinois,Illinois,Western Michigan,Home,38,0,-37.5,0.5,W,40.5,38,-2.5,U,10,0,-16.5,-6.5,L,27.5,10,-17.5,U,28,0,-10.5,17.5,W,23.0,28,5.0,O,Illinois,illinois,Bret Bielema,2025,-37.5,Favorite,W,U
2025,2025-09-13T23:00:00.000Z,Lance Taylor,Western Michigan,Western Michigan,Illinois,Away,0,38,37.5,-0.5,L,40.5,38,-2.5,U,0,10,16.5,6.5,W,27.5,10,-17.5,U,0,28,10.5,-17.5,L,23.0,28,5.0,O,Western Michigan,western michigan,Lance Taylor,2025,37.5,Underdog,L,U
2025,2025-09-13T23:30:00.000Z,Blake Harrell,East Carolina,East Carolina,Coastal Carolina,Away,38,0,-40.5,-2.5,L,37.5,38,0.5,O,10,0,-14.5,-4.5,L,28.5,10,-18.5,U,28,0,-3.5,24.5,W,27.0,28,1.0,O,East Carolina,east carolina,Blake Harrell,2025,-40.5,Favorite,L,O
2025,2025-09-13T23:30:00.000Z,Chris Creighton,Eastern Michigan,Eastern Michigan,Kentucky,Away,23,48,26.5,1.5,W,64.5,71,6.5,O,16,28,14.5,2.5,W,24.5,44,19.5,O,7,20,11.5,-1.5,L,22.5,27,4.5,O,Eastern Michigan,eastern michigan,Chris Creighton,2025,26.5,Underdog,W,O
2025,2025-09-13T23:30:00.000Z,Billy Napier,James Madison,Florida,LSU Tigers,Away,10,20,10.5,0.5,W,32.5,30,-2.5,U,10,13,3.5,0.5,W,23.5,23,-0.5,U,0,7,1.5,-5.5,L,23.0,7,-16.0,U,James Madison,james madison,Billy Napier,2025,10.5,Underdog,W,U
2025,2025-09-13T23:30:00.000Z,Sonny Cumbie,Louisiana Tech,Louisiana Tech,New Mexico St.,Home,49,14,-35.5,-0.5,L,63.5,63,-0.5,U,27,14,-6.5,6.5,W,21.0,41,20.0,O,22,0,-22.5,-0.5,L,25.5,22,-3.5,U,Louisiana Tech,louisiana tech,Sonny Cumbie,2025,-35.5,Favorite,L,U
2025,2025-09-13T23:30:00.000Z,Tony Sanchez,New Mexico State,New Mexico State,Louisiana Tech,Away,14,49,35.5,0.5,W,63.5,63,-0.5,U,14,27,6.5,-6.5,L,21.0,41,20.0,O,0,22,22.5,0.5,W,25.5,22,-3.5,U,New Mexico State,new mexico state,Tony Sanchez,2025,35.5,Underdog,W,U
2025,2025-09-13T23:30:00.000Z,Marcus Freeman,Notre Dame,Notre Dame,Texas A&M,Home,40,41,-5.5,-6.5,L,75.5,81,5.5,O,24,28,-3.5,-7.5,L,24.0,52,28.0,O,16,13,-4.0,-1.0,L,27.0,29,2.0,O,Notre Dame,notre dame,Marcus Freeman,2025,-5.5,Favorite,L,O
2025,2025-09-13T23:30:00.000Z,Mike Elko,Texas A&M,Texas A&M,Notre Dame,Away,41,40,5.5,6.5,W,75.5,81,5.5,O,28,24,3.5,7.5,W,24.0,52,28.0,O,13,16,4.0,1.0,W,27.0,29,2.0,O,Texas A&M,texas a&m,Mike Elko,2025,5.5,Underdog,W,O
2025,2025-09-13T23:30:00.000Z,Kirk Ferentz,Iowa,Iowa,UMass,Home,47,7,-40.5,-0.5,L,57.5,54,-3.5,U,30,7,-20.5,2.5,W,24.5,37,12.5,O,17,0,-14.5,2.5,W,20.5,17,-3.5,U,Iowa,iowa,Kirk Ferentz,2025,-40.5,Favorite,L,U
2025,2025-09-13T23:30:00.000Z,Joe Harasymiak,Massachusetts,Massachusetts,Iowa,Away,7,47,40.5,0.5,W,57.5,54,-3.5,U,7,30,20.5,-2.5,L,24.5,37,12.5,O,0,17,14.5,-2.5,L,20.5,17,-3.5,U,Massachusetts,massachusetts,Joe Harasymiak,2025,40.5,Underdog,W,U
2025,2025-09-13T23:45:00.000Z,Shane Beamer,South Carolina,South Carolina,Vanderbilt,Home,7,31,18.5,-5.5,L,39.5,38,-1.5,U,7,14,-1.5,-8.5,L,24.0,21,-3.0,U,0,17,-2.5,-19.5,L,23.5,17,-6.5,U,South Carolina,south carolina,Shane Beamer,2025,18.5,Underdog,L,U
2025,2025-09-13T23:45:00.000Z,Clark Lea,Vanderbilt,Vanderbilt,South Carolina,Away,31,7,-18.5,5.5,W,39.5,38,-1.5,U,14,7,1.5,8.5,W,24.0,21,-3.0,U,17,0,2.5,19.5,W,23.5,17,-6.5,U,Vanderbilt,vanderbilt,Clark Lea,2025,-18.5,Favorite,W,U
2025,2025-09-14T00:00:00.000Z,Sonny Dykes,TCU,TCU,Abilene Christian,Home,42,21,-21.5,-0.5,L,63.5,63,-0.5,U,28,0,-28.5,-0.5,L,28.5,28,-0.5,U,14,21,6.5,-0.5,L,41.5,35,-6.5,U,TCU,tcu,Sonny Dykes,2025,-21.5,Favorite,L,U
2025,2025-09-14T00:00:00.000Z,Jon Sumrall,Florida,Tulane,Duke,Home,34,27,-5.5,1.5,W,56.5,61,4.5,O,24,9,-0.5,14.5,W,26.5,33,6.5,O,10,18,-0.5,-8.5,L,27.0,28,1.0,O,Florida,florida,Jon Sumrall,2025,-5.5,Favorite,W,O
2025,2025-09-14T00:00:00.000Z,Manny Diaz,Duke,Duke,Tulane,Away,27,34,5.5,-1.5,L,56.5,61,4.5,O,9,24,0.5,-14.5,L,26.5,33,6.5,O,18,10,0.5,8.5,W,27.0,28,1.0,O,Duke,duke,Manny Diaz,2025,5.5,Underdog,L,O
2025,2025-09-14T00:00:00.000Z,Tre Lamb,Tulsa,Tulsa,Navy,Home,23,42,16.5,-2.5,L,71.5,65,-6.5,U,17,21,7.5,3.5,W,27.0,38,11.0,O,6,21,6.5,-8.5,L,24.0,27,3.0,O,Tulsa,tulsa,Tre Lamb,2025,16.5,Underdog,L,U
2025,2025-09-14T00:00:00.000Z,Brian Newberry,Navy,Navy,Tulsa,Away,42,23,-16.5,2.5,W,71.5,65,-6.5,U,21,17,-7.5,-3.5,L,27.0,38,11.0,O,21,6,-6.5,8.5,W,24.0,27,3.0,O,Navy,navy,Brian Newberry,2025,-16.5,Favorite,W,U
2025,2025-09-14T00:00:00.000Z,Jay Sawvel,Wyoming,Wyoming,Utah,Home,6,31,17.5,-7.5,L,26.5,37,10.5,O,0,3,13.5,10.5,W,24.0,3,-21.0,U,6,28,12.5,-9.5,L,20.5,34,13.5,O,Wyoming,wyoming,Jay Sawvel,2025,17.5,Underdog,L,O
2025,2025-09-14T00:00:00.000Z,Kyle Whittingham,Michigan,Utah,Wyoming,Away,31,6,-17.5,7.5,W,26.5,37,10.5,O,3,0,-13.5,-10.5,L,24.0,3,-21.0,U,28,6,-12.5,9.5,W,20.5,34,13.5,O,Michigan,michigan,Kyle Whittingham,2025,-17.5,Favorite,W,O
2025,2025-09-14T00:30:00.000Z,Joe Moorhead,Akron,Akron,UAB,Away,28,31,2.5,-0.5,L,59.5,59,-0.5,U,20,31,9.5,-1.5,L,47.5,51,3.5,O,8,0,3.5,11.5,W,28.0,8,-20.0,U,Akron,akron,Joe Moorhead,2025,2.5,Underdog,L,U
2025,2025-09-14T01:45:00.000Z,Bronco Mendenhall,Utah State,Utah State,Air Force,Home,49,30,-18.5,0.5,W,66.5,79,12.5,O,14,10,-3.5,0.5,W,26.5,24,-2.5,U,35,20,1.5,16.5,W,24.5,55,30.5,O,Utah State,utah state,Bronco Mendenhall,2025,-18.5,Favorite,W,O
2025,2025-09-14T01:45:00.000Z,Troy Calhoun,Air Force,Air Force,Utah State,Away,30,49,18.5,-0.5,L,66.5,79,12.5,O,10,14,3.5,-0.5,L,26.5,24,-2.5,U,20,35,-1.5,-16.5,L,24.5,55,30.5,O,Air Force,air force,Troy Calhoun,2025,18.5,Underdog,L,O
2025,2025-09-14T02:00:00.000Z,Matt Entz,Fresno State,Fresno State,Southern,Home,56,7,-49.5,-0.5,L,64.5,63,-1.5,U,35,7,-21.5,6.5,W,28.5,42,13.5,O,21,0,-20.5,0.5,W,18.5,21,2.5,O,Fresno State,fresno state,Matt Entz,2025,-49.5,Favorite,L,U
2025,2025-09-14T02:30:00.000Z,Bill O'Brien,Boston College,Boston College,Stanford,Away,20,30,9.5,-0.5,L,52.5,50,-2.5,U,20,20,-7.5,-7.5,L,23.5,40,16.5,O,0,10,-7.5,-17.5,L,24.0,10,-14.0,U,Boston College,boston college,Bill O'Brien,2025,9.5,Underdog,L,U
2025,2025-09-14T02:30:00.000Z,Kenny Dillingham,Arizona State,Arizona State,Texas State,Home,34,15,-19.5,-0.5,L,50.5,49,-1.5,U,20,3,-10.0,7.0,W,31.0,23,-8.0,U,14,12,-8.5,-6.5,L,27.5,26,-1.5,U,Arizona State,arizona state,Kenny Dillingham,2025,-19.5,Favorite,L,U
2025,2025-09-14T04:00:00.000Z,Timmy Chang,Hawaii,Hawaii,Portland State,Home,23,3,-17.5,2.5,W,29.5,26,-3.5,U,14,0,-15.5,-1.5,L,16.5,14,-2.5,U,9,3,-14.5,-8.5,L,22.5,12,-10.5,U,Hawaii,hawaii,Timmy Chang,2025,-17.5,Favorite,W,U
2025,2025-09-18T23:30:00.000Z,Tim Albin,Charlotte,Charlotte,Rice,Home,17,28,8.5,-2.5,L,45.5,45,-0.5,U,9,14,-1.5,-6.5,L,20.5,23,2.5,O,8,14,0.5,-5.5,L,20.5,22,1.5,O,Charlotte,charlotte,Tim Albin,2025,8.5,Underdog,L,U
2025,2025-09-18T23:30:00.000Z,Scott Abell,Rice,Rice,Charlotte,Away,28,17,-8.5,2.5,W,45.5,45,-0.5,U,14,9,1.5,6.5,W,20.5,23,2.5,O,14,8,-0.5,5.5,W,20.5,22,1.5,O,Rice,rice,Scott Abell,2025,-8.5,Favorite,W,U
2025,2025-09-19T23:30:00.000Z,Tre Lamb,Tulsa,Tulsa,Oklahoma St.,Away,19,12,-4.5,2.5,W,35.5,31,-4.5,U,16,3,6.5,19.5,W,27.5,19,-8.5,U,3,9,3.5,-2.5,L,25.5,12,-13.5,U,Tulsa,tulsa,Tre Lamb,2025,-4.5,Favorite,W,U
2025,2025-09-20T16:00:00.000Z,Ryan Silverfield,Arkansas,Memphis,Arkansas,Home,32,31,4.5,5.5,W,66.5,63,-3.5,U,17,28,3.5,-7.5,L,38.5,45,6.5,O,15,3,3.0,15.0,W,29.5,18,-11.5,U,Arkansas,arkansas,Ryan Silverfield,2025,4.5,Underdog,W,U
2025,2025-09-20T16:00:00.000Z,Jeff Brohm,Louisville,Louisville,Bowling Green,Home,40,17,-23.5,-0.5,L,59.5,57,-2.5,U,21,3,-18.5,-0.5,L,27.5,24,-3.5,U,19,14,-12.5,-7.5,L,23.0,33,10.0,O,Louisville,louisville,Jeff Brohm,2025,-23.5,Favorite,L,U
2025,2025-09-20T16:00:00.000Z,Eddie George,Bowling Green,Bowling Green,Louisville,Away,17,40,23.5,0.5,W,59.5,57,-2.5,U,3,21,18.5,0.5,W,27.5,24,-3.5,U,14,19,12.5,7.5,W,23.0,33,10.0,O,Bowling Green,bowling green,Eddie George,2025,23.5,Underdog,W,U
2025,2025-09-20T16:00:00.000Z,Luke Fickell,Wisconsin,Wisconsin,Maryland,Home,10,27,23.5,6.5,W,32.5,37,4.5,O,0,20,-6.5,-26.5,L,22.5,20,-2.5,U,10,7,-4.5,-1.5,L,21.5,17,-4.5,U,Wisconsin,wisconsin,Luke Fickell,2025,23.5,Underdog,W,O
2025,2025-09-20T16:00:00.000Z,Mike Locksley,Maryland,Maryland,Wisconsin,Away,27,10,-23.5,-6.5,L,32.5,37,4.5,O,20,0,6.5,26.5,W,22.5,20,-2.5,U,7,10,4.5,1.5,W,21.5,17,-4.5,U,Maryland,maryland,Mike Locksley,2025,-23.5,Favorite,L,O
2025,2025-09-20T16:00:00.000Z,Jeff Monken,Army,Army,North Texas,Home,38,45,1.5,-5.5,L,85.5,83,-2.5,U,14,28,1.0,-13.0,L,24.5,42,17.5,O,24,17,-0.5,6.5,W,24.5,41,16.5,O,Army,army,Jeff Monken,2025,1.5,Underdog,L,U
2025,2025-09-20T16:00:00.000Z,Eric Morris,Oklahoma State,North Texas,Army,Away,45,38,-1.5,5.5,W,85.5,83,-2.5,U,28,14,-1.0,13.0,W,24.5,42,17.5,O,17,24,0.5,-6.5,L,24.5,41,16.5,O,Oklahoma State,oklahoma state,Eric Morris,2025,-1.5,Favorite,W,U
2025,2025-09-20T16:00:00.000Z,Sonny Dykes,TCU,TCU,SMU,Home,35,24,-6.5,4.5,W,62.5,59,-3.5,U,14,10,-2.5,1.5,W,32.5,24,-8.5,U,21,14,-3.5,3.5,W,29.5,35,5.5,O,TCU,tcu,Sonny Dykes,2025,-6.5,Favorite,W,U
2025,2025-09-20T16:00:00.000Z,Rhett Lashlee,SMU,SMU,TCU,Away,24,35,6.5,-4.5,L,62.5,59,-3.5,U,10,14,2.5,-1.5,L,32.5,24,-8.5,U,14,21,3.5,-3.5,L,29.5,35,5.5,O,SMU,smu,Rhett Lashlee,2025,6.5,Underdog,L,U
2025,2025-09-20T16:00:00.000Z,Alex Golesh,Auburn,South Florida,South Carolina St.,Home,63,14,-51.5,-2.5,L,77.5,77,-0.5,U,21,7,-20.5,-6.5,L,27.5,28,0.5,O,42,7,-35.5,-0.5,L,28.5,49,20.5,O,Auburn,auburn,Alex Golesh,2025,-51.5,Favorite,L,U
2025,2025-09-20T16:00:00.000Z,Dabo Swinney,Clemson,Clemson,Syracuse,Home,21,34,8.5,-4.5,L,55.5,55,-0.5,U,14,24,16.5,6.5,W,37.5,38,0.5,O,7,10,-8.5,-11.5,L,28.0,17,-11.0,U,Clemson,clemson,Dabo Swinney,2025,8.5,Underdog,L,U
2025,2025-09-20T16:00:00.000Z,Fran Brown,Syracuse,Syracuse,Clemson,Away,34,21,-8.5,4.5,W,55.5,55,-0.5,U,24,14,-16.5,-6.5,L,37.5,38,0.5,O,10,7,8.5,11.5,W,28.0,17,-11.0,U,Syracuse,syracuse,Fran Brown,2025,-8.5,Favorite,W,U
2025,2025-09-20T16:00:00.000Z,Kyle Whittingham,Michigan,Utah,Texas Tech,Home,10,34,-3.5,-27.5,L,36.5,44,7.5,O,3,10,6.5,-0.5,L,28.5,13,-15.5,U,7,24,-1.5,-18.5,L,24.5,31,6.5,O,Michigan,michigan,Kyle Whittingham,2025,-3.5,Favorite,L,O
2025,2025-09-20T16:00:00.000Z,Joey McGuire,Texas Tech,Texas Tech,Utah,Away,34,10,3.5,27.5,W,36.5,44,7.5,O,10,3,-6.5,0.5,W,28.5,13,-15.5,U,24,7,1.5,18.5,W,24.5,31,6.5,O,Texas Tech,texas tech,Joey McGuire,2025,3.5,Underdog,W,O
2025,2025-09-20T16:00:00.000Z,Chuck Martin,Miami-OH,Miami-OH,UNLV,Home,38,41,2.5,-0.5,L,83.5,79,-4.5,U,24,10,0.5,14.5,W,24.0,34,10.0,O,14,31,1.5,-15.5,L,24.5,45,20.5,O,Miami-OH,miami-oh,Chuck Martin,2025,2.5,Underdog,L,U
2025,2025-09-20T16:00:00.000Z,Dan Mullen,UNLV,UNLV,Miami Ohio,Away,41,38,-2.5,0.5,W,83.5,79,-4.5,U,10,24,-0.5,-14.5,L,24.0,34,10.0,O,31,14,-1.5,15.5,W,24.5,45,20.5,O,UNLV,unlv,Dan Mullen,2025,-2.5,Favorite,W,U
2025,2025-09-20T16:45:00.000Z,Josh Heupel,Tennessee,Tennessee,UAB,Home,56,24,-42.5,-10.5,L,80.5,80,-0.5,U,42,7,-25.5,9.5,W,38.5,49,10.5,O,14,17,-17.0,-20.0,L,27.5,31,3.5,O,Tennessee,tennessee,Josh Heupel,2025,-42.5,Favorite,L,U
2025,2025-09-20T17:00:00.000Z,Matt Drinkall,Central Michigan,Central Michigan,Wagner,Home,49,10,-39.5,-0.5,L,59.5,59,-0.5,U,35,3,-21.5,10.5,W,30.5,38,7.5,O,14,7,-7.5,-0.5,L,21.5,21,-0.5,U,Central Michigan,central michigan,Matt Drinkall,2025,-39.5,Favorite,L,U
2025,2025-09-20T19:00:00.000Z,Dan Lanning,Oregon,Oregon,Oregon State,Home,41,7,-34.5,-0.5,L,48.5,48,-0.5,U,21,7,-9.5,4.5,W,32.5,28,-4.5,U,20,0,-13.5,6.5,W,24.5,20,-4.5,U,Oregon,oregon,Dan Lanning,2025,-34.5,Favorite,L,U
2025,2025-09-20T19:30:00.000Z,Brent Venables,Oklahoma,Oklahoma,Auburn,Home,24,17,-5.5,1.5,W,38.5,41,2.5,O,10,10,-6.5,-6.5,L,23.5,20,-3.5,U,14,7,-3.5,3.5,W,24.5,21,-3.5,U,Oklahoma,oklahoma,Brent Venables,2025,-5.5,Favorite,W,O
2025,2025-09-20T19:30:00.000Z,Jim Mora,Colorado State,Connecticut,Ball State,Home,31,25,-9.5,-3.5,L,41.5,56,14.5,O,10,7,-11.5,-8.5,L,27.5,17,-10.5,U,21,18,-10.5,-7.5,L,23.5,39,15.5,O,Colorado State,colorado state,Jim Mora,2025,-9.5,Favorite,L,O
2025,2025-09-20T19:30:00.000Z,Mike Uremovich,Ball State,Ball State,Connecticut,Away,25,31,9.5,3.5,W,41.5,56,14.5,O,7,10,11.5,8.5,W,27.5,17,-10.5,U,18,21,10.5,7.5,W,23.5,39,15.5,O,Ball State,ball state,Mike Uremovich,2025,9.5,Underdog,W,O
2025,2025-09-20T19:30:00.000Z,Jamey Chadwell,Liberty,Liberty,James Madison,Home,13,31,8.0,-10.0,L,46.5,44,-2.5,U,10,10,6.5,6.5,W,23.5,20,-3.5,U,3,21,3.5,-14.5,L,21.5,24,2.5,O,Liberty,liberty,Jamey Chadwell,2025,8.0,Underdog,L,U
2025,2025-09-20T19:30:00.000Z,Bob Chesney,UCLA,James Madison,Liberty Flames,Away,31,13,-8.0,10.0,W,46.5,44,-2.5,U,10,10,-6.5,-6.5,L,23.5,20,-3.5,U,21,3,-3.5,14.5,W,21.5,24,2.5,O,UCLA,ucla,Bob Chesney,2025,-8.0,Favorite,W,U
2025,2025-09-20T19:30:00.000Z,Mike Norvell,Florida State,Florida State,Kent State,Home,66,10,-56.5,-0.5,L,76.5,76,-0.5,U,45,7,-27.5,10.5,W,32.5,52,19.5,O,21,3,-21.5,-3.5,L,24.5,24,-0.5,U,Florida State,florida state,Mike Norvell,2025,-56.5,Favorite,L,U
2025,2025-09-20T19:30:00.000Z,Mark Carney,Kent State,Kent State,Florida State,Away,10,66,56.5,0.5,W,76.5,76,-0.5,U,7,45,27.5,-10.5,L,32.5,52,19.5,O,3,21,21.5,3.5,W,24.5,24,-0.5,U,Kent State,kent state,Mark Carney,2025,56.5,Underdog,W,U
2025,2025-09-20T19:30:00.000Z,Chris Creighton,Eastern Michigan,Eastern Michigan,Lafayette,Home,34,31,-2.5,0.5,W,55.5,65,9.5,O,21,17,2.5,6.5,W,24.5,38,13.5,O,13,14,0.5,-0.5,L,25.5,27,1.5,O,Eastern Michigan,eastern michigan,Chris Creighton,2025,-2.5,Favorite,W,O
2025,2025-09-20T19:30:00.000Z,Matt Rhule,Nebraska,Nebraska,Michigan,Home,27,30,1.0,-2.0,L,47.5,57,9.5,O,17,17,1.5,1.5,W,23.5,34,10.5,O,10,13,0.5,-2.5,L,24.0,23,-1.0,U,Nebraska,nebraska,Matt Rhule,2025,1.0,Underdog,L,O
2025,2025-09-20T19:30:00.000Z,Scott Frost,Central Florida,Central Florida,North Carolina,Home,34,9,-24.5,0.5,W,42.5,43,0.5,O,20,3,-4.5,12.5,W,23.5,23,-0.5,U,14,6,-2.5,5.5,W,22.5,20,-2.5,U,Central Florida,central florida,Scott Frost,2025,-24.5,Favorite,W,O
2025,2025-09-20T19:30:00.000Z,Bill Belichick,North Carolina,North Carolina,UCF,Away,9,34,24.5,-0.5,L,42.5,43,0.5,O,3,20,4.5,-12.5,L,23.5,23,-0.5,U,6,14,2.5,-5.5,L,22.5,20,-2.5,U,North Carolina,north carolina,Bill Belichick,2025,24.5,Underdog,L,O
2025,2025-09-20T19:30:00.000Z,Marcus Freeman,Notre Dame,Notre Dame,Purdue,Home,56,30,-32.5,-6.5,L,81.5,86,4.5,O,35,23,-14.5,-2.5,L,27.5,58,30.5,O,21,7,-11.5,2.5,W,27.5,28,0.5,O,Notre Dame,notre dame,Marcus Freeman,2025,-32.5,Favorite,L,O
2025,2025-09-20T19:30:00.000Z,Barry Odom,Purdue,Purdue,Notre Dame,Away,30,56,32.5,6.5,W,81.5,86,4.5,O,23,35,14.5,2.5,W,27.5,58,30.5,O,7,21,11.5,-2.5,L,27.5,28,0.5,O,Purdue,purdue,Barry Odom,2025,32.5,Underdog,W,O
2025,2025-09-20T19:30:00.000Z,Lance Taylor,Western Michigan,Western Michigan,Toledo,Home,14,13,6.5,7.5,W,27.5,27,-0.5,U,0,3,7.0,4.0,W,25.5,3,-22.5,U,14,10,6.5,10.5,W,23.5,24,0.5,O,Western Michigan,western michigan,Lance Taylor,2025,6.5,Underdog,W,U
2025,2025-09-20T19:30:00.000Z,Jason Candle,Connecticut,Toledo,Western Michigan,Away,13,14,-6.5,-7.5,L,27.5,27,-0.5,U,3,0,-7.0,-4.0,L,25.5,3,-22.5,U,10,14,-6.5,-10.5,L,23.5,24,0.5,O,Connecticut,connecticut,Jason Candle,2025,-6.5,Favorite,L,U
2025,2025-09-20T19:30:00.000Z,Pete Lembo,Buffalo,Buffalo,Troy,Home,17,21,3.5,-0.5,L,31.5,38,6.5,O,7,0,-3.5,3.5,W,21.0,7,-14.0,U,10,21,-2.5,-13.5,L,20.5,31,10.5,O,Buffalo,buffalo,Pete Lembo,2025,3.5,Underdog,L,O
2025,2025-09-20T19:30:00.000Z,Gerad Parker,Troy,Troy,Buffalo,Away,21,17,-3.5,0.5,W,31.5,38,6.5,O,0,7,3.5,-3.5,L,21.0,7,-14.0,U,21,10,2.5,13.5,W,20.5,31,10.5,O,Troy,troy,Gerad Parker,2025,-3.5,Favorite,W,O
2025,2025-09-20T19:30:00.000Z,Lane Kiffin,LSU,Ole Miss,Tulane,Home,45,10,-26.5,8.5,W,55.5,55,-0.5,U,23,3,-7.0,13.0,W,31.0,26,-5.0,U,22,7,-5.5,9.5,W,30.5,29,-1.5,U,LSU,lsu,Lane Kiffin,2025,-26.5,Favorite,W,U
2025,2025-09-20T19:30:00.000Z,Jon Sumrall,Florida,Tulane,Ole Miss,Away,10,45,26.5,-8.5,L,55.5,55,-0.5,U,3,23,7.0,-13.0,L,31.0,26,-5.0,U,7,22,5.5,-9.5,L,30.5,29,-1.5,U,Florida,florida,Jon Sumrall,2025,26.5,Underdog,L,U
2025,2025-09-20T20:00:00.000Z,Manny Diaz,Duke,Duke,NC State,Home,45,33,-11.5,0.5,W,78.5,78,-0.5,U,21,20,-1.5,-0.5,L,28.0,41,13.0,O,24,13,-1.5,9.5,W,27.5,37,9.5,O,Duke,duke,Manny Diaz,2025,-11.5,Favorite,W,U
2025,2025-09-20T20:00:00.000Z,Dave Doeren,NC State,NC State,Duke,Away,33,45,11.5,-0.5,L,78.5,78,-0.5,U,20,21,1.5,0.5,W,28.0,41,13.0,O,13,24,1.5,-9.5,L,27.5,37,9.5,O,NC State,nc state,Dave Doeren,2025,11.5,Underdog,L,U
2025,2025-09-20T20:15:00.000Z,Jeff Lebby,Mississippi State,Mississippi State,Northern Illinois,Home,38,10,-28.5,-0.5,L,49.5,48,-1.5,U,14,10,-14.0,-10.0,L,26.5,24,-2.5,U,24,0,-10.5,13.5,W,23.5,24,0.5,O,Mississippi State,mississippi state,Jeff Lebby,2025,-28.5,Favorite,L,U
2025,2025-09-20T21:00:00.000Z,Ken Niumatalolo,San Jose State,San Jose State,Idaho,Home,31,28,-2.5,0.5,W,58.5,59,0.5,O,14,14,-7.5,-7.5,L,27.5,28,0.5,O,17,14,-1.5,1.5,W,22.5,31,8.5,O,San Jose State,san jose state,Ken Niumatalolo,2025,-2.5,Favorite,W,O
2025,2025-09-20T21:05:00.000Z,Brent Key,Georgia Tech,Georgia Tech,Temple,Home,45,24,-25.5,-4.5,L,58.5,69,10.5,O,21,7,-13.5,0.5,W,27.5,28,0.5,O,24,17,-10.5,-3.5,L,23.5,41,17.5,O,Georgia Tech,georgia tech,Brent Key,2025,-25.5,Favorite,L,O
2025,2025-09-20T22:00:00.000Z,Jerry Mack,Kennesaw State,Kennesaw State,Arkansas St.,Home,28,21,-6.5,0.5,W,49.5,49,-0.5,U,21,7,-20.5,-6.5,L,28.5,28,-0.5,U,7,14,3.5,-3.5,L,27.5,21,-6.5,U,Kennesaw State,kennesaw state,Jerry Mack,2025,-6.5,Favorite,W,U
2025,2025-09-20T22:00:00.000Z,Butch Jones,Arkansas State,Arkansas State,Kennesaw St.,Away,21,28,6.5,-0.5,L,49.5,49,-0.5,U,7,21,20.5,6.5,W,28.5,28,-0.5,U,14,7,-3.5,3.5,W,27.5,21,-6.5,U,Arkansas State,arkansas state,Butch Jones,2025,6.5,Underdog,L,U
2025,2025-09-20T22:00:00.000Z,Willie Simmons,Florida International,Florida International,Delaware,Home,16,38,15.5,-6.5,L,56.5,54,-2.5,U,7,24,9.5,-7.5,L,28.5,31,2.5,O,9,14,-3.5,-8.5,L,27.5,23,-4.5,U,Florida International,florida international,Willie Simmons,2025,15.5,Underdog,L,U
2025,2025-09-20T22:00:00.000Z,Ryan Carty,Delaware,Delaware,Florida Int.,Away,38,16,-15.5,6.5,W,56.5,54,-2.5,U,24,7,-9.5,7.5,W,28.5,31,2.5,O,14,9,3.5,8.5,W,27.5,23,-4.5,U,Delaware,delaware,Ryan Carty,2025,-15.5,Favorite,W,U
2025,2025-09-20T22:00:00.000Z,Joe Moorhead,Akron,Akron,Duquesne,Home,51,7,-43.5,0.5,W,58.5,58,-0.5,U,38,0,-30.5,7.5,W,37.5,38,0.5,O,13,7,-3.5,2.5,W,24.5,20,-4.5,U,Akron,akron,Joe Moorhead,2025,-43.5,Favorite,W,U
2025,2025-09-20T22:00:00.000Z,Lance Leipold,Kansas,Kansas,West Virginia,Home,41,10,-31.5,-0.5,L,52.5,51,-1.5,U,20,3,-7.0,10.0,W,27.5,23,-4.5,U,21,7,-13.5,0.5,W,31.5,28,-3.5,U,Kansas,kansas,Lance Leipold,2025,-31.5,Favorite,L,U
2025,2025-09-20T22:00:00.000Z,Rich Rodriguez,West Virginia,West Virginia,Kansas,Away,10,41,31.5,0.5,W,52.5,51,-1.5,U,3,20,7.0,-10.0,L,27.5,23,-4.5,U,7,21,13.5,-0.5,L,31.5,28,-3.5,U,West Virginia,west virginia,Rich Rodriguez,2025,31.5,Underdog,W,U
2025,2025-09-20T23:00:00.000Z,Troy Calhoun,Air Force,Air Force,Boise St,Home,37,49,11.5,-0.5,L,86.5,86,-0.5,U,14,21,9.5,2.5,W,39.5,35,-4.5,U,23,28,6.0,1.0,W,24.5,51,26.5,O,Air Force,air force,Troy Calhoun,2025,11.5,Underdog,L,U
2025,2025-09-20T23:00:00.000Z,Spencer Danielson,Boise State,Boise State,Air Force,Away,49,37,-11.5,0.5,W,86.5,86,-0.5,U,21,14,-9.5,-2.5,L,39.5,35,-4.5,U,28,23,-6.0,-1.0,L,24.5,51,26.5,O,Boise State,boise state,Spencer Danielson,2025,-11.5,Favorite,W,U
2025,2025-09-20T23:00:00.000Z,Major Applewhite,South Alabama,South Alabama,Coastal Carolina,Home,20,38,17.5,-0.5,L,51.5,58,6.5,O,14,7,-4.5,2.5,W,20.5,21,0.5,O,6,31,-7.0,-32.0,L,24.5,37,12.5,O,South Alabama,south alabama,Major Applewhite,2025,17.5,Underdog,L,O
2025,2025-09-20T23:00:00.000Z,Clay Helton,Georgia Southern,Georgia Southern,Maine,Home,45,17,-23.5,4.5,W,64.5,62,-2.5,U,17,14,-10.5,-7.5,L,30.5,31,0.5,O,28,3,-7.5,17.5,W,27.5,31,3.5,O,Georgia Southern,georgia southern,Clay Helton,2025,-23.5,Favorite,W,U
2025,2025-09-20T23:00:00.000Z,Derek Mason,Middle Tennessee,Middle Tennessee,Marshall,Home,28,42,14.5,0.5,W,72.5,70,-2.5,U,20,21,1.5,0.5,W,23.5,41,17.5,O,8,21,0.5,-12.5,L,23.5,29,5.5,O,Middle Tennessee,middle tennessee,Derek Mason,2025,14.5,Underdog,W,U
2025,2025-09-20T23:00:00.000Z,Tony Gibson,Marshall,Marshall,Middle Tennessee St.,Away,42,28,-14.5,-0.5,L,72.5,70,-2.5,U,21,20,-1.5,-0.5,L,23.5,41,17.5,O,21,8,-0.5,12.5,W,23.5,29,5.5,O,Marshall,marshall,Tony Gibson,2025,-14.5,Favorite,L,U
2025,2025-09-20T23:00:00.000Z,Charles Kelly,Jacksonville State,Jacksonville State,Murray State,Home,45,10,-34.5,0.5,W,55.5,55,-0.5,U,24,3,-13.5,7.5,W,20.5,27,6.5,O,21,7,-7.5,6.5,W,24.5,28,3.5,O,Jacksonville State,jacksonville state,Charles Kelly,2025,-34.5,Favorite,W,U
2025,2025-09-20T23:00:00.000Z,Tyson Helton,Western Kentucky,Western Kentucky,Nevada,Home,31,16,-6.5,8.5,W,36.5,47,10.5,O,3,10,6.5,-0.5,L,17.5,13,-4.5,U,28,6,-5.5,16.5,W,26.5,34,7.5,O,Western Kentucky,western kentucky,Tyson Helton,2025,-6.5,Favorite,W,O
2025,2025-09-20T23:00:00.000Z,Jeff Choate,Nevada,Nevada,Western Kentucky,Away,16,31,6.5,-8.5,L,36.5,47,10.5,O,10,3,-6.5,0.5,W,17.5,13,-4.5,U,6,28,5.5,-16.5,L,26.5,34,7.5,O,Nevada,nevada,Jeff Choate,2025,6.5,Underdog,L,O
2025,2025-09-20T23:00:00.000Z,Eli Drinkwitz,Missouri,Missouri,South Carolina,Home,29,20,-8.5,0.5,W,49.5,49,-0.5,U,12,14,-6.5,-8.5,L,24.0,26,2.0,O,17,6,-6.5,4.5,W,23.5,23,-0.5,U,Missouri,missouri,Eli Drinkwitz,2025,-8.5,Favorite,W,U
2025,2025-09-20T23:00:00.000Z,Shane Beamer,South Carolina,South Carolina,Missouri,Away,20,29,8.5,-0.5,L,49.5,49,-0.5,U,14,12,6.5,8.5,W,24.0,26,2.0,O,6,17,6.5,-4.5,L,23.5,23,-0.5,U,South Carolina,south carolina,Shane Beamer,2025,8.5,Underdog,L,U
2025,2025-09-20T23:00:00.000Z,Ryan Beard,Coastal Carolina,Missouri State,Tennessee-Martin,Home,42,10,-14.5,17.5,W,55.5,52,-3.5,U,35,0,-27.5,7.5,W,30.5,35,4.5,O,7,10,-9.5,-12.5,L,27.5,17,-10.5,U,Coastal Carolina,coastal carolina,Ryan Beard,2025,-14.5,Favorite,W,U
2025,2025-09-20T23:30:00.000Z,Dave Aranda,Baylor,Baylor,Arizona St.,Home,24,27,2.5,-0.5,L,60.5,51,-9.5,U,10,10,-3.5,-3.5,L,29.5,20,-9.5,U,14,17,0.5,-2.5,L,30.5,31,0.5,O,Baylor,baylor,Dave Aranda,2025,2.5,Underdog,L,U
2025,2025-09-20T23:30:00.000Z,Kenny Dillingham,Arizona State,Arizona State,Baylor,Away,27,24,-2.5,0.5,W,60.5,51,-9.5,U,10,10,3.5,3.5,W,29.5,20,-9.5,U,17,14,-0.5,2.5,W,30.5,31,0.5,O,Arizona State,arizona state,Kenny Dillingham,2025,-2.5,Favorite,W,U
2025,2025-09-20T23:30:00.000Z,Blake Harrell,East Carolina,East Carolina,BYU,Home,13,34,20.5,-0.5,L,43.5,47,3.5,O,3,13,5.5,-4.5,L,13.5,16,2.5,O,10,21,3.5,-7.5,L,23.5,31,7.5,O,East Carolina,east carolina,Blake Harrell,2025,20.5,Underdog,L,O
2025,2025-09-20T23:30:00.000Z,Kalani Sitake,BYU,BYU,East Carolina,Away,34,13,-20.5,0.5,W,43.5,47,3.5,O,13,3,-5.5,4.5,W,13.5,16,2.5,O,21,10,-3.5,7.5,W,23.5,31,7.5,O,BYU,byu,Kalani Sitake,2025,-20.5,Favorite,W,O
2025,2025-09-20T23:30:00.000Z,Mario Cristobal,Miami-FL,Miami-FL,Florida,Home,26,7,-17.5,1.5,W,26.5,33,6.5,O,13,0,-5.5,7.5,W,24.5,13,-11.5,U,13,7,-4.5,1.5,W,24.5,20,-4.5,U,Miami-FL,miami-fl,Mario Cristobal,2025,-17.5,Favorite,W,O
2025,2025-09-20T23:30:00.000Z,Billy Napier,James Madison,Florida,Miami Hurricanes,Away,7,26,17.5,-1.5,L,26.5,33,6.5,O,0,13,5.5,-7.5,L,24.5,13,-11.5,U,7,13,4.5,-1.5,L,24.5,20,-4.5,U,James Madison,james madison,Billy Napier,2025,17.5,Underdog,L,O
2025,2025-09-20T23:30:00.000Z,Curt Cignetti,Indiana,Indiana,Illinois,Home,63,10,-54.5,-1.5,L,75.5,73,-2.5,U,35,10,-3.5,21.5,W,25.5,45,19.5,O,28,0,-4.0,24.0,W,24.0,28,4.0,O,Indiana,indiana,Curt Cignetti,2025,-54.5,Favorite,L,U
2025,2025-09-20T23:30:00.000Z,Bret Bielema,Illinois,Illinois,Indiana,Away,10,63,54.5,1.5,W,75.5,73,-2.5,U,10,35,3.5,-21.5,L,25.5,45,19.5,O,0,28,4.0,-24.0,L,24.0,28,4.0,O,Illinois,illinois,Bret Bielema,2025,54.5,Underdog,W,U
2025,2025-09-20T23:30:00.000Z,Sonny Cumbie,Louisiana Tech,Louisiana Tech,Southern Miss,Home,30,20,-14.5,-4.5,L,49.5,50,0.5,O,30,10,-1.5,18.5,W,24.5,40,15.5,O,0,10,-0.5,-10.5,L,24.5,10,-14.5,U,Louisiana Tech,louisiana tech,Sonny Cumbie,2025,-14.5,Favorite,L,O
2025,2025-09-20T23:30:00.000Z,Charles Huff,Memphis,Southern Miss,Louisiana Tech,Away,20,30,14.5,4.5,W,49.5,50,0.5,O,10,30,1.5,-18.5,L,24.5,40,15.5,O,10,0,0.5,10.5,W,24.5,10,-14.5,U,Memphis,memphis,Charles Huff,2025,14.5,Underdog,W,O
2025,2025-09-20T23:30:00.000Z,Tony Elliott,Virginia,Virginia,Stanford,Home,48,20,-27.5,0.5,W,68.5,68,-0.5,U,28,14,-24.5,-10.5,L,41.5,42,0.5,O,20,6,-7.0,7.0,W,24.0,26,2.0,O,Virginia,virginia,Tony Elliott,2025,-27.5,Favorite,W,U
2025,2025-09-20T23:30:00.000Z,Jimmy Rogers,Iowa State,Washington State,Washington,Home,24,59,34.5,-0.5,L,82.5,83,0.5,O,10,24,11.5,-2.5,L,27.5,34,6.5,O,14,35,13.5,-7.5,L,48.5,49,0.5,O,Iowa State,iowa state,Jimmy Rogers,2025,34.5,Underdog,L,O
2025,2025-09-20T23:30:00.000Z,Jedd Fisch,Washington,Washington,Washington St.,Away,59,24,-34.5,0.5,W,82.5,83,0.5,O,24,10,-11.5,2.5,W,27.5,34,6.5,O,35,14,-13.5,7.5,W,48.5,49,0.5,O,Washington,washington,Jedd Fisch,2025,-34.5,Favorite,W,O
2025,2025-09-21T01:00:00.000Z,Scotty Walden,UTEP,UTEP,ULM,Home,25,31,6.5,0.5,W,58.5,56,-2.5,U,7,24,-3.5,-20.5,L,35.5,31,-4.5,U,18,7,-3.5,7.5,W,22.5,25,2.5,O,UTEP,utep,Scotty Walden,2025,6.5,Underdog,W,U
2025,2025-09-21T01:00:00.000Z,Bryant Vincent,UL-Monroe,UL-Monroe,UTEP,Away,31,25,-6.5,-0.5,L,58.5,56,-2.5,U,24,7,3.5,20.5,W,35.5,31,-4.5,U,7,18,3.5,-7.5,L,22.5,25,2.5,O,UL-Monroe,ul-monroe,Bryant Vincent,2025,-6.5,Favorite,L,U
2025,2025-09-21T01:30:00.000Z,Jeff Traylor,UTSA,UTSA,Colorado State,Away,17,16,-5.5,-4.5,L,58.5,33,-25.5,U,10,3,-3.0,4.0,W,16.5,13,-3.5,U,7,13,-3.0,-9.0,L,27.0,20,-7.0,U,UTSA,utsa,Jeff Traylor,2025,-5.5,Favorite,L,U
2025,2025-09-21T02:25:00.000Z,Deion Sanders,Colorado,Colorado,Wyoming,Home,37,20,-16.5,0.5,W,50.5,57,6.5,O,21,3,-7.0,11.0,W,23.5,24,0.5,O,16,17,-6.5,-7.5,L,22.5,33,10.5,O,Colorado,colorado,Deion Sanders,2025,-16.5,Favorite,W,O
2025,2025-09-21T02:25:00.000Z,Jay Sawvel,Wyoming,Wyoming,Colorado,Away,20,37,16.5,-0.5,L,50.5,57,6.5,O,3,21,7.0,-11.0,L,23.5,24,0.5,O,17,16,6.5,7.5,W,22.5,33,10.5,O,Wyoming,wyoming,Jay Sawvel,2025,16.5,Underdog,L,O
2025,2025-09-21T02:30:00.000Z,Sean Lewis,San Diego State,San Diego State,California,Home,34,0,-33.5,0.5,W,34.5,34,-0.5,U,13,0,7.0,20.0,W,24.0,13,-11.0,U,21,0,-20.5,0.5,W,21.5,21,-0.5,U,San Diego State,san diego state,Sean Lewis,2025,-33.5,Favorite,W,U
2025,2025-09-21T03:00:00.000Z,Lincoln Riley,USC,USC,Michigan State,Home,45,31,-12.5,1.5,W,69.5,76,6.5,O,24,10,-10.5,3.5,W,28.5,34,5.5,O,21,21,-7.5,-7.5,L,27.5,42,14.5,O,USC,usc,Lincoln Riley,2025,-12.5,Favorite,W,O
2025,2025-09-21T04:00:00.000Z,Timmy Chang,Hawaii,Hawaii,Fresno St.,Home,21,23,2.5,0.5,W,47.5,44,-3.5,U,9,7,1.5,3.5,W,23.5,16,-7.5,U,12,16,0.5,-3.5,L,23.5,28,4.5,O,Hawaii,hawaii,Timmy Chang,2025,2.5,Underdog,W,U
2025,2025-09-21T04:00:00.000Z,Matt Entz,Fresno State,Fresno State,Hawaii,Away,23,21,-2.5,-0.5,L,47.5,44,-3.5,U,7,9,-1.5,-3.5,L,23.5,16,-7.5,U,16,12,-0.5,3.5,W,23.5,28,4.5,O,Fresno State,fresno state,Matt Entz,2025,-2.5,Favorite,L,U
2025,2025-09-25T23:30:00.000Z,Blake Harrell,East Carolina,East Carolina,Army,Home,28,6,-21.5,0.5,W,34.5,34,-0.5,U,21,0,-3.0,18.0,W,25.5,21,-4.5,U,7,6,0.0,1.0,W,23.5,13,-10.5,U,East Carolina,east carolina,Blake Harrell,2025,-21.5,Favorite,W,U
2025,2025-09-25T23:30:00.000Z,Jeff Monken,Army,Army,East Carolina,Away,6,28,21.5,-0.5,L,34.5,34,-0.5,U,0,21,3.0,-18.0,L,25.5,21,-4.5,U,6,7,0.0,-1.0,L,23.5,13,-10.5,U,Army,army,Jeff Monken,2025,21.5,Underdog,L,U
2025,2025-09-26T23:00:00.000Z,Tony Elliott,Virginia,Virginia,Florida State,Home,46,38,1.5,9.5,W,84.5,84,-0.5,U,21,21,3.5,3.5,W,30.5,42,11.5,O,25,17,7.0,15.0,W,30.5,42,11.5,O,Virginia,virginia,Tony Elliott,2025,1.5,Underdog,W,U
2025,2025-09-26T23:00:00.000Z,Mike Norvell,Florida State,Florida State,Virginia,Away,38,46,-1.5,-9.5,L,84.5,84,-0.5,U,21,21,-3.5,-3.5,L,30.5,42,11.5,O,17,25,-7.0,-15.0,L,30.5,42,11.5,O,Florida State,florida state,Mike Norvell,2025,-1.5,Favorite,L,U
2025,2025-09-27T01:00:00.000Z,Kenny Dillingham,Arizona State,Arizona State,TCU,Home,27,24,-3.5,-0.5,L,50.5,51,0.5,O,14,17,-1.5,-4.5,L,27.5,31,3.5,O,13,7,-2.5,3.5,W,26.5,20,-6.5,U,Arizona State,arizona state,Kenny Dillingham,2025,-3.5,Favorite,L,O
2025,2025-09-27T01:00:00.000Z,Sonny Dykes,TCU,TCU,Arizona St.,Away,24,27,3.5,0.5,W,50.5,51,0.5,O,17,14,1.5,4.5,W,27.5,31,3.5,O,7,13,2.5,-3.5,L,26.5,20,-6.5,U,TCU,tcu,Sonny Dykes,2025,3.5,Underdog,W,O
2025,2025-09-27T02:35:00.000Z,Willie Fritz,Houston,Houston,Oregon State,Away,27,24,-5.5,-2.5,L,54.5,51,-3.5,U,10,14,-7.0,-11.0,L,24.0,24,0.0,P,17,10,-7.5,-0.5,L,23.0,27,4.0,O,Houston,houston,Willie Fritz,2025,-5.5,Favorite,L,U
2025,2025-09-27T16:00:00.000Z,Eddie George,Bowling Green,Bowling Green,Ohio,Away,20,35,15.5,0.5,W,55.5,55,-0.5,U,13,21,4.5,-3.5,L,24.5,34,9.5,O,7,14,3.5,-3.5,L,24.5,21,-3.5,U,Bowling Green,bowling green,Eddie George,2025,15.5,Underdog,W,U
2025,2025-09-27T16:00:00.000Z,Lance Leipold,Kansas,Kansas,Cincinnati,Home,34,37,-5.5,-8.5,L,55.5,71,15.5,O,13,20,-1.5,-8.5,L,27.5,33,5.5,O,21,17,-3.5,0.5,W,28.5,38,9.5,O,Kansas,kansas,Lance Leipold,2025,-5.5,Favorite,L,O
2025,2025-09-27T16:00:00.000Z,Scott Satterfield,Cincinnati,Cincinnati,Kansas,Away,37,34,5.5,8.5,W,55.5,71,15.5,O,20,13,1.5,8.5,W,27.5,33,5.5,O,17,21,3.5,-0.5,L,28.5,38,9.5,O,Cincinnati,cincinnati,Scott Satterfield,2025,5.5,Underdog,W,O
2025,2025-09-27T16:00:00.000Z,Fran Brown,Syracuse,Syracuse,Duke,Home,3,38,34.5,-0.5,L,60.0,41,-19.0,U,3,24,2.5,-18.5,L,30.5,27,-3.5,U,0,14,2.5,-11.5,L,29.5,14,-15.5,U,Syracuse,syracuse,Fran Brown,2025,34.5,Underdog,L,U
2025,2025-09-27T16:00:00.000Z,Manny Diaz,Duke,Duke,Syracuse,Away,38,3,-34.5,0.5,W,60.0,41,-19.0,U,24,3,-2.5,18.5,W,30.5,27,-3.5,U,14,0,-2.5,11.5,W,29.5,14,-15.5,U,Duke,duke,Manny Diaz,2025,-34.5,Favorite,W,U
2025,2025-09-27T16:00:00.000Z,Jake Dickert,Wake Forest,Wake Forest,Georgia Tech,Home,29,30,-1.5,-2.5,L,67.5,59,-8.5,U,17,3,8.5,22.5,W,27.5,20,-7.5,U,12,27,4.5,-10.5,L,23.5,39,15.5,O,Wake Forest,wake forest,Jake Dickert,2025,-1.5,Favorite,L,U
2025,2025-09-27T16:00:00.000Z,Brent Key,Georgia Tech,Georgia Tech,Wake Forest,Away,30,29,1.5,2.5,W,67.5,59,-8.5,U,3,17,-8.5,-22.5,L,27.5,20,-7.5,U,27,12,-4.5,10.5,W,23.5,39,15.5,O,Georgia Tech,georgia tech,Brent Key,2025,1.5,Underdog,W,U
2025,2025-09-27T16:00:00.000Z,Pat Narduzzi,Pittsburgh,Pittsburgh,Louisville,Home,27,34,7.5,0.5,W,68.5,61,-7.5,U,27,17,1.5,11.5,W,27.5,44,16.5,O,0,17,3.0,-14.0,L,27.0,17,-10.0,U,Pittsburgh,pittsburgh,Pat Narduzzi,2025,7.5,Underdog,W,U
2025,2025-09-27T16:00:00.000Z,Jeff Brohm,Louisville,Louisville,Pittsburgh,Away,34,27,-7.5,-0.5,L,68.5,61,-7.5,U,17,27,-1.5,-11.5,L,27.5,44,16.5,O,17,0,-3.0,14.0,W,27.0,17,-10.0,U,Louisville,louisville,Jeff Brohm,2025,-7.5,Favorite,L,U
2025,2025-09-27T16:00:00.000Z,Marcus Freeman,Notre Dame,Notre Dame,Arkansas,Away,56,13,-43.5,-0.5,L,69.5,69,-0.5,U,42,13,-1.5,27.5,W,31.5,55,23.5,O,14,0,-3.5,10.5,W,31.5,14,-17.5,U,Notre Dame,notre dame,Marcus Freeman,2025,-43.5,Favorite,L,U
2025,2025-09-27T16:00:00.000Z,Greg Schiano,Rutgers,Rutgers,Minnesota,Away,28,31,2.5,-0.5,L,59.5,59,-0.5,U,21,14,0.5,7.5,W,24.5,35,10.5,O,7,17,3.0,-7.0,L,26.5,24,-2.5,U,Rutgers,rutgers,Greg Schiano,2025,2.5,Underdog,L,U
2025,2025-09-27T16:00:00.000Z,Eric Morris,Oklahoma State,North Texas,South Alabama,Home,36,22,-14.5,-0.5,L,56.5,58,1.5,O,14,7,-7.5,-0.5,L,27.5,21,-6.5,U,22,15,-6.5,0.5,W,30.0,37,7.0,O,Oklahoma State,oklahoma state,Eric Morris,2025,-14.5,Favorite,L,O
2025,2025-09-27T16:00:00.000Z,Major Applewhite,South Alabama,South Alabama,North Texas,Away,22,36,14.5,0.5,W,56.5,58,1.5,O,7,14,7.5,0.5,W,27.5,21,-6.5,U,15,22,6.5,-0.5,L,30.0,37,7.0,O,South Alabama,south alabama,Major Applewhite,2025,14.5,Underdog,W,O
2025,2025-09-27T16:00:00.000Z,Scott Frost,Central Florida,Central Florida,Kansas St.,Away,20,34,16.5,2.5,W,56.5,54,-2.5,U,7,17,3.5,-6.5,L,24.0,24,0.0,P,13,17,2.5,-1.5,L,23.0,30,7.0,O,Central Florida,central florida,Scott Frost,2025,16.5,Underdog,W,U
2025,2025-09-27T16:00:00.000Z,Bret Bielema,Illinois,Illinois,USC,Home,34,32,-1.5,0.5,W,62.5,66,3.5,O,14,10,3.5,7.5,W,30.5,24,-6.5,U,20,22,5.0,3.0,W,30.5,42,11.5,O,Illinois,illinois,Bret Bielema,2025,-1.5,Favorite,W,O
2025,2025-09-27T16:00:00.000Z,Lincoln Riley,USC,USC,Illinois,Away,32,34,1.5,-0.5,L,62.5,66,3.5,O,10,14,-3.5,-7.5,L,30.5,24,-6.5,U,22,20,-5.0,-3.0,L,30.5,42,11.5,O,USC,usc,Lincoln Riley,2025,1.5,Underdog,L,O
2025,2025-09-27T16:45:00.000Z,Clark Lea,Vanderbilt,Vanderbilt,Utah State,Home,55,35,-24.5,-4.5,L,83.5,90,6.5,O,31,21,-13.5,-3.5,L,30.5,52,21.5,O,24,14,-11.0,-1.0,L,27.5,38,10.5,O,Vanderbilt,vanderbilt,Clark Lea,2025,-24.5,Favorite,L,O
2025,2025-09-27T16:45:00.000Z,Bronco Mendenhall,Utah State,Utah State,Vanderbilt,Away,35,55,24.5,4.5,W,83.5,90,6.5,O,21,31,13.5,3.5,W,30.5,52,21.5,O,14,24,11.0,1.0,W,27.5,38,10.5,O,Utah State,utah state,Bronco Mendenhall,2025,24.5,Underdog,W,O
2025,2025-09-27T17:00:00.000Z,Matt Drinkall,Central Michigan,Central Michigan,Eastern Michigan,Home,24,13,-11.5,-0.5,L,37.5,37,-0.5,U,21,6,-2.5,12.5,W,27.0,27,0.0,P,3,7,2.5,-1.5,L,24.0,10,-14.0,U,Central Michigan,central michigan,Matt Drinkall,2025,-11.5,Favorite,L,U
2025,2025-09-27T17:00:00.000Z,Chris Creighton,Eastern Michigan,Eastern Michigan,Central Michigan,Away,13,24,11.5,0.5,W,37.5,37,-0.5,U,6,21,2.5,-12.5,L,27.0,27,0.0,P,7,3,-2.5,1.5,W,24.0,10,-14.0,U,Eastern Michigan,eastern michigan,Chris Creighton,2025,11.5,Underdog,W,U
2025,2025-09-27T17:30:00.000Z,Bob Chesney,UCLA,James Madison,Georgia Southern,Home,35,10,-25.5,-0.5,L,45.5,45,-0.5,U,21,3,-8.5,9.5,W,27.5,24,-3.5,U,14,7,-7.5,-0.5,L,23.5,21,-2.5,U,UCLA,ucla,Bob Chesney,2025,-25.5,Favorite,L,U
2025,2025-09-27T17:30:00.000Z,Clay Helton,Georgia Southern,Georgia Southern,James Madison,Away,10,35,25.5,0.5,W,45.5,45,-0.5,U,3,21,8.5,-9.5,L,27.5,24,-3.5,U,7,14,7.5,0.5,W,23.5,21,-2.5,U,Georgia Southern,georgia southern,Clay Helton,2025,25.5,Underdog,W,U
2025,2025-09-27T19:00:00.000Z,Bryant Vincent,UL-Monroe,UL-Monroe,Arkansas St.,Home,28,16,-11.5,0.5,W,44.5,44,-0.5,U,14,10,3.5,7.5,W,27.5,24,-3.5,U,14,6,0.5,8.5,W,24.5,20,-4.5,U,UL-Monroe,ul-monroe,Bryant Vincent,2025,-11.5,Favorite,W,U
2025,2025-09-27T19:00:00.000Z,Butch Jones,Arkansas State,Arkansas State,ULM,Away,16,28,11.5,-0.5,L,44.5,44,-0.5,U,10,14,-3.5,-7.5,L,27.5,24,-3.5,U,6,14,-0.5,-8.5,L,24.5,20,-4.5,U,Arkansas State,arkansas state,Butch Jones,2025,11.5,Underdog,L,U
2025,2025-09-27T19:30:00.000Z,Jason Candle,Connecticut,Toledo,Akron,Home,45,3,-43.5,-1.5,L,50.0,48,-2.0,U,35,3,-13.5,18.5,W,26.5,38,11.5,O,10,0,-8.5,1.5,W,23.5,10,-13.5,U,Connecticut,connecticut,Jason Candle,2025,-43.5,Favorite,L,U
2025,2025-09-27T19:30:00.000Z,Joe Moorhead,Akron,Akron,Toledo,Away,3,45,43.5,1.5,W,50.0,48,-2.0,U,3,35,13.5,-18.5,L,26.5,38,11.5,O,0,10,8.5,-1.5,L,23.5,10,-13.5,U,Akron,akron,Joe Moorhead,2025,43.5,Underdog,W,U
2025,2025-09-27T19:30:00.000Z,Mike Elko,Texas A&M,Texas A&M,Auburn,Home,16,10,-5.5,0.5,W,26.5,26,-0.5,U,13,3,-3.5,6.5,W,25.5,16,-9.5,U,3,7,-3.0,-7.0,L,23.5,10,-13.5,U,Texas A&M,texas a&m,Mike Elko,2025,-5.5,Favorite,W,U
2025,2025-09-27T19:30:00.000Z,Dave Aranda,Baylor,Baylor,Oklahoma St.,Away,45,27,-18.5,-0.5,L,78.5,72,-6.5,U,28,20,-10.5,-2.5,L,30.5,48,17.5,O,17,7,-9.5,0.5,W,27.5,24,-3.5,U,Baylor,baylor,Dave Aranda,2025,-18.5,Favorite,L,U
2025,2025-09-27T19:30:00.000Z,Bill O'Brien,Boston College,Boston College,California,Home,24,28,-1.5,-5.5,L,47.5,52,4.5,O,17,14,-3.5,-0.5,L,26.5,31,4.5,O,7,14,-2.5,-9.5,L,24.5,21,-3.5,U,Boston College,boston college,Bill O'Brien,2025,-1.5,Favorite,L,O
2025,2025-09-27T19:30:00.000Z,Pete Lembo,Buffalo,Buffalo,Connecticut,Home,17,20,2.5,-0.5,L,37.5,37,-0.5,U,7,7,1.5,1.5,W,24.5,14,-10.5,U,10,13,3.0,0.0,P,23.5,23,-0.5,U,Buffalo,buffalo,Pete Lembo,2025,2.5,Underdog,L,U
2025,2025-09-27T19:30:00.000Z,Jim Mora,Colorado State,Connecticut,Buffalo,Away,20,17,-2.5,0.5,W,37.5,37,-0.5,U,7,7,-1.5,-1.5,L,24.5,14,-10.5,U,13,10,-3.0,0.0,P,23.5,23,-0.5,U,Colorado State,colorado state,Jim Mora,2025,-2.5,Favorite,W,U
2025,2025-09-27T19:30:00.000Z,Kirk Ferentz,Iowa,Iowa,Indiana,Home,15,20,6.5,1.5,W,33.5,35,1.5,O,10,10,3.5,3.5,W,23.5,20,-3.5,U,5,10,6.0,1.0,W,23.0,15,-8.0,U,Iowa,iowa,Kirk Ferentz,2025,6.5,Underdog,W,O
2025,2025-09-27T19:30:00.000Z,Curt Cignetti,Indiana,Indiana,Iowa,Away,20,15,-6.5,-1.5,L,33.5,35,1.5,O,10,10,-3.5,-3.5,L,23.5,20,-3.5,U,10,5,-6.0,-1.0,L,23.0,15,-8.0,U,Indiana,indiana,Curt Cignetti,2025,-6.5,Favorite,L,O
2025,2025-09-27T19:30:00.000Z,Lane Kiffin,LSU,Ole Miss,LSU Tigers,Home,24,19,-5.5,-0.5,L,43.5,43,-0.5,U,17,7,-2.5,7.5,W,28.5,24,-4.5,U,7,12,2.5,-2.5,L,27.5,19,-8.5,U,LSU,lsu,Lane Kiffin,2025,-5.5,Favorite,L,U
2025,2025-09-27T19:30:00.000Z,Jedd Fisch,Washington,Washington,Ohio State,Home,6,24,16.5,-1.5,L,30.5,30,-0.5,U,3,7,5.5,1.5,W,26.5,10,-16.5,U,3,17,5.0,-9.0,L,25.5,20,-5.5,U,Washington,washington,Jedd Fisch,2025,16.5,Underdog,L,U
2025,2025-09-27T19:30:00.000Z,Ryan Day,Ohio State,Ohio State,Washington,Away,24,6,-16.5,1.5,W,30.5,30,-0.5,U,7,3,-5.5,-1.5,L,26.5,10,-16.5,U,17,3,-5.0,9.0,W,25.5,20,-5.5,U,Ohio State,ohio state,Ryan Day,2025,-16.5,Favorite,W,U
2025,2025-09-27T19:30:00.000Z,Brian Newberry,Navy,Navy,Rice,Home,21,13,-10.5,-2.5,L,31.5,34,2.5,O,14,0,-7.5,6.5,W,23.5,14,-9.5,U,7,13,-7.5,-13.5,L,20.0,20,0.0,P,Navy,navy,Brian Newberry,2025,-10.5,Favorite,L,O
2025,2025-09-27T19:30:00.000Z,Scott Abell,Rice,Rice,Navy,Away,13,21,10.5,2.5,W,31.5,34,2.5,O,0,14,7.5,-6.5,L,23.5,14,-9.5,U,13,7,7.5,13.5,W,20.0,20,0.0,P,Rice,rice,Scott Abell,2025,10.5,Underdog,W,O
2025,2025-09-27T19:30:00.000Z,Sean Lewis,San Diego State,San Diego State,Northern Illinois,Away,6,3,-3.5,-0.5,L,12.5,9,-3.5,U,3,3,-0.5,-0.5,L,20.5,6,-14.5,U,3,0,-2.5,0.5,W,19.5,3,-16.5,U,San Diego State,san diego state,Sean Lewis,2025,-3.5,Favorite,L,U
2025,2025-09-27T19:30:00.000Z,David Braun,Northwestern,Northwestern,UCLA,Home,17,14,-2.5,0.5,W,31.5,31,-0.5,U,17,3,-3.5,10.5,W,16.5,20,3.5,O,0,11,-3.0,-14.0,L,21.5,11,-10.5,U,Northwestern,northwestern,David Braun,2025,-2.5,Favorite,W,U
2025,2025-09-27T19:30:00.000Z,Rich Rodriguez,West Virginia,West Virginia,Utah,Home,14,48,30.5,-3.5,L,61.5,62,0.5,O,0,28,21.5,-6.5,L,23.5,28,4.5,O,14,20,7.0,1.0,W,21.0,34,13.0,O,West Virginia,west virginia,Rich Rodriguez,2025,30.5,Underdog,L,O
2025,2025-09-27T19:30:00.000Z,Kyle Whittingham,Michigan,Utah,West Virginia,Away,48,14,-30.5,3.5,W,61.5,62,0.5,O,28,0,-21.5,6.5,W,23.5,28,4.5,O,20,14,-7.0,-1.0,L,21.0,34,13.0,O,Michigan,michigan,Kyle Whittingham,2025,-30.5,Favorite,W,O
2025,2025-09-27T20:00:00.000Z,Troy Calhoun,Air Force,Air Force,Hawaii,Home,35,44,8.5,-0.5,L,79.5,79,-0.5,U,7,17,-3.5,-13.5,L,26.5,24,-2.5,U,28,27,-6.5,-5.5,L,28.0,55,27.0,O,Air Force,air force,Troy Calhoun,2025,8.5,Underdog,L,U
2025,2025-09-27T20:00:00.000Z,Timmy Chang,Hawaii,Hawaii,Air Force,Away,44,35,-8.5,0.5,W,79.5,79,-0.5,U,17,7,3.5,13.5,W,26.5,24,-2.5,U,27,28,6.5,5.5,W,28.0,55,27.0,O,Hawaii,hawaii,Timmy Chang,2025,-8.5,Favorite,W,U
2025,2025-09-27T20:00:00.000Z,Jason Eck,New Mexico,New Mexico,New Mexico St.,Home,38,20,-17.5,0.5,W,52.5,58,5.5,O,14,17,-7.5,-10.5,L,27.5,31,3.5,O,24,3,-6.5,14.5,W,24.5,27,2.5,O,New Mexico,new mexico,Jason Eck,2025,-17.5,Favorite,W,O
2025,2025-09-27T20:00:00.000Z,Tony Sanchez,New Mexico State,New Mexico State,New Mexico,Away,20,38,17.5,-0.5,L,52.5,58,5.5,O,17,14,7.5,10.5,W,27.5,31,3.5,O,3,24,6.5,-14.5,L,24.5,27,2.5,O,New Mexico State,new mexico state,Tony Sanchez,2025,17.5,Underdog,L,O
2025,2025-09-27T20:00:00.000Z,Tre Lamb,Tulsa,Tulsa,Tulane,Home,14,31,14.5,-2.5,L,47.5,45,-2.5,U,14,24,8.5,-1.5,L,34.5,38,3.5,O,0,7,6.5,-0.5,L,26.5,7,-19.5,U,Tulsa,tulsa,Tre Lamb,2025,14.5,Underdog,L,U
2025,2025-09-27T20:00:00.000Z,Jon Sumrall,Florida,Tulane,Tulsa,Away,31,14,-14.5,2.5,W,47.5,45,-2.5,U,24,14,-8.5,1.5,W,34.5,38,3.5,O,7,0,-6.5,0.5,W,26.5,7,-19.5,U,Florida,florida,Jon Sumrall,2025,-14.5,Favorite,W,U
2025,2025-09-27T20:15:00.000Z,Jeff Lebby,Mississippi State,Mississippi State,Tennessee,Home,34,41,1.5,-5.5,L,77.5,75,-2.5,U,17,17,4.0,4.0,W,31.5,34,2.5,O,17,24,6.0,-1.0,L,30.5,41,10.5,O,Mississippi State,mississippi state,Jeff Lebby,2025,1.5,Underdog,L,U
2025,2025-09-27T20:15:00.000Z,Josh Heupel,Tennessee,Tennessee,Mississippi St.,Away,41,34,-1.5,5.5,W,77.5,75,-2.5,U,17,17,-4.0,-4.0,L,31.5,34,2.5,O,24,17,-6.0,1.0,W,30.5,41,10.5,O,Tennessee,tennessee,Josh Heupel,2025,-1.5,Favorite,W,U
2025,2025-09-27T22:00:00.000Z,Ricky Rahne,Old Dominion,Old Dominion,Liberty Flames,Home,21,7,-14.5,-0.5,L,34.5,28,-6.5,U,14,0,-14.5,-0.5,L,16.5,14,-2.5,U,7,7,-7.5,-7.5,L,23.0,14,-9.0,U,Old Dominion,old dominion,Ricky Rahne,2025,-14.5,Favorite,L,U
2025,2025-09-27T22:00:00.000Z,Jamey Chadwell,Liberty,Liberty,Old Dominion,Away,7,21,14.5,0.5,W,34.5,28,-6.5,U,0,14,14.5,0.5,W,16.5,14,-2.5,U,7,7,7.5,7.5,W,23.0,14,-9.0,U,Liberty,liberty,Jamey Chadwell,2025,14.5,Underdog,W,U
2025,2025-09-27T22:00:00.000Z,Jerry Mack,Kennesaw State,Kennesaw State,Middle Tennessee St.,Home,24,16,-7.5,0.5,W,47.5,40,-7.5,U,21,10,-3.5,7.5,W,34.5,31,-3.5,U,3,6,-3.5,-6.5,L,27.0,9,-18.0,U,Kennesaw State,kennesaw state,Jerry Mack,2025,-7.5,Favorite,W,U
2025,2025-09-27T22:00:00.000Z,Derek Mason,Middle Tennessee,Middle Tennessee,Kennesaw St.,Away,16,24,7.5,-0.5,L,47.5,40,-7.5,U,10,21,3.5,-7.5,L,34.5,31,-3.5,U,6,3,3.5,6.5,W,27.0,9,-18.0,U,Middle Tennessee,middle tennessee,Derek Mason,2025,7.5,Underdog,L,U
2025,2025-09-27T22:30:00.000Z,Lance Taylor,Western Michigan,Western Michigan,Rhode Island,Home,47,14,-36.5,-3.5,L,64.5,61,-3.5,U,31,7,-16.5,7.5,W,35.5,38,2.5,O,16,7,-9.5,-0.5,L,19.5,23,3.5,O,Western Michigan,western michigan,Lance Taylor,2025,-36.5,Favorite,L,U
2025,2025-09-27T23:00:00.000Z,Matt Campbell,Penn State,Iowa State,Arizona,Home,39,14,-22.5,2.5,W,53.5,53,-0.5,U,22,7,-2.5,12.5,W,24.0,29,5.0,O,17,7,-1.5,8.5,W,23.5,24,0.5,O,Penn State,penn state,Matt Campbell,2025,-22.5,Favorite,W,U
2025,2025-09-27T23:00:00.000Z,Brent Brennan,Arizona,Arizona,Iowa State,Away,14,39,22.5,-2.5,L,53.5,53,-0.5,U,7,22,2.5,-12.5,L,24.0,29,5.0,O,7,17,1.5,-8.5,L,23.5,24,0.5,O,Arizona,arizona,Brent Brennan,2025,22.5,Underdog,L,U
2025,2025-09-27T23:00:00.000Z,Charles Huff,Memphis,Southern Miss,Jacksonville State Gamecocks,Home,42,25,-21.5,-4.5,L,60.5,67,6.5,O,21,3,-2.5,15.5,W,27.5,24,-3.5,U,21,22,-2.5,-3.5,L,25.5,43,17.5,O,Memphis,memphis,Charles Huff,2025,-21.5,Favorite,L,O
2025,2025-09-27T23:00:00.000Z,Charles Kelly,Jacksonville State,Jacksonville State,Southern Miss,Away,25,42,21.5,4.5,W,60.5,67,6.5,O,3,21,2.5,-15.5,L,27.5,24,-3.5,U,22,21,2.5,3.5,W,25.5,43,17.5,O,Jacksonville State,jacksonville state,Charles Kelly,2025,21.5,Underdog,W,O
2025,2025-09-27T23:00:00.000Z,Zach Kittley,Florida Atlantic,Florida Atlantic,Memphis,Home,26,55,22.5,-6.5,L,62.5,81,18.5,O,16,17,8.5,7.5,W,31.5,33,1.5,O,10,38,5.5,-22.5,L,30.5,48,17.5,O,Florida Atlantic,florida atlantic,Zach Kittley,2025,22.5,Underdog,L,O
2025,2025-09-27T23:00:00.000Z,Ryan Silverfield,Arkansas,Memphis,Florida Atl.,Away,55,26,-22.5,6.5,W,62.5,81,18.5,O,17,16,-8.5,-7.5,L,31.5,33,1.5,O,38,10,-5.5,22.5,W,30.5,48,17.5,O,Arkansas,arkansas,Ryan Silverfield,2025,-22.5,Favorite,W,O
2025,2025-09-27T23:00:00.000Z,Dave Doeren,NC State,NC State,Virginia Tech,Home,21,23,1.5,-0.5,L,44.5,44,-0.5,U,7,13,-6.0,-12.0,L,28.5,20,-8.5,U,14,10,-6.0,-2.0,L,27.5,24,-3.5,U,NC State,nc state,Dave Doeren,2025,1.5,Underdog,L,U
2025,2025-09-27T23:00:00.000Z,Ryan Beard,Coastal Carolina,Missouri State,Western Kentucky,Home,22,27,4.5,-0.5,L,49.5,49,-0.5,U,9,10,2.5,1.5,W,29.5,19,-10.5,U,13,17,1.0,-3.0,L,26.5,30,3.5,O,Coastal Carolina,coastal carolina,Ryan Beard,2025,4.5,Underdog,L,U
2025,2025-09-27T23:00:00.000Z,Tyson Helton,Western Kentucky,Western Kentucky,Missouri State,Away,27,22,-4.5,0.5,W,49.5,49,-0.5,U,10,9,-2.5,-1.5,L,29.5,19,-10.5,U,17,13,-1.0,3.0,W,26.5,30,3.5,O,Western Kentucky,western kentucky,Tyson Helton,2025,-4.5,Favorite,W,U
2025,2025-09-27T23:30:00.000Z,Kalen DeBoer,Alabama,Alabama,Georgia B,Away,24,21,-2.5,0.5,W,53.5,45,-8.5,U,24,14,2.5,12.5,W,26.5,38,11.5,O,0,7,-1.5,-8.5,L,26.5,7,-19.5,U,Alabama,alabama,Kalen DeBoer,2025,-2.5,Favorite,W,U
2025,2025-09-27T23:30:00.000Z,Spencer Danielson,Boise State,Boise State,Appalachian St.,Home,47,14,-17.0,16.0,W,59.5,61,1.5,O,24,7,-10.0,7.0,W,30.5,31,0.5,O,23,7,-7.5,8.5,W,28.5,30,1.5,O,Boise State,boise state,Spencer Danielson,2025,-17.0,Favorite,W,O
2025,2025-09-27T23:30:00.000Z,Dowell Loggains,Appalachian State,Appalachian State,Boise St,Away,14,47,17.0,-16.0,L,59.5,61,1.5,O,7,24,10.0,-7.0,L,30.5,31,0.5,O,7,23,7.5,-8.5,L,28.5,30,1.5,O,Appalachian State,appalachian state,Dowell Loggains,2025,17.0,Underdog,L,O
2025,2025-09-27T23:30:00.000Z,James Franklin,Virginia Tech,Penn State,Oregon,Home,24,30,1.5,-4.5,L,54.5,54,-0.5,U,3,3,-2.5,-2.5,L,25.5,6,-19.5,U,21,27,-2.5,-8.5,L,22.5,48,25.5,O,Virginia Tech,virginia tech,James Franklin,2025,1.5,Underdog,L,U
2025,2025-09-27T23:30:00.000Z,Dan Lanning,Oregon,Oregon,Penn State,Away,30,24,-1.5,4.5,W,54.5,54,-0.5,U,3,3,2.5,2.5,W,25.5,6,-19.5,U,27,21,2.5,8.5,W,22.5,48,25.5,O,Oregon,oregon,Dan Lanning,2025,-1.5,Favorite,W,U
2025,2025-09-27T23:30:00.000Z,Ken Niumatalolo,San Jose State,San Jose State,Stanford,Away,29,30,3.0,2.0,W,50.0,59,9.0,O,20,14,2.5,8.5,W,23.5,34,10.5,O,9,16,0.5,-6.5,L,24.5,25,0.5,O,San Jose State,san jose state,Ken Niumatalolo,2025,3.0,Underdog,W,O
2025,2025-09-27T23:30:00.000Z,Eli Drinkwitz,Missouri,Missouri,UMass,Home,42,6,-37.5,-1.5,L,50.5,48,-2.5,U,21,6,-28.5,-13.5,L,33.5,27,-6.5,U,21,0,-18.0,3.0,W,24.0,21,-3.0,U,Missouri,missouri,Eli Drinkwitz,2025,-37.5,Favorite,L,U
2025,2025-09-27T23:30:00.000Z,Joe Harasymiak,Massachusetts,Massachusetts,Missouri,Away,6,42,37.5,1.5,W,50.5,48,-2.5,U,6,21,28.5,13.5,W,33.5,27,-6.5,U,0,21,18.0,-3.0,L,24.0,21,-3.0,U,Massachusetts,massachusetts,Joe Harasymiak,2025,37.5,Underdog,W,U
2025,2025-09-27T23:30:00.000Z,Jimmy Rogers,Iowa State,Washington State,Colorado State,Away,20,3,-18.5,-1.5,L,23.5,23,-0.5,U,20,3,3.5,20.5,W,23.5,23,-0.5,U,0,0,1.5,1.5,W,23.5,0,-23.5,U,Iowa State,iowa state,Jimmy Rogers,2025,-18.5,Favorite,L,U
2025,2025-09-27T23:45:00.000Z,Shane Beamer,South Carolina,South Carolina,Kentucky,Home,35,13,-22.5,-0.5,L,53.5,48,-5.5,U,28,10,-2.5,15.5,W,23.5,38,14.5,O,7,3,-3.5,0.5,W,23.5,10,-13.5,U,South Carolina,south carolina,Shane Beamer,2025,-22.5,Favorite,L,U
2025,2025-09-28T01:00:00.000Z,Scotty Walden,UTEP,UTEP,Louisiana Tech,Home,11,30,17.5,-1.5,L,41.5,41,-0.5,U,0,7,2.5,-4.5,L,23.5,7,-16.5,U,11,23,2.5,-9.5,L,21.0,34,13.0,O,UTEP,utep,Scotty Walden,2025,17.5,Underdog,L,U
2025,2025-09-28T01:00:00.000Z,Sonny Cumbie,Louisiana Tech,Louisiana Tech,UTEP,Away,30,11,-17.5,1.5,W,41.5,41,-0.5,U,7,0,-2.5,4.5,W,23.5,7,-16.5,U,23,11,-2.5,9.5,W,21.0,34,13.0,O,Louisiana Tech,louisiana tech,Sonny Cumbie,2025,-17.5,Favorite,W,U
2025,2025-09-28T02:15:00.000Z,Deion Sanders,Colorado,Colorado,BYU,Home,21,24,3.5,0.5,W,51.5,45,-6.5,U,14,10,3.5,7.5,W,24.5,24,-0.5,U,7,14,6.5,-0.5,L,24.0,21,-3.0,U,Colorado,colorado,Deion Sanders,2025,3.5,Underdog,W,U
2025,2025-09-28T02:15:00.000Z,Kalani Sitake,BYU,BYU,Colorado,Away,24,21,-3.5,-0.5,L,51.5,45,-6.5,U,10,14,-3.5,-7.5,L,24.5,24,-0.5,U,14,7,-6.5,0.5,W,24.0,21,-3.0,U,BYU,byu,Kalani Sitake,2025,-3.5,Favorite,L,U
2025,2025-10-03T01:00:00.000Z,Tony Sanchez,New Mexico State,New Mexico State,Sam Houston State Bearkats,Home,37,10,-26.5,0.5,W,52.0,47,-5.0,U,10,3,0.5,7.5,W,9.5,13,3.5,O,27,7,-1.0,19.0,W,24.0,34,10.0,O,New Mexico State,new mexico state,Tony Sanchez,2025,-26.5,Favorite,W,U
2025,2025-10-03T01:00:00.000Z,Phil Longo,Sam Houston,Sam Houston,New Mexico St.,Away,10,37,26.5,-0.5,L,52.0,47,-5.0,U,3,10,-0.5,-7.5,L,9.5,13,3.5,O,7,27,1.0,-19.0,L,24.0,34,10.0,O,Sam Houston,sam houston,Phil Longo,2025,26.5,Underdog,L,U
2025,2025-10-03T23:00:00.000Z,Alex Golesh,Auburn,South Florida,Charlotte,Home,54,26,-21.5,6.5,W,62.5,80,17.5,O,33,7,-16.5,9.5,W,30.5,40,9.5,O,21,19,-14.0,-12.0,L,23.5,40,16.5,O,Auburn,auburn,Alex Golesh,2025,-21.5,Favorite,W,O
2025,2025-10-03T23:00:00.000Z,Tim Albin,Charlotte,Charlotte,South Florida,Away,26,54,21.5,-6.5,L,62.5,80,17.5,O,7,33,16.5,-9.5,L,30.5,40,9.5,O,19,21,14.0,12.0,W,23.5,40,16.5,O,Charlotte,charlotte,Tim Albin,2025,21.5,Underdog,L,O
2025,2025-10-03T23:00:00.000Z,Ryan Carty,Delaware,Delaware,Western Kentucky,Home,24,27,2.5,-0.5,L,63.0,51,-12.0,U,17,10,-3.5,3.5,W,30.5,27,-3.5,U,7,17,-0.5,-10.5,L,32.5,24,-8.5,U,Delaware,delaware,Ryan Carty,2025,2.5,Underdog,L,U
2025,2025-10-03T23:00:00.000Z,Tyson Helton,Western Kentucky,Western Kentucky,Delaware,Away,27,24,-2.5,0.5,W,63.0,51,-12.0,U,10,17,3.5,-3.5,L,30.5,27,-3.5,U,17,7,0.5,10.5,W,32.5,24,-8.5,U,Western Kentucky,western kentucky,Tyson Helton,2025,-2.5,Favorite,W,U
2025,2025-10-04T02:00:00.000Z,Ken Niumatalolo,San Jose State,San Jose State,New Mexico,Home,35,28,-6.5,0.5,W,67.5,63,-4.5,U,21,17,-0.5,3.5,W,28.5,38,9.5,O,14,11,0.5,3.5,W,29.5,25,-4.5,U,San Jose State,san jose state,Ken Niumatalolo,2025,-6.5,Favorite,W,U
2025,2025-10-04T02:00:00.000Z,Jason Eck,New Mexico,New Mexico,San Jose St.,Away,28,35,6.5,-0.5,L,67.5,63,-4.5,U,17,21,0.5,-3.5,L,28.5,38,9.5,O,11,14,-0.5,-3.5,L,29.5,25,-4.5,U,New Mexico,new mexico,Jason Eck,2025,6.5,Underdog,L,U
2025,2025-10-04T02:30:00.000Z,Sean Lewis,San Diego State,San Diego State,Colorado State,Home,45,24,-26.5,-5.5,L,63.5,69,5.5,O,28,10,-3.0,15.0,W,20.5,38,17.5,O,17,14,-3.0,0.0,P,21.5,31,9.5,O,San Diego State,san diego state,Sean Lewis,2025,-26.5,Favorite,L,O
2025,2025-10-04T02:30:00.000Z,Kalani Sitake,BYU,BYU,West Virginia,Home,38,24,-14.5,-0.5,L,55.5,62,6.5,O,28,10,-18.5,-0.5,L,24.0,38,14.0,O,10,14,-10.5,-14.5,L,23.0,24,1.0,O,BYU,byu,Kalani Sitake,2025,-14.5,Favorite,L,O
2025,2025-10-04T02:30:00.000Z,Rich Rodriguez,West Virginia,West Virginia,BYU,Away,24,38,14.5,0.5,W,55.5,62,6.5,O,10,28,18.5,0.5,W,24.0,38,14.0,O,14,10,10.5,14.5,W,23.0,24,1.0,O,West Virginia,west virginia,Rich Rodriguez,2025,14.5,Underdog,W,O
2025,2025-10-04T16:00:00.000Z,Brian Newberry,Navy,Navy,Air Force,Home,34,31,-3.5,-0.5,L,65.5,65,-0.5,U,17,10,-7.5,-0.5,L,26.5,27,0.5,O,17,21,-5.0,-9.0,L,26.5,38,11.5,O,Navy,navy,Brian Newberry,2025,-3.5,Favorite,L,U
2025,2025-10-04T16:00:00.000Z,Troy Calhoun,Air Force,Air Force,Navy,Away,31,34,3.5,0.5,W,65.5,65,-0.5,U,10,17,7.5,0.5,W,26.5,27,0.5,O,21,17,5.0,9.0,W,26.5,38,11.5,O,Air Force,air force,Troy Calhoun,2025,3.5,Underdog,W,U
2025,2025-10-04T16:00:00.000Z,Jeff Monken,Army,Army,UAB,Away,31,13,-17.5,0.5,W,44.5,44,-0.5,U,10,7,-3.5,-0.5,L,13.5,17,3.5,O,21,6,-3.5,11.5,W,24.0,27,3.0,O,Army,army,Jeff Monken,2025,-17.5,Favorite,W,U
2025,2025-10-04T16:00:00.000Z,Pat Narduzzi,Pittsburgh,Pittsburgh,Boston College,Home,48,7,-41.5,-0.5,L,55.0,55,0.0,P,31,0,-3.5,27.5,W,26.5,31,4.5,O,17,7,-4.5,5.5,W,27.5,24,-3.5,U,Pittsburgh,pittsburgh,Pat Narduzzi,2025,-41.5,Favorite,L,P
2025,2025-10-04T16:00:00.000Z,Bill O'Brien,Boston College,Boston College,Pittsburgh,Away,7,48,41.5,0.5,W,55.0,55,0.0,P,0,31,3.5,-27.5,L,26.5,31,4.5,O,7,17,4.5,-5.5,L,27.5,24,-3.5,U,Boston College,boston college,Bill O'Brien,2025,41.5,Underdog,W,P
2025,2025-10-04T16:00:00.000Z,Bill Belichick,North Carolina,North Carolina,Clemson,Home,10,38,28.5,0.5,W,48.5,48,-0.5,U,3,35,7.5,-24.5,L,24.0,38,14.0,O,7,3,7.5,11.5,W,21.0,10,-11.0,U,North Carolina,north carolina,Bill Belichick,2025,28.5,Underdog,W,U
2025,2025-10-04T16:00:00.000Z,Dabo Swinney,Clemson,Clemson,North Carolina,Away,38,10,-28.5,-0.5,L,48.5,48,-0.5,U,35,3,-7.5,24.5,W,24.0,38,14.0,O,3,7,-7.5,-11.5,L,21.0,10,-11.0,U,Clemson,clemson,Dabo Swinney,2025,-28.5,Favorite,L,U
2025,2025-10-04T16:00:00.000Z,Barry Odom,Purdue,Purdue,Illinois,Home,27,43,13.5,-2.5,L,67.5,70,2.5,O,14,27,4.5,-8.5,L,27.5,41,13.5,O,13,16,4.0,1.0,W,27.5,29,1.5,O,Purdue,purdue,Barry Odom,2025,13.5,Underdog,L,O
2025,2025-10-04T16:00:00.000Z,Bret Bielema,Illinois,Illinois,Purdue,Away,43,27,-13.5,2.5,W,67.5,70,2.5,O,27,14,-4.5,8.5,W,27.5,41,13.5,O,16,13,-4.0,-1.0,L,27.5,29,1.5,O,Illinois,illinois,Bret Bielema,2025,-13.5,Favorite,W,O
2025,2025-10-04T16:00:00.000Z,Scott Satterfield,Cincinnati,Cincinnati,Iowa State,Home,38,30,-7.5,0.5,W,55.5,68,12.5,O,31,15,-17.5,-1.5,L,27.5,46,18.5,O,7,15,3.0,-5.0,L,28.0,22,-6.0,U,Cincinnati,cincinnati,Scott Satterfield,2025,-7.5,Favorite,W,O
2025,2025-10-04T16:00:00.000Z,Matt Campbell,Penn State,Iowa State,Cincinnati,Away,30,38,7.5,-0.5,L,55.5,68,12.5,O,15,31,17.5,1.5,W,27.5,46,18.5,O,15,7,-3.0,5.0,W,28.0,22,-6.0,U,Penn State,penn state,Matt Campbell,2025,7.5,Underdog,L,O
2025,2025-10-04T16:00:00.000Z,Dave Aranda,Baylor,Baylor,Kansas St.,Home,35,34,1.5,2.5,W,69.5,69,-0.5,U,17,17,-2.5,-2.5,L,30.5,34,3.5,O,18,17,-3.5,-2.5,L,30.5,35,4.5,O,Baylor,baylor,Dave Aranda,2025,1.5,Underdog,W,U
2025,2025-10-04T16:00:00.000Z,Mike Uremovich,Ball State,Ball State,Ohio,Home,20,14,-5.5,0.5,W,26.5,34,7.5,O,0,14,7.5,-6.5,L,26.5,14,-12.5,U,20,0,6.0,26.0,W,24.0,20,-4.0,U,Ball State,ball state,Mike Uremovich,2025,-5.5,Favorite,W,O
2025,2025-10-04T16:00:00.000Z,Luke Fickell,Wisconsin,Wisconsin,Michigan,Away,10,24,16.5,2.5,W,37.5,34,-3.5,U,7,10,3.5,0.5,W,21.5,17,-4.5,U,3,14,7.5,-3.5,L,20.5,17,-3.5,U,Wisconsin,wisconsin,Luke Fickell,2025,16.5,Underdog,W,U
2025,2025-10-04T17:00:00.000Z,Jeff Traylor,UTSA,UTSA,Temple,Away,21,27,7.5,1.5,W,51.5,48,-3.5,U,14,3,-3.5,7.5,W,28.5,17,-11.5,U,7,24,0.0,-17.0,L,25.5,31,5.5,O,UTSA,utsa,Jeff Traylor,2025,7.5,Underdog,W,U
2025,2025-10-04T17:00:00.000Z,Jake Dickert,Wake Forest,Wake Forest,Virginia Tech,Away,30,23,5.0,12.0,W,51.0,53,2.0,O,24,14,2.5,12.5,W,24.5,38,13.5,O,6,9,2.5,-0.5,L,26.5,15,-11.5,U,Wake Forest,wake forest,Jake Dickert,2025,5.0,Underdog,W,O
2025,2025-10-04T18:00:00.000Z,Dave Doeren,NC State,NC State,Campbell,Home,56,10,-48.5,-2.5,L,66.5,66,-0.5,U,49,7,-35.5,6.5,W,49.5,56,6.5,O,7,3,-6.5,-2.5,L,12.5,10,-2.5,U,NC State,nc state,Dave Doeren,2025,-48.5,Favorite,L,U
2025,2025-10-04T18:30:00.000Z,Joe Harasymiak,Massachusetts,Massachusetts,Western Michigan,Home,3,21,11.5,-6.5,L,46.0,24,-22.0,U,3,7,6.5,2.5,W,23.5,10,-13.5,U,0,14,6.5,-7.5,L,21.5,14,-7.5,U,Massachusetts,massachusetts,Joe Harasymiak,2025,11.5,Underdog,L,U
2025,2025-10-04T18:30:00.000Z,Lance Taylor,Western Michigan,Western Michigan,UMass,Away,21,3,-11.5,6.5,W,46.0,24,-22.0,U,7,3,-6.5,-2.5,L,23.5,10,-13.5,U,14,0,-6.5,7.5,W,21.5,14,-7.5,U,Western Michigan,western michigan,Lance Taylor,2025,-11.5,Favorite,W,U
2025,2025-10-04T19:00:00.000Z,Brent Brennan,Arizona,Arizona,Oklahoma St.,Home,41,13,-27.5,0.5,W,54.5,54,-0.5,U,24,6,-13.5,4.5,W,30.5,30,-0.5,U,17,7,-9.0,1.0,W,27.0,24,-3.0,U,Arizona,arizona,Brent Brennan,2025,-27.5,Favorite,W,U
2025,2025-10-04T19:30:00.000Z,Marcus Freeman,Notre Dame,Notre Dame,Boise St,Home,28,7,-20.5,0.5,W,63.5,35,-28.5,U,14,7,-2.5,4.5,W,33.0,21,-12.0,U,14,0,-10.0,4.0,W,30.5,14,-16.5,U,Notre Dame,notre dame,Marcus Freeman,2025,-20.5,Favorite,W,U
2025,2025-10-04T19:30:00.000Z,Spencer Danielson,Boise State,Boise State,Notre Dame,Away,7,28,20.5,-0.5,L,63.5,35,-28.5,U,7,14,2.5,-4.5,L,33.0,21,-12.0,U,0,14,10.0,-4.0,L,30.5,14,-16.5,U,Boise State,boise state,Spencer Danielson,2025,20.5,Underdog,L,U
2025,2025-10-04T19:30:00.000Z,Joe Moorhead,Akron,Akron,Central Michigan,Home,28,22,-3.5,2.5,W,50.5,50,-0.5,U,14,10,3.5,7.5,W,23.5,24,0.5,O,14,12,3.0,5.0,W,23.5,26,2.5,O,Akron,akron,Joe Moorhead,2025,-3.5,Favorite,W,U
2025,2025-10-04T19:30:00.000Z,Matt Drinkall,Central Michigan,Central Michigan,Akron,Away,22,28,3.5,-2.5,L,50.5,50,-0.5,U,10,14,-3.5,-7.5,L,23.5,24,0.5,O,12,14,-3.0,-5.0,L,23.5,26,2.5,O,Central Michigan,central michigan,Matt Drinkall,2025,3.5,Underdog,L,U
2025,2025-10-04T19:30:00.000Z,Pete Lembo,Buffalo,Buffalo,Eastern Michigan,Home,31,30,5.5,6.5,W,66.5,61,-5.5,U,14,14,-5.5,-5.5,L,27.0,28,1.0,O,17,16,-4.0,-3.0,L,26.5,33,6.5,O,Buffalo,buffalo,Pete Lembo,2025,5.5,Underdog,W,U
2025,2025-10-04T19:30:00.000Z,Chris Creighton,Eastern Michigan,Eastern Michigan,Buffalo,Away,30,31,-5.5,-6.5,L,66.5,61,-5.5,U,14,14,5.5,5.5,W,27.0,28,1.0,O,16,17,4.0,3.0,W,26.5,33,6.5,O,Eastern Michigan,eastern michigan,Chris Creighton,2025,-5.5,Favorite,L,U
2025,2025-10-04T19:30:00.000Z,Jim Mora,Colorado State,Connecticut,Florida Int.,Home,51,10,-7.5,33.5,W,61.5,61,-0.5,U,27,3,-13.5,10.5,W,26.5,30,3.5,O,24,7,-4.0,13.0,W,24.0,31,7.0,O,Colorado State,colorado state,Jim Mora,2025,-7.5,Favorite,W,U
2025,2025-10-04T19:30:00.000Z,Willie Simmons,Florida International,Florida International,Connecticut,Away,10,51,7.5,-33.5,L,61.5,61,-0.5,U,3,27,13.5,-10.5,L,26.5,30,3.5,O,7,24,4.0,-13.0,L,24.0,31,7.0,O,Florida International,florida international,Willie Simmons,2025,7.5,Underdog,L,U
2025,2025-10-04T19:30:00.000Z,Dell McGee,Georgia State,Georgia State,James Madison,Home,7,14,7.5,0.5,W,21.5,21,-0.5,U,7,0,10.5,17.5,W,27.5,7,-20.5,U,0,14,10.5,-3.5,L,24.0,14,-10.0,U,Georgia State,georgia state,Dell McGee,2025,7.5,Underdog,W,U
2025,2025-10-04T19:30:00.000Z,Bob Chesney,UCLA,James Madison,Georgia St.,Away,14,7,-7.5,-0.5,L,21.5,21,-0.5,U,0,7,-10.5,-17.5,L,27.5,7,-20.5,U,14,0,-10.5,3.5,W,24.0,14,-10.0,U,UCLA,ucla,Bob Chesney,2025,-7.5,Favorite,L,U
2025,2025-10-04T19:30:00.000Z,Chuck Martin,Miami-OH,Miami-OH,Northern Illinois,Away,25,14,-10.5,0.5,W,37.5,39,1.5,O,10,14,-2.5,-6.5,L,19.5,24,4.5,O,15,0,-6.5,8.5,W,20.0,15,-5.0,U,Miami-OH,miami-oh,Chuck Martin,2025,-10.5,Favorite,W,O
2025,2025-10-04T19:30:00.000Z,Dowell Loggains,Appalachian State,Appalachian State,Oregon State,Home,27,23,-3.5,0.5,W,55.5,50,-5.5,U,17,14,-0.5,2.5,W,26.5,31,4.5,O,10,9,0.5,1.5,W,26.5,19,-7.5,U,Appalachian State,appalachian state,Dowell Loggains,2025,-3.5,Favorite,W,U
2025,2025-10-04T19:30:00.000Z,James Franklin,Virginia Tech,Penn State,UCLA,Away,37,42,1.5,-3.5,L,77.5,79,1.5,O,7,27,13.5,-6.5,L,26.0,34,8.0,O,30,15,-14.0,1.0,W,28.0,45,17.0,O,Virginia Tech,virginia tech,James Franklin,2025,1.5,Underdog,L,O
2025,2025-10-04T19:30:00.000Z,Rhett Lashlee,SMU,SMU,Syracuse,Home,31,18,-11.5,1.5,W,52.5,49,-3.5,U,24,3,-10.0,11.0,W,30.0,27,-3.0,U,7,15,-7.5,-15.5,L,26.5,22,-4.5,U,SMU,smu,Rhett Lashlee,2025,-11.5,Favorite,W,U
2025,2025-10-04T19:30:00.000Z,Fran Brown,Syracuse,Syracuse,SMU,Away,18,31,11.5,-1.5,L,52.5,49,-3.5,U,3,24,10.0,-11.0,L,30.0,27,-3.0,U,15,7,7.5,15.5,W,26.5,22,-4.5,U,Syracuse,syracuse,Fran Brown,2025,11.5,Underdog,L,U
2025,2025-10-04T19:30:00.000Z,Billy Napier,James Madison,Florida,Texas,Home,29,21,-7.5,0.5,W,51.5,50,-1.5,U,19,7,-9.5,2.5,W,20.5,26,5.5,O,10,14,4.5,0.5,W,21.5,24,2.5,O,James Madison,james madison,Billy Napier,2025,-7.5,Favorite,W,U
2025,2025-10-04T19:30:00.000Z,Steve Sarkisian,Texas,Texas,Florida,Away,21,29,7.5,-0.5,L,51.5,50,-1.5,U,7,19,9.5,-2.5,L,20.5,26,5.5,O,14,10,-4.5,-0.5,L,21.5,24,2.5,O,Texas,texas,Steve Sarkisian,2025,7.5,Underdog,L,U
2025,2025-10-04T19:30:00.000Z,David Braun,Northwestern,Northwestern,ULM,Home,42,7,-34.5,0.5,W,50.5,49,-1.5,U,18,7,-6.5,4.5,W,20.5,25,4.5,O,24,0,-6.5,17.5,W,20.5,24,3.5,O,Northwestern,northwestern,David Braun,2025,-34.5,Favorite,W,U
2025,2025-10-04T19:30:00.000Z,Bryant Vincent,UL-Monroe,UL-Monroe,Northwestern,Away,7,42,34.5,-0.5,L,50.5,49,-1.5,U,7,18,6.5,-4.5,L,20.5,25,4.5,O,0,24,6.5,-17.5,L,20.5,24,3.5,O,UL-Monroe,ul-monroe,Bryant Vincent,2025,34.5,Underdog,L,U
2025,2025-10-04T19:30:00.000Z,Kalen DeBoer,Alabama,Alabama,Vanderbilt,Home,30,14,-15.5,0.5,W,40.5,44,3.5,O,14,14,-7.0,-7.0,L,28.5,28,-0.5,U,16,0,-6.5,9.5,W,28.5,16,-12.5,U,Alabama,alabama,Kalen DeBoer,2025,-15.5,Favorite,W,O
2025,2025-10-04T19:30:00.000Z,Clark Lea,Vanderbilt,Vanderbilt,Alabama,Away,14,30,15.5,-0.5,L,40.5,44,3.5,O,14,14,7.0,7.0,W,28.5,28,-0.5,U,0,16,6.5,-9.5,L,28.5,16,-12.5,U,Vanderbilt,vanderbilt,Clark Lea,2025,15.5,Underdog,L,O
2025,2025-10-04T19:30:00.000Z,Jeff Brohm,Louisville,Louisville,Virginia,Home,27,30,-5.5,-8.5,L,54.5,57,2.5,O,14,14,-3.5,-3.5,L,30.5,28,-2.5,U,13,16,-4.5,-7.5,L,30.5,29,-1.5,U,Louisville,louisville,Jeff Brohm,2025,-5.5,Favorite,L,O
2025,2025-10-04T19:30:00.000Z,Tony Elliott,Virginia,Virginia,Louisville,Away,30,27,5.5,8.5,W,54.5,57,2.5,O,14,14,3.5,3.5,W,30.5,28,-2.5,U,16,13,4.5,7.5,W,30.5,29,-1.5,U,Virginia,virginia,Tony Elliott,2025,5.5,Underdog,W,O
2025,2025-10-04T19:30:00.000Z,Mike Locksley,Maryland,Maryland,Washington,Home,20,24,3.5,-0.5,L,44.5,44,-0.5,U,13,0,3.0,16.0,W,26.0,13,-13.0,U,7,24,3.0,-14.0,L,24.0,31,7.0,O,Maryland,maryland,Mike Locksley,2025,3.5,Underdog,L,U
2025,2025-10-04T19:30:00.000Z,Jedd Fisch,Washington,Washington,Maryland,Away,24,20,-3.5,0.5,W,44.5,44,-0.5,U,0,13,-3.0,-16.0,L,26.0,13,-13.0,U,24,7,-3.0,14.0,W,24.0,31,7.0,O,Washington,washington,Jedd Fisch,2025,-3.5,Favorite,W,U
2025,2025-10-04T20:00:00.000Z,Brent Venables,Oklahoma,Oklahoma,Kent State,Home,44,0,-43.5,0.5,W,44.5,44,-0.5,U,23,0,-28.0,-5.0,L,31.0,23,-8.0,U,21,0,-20.5,0.5,W,21.5,21,-0.5,U,Oklahoma,oklahoma,Brent Venables,2025,-43.5,Favorite,W,U
2025,2025-10-04T20:00:00.000Z,Mark Carney,Kent State,Kent State,Oklahoma,Away,0,44,43.5,-0.5,L,44.5,44,-0.5,U,0,23,28.0,5.0,W,31.0,23,-8.0,U,0,21,20.5,-0.5,L,21.5,21,-0.5,U,Kent State,kent state,Mark Carney,2025,43.5,Underdog,L,U
2025,2025-10-04T20:00:00.000Z,Matt Rhule,Nebraska,Nebraska,Michigan State,Home,38,27,-10.5,0.5,W,60.5,65,4.5,O,14,7,-6.5,0.5,W,27.5,21,-6.5,U,24,20,-6.5,-2.5,L,20.5,44,23.5,O,Nebraska,nebraska,Matt Rhule,2025,-10.5,Favorite,W,O
2025,2025-10-04T20:00:00.000Z,Butch Jones,Arkansas State,Arkansas State,Texas State,Home,31,30,3.5,4.5,W,41.5,61,19.5,O,10,10,0.5,0.5,W,31.5,20,-11.5,U,21,20,7.0,8.0,W,30.0,41,11.0,O,Arkansas State,arkansas state,Butch Jones,2025,3.5,Underdog,W,O
2025,2025-10-04T22:00:00.000Z,Ricky Rahne,Old Dominion,Old Dominion,Coastal Carolina,Home,47,7,-43.5,-3.5,L,57.5,54,-3.5,U,34,0,-27.5,6.5,W,31.5,34,2.5,O,13,7,-9.5,-3.5,L,23.5,20,-3.5,U,Old Dominion,old dominion,Ricky Rahne,2025,-43.5,Favorite,L,U
2025,2025-10-04T23:00:00.000Z,Scott Abell,Rice,Rice,Florida Atl.,Home,21,27,5.5,-0.5,L,48.5,48,-0.5,U,7,17,9.5,-0.5,L,28.5,24,-4.5,U,14,10,-3.0,1.0,W,27.0,24,-3.0,U,Rice,rice,Scott Abell,2025,5.5,Underdog,L,U
2025,2025-10-04T23:00:00.000Z,Zach Kittley,Florida Atlantic,Florida Atlantic,Rice,Away,27,21,-5.5,0.5,W,48.5,48,-0.5,U,17,7,-9.5,0.5,W,28.5,24,-4.5,U,10,14,3.0,-1.0,L,27.0,24,-3.0,U,Florida Atlantic,florida atlantic,Zach Kittley,2025,-5.5,Favorite,W,U
2025,2025-10-04T23:00:00.000Z,Gerad Parker,Troy,Troy,South Alabama,Home,31,24,-1.5,5.5,W,57.5,55,-2.5,U,14,7,0.5,7.5,W,23.5,21,-2.5,U,17,17,2.5,2.5,W,21.5,34,12.5,O,Troy,troy,Gerad Parker,2025,-1.5,Favorite,W,U
2025,2025-10-04T23:00:00.000Z,Major Applewhite,South Alabama,South Alabama,Troy,Away,24,31,1.5,-5.5,L,57.5,55,-2.5,U,7,14,-0.5,-7.5,L,23.5,21,-2.5,U,17,17,-2.5,-2.5,L,21.5,34,12.5,O,South Alabama,south alabama,Major Applewhite,2025,1.5,Underdog,L,U
2025,2025-10-04T23:00:00.000Z,Willie Fritz,Houston,Houston,Texas Tech,Home,11,35,24.5,0.5,W,46.5,46,-0.5,U,11,25,7.5,-6.5,L,31.5,36,4.5,O,0,10,4.5,-5.5,L,23.5,10,-13.5,U,Houston,houston,Willie Fritz,2025,24.5,Underdog,W,U
2025,2025-10-04T23:00:00.000Z,Joey McGuire,Texas Tech,Texas Tech,Houston,Away,35,11,-24.5,-0.5,L,46.5,46,-0.5,U,25,11,-7.5,6.5,W,31.5,36,4.5,O,10,0,-4.5,5.5,W,23.5,10,-13.5,U,Texas Tech,texas tech,Joey McGuire,2025,-24.5,Favorite,L,U
2025,2025-10-04T23:00:00.000Z,Jay Sawvel,Wyoming,Wyoming,UNLV,Home,17,31,13.5,-0.5,L,48.5,48,-0.5,U,3,24,14.5,-6.5,L,24.5,27,2.5,O,14,7,1.0,8.0,W,21.5,21,-0.5,U,Wyoming,wyoming,Jay Sawvel,2025,13.5,Underdog,L,U
2025,2025-10-04T23:00:00.000Z,Dan Mullen,UNLV,UNLV,Wyoming,Away,31,17,-13.5,0.5,W,48.5,48,-0.5,U,24,3,-14.5,6.5,W,24.5,27,2.5,O,7,14,-1.0,-8.0,L,21.5,21,-0.5,U,UNLV,unlv,Dan Mullen,2025,-13.5,Favorite,W,U
2025,2025-10-04T23:30:00.000Z,Sonny Dykes,TCU,TCU,Colorado,Home,35,21,-8.5,5.5,W,49.5,56,6.5,O,14,14,-7.5,-7.5,L,28.5,28,-0.5,U,21,7,-6.5,7.5,W,27.5,28,0.5,O,TCU,tcu,Sonny Dykes,2025,-8.5,Favorite,W,O
2025,2025-10-04T23:30:00.000Z,Deion Sanders,Colorado,Colorado,TCU,Away,21,35,8.5,-5.5,L,49.5,56,6.5,O,14,14,7.5,7.5,W,28.5,28,-0.5,U,7,21,6.5,-7.5,L,27.5,28,0.5,O,Colorado,colorado,Deion Sanders,2025,8.5,Underdog,L,O
2025,2025-10-04T23:30:00.000Z,Scott Frost,Central Florida,Central Florida,Kansas,Home,20,27,6.5,-0.5,L,53.5,47,-6.5,U,20,14,2.5,8.5,W,26.5,34,7.5,O,0,13,1.5,-11.5,L,27.5,13,-14.5,U,Central Florida,central florida,Scott Frost,2025,6.5,Underdog,L,U
2025,2025-10-04T23:30:00.000Z,Lance Leipold,Kansas,Kansas,UCF,Away,27,20,-6.5,0.5,W,53.5,47,-6.5,U,14,20,-2.5,-8.5,L,26.5,34,7.5,O,13,0,-1.5,11.5,W,27.5,13,-14.5,U,Kansas,kansas,Lance Leipold,2025,-6.5,Favorite,W,U
2025,2025-10-04T23:30:00.000Z,Mike Norvell,Florida State,Florida State,Miami Hurricanes,Home,22,28,6.5,0.5,W,54.5,50,-4.5,U,3,14,1.5,-9.5,L,26.5,17,-9.5,U,19,14,2.5,7.5,W,27.5,33,5.5,O,Florida State,florida state,Mike Norvell,2025,6.5,Underdog,W,U
2025,2025-10-04T23:30:00.000Z,Mario Cristobal,Miami-FL,Miami-FL,Florida State,Away,28,22,-6.5,-0.5,L,54.5,50,-4.5,U,14,3,-1.5,9.5,W,26.5,17,-9.5,U,14,19,-2.5,-7.5,L,27.5,33,5.5,O,Miami-FL,miami-fl,Mario Cristobal,2025,-6.5,Favorite,L,U
2025,2025-10-04T23:30:00.000Z,Ryan Day,Ohio State,Ohio State,Minnesota,Home,42,3,-39.5,-0.5,L,44.5,45,0.5,O,21,3,-13.5,4.5,W,23.0,24,1.0,O,21,0,-11.5,9.5,W,21.0,21,0.0,P,Ohio State,ohio state,Ryan Day,2025,-39.5,Favorite,L,O
2025,2025-10-04T23:30:00.000Z,Mike Elko,Texas A&M,Texas A&M,Mississippi St.,Home,31,9,-22.5,-0.5,L,40.5,40,-0.5,U,7,3,-8.5,-4.5,L,29.5,10,-19.5,U,24,6,-8.5,9.5,W,27.5,30,2.5,O,Texas A&M,texas a&m,Mike Elko,2025,-22.5,Favorite,L,U
2025,2025-10-04T23:30:00.000Z,Jeff Lebby,Mississippi State,Mississippi State,Texas A&M,Away,9,31,22.5,0.5,W,40.5,40,-0.5,U,3,7,8.5,4.5,W,29.5,10,-19.5,U,6,24,8.5,-9.5,L,27.5,30,2.5,O,Mississippi State,mississippi state,Jeff Lebby,2025,22.5,Underdog,W,U
2025,2025-10-05T02:30:00.000Z,Manny Diaz,Duke,Duke,California,Away,45,21,-24.5,-0.5,L,66.5,66,-0.5,U,31,21,-2.5,7.5,W,48.5,52,3.5,O,14,0,-2.5,11.5,W,30.0,14,-16.0,U,Duke,duke,Manny Diaz,2025,-24.5,Favorite,L,U
2025,2025-10-05T02:30:00.000Z,Matt Entz,Fresno State,Fresno State,Nevada,Home,20,17,-3.5,-0.5,L,37.5,37,-0.5,U,20,3,-10.5,6.5,W,23.0,23,0.0,P,0,14,-6.5,-20.5,L,20.5,14,-6.5,U,Fresno State,fresno state,Matt Entz,2025,-3.5,Favorite,L,U
2025,2025-10-05T02:30:00.000Z,Jeff Choate,Nevada,Nevada,Fresno St.,Away,17,20,3.5,0.5,W,37.5,37,-0.5,U,3,20,10.5,-6.5,L,23.0,23,0.0,P,14,0,6.5,20.5,W,20.5,14,-6.5,U,Nevada,nevada,Jeff Choate,2025,3.5,Underdog,W,U
2025,2025-10-08T23:30:00.000Z,Derek Mason,Middle Tennessee,Middle Tennessee,Missouri State,Home,20,22,1.5,-0.5,L,44.5,42,-2.5,U,13,16,2.5,-0.5,L,24.5,29,4.5,O,7,6,0.5,1.5,W,24.5,13,-11.5,U,Middle Tennessee,middle tennessee,Derek Mason,2025,1.5,Underdog,L,U
2025,2025-10-08T23:30:00.000Z,Ryan Beard,Coastal Carolina,Missouri State,Middle Tennessee St.,Away,22,20,-1.5,0.5,W,44.5,42,-2.5,U,16,13,-2.5,0.5,W,24.5,29,4.5,O,6,7,-0.5,-1.5,L,24.5,13,-11.5,U,Coastal Carolina,coastal carolina,Ryan Beard,2025,-1.5,Favorite,W,U
2025,2025-10-09T23:00:00.000Z,Jerry Mack,Kennesaw State,Kennesaw State,Louisiana Tech,Home,35,7,-27.5,0.5,W,42.5,42,-0.5,U,14,7,-7.5,-0.5,L,23.0,21,-2.0,U,21,0,2.0,23.0,W,23.0,21,-2.0,U,Kennesaw State,kennesaw state,Jerry Mack,2025,-27.5,Favorite,W,U
2025,2025-10-09T23:00:00.000Z,Sonny Cumbie,Louisiana Tech,Louisiana Tech,Kennesaw St.,Away,7,35,27.5,-0.5,L,42.5,42,-0.5,U,7,14,7.5,0.5,W,23.0,21,-2.0,U,0,21,-2.0,-23.0,L,23.0,21,-2.0,U,Louisiana Tech,louisiana tech,Sonny Cumbie,2025,27.5,Underdog,L,U
2025,2025-10-09T23:30:00.000Z,Jon Sumrall,Florida,Tulane,East Carolina,Home,26,19,-2.5,4.5,W,44.5,45,0.5,O,12,0,-3.5,8.5,W,27.5,12,-15.5,U,14,19,-6.0,-11.0,L,26.0,33,7.0,O,Florida,florida,Jon Sumrall,2025,-2.5,Favorite,W,O
2025,2025-10-09T23:30:00.000Z,Blake Harrell,East Carolina,East Carolina,Tulane,Away,19,26,2.5,-4.5,L,44.5,45,0.5,O,0,12,3.5,-8.5,L,27.5,12,-15.5,U,19,14,6.0,11.0,W,26.0,33,7.0,O,East Carolina,east carolina,Blake Harrell,2025,2.5,Underdog,L,O
2025,2025-10-10T23:30:00.000Z,Eric Morris,Oklahoma State,North Texas,South Florida,Home,36,63,29.5,2.5,W,105.5,99,-6.5,U,21,21,-0.5,-0.5,L,34.5,42,7.5,O,15,42,0.0,-27.0,L,35.0,57,22.0,O,Oklahoma State,oklahoma state,Eric Morris,2025,29.5,Underdog,W,U
2025,2025-10-10T23:30:00.000Z,Alex Golesh,Auburn,South Florida,North Texas,Away,63,36,-29.5,-2.5,L,105.5,99,-6.5,U,21,21,0.5,0.5,W,34.5,42,7.5,O,42,15,0.0,27.0,W,35.0,57,22.0,O,Auburn,auburn,Alex Golesh,2025,-29.5,Favorite,L,U
2025,2025-10-11T01:00:00.000Z,Matt Entz,Fresno State,Fresno State,Colorado State,Away,21,49,27.5,-0.5,L,47.5,70,22.5,O,14,35,-3.5,-24.5,L,23.5,49,25.5,O,7,14,-1.5,-8.5,L,23.5,21,-2.5,U,Fresno State,fresno state,Matt Entz,2025,27.5,Underdog,L,O
2025,2025-10-11T01:00:00.000Z,Jedd Fisch,Washington,Washington,Rutgers,Home,38,19,-12.5,6.5,W,63.5,57,-6.5,U,10,13,2.5,-0.5,L,30.5,23,-7.5,U,28,6,-7.0,15.0,W,33.0,34,1.0,O,Washington,washington,Jedd Fisch,2025,-12.5,Favorite,W,U
2025,2025-10-11T01:00:00.000Z,Greg Schiano,Rutgers,Rutgers,Washington,Away,19,38,12.5,-6.5,L,63.5,57,-6.5,U,13,10,-2.5,0.5,W,30.5,23,-7.5,U,6,28,7.0,-15.0,L,33.0,34,1.0,O,Rutgers,rutgers,Greg Schiano,2025,12.5,Underdog,L,U
2025,2025-10-11T16:00:00.000Z,Eli Drinkwitz,Missouri,Missouri,Alabama,Home,24,27,2.5,-0.5,L,44.5,51,6.5,O,10,17,1.5,-5.5,L,26.5,27,0.5,O,14,10,0.5,4.5,W,24.5,24,-0.5,U,Missouri,missouri,Eli Drinkwitz,2025,2.5,Underdog,L,O
2025,2025-10-11T16:00:00.000Z,Kalen DeBoer,Alabama,Alabama,Missouri,Away,27,24,-2.5,0.5,W,44.5,51,6.5,O,17,10,-1.5,5.5,W,26.5,27,0.5,O,10,14,-0.5,-4.5,L,24.5,24,-0.5,U,Alabama,alabama,Kalen DeBoer,2025,-2.5,Favorite,W,O
2025,2025-10-11T16:00:00.000Z,Jeff Monken,Army,Army,Charlotte,Home,24,7,-27.5,-10.5,L,30.5,31,0.5,O,17,0,-13.5,3.5,W,23.5,17,-6.5,U,7,7,-9.5,-9.5,L,20.0,14,-6.0,U,Army,army,Jeff Monken,2025,-27.5,Favorite,L,O
2025,2025-10-11T16:00:00.000Z,Tim Albin,Charlotte,Charlotte,Army,Away,7,24,27.5,10.5,W,30.5,31,0.5,O,0,17,13.5,-3.5,L,23.5,17,-6.5,U,7,7,9.5,9.5,W,20.0,14,-6.0,U,Charlotte,charlotte,Tim Albin,2025,27.5,Underdog,W,O
2025,2025-10-11T16:00:00.000Z,Willie Fritz,Houston,Houston,Oklahoma St.,Away,39,17,-22.5,-0.5,L,53.5,56,2.5,O,24,10,-7.5,6.5,W,26.5,34,7.5,O,15,7,-7.0,1.0,W,23.5,22,-1.5,U,Houston,houston,Willie Fritz,2025,-22.5,Favorite,L,O
2025,2025-10-11T16:00:00.000Z,Bob Chesney,UCLA,James Madison,Lafayette,Home,24,14,-9.5,0.5,W,38.5,38,-0.5,U,7,14,-0.5,-7.5,L,23.5,21,-2.5,U,17,0,-10.5,6.5,W,24.0,17,-7.0,U,UCLA,ucla,Bob Chesney,2025,-9.5,Favorite,W,U
2025,2025-10-11T16:00:00.000Z,Joe Moorhead,Akron,Akron,Miami Ohio,Home,7,20,15.5,2.5,W,33.5,27,-6.5,U,0,3,2.5,-0.5,L,4.5,3,-1.5,U,7,17,6.5,-3.5,L,21.5,24,2.5,O,Akron,akron,Joe Moorhead,2025,15.5,Underdog,W,U
2025,2025-10-11T16:00:00.000Z,Chuck Martin,Miami-OH,Miami-OH,Akron,Away,20,7,-15.5,-2.5,L,33.5,27,-6.5,U,3,0,-2.5,0.5,W,4.5,3,-1.5,U,17,7,-6.5,3.5,W,21.5,24,2.5,O,Miami-OH,miami-oh,Chuck Martin,2025,-15.5,Favorite,L,U
2025,2025-10-11T16:00:00.000Z,Bret Bielema,Illinois,Illinois,Ohio State,Home,16,34,17.5,-0.5,L,52.5,50,-2.5,U,3,20,7.5,-9.5,L,26.5,23,-3.5,U,13,14,7.0,6.0,W,23.5,27,3.5,O,Illinois,illinois,Bret Bielema,2025,17.5,Underdog,L,U
2025,2025-10-11T16:00:00.000Z,Ryan Day,Ohio State,Ohio State,Illinois,Away,34,16,-17.5,0.5,W,52.5,50,-2.5,U,20,3,-7.5,9.5,W,26.5,23,-3.5,U,14,13,-7.0,-6.0,L,23.5,27,3.5,O,Ohio State,ohio state,Ryan Day,2025,-17.5,Favorite,W,U
2025,2025-10-11T16:00:00.000Z,Mike Norvell,Florida State,Florida State,Pittsburgh,Home,31,34,-10.5,-13.5,L,57.0,65,8.0,O,21,14,-4.5,2.5,W,28.5,35,6.5,O,10,20,-6.5,-16.5,L,27.5,30,2.5,O,Florida State,florida state,Mike Norvell,2025,-10.5,Favorite,L,O
2025,2025-10-11T16:00:00.000Z,Pat Narduzzi,Pittsburgh,Pittsburgh,Florida State,Away,34,31,10.5,13.5,W,57.0,65,8.0,O,14,21,4.5,-2.5,L,28.5,35,6.5,O,20,10,6.5,16.5,W,27.5,30,2.5,O,Pittsburgh,pittsburgh,Pat Narduzzi,2025,10.5,Underdog,W,O
2025,2025-10-11T16:00:00.000Z,Rhett Lashlee,SMU,SMU,Stanford,Home,34,10,-21.5,2.5,W,41.5,44,2.5,O,17,7,-10.5,-0.5,L,28.5,24,-4.5,U,17,3,-7.5,6.5,W,26.5,20,-6.5,U,SMU,smu,Rhett Lashlee,2025,-21.5,Favorite,W,O
2025,2025-10-11T16:00:00.000Z,Eddie George,Bowling Green,Bowling Green,Toledo,Home,28,23,-6.5,-1.5,L,49.5,51,1.5,O,7,21,6.5,-7.5,L,23.5,28,4.5,O,21,2,4.5,23.5,W,21.0,23,2.0,O,Bowling Green,bowling green,Eddie George,2025,-6.5,Favorite,L,O
2025,2025-10-11T16:00:00.000Z,Jason Candle,Connecticut,Toledo,Bowling Green,Away,23,28,6.5,1.5,W,49.5,51,1.5,O,21,7,-6.5,7.5,W,23.5,28,4.5,O,2,21,-4.5,-23.5,L,21.0,23,2.0,O,Connecticut,connecticut,Jason Candle,2025,6.5,Underdog,W,O
2025,2025-10-11T16:00:00.000Z,Scott Satterfield,Cincinnati,Cincinnati,UCF,Home,20,11,-10.5,-1.5,L,56.0,31,-25.0,U,17,3,-7.5,6.5,W,28.5,20,-8.5,U,3,8,-3.5,-8.5,L,27.5,11,-16.5,U,Cincinnati,cincinnati,Scott Satterfield,2025,-10.5,Favorite,L,U
2025,2025-10-11T16:00:00.000Z,Scott Frost,Central Florida,Central Florida,Cincinnati,Away,11,20,10.5,1.5,W,56.0,31,-25.0,U,3,17,7.5,-6.5,L,28.5,20,-8.5,U,8,3,3.5,8.5,W,27.5,11,-16.5,U,Central Florida,central florida,Scott Frost,2025,10.5,Underdog,W,U
2025,2025-10-11T16:45:00.000Z,Lane Kiffin,LSU,Ole Miss,Washington St.,Home,24,21,-3.5,-0.5,L,45.5,45,-0.5,U,10,7,-20.5,-17.5,L,31.5,17,-14.5,U,14,14,-14.5,-14.5,L,27.5,28,0.5,O,LSU,lsu,Lane Kiffin,2025,-3.5,Favorite,L,U
2025,2025-10-11T16:45:00.000Z,Jimmy Rogers,Iowa State,Washington State,Ole Miss,Away,21,24,3.5,0.5,W,45.5,45,-0.5,U,7,10,20.5,17.5,W,31.5,17,-14.5,U,14,14,14.5,14.5,W,27.5,28,0.5,O,Iowa State,iowa state,Jimmy Rogers,2025,3.5,Underdog,W,U
2025,2025-10-11T17:00:00.000Z,Chris Creighton,Eastern Michigan,Eastern Michigan,Northern Illinois,Home,16,10,-5.5,0.5,W,47.5,26,-21.5,U,6,3,1.5,4.5,W,23.5,9,-14.5,U,10,7,0.5,3.5,W,23.5,17,-6.5,U,Eastern Michigan,eastern michigan,Chris Creighton,2025,-5.5,Favorite,W,U
2025,2025-10-11T18:30:00.000Z,Mark Carney,Kent State,Kent State,UMass,Home,42,6,-35.5,0.5,W,52.5,48,-4.5,U,21,6,-14.5,0.5,W,24.5,27,2.5,O,21,0,-20.5,0.5,W,24.5,21,-3.5,U,Kent State,kent state,Mark Carney,2025,-35.5,Favorite,W,U
2025,2025-10-11T18:30:00.000Z,Joe Harasymiak,Massachusetts,Massachusetts,Kent State,Away,6,42,35.5,-0.5,L,52.5,48,-4.5,U,6,21,14.5,-0.5,L,24.5,27,2.5,O,0,21,20.5,-0.5,L,24.5,21,-3.5,U,Massachusetts,massachusetts,Joe Harasymiak,2025,35.5,Underdog,L,U
2025,2025-10-11T19:30:00.000Z,Dan Mullen,UNLV,UNLV,Air Force,Home,51,48,-2.5,0.5,W,91.5,99,7.5,O,13,21,8.5,0.5,W,32.5,34,1.5,O,38,27,-4.5,6.5,W,33.5,65,31.5,O,UNLV,unlv,Dan Mullen,2025,-2.5,Favorite,W,O
2025,2025-10-11T19:30:00.000Z,Troy Calhoun,Air Force,Air Force,UNLV,Away,48,51,2.5,-0.5,L,91.5,99,7.5,O,21,13,-8.5,-0.5,L,32.5,34,1.5,O,27,38,4.5,-6.5,L,33.5,65,31.5,O,Air Force,air force,Troy Calhoun,2025,2.5,Underdog,L,O
2025,2025-10-11T19:30:00.000Z,Dell McGee,Georgia State,Georgia State,Appalachian St.,Home,20,41,21.0,0.0,P,67.5,61,-6.5,U,0,17,1.5,-15.5,L,27.5,17,-10.5,U,20,24,-0.5,-4.5,L,26.5,44,17.5,O,Georgia State,georgia state,Dell McGee,2025,21.0,Underdog,P,U
2025,2025-10-11T19:30:00.000Z,Dowell Loggains,Appalachian State,Appalachian State,Georgia St.,Away,41,20,-21.0,0.0,P,67.5,61,-6.5,U,17,0,-1.5,15.5,W,27.5,17,-10.5,U,24,20,0.5,4.5,W,26.5,44,17.5,O,Appalachian State,appalachian state,Dowell Loggains,2025,-21.0,Favorite,P,U
2025,2025-10-11T19:30:00.000Z,Lance Taylor,Western Michigan,Western Michigan,Ball State,Home,42,0,-41.5,0.5,W,42.5,42,-0.5,U,21,0,-5.5,15.5,W,21.5,21,-0.5,U,21,0,-4.5,16.5,W,20.5,21,0.5,O,Western Michigan,western michigan,Lance Taylor,2025,-41.5,Favorite,W,U
2025,2025-10-11T19:30:00.000Z,Mike Uremovich,Ball State,Ball State,Western Michigan,Away,0,42,41.5,-0.5,L,42.5,42,-0.5,U,0,21,5.5,-15.5,L,21.5,21,-0.5,U,0,21,4.5,-16.5,L,20.5,21,0.5,O,Ball State,ball state,Mike Uremovich,2025,41.5,Underdog,L,U
2025,2025-10-11T19:30:00.000Z,Dan Lanning,Oregon,Oregon,Indiana,Home,20,30,9.5,-0.5,L,51.5,50,-1.5,U,10,13,-5.5,-8.5,L,26.5,23,-3.5,U,10,17,-2.5,-9.5,L,24.5,27,2.5,O,Oregon,oregon,Dan Lanning,2025,9.5,Underdog,L,U
2025,2025-10-11T19:30:00.000Z,Curt Cignetti,Indiana,Indiana,Oregon,Away,30,20,-9.5,0.5,W,51.5,50,-1.5,U,13,10,5.5,8.5,W,26.5,23,-3.5,U,17,10,2.5,9.5,W,24.5,27,2.5,O,Indiana,indiana,Curt Cignetti,2025,-9.5,Favorite,W,U
2025,2025-10-11T19:30:00.000Z,Deion Sanders,Colorado,Colorado,Iowa State,Home,24,17,-7.5,-0.5,L,41.5,41,-0.5,U,7,10,-4.5,-7.5,L,25.5,17,-8.5,U,17,7,0.5,10.5,W,24.0,24,0.0,P,Colorado,colorado,Deion Sanders,2025,-7.5,Favorite,L,U
2025,2025-10-11T19:30:00.000Z,Matt Campbell,Penn State,Iowa State,Colorado,Away,17,24,7.5,0.5,W,41.5,41,-0.5,U,10,7,4.5,7.5,W,25.5,17,-8.5,U,7,17,-0.5,-10.5,L,24.0,24,0.0,P,Penn State,penn state,Matt Campbell,2025,7.5,Underdog,W,U
2025,2025-10-11T19:30:00.000Z,Marcus Freeman,Notre Dame,Notre Dame,NC State,Home,36,7,-28.5,0.5,W,44.5,43,-1.5,U,10,7,-13.5,-10.5,L,30.5,17,-13.5,U,26,0,-10.5,15.5,W,26.5,26,-0.5,U,Notre Dame,notre dame,Marcus Freeman,2025,-28.5,Favorite,W,U
2025,2025-10-11T19:30:00.000Z,Dave Doeren,NC State,NC State,Notre Dame,Away,7,36,28.5,-0.5,L,44.5,43,-1.5,U,7,10,13.5,10.5,W,30.5,17,-13.5,U,0,26,10.5,-15.5,L,26.5,26,-0.5,U,NC State,nc state,Dave Doeren,2025,28.5,Underdog,L,U
2025,2025-10-11T19:30:00.000Z,Mike Locksley,Maryland,Maryland,Nebraska,Home,31,34,2.5,-0.5,L,47.0,65,18.0,O,17,24,4.5,-2.5,L,23.5,41,17.5,O,14,10,2.5,6.5,W,23.5,24,0.5,O,Maryland,maryland,Mike Locksley,2025,2.5,Underdog,L,O
2025,2025-10-11T19:30:00.000Z,Matt Rhule,Nebraska,Nebraska,Maryland,Away,34,31,-2.5,0.5,W,47.0,65,18.0,O,24,17,-4.5,2.5,W,23.5,41,17.5,O,10,14,-2.5,-6.5,L,23.5,24,0.5,O,Nebraska,nebraska,Matt Rhule,2025,-2.5,Favorite,W,O
2025,2025-10-11T19:30:00.000Z,James Franklin,Virginia Tech,Penn State,Northwestern,Home,21,22,3.5,2.5,W,46.5,43,-3.5,U,14,13,-3.5,-2.5,L,24.5,27,2.5,O,7,9,-9.5,-11.5,L,21.5,16,-5.5,U,Virginia Tech,virginia tech,James Franklin,2025,3.5,Underdog,W,U
2025,2025-10-11T19:30:00.000Z,David Braun,Northwestern,Northwestern,Penn State,Away,22,21,-3.5,-2.5,L,46.5,43,-3.5,U,13,14,3.5,2.5,W,24.5,27,2.5,O,9,7,9.5,11.5,W,21.5,16,-5.5,U,Northwestern,northwestern,David Braun,2025,-3.5,Favorite,L,U
2025,2025-10-11T19:30:00.000Z,Steve Sarkisian,Texas,Texas,Oklahoma,Home,23,6,-16.5,0.5,W,29.5,29,-0.5,U,3,6,3.5,0.5,W,13.5,9,-4.5,U,20,0,-2.5,17.5,W,20.5,20,-0.5,U,Texas,texas,Steve Sarkisian,2025,-16.5,Favorite,W,U
2025,2025-10-11T19:30:00.000Z,Brent Venables,Oklahoma,Oklahoma,Texas,Away,6,23,16.5,-0.5,L,29.5,29,-0.5,U,6,3,-3.5,-0.5,L,13.5,9,-4.5,U,0,20,2.5,-17.5,L,20.5,20,-0.5,U,Oklahoma,oklahoma,Brent Venables,2025,16.5,Underdog,L,U
2025,2025-10-11T19:30:00.000Z,Tony Gibson,Marshall,Marshall,Old Dominion,Home,48,24,-24.5,-0.5,L,67.5,72,4.5,O,24,10,7.5,21.5,W,30.5,34,3.5,O,24,14,10.0,20.0,W,28.5,38,9.5,O,Marshall,marshall,Tony Gibson,2025,-24.5,Favorite,L,O
2025,2025-10-11T19:30:00.000Z,Ricky Rahne,Old Dominion,Old Dominion,Marshall,Away,24,48,24.5,0.5,W,67.5,72,4.5,O,10,24,-7.5,-21.5,L,30.5,34,3.5,O,14,24,-10.0,-20.0,L,28.5,38,9.5,O,Old Dominion,old dominion,Ricky Rahne,2025,24.5,Underdog,W,O
2025,2025-10-11T19:30:00.000Z,Sonny Dykes,TCU,TCU,Kansas St.,Away,28,41,19.5,6.5,W,62.5,69,6.5,O,7,14,-6.5,-13.5,L,27.5,21,-6.5,U,21,27,-3.0,-9.0,L,26.0,48,22.0,O,TCU,tcu,Sonny Dykes,2025,19.5,Underdog,W,O
2025,2025-10-11T19:30:00.000Z,Brent Key,Georgia Tech,Georgia Tech,Virginia Tech,Home,35,20,-14.5,0.5,W,55.5,55,-0.5,U,21,7,-7.5,6.5,W,28.5,28,-0.5,U,14,13,-6.5,-5.5,L,26.5,27,0.5,O,Georgia Tech,georgia tech,Brent Key,2025,-14.5,Favorite,W,U
2025,2025-10-11T19:30:00.000Z,Jake Dickert,Wake Forest,Wake Forest,Oregon State,Away,39,14,-25.5,-0.5,L,59.5,53,-6.5,U,25,0,-0.5,24.5,W,23.5,25,1.5,O,14,14,0.5,0.5,W,23.5,28,4.5,O,Wake Forest,wake forest,Jake Dickert,2025,-25.5,Favorite,L,U
2025,2025-10-11T20:00:00.000Z,Brian Newberry,Navy,Navy,Temple,Away,32,31,1.5,2.5,W,54.5,63,8.5,O,7,17,3.5,-6.5,L,26.5,24,-2.5,U,25,14,-7.0,4.0,W,26.5,39,12.5,O,Navy,navy,Brian Newberry,2025,1.5,Underdog,W,O
2025,2025-10-11T20:15:00.000Z,Josh Heupel,Tennessee,Tennessee,Arkansas,Home,34,31,-2.5,0.5,W,64.5,65,0.5,O,17,17,-6.5,-6.5,L,34.5,34,-0.5,U,17,14,-6.5,-3.5,L,34.5,31,-3.5,U,Tennessee,tennessee,Josh Heupel,2025,-2.5,Favorite,W,O
2025,2025-10-11T22:00:00.000Z,Zach Kittley,Florida Atlantic,Florida Atlantic,UAB,Home,53,33,-22.5,-2.5,L,89.5,86,-3.5,U,35,14,-21.5,-0.5,L,33.5,49,15.5,O,18,19,-3.5,-4.5,L,32.5,37,4.5,O,Florida Atlantic,florida atlantic,Zach Kittley,2025,-22.5,Favorite,L,U
2025,2025-10-11T23:00:00.000Z,Mike Elko,Texas A&M,Texas A&M,Florida,Home,34,17,-16.5,0.5,W,48.5,51,2.5,O,21,14,-3.5,3.5,W,23.5,35,11.5,O,13,3,-3.5,6.5,W,23.5,16,-7.5,U,Texas A&M,texas a&m,Mike Elko,2025,-16.5,Favorite,W,O
2025,2025-10-11T23:00:00.000Z,Billy Napier,James Madison,Florida,Texas A&M,Away,17,34,16.5,-0.5,L,48.5,51,2.5,O,14,21,3.5,-3.5,L,23.5,35,11.5,O,3,13,3.5,-6.5,L,23.5,16,-7.5,U,James Madison,james madison,Billy Napier,2025,16.5,Underdog,L,O
2025,2025-10-11T23:00:00.000Z,Luke Fickell,Wisconsin,Wisconsin,Iowa,Home,0,37,36.5,-0.5,L,37.5,37,-0.5,U,0,23,3.5,-19.5,L,17.5,23,5.5,O,0,14,2.5,-11.5,L,18.5,14,-4.5,U,Wisconsin,wisconsin,Luke Fickell,2025,36.5,Underdog,L,U
2025,2025-10-11T23:00:00.000Z,Kirk Ferentz,Iowa,Iowa,Wisconsin,Away,37,0,-36.5,0.5,W,37.5,37,-0.5,U,23,0,-3.5,19.5,W,17.5,23,5.5,O,14,0,-2.5,11.5,W,18.5,14,-4.5,U,Iowa,iowa,Kirk Ferentz,2025,-36.5,Favorite,W,U
2025,2025-10-11T23:00:00.000Z,Jay Sawvel,Wyoming,Wyoming,San Jose St.,Home,35,28,-6.5,0.5,W,55.5,63,7.5,O,14,28,0.5,-13.5,L,23.5,42,18.5,O,21,0,-0.5,20.5,W,23.5,21,-2.5,U,Wyoming,wyoming,Jay Sawvel,2025,-6.5,Favorite,W,O
2025,2025-10-11T23:00:00.000Z,Ken Niumatalolo,San Jose State,San Jose State,Wyoming,Away,28,35,6.5,-0.5,L,55.5,63,7.5,O,28,14,-0.5,13.5,W,23.5,42,18.5,O,0,21,0.5,-20.5,L,23.5,21,-2.5,U,San Jose State,san jose state,Ken Niumatalolo,2025,6.5,Underdog,L,O
2025,2025-10-11T23:00:00.000Z,Bryant Vincent,UL-Monroe,UL-Monroe,Coastal Carolina,Away,8,23,14.5,-0.5,L,46.5,31,-15.5,U,0,16,-1.5,-17.5,L,23.5,16,-7.5,U,8,7,-1.5,-0.5,L,22.5,15,-7.5,U,UL-Monroe,ul-monroe,Bryant Vincent,2025,14.5,Underdog,L,U
2025,2025-10-11T23:30:00.000Z,Bill O'Brien,Boston College,Boston College,Clemson,Home,10,41,24.5,-6.5,L,49.5,51,1.5,O,10,34,7.5,-16.5,L,27.5,44,16.5,O,0,7,6.5,-0.5,L,26.5,7,-19.5,U,Boston College,boston college,Bill O'Brien,2025,24.5,Underdog,L,O
2025,2025-10-11T23:30:00.000Z,Dabo Swinney,Clemson,Clemson,Boston College,Away,41,10,-24.5,6.5,W,49.5,51,1.5,O,34,10,-7.5,16.5,W,27.5,44,16.5,O,7,0,-6.5,0.5,W,26.5,7,-19.5,U,Clemson,clemson,Dabo Swinney,2025,-24.5,Favorite,W,O
2025,2025-10-11T23:30:00.000Z,Joey McGuire,Texas Tech,Texas Tech,Kansas,Home,42,17,-22.5,2.5,W,58.5,59,0.5,O,21,17,-14.5,-10.5,L,30.5,38,7.5,O,21,0,-6.0,15.0,W,27.5,21,-6.5,U,Texas Tech,texas tech,Joey McGuire,2025,-22.5,Favorite,W,O
2025,2025-10-11T23:30:00.000Z,Lance Leipold,Kansas,Kansas,Texas Tech,Away,17,42,22.5,-2.5,L,58.5,59,0.5,O,17,21,14.5,10.5,W,30.5,38,7.5,O,0,21,6.0,-15.0,L,27.5,21,-6.5,U,Kansas,kansas,Lance Leipold,2025,22.5,Underdog,L,O
2025,2025-10-11T23:30:00.000Z,Lincoln Riley,USC,USC,Michigan,Home,31,13,-18.5,-0.5,L,58.0,44,-14.0,U,14,7,-3.5,3.5,W,29.5,21,-8.5,U,17,6,-0.5,10.5,W,28.5,23,-5.5,U,USC,usc,Lincoln Riley,2025,-18.5,Favorite,L,U
2025,2025-10-11T23:30:00.000Z,Barry Odom,Purdue,Purdue,Minnesota,Away,20,27,6.5,-0.5,L,49.5,47,-2.5,U,17,13,3.5,7.5,W,24.5,30,5.5,O,3,14,4.5,-6.5,L,23.5,17,-6.5,U,Purdue,purdue,Barry Odom,2025,6.5,Underdog,L,U
2025,2025-10-11T23:30:00.000Z,Jeff Traylor,UTSA,UTSA,Rice,Home,61,13,-47.5,0.5,W,74.5,74,-0.5,U,38,10,-6.5,21.5,W,24.5,48,23.5,O,23,3,-4.5,15.5,W,21.5,26,4.5,O,UTSA,utsa,Jeff Traylor,2025,-47.5,Favorite,W,U
2025,2025-10-11T23:30:00.000Z,Scott Abell,Rice,Rice,UTSA,Away,13,61,47.5,-0.5,L,74.5,74,-0.5,U,10,38,6.5,-21.5,L,24.5,48,23.5,O,3,23,4.5,-15.5,L,21.5,26,4.5,O,Rice,rice,Scott Abell,2025,47.5,Underdog,L,U
2025,2025-10-11T23:45:00.000Z,Shane Beamer,South Carolina,South Carolina,LSU Tigers,Away,10,20,10.5,0.5,W,44.5,30,-14.5,U,7,10,5.5,2.5,W,23.5,17,-6.5,U,3,10,2.5,-4.5,L,20.5,13,-7.5,U,South Carolina,south carolina,Shane Beamer,2025,10.5,Underdog,W,U
2025,2025-10-12T01:45:00.000Z,Spencer Danielson,Boise State,Boise State,New Mexico,Home,41,25,-17.5,-1.5,L,57.0,66,9.0,O,17,14,-6.5,-3.5,L,28.5,31,2.5,O,24,11,-7.5,5.5,W,28.5,35,6.5,O,Boise State,boise state,Spencer Danielson,2025,-17.5,Favorite,L,O
2025,2025-10-12T01:45:00.000Z,Jason Eck,New Mexico,New Mexico,Boise St,Away,25,41,17.5,1.5,W,57.0,66,9.0,O,14,17,6.5,3.5,W,28.5,31,2.5,O,11,24,7.5,-5.5,L,28.5,35,6.5,O,New Mexico,new mexico,Jason Eck,2025,17.5,Underdog,W,O
2025,2025-10-12T02:25:00.000Z,Kyle Whittingham,Michigan,Utah,Arizona St.,Home,42,10,-30.5,1.5,W,58.5,52,-6.5,U,21,3,-8.5,9.5,W,21.5,24,2.5,O,21,7,-4.5,9.5,W,20.5,28,7.5,O,Michigan,michigan,Kyle Whittingham,2025,-30.5,Favorite,W,U
2025,2025-10-12T02:25:00.000Z,Kenny Dillingham,Arizona State,Arizona State,Utah,Away,10,42,30.5,-1.5,L,58.5,52,-6.5,U,3,21,8.5,-9.5,L,21.5,24,2.5,O,7,21,4.5,-9.5,L,20.5,28,7.5,O,Arizona State,arizona state,Kenny Dillingham,2025,30.5,Underdog,L,U
2025,2025-10-12T02:30:00.000Z,Jeff Choate,Nevada,Nevada,San Diego St.,Home,10,44,40.5,6.5,W,48.5,54,5.5,O,0,35,3.5,-31.5,L,20.5,35,14.5,O,10,9,8.5,9.5,W,20.5,19,-1.5,U,Nevada,nevada,Jeff Choate,2025,40.5,Underdog,W,O
2025,2025-10-12T02:30:00.000Z,Sean Lewis,San Diego State,San Diego State,Nevada,Away,44,10,-40.5,-6.5,L,48.5,54,5.5,O,35,0,-3.5,31.5,W,20.5,35,14.5,O,9,10,-8.5,-9.5,L,20.5,19,-1.5,U,San Diego State,san diego state,Sean Lewis,2025,-40.5,Favorite,L,O
2025,2025-10-12T04:00:00.000Z,Timmy Chang,Hawaii,Hawaii,Utah State,Home,44,26,-17.5,0.5,W,70.5,70,-0.5,U,24,20,-1.5,2.5,W,27.5,44,16.5,O,20,6,1.5,15.5,W,27.5,26,-1.5,U,Hawaii,hawaii,Timmy Chang,2025,-17.5,Favorite,W,U
2025,2025-10-12T04:00:00.000Z,Bronco Mendenhall,Utah State,Utah State,Hawaii,Away,26,44,17.5,-0.5,L,70.5,70,-0.5,U,20,24,1.5,-2.5,L,27.5,44,16.5,O,6,20,-1.5,-15.5,L,27.5,26,-1.5,U,Utah State,utah state,Bronco Mendenhall,2025,17.5,Underdog,L,U
2025,2025-10-14T23:00:00.000Z,Jamey Chadwell,Liberty,Liberty,New Mexico St.,Home,30,27,-2.5,0.5,W,53.5,57,3.5,O,20,6,-6.5,7.5,W,23.5,26,2.5,O,10,21,-6.5,-17.5,L,23.5,31,7.5,O,Liberty,liberty,Jamey Chadwell,2025,-2.5,Favorite,W,O
2025,2025-10-14T23:00:00.000Z,Tony Sanchez,New Mexico State,New Mexico State,Liberty Flames,Away,27,30,2.5,-0.5,L,53.5,57,3.5,O,6,20,6.5,-7.5,L,23.5,26,2.5,O,21,10,6.5,17.5,W,23.5,31,7.5,O,New Mexico State,new mexico state,Tony Sanchez,2025,2.5,Underdog,L,O
2025,2025-10-14T23:30:00.000Z,Major Applewhite,South Alabama,South Alabama,Arkansas St.,Home,14,15,-1.5,-2.5,L,33.5,29,-4.5,U,7,3,-3.5,0.5,W,16.5,10,-6.5,U,7,12,-6.5,-11.5,L,29.5,19,-10.5,U,South Alabama,south alabama,Major Applewhite,2025,-1.5,Favorite,L,U
2025,2025-10-14T23:30:00.000Z,Butch Jones,Arkansas State,Arkansas State,South Alabama,Away,15,14,1.5,2.5,W,33.5,29,-4.5,U,3,7,3.5,-0.5,L,16.5,10,-6.5,U,12,7,6.5,11.5,W,29.5,19,-10.5,U,Arkansas State,arkansas state,Butch Jones,2025,1.5,Underdog,W,U
2025,2025-10-15T23:00:00.000Z,Charles Kelly,Jacksonville State,Jacksonville State,Delaware,Home,38,25,-13.0,0.0,P,63.5,63,-0.5,U,21,6,-20.5,-5.5,L,27.5,27,-0.5,U,17,19,0.5,-1.5,L,27.5,36,8.5,O,Jacksonville State,jacksonville state,Charles Kelly,2025,-13.0,Favorite,P,U
2025,2025-10-15T23:00:00.000Z,Ryan Carty,Delaware,Delaware,Jacksonville State Gamecocks,Away,25,38,13.0,0.0,P,63.5,63,-0.5,U,6,21,20.5,5.5,W,27.5,27,-0.5,U,19,17,-0.5,1.5,W,27.5,36,8.5,O,Delaware,delaware,Ryan Carty,2025,13.0,Underdog,P,U
2025,2025-10-15T23:00:00.000Z,Phil Longo,Sam Houston,Sam Houston,UTEP,Home,17,35,17.5,-0.5,L,52.5,52,-0.5,U,10,14,0.5,-3.5,L,30.5,24,-6.5,U,7,21,0.5,-13.5,L,23.0,28,5.0,O,Sam Houston,sam houston,Phil Longo,2025,17.5,Underdog,L,U
2025,2025-10-15T23:00:00.000Z,Scotty Walden,UTEP,UTEP,Sam Houston State Bearkats,Away,35,17,-17.5,0.5,W,52.5,52,-0.5,U,14,10,-0.5,3.5,W,30.5,24,-6.5,U,21,7,-0.5,13.5,W,23.0,28,5.0,O,UTEP,utep,Scotty Walden,2025,-17.5,Favorite,W,U
2025,2025-10-16T23:30:00.000Z,Blake Harrell,East Carolina,East Carolina,Tulsa,Home,41,27,-13.5,0.5,W,55.0,68,13.0,O,24,14,-9.5,0.5,W,27.5,38,10.5,O,17,13,-7.0,-3.0,L,28.5,30,1.5,O,East Carolina,east carolina,Blake Harrell,2025,-13.5,Favorite,W,O
2025,2025-10-16T23:30:00.000Z,Tre Lamb,Tulsa,Tulsa,East Carolina,Away,27,41,13.5,-0.5,L,55.0,68,13.0,O,14,24,9.5,-0.5,L,27.5,38,10.5,O,13,17,7.0,3.0,W,28.5,30,1.5,O,Tulsa,tulsa,Tre Lamb,2025,13.5,Underdog,L,O
2025,2025-10-17T23:00:00.000Z,Mario Cristobal,Miami-FL,Miami-FL,Louisville,Home,21,24,-3.5,-6.5,L,51.5,45,-6.5,U,10,14,-6.5,-10.5,L,24.5,24,-0.5,U,11,10,-7.0,-6.0,L,24.5,21,-3.5,U,Miami-FL,miami-fl,Mario Cristobal,2025,-3.5,Favorite,L,U
2025,2025-10-17T23:00:00.000Z,Jeff Brohm,Louisville,Louisville,Miami Hurricanes,Away,24,21,3.5,6.5,W,51.5,45,-6.5,U,14,10,6.5,10.5,W,24.5,24,-0.5,U,10,11,7.0,6.0,W,24.5,21,-3.5,U,Louisville,louisville,Jeff Brohm,2025,3.5,Underdog,W,U
2025,2025-10-18T01:00:00.000Z,Bronco Mendenhall,Utah State,Utah State,San Jose St.,Home,30,25,-4.5,0.5,W,63.0,55,-8.0,U,10,9,-1.5,-0.5,L,31.5,19,-12.5,U,20,16,-2.0,2.0,W,31.5,36,4.5,O,Utah State,utah state,Bronco Mendenhall,2025,-4.5,Favorite,W,U
2025,2025-10-18T01:00:00.000Z,Ken Niumatalolo,San Jose State,San Jose State,Utah State,Away,25,30,4.5,-0.5,L,63.0,55,-8.0,U,9,10,1.5,0.5,W,31.5,19,-12.5,U,16,20,2.0,-2.0,L,31.5,36,4.5,O,San Jose State,san jose state,Ken Niumatalolo,2025,4.5,Underdog,L,U
2025,2025-10-18T02:30:00.000Z,Bill Belichick,North Carolina,North Carolina,California,Away,18,21,2.5,-0.5,L,46.5,39,-7.5,U,10,14,3.5,-0.5,L,23.5,24,0.5,O,8,7,4.5,5.5,W,22.5,15,-7.5,U,North Carolina,north carolina,Bill Belichick,2025,2.5,Underdog,L,U
2025,2025-10-18T16:00:00.000Z,Willie Fritz,Houston,Houston,Arizona,Home,31,28,-2.5,0.5,W,62.5,59,-3.5,U,21,14,1.5,8.5,W,23.5,35,11.5,O,10,14,0.5,-3.5,L,23.5,24,0.5,O,Houston,houston,Willie Fritz,2025,-2.5,Favorite,W,U
2025,2025-10-18T16:00:00.000Z,Brent Brennan,Arizona,Arizona,Houston,Away,28,31,2.5,-0.5,L,62.5,59,-3.5,U,14,21,-1.5,-8.5,L,23.5,35,11.5,O,14,10,-0.5,3.5,W,23.5,24,0.5,O,Arizona,arizona,Brent Brennan,2025,2.5,Underdog,L,U
2025,2025-10-18T16:00:00.000Z,Jon Sumrall,Florida,Tulane,Army,Home,24,17,-1.5,5.5,W,33.5,41,7.5,O,3,3,-6.5,-6.5,L,22.5,6,-16.5,U,21,14,-6.5,0.5,W,21.0,35,14.0,O,Florida,florida,Jon Sumrall,2025,-1.5,Favorite,W,O
2025,2025-10-18T16:00:00.000Z,Jeff Monken,Army,Army,Tulane,Away,17,24,1.5,-5.5,L,33.5,41,7.5,O,3,3,6.5,6.5,W,22.5,6,-16.5,U,14,21,6.5,-0.5,L,21.0,35,14.0,O,Army,army,Jeff Monken,2025,1.5,Underdog,L,O
2025,2025-10-18T16:00:00.000Z,Sonny Dykes,TCU,TCU,Baylor,Home,42,36,-5.5,0.5,W,66.5,78,11.5,O,21,10,-1.5,9.5,W,28.5,31,2.5,O,21,26,-2.5,-7.5,L,31.5,47,15.5,O,TCU,tcu,Sonny Dykes,2025,-5.5,Favorite,W,O
2025,2025-10-18T16:00:00.000Z,Dave Aranda,Baylor,Baylor,TCU,Away,36,42,5.5,-0.5,L,66.5,78,11.5,O,10,21,1.5,-9.5,L,28.5,31,2.5,O,26,21,2.5,7.5,W,31.5,47,15.5,O,Baylor,baylor,Dave Aranda,2025,5.5,Underdog,L,O
2025,2025-10-18T16:00:00.000Z,Eddie George,Bowling Green,Bowling Green,Central Michigan,Home,6,27,20.5,-0.5,L,33.5,33,-0.5,U,6,17,-2.5,-13.5,L,21.0,23,2.0,O,0,10,-1.5,-11.5,L,20.5,10,-10.5,U,Bowling Green,bowling green,Eddie George,2025,20.5,Underdog,L,U
2025,2025-10-18T16:00:00.000Z,Matt Drinkall,Central Michigan,Central Michigan,Bowling Green,Away,27,6,-20.5,0.5,W,33.5,33,-0.5,U,17,6,2.5,13.5,W,21.0,23,2.0,O,10,0,1.5,11.5,W,20.5,10,-10.5,U,Central Michigan,central michigan,Matt Drinkall,2025,-20.5,Favorite,W,U
2025,2025-10-18T16:00:00.000Z,Bill O'Brien,Boston College,Boston College,Connecticut,Home,23,38,14.5,-0.5,L,57.5,61,3.5,O,20,17,1.5,4.5,W,29.5,37,7.5,O,3,21,0.5,-17.5,L,27.5,24,-3.5,U,Boston College,boston college,Bill O'Brien,2025,14.5,Underdog,L,O
2025,2025-10-18T16:00:00.000Z,Jim Mora,Colorado State,Connecticut,Boston College,Away,38,23,-14.5,0.5,W,57.5,61,3.5,O,17,20,-1.5,-4.5,L,29.5,37,7.5,O,21,3,-0.5,17.5,W,27.5,24,-3.5,U,Colorado State,colorado state,Jim Mora,2025,-14.5,Favorite,W,O
2025,2025-10-18T16:00:00.000Z,Chuck Martin,Miami-OH,Miami-OH,Eastern Michigan,Home,44,30,-20.5,-6.5,L,58.5,74,15.5,O,21,14,-14.5,-7.5,L,30.5,35,4.5,O,23,16,-6.5,0.5,W,23.5,39,15.5,O,Miami-OH,miami-oh,Chuck Martin,2025,-20.5,Favorite,L,O
2025,2025-10-18T16:00:00.000Z,Chris Creighton,Eastern Michigan,Eastern Michigan,Miami Ohio,Away,30,44,20.5,6.5,W,58.5,74,15.5,O,14,21,14.5,7.5,W,30.5,35,4.5,O,16,23,6.5,-0.5,L,23.5,39,15.5,O,Eastern Michigan,eastern michigan,Chris Creighton,2025,20.5,Underdog,W,O
2025,2025-10-18T16:00:00.000Z,Manny Diaz,Duke,Duke,Georgia Tech,Home,18,27,10.5,1.5,W,60.5,45,-15.5,U,7,7,-1.5,-1.5,L,30.5,14,-16.5,U,11,20,-2.5,-11.5,L,29.5,31,1.5,O,Duke,duke,Manny Diaz,2025,10.5,Underdog,W,U
2025,2025-10-18T16:00:00.000Z,Brent Key,Georgia Tech,Georgia Tech,Duke,Away,27,18,-10.5,-1.5,L,60.5,45,-15.5,U,7,7,1.5,1.5,W,30.5,14,-16.5,U,20,11,2.5,11.5,W,29.5,31,1.5,O,Georgia Tech,georgia tech,Brent Key,2025,-10.5,Favorite,L,U
2025,2025-10-18T16:00:00.000Z,Clark Lea,Vanderbilt,Vanderbilt,LSU Tigers,Home,31,24,-9.5,-2.5,L,47.5,55,7.5,O,17,13,1.5,5.5,W,23.5,30,6.5,O,14,11,-0.5,2.5,W,23.5,25,1.5,O,Vanderbilt,vanderbilt,Clark Lea,2025,-9.5,Favorite,L,O
2025,2025-10-18T16:00:00.000Z,Jedd Fisch,Washington,Washington,Michigan,Away,7,24,16.5,-0.5,L,31.5,31,-0.5,U,7,7,6.5,6.5,W,24.5,14,-10.5,U,0,17,1.5,-15.5,L,24.5,17,-7.5,U,Washington,washington,Jedd Fisch,2025,16.5,Underdog,L,U
2025,2025-10-18T16:45:00.000Z,Shane Beamer,South Carolina,South Carolina,Oklahoma,Home,7,26,18.5,-0.5,L,33.5,33,-0.5,U,7,14,10.5,3.5,W,20.5,21,0.5,O,0,12,0.5,-11.5,L,21.0,12,-9.0,U,South Carolina,south carolina,Shane Beamer,2025,18.5,Underdog,L,U
2025,2025-10-18T16:45:00.000Z,Brent Venables,Oklahoma,Oklahoma,South Carolina,Away,26,7,-18.5,0.5,W,33.5,33,-0.5,U,14,7,-10.5,-3.5,L,20.5,21,0.5,O,12,0,-0.5,11.5,W,21.0,12,-9.0,U,Oklahoma,oklahoma,Brent Venables,2025,-18.5,Favorite,W,U
2025,2025-10-18T17:00:00.000Z,Scott Frost,Central Florida,Central Florida,West Virginia,Home,45,13,-37.5,-5.5,L,48.5,58,9.5,O,14,7,-3.5,3.5,W,23.5,21,-2.5,U,31,6,-3.0,22.0,W,23.5,37,13.5,O,Central Florida,central florida,Scott Frost,2025,-37.5,Favorite,L,O
2025,2025-10-18T17:00:00.000Z,Rich Rodriguez,West Virginia,West Virginia,UCF,Away,13,45,37.5,5.5,W,48.5,58,9.5,O,7,14,3.5,-3.5,L,23.5,21,-2.5,U,6,31,3.0,-22.0,L,23.5,37,13.5,O,West Virginia,west virginia,Rich Rodriguez,2025,37.5,Underdog,W,O
2025,2025-10-18T18:00:00.000Z,Jason Candle,Connecticut,Toledo,Kent State,Home,45,10,-38.5,-3.5,L,55.5,55,-0.5,U,17,10,-13.5,-6.5,L,25.5,27,1.5,O,28,0,-13.0,15.0,W,23.0,28,5.0,O,Connecticut,connecticut,Jason Candle,2025,-38.5,Favorite,L,U
2025,2025-10-18T18:00:00.000Z,Mark Carney,Kent State,Kent State,Toledo,Away,10,45,38.5,3.5,W,55.5,55,-0.5,U,10,17,13.5,6.5,W,25.5,27,1.5,O,0,28,13.0,-15.0,L,23.0,28,5.0,O,Kent State,kent state,Mark Carney,2025,38.5,Underdog,W,U
2025,2025-10-18T18:30:00.000Z,Joe Harasymiak,Massachusetts,Massachusetts,Buffalo,Home,21,28,2.5,-4.5,L,47.5,49,1.5,O,14,10,-10.5,-6.5,L,23.5,24,0.5,O,7,18,7.0,-4.0,L,23.5,25,1.5,O,Massachusetts,massachusetts,Joe Harasymiak,2025,2.5,Underdog,L,O
2025,2025-10-18T18:30:00.000Z,Pete Lembo,Buffalo,Buffalo,UMass,Away,28,21,-2.5,4.5,W,47.5,49,1.5,O,10,14,10.5,6.5,W,23.5,24,0.5,O,18,7,-7.0,4.0,W,23.5,25,1.5,O,Buffalo,buffalo,Pete Lembo,2025,-2.5,Favorite,W,O
2025,2025-10-18T19:00:00.000Z,David Braun,Northwestern,Northwestern,Purdue,Home,19,0,-18.5,0.5,W,47.5,19,-28.5,U,13,0,-1.5,11.5,W,23.5,13,-10.5,U,6,0,0.0,6.0,W,21.0,6,-15.0,U,Northwestern,northwestern,David Braun,2025,-18.5,Favorite,W,U
2025,2025-10-18T19:00:00.000Z,Barry Odom,Purdue,Purdue,Northwestern,Away,0,19,18.5,-0.5,L,47.5,19,-28.5,U,0,13,1.5,-11.5,L,23.5,13,-10.5,U,0,6,0.0,-6.0,L,21.0,6,-15.0,U,Purdue,purdue,Barry Odom,2025,18.5,Underdog,L,U
2025,2025-10-18T19:00:00.000Z,Bryant Vincent,UL-Monroe,UL-Monroe,Troy,Home,14,37,22.5,-0.5,L,54.5,51,-3.5,U,8,17,2.5,-6.5,L,23.0,25,2.0,O,6,20,0.5,-13.5,L,21.5,26,4.5,O,UL-Monroe,ul-monroe,Bryant Vincent,2025,22.5,Underdog,L,U
2025,2025-10-18T19:00:00.000Z,Gerad Parker,Troy,Troy,ULM,Away,37,14,-22.5,0.5,W,54.5,51,-3.5,U,17,8,-2.5,6.5,W,23.0,25,2.0,O,20,6,-0.5,13.5,W,21.5,26,4.5,O,Troy,troy,Gerad Parker,2025,-22.5,Favorite,W,U
2025,2025-10-18T19:30:00.000Z,Mike Uremovich,Ball State,Ball State,Akron,Home,42,28,-15.5,-1.5,L,70.5,70,-0.5,U,14,15,0.5,-0.5,L,20.5,29,8.5,O,28,13,1.5,16.5,W,21.0,41,20.0,O,Ball State,ball state,Mike Uremovich,2025,-15.5,Favorite,L,U
2025,2025-10-18T19:30:00.000Z,Joe Moorhead,Akron,Akron,Ball State,Away,28,42,15.5,1.5,W,70.5,70,-0.5,U,15,14,-0.5,0.5,W,20.5,29,8.5,O,13,28,-1.5,-16.5,L,21.0,41,20.0,O,Akron,akron,Joe Moorhead,2025,15.5,Underdog,W,U
2025,2025-10-18T19:30:00.000Z,Dowell Loggains,Appalachian State,Appalachian State,Coastal Carolina,Home,37,45,2.5,-5.5,L,65.5,82,16.5,O,24,17,-6.5,0.5,W,38.5,41,2.5,O,13,28,-4.5,-19.5,L,23.5,41,17.5,O,Appalachian State,appalachian state,Dowell Loggains,2025,2.5,Underdog,L,O
2025,2025-10-18T19:30:00.000Z,Curt Cignetti,Indiana,Indiana,Michigan State,Home,38,13,-27.5,-2.5,L,51.5,51,-0.5,U,21,10,-15.5,-4.5,L,27.0,31,4.0,O,17,3,-13.5,0.5,W,24.0,20,-4.0,U,Indiana,indiana,Curt Cignetti,2025,-27.5,Favorite,L,U
2025,2025-10-18T19:30:00.000Z,Luke Fickell,Wisconsin,Wisconsin,Ohio State,Home,0,34,33.5,-0.5,L,34.5,34,-0.5,U,0,17,13.5,-3.5,L,21.5,17,-4.5,U,0,17,10.5,-6.5,L,19.5,17,-2.5,U,Wisconsin,wisconsin,Luke Fickell,2025,33.5,Underdog,L,U
2025,2025-10-18T19:30:00.000Z,Ryan Day,Ohio State,Ohio State,Wisconsin,Away,34,0,-33.5,0.5,W,34.5,34,-0.5,U,17,0,-13.5,3.5,W,21.5,17,-4.5,U,17,0,-10.5,6.5,W,19.5,17,-2.5,U,Ohio State,ohio state,Ryan Day,2025,-33.5,Favorite,W,U
2025,2025-10-18T19:30:00.000Z,Bob Chesney,UCLA,James Madison,Old Dominion,Home,63,27,-31.5,4.5,W,90.5,90,-0.5,U,28,27,-0.5,0.5,W,23.5,55,31.5,O,35,0,-2.0,33.0,W,28.0,35,7.0,O,UCLA,ucla,Bob Chesney,2025,-31.5,Favorite,W,U
2025,2025-10-18T19:30:00.000Z,Ricky Rahne,Old Dominion,Old Dominion,James Madison,Away,27,63,31.5,-4.5,L,90.5,90,-0.5,U,27,28,0.5,-0.5,L,23.5,55,31.5,O,0,35,2.0,-33.0,L,28.0,35,7.0,O,Old Dominion,old dominion,Ricky Rahne,2025,31.5,Underdog,L,U
2025,2025-10-18T19:30:00.000Z,Lane Kiffin,LSU,Ole Miss,Georgia B,Away,35,43,8.5,0.5,W,80.5,78,-2.5,U,21,20,3.5,4.5,W,27.5,41,13.5,O,14,23,3.0,-6.0,L,30.0,37,7.0,O,LSU,lsu,Lane Kiffin,2025,8.5,Underdog,W,U
2025,2025-10-18T19:30:00.000Z,Dabo Swinney,Clemson,Clemson,SMU,Home,24,35,10.5,-0.5,L,59.5,59,-0.5,U,7,16,-2.5,-11.5,L,24.5,23,-1.5,U,17,19,-3.0,-5.0,L,23.5,36,12.5,O,Clemson,clemson,Dabo Swinney,2025,10.5,Underdog,L,U
2025,2025-10-18T19:30:00.000Z,Rhett Lashlee,SMU,SMU,Clemson,Away,35,24,-10.5,0.5,W,59.5,59,-0.5,U,16,7,2.5,11.5,W,24.5,23,-1.5,U,19,17,3.0,5.0,W,23.5,36,12.5,O,SMU,smu,Rhett Lashlee,2025,-10.5,Favorite,W,U
2025,2025-10-18T19:30:00.000Z,Tim Albin,Charlotte,Charlotte,Temple,Home,14,49,41.5,6.5,W,62.5,63,0.5,O,7,28,6.5,-14.5,L,23.5,35,11.5,O,7,21,4.5,-9.5,L,21.5,28,6.5,O,Charlotte,charlotte,Tim Albin,2025,41.5,Underdog,W,O
2025,2025-10-18T19:30:00.000Z,Tony Gibson,Marshall,Marshall,Texas State,Home,40,37,1.5,4.5,W,75.5,77,1.5,O,13,17,3.5,-0.5,L,32.5,30,-2.5,U,27,20,-0.5,6.5,W,31.5,47,15.5,O,Marshall,marshall,Tony Gibson,2025,1.5,Underdog,W,O
2025,2025-10-18T19:30:00.000Z,Spencer Danielson,Boise State,Boise State,UNLV,Home,56,31,-25.5,-0.5,L,87.5,87,-0.5,U,28,24,-11.5,-7.5,L,31.0,52,21.0,O,28,7,-6.5,14.5,W,31.0,35,4.0,O,Boise State,boise state,Spencer Danielson,2025,-25.5,Favorite,L,U
2025,2025-10-18T19:30:00.000Z,Dan Mullen,UNLV,UNLV,Boise St,Away,31,56,25.5,0.5,W,87.5,87,-0.5,U,24,28,11.5,7.5,W,31.0,52,21.0,O,7,28,6.5,-14.5,L,31.0,35,4.0,O,UNLV,unlv,Dan Mullen,2025,25.5,Underdog,W,U
2025,2025-10-18T19:30:00.000Z,Troy Calhoun,Air Force,Air Force,Wyoming,Home,24,21,-3.5,-0.5,L,57.0,45,-12.0,U,6,7,0.5,-0.5,L,28.5,13,-15.5,U,18,14,0.0,4.0,W,27.0,32,5.0,O,Air Force,air force,Troy Calhoun,2025,-3.5,Favorite,L,U
2025,2025-10-18T19:30:00.000Z,Jay Sawvel,Wyoming,Wyoming,Air Force,Away,21,24,3.5,0.5,W,57.0,45,-12.0,U,7,6,-0.5,0.5,W,28.5,13,-15.5,U,14,18,0.0,-4.0,L,27.0,32,5.0,O,Wyoming,wyoming,Jay Sawvel,2025,3.5,Underdog,W,U
2025,2025-10-18T20:00:00.000Z,Ryan Silverfield,Arkansas,Memphis,UAB,Away,24,31,6.5,-0.5,L,54.5,55,0.5,O,14,17,-13.5,-16.5,L,31.5,31,-0.5,U,10,14,-10.5,-14.5,L,30.0,24,-6.0,U,Arkansas,arkansas,Ryan Silverfield,2025,6.5,Underdog,L,O
2025,2025-10-18T20:00:00.000Z,Kenny Dillingham,Arizona State,Arizona State,Texas Tech,Home,26,22,-3.5,0.5,W,33.5,48,14.5,O,9,7,0.5,2.5,W,24.5,16,-8.5,U,17,15,3.5,5.5,W,24.0,32,8.0,O,Arizona State,arizona state,Kenny Dillingham,2025,-3.5,Favorite,W,O
2025,2025-10-18T20:00:00.000Z,Joey McGuire,Texas Tech,Texas Tech,Arizona St.,Away,22,26,3.5,-0.5,L,33.5,48,14.5,O,7,9,-0.5,-2.5,L,24.5,16,-8.5,U,15,17,-3.5,-5.5,L,24.0,32,8.0,O,Texas Tech,texas tech,Joey McGuire,2025,3.5,Underdog,L,O
2025,2025-10-18T20:05:00.000Z,Eric Morris,Oklahoma State,North Texas,UTSA,Home,55,17,-37.5,0.5,W,78.5,72,-6.5,U,24,14,-2.5,7.5,W,33.0,38,5.0,O,31,3,-3.0,25.0,W,31.5,34,2.5,O,Oklahoma State,oklahoma state,Eric Morris,2025,-37.5,Favorite,W,U
2025,2025-10-18T20:05:00.000Z,Jeff Traylor,UTSA,UTSA,North Texas,Away,17,55,37.5,-0.5,L,78.5,72,-6.5,U,14,24,2.5,-7.5,L,33.0,38,5.0,O,3,31,3.0,-25.0,L,31.5,34,2.5,O,UTSA,utsa,Jeff Traylor,2025,37.5,Underdog,L,U
2025,2025-10-18T20:15:00.000Z,Billy Napier,James Madison,Florida,Mississippi St.,Home,23,21,-1.5,0.5,W,43.5,44,0.5,O,13,7,-5.5,0.5,W,24.5,20,-4.5,U,10,14,-4.5,-8.5,L,24.5,24,-0.5,U,James Madison,james madison,Billy Napier,2025,-1.5,Favorite,W,O
2025,2025-10-18T20:15:00.000Z,Jeff Lebby,Mississippi State,Mississippi State,Florida,Away,21,23,1.5,-0.5,L,43.5,44,0.5,O,7,13,5.5,-0.5,L,24.5,20,-4.5,U,14,10,4.5,8.5,W,24.5,24,-0.5,U,Mississippi State,mississippi state,Jeff Lebby,2025,1.5,Underdog,L,O
2025,2025-10-18T21:00:00.000Z,Charles Huff,Memphis,Southern Miss,Lafayette,Away,22,10,-12.5,-0.5,L,54.5,32,-22.5,U,13,7,-2.5,3.5,W,26.5,20,-6.5,U,9,3,-2.5,3.5,W,27.5,12,-15.5,U,Memphis,memphis,Charles Huff,2025,-12.5,Favorite,L,U
2025,2025-10-18T21:30:00.000Z,Mike Elko,Texas A&M,Texas A&M,Arkansas,Away,45,42,-3.5,-0.5,L,58.0,87,29.0,O,21,20,-3.5,-2.5,L,27.5,41,13.5,O,24,22,-5.5,-3.5,L,29.5,46,16.5,O,Texas A&M,texas a&m,Mike Elko,2025,-3.5,Favorite,L,O
2025,2025-10-18T22:30:00.000Z,Greg Schiano,Rutgers,Rutgers,Oregon,Home,10,56,46.5,0.5,W,66.5,66,-0.5,U,3,42,32.5,-6.5,L,31.0,45,14.0,O,7,14,7.5,0.5,W,27.5,21,-6.5,U,Rutgers,rutgers,Greg Schiano,2025,46.5,Underdog,W,U
2025,2025-10-18T22:30:00.000Z,Dan Lanning,Oregon,Oregon,Rutgers,Away,56,10,-46.5,-0.5,L,66.5,66,-0.5,U,42,3,-32.5,6.5,W,31.0,45,14.0,O,14,7,-7.5,-0.5,L,27.5,21,-6.5,U,Oregon,oregon,Dan Lanning,2025,-46.5,Favorite,L,U
2025,2025-10-18T22:30:00.000Z,Tony Elliott,Virginia,Virginia,Washington St.,Home,22,20,-2.5,-0.5,L,44.5,42,-2.5,U,7,17,-9.5,-19.5,L,28.5,24,-4.5,U,15,3,-7.0,5.0,W,28.0,18,-10.0,U,Virginia,virginia,Tony Elliott,2025,-2.5,Favorite,L,U
2025,2025-10-18T22:30:00.000Z,Jimmy Rogers,Iowa State,Washington State,Virginia,Away,20,22,2.5,0.5,W,44.5,42,-2.5,U,17,7,9.5,19.5,W,28.5,24,-4.5,U,3,15,7.0,-5.0,L,28.0,18,-10.0,U,Iowa State,iowa state,Jimmy Rogers,2025,2.5,Underdog,W,U
2025,2025-10-18T23:00:00.000Z,Clay Helton,Georgia Southern,Georgia Southern,Georgia St.,Home,41,24,-16.5,0.5,W,67.5,65,-2.5,U,13,17,-3.5,-7.5,L,29.5,30,0.5,O,28,7,-2.5,18.5,W,30.0,35,5.0,O,Georgia Southern,georgia southern,Clay Helton,2025,-16.5,Favorite,W,U
2025,2025-10-18T23:00:00.000Z,Dell McGee,Georgia State,Georgia State,Georgia Southern,Away,24,41,16.5,-0.5,L,67.5,65,-2.5,U,17,13,3.5,7.5,W,29.5,30,0.5,O,7,28,2.5,-18.5,L,30.0,35,5.0,O,Georgia State,georgia state,Dell McGee,2025,16.5,Underdog,L,U
2025,2025-10-18T23:00:00.000Z,Timmy Chang,Hawaii,Hawaii,Colorado State,Away,31,19,-11.5,0.5,W,50.5,50,-0.5,U,14,7,0.5,7.5,W,26.5,21,-5.5,U,17,12,0.5,5.5,W,26.5,29,2.5,O,Hawaii,hawaii,Timmy Chang,2025,-11.5,Favorite,W,U
2025,2025-10-18T23:00:00.000Z,Mike Locksley,Maryland,Maryland,UCLA,Away,17,20,3.5,0.5,W,52.5,37,-15.5,U,3,7,2.5,-1.5,L,16.5,10,-6.5,U,14,13,0.5,1.5,W,24.5,27,2.5,O,Maryland,maryland,Mike Locksley,2025,3.5,Underdog,W,U
2025,2025-10-18T23:00:00.000Z,Kirk Ferentz,Iowa,Iowa,Penn State,Home,25,24,-1.5,-0.5,L,49.5,49,-0.5,U,10,14,-1.5,-5.5,L,20.0,24,4.0,O,15,10,-0.5,4.5,W,20.5,25,4.5,O,Iowa,iowa,Kirk Ferentz,2025,-1.5,Favorite,L,U
2025,2025-10-18T23:00:00.000Z,James Franklin,Virginia Tech,Penn State,Iowa,Away,24,25,1.5,0.5,W,49.5,49,-0.5,U,14,10,1.5,5.5,W,20.0,24,4.0,O,10,15,0.5,-4.5,L,20.5,25,4.5,O,Virginia Tech,virginia tech,James Franklin,2025,1.5,Underdog,W,U
2025,2025-10-18T23:00:00.000Z,Steve Sarkisian,Texas,Texas,Kentucky,Away,16,13,1.0,4.0,W,35.5,29,-6.5,U,7,0,-6.5,0.5,W,22.5,7,-15.5,U,9,13,-6.0,-10.0,L,20.0,22,2.0,O,Texas,texas,Steve Sarkisian,2025,1.0,Underdog,W,U
2025,2025-10-18T23:30:00.000Z,Alex Golesh,Auburn,South Florida,Florida Atl.,Home,48,13,-34.5,0.5,W,62.5,61,-1.5,U,21,6,-12.5,2.5,W,38.0,27,-11.0,U,27,7,-7.5,12.5,W,31.5,34,2.5,O,Auburn,auburn,Alex Golesh,2025,-34.5,Favorite,W,U
2025,2025-10-18T23:30:00.000Z,Zach Kittley,Florida Atlantic,Florida Atlantic,South Florida,Away,13,48,34.5,-0.5,L,62.5,61,-1.5,U,6,21,12.5,-2.5,L,38.0,27,-11.0,U,7,27,7.5,-12.5,L,31.5,34,2.5,O,Florida Atlantic,florida atlantic,Zach Kittley,2025,34.5,Underdog,L,U
2025,2025-10-18T23:30:00.000Z,Fran Brown,Syracuse,Syracuse,Pittsburgh,Home,13,30,16.5,-0.5,L,54.5,43,-11.5,U,7,17,3.5,-6.5,L,27.5,24,-3.5,U,6,13,4.0,-3.0,L,24.5,19,-5.5,U,Syracuse,syracuse,Fran Brown,2025,16.5,Underdog,L,U
2025,2025-10-18T23:30:00.000Z,Pat Narduzzi,Pittsburgh,Pittsburgh,Syracuse,Away,30,13,-16.5,0.5,W,54.5,43,-11.5,U,17,7,-3.5,6.5,W,27.5,24,-3.5,U,13,6,-4.0,3.0,W,24.5,19,-5.5,U,Pittsburgh,pittsburgh,Pat Narduzzi,2025,-16.5,Favorite,W,U
2025,2025-10-18T23:30:00.000Z,Kalen DeBoer,Alabama,Alabama,Tennessee,Home,37,20,-10.5,6.5,W,57.5,57,-0.5,U,23,7,-5.5,10.5,W,30.5,30,-0.5,U,14,13,-4.5,-3.5,L,28.0,27,-1.0,U,Alabama,alabama,Kalen DeBoer,2025,-10.5,Favorite,W,U
2025,2025-10-18T23:30:00.000Z,Josh Heupel,Tennessee,Tennessee,Alabama,Away,20,37,10.5,-6.5,L,57.5,57,-0.5,U,7,23,5.5,-10.5,L,30.5,30,-0.5,U,13,14,4.5,3.5,W,28.0,27,-1.0,U,Tennessee,tennessee,Josh Heupel,2025,10.5,Underdog,L,U
2025,2025-10-18T23:30:00.000Z,Marcus Freeman,Notre Dame,Notre Dame,USC,Home,34,24,-8.5,1.5,W,65.5,58,-7.5,U,14,13,-6.5,-5.5,L,30.5,27,-3.5,U,20,11,-6.5,2.5,W,31.0,31,0.0,P,Notre Dame,notre dame,Marcus Freeman,2025,-8.5,Favorite,W,U
2025,2025-10-18T23:30:00.000Z,Lincoln Riley,USC,USC,Notre Dame,Away,24,34,8.5,-1.5,L,65.5,58,-7.5,U,13,14,6.5,5.5,W,30.5,27,-3.5,U,11,20,6.5,-2.5,L,31.0,31,0.0,P,USC,usc,Lincoln Riley,2025,8.5,Underdog,L,U
2025,2025-10-18T23:45:00.000Z,Eli Drinkwitz,Missouri,Missouri,Auburn,Away,23,17,-1.5,4.5,W,42.5,40,-2.5,U,10,7,-0.5,2.5,W,21.5,17,-4.5,U,13,10,-0.5,2.5,W,20.5,23,2.5,O,Missouri,missouri,Eli Drinkwitz,2025,-1.5,Favorite,W,U
2025,2025-10-19T01:45:00.000Z,Jason Eck,New Mexico,New Mexico,Nevada,Home,24,22,-1.5,0.5,W,49.5,46,-3.5,U,14,12,-8.5,-6.5,L,25.5,26,0.5,O,10,10,-5.0,-5.0,L,24.0,20,-4.0,U,New Mexico,new mexico,Jason Eck,2025,-1.5,Favorite,W,U
2025,2025-10-19T01:45:00.000Z,Jeff Choate,Nevada,Nevada,New Mexico,Away,22,24,1.5,-0.5,L,49.5,46,-3.5,U,12,14,8.5,6.5,W,25.5,26,0.5,O,10,10,5.0,5.0,W,24.0,20,-4.0,U,Nevada,nevada,Jeff Choate,2025,1.5,Underdog,L,U
2025,2025-10-19T02:30:00.000Z,Mike Norvell,Florida State,Florida State,Stanford,Away,13,20,6.5,-0.5,L,36.5,33,-3.5,U,10,13,-9.5,-12.5,L,27.5,23,-4.5,U,3,7,-9.5,-13.5,L,27.0,10,-17.0,U,Florida State,florida state,Mike Norvell,2025,6.5,Underdog,L,U
2025,2025-10-21T23:00:00.000Z,Willie Simmons,Florida International,Florida International,Kennesaw St.,Home,26,45,18.5,-0.5,L,58.5,71,12.5,O,14,24,16.5,6.5,W,24.0,38,14.0,O,12,21,0.0,-9.0,L,26.5,33,6.5,O,Florida International,florida international,Willie Simmons,2025,18.5,Underdog,L,O
2025,2025-10-21T23:00:00.000Z,Jerry Mack,Kennesaw State,Kennesaw State,Florida Int.,Away,45,26,-18.5,0.5,W,58.5,71,12.5,O,24,14,-16.5,-6.5,L,24.0,38,14.0,O,21,12,0.0,9.0,W,26.5,33,6.5,O,Kennesaw State,kennesaw state,Jerry Mack,2025,-18.5,Favorite,W,O
2025,2025-10-21T23:30:00.000Z,Sonny Cumbie,Louisiana Tech,Louisiana Tech,Western Kentucky,Home,27,28,-3.5,-4.5,L,46.5,55,8.5,O,7,20,-2.5,-15.5,L,24.0,27,3.0,O,20,8,-3.5,8.5,W,24.5,28,3.5,O,Louisiana Tech,louisiana tech,Sonny Cumbie,2025,-3.5,Favorite,L,O
2025,2025-10-21T23:30:00.000Z,Tyson Helton,Western Kentucky,Western Kentucky,Louisiana Tech,Away,28,27,3.5,4.5,W,46.5,55,8.5,O,20,7,2.5,15.5,W,24.0,27,3.0,O,8,20,3.5,-8.5,L,24.5,28,3.5,O,Western Kentucky,western kentucky,Tyson Helton,2025,3.5,Underdog,W,O
2025,2025-10-22T23:30:00.000Z,Ryan Carty,Delaware,Delaware,Middle Tennessee St.,Home,31,28,-6.5,-3.5,L,58.5,59,0.5,O,24,14,-6.0,4.0,W,27.5,38,10.5,O,7,14,-5.5,-12.5,L,27.5,21,-6.5,U,Delaware,delaware,Ryan Carty,2025,-6.5,Favorite,L,O
2025,2025-10-22T23:30:00.000Z,Derek Mason,Middle Tennessee,Middle Tennessee,Delaware,Away,28,31,6.5,3.5,W,58.5,59,0.5,O,14,24,6.0,-4.0,L,27.5,38,10.5,O,14,7,5.5,12.5,W,27.5,21,-6.5,U,Middle Tennessee,middle tennessee,Derek Mason,2025,6.5,Underdog,W,O
2025,2025-10-23T01:00:00.000Z,Tony Sanchez,New Mexico State,New Mexico State,Missouri State,Home,17,24,2.5,-4.5,L,43.5,41,-2.5,U,7,7,1.0,1.0,W,24.5,14,-10.5,U,10,17,0.0,-7.0,L,24.5,27,2.5,O,New Mexico State,new mexico state,Tony Sanchez,2025,2.5,Underdog,L,U
2025,2025-10-23T01:00:00.000Z,Ryan Beard,Coastal Carolina,Missouri State,New Mexico St.,Away,24,17,-2.5,4.5,W,43.5,41,-2.5,U,7,7,-1.0,-1.0,L,24.5,14,-10.5,U,17,10,0.0,7.0,W,24.5,27,2.5,O,Coastal Carolina,coastal carolina,Ryan Beard,2025,-2.5,Favorite,W,U
2025,2025-10-23T23:30:00.000Z,Dell McGee,Georgia State,Georgia State,South Alabama,Home,31,38,6.5,-0.5,L,68.5,69,0.5,O,14,28,3.5,-10.5,L,27.0,42,15.0,O,17,10,3.5,10.5,W,27.5,27,-0.5,U,Georgia State,georgia state,Dell McGee,2025,6.5,Underdog,L,O
2025,2025-10-23T23:30:00.000Z,Major Applewhite,South Alabama,South Alabama,Georgia St.,Away,38,31,-6.5,0.5,W,68.5,69,0.5,O,28,14,-3.5,10.5,W,27.0,42,15.0,O,10,17,-3.5,-10.5,L,27.5,27,-0.5,U,South Alabama,south alabama,Major Applewhite,2025,-6.5,Favorite,W,O
2025,2025-10-24T23:00:00.000Z,Tim Albin,Charlotte,Charlotte,North Texas,Home,20,54,27.5,-6.5,L,61.0,74,13.0,O,17,17,13.5,13.5,W,31.5,34,2.5,O,3,37,12.5,-21.5,L,28.5,40,11.5,O,Charlotte,charlotte,Tim Albin,2025,27.5,Underdog,L,O
2025,2025-10-24T23:00:00.000Z,Eric Morris,Oklahoma State,North Texas,Charlotte,Away,54,20,-27.5,6.5,W,61.0,74,13.0,O,17,17,-13.5,-13.5,L,31.5,34,2.5,O,37,3,-12.5,21.5,W,28.5,40,11.5,O,Oklahoma State,oklahoma state,Eric Morris,2025,-27.5,Favorite,W,O
2025,2025-10-25T02:00:00.000Z,Jeff Choate,Nevada,Nevada,Boise St,Home,3,24,20.5,-0.5,L,26.5,27,0.5,O,3,13,3.5,-6.5,L,12.5,16,3.5,O,0,14,10.5,-3.5,L,23.5,14,-9.5,U,Nevada,nevada,Jeff Choate,2025,20.5,Underdog,L,O
2025,2025-10-25T02:00:00.000Z,Spencer Danielson,Boise State,Boise State,Nevada,Away,24,3,-20.5,0.5,W,26.5,27,0.5,O,13,3,-3.5,6.5,W,12.5,16,3.5,O,14,0,-10.5,3.5,W,23.5,14,-9.5,U,Boise State,boise state,Spencer Danielson,2025,-20.5,Favorite,W,O
2025,2025-10-25T16:00:00.000Z,Ricky Rahne,Old Dominion,Old Dominion,Appalachian St.,Home,24,21,-8.5,-5.5,L,45.5,45,-0.5,U,10,7,-7.5,-4.5,L,31.5,17,-14.5,U,14,14,-6.0,-6.0,L,28.0,28,0.0,P,Old Dominion,old dominion,Ricky Rahne,2025,-8.5,Favorite,L,U
2025,2025-10-25T16:00:00.000Z,Dowell Loggains,Appalachian State,Appalachian State,Old Dominion,Away,21,24,8.5,5.5,W,45.5,45,-0.5,U,7,10,7.5,4.5,W,31.5,17,-14.5,U,14,14,6.0,6.0,W,28.0,28,0.0,P,Appalachian State,appalachian state,Dowell Loggains,2025,8.5,Underdog,W,U
2025,2025-10-25T16:00:00.000Z,Mark Carney,Kent State,Kent State,Bowling Green,Home,24,21,-5.5,-2.5,L,48.5,45,-3.5,U,3,14,4.5,-6.5,L,23.5,17,-6.5,U,21,7,5.5,19.5,W,21.5,28,6.5,O,Kent State,kent state,Mark Carney,2025,-5.5,Favorite,L,U
2025,2025-10-25T16:00:00.000Z,Eddie George,Bowling Green,Bowling Green,Kent State,Away,21,24,5.5,2.5,W,48.5,45,-3.5,U,14,3,-4.5,6.5,W,23.5,17,-6.5,U,7,21,-5.5,-19.5,L,21.5,28,6.5,O,Bowling Green,bowling green,Eddie George,2025,5.5,Underdog,W,U
2025,2025-10-25T16:00:00.000Z,Lance Leipold,Kansas,Kansas,Kansas St.,Home,17,42,24.5,-0.5,L,59.5,59,-0.5,U,14,21,-2.5,-9.5,L,27.5,35,7.5,O,3,21,-3.5,-21.5,L,28.0,24,-4.0,U,Kansas,kansas,Lance Leipold,2025,24.5,Underdog,L,U
2025,2025-10-25T16:00:00.000Z,Matt Rhule,Nebraska,Nebraska,Northwestern,Home,28,21,-6.5,0.5,W,44.5,49,4.5,O,7,6,-3.5,-2.5,L,22.5,13,-9.5,U,21,15,-3.5,2.5,W,20.5,36,15.5,O,Nebraska,nebraska,Matt Rhule,2025,-6.5,Favorite,W,O
2025,2025-10-25T16:00:00.000Z,David Braun,Northwestern,Northwestern,Nebraska,Away,21,28,6.5,-0.5,L,44.5,49,4.5,O,6,7,3.5,2.5,W,22.5,13,-9.5,U,15,21,3.5,-2.5,L,20.5,36,15.5,O,Northwestern,northwestern,David Braun,2025,6.5,Underdog,L,O
2025,2025-10-25T16:00:00.000Z,Chris Creighton,Eastern Michigan,Eastern Michigan,Ohio,Home,21,28,7.5,0.5,W,49.5,49,-0.5,U,14,7,6.5,13.5,W,30.5,21,-9.5,U,7,21,8.5,-5.5,L,31.0,28,-3.0,U,Eastern Michigan,eastern michigan,Chris Creighton,2025,7.5,Underdog,W,U
2025,2025-10-25T16:00:00.000Z,Brent Venables,Oklahoma,Oklahoma,Ole Miss,Home,26,34,7.5,-0.5,L,60.5,60,-0.5,U,10,22,-2.5,-14.5,L,26.5,32,5.5,O,16,12,-4.5,-0.5,L,26.0,28,2.0,O,Oklahoma,oklahoma,Brent Venables,2025,7.5,Underdog,L,U
2025,2025-10-25T16:00:00.000Z,Lane Kiffin,LSU,Ole Miss,Oklahoma,Away,34,26,-7.5,0.5,W,60.5,60,-0.5,U,22,10,2.5,14.5,W,26.5,32,5.5,O,12,16,4.5,0.5,W,26.0,28,2.0,O,LSU,lsu,Lane Kiffin,2025,-7.5,Favorite,W,U
2025,2025-10-25T16:00:00.000Z,Barry Odom,Purdue,Purdue,Rutgers,Home,24,27,-2.5,-5.5,L,52.5,51,-1.5,U,10,7,-1.5,1.5,W,28.5,17,-11.5,U,14,20,0.0,-6.0,L,28.5,34,5.5,O,Purdue,purdue,Barry Odom,2025,-2.5,Favorite,L,U
2025,2025-10-25T16:00:00.000Z,Greg Schiano,Rutgers,Rutgers,Purdue,Away,27,24,2.5,5.5,W,52.5,51,-1.5,U,7,10,1.5,-1.5,L,28.5,17,-11.5,U,20,14,0.0,6.0,W,28.5,34,5.5,O,Rutgers,rutgers,Greg Schiano,2025,2.5,Underdog,W,U
2025,2025-10-25T16:00:00.000Z,Jake Dickert,Wake Forest,Wake Forest,SMU,Home,13,12,1.5,2.5,W,54.0,25,-29.0,U,10,6,3.5,7.5,W,27.5,16,-11.5,U,3,6,0.5,-2.5,L,26.5,9,-17.5,U,Wake Forest,wake forest,Jake Dickert,2025,1.5,Underdog,W,U
2025,2025-10-25T16:00:00.000Z,Rhett Lashlee,SMU,SMU,Wake Forest,Away,12,13,-1.5,-2.5,L,54.0,25,-29.0,U,6,10,-3.5,-7.5,L,27.5,16,-11.5,U,6,3,-0.5,2.5,W,26.5,9,-17.5,U,SMU,smu,Rhett Lashlee,2025,-1.5,Favorite,L,U
2025,2025-10-25T16:00:00.000Z,Ryan Silverfield,Arkansas,Memphis,South Florida,Home,34,31,-2.5,0.5,W,63.5,65,1.5,O,14,24,2.5,-7.5,L,30.0,38,8.0,O,20,7,0.0,13.0,W,30.5,27,-3.5,U,Arkansas,arkansas,Ryan Silverfield,2025,-2.5,Favorite,W,O
2025,2025-10-25T16:00:00.000Z,Alex Golesh,Auburn,South Florida,Memphis,Away,31,34,2.5,-0.5,L,63.5,65,1.5,O,24,14,-2.5,7.5,W,30.0,38,8.0,O,7,20,0.0,-13.0,L,30.5,27,-3.5,U,Auburn,auburn,Alex Golesh,2025,2.5,Underdog,L,O
2025,2025-10-25T16:00:00.000Z,Brent Key,Georgia Tech,Georgia Tech,Syracuse,Home,41,16,-25.5,-0.5,L,57.5,57,-0.5,U,20,3,-9.5,7.5,W,27.0,23,-4.0,U,21,13,-6.5,1.5,W,24.0,34,10.0,O,Georgia Tech,georgia tech,Brent Key,2025,-25.5,Favorite,L,U
2025,2025-10-25T16:00:00.000Z,Fran Brown,Syracuse,Syracuse,Georgia Tech,Away,16,41,25.5,0.5,W,57.5,57,-0.5,U,3,20,9.5,-7.5,L,27.0,23,-4.0,U,13,21,6.5,-1.5,L,24.0,34,10.0,O,Syracuse,syracuse,Fran Brown,2025,25.5,Underdog,W,U
2025,2025-10-25T16:00:00.000Z,Curt Cignetti,Indiana,Indiana,UCLA,Home,56,6,-49.5,0.5,W,68.5,62,-6.5,U,35,3,-28.5,3.5,W,28.5,38,9.5,O,21,3,-13.0,5.0,W,23.5,24,0.5,O,Indiana,indiana,Curt Cignetti,2025,-49.5,Favorite,W,U
2025,2025-10-25T16:00:00.000Z,Bill Belichick,North Carolina,North Carolina,Virginia,Home,16,17,11.5,10.5,W,51.0,33,-18.0,U,10,10,6.5,6.5,W,26.5,20,-6.5,U,6,7,6.5,5.5,W,23.5,13,-10.5,U,North Carolina,north carolina,Bill Belichick,2025,11.5,Underdog,W,U
2025,2025-10-25T16:00:00.000Z,Tony Elliott,Virginia,Virginia,North Carolina,Away,17,16,-11.5,-10.5,L,51.0,33,-18.0,U,10,10,-6.5,-6.5,L,26.5,20,-6.5,U,7,6,-6.5,-5.5,L,23.5,13,-10.5,U,Virginia,virginia,Tony Elliott,2025,-11.5,Favorite,L,U
2025,2025-10-25T17:00:00.000Z,Pete Lembo,Buffalo,Buffalo,Akron,Home,16,24,7.5,-0.5,L,49.0,40,-9.0,U,10,3,-6.5,0.5,W,24.0,13,-11.0,U,6,21,-3.0,-18.0,L,21.0,27,6.0,O,Buffalo,buffalo,Pete Lembo,2025,7.5,Underdog,L,U
2025,2025-10-25T17:00:00.000Z,Joe Moorhead,Akron,Akron,Buffalo,Away,24,16,-7.5,0.5,W,49.0,40,-9.0,U,3,10,6.5,-0.5,L,24.0,13,-11.0,U,21,6,3.0,18.0,W,21.0,27,6.0,O,Akron,akron,Joe Moorhead,2025,-7.5,Favorite,W,U
2025,2025-10-25T19:00:00.000Z,Scott Abell,Rice,Rice,Connecticut,Home,37,34,1.5,4.5,W,55.5,71,15.5,O,17,21,5.5,1.5,W,24.0,38,14.0,O,20,13,6.0,13.0,W,24.5,33,8.5,O,Rice,rice,Scott Abell,2025,1.5,Underdog,W,O
2025,2025-10-25T19:00:00.000Z,Jim Mora,Colorado State,Connecticut,Rice,Away,34,37,-1.5,-4.5,L,55.5,71,15.5,O,21,17,-5.5,-1.5,L,24.0,38,14.0,O,13,20,-6.0,-13.0,L,24.5,33,8.5,O,Colorado State,colorado state,Jim Mora,2025,-1.5,Favorite,L,O
2025,2025-10-25T19:00:00.000Z,Jason Eck,New Mexico,New Mexico,Utah State,Home,33,14,-19.5,-0.5,L,50.5,47,-3.5,U,26,7,-1.5,17.5,W,30.5,33,2.5,O,7,7,1.5,1.5,W,19.5,14,-5.5,U,New Mexico,new mexico,Jason Eck,2025,-19.5,Favorite,L,U
2025,2025-10-25T19:00:00.000Z,Bronco Mendenhall,Utah State,Utah State,New Mexico,Away,14,33,19.5,0.5,W,50.5,47,-3.5,U,7,26,1.5,-17.5,L,30.5,33,2.5,O,7,7,-1.5,-1.5,L,19.5,14,-5.5,U,Utah State,utah state,Bronco Mendenhall,2025,19.5,Underdog,W,U
2025,2025-10-25T19:30:00.000Z,Shane Beamer,South Carolina,South Carolina,Alabama,Home,22,29,6.5,-0.5,L,51.5,51,-0.5,U,6,14,6.5,-1.5,L,24.0,20,-4.0,U,16,15,6.5,7.5,W,23.0,31,8.0,O,South Carolina,south carolina,Shane Beamer,2025,6.5,Underdog,L,U
2025,2025-10-25T19:30:00.000Z,Kalen DeBoer,Alabama,Alabama,South Carolina,Away,29,22,-6.5,0.5,W,51.5,51,-0.5,U,14,6,-6.5,1.5,W,24.0,20,-4.0,U,15,16,-6.5,-7.5,L,23.0,31,8.0,O,Alabama,alabama,Kalen DeBoer,2025,-6.5,Favorite,W,U
2025,2025-10-25T19:30:00.000Z,Matt Campbell,Penn State,Iowa State,BYU,Home,27,41,13.5,-0.5,L,74.5,68,-6.5,U,24,17,-2.5,4.5,W,24.5,41,16.5,O,3,24,0.5,-20.5,L,22.5,27,4.5,O,Penn State,penn state,Matt Campbell,2025,13.5,Underdog,L,U
2025,2025-10-25T19:30:00.000Z,Kalani Sitake,BYU,BYU,Iowa State,Away,41,27,-13.5,0.5,W,74.5,68,-6.5,U,17,24,2.5,-4.5,L,24.5,41,16.5,O,24,3,-0.5,20.5,W,22.5,27,4.5,O,BYU,byu,Kalani Sitake,2025,-13.5,Favorite,W,U
2025,2025-10-25T19:30:00.000Z,Mike Uremovich,Ball State,Ball State,Northern Illinois,Away,7,21,9.5,-4.5,L,28.5,28,-0.5,U,7,7,3.5,3.5,W,20.5,14,-6.5,U,0,14,3.5,-10.5,L,17.5,14,-3.5,U,Ball State,ball state,Mike Uremovich,2025,9.5,Underdog,L,U
2025,2025-10-25T19:30:00.000Z,Brian Newberry,Navy,Navy,Florida Atl.,Home,42,32,-10.5,-0.5,L,74.5,74,-0.5,U,21,13,-7.5,0.5,W,31.5,34,2.5,O,21,19,-7.5,-5.5,L,31.0,40,9.0,O,Navy,navy,Brian Newberry,2025,-10.5,Favorite,L,U
2025,2025-10-25T19:30:00.000Z,Zach Kittley,Florida Atlantic,Florida Atlantic,Navy,Away,32,42,10.5,0.5,W,74.5,74,-0.5,U,13,21,7.5,-0.5,L,31.5,34,2.5,O,19,21,7.5,5.5,W,31.0,40,9.0,O,Florida Atlantic,florida atlantic,Zach Kittley,2025,10.5,Underdog,W,U
2025,2025-10-25T19:30:00.000Z,Jedd Fisch,Washington,Washington,Illinois,Home,42,25,-16.5,0.5,W,67.5,67,-0.5,U,21,17,-2.5,1.5,W,27.5,38,10.5,O,21,8,0.5,13.5,W,28.0,29,1.0,O,Washington,washington,Jedd Fisch,2025,-16.5,Favorite,W,U
2025,2025-10-25T19:30:00.000Z,Bret Bielema,Illinois,Illinois,Washington,Away,25,42,16.5,-0.5,L,67.5,67,-0.5,U,17,21,2.5,-1.5,L,27.5,38,10.5,O,8,21,-0.5,-13.5,L,28.0,29,1.0,O,Illinois,illinois,Bret Bielema,2025,16.5,Underdog,L,U
2025,2025-10-25T19:30:00.000Z,Kirk Ferentz,Iowa,Iowa,Minnesota,Home,41,3,-37.5,0.5,W,44.5,44,-0.5,U,31,0,-31.5,-0.5,L,19.5,31,11.5,O,10,3,-3.0,4.0,W,17.0,13,-4.0,U,Iowa,iowa,Kirk Ferentz,2025,-37.5,Favorite,W,U
2025,2025-10-25T19:30:00.000Z,Clark Lea,Vanderbilt,Vanderbilt,Missouri,Home,17,10,-6.5,0.5,W,27.5,27,-0.5,U,3,3,-1.5,-1.5,L,25.5,6,-19.5,U,14,7,-3.0,4.0,W,23.5,21,-2.5,U,Vanderbilt,vanderbilt,Clark Lea,2025,-6.5,Favorite,W,U
2025,2025-10-25T19:30:00.000Z,Eli Drinkwitz,Missouri,Missouri,Vanderbilt,Away,10,17,6.5,-0.5,L,27.5,27,-0.5,U,3,3,1.5,1.5,W,25.5,6,-19.5,U,7,14,3.0,-4.0,L,23.5,21,-2.5,U,Missouri,missouri,Eli Drinkwitz,2025,6.5,Underdog,L,U
2025,2025-10-25T19:30:00.000Z,Pat Narduzzi,Pittsburgh,Pittsburgh,NC State,Home,53,34,-18.5,0.5,W,87.5,87,-0.5,U,31,21,-3.5,6.5,W,27.5,52,24.5,O,22,13,-3.0,6.0,W,28.5,35,6.5,O,Pittsburgh,pittsburgh,Pat Narduzzi,2025,-18.5,Favorite,W,U
2025,2025-10-25T19:30:00.000Z,Dave Doeren,NC State,NC State,Pittsburgh,Away,34,53,18.5,-0.5,L,87.5,87,-0.5,U,21,31,3.5,-6.5,L,27.5,52,24.5,O,13,22,3.0,-6.0,L,28.5,35,6.5,O,NC State,nc state,Dave Doeren,2025,18.5,Underdog,L,U
2025,2025-10-25T19:30:00.000Z,Matt Entz,Fresno State,Fresno State,San Diego St.,Home,0,23,22.5,-0.5,L,23.5,23,-0.5,U,0,13,1.5,-11.5,L,23.5,13,-10.5,U,0,10,-0.5,-10.5,L,21.0,10,-11.0,U,Fresno State,fresno state,Matt Entz,2025,22.5,Underdog,L,U
2025,2025-10-25T19:30:00.000Z,Sean Lewis,San Diego State,San Diego State,Fresno St.,Away,23,0,-22.5,0.5,W,23.5,23,-0.5,U,13,0,-1.5,11.5,W,23.5,13,-10.5,U,10,0,0.5,10.5,W,21.0,10,-11.0,U,San Diego State,san diego state,Sean Lewis,2025,-22.5,Favorite,W,U
2025,2025-10-25T19:30:00.000Z,Tre Lamb,Tulsa,Tulsa,Temple,Home,37,38,-5.5,-6.5,L,68.5,75,6.5,O,17,14,3.0,6.0,W,26.5,31,4.5,O,20,24,2.5,-1.5,L,26.5,44,17.5,O,Tulsa,tulsa,Tre Lamb,2025,-5.5,Favorite,L,O
2025,2025-10-25T19:30:00.000Z,Jimmy Rogers,Iowa State,Washington State,Toledo,Home,28,7,-20.5,0.5,W,35.5,35,-0.5,U,21,7,1.0,15.0,W,22.5,28,5.5,O,7,0,0.5,7.5,W,21.5,7,-14.5,U,Iowa State,iowa state,Jimmy Rogers,2025,-20.5,Favorite,W,U
2025,2025-10-25T19:30:00.000Z,Jason Candle,Connecticut,Toledo,Washington St.,Away,7,28,20.5,-0.5,L,35.5,35,-0.5,U,7,21,-1.0,-15.0,L,22.5,28,5.5,O,0,7,-0.5,-7.5,L,21.5,7,-14.5,U,Connecticut,connecticut,Jason Candle,2025,20.5,Underdog,L,U
2025,2025-10-25T19:30:00.000Z,Charles Huff,Memphis,Southern Miss,ULM,Home,49,21,-28.5,-0.5,L,49.5,70,20.5,O,21,14,-7.5,-0.5,L,24.5,35,10.5,O,28,7,-6.5,14.5,W,23.5,35,11.5,O,Memphis,memphis,Charles Huff,2025,-28.5,Favorite,L,O
2025,2025-10-25T19:30:00.000Z,Bryant Vincent,UL-Monroe,UL-Monroe,Southern Miss,Away,21,49,28.5,0.5,W,49.5,70,20.5,O,14,21,7.5,0.5,W,24.5,35,10.5,O,7,28,6.5,-14.5,L,23.5,35,11.5,O,UL-Monroe,ul-monroe,Bryant Vincent,2025,28.5,Underdog,W,O
2025,2025-10-25T19:30:00.000Z,Matt Drinkall,Central Michigan,Central Michigan,UMass,Home,38,13,-24.5,0.5,W,51.5,51,-0.5,U,24,10,-9.5,4.5,W,23.5,34,10.5,O,14,3,-10.0,1.0,W,21.0,17,-4.0,U,Central Michigan,central michigan,Matt Drinkall,2025,-24.5,Favorite,W,U
2025,2025-10-25T19:30:00.000Z,Joe Harasymiak,Massachusetts,Massachusetts,Central Michigan,Away,13,38,24.5,-0.5,L,51.5,51,-0.5,U,10,24,9.5,-4.5,L,23.5,34,10.5,O,3,14,10.0,-1.0,L,21.0,17,-4.0,U,Massachusetts,massachusetts,Joe Harasymiak,2025,24.5,Underdog,L,U
2025,2025-10-25T19:30:00.000Z,Chuck Martin,Miami-OH,Miami-OH,Western Michigan,Home,26,17,-8.5,0.5,W,42.5,43,0.5,O,9,14,-0.5,-5.5,L,20.0,23,3.0,O,17,3,-1.5,12.5,W,19.5,20,0.5,O,Miami-OH,miami-oh,Chuck Martin,2025,-8.5,Favorite,W,O
2025,2025-10-25T19:30:00.000Z,Lance Taylor,Western Michigan,Western Michigan,Miami Ohio,Away,17,26,8.5,-0.5,L,42.5,43,0.5,O,14,9,0.5,5.5,W,20.0,23,3.0,O,3,17,1.5,-12.5,L,19.5,20,0.5,O,Western Michigan,western michigan,Lance Taylor,2025,8.5,Underdog,L,O
2025,2025-10-25T20:00:00.000Z,Scott Satterfield,Cincinnati,Cincinnati,Baylor,Home,41,20,-21.5,-0.5,L,69.5,61,-8.5,U,24,6,-3.5,14.5,W,33.5,30,-3.5,U,17,14,0.5,3.5,W,35.5,31,-4.5,U,Cincinnati,cincinnati,Scott Satterfield,2025,-21.5,Favorite,L,U
2025,2025-10-25T20:00:00.000Z,Dave Aranda,Baylor,Baylor,Cincinnati,Away,20,41,21.5,0.5,W,69.5,61,-8.5,U,6,24,3.5,-14.5,L,33.5,30,-3.5,U,14,17,-0.5,-3.5,L,35.5,31,-4.5,U,Baylor,baylor,Dave Aranda,2025,21.5,Underdog,W,U
2025,2025-10-25T20:00:00.000Z,Joey McGuire,Texas Tech,Texas Tech,Oklahoma St.,Home,42,0,-42.5,-0.5,L,43.5,42,-1.5,U,28,0,-34.5,-6.5,L,31.5,28,-3.5,U,14,0,-14.0,0.0,P,24.0,14,-10.0,U,Texas Tech,texas tech,Joey McGuire,2025,-42.5,Favorite,L,U
2025,2025-10-25T20:15:00.000Z,Jeff Lebby,Mississippi State,Mississippi State,Texas,Home,38,45,8.0,1.0,W,49.0,83,34.0,O,24,14,4.5,14.5,W,23.5,38,14.5,O,14,31,4.5,-12.5,L,24.5,45,20.5,O,Mississippi State,mississippi state,Jeff Lebby,2025,8.0,Underdog,W,O
2025,2025-10-25T20:15:00.000Z,Steve Sarkisian,Texas,Texas,Mississippi St.,Away,45,38,-8.0,-1.0,L,49.0,83,34.0,O,14,24,-4.5,-14.5,L,23.5,38,14.5,O,31,14,-4.5,12.5,W,24.5,45,20.5,O,Texas,texas,Steve Sarkisian,2025,-8.0,Favorite,L,O
2025,2025-10-25T22:00:00.000Z,Rich Rodriguez,West Virginia,West Virginia,TCU,Home,17,23,6.5,0.5,W,40.5,40,-0.5,U,7,20,9.5,-3.5,L,28.5,27,-1.5,U,10,3,7.5,14.5,W,26.0,13,-13.0,U,West Virginia,west virginia,Rich Rodriguez,2025,6.5,Underdog,W,U
2025,2025-10-25T22:00:00.000Z,Sonny Dykes,TCU,TCU,West Virginia,Away,23,17,-6.5,-0.5,L,40.5,40,-0.5,U,20,7,-9.5,3.5,W,28.5,27,-1.5,U,3,10,-7.5,-14.5,L,26.0,13,-13.0,U,TCU,tcu,Sonny Dykes,2025,-6.5,Favorite,L,U
2025,2025-10-25T23:00:00.000Z,Butch Jones,Arkansas State,Arkansas State,Georgia Southern,Home,34,24,-7.5,2.5,W,58.5,58,-0.5,U,17,21,-0.5,-4.5,L,30.0,38,8.0,O,17,3,-0.5,13.5,W,30.0,20,-10.0,U,Arkansas State,arkansas state,Butch Jones,2025,-7.5,Favorite,W,U
2025,2025-10-25T23:00:00.000Z,Clay Helton,Georgia Southern,Georgia Southern,Arkansas St.,Away,24,34,7.5,-2.5,L,58.5,58,-0.5,U,21,17,0.5,4.5,W,30.0,38,8.0,O,3,17,0.5,-13.5,L,30.0,20,-10.0,U,Georgia Southern,georgia southern,Clay Helton,2025,7.5,Underdog,L,U
2025,2025-10-25T23:00:00.000Z,Gerad Parker,Troy,Troy,Lafayette,Home,35,23,-11.5,0.5,W,56.5,58,1.5,O,21,17,-4.5,-0.5,L,23.5,38,14.5,O,14,6,-2.5,5.5,W,23.5,20,-3.5,U,Troy,troy,Gerad Parker,2025,-11.5,Favorite,W,O
2025,2025-10-25T23:00:00.000Z,Mario Cristobal,Miami-FL,Miami-FL,Stanford,Home,42,7,-34.5,0.5,W,45.5,49,3.5,O,7,7,-17.5,-17.5,L,24.5,14,-10.5,U,35,0,-13.5,21.5,W,20.5,35,14.5,O,Miami-FL,miami-fl,Mario Cristobal,2025,-34.5,Favorite,W,O
2025,2025-10-25T23:00:00.000Z,Dan Lanning,Oregon,Oregon,Wisconsin,Home,21,7,-16.5,-2.5,L,32.5,28,-4.5,U,7,0,-19.5,-12.5,L,23.5,7,-16.5,U,14,7,-14.0,-7.0,L,20.5,21,0.5,O,Oregon,oregon,Dan Lanning,2025,-16.5,Favorite,L,U
2025,2025-10-25T23:00:00.000Z,Luke Fickell,Wisconsin,Wisconsin,Oregon,Away,7,21,16.5,2.5,W,32.5,28,-4.5,U,0,7,19.5,12.5,W,23.5,7,-16.5,U,7,14,14.0,7.0,W,20.5,21,0.5,O,Wisconsin,wisconsin,Luke Fickell,2025,16.5,Underdog,W,U
2025,2025-10-25T23:30:00.000Z,Jeff Brohm,Louisville,Louisville,Boston College,Home,38,24,-14.5,-0.5,L,58.5,62,3.5,O,21,10,2.5,13.5,W,28.5,31,2.5,O,17,14,-11.5,-8.5,L,26.5,31,4.5,O,Louisville,louisville,Jeff Brohm,2025,-14.5,Favorite,L,O
2025,2025-10-25T23:30:00.000Z,Bill O'Brien,Boston College,Boston College,Louisville,Away,24,38,14.5,0.5,W,58.5,62,3.5,O,10,21,-2.5,-13.5,L,28.5,31,2.5,O,14,17,11.5,8.5,W,26.5,31,4.5,O,Boston College,boston college,Bill O'Brien,2025,14.5,Underdog,W,O
2025,2025-10-25T23:30:00.000Z,Jay Sawvel,Wyoming,Wyoming,Colorado State,Home,28,0,-27.5,0.5,W,29.5,28,-1.5,U,21,0,-3.0,18.0,W,23.0,21,-2.0,U,7,0,-1.5,5.5,W,20.5,7,-13.5,U,Wyoming,wyoming,Jay Sawvel,2025,-27.5,Favorite,W,U
2025,2025-10-25T23:30:00.000Z,Mike Elko,Texas A&M,Texas A&M,LSU Tigers,Away,49,25,-24.5,-0.5,L,68.5,74,5.5,O,14,18,-1.5,-5.5,L,23.5,32,8.5,O,35,7,-1.5,26.5,W,25.5,42,16.5,O,Texas A&M,texas a&m,Mike Elko,2025,-24.5,Favorite,L,O
2025,2025-10-25T23:45:00.000Z,Josh Heupel,Tennessee,Tennessee,Kentucky,Away,56,34,-22.5,-0.5,L,90.5,90,-0.5,U,35,21,-6.5,7.5,W,27.5,56,28.5,O,21,13,-2.5,5.5,W,27.5,34,6.5,O,Tennessee,tennessee,Josh Heupel,2025,-22.5,Favorite,L,U
2025,2025-10-26T02:25:00.000Z,Kyle Whittingham,Michigan,Utah,Colorado,Home,53,7,-45.5,0.5,W,60.5,60,-0.5,U,43,0,-33.5,9.5,W,35.5,43,7.5,O,10,7,-7.5,-4.5,L,21.5,17,-4.5,U,Michigan,michigan,Kyle Whittingham,2025,-45.5,Favorite,W,U
2025,2025-10-26T02:25:00.000Z,Deion Sanders,Colorado,Colorado,Utah,Away,7,53,45.5,-0.5,L,60.5,60,-0.5,U,0,43,33.5,-9.5,L,35.5,43,7.5,O,7,10,7.5,4.5,W,21.5,17,-4.5,U,Colorado,colorado,Deion Sanders,2025,45.5,Underdog,L,U
2025,2025-10-29T23:30:00.000Z,Derek Mason,Middle Tennessee,Middle Tennessee,Jacksonville State Gamecocks,Home,21,24,2.5,-0.5,L,45.5,45,-0.5,U,6,7,2.5,1.5,W,27.0,13,-14.0,U,15,17,2.5,0.5,W,24.0,32,8.0,O,Middle Tennessee,middle tennessee,Derek Mason,2025,2.5,Underdog,L,U
2025,2025-10-29T23:30:00.000Z,Charles Kelly,Jacksonville State,Jacksonville State,Middle Tennessee St.,Away,24,21,-2.5,0.5,W,45.5,45,-0.5,U,7,6,-2.5,-1.5,L,27.0,13,-14.0,U,17,15,-2.5,-0.5,L,24.0,32,8.0,O,Jacksonville State,jacksonville state,Charles Kelly,2025,-2.5,Favorite,W,U
2025,2025-10-30T23:30:00.000Z,Tony Gibson,Marshall,Marshall,Coastal Carolina,Away,27,44,16.5,-0.5,L,77.5,71,-6.5,U,20,17,-3.5,-0.5,L,27.5,37,9.5,O,7,27,-3.5,-23.5,L,26.5,34,7.5,O,Marshall,marshall,Tony Gibson,2025,16.5,Underdog,L,U
2025,2025-10-30T23:30:00.000Z,Jeff Traylor,UTSA,UTSA,Tulane,Home,48,26,-21.5,0.5,W,74.5,74,-0.5,U,31,12,3.5,22.5,W,27.0,43,16.0,O,17,14,4.5,7.5,W,27.5,31,3.5,O,UTSA,utsa,Jeff Traylor,2025,-21.5,Favorite,W,U
2025,2025-10-30T23:30:00.000Z,Jon Sumrall,Florida,Tulane,UTSA,Away,26,48,21.5,-0.5,L,74.5,74,-0.5,U,12,31,-3.5,-22.5,L,27.0,43,16.0,O,14,17,-4.5,-7.5,L,27.5,31,3.5,O,Florida,florida,Jon Sumrall,2025,21.5,Underdog,L,U
2025,2025-10-31T23:00:00.000Z,Scott Abell,Rice,Rice,Memphis,Home,14,38,23.5,-0.5,L,49.0,52,3.0,O,7,31,6.5,-17.5,L,24.5,38,13.5,O,7,7,6.5,6.5,W,23.5,14,-9.5,U,Rice,rice,Scott Abell,2025,23.5,Underdog,L,O
2025,2025-10-31T23:00:00.000Z,Ryan Silverfield,Arkansas,Memphis,Rice,Away,38,14,-23.5,0.5,W,49.0,52,3.0,O,31,7,-6.5,17.5,W,24.5,38,13.5,O,7,7,-6.5,-6.5,L,23.5,14,-9.5,U,Arkansas,arkansas,Ryan Silverfield,2025,-23.5,Favorite,W,O
2025,2025-10-31T23:30:00.000Z,Fran Brown,Syracuse,Syracuse,North Carolina,Home,10,27,17.5,0.5,W,43.5,37,-6.5,U,10,6,-0.5,3.5,W,21.5,16,-5.5,U,0,21,0.5,-20.5,L,20.5,21,0.5,O,Syracuse,syracuse,Fran Brown,2025,17.5,Underdog,W,U
2025,2025-10-31T23:30:00.000Z,Bill Belichick,North Carolina,North Carolina,Syracuse,Away,27,10,-17.5,-0.5,L,43.5,37,-6.5,U,6,10,0.5,-3.5,L,21.5,16,-5.5,U,21,0,-0.5,20.5,W,20.5,21,0.5,O,North Carolina,north carolina,Bill Belichick,2025,-17.5,Favorite,L,U
2025,2025-11-01T16:00:00.000Z,Troy Calhoun,Air Force,Air Force,Army,Home,17,20,2.5,-0.5,L,36.5,37,0.5,O,3,10,4.5,-2.5,L,23.5,13,-10.5,U,14,10,-2.0,2.0,W,23.5,24,0.5,O,Air Force,air force,Troy Calhoun,2025,2.5,Underdog,L,O
2025,2025-11-01T16:00:00.000Z,Jeff Monken,Army,Army,Air Force,Away,20,17,-2.5,0.5,W,36.5,37,0.5,O,10,3,-4.5,2.5,W,23.5,13,-10.5,U,10,14,2.0,-2.0,L,23.5,24,0.5,O,Army,army,Jeff Monken,2025,-2.5,Favorite,W,O
2025,2025-11-01T16:00:00.000Z,Eddie George,Bowling Green,Bowling Green,Buffalo,Home,3,28,24.5,-0.5,L,37.5,31,-6.5,U,0,21,-0.5,-21.5,L,21.0,21,0.0,P,3,7,-2.0,-6.0,L,21.0,10,-11.0,U,Bowling Green,bowling green,Eddie George,2025,24.5,Underdog,L,U
2025,2025-11-01T16:00:00.000Z,Pete Lembo,Buffalo,Buffalo,Bowling Green,Away,28,3,-24.5,0.5,W,37.5,31,-6.5,U,21,0,0.5,21.5,W,21.0,21,0.0,P,7,3,2.0,6.0,W,21.0,10,-11.0,U,Buffalo,buffalo,Pete Lembo,2025,-24.5,Favorite,W,U
2025,2025-11-01T16:00:00.000Z,Dabo Swinney,Clemson,Clemson,Duke,Home,45,46,-6.5,-7.5,L,92.5,91,-1.5,U,28,28,-2.5,-2.5,L,27.5,56,28.5,O,17,18,-3.5,-4.5,L,28.5,35,6.5,O,Clemson,clemson,Dabo Swinney,2025,-6.5,Favorite,L,U
2025,2025-11-01T16:00:00.000Z,Manny Diaz,Duke,Duke,Clemson,Away,46,45,6.5,7.5,W,92.5,91,-1.5,U,28,28,2.5,2.5,W,27.5,56,28.5,O,18,17,3.5,4.5,W,28.5,35,6.5,O,Duke,duke,Manny Diaz,2025,6.5,Underdog,W,U
2025,2025-11-01T16:00:00.000Z,Rhett Lashlee,SMU,SMU,Miami Hurricanes,Home,26,20,1.5,7.5,W,49.5,46,-3.5,U,7,10,4.5,1.5,W,25.5,17,-8.5,U,19,10,3.0,12.0,W,24.0,29,5.0,O,SMU,smu,Rhett Lashlee,2025,1.5,Underdog,W,U
2025,2025-11-01T16:00:00.000Z,Mario Cristobal,Miami-FL,Miami-FL,SMU,Away,20,26,-1.5,-7.5,L,49.5,46,-3.5,U,10,7,-4.5,-1.5,L,25.5,17,-8.5,U,10,19,-3.0,-12.0,L,24.0,29,5.0,O,Miami-FL,miami-fl,Mario Cristobal,2025,-1.5,Favorite,L,U
2025,2025-11-01T16:00:00.000Z,Eric Morris,Oklahoma State,North Texas,Navy,Home,31,17,-14.5,-0.5,L,48.5,48,-0.5,U,24,10,-3.5,10.5,W,34.5,34,-0.5,U,7,7,0.0,0.0,P,34.5,14,-20.5,U,Oklahoma State,oklahoma state,Eric Morris,2025,-14.5,Favorite,L,U
2025,2025-11-01T16:00:00.000Z,Brian Newberry,Navy,Navy,North Texas,Away,17,31,14.5,0.5,W,48.5,48,-0.5,U,10,24,3.5,-10.5,L,34.5,34,-0.5,U,7,7,0.0,0.0,P,34.5,14,-20.5,U,Navy,navy,Brian Newberry,2025,14.5,Underdog,W,U
2025,2025-11-01T16:00:00.000Z,Ryan Day,Ohio State,Ohio State,Penn State,Home,38,14,-24.5,-0.5,L,44.5,52,7.5,O,17,14,-10.5,-7.5,L,23.5,31,7.5,O,21,0,-7.5,13.5,W,21.5,21,-0.5,U,Ohio State,ohio state,Ryan Day,2025,-24.5,Favorite,L,O
2025,2025-11-01T16:00:00.000Z,James Franklin,Virginia Tech,Penn State,Ohio State,Away,14,38,24.5,0.5,W,44.5,52,7.5,O,14,17,10.5,7.5,W,23.5,31,7.5,O,0,21,7.5,-13.5,L,21.5,21,-0.5,U,Virginia Tech,virginia tech,James Franklin,2025,24.5,Underdog,W,O
2025,2025-11-01T16:00:00.000Z,Bret Bielema,Illinois,Illinois,Rutgers,Home,35,13,-16.5,5.5,W,48.5,48,-0.5,U,21,6,-3.5,11.5,W,31.5,27,-4.5,U,14,7,-6.5,0.5,W,29.5,21,-8.5,U,Illinois,illinois,Bret Bielema,2025,-16.5,Favorite,W,U
2025,2025-11-01T16:00:00.000Z,Greg Schiano,Rutgers,Rutgers,Illinois,Away,13,35,16.5,-5.5,L,48.5,48,-0.5,U,6,21,3.5,-11.5,L,31.5,27,-4.5,U,7,14,6.5,-0.5,L,29.5,21,-8.5,U,Rutgers,rutgers,Greg Schiano,2025,16.5,Underdog,L,U
2025,2025-11-01T16:00:00.000Z,Jim Mora,Colorado State,Connecticut,UAB,Home,38,19,-25.5,-6.5,L,56.5,57,0.5,O,24,0,-6.5,17.5,W,31.0,24,-7.0,U,14,19,-4.5,-9.5,L,28.0,33,5.0,O,Colorado State,colorado state,Jim Mora,2025,-25.5,Favorite,L,O
2025,2025-11-01T16:00:00.000Z,Dave Aranda,Baylor,Baylor,UCF,Home,30,3,-27.5,-0.5,L,35.5,33,-2.5,U,20,3,-3.5,13.5,W,30.5,23,-7.5,U,10,0,-0.5,9.5,W,27.5,10,-17.5,U,Baylor,baylor,Dave Aranda,2025,-27.5,Favorite,L,U
2025,2025-11-01T16:00:00.000Z,Scott Frost,Central Florida,Central Florida,Baylor,Away,3,30,27.5,0.5,W,35.5,33,-2.5,U,3,20,3.5,-13.5,L,30.5,23,-7.5,U,0,10,0.5,-9.5,L,27.5,10,-17.5,U,Central Florida,central florida,Scott Frost,2025,27.5,Underdog,W,U
2025,2025-11-01T16:00:00.000Z,Steve Sarkisian,Texas,Texas,Vanderbilt,Home,34,31,-6.5,-3.5,L,48.0,65,17.0,O,24,10,-2.5,11.5,W,23.5,34,10.5,O,10,21,-1.5,-12.5,L,23.5,31,7.5,O,Texas,texas,Steve Sarkisian,2025,-6.5,Favorite,L,O
2025,2025-11-01T16:00:00.000Z,Clark Lea,Vanderbilt,Vanderbilt,Texas,Away,31,34,6.5,3.5,W,48.0,65,17.0,O,10,24,2.5,-11.5,L,23.5,34,10.5,O,21,10,1.5,12.5,W,23.5,31,7.5,O,Vanderbilt,vanderbilt,Clark Lea,2025,6.5,Underdog,W,O
2025,2025-11-01T16:00:00.000Z,Willie Fritz,Houston,Houston,West Virginia,Home,35,45,10.5,0.5,W,80.5,80,-0.5,U,21,21,-7.0,-7.0,L,24.5,42,17.5,O,14,24,-7.5,-17.5,L,24.0,38,14.0,O,Houston,houston,Willie Fritz,2025,10.5,Underdog,W,U
2025,2025-11-01T16:00:00.000Z,Rich Rodriguez,West Virginia,West Virginia,Houston,Away,45,35,-10.5,-0.5,L,80.5,80,-0.5,U,21,21,7.0,7.0,W,24.5,42,17.5,O,24,14,7.5,17.5,W,24.0,38,14.0,O,West Virginia,west virginia,Rich Rodriguez,2025,-10.5,Favorite,L,U
2025,2025-11-01T17:00:00.000Z,Matt Campbell,Penn State,Iowa State,Arizona St.,Home,19,24,4.5,-0.5,L,48.5,43,-5.5,U,16,17,-3.5,-4.5,L,24.5,33,8.5,O,3,7,-4.5,-8.5,L,22.5,10,-12.5,U,Penn State,penn state,Matt Campbell,2025,4.5,Underdog,L,U
2025,2025-11-01T17:00:00.000Z,Kenny Dillingham,Arizona State,Arizona State,Iowa State,Away,24,19,-4.5,0.5,W,48.5,43,-5.5,U,17,16,3.5,4.5,W,24.5,33,8.5,O,7,3,4.5,8.5,W,22.5,10,-12.5,U,Arizona State,arizona state,Kenny Dillingham,2025,-4.5,Favorite,W,U
2025,2025-11-01T18:00:00.000Z,Blake Harrell,East Carolina,East Carolina,Temple,Away,45,14,-30.5,0.5,W,59.5,59,-0.5,U,28,14,-3.0,11.0,W,28.5,42,13.5,O,17,0,-11.5,5.5,W,24.5,17,-7.5,U,East Carolina,east carolina,Blake Harrell,2025,-30.5,Favorite,W,U
2025,2025-11-01T19:00:00.000Z,Jeff Brohm,Louisville,Louisville,Virginia Tech,Away,28,16,-12.5,-0.5,L,42.5,44,1.5,O,7,16,5.5,-3.5,L,27.5,23,-4.5,U,21,0,-7.0,14.0,W,25.0,21,-4.0,U,Louisville,louisville,Jeff Brohm,2025,-12.5,Favorite,L,O
2025,2025-11-01T19:00:00.000Z,Dan Mullen,UNLV,UNLV,New Mexico,Home,35,40,1.5,-3.5,L,75.5,75,-0.5,U,21,31,-2.5,-12.5,L,30.5,52,21.5,O,14,9,-6.5,-1.5,L,33.5,23,-10.5,U,UNLV,unlv,Dan Mullen,2025,1.5,Underdog,L,U
2025,2025-11-01T19:00:00.000Z,Jason Eck,New Mexico,New Mexico,UNLV,Away,40,35,-1.5,3.5,W,75.5,75,-0.5,U,31,21,2.5,12.5,W,30.5,52,21.5,O,9,14,6.5,1.5,W,33.5,23,-10.5,U,New Mexico,new mexico,Jason Eck,2025,-1.5,Favorite,W,U
2025,2025-11-01T19:30:00.000Z,Jamey Chadwell,Liberty,Liberty,Delaware,Home,59,30,-29.5,-0.5,L,52.5,89,36.5,O,28,9,-1.5,17.5,W,25.5,37,11.5,O,31,21,-2.5,7.5,W,26.5,52,25.5,O,Liberty,liberty,Jamey Chadwell,2025,-29.5,Favorite,L,O
2025,2025-11-01T19:30:00.000Z,Ryan Carty,Delaware,Delaware,Liberty Flames,Away,30,59,29.5,0.5,W,52.5,89,36.5,O,9,28,1.5,-17.5,L,25.5,37,11.5,O,21,31,2.5,-7.5,L,26.5,52,25.5,O,Delaware,delaware,Ryan Carty,2025,29.5,Underdog,W,O
2025,2025-11-01T19:30:00.000Z,Spencer Danielson,Boise State,Boise State,Fresno St.,Home,7,30,22.5,-0.5,L,40.5,37,-3.5,U,7,10,-9.5,-12.5,L,26.5,17,-9.5,U,0,20,-7.0,-27.0,L,20.0,20,0.0,P,Boise State,boise state,Spencer Danielson,2025,22.5,Underdog,L,U
2025,2025-11-01T19:30:00.000Z,Matt Entz,Fresno State,Fresno State,Boise St,Away,30,7,-22.5,0.5,W,40.5,37,-3.5,U,10,7,9.5,12.5,W,26.5,17,-9.5,U,20,0,7.0,27.0,W,20.0,20,0.0,P,Fresno State,fresno state,Matt Entz,2025,-22.5,Favorite,W,U
2025,2025-11-01T19:30:00.000Z,Billy Napier,James Madison,Florida,Georgia B,Home,20,24,6.5,2.5,W,50.5,44,-6.5,U,10,10,3.5,3.5,W,24.5,20,-4.5,U,10,14,3.0,-1.0,L,23.5,24,0.5,O,James Madison,james madison,Billy Napier,2025,6.5,Underdog,W,U
2025,2025-11-01T19:30:00.000Z,Mike Locksley,Maryland,Maryland,Indiana,Home,10,55,43.5,-1.5,L,65.5,65,-0.5,U,3,20,13.5,-3.5,L,27.5,23,-4.5,U,7,35,7.5,-20.5,L,22.5,42,19.5,O,Maryland,maryland,Mike Locksley,2025,43.5,Underdog,L,U
2025,2025-11-01T19:30:00.000Z,Curt Cignetti,Indiana,Indiana,Maryland,Away,55,10,-43.5,1.5,W,65.5,65,-0.5,U,20,3,-13.5,3.5,W,27.5,23,-4.5,U,35,7,-7.5,20.5,W,22.5,42,19.5,O,Indiana,indiana,Curt Cignetti,2025,-43.5,Favorite,W,U
2025,2025-11-01T19:30:00.000Z,Major Applewhite,South Alabama,South Alabama,Lafayette,Home,22,31,4.5,-4.5,L,60.5,53,-7.5,U,7,24,-2.5,-19.5,L,26.5,31,4.5,O,15,7,-0.5,7.5,W,25.5,22,-3.5,U,South Alabama,south alabama,Major Applewhite,2025,4.5,Underdog,L,U
2025,2025-11-01T19:30:00.000Z,Tyson Helton,Western Kentucky,Western Kentucky,New Mexico St.,Home,35,16,-24.5,-5.5,L,46.5,51,4.5,O,14,6,-4.5,3.5,W,26.5,20,-6.5,U,21,10,-4.5,6.5,W,24.5,31,6.5,O,Western Kentucky,western kentucky,Tyson Helton,2025,-24.5,Favorite,L,O
2025,2025-11-01T19:30:00.000Z,Tony Sanchez,New Mexico State,New Mexico State,Western Kentucky,Away,16,35,24.5,5.5,W,46.5,51,4.5,O,6,14,4.5,-3.5,L,26.5,20,-6.5,U,10,21,4.5,-6.5,L,24.5,31,6.5,O,New Mexico State,new mexico state,Tony Sanchez,2025,24.5,Underdog,W,O
2025,2025-11-01T19:30:00.000Z,Bill O'Brien,Boston College,Boston College,Notre Dame,Home,10,25,15.5,0.5,W,35.5,35,-0.5,U,7,12,6.5,1.5,W,30.5,19,-11.5,U,3,13,13.5,3.5,W,24.5,16,-8.5,U,Boston College,boston college,Bill O'Brien,2025,15.5,Underdog,W,U
2025,2025-11-01T19:30:00.000Z,Marcus Freeman,Notre Dame,Notre Dame,Boston College,Away,25,10,-15.5,-0.5,L,35.5,35,-0.5,U,12,7,-6.5,-1.5,L,30.5,19,-11.5,U,13,3,-13.5,-3.5,L,24.5,16,-8.5,U,Notre Dame,notre dame,Marcus Freeman,2025,-15.5,Favorite,L,U
2025,2025-11-01T19:30:00.000Z,Bryant Vincent,UL-Monroe,UL-Monroe,Old Dominion,Home,6,31,25.5,0.5,W,55.5,37,-18.5,U,0,24,9.5,-14.5,L,27.5,24,-3.5,U,6,7,7.0,6.0,W,24.5,13,-11.5,U,UL-Monroe,ul-monroe,Bryant Vincent,2025,25.5,Underdog,W,U
2025,2025-11-01T19:30:00.000Z,Ricky Rahne,Old Dominion,Old Dominion,ULM,Away,31,6,-25.5,-0.5,L,55.5,37,-18.5,U,24,0,-9.5,14.5,W,27.5,24,-3.5,U,7,6,-7.0,-6.0,L,24.5,13,-11.5,U,Old Dominion,old dominion,Ricky Rahne,2025,-25.5,Favorite,L,U
2025,2025-11-01T19:30:00.000Z,Pat Narduzzi,Pittsburgh,Pittsburgh,Stanford,Away,35,20,-20.5,-5.5,L,51.5,55,3.5,O,21,13,-7.5,0.5,W,26.5,34,7.5,O,14,7,-7.0,0.0,P,24.5,21,-3.5,U,Pittsburgh,pittsburgh,Pat Narduzzi,2025,-20.5,Favorite,L,O
2025,2025-11-01T19:30:00.000Z,Joey McGuire,Texas Tech,Texas Tech,Kansas St.,Away,43,20,-22.5,0.5,W,62.5,63,0.5,O,12,7,-4.0,1.0,W,26.5,19,-7.5,U,31,13,-3.5,14.5,W,24.5,44,19.5,O,Texas Tech,texas tech,Joey McGuire,2025,-22.5,Favorite,W,O
2025,2025-11-01T19:45:00.000Z,Tony Elliott,Virginia,Virginia,California,Away,31,21,-8.5,1.5,W,52.5,52,-0.5,U,17,7,-10.5,-0.5,L,26.5,24,-2.5,U,14,14,-2.5,-2.5,L,25.5,28,2.5,O,Virginia,virginia,Tony Elliott,2025,-8.5,Favorite,W,U
2025,2025-11-01T20:00:00.000Z,Lance Taylor,Western Michigan,Western Michigan,Central Michigan,Home,24,21,-3.5,-0.5,L,44.5,45,0.5,O,7,14,-3.5,-10.5,L,20.5,21,0.5,O,17,7,-3.5,6.5,W,21.5,24,2.5,O,Western Michigan,western michigan,Lance Taylor,2025,-3.5,Favorite,L,O
2025,2025-11-01T20:00:00.000Z,Matt Drinkall,Central Michigan,Central Michigan,Western Michigan,Away,21,24,3.5,0.5,W,44.5,45,0.5,O,14,7,3.5,10.5,W,20.5,21,0.5,O,7,17,3.5,-6.5,L,21.5,24,2.5,O,Central Michigan,central michigan,Matt Drinkall,2025,3.5,Underdog,W,O
2025,2025-11-01T20:00:00.000Z,Jeff Lebby,Mississippi State,Mississippi State,Arkansas,Away,38,35,3.5,6.5,W,66.5,73,6.5,O,7,13,3.5,-2.5,L,33.5,20,-13.5,U,31,22,1.0,10.0,W,31.0,53,22.0,O,Mississippi State,mississippi state,Jeff Lebby,2025,3.5,Underdog,W,O
2025,2025-11-01T20:00:00.000Z,Lance Leipold,Kansas,Kansas,Oklahoma St.,Home,38,21,-17.5,-0.5,L,55.5,59,3.5,O,10,7,-2.5,0.5,W,30.0,17,-13.0,U,28,14,-11.5,2.5,W,26.5,42,15.5,O,Kansas,kansas,Lance Leipold,2025,-17.5,Favorite,L,O
2025,2025-11-01T23:00:00.000Z,Deion Sanders,Colorado,Colorado,Arizona,Home,17,52,34.5,-0.5,L,52.5,69,16.5,O,7,38,3.5,-27.5,L,25.5,45,19.5,O,10,14,0.5,-3.5,L,26.5,24,-2.5,U,Colorado,colorado,Deion Sanders,2025,34.5,Underdog,L,O
2025,2025-11-01T23:00:00.000Z,Brent Brennan,Arizona,Arizona,Colorado,Away,52,17,-34.5,0.5,W,52.5,69,16.5,O,38,7,-3.5,27.5,W,25.5,45,19.5,O,14,10,-0.5,3.5,W,26.5,24,-2.5,U,Arizona,arizona,Brent Brennan,2025,-34.5,Favorite,W,O
2025,2025-11-01T23:00:00.000Z,Barry Odom,Purdue,Purdue,Michigan,Away,16,21,5.5,0.5,W,39.5,37,-2.5,U,7,14,11.5,4.5,W,26.5,21,-5.5,U,9,7,10.5,12.5,W,23.5,16,-7.5,U,Purdue,purdue,Barry Odom,2025,5.5,Underdog,W,U
2025,2025-11-01T23:00:00.000Z,Lane Kiffin,LSU,Ole Miss,South Carolina,Home,30,14,-15.5,0.5,W,44.5,44,-0.5,U,17,7,-10.5,-0.5,L,27.5,24,-3.5,U,13,7,-4.5,1.5,W,27.0,20,-7.0,U,LSU,lsu,Lane Kiffin,2025,-15.5,Favorite,W,U
2025,2025-11-01T23:00:00.000Z,Shane Beamer,South Carolina,South Carolina,Ole Miss,Away,14,30,15.5,-0.5,L,44.5,44,-0.5,U,7,17,10.5,0.5,W,27.5,24,-3.5,U,7,13,4.5,-1.5,L,27.0,20,-7.0,U,South Carolina,south carolina,Shane Beamer,2025,15.5,Underdog,L,U
2025,2025-11-01T23:00:00.000Z,Sean Lewis,San Diego State,San Diego State,Wyoming,Home,24,7,-17.5,-0.5,L,31.5,31,-0.5,U,17,7,-6.5,3.5,W,21.0,24,3.0,O,7,0,-6.5,0.5,W,20.5,7,-13.5,U,San Diego State,san diego state,Sean Lewis,2025,-17.5,Favorite,L,U
2025,2025-11-01T23:00:00.000Z,Jay Sawvel,Wyoming,Wyoming,San Diego St.,Away,7,24,17.5,0.5,W,31.5,31,-0.5,U,7,17,6.5,-3.5,L,21.0,24,3.0,O,0,7,6.5,-0.5,L,20.5,7,-13.5,U,Wyoming,wyoming,Jay Sawvel,2025,17.5,Underdog,W,U
2025,2025-11-01T23:30:00.000Z,Dave Doeren,NC State,NC State,Georgia Tech,Home,48,36,-10.5,1.5,W,84.5,84,-0.5,U,24,17,3.0,10.0,W,28.5,41,12.5,O,24,19,4.5,9.5,W,31.0,43,12.0,O,NC State,nc state,Dave Doeren,2025,-10.5,Favorite,W,U
2025,2025-11-01T23:30:00.000Z,Brent Key,Georgia Tech,Georgia Tech,NC State,Away,36,48,10.5,-1.5,L,84.5,84,-0.5,U,17,24,-3.0,-10.0,L,28.5,41,12.5,O,19,24,-4.5,-9.5,L,31.0,43,12.0,O,Georgia Tech,georgia tech,Brent Key,2025,10.5,Underdog,L,U
2025,2025-11-01T23:30:00.000Z,Josh Heupel,Tennessee,Tennessee,Oklahoma,Home,27,33,6.5,0.5,W,55.5,60,4.5,O,10,16,-1.5,-7.5,L,27.5,26,-1.5,U,17,17,-0.5,-0.5,L,27.5,34,6.5,O,Tennessee,tennessee,Josh Heupel,2025,6.5,Underdog,W,O
2025,2025-11-01T23:30:00.000Z,Brent Venables,Oklahoma,Oklahoma,Tennessee,Away,33,27,-6.5,-0.5,L,55.5,60,4.5,O,16,10,1.5,7.5,W,27.5,26,-1.5,U,17,17,0.5,0.5,W,27.5,34,6.5,O,Oklahoma,oklahoma,Brent Venables,2025,-6.5,Favorite,L,O
2025,2025-11-01T23:30:00.000Z,Matt Rhule,Nebraska,Nebraska,USC,Home,17,21,4.5,0.5,W,44.5,38,-6.5,U,14,6,-1.5,6.5,W,28.5,20,-8.5,U,3,15,3.5,-8.5,L,28.5,18,-10.5,U,Nebraska,nebraska,Matt Rhule,2025,4.5,Underdog,W,U
2025,2025-11-01T23:30:00.000Z,Lincoln Riley,USC,USC,Nebraska,Away,21,17,-4.5,-0.5,L,44.5,38,-6.5,U,6,14,1.5,-6.5,L,28.5,20,-8.5,U,15,3,-3.5,8.5,W,28.5,18,-10.5,U,USC,usc,Lincoln Riley,2025,-4.5,Favorite,L,U
2025,2025-11-01T23:30:00.000Z,Mike Norvell,Florida State,Florida State,Wake Forest,Home,42,7,-35.5,-0.5,L,49.5,49,-0.5,U,14,0,-6.5,7.5,W,25.5,14,-11.5,U,28,7,-6.0,15.0,W,24.0,35,11.0,O,Florida State,florida state,Mike Norvell,2025,-35.5,Favorite,L,U
2025,2025-11-01T23:30:00.000Z,Jake Dickert,Wake Forest,Wake Forest,Florida State,Away,7,42,35.5,0.5,W,49.5,49,-0.5,U,0,14,6.5,-7.5,L,25.5,14,-11.5,U,7,28,6.0,-15.0,L,24.0,35,11.0,O,Wake Forest,wake forest,Jake Dickert,2025,35.5,Underdog,W,U
2025,2025-11-01T23:30:00.000Z,Jimmy Rogers,Iowa State,Washington State,Oregon State,Away,7,10,1.5,-1.5,L,24.5,17,-7.5,U,7,3,-2.5,1.5,W,23.5,10,-13.5,U,0,7,-0.5,-7.5,L,21.0,7,-14.0,U,Iowa State,iowa state,Jimmy Rogers,2025,1.5,Underdog,L,U
2025,2025-11-02T02:15:00.000Z,Kyle Whittingham,Michigan,Utah,Cincinnati,Home,45,14,-30.5,0.5,W,59.5,59,-0.5,U,24,7,-6.5,10.5,W,30.5,31,0.5,O,21,7,-6.0,8.0,W,27.5,28,0.5,O,Michigan,michigan,Kyle Whittingham,2025,-30.5,Favorite,W,U
2025,2025-11-02T02:15:00.000Z,Scott Satterfield,Cincinnati,Cincinnati,Utah,Away,14,45,30.5,-0.5,L,59.5,59,-0.5,U,7,24,6.5,-10.5,L,30.5,31,0.5,O,7,21,6.0,-8.0,L,27.5,28,0.5,O,Cincinnati,cincinnati,Scott Satterfield,2025,30.5,Underdog,L,U
2025,2025-11-02T02:30:00.000Z,Ken Niumatalolo,San Jose State,San Jose State,Hawaii,Home,45,38,-6.5,0.5,W,55.0,83,28.0,O,31,14,-2.5,14.5,W,27.5,45,17.5,O,14,24,0.5,-9.5,L,26.5,38,11.5,O,San Jose State,san jose state,Ken Niumatalolo,2025,-6.5,Favorite,W,O
2025,2025-11-02T02:30:00.000Z,Timmy Chang,Hawaii,Hawaii,San Jose St.,Away,38,45,6.5,-0.5,L,55.0,83,28.0,O,14,31,2.5,-14.5,L,27.5,45,17.5,O,24,14,-0.5,9.5,W,26.5,38,11.5,O,Hawaii,hawaii,Timmy Chang,2025,6.5,Underdog,L,O
2025,2025-11-07T00:30:00.000Z,Dowell Loggains,Appalachian State,Appalachian State,Georgia Southern,Home,23,25,2.5,0.5,W,47.5,48,0.5,O,3,19,15.5,-0.5,L,30.5,22,-8.5,U,20,6,-5.5,8.5,W,27.5,26,-1.5,U,Appalachian State,appalachian state,Dowell Loggains,2025,2.5,Underdog,W,O
2025,2025-11-07T00:30:00.000Z,Clay Helton,Georgia Southern,Georgia Southern,Appalachian St.,Away,25,23,-2.5,-0.5,L,47.5,48,0.5,O,19,3,-15.5,0.5,W,30.5,22,-8.5,U,6,20,5.5,-8.5,L,27.5,26,-1.5,U,Georgia Southern,georgia southern,Clay Helton,2025,-2.5,Favorite,L,O
2025,2025-11-07T00:30:00.000Z,Alex Golesh,Auburn,South Florida,UTSA,Home,55,23,-28.5,3.5,W,81.5,78,-3.5,U,45,10,-7.5,27.5,W,34.5,55,20.5,O,10,13,-7.0,-10.0,L,30.5,23,-7.5,U,Auburn,auburn,Alex Golesh,2025,-28.5,Favorite,W,U
2025,2025-11-07T00:30:00.000Z,Jeff Traylor,UTSA,UTSA,South Florida,Away,23,55,28.5,-3.5,L,81.5,78,-3.5,U,10,45,7.5,-27.5,L,34.5,55,20.5,O,13,10,7.0,10.0,W,30.5,23,-7.5,U,UTSA,utsa,Jeff Traylor,2025,28.5,Underdog,L,U
2025,2025-11-08T01:00:00.000Z,Scott Frost,Central Florida,Central Florida,Houston,Home,27,30,2.5,-0.5,L,47.5,57,9.5,O,24,17,1.5,8.5,W,23.5,41,17.5,O,3,13,-1.5,-11.5,L,23.5,16,-7.5,U,Central Florida,central florida,Scott Frost,2025,2.5,Underdog,L,O
2025,2025-11-08T01:00:00.000Z,Willie Fritz,Houston,Houston,UCF,Away,30,27,-2.5,0.5,W,47.5,57,9.5,O,17,24,-1.5,-8.5,L,23.5,41,17.5,O,13,3,1.5,11.5,W,23.5,16,-7.5,U,Houston,houston,Willie Fritz,2025,-2.5,Favorite,W,O
2025,2025-11-08T02:00:00.000Z,Lincoln Riley,USC,USC,Northwestern,Home,38,17,-20.5,0.5,W,59.5,55,-4.5,U,21,14,-7.5,-0.5,L,27.5,35,7.5,O,17,3,-3.5,10.5,W,25.5,20,-5.5,U,USC,usc,Lincoln Riley,2025,-20.5,Favorite,W,U
2025,2025-11-08T02:00:00.000Z,David Braun,Northwestern,Northwestern,USC,Away,17,38,20.5,-0.5,L,59.5,55,-4.5,U,14,21,7.5,0.5,W,27.5,35,7.5,O,3,17,3.5,-10.5,L,25.5,20,-5.5,U,Northwestern,northwestern,David Braun,2025,20.5,Underdog,L,U
2025,2025-11-08T02:00:00.000Z,Ryan Silverfield,Arkansas,Memphis,Tulane,Home,32,38,5.5,-0.5,L,76.5,70,-6.5,U,17,35,-2.5,-20.5,L,27.0,52,25.0,O,15,3,-1.5,10.5,W,27.5,18,-9.5,U,Arkansas,arkansas,Ryan Silverfield,2025,5.5,Underdog,L,U
2025,2025-11-08T02:00:00.000Z,Jon Sumrall,Florida,Tulane,Memphis,Away,38,32,-5.5,0.5,W,76.5,70,-6.5,U,35,17,2.5,20.5,W,27.0,52,25.0,O,3,15,1.5,-10.5,L,27.5,18,-9.5,U,Florida,florida,Jon Sumrall,2025,-5.5,Favorite,W,U
2025,2025-11-08T17:00:00.000Z,Joey McGuire,Texas Tech,Texas Tech,BYU,Home,29,7,-21.5,0.5,W,36.5,36,-0.5,U,13,0,-7.0,6.0,W,25.5,13,-12.5,U,16,7,-7.0,2.0,W,23.0,23,0.0,P,Texas Tech,texas tech,Joey McGuire,2025,-21.5,Favorite,W,U
2025,2025-11-08T17:00:00.000Z,Kalani Sitake,BYU,BYU,Texas Tech,Away,7,29,21.5,-0.5,L,36.5,36,-0.5,U,0,13,7.0,-6.0,L,25.5,13,-12.5,U,7,16,7.0,-2.0,L,23.0,23,0.0,P,BYU,byu,Kalani Sitake,2025,21.5,Underdog,L,U
2025,2025-11-08T17:00:00.000Z,Rich Rodriguez,West Virginia,West Virginia,Colorado,Home,29,22,-8.5,-1.5,L,50.5,51,0.5,O,19,9,-3.5,6.5,W,26.5,28,1.5,O,10,13,-3.5,-6.5,L,24.0,23,-1.0,U,West Virginia,west virginia,Rich Rodriguez,2025,-8.5,Favorite,L,O
2025,2025-11-08T17:00:00.000Z,Deion Sanders,Colorado,Colorado,West Virginia,Away,22,29,8.5,1.5,W,50.5,51,0.5,O,9,19,3.5,-6.5,L,26.5,28,1.5,O,13,10,3.5,6.5,W,24.0,23,-1.0,U,Colorado,colorado,Deion Sanders,2025,8.5,Underdog,W,O
2025,2025-11-08T17:00:00.000Z,Jeff Lebby,Mississippi State,Mississippi State,Georgia B,Home,21,41,21.5,1.5,W,62.5,62,-0.5,U,7,24,4.5,-12.5,L,27.5,31,3.5,O,14,17,6.5,3.5,W,27.5,31,3.5,O,Mississippi State,mississippi state,Jeff Lebby,2025,21.5,Underdog,W,U
2025,2025-11-08T17:00:00.000Z,James Franklin,Virginia Tech,Penn State,Indiana,Home,24,27,2.5,-0.5,L,50.5,51,0.5,O,7,17,6.5,-3.5,L,25.5,24,-1.5,U,17,10,6.0,13.0,W,23.5,27,3.5,O,Virginia Tech,virginia tech,James Franklin,2025,2.5,Underdog,L,O
2025,2025-11-08T17:00:00.000Z,Curt Cignetti,Indiana,Indiana,Penn State,Away,27,24,-2.5,0.5,W,50.5,51,0.5,O,17,7,-6.5,3.5,W,25.5,24,-1.5,U,10,17,-6.0,-13.0,L,23.5,27,3.5,O,Indiana,indiana,Curt Cignetti,2025,-2.5,Favorite,W,O
2025,2025-11-08T17:00:00.000Z,Tony Gibson,Marshall,Marshall,James Madison,Home,23,35,11.5,-0.5,L,53.5,58,4.5,O,12,21,7.0,-2.0,L,27.5,33,5.5,O,11,14,7.5,4.5,W,26.5,25,-1.5,U,Marshall,marshall,Tony Gibson,2025,11.5,Underdog,L,O
2025,2025-11-08T17:00:00.000Z,Bob Chesney,UCLA,James Madison,Marshall,Away,35,23,-11.5,0.5,W,53.5,58,4.5,O,21,12,-7.0,2.0,W,27.5,33,5.5,O,14,11,-7.5,-4.5,L,26.5,25,-1.5,U,UCLA,ucla,Bob Chesney,2025,-11.5,Favorite,W,O
2025,2025-11-08T17:00:00.000Z,Bill O'Brien,Boston College,Boston College,SMU,Home,13,45,31.5,-0.5,L,59.5,58,-1.5,U,6,17,6.5,-4.5,L,27.5,23,-4.5,U,7,28,3.5,-17.5,L,24.5,35,10.5,O,Boston College,boston college,Bill O'Brien,2025,31.5,Underdog,L,U
2025,2025-11-08T17:00:00.000Z,Rhett Lashlee,SMU,SMU,Boston College,Away,45,13,-31.5,0.5,W,59.5,58,-1.5,U,17,6,-6.5,4.5,W,27.5,23,-4.5,U,28,7,-3.5,17.5,W,24.5,35,10.5,O,SMU,smu,Rhett Lashlee,2025,-31.5,Favorite,W,U
2025,2025-11-08T17:00:00.000Z,Butch Jones,Arkansas State,Arkansas State,Southern Miss,Home,21,27,5.5,-0.5,L,54.5,48,-6.5,U,7,17,3.0,-7.0,L,27.5,24,-3.5,U,14,10,3.5,7.5,W,27.0,24,-3.0,U,Arkansas State,arkansas state,Butch Jones,2025,5.5,Underdog,L,U
2025,2025-11-08T17:00:00.000Z,Charles Huff,Memphis,Southern Miss,Arkansas St.,Away,27,21,-5.5,0.5,W,54.5,48,-6.5,U,17,7,-3.0,7.0,W,27.5,24,-3.5,U,10,14,-3.5,-7.5,L,27.0,24,-3.0,U,Memphis,memphis,Charles Huff,2025,-5.5,Favorite,W,U
2025,2025-11-08T17:00:00.000Z,Jeff Monken,Army,Army,Temple,Home,14,13,-6.5,-5.5,L,33.5,27,-6.5,U,7,10,-3.5,-6.5,L,23.0,17,-6.0,U,7,3,-4.0,0.0,P,21.5,10,-11.5,U,Army,army,Jeff Monken,2025,-6.5,Favorite,L,U
2025,2025-11-08T18:00:00.000Z,Chris Creighton,Eastern Michigan,Eastern Michigan,Bowling Green,Home,27,21,-5.5,0.5,W,48.5,48,-0.5,U,10,14,-0.5,-4.5,L,24.5,24,-0.5,U,17,7,-2.0,8.0,W,22.5,24,1.5,O,Eastern Michigan,eastern michigan,Chris Creighton,2025,-5.5,Favorite,W,U
2025,2025-11-08T18:00:00.000Z,Eddie George,Bowling Green,Bowling Green,Eastern Michigan,Away,21,27,5.5,-0.5,L,48.5,48,-0.5,U,14,10,0.5,4.5,W,24.5,24,-0.5,U,7,17,2.0,-8.0,L,22.5,24,1.5,O,Bowling Green,bowling green,Eddie George,2025,5.5,Underdog,L,U
2025,2025-11-08T18:00:00.000Z,Lane Kiffin,LSU,Ole Miss,Citadel,Home,49,0,-52.5,-3.5,L,53.5,49,-4.5,U,35,0,-34.5,0.5,W,34.5,35,0.5,O,14,0,-14.5,-0.5,L,14.5,14,-0.5,U,LSU,lsu,Lane Kiffin,2025,-52.5,Favorite,L,U
2025,2025-11-08T18:00:00.000Z,Jamey Chadwell,Liberty,Liberty,Missouri State,Home,17,21,-3.5,-7.5,L,31.5,38,6.5,O,10,0,-4.5,5.5,W,13.5,10,-3.5,U,7,21,-4.0,-18.0,L,23.0,28,5.0,O,Liberty,liberty,Jamey Chadwell,2025,-3.5,Favorite,L,O
2025,2025-11-08T18:00:00.000Z,Ryan Beard,Coastal Carolina,Missouri State,Liberty Flames,Away,21,17,3.5,7.5,W,31.5,38,6.5,O,0,10,4.5,-5.5,L,13.5,10,-3.5,U,21,7,4.0,18.0,W,23.0,28,5.0,O,Coastal Carolina,coastal carolina,Ryan Beard,2025,3.5,Underdog,W,O
2025,2025-11-08T18:00:00.000Z,Barry Odom,Purdue,Purdue,Ohio State,Home,10,34,30.5,6.5,W,37.5,44,6.5,O,3,24,17.5,-3.5,L,26.5,27,0.5,O,7,10,13.5,10.5,W,23.0,17,-6.0,U,Purdue,purdue,Barry Odom,2025,30.5,Underdog,W,O
2025,2025-11-08T18:00:00.000Z,Ryan Day,Ohio State,Ohio State,Purdue,Away,34,10,-30.5,-6.5,L,37.5,44,6.5,O,24,3,-17.5,3.5,W,26.5,27,0.5,O,10,7,-13.5,-10.5,L,23.0,17,-6.0,U,Ohio State,ohio state,Ryan Day,2025,-30.5,Favorite,L,O
2025,2025-11-08T19:00:00.000Z,Scott Abell,Rice,Rice,UAB,Home,24,17,-6.5,0.5,W,42.5,41,-1.5,U,14,17,-0.5,-3.5,L,25.5,31,5.5,O,10,0,-1.0,9.0,W,24.5,10,-14.5,U,Rice,rice,Scott Abell,2025,-6.5,Favorite,W,U
2025,2025-11-08T19:30:00.000Z,Greg Schiano,Rutgers,Rutgers,Maryland,Home,35,20,-15.5,-0.5,L,55.5,55,-0.5,U,21,17,-0.5,3.5,W,28.0,38,10.0,O,14,3,-0.5,10.5,W,28.5,17,-11.5,U,Rutgers,rutgers,Greg Schiano,2025,-15.5,Favorite,L,U
2025,2025-11-08T19:30:00.000Z,Mike Locksley,Maryland,Maryland,Rutgers,Away,20,35,15.5,0.5,W,55.5,55,-0.5,U,17,21,0.5,-3.5,L,28.0,38,10.0,O,3,14,0.5,-10.5,L,28.5,17,-11.5,U,Maryland,maryland,Mike Locksley,2025,15.5,Underdog,W,U
2025,2025-11-08T20:00:00.000Z,Blake Harrell,East Carolina,East Carolina,Charlotte,Home,48,22,-26.5,-0.5,L,70.5,70,-0.5,U,35,14,-17.0,4.0,W,30.5,49,18.5,O,13,8,-10.0,-5.0,L,25.5,21,-4.5,U,East Carolina,east carolina,Blake Harrell,2025,-26.5,Favorite,L,U
2025,2025-11-08T20:00:00.000Z,Tim Albin,Charlotte,Charlotte,East Carolina,Away,22,48,26.5,0.5,W,70.5,70,-0.5,U,14,35,17.0,-4.0,L,30.5,49,18.5,O,8,13,10.0,5.0,W,25.5,21,-4.5,U,Charlotte,charlotte,Tim Albin,2025,26.5,Underdog,W,U
2025,2025-11-08T20:00:00.000Z,Derek Mason,Middle Tennessee,Middle Tennessee,Florida Int.,Home,30,56,31.5,5.5,W,86.5,86,-0.5,U,17,21,13.5,9.5,W,24.5,38,13.5,O,13,35,-1.0,-23.0,L,24.5,48,23.5,O,Middle Tennessee,middle tennessee,Derek Mason,2025,31.5,Underdog,W,U
2025,2025-11-08T20:00:00.000Z,Willie Simmons,Florida International,Florida International,Middle Tennessee St.,Away,56,30,-31.5,-5.5,L,86.5,86,-0.5,U,21,17,-13.5,-9.5,L,24.5,38,13.5,O,35,13,1.0,23.0,W,24.5,48,23.5,O,Florida International,florida international,Willie Simmons,2025,-31.5,Favorite,L,U
2025,2025-11-08T20:00:00.000Z,Scotty Walden,UTEP,UTEP,Jacksonville State Gamecocks,Home,27,30,2.5,-0.5,L,47.5,57,9.5,O,13,20,6.5,-0.5,L,23.5,33,9.5,O,14,10,-0.5,3.5,W,24.0,24,0.0,P,UTEP,utep,Scotty Walden,2025,2.5,Underdog,L,O
2025,2025-11-08T20:00:00.000Z,Charles Kelly,Jacksonville State,Jacksonville State,UTEP,Away,30,27,-2.5,0.5,W,47.5,57,9.5,O,20,13,-6.5,0.5,W,23.5,33,9.5,O,10,14,0.5,-3.5,L,24.0,24,0.0,P,Jacksonville State,jacksonville state,Charles Kelly,2025,-2.5,Favorite,W,O
2025,2025-11-08T20:00:00.000Z,Ryan Carty,Delaware,Delaware,Louisiana Tech,Home,25,24,1.5,2.5,W,33.5,49,15.5,O,9,7,3.5,5.5,W,28.0,16,-12.0,U,16,17,1.5,0.5,W,27.5,33,5.5,O,Delaware,delaware,Ryan Carty,2025,1.5,Underdog,W,O
2025,2025-11-08T20:00:00.000Z,Sonny Cumbie,Louisiana Tech,Louisiana Tech,Delaware,Away,24,25,-1.5,-2.5,L,33.5,49,15.5,O,7,9,-3.5,-5.5,L,28.0,16,-12.0,U,17,16,-1.5,-0.5,L,27.5,33,5.5,O,Louisiana Tech,louisiana tech,Sonny Cumbie,2025,-1.5,Favorite,L,O
2025,2025-11-08T20:00:00.000Z,Zach Kittley,Florida Atlantic,Florida Atlantic,Tulsa,Home,40,21,-13.5,5.5,W,67.5,61,-6.5,U,31,6,-2.5,22.5,W,31.0,37,6.0,O,9,15,0.5,-5.5,L,29.5,24,-5.5,U,Florida Atlantic,florida atlantic,Zach Kittley,2025,-13.5,Favorite,W,U
2025,2025-11-08T20:00:00.000Z,Tre Lamb,Tulsa,Tulsa,Florida Atl.,Away,21,40,13.5,-5.5,L,67.5,61,-6.5,U,6,31,2.5,-22.5,L,31.0,37,6.0,O,15,9,-0.5,5.5,W,29.5,24,-5.5,U,Tulsa,tulsa,Tre Lamb,2025,13.5,Underdog,L,U
2025,2025-11-08T20:30:00.000Z,Jim Mora,Colorado State,Connecticut,Duke,Home,37,34,-2.5,0.5,W,69.5,71,1.5,O,20,14,4.5,10.5,W,31.5,34,2.5,O,17,20,4.5,1.5,W,31.0,37,6.0,O,Colorado State,colorado state,Jim Mora,2025,-2.5,Favorite,W,O
2025,2025-11-08T20:30:00.000Z,Manny Diaz,Duke,Duke,Connecticut,Away,34,37,2.5,-0.5,L,69.5,71,1.5,O,14,20,-4.5,-10.5,L,31.5,34,2.5,O,20,17,-4.5,-1.5,L,31.0,37,6.0,O,Duke,duke,Manny Diaz,2025,2.5,Underdog,L,O
2025,2025-11-08T20:30:00.000Z,Sonny Dykes,TCU,TCU,Iowa State,Home,17,20,2.5,-0.5,L,43.5,37,-6.5,U,3,6,-4.5,-7.5,L,29.5,9,-20.5,U,14,14,-6.5,-6.5,L,27.5,28,0.5,O,TCU,tcu,Sonny Dykes,2025,2.5,Underdog,L,U
2025,2025-11-08T20:30:00.000Z,Matt Campbell,Penn State,Iowa State,TCU,Away,20,17,-2.5,0.5,W,43.5,37,-6.5,U,6,3,4.5,7.5,W,29.5,9,-20.5,U,14,14,6.5,6.5,W,27.5,28,0.5,O,Penn State,penn state,Matt Campbell,2025,-2.5,Favorite,W,U
2025,2025-11-08T20:30:00.000Z,Brent Brennan,Arizona,Arizona,Kansas,Home,24,20,-3.5,0.5,W,43.5,44,0.5,O,14,17,-3.5,-6.5,L,27.5,31,3.5,O,10,3,-2.0,5.0,W,27.5,13,-14.5,U,Arizona,arizona,Brent Brennan,2025,-3.5,Favorite,W,O
2025,2025-11-08T20:30:00.000Z,Lance Leipold,Kansas,Kansas,Arizona,Away,20,24,3.5,-0.5,L,43.5,44,0.5,O,17,14,3.5,6.5,W,27.5,31,3.5,O,3,10,2.0,-5.0,L,27.5,13,-14.5,U,Kansas,kansas,Lance Leipold,2025,3.5,Underdog,L,O
2025,2025-11-08T20:30:00.000Z,Kirk Ferentz,Iowa,Iowa,Oregon,Home,16,18,1.5,-0.5,L,41.5,34,-7.5,U,7,12,2.5,-2.5,L,20.5,19,-1.5,U,9,6,3.0,6.0,W,20.5,15,-5.5,U,Iowa,iowa,Kirk Ferentz,2025,1.5,Underdog,L,U
2025,2025-11-08T20:30:00.000Z,Dan Lanning,Oregon,Oregon,Iowa,Away,18,16,-1.5,0.5,W,41.5,34,-7.5,U,12,7,-2.5,2.5,W,20.5,19,-1.5,U,6,9,-3.0,-6.0,L,20.5,15,-5.5,U,Oregon,oregon,Dan Lanning,2025,-1.5,Favorite,W,U
2025,2025-11-08T20:30:00.000Z,Mario Cristobal,Miami-FL,Miami-FL,Syracuse,Home,38,10,-32.5,-4.5,L,38.5,48,9.5,O,14,0,-2.5,11.5,W,26.5,14,-12.5,U,24,10,-13.0,1.0,W,21.0,34,13.0,O,Miami-FL,miami-fl,Mario Cristobal,2025,-32.5,Favorite,L,O
2025,2025-11-08T20:30:00.000Z,Fran Brown,Syracuse,Syracuse,Miami Hurricanes,Away,10,38,32.5,4.5,W,38.5,48,9.5,O,0,14,2.5,-11.5,L,26.5,14,-12.5,U,10,24,13.0,-1.0,L,21.0,34,13.0,O,Syracuse,syracuse,Fran Brown,2025,32.5,Underdog,W,O
2025,2025-11-08T20:30:00.000Z,Eli Drinkwitz,Missouri,Missouri,Texas A&M,Home,17,38,21.5,0.5,W,54.5,55,0.5,O,0,14,4.5,-9.5,L,24.5,14,-10.5,U,17,24,2.5,-4.5,L,23.5,41,17.5,O,Missouri,missouri,Eli Drinkwitz,2025,21.5,Underdog,W,O
2025,2025-11-08T20:30:00.000Z,Mike Elko,Texas A&M,Texas A&M,Missouri,Away,38,17,-21.5,-0.5,L,54.5,55,0.5,O,14,0,-4.5,9.5,W,24.5,14,-10.5,U,24,17,-2.5,4.5,W,23.5,41,17.5,O,Texas A&M,texas a&m,Mike Elko,2025,-21.5,Favorite,L,O
2025,2025-11-08T21:00:00.000Z,Clark Lea,Vanderbilt,Vanderbilt,Auburn,Home,45,38,-6.0,1.0,W,46.5,83,36.5,O,10,20,-3.5,-13.5,L,23.5,30,6.5,O,35,18,-1.5,15.5,W,22.5,53,30.5,O,Vanderbilt,vanderbilt,Clark Lea,2025,-6.0,Favorite,W,O
2025,2025-11-08T21:00:00.000Z,Dell McGee,Georgia State,Georgia State,Coastal Carolina,Away,27,40,12.5,-0.5,L,67.5,67,-0.5,U,14,23,4.5,-4.5,L,28.5,37,8.5,O,13,17,3.5,-0.5,L,27.5,30,2.5,O,Georgia State,georgia state,Dell McGee,2025,12.5,Underdog,L,U
2025,2025-11-08T21:00:00.000Z,Tony Sanchez,New Mexico State,New Mexico State,Kennesaw St.,Home,21,24,2.5,-0.5,L,51.5,45,-6.5,U,7,24,4.5,-12.5,L,26.5,31,4.5,O,14,0,4.5,18.5,W,24.5,14,-10.5,U,New Mexico State,new mexico state,Tony Sanchez,2025,2.5,Underdog,L,U
2025,2025-11-08T21:00:00.000Z,Jerry Mack,Kennesaw State,Kennesaw State,New Mexico St.,Away,24,21,-2.5,0.5,W,51.5,45,-6.5,U,24,7,-4.5,12.5,W,26.5,31,4.5,O,0,14,-4.5,-18.5,L,24.5,14,-10.5,U,Kennesaw State,kennesaw state,Jerry Mack,2025,-2.5,Favorite,W,U
2025,2025-11-08T21:30:00.000Z,Bill Belichick,North Carolina,North Carolina,Stanford,Home,20,15,-8.5,-3.5,L,41.5,35,-6.5,U,3,3,-4.5,-4.5,L,21.5,6,-15.5,U,17,12,-3.5,1.5,W,18.5,29,10.5,O,North Carolina,north carolina,Bill Belichick,2025,-8.5,Favorite,L,U
2025,2025-11-08T21:30:00.000Z,Luke Fickell,Wisconsin,Wisconsin,Washington,Home,13,10,-2.5,0.5,W,44.5,23,-21.5,U,3,10,6.0,-1.0,L,23.5,13,-10.5,U,10,0,4.5,14.5,W,20.5,10,-10.5,U,Wisconsin,wisconsin,Luke Fickell,2025,-2.5,Favorite,W,U
2025,2025-11-08T21:30:00.000Z,Jedd Fisch,Washington,Washington,Wisconsin,Away,10,13,2.5,-0.5,L,44.5,23,-21.5,U,10,3,-6.0,1.0,W,23.5,13,-10.5,U,0,10,-4.5,-14.5,L,20.5,10,-10.5,U,Washington,washington,Jedd Fisch,2025,2.5,Underdog,L,U
2025,2025-11-08T23:00:00.000Z,Ken Niumatalolo,San Jose State,San Jose State,Air Force,Home,16,26,-5.5,-15.5,L,67.0,42,-25.0,U,3,16,-1.5,-14.5,L,33.5,19,-14.5,U,13,10,-3.5,-0.5,L,33.5,23,-10.5,U,San Jose State,san jose state,Ken Niumatalolo,2025,-5.5,Favorite,L,U
2025,2025-11-08T23:00:00.000Z,Troy Calhoun,Air Force,Air Force,San Jose St.,Away,26,16,5.5,15.5,W,67.0,42,-25.0,U,16,3,1.5,14.5,W,33.5,19,-14.5,U,10,13,3.5,0.5,W,33.5,23,-10.5,U,Air Force,air force,Troy Calhoun,2025,5.5,Underdog,W,U
2025,2025-11-09T00:30:00.000Z,Billy Napier,James Madison,Florida,Kentucky,Away,7,38,30.5,-0.5,L,46.5,45,-1.5,U,7,24,-3.5,-20.5,L,22.5,31,8.5,O,0,14,-2.5,-16.5,L,21.5,14,-7.5,U,James Madison,james madison,Billy Napier,2025,30.5,Underdog,L,U
2025,2025-11-09T00:30:00.000Z,Kalen DeBoer,Alabama,Alabama,LSU Tigers,Home,20,9,-11.5,-0.5,L,49.5,29,-20.5,U,17,3,-6.5,7.5,W,24.5,20,-4.5,U,3,6,-3.5,-6.5,L,23.5,9,-14.5,U,Alabama,alabama,Kalen DeBoer,2025,-11.5,Favorite,L,U
2025,2025-11-09T00:30:00.000Z,Marcus Freeman,Notre Dame,Notre Dame,Navy,Home,49,10,-39.5,-0.5,L,59.5,59,-0.5,U,21,10,-17.5,-6.5,L,30.5,31,0.5,O,28,0,-14.0,14.0,W,27.0,28,1.0,O,Notre Dame,notre dame,Marcus Freeman,2025,-39.5,Favorite,L,U
2025,2025-11-09T00:30:00.000Z,Brian Newberry,Navy,Navy,Notre Dame,Away,10,49,39.5,0.5,W,59.5,59,-0.5,U,10,21,17.5,6.5,W,30.5,31,0.5,O,0,28,14.0,-14.0,L,27.0,28,1.0,O,Navy,navy,Brian Newberry,2025,39.5,Underdog,W,U
2025,2025-11-09T00:30:00.000Z,Bronco Mendenhall,Utah State,Utah State,Nevada,Home,51,14,-36.5,0.5,W,52.5,65,12.5,O,41,0,-6.5,34.5,W,27.0,41,14.0,O,10,14,-3.5,-7.5,L,24.5,24,-0.5,U,Utah State,utah state,Bronco Mendenhall,2025,-36.5,Favorite,W,O
2025,2025-11-09T00:30:00.000Z,Jeff Choate,Nevada,Nevada,Utah State,Away,14,51,36.5,-0.5,L,52.5,65,12.5,O,0,41,6.5,-34.5,L,27.0,41,14.0,O,14,10,3.5,7.5,W,24.5,24,-0.5,U,Nevada,nevada,Jeff Choate,2025,36.5,Underdog,L,O
2025,2025-11-09T02:00:00.000Z,Matt Rhule,Nebraska,Nebraska,UCLA,Away,28,21,-7.5,-0.5,L,46.0,49,3.0,O,21,7,1.5,15.5,W,23.5,28,4.5,O,7,14,-0.5,-7.5,L,21.5,21,-0.5,U,Nebraska,nebraska,Matt Rhule,2025,-7.5,Favorite,L,O
2025,2025-11-09T02:30:00.000Z,Dan Mullen,UNLV,UNLV,Colorado State,Away,42,10,-32.5,-0.5,L,56.5,52,-4.5,U,21,10,-3.5,7.5,W,30.5,31,0.5,O,21,0,-6.5,14.5,W,29.0,21,-8.0,U,UNLV,unlv,Dan Mullen,2025,-32.5,Favorite,L,U
2025,2025-11-09T03:00:00.000Z,Phil Longo,Sam Houston,Sam Houston,Oregon State,Away,21,17,-3.5,0.5,W,38.5,38,-0.5,U,7,17,11.0,1.0,W,27.5,24,-3.5,U,14,0,10.5,24.5,W,24.5,14,-10.5,U,Sam Houston,sam houston,Phil Longo,2025,-3.5,Favorite,W,U
2025,2025-11-09T04:00:00.000Z,Timmy Chang,Hawaii,Hawaii,San Diego St.,Home,38,6,-31.5,0.5,W,45.5,44,-1.5,U,24,6,5.5,23.5,W,24.5,30,5.5,O,14,0,2.5,16.5,W,23.5,14,-9.5,U,Hawaii,hawaii,Timmy Chang,2025,-31.5,Favorite,W,U
2025,2025-11-09T04:00:00.000Z,Sean Lewis,San Diego State,San Diego State,Hawaii,Away,6,38,31.5,-0.5,L,45.5,44,-1.5,U,6,24,-5.5,-23.5,L,24.5,30,5.5,O,0,14,-2.5,-16.5,L,23.5,14,-9.5,U,San Diego State,san diego state,Sean Lewis,2025,31.5,Underdog,L,U
2025,2025-11-12T00:30:00.000Z,Joe Moorhead,Akron,Akron,Kent State,Home,35,42,-2.5,-9.5,L,76.5,77,0.5,O,17,14,-5.5,-2.5,L,23.5,31,7.5,O,18,28,-4.5,-14.5,L,25.0,46,21.0,O,Akron,akron,Joe Moorhead,2025,-2.5,Favorite,L,O
2025,2025-11-12T00:30:00.000Z,Mark Carney,Kent State,Kent State,Akron,Away,42,35,2.5,9.5,W,76.5,77,0.5,O,14,17,5.5,2.5,W,23.5,31,7.5,O,28,18,4.5,14.5,W,25.0,46,21.0,O,Kent State,kent state,Mark Carney,2025,2.5,Underdog,W,O
2025,2025-11-12T01:00:00.000Z,Lance Taylor,Western Michigan,Western Michigan,Ohio,Home,17,13,-5.5,-1.5,L,34.5,30,-4.5,U,3,7,3.5,-0.5,L,22.5,10,-12.5,U,14,6,-1.5,6.5,W,21.5,20,-1.5,U,Western Michigan,western michigan,Lance Taylor,2025,-5.5,Favorite,L,U
2025,2025-11-14T00:30:00.000Z,Ricky Rahne,Old Dominion,Old Dominion,Troy,Home,33,0,-33.5,-0.5,L,33.5,33,-0.5,U,20,0,-5.5,14.5,W,26.5,20,-6.5,U,13,0,-4.5,8.5,W,26.5,13,-13.5,U,Old Dominion,old dominion,Ricky Rahne,2025,-33.5,Favorite,L,U
2025,2025-11-14T00:30:00.000Z,Gerad Parker,Troy,Troy,Old Dominion,Away,0,33,33.5,0.5,W,33.5,33,-0.5,U,0,20,5.5,-14.5,L,26.5,20,-6.5,U,0,13,4.5,-8.5,L,26.5,13,-13.5,U,Troy,troy,Gerad Parker,2025,33.5,Underdog,W,U
2025,2025-11-15T00:30:00.000Z,Jeff Brohm,Louisville,Louisville,Clemson,Home,19,20,-1.5,-2.5,L,42.5,39,-3.5,U,9,10,-6.5,-7.5,L,24.5,19,-5.5,U,10,10,-2.0,-2.0,L,23.5,20,-3.5,U,Louisville,louisville,Jeff Brohm,2025,-1.5,Favorite,L,U
2025,2025-11-15T00:30:00.000Z,Dabo Swinney,Clemson,Clemson,Louisville,Away,20,19,1.5,2.5,W,42.5,39,-3.5,U,10,9,6.5,7.5,W,24.5,19,-5.5,U,10,10,2.0,2.0,W,23.5,20,-3.5,U,Clemson,clemson,Dabo Swinney,2025,1.5,Underdog,W,U
2025,2025-11-15T02:00:00.000Z,Dan Lanning,Oregon,Oregon,Minnesota,Home,42,13,-29.5,-0.5,L,55.5,55,-0.5,U,28,6,-17.5,4.5,W,24.0,34,10.0,O,14,7,-7.5,-0.5,L,21.0,21,0.0,P,Oregon,oregon,Dan Lanning,2025,-29.5,Favorite,L,U
2025,2025-11-15T17:00:00.000Z,Jim Mora,Colorado State,Connecticut,Air Force,Home,26,16,-10.5,-0.5,L,42.5,42,-0.5,U,9,7,1.5,3.5,W,31.5,16,-15.5,U,17,9,-4.5,3.5,W,30.5,26,-4.5,U,Colorado State,colorado state,Jim Mora,2025,-10.5,Favorite,L,U
2025,2025-11-15T17:00:00.000Z,Troy Calhoun,Air Force,Air Force,Connecticut,Away,16,26,10.5,0.5,W,42.5,42,-0.5,U,7,9,-1.5,-3.5,L,31.5,16,-15.5,U,9,17,4.5,-3.5,L,30.5,26,-4.5,U,Air Force,air force,Troy Calhoun,2025,10.5,Underdog,W,U
2025,2025-11-15T17:00:00.000Z,Scott Satterfield,Cincinnati,Cincinnati,Arizona,Home,24,30,5.5,-0.5,L,54.5,54,-0.5,U,14,10,-7.5,-3.5,L,27.5,24,-3.5,U,10,20,-1.0,-11.0,L,26.5,30,3.5,O,Cincinnati,cincinnati,Scott Satterfield,2025,5.5,Underdog,L,U
2025,2025-11-15T17:00:00.000Z,Brent Brennan,Arizona,Arizona,Cincinnati,Away,30,24,-5.5,0.5,W,54.5,54,-0.5,U,10,14,7.5,3.5,W,27.5,24,-3.5,U,20,10,1.0,11.0,W,26.5,30,3.5,O,Arizona,arizona,Brent Brennan,2025,-5.5,Favorite,W,U
2025,2025-11-15T17:00:00.000Z,Mike Uremovich,Ball State,Ball State,Eastern Michigan,Home,9,24,15.5,0.5,W,39.5,33,-6.5,U,3,17,11.5,-2.5,L,23.5,20,-3.5,U,6,7,-0.5,-1.5,L,21.5,13,-8.5,U,Ball State,ball state,Mike Uremovich,2025,15.5,Underdog,W,U
2025,2025-11-15T17:00:00.000Z,Chris Creighton,Eastern Michigan,Eastern Michigan,Ball State,Away,24,9,-15.5,-0.5,L,39.5,33,-6.5,U,17,3,-11.5,2.5,W,23.5,20,-3.5,U,7,6,0.5,1.5,W,21.5,13,-8.5,U,Eastern Michigan,eastern michigan,Chris Creighton,2025,-15.5,Favorite,L,U
2025,2025-11-15T17:00:00.000Z,David Braun,Northwestern,Northwestern,Michigan,Home,22,24,1.5,-0.5,L,42.0,46,4.0,O,6,7,6.5,5.5,W,20.5,13,-7.5,U,16,17,5.0,4.0,W,20.5,33,12.5,O,Northwestern,northwestern,David Braun,2025,1.5,Underdog,L,O
2025,2025-11-15T17:00:00.000Z,Pat Narduzzi,Pittsburgh,Pittsburgh,Notre Dame,Home,15,37,13.5,-8.5,L,55.0,52,-3.0,U,3,21,6.5,-11.5,L,27.5,24,-3.5,U,12,16,7.5,3.5,W,27.5,28,0.5,O,Pittsburgh,pittsburgh,Pat Narduzzi,2025,13.5,Underdog,L,U
2025,2025-11-15T17:00:00.000Z,Marcus Freeman,Notre Dame,Notre Dame,Pittsburgh,Away,37,15,-13.5,8.5,W,55.0,52,-3.0,U,21,3,-6.5,11.5,W,27.5,24,-3.5,U,16,12,-7.5,-3.5,L,27.5,28,0.5,O,Notre Dame,notre dame,Marcus Freeman,2025,-13.5,Favorite,W,U
2025,2025-11-15T17:00:00.000Z,Mike Elko,Texas A&M,Texas A&M,South Carolina,Home,31,30,1.5,2.5,W,68.5,61,-7.5,U,3,30,-8.5,-35.5,L,25.5,33,7.5,O,28,0,-7.5,20.5,W,23.5,28,4.5,O,Texas A&M,texas a&m,Mike Elko,2025,1.5,Underdog,W,U
2025,2025-11-15T17:00:00.000Z,Shane Beamer,South Carolina,South Carolina,Texas A&M,Away,30,31,-1.5,-2.5,L,68.5,61,-7.5,U,30,3,8.5,35.5,W,25.5,33,7.5,O,0,28,7.5,-20.5,L,23.5,28,4.5,O,South Carolina,south carolina,Shane Beamer,2025,-1.5,Favorite,L,U
2025,2025-11-15T17:00:00.000Z,Brian Newberry,Navy,Navy,South Florida,Home,41,38,-2.5,0.5,W,84.0,79,-5.0,U,24,9,-14.5,0.5,W,31.5,33,1.5,O,17,29,6.5,-5.5,L,32.0,46,14.0,O,Navy,navy,Brian Newberry,2025,-2.5,Favorite,W,U
2025,2025-11-15T17:00:00.000Z,Alex Golesh,Auburn,South Florida,Navy,Away,38,41,2.5,-0.5,L,84.0,79,-5.0,U,9,24,14.5,-0.5,L,31.5,33,1.5,O,29,17,-6.5,5.5,W,32.0,46,14.0,O,Auburn,auburn,Alex Golesh,2025,2.5,Underdog,L,U
2025,2025-11-15T17:00:00.000Z,Tim Albin,Charlotte,Charlotte,UTSA,Home,7,28,20.5,-0.5,L,35.5,35,-0.5,U,0,7,7.5,0.5,W,30.5,7,-23.5,U,7,21,9.5,-4.5,L,26.5,28,1.5,O,Charlotte,charlotte,Tim Albin,2025,20.5,Underdog,L,U
2025,2025-11-15T17:00:00.000Z,Jeff Traylor,UTSA,UTSA,Charlotte,Away,28,7,-20.5,0.5,W,35.5,35,-0.5,U,7,0,-7.5,-0.5,L,30.5,7,-23.5,U,21,7,-9.5,4.5,W,26.5,28,1.5,O,UTSA,utsa,Jeff Traylor,2025,-20.5,Favorite,W,U
2025,2025-11-15T17:00:00.000Z,Curt Cignetti,Indiana,Indiana,Wisconsin,Home,31,7,-24.5,-0.5,L,38.5,38,-0.5,U,10,7,-17.0,-14.0,L,24.0,17,-7.0,U,21,0,-14.0,7.0,W,21.0,21,0.0,P,Indiana,indiana,Curt Cignetti,2025,-24.5,Favorite,L,U
2025,2025-11-15T17:00:00.000Z,Luke Fickell,Wisconsin,Wisconsin,Indiana,Away,7,31,24.5,0.5,W,38.5,38,-0.5,U,7,10,17.0,14.0,W,24.0,17,-7.0,U,0,21,14.0,-7.0,L,21.0,21,0.0,P,Wisconsin,wisconsin,Luke Fickell,2025,24.5,Underdog,W,U
2025,2025-11-15T18:00:00.000Z,Tre Lamb,Tulsa,Tulsa,Oregon State,Home,31,14,-16.5,0.5,W,38.5,45,6.5,O,17,0,-16.5,0.5,W,24.5,17,-7.5,U,14,14,-2.5,-2.5,L,23.5,28,4.5,O,Tulsa,tulsa,Tre Lamb,2025,-16.5,Favorite,W,O
2025,2025-11-15T18:00:00.000Z,Kenny Dillingham,Arizona State,Arizona State,West Virginia,Home,25,23,-1.5,0.5,W,50.5,48,-2.5,U,22,10,-7.5,4.5,W,23.5,32,8.5,O,3,13,-4.5,-14.5,L,22.5,16,-6.5,U,Arizona State,arizona state,Kenny Dillingham,2025,-1.5,Favorite,W,U
2025,2025-11-15T18:00:00.000Z,Rich Rodriguez,West Virginia,West Virginia,Arizona St.,Away,23,25,1.5,-0.5,L,50.5,48,-2.5,U,10,22,7.5,-4.5,L,23.5,32,8.5,O,13,3,4.5,14.5,W,22.5,16,-6.5,U,West Virginia,west virginia,Rich Rodriguez,2025,1.5,Underdog,L,U
2025,2025-11-15T19:00:00.000Z,Dell McGee,Georgia State,Georgia State,Marshall,Home,18,30,11.5,-0.5,L,54.5,48,-6.5,U,10,21,7.5,-3.5,L,27.5,31,3.5,O,8,9,5.5,4.5,W,27.5,17,-10.5,U,Georgia State,georgia state,Dell McGee,2025,11.5,Underdog,L,U
2025,2025-11-15T19:00:00.000Z,Tony Gibson,Marshall,Marshall,Georgia St.,Away,30,18,-11.5,0.5,W,54.5,48,-6.5,U,21,10,-7.5,3.5,W,27.5,31,3.5,O,9,8,-5.5,-4.5,L,27.5,17,-10.5,U,Marshall,marshall,Tony Gibson,2025,-11.5,Favorite,W,U
2025,2025-11-15T19:00:00.000Z,Eric Morris,Oklahoma State,North Texas,UAB,Away,53,24,-28.5,0.5,W,77.5,77,-0.5,U,31,7,-25.5,-1.5,L,35.5,38,2.5,O,22,17,-7.0,-2.0,L,33.5,39,5.5,O,Oklahoma State,oklahoma state,Eric Morris,2025,-28.5,Favorite,W,U
2025,2025-11-15T20:00:00.000Z,Jason Eck,New Mexico,New Mexico,Colorado State,Home,20,17,-6.5,-3.5,L,53.5,37,-16.5,U,10,0,-7.5,2.5,W,27.5,10,-17.5,U,10,17,-9.0,-16.0,L,24.0,27,3.0,O,New Mexico,new mexico,Jason Eck,2025,-6.5,Favorite,L,U
2025,2025-11-15T20:00:00.000Z,Ryan Beard,Coastal Carolina,Missouri State,UTEP,Home,38,24,-14.5,-0.5,L,62.5,62,-0.5,U,24,7,-13.5,3.5,W,23.5,31,7.5,O,14,17,-3.0,-6.0,L,23.5,31,7.5,O,Coastal Carolina,coastal carolina,Ryan Beard,2025,-14.5,Favorite,L,U
2025,2025-11-15T20:00:00.000Z,Scotty Walden,UTEP,UTEP,Missouri State,Away,24,38,14.5,0.5,W,62.5,62,-0.5,U,7,24,13.5,-3.5,L,23.5,31,7.5,O,17,14,3.0,6.0,W,23.5,31,7.5,O,UTEP,utep,Scotty Walden,2025,14.5,Underdog,W,U
2025,2025-11-15T20:30:00.000Z,Bob Chesney,UCLA,James Madison,Appalachian St.,Home,58,10,-52.5,-4.5,L,53.0,68,15.0,O,27,0,-12.5,14.5,W,27.5,27,-0.5,U,31,10,-9.5,11.5,W,24.5,41,16.5,O,UCLA,ucla,Bob Chesney,2025,-52.5,Favorite,L,O
2025,2025-11-15T20:30:00.000Z,Dowell Loggains,Appalachian State,Appalachian State,James Madison,Away,10,58,52.5,4.5,W,53.0,68,15.0,O,0,27,12.5,-14.5,L,27.5,27,-0.5,U,10,31,9.5,-11.5,L,24.5,41,16.5,O,Appalachian State,appalachian state,Dowell Loggains,2025,52.5,Underdog,W,O
2025,2025-11-15T20:30:00.000Z,Bill O'Brien,Boston College,Boston College,Georgia Tech,Home,34,36,1.5,-0.5,L,72.0,70,-2.0,U,14,14,9.5,9.5,W,30.5,28,-2.5,U,20,22,7.0,5.0,W,31.5,42,10.5,O,Boston College,boston college,Bill O'Brien,2025,1.5,Underdog,L,U
2025,2025-11-15T20:30:00.000Z,Brent Key,Georgia Tech,Georgia Tech,Boston College,Away,36,34,-1.5,0.5,W,72.0,70,-2.0,U,14,14,-9.5,-9.5,L,30.5,28,-2.5,U,22,20,-7.0,-5.0,L,31.5,42,10.5,O,Georgia Tech,georgia tech,Brent Key,2025,-1.5,Favorite,W,U
2025,2025-11-15T20:30:00.000Z,Lincoln Riley,USC,USC,Iowa,Home,26,21,-4.5,0.5,W,52.5,47,-5.5,U,10,21,-3.5,-14.5,L,24.0,31,7.0,O,16,0,-6.0,10.0,W,24.5,16,-8.5,U,USC,usc,Lincoln Riley,2025,-4.5,Favorite,W,U
2025,2025-11-15T20:30:00.000Z,Kirk Ferentz,Iowa,Iowa,USC,Away,21,26,4.5,-0.5,L,52.5,47,-5.5,U,21,10,3.5,14.5,W,24.0,31,7.0,O,0,16,6.0,-10.0,L,24.5,16,-8.5,U,Iowa,iowa,Kirk Ferentz,2025,4.5,Underdog,L,U
2025,2025-11-15T20:30:00.000Z,Bret Bielema,Illinois,Illinois,Maryland,Home,24,6,-17.5,0.5,W,34.0,30,-4.0,U,14,6,-4.5,3.5,W,26.5,20,-6.5,U,10,0,-7.5,2.5,W,24.0,10,-14.0,U,Illinois,illinois,Bret Bielema,2025,-17.5,Favorite,W,U
2025,2025-11-15T20:30:00.000Z,Mike Locksley,Maryland,Maryland,Illinois,Away,6,24,17.5,-0.5,L,34.0,30,-4.0,U,6,14,4.5,-3.5,L,26.5,20,-6.5,U,0,10,7.5,-2.5,L,24.0,10,-14.0,U,Maryland,maryland,Mike Locksley,2025,17.5,Underdog,L,U
2025,2025-11-15T20:30:00.000Z,Tyson Helton,Western Kentucky,Western Kentucky,Middle Tennessee St.,Home,42,26,-9.5,6.5,W,68.5,68,-0.5,U,21,10,-10.5,0.5,W,27.0,31,4.0,O,21,16,-4.0,1.0,W,26.5,37,10.5,O,Western Kentucky,western kentucky,Tyson Helton,2025,-9.5,Favorite,W,U
2025,2025-11-15T20:30:00.000Z,Derek Mason,Middle Tennessee,Middle Tennessee,Western Kentucky,Away,26,42,9.5,-6.5,L,68.5,68,-0.5,U,10,21,10.5,-0.5,L,27.0,31,4.0,O,16,21,4.0,-1.0,L,26.5,37,10.5,O,Middle Tennessee,middle tennessee,Derek Mason,2025,9.5,Underdog,L,U
2025,2025-11-15T20:30:00.000Z,Kalen DeBoer,Alabama,Alabama,Oklahoma,Home,21,23,1.5,-0.5,L,46.5,44,-2.5,U,14,17,-4.5,-7.5,L,22.5,31,8.5,O,7,6,-2.5,-1.5,L,22.5,13,-9.5,U,Alabama,alabama,Kalen DeBoer,2025,1.5,Underdog,L,U
2025,2025-11-15T20:30:00.000Z,Brent Venables,Oklahoma,Oklahoma,Alabama,Away,23,21,-1.5,0.5,W,46.5,44,-2.5,U,17,14,4.5,7.5,W,22.5,31,8.5,O,6,7,2.5,1.5,W,22.5,13,-9.5,U,Oklahoma,oklahoma,Brent Venables,2025,-1.5,Favorite,W,U
2025,2025-11-15T20:30:00.000Z,James Franklin,Virginia Tech,Penn State,Michigan State,Away,28,10,-18.5,-0.5,L,33.5,38,4.5,O,14,10,-3.5,0.5,W,24.5,24,-0.5,U,14,0,-2.0,12.0,W,23.5,14,-9.5,U,Virginia Tech,virginia tech,James Franklin,2025,-18.5,Favorite,L,O
2025,2025-11-15T20:30:00.000Z,Jeff Choate,Nevada,Nevada,San Jose St.,Home,55,10,-38.5,6.5,W,52.5,65,12.5,O,31,0,-27.5,3.5,W,24.5,31,6.5,O,24,10,5.5,19.5,W,23.0,34,11.0,O,Nevada,nevada,Jeff Choate,2025,-38.5,Favorite,W,O
2025,2025-11-15T20:30:00.000Z,Ken Niumatalolo,San Jose State,San Jose State,Nevada,Away,10,55,38.5,-6.5,L,52.5,65,12.5,O,0,31,27.5,-3.5,L,24.5,31,6.5,O,10,24,-5.5,-19.5,L,23.0,34,11.0,O,San Jose State,san jose state,Ken Niumatalolo,2025,38.5,Underdog,L,O
2025,2025-11-15T20:30:00.000Z,Bryant Vincent,UL-Monroe,UL-Monroe,South Alabama,Home,14,26,12.5,0.5,W,49.5,40,-9.5,U,14,7,2.5,9.5,W,24.5,21,-3.5,U,0,19,1.5,-17.5,L,23.0,19,-4.0,U,UL-Monroe,ul-monroe,Bryant Vincent,2025,12.5,Underdog,W,U
2025,2025-11-15T20:30:00.000Z,Major Applewhite,South Alabama,South Alabama,ULM,Away,26,14,-12.5,-0.5,L,49.5,40,-9.5,U,7,14,-2.5,-9.5,L,24.5,21,-3.5,U,19,0,-1.5,17.5,W,23.0,19,-4.0,U,South Alabama,south alabama,Major Applewhite,2025,-12.5,Favorite,L,U
2025,2025-11-15T20:30:00.000Z,Charles Huff,Memphis,Southern Miss,Texas State,Home,14,41,27.5,0.5,W,50.5,55,4.5,O,0,27,-1.5,-28.5,L,32.5,27,-5.5,U,14,14,-3.5,-3.5,L,30.5,28,-2.5,U,Memphis,memphis,Charles Huff,2025,27.5,Underdog,W,O
2025,2025-11-15T20:30:00.000Z,Joey McGuire,Texas Tech,Texas Tech,UCF,Home,48,9,-39.5,-0.5,L,59.5,57,-2.5,U,38,2,-13.5,22.5,W,26.5,40,13.5,O,10,7,-3.5,-0.5,L,20.5,17,-3.5,U,Texas Tech,texas tech,Joey McGuire,2025,-39.5,Favorite,L,U
2025,2025-11-15T20:30:00.000Z,Scott Frost,Central Florida,Central Florida,Texas Tech,Away,9,48,39.5,0.5,W,59.5,57,-2.5,U,2,38,13.5,-22.5,L,26.5,40,13.5,O,7,10,3.5,0.5,W,20.5,17,-3.5,U,Central Florida,central florida,Scott Frost,2025,39.5,Underdog,W,U
2025,2025-11-15T20:35:00.000Z,Manny Diaz,Duke,Duke,Virginia,Home,17,34,17.5,0.5,W,57.0,51,-6.0,U,3,17,6.5,-7.5,L,29.5,20,-9.5,U,14,17,-4.0,-7.0,L,27.5,31,3.5,O,Duke,duke,Manny Diaz,2025,17.5,Underdog,W,U
2025,2025-11-15T20:35:00.000Z,Tony Elliott,Virginia,Virginia,Duke,Away,34,17,-17.5,-0.5,L,57.0,51,-6.0,U,17,3,-6.5,7.5,W,29.5,20,-9.5,U,17,14,4.0,7.0,W,27.5,31,3.5,O,Virginia,virginia,Tony Elliott,2025,-17.5,Favorite,L,U
2025,2025-11-15T20:40:00.000Z,Mario Cristobal,Miami-FL,Miami-FL,NC State,Home,41,7,-34.5,-0.5,L,48.5,48,-0.5,U,24,0,-20.5,3.5,W,28.5,24,-4.5,U,17,7,-7.5,2.5,W,24.0,24,0.0,P,Miami-FL,miami-fl,Mario Cristobal,2025,-34.5,Favorite,L,U
2025,2025-11-15T20:40:00.000Z,Dave Doeren,NC State,NC State,Miami Hurricanes,Away,7,41,34.5,0.5,W,48.5,48,-0.5,U,0,24,20.5,-3.5,L,28.5,24,-4.5,U,7,17,7.5,-2.5,L,24.0,24,0.0,P,NC State,nc state,Dave Doeren,2025,34.5,Underdog,W,U
2025,2025-11-15T21:00:00.000Z,Jon Sumrall,Florida,Tulane,Florida Atl.,Home,35,24,-12.5,-1.5,L,61.5,59,-2.5,U,21,10,-8.5,2.5,W,31.5,31,-0.5,U,14,14,-8.0,-8.0,L,30.0,28,-2.0,U,Florida,florida,Jon Sumrall,2025,-12.5,Favorite,L,U
2025,2025-11-15T21:00:00.000Z,Zach Kittley,Florida Atlantic,Florida Atlantic,Tulane,Away,24,35,12.5,1.5,W,61.5,59,-2.5,U,10,21,8.5,-2.5,L,31.5,31,-0.5,U,14,14,8.0,8.0,W,30.0,28,-2.0,U,Florida Atlantic,florida atlantic,Zach Kittley,2025,12.5,Underdog,W,U
2025,2025-11-15T21:00:00.000Z,Blake Harrell,East Carolina,East Carolina,Memphis,Home,31,27,-3.0,1.0,W,57.0,58,1.0,O,10,17,-1.5,-8.5,L,28.5,27,-1.5,U,21,10,-1.5,9.5,W,27.5,31,3.5,O,East Carolina,east carolina,Blake Harrell,2025,-3.0,Favorite,W,O
2025,2025-11-15T21:00:00.000Z,Ryan Silverfield,Arkansas,Memphis,East Carolina,Away,27,31,3.0,-1.0,L,57.0,58,1.0,O,17,10,1.5,8.5,W,28.5,27,-1.5,U,10,21,1.5,-9.5,L,27.5,31,3.5,O,Arkansas,arkansas,Ryan Silverfield,2025,3.0,Underdog,L,O
2025,2025-11-15T21:15:00.000Z,Josh Heupel,Tennessee,Tennessee,New Mexico St.,Home,42,9,-30.5,2.5,W,51.5,51,-0.5,U,21,3,-24.5,-6.5,L,34.5,24,-10.5,U,21,6,-20.0,-5.0,L,27.0,27,0.0,P,Tennessee,tennessee,Josh Heupel,2025,-30.5,Favorite,W,U
2025,2025-11-15T21:15:00.000Z,Tony Sanchez,New Mexico State,New Mexico State,Tennessee,Away,9,42,30.5,-2.5,L,51.5,51,-0.5,U,3,21,24.5,6.5,W,34.5,24,-10.5,U,6,21,20.0,5.0,W,27.0,27,0.0,P,New Mexico State,new mexico state,Tony Sanchez,2025,30.5,Underdog,L,U
2025,2025-11-15T21:30:00.000Z,Jake Dickert,Wake Forest,Wake Forest,North Carolina,Home,28,12,-9.5,6.5,W,33.5,40,6.5,O,14,6,-4.5,3.5,W,13.5,20,6.5,O,14,6,-0.5,7.5,W,17.5,20,2.5,O,Wake Forest,wake forest,Jake Dickert,2025,-9.5,Favorite,W,O
2025,2025-11-15T21:30:00.000Z,Bill Belichick,North Carolina,North Carolina,Wake Forest,Away,12,28,9.5,-6.5,L,33.5,40,6.5,O,6,14,4.5,-3.5,L,13.5,20,6.5,O,6,14,0.5,-7.5,L,17.5,20,2.5,O,North Carolina,north carolina,Bill Belichick,2025,9.5,Underdog,L,O
2025,2025-11-15T22:00:00.000Z,Willie Simmons,Florida International,Florida International,Liberty Flames,Home,34,27,1.5,8.5,W,63.0,61,-2.0,U,17,21,0.5,-3.5,L,24.5,38,13.5,O,17,6,1.0,12.0,W,24.5,23,-1.5,U,Florida International,florida international,Willie Simmons,2025,1.5,Underdog,W,U
2025,2025-11-15T22:00:00.000Z,Jamey Chadwell,Liberty,Liberty,Florida Int.,Away,27,34,-1.5,-8.5,L,63.0,61,-2.0,U,21,17,-0.5,3.5,W,24.5,38,13.5,O,6,17,-1.0,-12.0,L,24.5,23,-1.5,U,Liberty,liberty,Jamey Chadwell,2025,-1.5,Favorite,L,U
2025,2025-11-15T23:00:00.000Z,Clay Helton,Georgia Southern,Georgia Southern,Coastal Carolina,Home,45,40,-5.5,-0.5,L,87.0,85,-2.0,U,35,27,-8.5,-0.5,L,29.5,62,32.5,O,10,13,0.5,-2.5,L,31.5,23,-8.5,U,Georgia Southern,georgia southern,Clay Helton,2025,-5.5,Favorite,L,U
2025,2025-11-16T00:30:00.000Z,Steve Sarkisian,Texas,Texas,Georgia B,Away,10,35,24.5,-0.5,L,46.0,45,-1.0,U,3,14,1.5,-9.5,L,24.5,17,-7.5,U,7,21,2.5,-11.5,L,24.5,28,3.5,O,Texas,texas,Steve Sarkisian,2025,24.5,Underdog,L,U
2025,2025-11-16T00:30:00.000Z,Ryan Day,Ohio State,Ohio State,UCLA,Home,48,10,-37.5,0.5,W,52.5,58,5.5,O,27,0,-17.5,9.5,W,26.5,27,0.5,O,21,10,-16.5,-5.5,L,21.0,31,10.0,O,Ohio State,ohio state,Ryan Day,2025,-37.5,Favorite,W,O
2025,2025-11-16T00:30:00.000Z,Mike Norvell,Florida State,Florida State,Virginia Tech,Home,34,14,-19.5,0.5,W,53.0,48,-5.0,U,10,7,-6.5,-3.5,L,27.5,17,-10.5,U,24,7,-7.5,9.5,W,27.5,31,3.5,O,Florida State,florida state,Mike Norvell,2025,-19.5,Favorite,W,U
2025,2025-11-16T00:45:00.000Z,Eli Drinkwitz,Missouri,Missouri,Mississippi St.,Home,49,27,-22.5,-0.5,L,76.5,76,-0.5,U,21,10,-8.5,2.5,W,24.5,31,6.5,O,28,17,-3.5,7.5,W,24.5,45,20.5,O,Missouri,missouri,Eli Drinkwitz,2025,-22.5,Favorite,L,U
2025,2025-11-16T00:45:00.000Z,Jeff Lebby,Mississippi State,Mississippi State,Missouri,Away,27,49,22.5,0.5,W,76.5,76,-0.5,U,10,21,8.5,-2.5,L,24.5,31,6.5,O,17,28,3.5,-7.5,L,24.5,45,20.5,O,Mississippi State,mississippi state,Jeff Lebby,2025,22.5,Underdog,W,U
2025,2025-11-16T01:00:00.000Z,Charles Kelly,Jacksonville State,Jacksonville State,Kennesaw St.,Home,35,26,-6.5,2.5,W,58.5,61,2.5,O,22,10,2.5,14.5,W,27.5,32,4.5,O,13,16,3.5,0.5,W,28.0,29,1.0,O,Jacksonville State,jacksonville state,Charles Kelly,2025,-6.5,Favorite,W,O
2025,2025-11-16T01:00:00.000Z,Jerry Mack,Kennesaw State,Kennesaw State,Jacksonville State Gamecocks,Away,26,35,6.5,-2.5,L,58.5,61,2.5,O,10,22,-2.5,-14.5,L,27.5,32,4.5,O,16,13,-3.5,-0.5,L,28.0,29,1.0,O,Kennesaw State,kennesaw state,Jerry Mack,2025,6.5,Underdog,L,O
2025,2025-11-16T03:00:00.000Z,Jimmy Rogers,Iowa State,Washington State,Louisiana Tech,Home,28,3,-18.5,6.5,W,26.5,31,4.5,O,14,3,-16.5,-5.5,L,21.5,17,-4.5,U,14,0,-6.0,8.0,W,20.5,14,-6.5,U,Iowa State,iowa state,Jimmy Rogers,2025,-18.5,Favorite,W,O
2025,2025-11-16T03:00:00.000Z,Sonny Cumbie,Louisiana Tech,Louisiana Tech,Washington St.,Away,3,28,18.5,-6.5,L,26.5,31,4.5,O,3,14,16.5,5.5,W,21.5,17,-4.5,U,0,14,6.0,-8.0,L,20.5,14,-6.5,U,Louisiana Tech,louisiana tech,Sonny Cumbie,2025,18.5,Underdog,L,O
2025,2025-11-16T03:15:00.000Z,Kalani Sitake,BYU,BYU,TCU,Home,44,13,-30.5,0.5,W,59.5,57,-2.5,U,27,10,-13.5,3.5,W,26.5,37,10.5,O,17,3,0.0,14.0,W,26.5,20,-6.5,U,BYU,byu,Kalani Sitake,2025,-30.5,Favorite,W,U
2025,2025-11-16T03:15:00.000Z,Sonny Dykes,TCU,TCU,BYU,Away,13,44,30.5,-0.5,L,59.5,57,-2.5,U,10,27,13.5,-3.5,L,26.5,37,10.5,O,3,17,0.0,-14.0,L,26.5,20,-6.5,U,TCU,tcu,Sonny Dykes,2025,30.5,Underdog,L,U
2025,2025-11-16T03:30:00.000Z,Sean Lewis,San Diego State,San Diego State,Boise St,Home,17,7,-8.5,1.5,W,26.5,24,-2.5,U,14,7,-0.5,6.5,W,20.5,21,0.5,O,3,0,-0.5,2.5,W,20.5,3,-17.5,U,San Diego State,san diego state,Sean Lewis,2025,-8.5,Favorite,W,U
2025,2025-11-16T03:30:00.000Z,Spencer Danielson,Boise State,Boise State,San Diego St.,Away,7,17,8.5,-1.5,L,26.5,24,-2.5,U,7,14,0.5,-6.5,L,20.5,21,0.5,O,0,3,0.5,-2.5,L,20.5,3,-17.5,U,Boise State,boise state,Spencer Danielson,2025,8.5,Underdog,L,U
2025,2025-11-16T03:30:00.000Z,Matt Entz,Fresno State,Fresno State,Wyoming,Home,24,3,-20.5,0.5,W,24.5,27,2.5,O,10,3,-4.5,2.5,W,12.5,13,0.5,O,14,0,-7.5,6.5,W,19.5,14,-5.5,U,Fresno State,fresno state,Matt Entz,2025,-20.5,Favorite,W,O
2025,2025-11-16T03:30:00.000Z,Jay Sawvel,Wyoming,Wyoming,Fresno St.,Away,3,24,20.5,-0.5,L,24.5,27,2.5,O,3,10,4.5,-2.5,L,12.5,13,0.5,O,0,14,7.5,-6.5,L,19.5,14,-5.5,U,Wyoming,wyoming,Jay Sawvel,2025,20.5,Underdog,L,O
2025,2025-11-19T00:15:00.000Z,Joe Harasymiak,Massachusetts,Massachusetts,Ohio,Away,14,42,27.5,-0.5,L,56.5,56,-0.5,U,7,21,14.5,0.5,W,29.5,28,-1.5,U,7,21,13.5,-0.5,L,23.5,28,4.5,O,Massachusetts,massachusetts,Joe Harasymiak,2025,27.5,Underdog,L,U
2025,2025-11-21T00:30:00.000Z,Butch Jones,Arkansas State,Arkansas State,Lafayette,Home,30,34,1.5,-2.5,L,53.5,64,10.5,O,27,24,-1.5,1.5,W,25.5,51,25.5,O,3,10,-2.5,-9.5,L,27.5,13,-14.5,U,Arkansas State,arkansas state,Butch Jones,2025,1.5,Underdog,L,O
2025,2025-11-22T01:00:00.000Z,Dave Doeren,NC State,NC State,Florida State,Home,21,11,-8.5,1.5,W,31.5,32,0.5,O,7,3,3.5,7.5,W,29.5,10,-19.5,U,14,8,6.5,12.5,W,27.5,22,-5.5,U,NC State,nc state,Dave Doeren,2025,-8.5,Favorite,W,O
2025,2025-11-22T01:00:00.000Z,Mike Norvell,Florida State,Florida State,NC State,Away,11,21,8.5,-1.5,L,31.5,32,0.5,O,3,7,-3.5,-7.5,L,29.5,10,-19.5,U,8,14,-6.5,-12.5,L,27.5,22,-5.5,U,Florida State,florida state,Mike Norvell,2025,8.5,Underdog,L,O
2025,2025-11-22T03:30:00.000Z,Dan Mullen,UNLV,UNLV,Hawaii,Home,38,10,-26.5,1.5,W,54.5,48,-6.5,U,24,10,-1.5,12.5,W,31.5,34,2.5,O,14,0,3.0,17.0,W,33.5,14,-19.5,U,UNLV,unlv,Dan Mullen,2025,-26.5,Favorite,W,U
2025,2025-11-22T03:30:00.000Z,Timmy Chang,Hawaii,Hawaii,UNLV,Away,10,38,26.5,-1.5,L,54.5,48,-6.5,U,10,24,1.5,-12.5,L,31.5,34,2.5,O,0,14,-3.0,-17.0,L,33.5,14,-19.5,U,Hawaii,hawaii,Timmy Chang,2025,26.5,Underdog,L,U
2025,2025-11-22T17:00:00.000Z,Jake Dickert,Wake Forest,Wake Forest,Delaware,Home,52,14,-44.5,-6.5,L,50.0,66,16.0,O,35,7,-9.5,18.5,W,26.5,42,15.5,O,17,7,-8.5,1.5,W,23.5,24,0.5,O,Wake Forest,wake forest,Jake Dickert,2025,-44.5,Favorite,L,O
2025,2025-11-22T17:00:00.000Z,Ryan Carty,Delaware,Delaware,Wake Forest,Away,14,52,44.5,6.5,W,50.0,66,16.0,O,7,35,9.5,-18.5,L,26.5,42,15.5,O,7,17,8.5,-1.5,L,23.5,24,0.5,O,Delaware,delaware,Ryan Carty,2025,44.5,Underdog,W,O
2025,2025-11-22T17:00:00.000Z,Matt Campbell,Penn State,Iowa State,Kansas,Home,38,14,-17.5,6.5,W,55.5,52,-3.5,U,17,0,-3.5,13.5,W,27.5,17,-10.5,U,21,14,-0.5,6.5,W,28.5,35,6.5,O,Penn State,penn state,Matt Campbell,2025,-17.5,Favorite,W,U
2025,2025-11-22T17:00:00.000Z,Lance Leipold,Kansas,Kansas,Iowa State,Away,14,38,17.5,-6.5,L,55.5,52,-3.5,U,0,17,3.5,-13.5,L,27.5,17,-10.5,U,14,21,0.5,-6.5,L,28.5,35,6.5,O,Kansas,kansas,Lance Leipold,2025,17.5,Underdog,L,U
2025,2025-11-22T17:00:00.000Z,Rhett Lashlee,SMU,SMU,Louisville,Home,38,6,-31.5,0.5,W,44.5,44,-0.5,U,21,6,-2.5,12.5,W,24.0,27,3.0,O,17,0,-0.5,16.5,W,23.5,17,-6.5,U,SMU,smu,Rhett Lashlee,2025,-31.5,Favorite,W,U
2025,2025-11-22T17:00:00.000Z,Jeff Brohm,Louisville,Louisville,SMU,Away,6,38,31.5,-0.5,L,44.5,44,-0.5,U,6,21,2.5,-12.5,L,24.0,27,3.0,O,0,17,0.5,-16.5,L,23.5,17,-6.5,U,Louisville,louisville,Jeff Brohm,2025,31.5,Underdog,L,U
2025,2025-11-22T17:00:00.000Z,Mario Cristobal,Miami-FL,Miami-FL,Virginia Tech,Away,34,17,-11.5,5.5,W,37.5,51,13.5,O,20,3,-17.5,-0.5,L,24.5,23,-1.5,U,14,14,-7.0,-7.0,L,21.5,28,6.5,O,Miami-FL,miami-fl,Mario Cristobal,2025,-11.5,Favorite,W,O
2025,2025-11-22T17:00:00.000Z,David Braun,Northwestern,Northwestern,Minnesota,Home,38,35,-2.5,0.5,W,76.5,73,-3.5,U,13,21,-2.5,-10.5,L,20.0,34,14.0,O,25,14,-3.0,8.0,W,21.0,39,18.0,O,Northwestern,northwestern,David Braun,2025,-2.5,Favorite,W,U
2025,2025-11-22T17:00:00.000Z,Brent Venables,Oklahoma,Oklahoma,Missouri,Home,17,6,-10.5,0.5,W,43.0,23,-20.0,U,14,6,-2.5,5.5,W,20.5,20,-0.5,U,3,0,-2.5,0.5,W,21.5,3,-18.5,U,Oklahoma,oklahoma,Brent Venables,2025,-10.5,Favorite,W,U
2025,2025-11-22T17:00:00.000Z,Eli Drinkwitz,Missouri,Missouri,Oklahoma,Away,6,17,10.5,-0.5,L,43.0,23,-20.0,U,6,14,2.5,-5.5,L,20.5,20,-0.5,U,0,3,2.5,-0.5,L,21.5,3,-18.5,U,Missouri,missouri,Eli Drinkwitz,2025,10.5,Underdog,L,U
2025,2025-11-22T17:00:00.000Z,Ryan Day,Ohio State,Ohio State,Rutgers,Home,42,9,-26.5,6.5,W,51.5,51,-0.5,U,14,3,-10.5,0.5,W,17.5,17,-0.5,U,28,6,-13.5,8.5,W,27.5,34,6.5,O,Ohio State,ohio state,Ryan Day,2025,-26.5,Favorite,W,U
2025,2025-11-22T17:00:00.000Z,Greg Schiano,Rutgers,Rutgers,Ohio State,Away,9,42,26.5,-6.5,L,51.5,51,-0.5,U,3,14,10.5,-0.5,L,17.5,17,-0.5,U,6,28,13.5,-8.5,L,27.5,34,6.5,O,Rutgers,rutgers,Greg Schiano,2025,26.5,Underdog,L,U
2025,2025-11-22T17:00:00.000Z,Mike Elko,Texas A&M,Texas A&M,Samford,Home,48,0,-47.5,0.5,W,48.5,48,-0.5,U,31,0,-34.5,-3.5,L,35.5,31,-4.5,U,17,0,-13.5,3.5,W,14.5,17,2.5,O,Texas A&M,texas a&m,Mike Elko,2025,-47.5,Favorite,W,U
2025,2025-11-22T17:00:00.000Z,Jeff Monken,Army,Army,Tulsa,Home,25,26,2.5,1.5,W,42.5,51,8.5,O,22,14,-1.5,6.5,W,21.5,36,14.5,O,3,12,-4.5,-13.5,L,21.5,15,-6.5,U,Army,army,Jeff Monken,2025,2.5,Underdog,W,O
2025,2025-11-22T17:00:00.000Z,Tre Lamb,Tulsa,Tulsa,Army,Away,26,25,-2.5,-1.5,L,42.5,51,8.5,O,14,22,1.5,-6.5,L,21.5,36,14.5,O,12,3,4.5,13.5,W,21.5,15,-6.5,U,Tulsa,tulsa,Tre Lamb,2025,-2.5,Favorite,L,O
2025,2025-11-22T17:45:00.000Z,Kirby Smart,Georgia,Georgia,Charlotte,Home,35,3,-32.5,-0.5,L,38.5,38,-0.5,U,28,3,-27.5,-2.5,L,31.0,31,0.0,P,7,0,-17.0,-10.0,L,23.0,7,-16.0,U,Georgia,georgia,Kirby Smart,2025,-32.5,Favorite,L,U
2025,2025-11-22T17:45:00.000Z,Tim Albin,Charlotte,Charlotte,Georgia,Away,3,35,32.5,0.5,W,38.5,38,-0.5,U,3,28,27.5,2.5,W,31.0,31,0.0,P,0,7,17.0,10.0,W,23.0,7,-16.0,U,Charlotte,charlotte,Tim Albin,2025,32.5,Underdog,W,U
2025,2025-11-22T18:00:00.000Z,Brent Brennan,Arizona,Arizona,Baylor,Home,41,17,-23.5,0.5,W,58.5,58,-0.5,U,14,17,-3.5,-6.5,L,30.5,31,0.5,O,27,0,-5.5,21.5,W,30.5,27,-3.5,U,Arizona,arizona,Brent Brennan,2025,-23.5,Favorite,W,U
2025,2025-11-22T18:00:00.000Z,Dave Aranda,Baylor,Baylor,Arizona,Away,17,41,23.5,-0.5,L,58.5,58,-0.5,U,17,14,3.5,6.5,W,30.5,31,0.5,O,0,27,5.5,-21.5,L,30.5,27,-3.5,U,Baylor,baylor,Dave Aranda,2025,23.5,Underdog,L,U
2025,2025-11-22T18:00:00.000Z,Clay Helton,Georgia Southern,Georgia Southern,Old Dominion,Home,10,45,40.5,5.5,W,54.5,55,0.5,O,0,31,30.5,-0.5,L,31.5,31,-0.5,U,10,14,6.5,2.5,W,28.0,24,-4.0,U,Georgia Southern,georgia southern,Clay Helton,2025,40.5,Underdog,W,O
2025,2025-11-22T18:00:00.000Z,Ricky Rahne,Old Dominion,Old Dominion,Georgia Southern,Away,45,10,-40.5,-5.5,L,54.5,55,0.5,O,31,0,-30.5,0.5,W,31.5,31,-0.5,U,14,10,-6.5,-2.5,L,28.0,24,-4.0,U,Old Dominion,old dominion,Ricky Rahne,2025,-40.5,Favorite,L,O
2025,2025-11-22T18:00:00.000Z,Bob Chesney,UCLA,James Madison,Washington St.,Home,24,20,-3.5,0.5,W,44.5,44,-0.5,U,10,17,-0.5,-7.5,L,22.5,27,4.5,O,14,3,-8.0,3.0,W,23.5,17,-6.5,U,UCLA,ucla,Bob Chesney,2025,-3.5,Favorite,W,U
2025,2025-11-22T18:00:00.000Z,Jimmy Rogers,Iowa State,Washington State,James Madison,Away,20,24,3.5,-0.5,L,44.5,44,-0.5,U,17,10,0.5,7.5,W,22.5,27,4.5,O,3,14,8.0,-3.0,L,23.5,17,-6.5,U,Iowa State,iowa state,Jimmy Rogers,2025,3.5,Underdog,L,U
2025,2025-11-22T19:00:00.000Z,Jason Candle,Connecticut,Toledo,Ball State,Home,38,9,-28.5,0.5,W,47.5,47,-0.5,U,24,3,-14.5,6.5,W,24.5,27,2.5,O,14,6,-14.0,-6.0,L,19.5,20,0.5,O,Connecticut,connecticut,Jason Candle,2025,-28.5,Favorite,W,U
2025,2025-11-22T19:00:00.000Z,Mike Uremovich,Ball State,Ball State,Toledo,Away,9,38,28.5,-0.5,L,47.5,47,-0.5,U,3,24,14.5,-6.5,L,24.5,27,2.5,O,6,14,14.0,6.0,W,19.5,20,0.5,O,Ball State,ball state,Mike Uremovich,2025,28.5,Underdog,L,U
2025,2025-11-22T19:00:00.000Z,Kalen DeBoer,Alabama,Alabama,Eastern Illinois,Home,56,0,-55.5,0.5,W,55.5,56,0.5,O,28,0,-27.5,0.5,W,28.5,28,-0.5,U,28,0,-21.5,6.5,W,21.5,28,6.5,O,Alabama,alabama,Kalen DeBoer,2025,-55.5,Favorite,W,O
2025,2025-11-22T19:00:00.000Z,Jerry Mack,Kennesaw State,Kennesaw State,Missouri State,Home,41,34,-4.5,2.5,W,74.5,75,0.5,O,14,13,-3.5,-2.5,L,27.5,27,-0.5,U,27,21,-4.0,2.0,W,27.0,48,21.0,O,Kennesaw State,kennesaw state,Jerry Mack,2025,-4.5,Favorite,W,O
2025,2025-11-22T19:00:00.000Z,Ryan Beard,Coastal Carolina,Missouri State,Kennesaw St.,Away,34,41,4.5,-2.5,L,74.5,75,0.5,O,13,14,3.5,2.5,W,27.5,27,-0.5,U,21,27,4.0,-2.0,L,27.0,48,21.0,O,Coastal Carolina,coastal carolina,Ryan Beard,2025,4.5,Underdog,L,O
2025,2025-11-22T19:00:00.000Z,Jay Sawvel,Wyoming,Wyoming,Nevada,Home,7,13,5.5,-0.5,L,21.5,20,-1.5,U,0,7,3.5,-3.5,L,20.5,7,-13.5,U,7,6,-4.0,-3.0,L,19.0,13,-6.0,U,Wyoming,wyoming,Jay Sawvel,2025,5.5,Underdog,L,U
2025,2025-11-22T19:00:00.000Z,Jeff Choate,Nevada,Nevada,Wyoming,Away,13,7,-5.5,0.5,W,21.5,20,-1.5,U,7,0,-3.5,3.5,W,20.5,7,-13.5,U,6,7,4.0,3.0,W,19.0,13,-6.0,U,Nevada,nevada,Jeff Choate,2025,-5.5,Favorite,W,U
2025,2025-11-22T19:30:00.000Z,Dowell Loggains,Appalachian State,Appalachian State,Marshall,Home,26,24,-1.5,0.5,W,52.0,50,-2.0,U,16,21,12.5,7.5,W,27.5,37,9.5,O,10,3,0.5,7.5,W,28.5,13,-15.5,U,Appalachian State,appalachian state,Dowell Loggains,2025,-1.5,Favorite,W,U
2025,2025-11-22T19:30:00.000Z,Tony Gibson,Marshall,Marshall,Appalachian St.,Away,24,26,1.5,-0.5,L,52.0,50,-2.0,U,21,16,-12.5,-7.5,L,27.5,37,9.5,O,3,10,-0.5,-7.5,L,28.5,13,-15.5,U,Marshall,marshall,Tony Gibson,2025,1.5,Underdog,L,U
2025,2025-11-22T20:00:00.000Z,Zach Kittley,Florida Atlantic,Florida Atlantic,Connecticut,Home,45,48,2.5,-0.5,L,86.5,93,6.5,O,17,27,10.5,0.5,W,47.5,44,-3.5,U,28,21,0.0,7.0,W,31.5,49,17.5,O,Florida Atlantic,florida atlantic,Zach Kittley,2025,2.5,Underdog,L,O
2025,2025-11-22T20:00:00.000Z,Jim Mora,Colorado State,Connecticut,Florida Atl.,Away,48,45,-2.5,0.5,W,86.5,93,6.5,O,27,17,-10.5,-0.5,L,47.5,44,-3.5,U,21,28,0.0,-7.0,L,31.5,49,17.5,O,Colorado State,colorado state,Jim Mora,2025,-2.5,Favorite,W,O
2025,2025-11-22T20:00:00.000Z,Sonny Cumbie,Louisiana Tech,Louisiana Tech,Liberty Flames,Home,34,28,1.5,7.5,W,62.5,62,-0.5,U,7,13,5.5,-0.5,L,22.5,20,-2.5,U,27,15,0.0,12.0,W,22.5,42,19.5,O,Louisiana Tech,louisiana tech,Sonny Cumbie,2025,1.5,Underdog,W,U
2025,2025-11-22T20:00:00.000Z,Jamey Chadwell,Liberty,Liberty,Louisiana Tech,Away,28,34,-1.5,-7.5,L,62.5,62,-0.5,U,13,7,-5.5,0.5,W,22.5,20,-2.5,U,15,27,0.0,-12.0,L,22.5,42,19.5,O,Liberty,liberty,Jamey Chadwell,2025,-1.5,Favorite,L,U
2025,2025-11-22T20:00:00.000Z,Scotty Walden,UTEP,UTEP,New Mexico St.,Home,31,34,-3.5,-6.5,L,44.0,65,21.0,O,21,21,-2.5,-2.5,L,21.5,42,20.5,O,10,13,-1.5,-4.5,L,21.5,23,1.5,O,UTEP,utep,Scotty Walden,2025,-3.5,Favorite,L,O
2025,2025-11-22T20:00:00.000Z,Tony Sanchez,New Mexico State,New Mexico State,UTEP,Away,34,31,3.5,6.5,W,44.0,65,21.0,O,21,21,2.5,2.5,W,21.5,42,20.5,O,13,10,1.5,4.5,W,21.5,23,1.5,O,New Mexico State,new mexico state,Tony Sanchez,2025,3.5,Underdog,W,O
2025,2025-11-22T20:00:00.000Z,Derek Mason,Middle Tennessee,Middle Tennessee,Sam Houston State Bearkats,Home,31,17,-13.5,0.5,W,53.0,48,-5.0,U,10,10,-3.5,-3.5,L,27.0,20,-7.0,U,21,7,-4.0,10.0,W,24.5,28,3.5,O,Middle Tennessee,middle tennessee,Derek Mason,2025,-13.5,Favorite,W,U
2025,2025-11-22T20:00:00.000Z,Phil Longo,Sam Houston,Sam Houston,Middle Tennessee St.,Away,17,31,13.5,-0.5,L,53.0,48,-5.0,U,10,10,3.5,3.5,W,27.0,20,-7.0,U,7,21,4.0,-10.0,L,24.5,28,3.5,O,Sam Houston,sam houston,Phil Longo,2025,13.5,Underdog,L,U
2025,2025-11-22T20:00:00.000Z,Alex Golesh,Auburn,South Florida,UAB,Away,48,18,-29.5,0.5,W,75.5,66,-9.5,U,17,10,-4.5,2.5,W,35.5,27,-8.5,U,31,8,-10.5,12.5,W,32.5,39,6.5,O,Auburn,auburn,Alex Golesh,2025,-29.5,Favorite,W,U
2025,2025-11-22T20:30:00.000Z,Steve Sarkisian,Texas,Texas,Arkansas,Home,52,37,-20.5,-5.5,L,58.0,89,31.0,O,24,20,-3.5,0.5,W,28.5,44,15.5,O,28,17,-5.5,5.5,W,28.5,45,16.5,O,Texas,texas,Steve Sarkisian,2025,-20.5,Favorite,L,O
2025,2025-11-22T20:30:00.000Z,Bill Belichick,North Carolina,North Carolina,Duke,Home,25,32,8.5,1.5,W,51.0,57,6.0,O,10,17,3.5,-3.5,L,26.5,27,0.5,O,15,15,3.5,3.5,W,23.5,30,6.5,O,North Carolina,north carolina,Bill Belichick,2025,8.5,Underdog,W,O
2025,2025-11-22T20:30:00.000Z,Manny Diaz,Duke,Duke,North Carolina,Away,32,25,-8.5,-1.5,L,51.0,57,6.0,O,17,10,-3.5,3.5,W,26.5,27,0.5,O,15,15,-3.5,-3.5,L,23.5,30,6.5,O,Duke,duke,Manny Diaz,2025,-8.5,Favorite,L,O
2025,2025-11-22T20:30:00.000Z,Jeff Traylor,UTSA,UTSA,East Carolina,Home,58,24,-33.5,0.5,W,88.5,82,-6.5,U,34,3,-25.5,5.5,W,31.5,37,5.5,O,24,21,3.0,6.0,W,28.5,45,16.5,O,UTSA,utsa,Jeff Traylor,2025,-33.5,Favorite,W,U
2025,2025-11-22T20:30:00.000Z,Blake Harrell,East Carolina,East Carolina,UTSA,Away,24,58,33.5,-0.5,L,88.5,82,-6.5,U,3,34,25.5,-5.5,L,31.5,37,5.5,O,21,24,-3.0,-6.0,L,28.5,45,16.5,O,East Carolina,east carolina,Blake Harrell,2025,33.5,Underdog,L,U
2025,2025-11-22T20:30:00.000Z,Willie Simmons,Florida International,Florida International,Jacksonville State Gamecocks,Home,27,21,-5.5,0.5,W,48.5,48,-0.5,U,7,14,9.5,2.5,W,27.5,21,-6.5,U,20,7,-0.5,12.5,W,26.5,27,0.5,O,Florida International,florida international,Willie Simmons,2025,-5.5,Favorite,W,U
2025,2025-11-22T20:30:00.000Z,Charles Kelly,Jacksonville State,Jacksonville State,Florida Int.,Away,21,27,5.5,-0.5,L,48.5,48,-0.5,U,14,7,-9.5,-2.5,L,27.5,21,-6.5,U,7,20,0.5,-12.5,L,26.5,27,0.5,O,Jacksonville State,jacksonville state,Charles Kelly,2025,5.5,Underdog,L,U
2025,2025-11-22T20:30:00.000Z,Clark Lea,Vanderbilt,Vanderbilt,Kentucky,Home,45,17,-34.5,-6.5,L,57.5,62,4.5,O,24,3,-16.5,4.5,W,27.5,27,-0.5,U,21,14,-4.5,2.5,W,24.0,35,11.0,O,Vanderbilt,vanderbilt,Clark Lea,2025,-34.5,Favorite,L,O
2025,2025-11-22T20:30:00.000Z,Kirk Ferentz,Iowa,Iowa,Michigan State,Home,20,17,-2.5,0.5,W,34.5,37,2.5,O,7,3,-10.0,-6.0,L,21.5,10,-11.5,U,13,14,-6.5,-7.5,L,20.0,27,7.0,O,Iowa,iowa,Kirk Ferentz,2025,-2.5,Favorite,W,O
2025,2025-11-22T20:30:00.000Z,Major Applewhite,South Alabama,South Alabama,Southern Miss,Home,42,35,-7.5,-0.5,L,70.5,77,6.5,O,21,7,-10.5,3.5,W,26.5,28,1.5,O,21,28,3.0,-4.0,L,27.0,49,22.0,O,South Alabama,south alabama,Major Applewhite,2025,-7.5,Favorite,L,O
2025,2025-11-22T20:30:00.000Z,Charles Huff,Memphis,Southern Miss,South Alabama,Away,35,42,7.5,0.5,W,70.5,77,6.5,O,7,21,10.5,-3.5,L,26.5,28,1.5,O,28,21,-3.0,4.0,W,27.0,49,22.0,O,Memphis,memphis,Charles Huff,2025,7.5,Underdog,W,O
2025,2025-11-22T20:30:00.000Z,Marcus Freeman,Notre Dame,Notre Dame,Syracuse,Home,70,7,-69.5,-6.5,L,71.0,77,6.0,O,49,0,-49.5,-0.5,L,28.5,49,20.5,O,21,7,-14.5,-0.5,L,21.5,28,6.5,O,Notre Dame,notre dame,Marcus Freeman,2025,-69.5,Favorite,L,O
2025,2025-11-22T20:30:00.000Z,Fran Brown,Syracuse,Syracuse,Notre Dame,Away,7,70,69.5,6.5,W,71.0,77,6.0,O,0,49,49.5,0.5,W,28.5,49,20.5,O,7,21,14.5,0.5,W,21.5,28,6.5,O,Syracuse,syracuse,Fran Brown,2025,69.5,Underdog,W,O
2025,2025-11-22T20:30:00.000Z,Dan Lanning,Oregon,Oregon,USC,Home,42,27,-14.5,0.5,W,59.0,69,10.0,O,28,14,-6.5,7.5,W,30.5,42,11.5,O,14,13,-4.5,-3.5,L,28.5,27,-1.5,U,Oregon,oregon,Dan Lanning,2025,-14.5,Favorite,W,O
2025,2025-11-22T20:30:00.000Z,Lincoln Riley,USC,USC,Oregon,Away,27,42,14.5,-0.5,L,59.0,69,10.0,O,14,28,6.5,-7.5,L,30.5,42,11.5,O,13,14,4.5,3.5,W,28.5,27,-1.5,U,USC,usc,Lincoln Riley,2025,14.5,Underdog,L,O
2025,2025-11-22T20:45:00.000Z,Jon Sumrall,Florida,Tulane,Temple,Away,37,13,-24.5,-0.5,L,53.5,50,-3.5,U,20,7,-10.5,2.5,W,27.5,27,-0.5,U,17,6,-4.5,6.5,W,24.5,23,-1.5,U,Florida,florida,Jon Sumrall,2025,-24.5,Favorite,L,U
2025,2025-11-22T21:00:00.000Z,Gerad Parker,Troy,Troy,Georgia St.,Home,31,19,-9.5,2.5,W,51.0,50,-1.0,U,10,6,-5.5,-1.5,L,26.5,16,-10.5,U,21,13,-4.5,3.5,W,23.5,34,10.5,O,Troy,troy,Gerad Parker,2025,-9.5,Favorite,W,U
2025,2025-11-22T21:00:00.000Z,Dell McGee,Georgia State,Georgia State,Troy,Away,19,31,9.5,-2.5,L,51.0,50,-1.0,U,6,10,5.5,1.5,W,26.5,16,-10.5,U,13,21,4.5,-3.5,L,23.5,34,10.5,O,Georgia State,georgia state,Dell McGee,2025,9.5,Underdog,L,U
2025,2025-11-22T21:00:00.000Z,Kyle Whittingham,Michigan,Utah,Kansas St.,Home,51,47,-17.5,-13.5,L,52.0,98,46.0,O,21,31,-8.5,-18.5,L,27.5,52,24.5,O,30,16,-8.5,5.5,W,24.5,46,21.5,O,Michigan,michigan,Kyle Whittingham,2025,-17.5,Favorite,L,O
2025,2025-11-22T21:00:00.000Z,Mike Locksley,Maryland,Maryland,Michigan,Home,20,45,25.5,0.5,W,68.5,65,-3.5,U,10,21,7.5,-3.5,L,23.5,31,7.5,O,10,24,7.0,-7.0,L,23.5,34,10.5,O,Maryland,maryland,Mike Locksley,2025,25.5,Underdog,W,U
2025,2025-11-22T21:00:00.000Z,Scott Frost,Central Florida,Central Florida,Oklahoma St.,Home,17,14,-9.5,-6.5,L,34.5,31,-3.5,U,0,14,7.5,-6.5,L,24.5,14,-10.5,U,17,0,-7.5,9.5,W,24.0,17,-7.0,U,Central Florida,central florida,Scott Frost,2025,-9.5,Favorite,L,U
2025,2025-11-22T21:00:00.000Z,Willie Fritz,Houston,Houston,TCU,Home,14,17,2.5,-0.5,L,37.5,31,-6.5,U,7,14,3.5,-3.5,L,27.5,21,-6.5,U,7,3,-0.5,3.5,W,28.0,10,-18.0,U,Houston,houston,Willie Fritz,2025,2.5,Underdog,L,U
2025,2025-11-22T21:00:00.000Z,Sonny Dykes,TCU,TCU,Houston,Away,17,14,-2.5,0.5,W,37.5,31,-6.5,U,14,7,-3.5,3.5,W,27.5,21,-6.5,U,3,7,0.5,-3.5,L,28.0,10,-18.0,U,TCU,tcu,Sonny Dykes,2025,-2.5,Favorite,W,U
2025,2025-11-22T21:15:00.000Z,Shane Beamer,South Carolina,South Carolina,Coastal Carolina,Home,51,7,-43.5,0.5,W,55.5,58,2.5,O,37,0,-14.0,23.0,W,27.0,37,10.0,O,14,7,-9.5,-2.5,L,21.0,21,0.0,P,South Carolina,south carolina,Shane Beamer,2025,-43.5,Favorite,W,O
2025,2025-11-22T21:30:00.000Z,Dabo Swinney,Clemson,Clemson,Furman,Home,45,10,-28.5,6.5,W,48.5,55,6.5,O,31,3,-38.5,-10.5,L,38.5,34,-4.5,U,14,7,-1.5,5.5,W,16.5,21,4.5,O,Clemson,clemson,Dabo Swinney,2025,-28.5,Favorite,W,O
2025,2025-11-22T22:00:00.000Z,Bryant Vincent,UL-Monroe,UL-Monroe,Texas State,Away,14,31,13.5,-3.5,L,45.5,45,-0.5,U,0,3,9.5,6.5,W,30.5,3,-27.5,U,14,28,10.0,-4.0,L,27.5,42,14.5,O,UL-Monroe,ul-monroe,Bryant Vincent,2025,13.5,Underdog,L,U
2025,2025-11-23T00:30:00.000Z,Luke Fickell,Wisconsin,Wisconsin,Illinois,Home,27,10,-16.5,0.5,W,37.5,37,-0.5,U,10,7,-0.5,2.5,W,20.5,17,-3.5,U,17,3,6.0,20.0,W,20.5,20,-0.5,U,Wisconsin,wisconsin,Luke Fickell,2025,-16.5,Favorite,W,U
2025,2025-11-23T00:30:00.000Z,Bret Bielema,Illinois,Illinois,Wisconsin,Away,10,27,16.5,-0.5,L,37.5,37,-0.5,U,7,10,0.5,-2.5,L,20.5,17,-3.5,U,3,17,-6.0,-20.0,L,20.5,20,-0.5,U,Illinois,illinois,Bret Bielema,2025,16.5,Underdog,L,U
2025,2025-11-23T00:30:00.000Z,Scott Abell,Rice,Rice,North Texas,Home,24,56,31.5,-0.5,L,80.5,80,-0.5,U,14,28,10.5,-3.5,L,28.5,42,13.5,O,10,28,10.0,-8.0,L,28.5,38,9.5,O,Rice,rice,Scott Abell,2025,31.5,Underdog,L,U
2025,2025-11-23T00:30:00.000Z,Eric Morris,Oklahoma State,North Texas,Rice,Away,56,24,-31.5,0.5,W,80.5,80,-0.5,U,28,14,-10.5,3.5,W,28.5,42,13.5,O,28,10,-10.0,8.0,W,28.5,38,9.5,O,Oklahoma State,oklahoma state,Eric Morris,2025,-31.5,Favorite,W,U
2025,2025-11-23T00:30:00.000Z,Billy Napier,James Madison,Florida,Tennessee,Home,11,31,20.5,0.5,W,42.5,42,-0.5,U,0,31,3.5,-27.5,L,29.5,31,1.5,O,11,0,0.5,11.5,W,28.5,11,-17.5,U,James Madison,james madison,Billy Napier,2025,20.5,Underdog,W,U
2025,2025-11-23T00:30:00.000Z,Josh Heupel,Tennessee,Tennessee,Florida,Away,31,11,-20.5,-0.5,L,42.5,42,-0.5,U,31,0,-3.5,27.5,W,29.5,31,1.5,O,0,11,-0.5,-11.5,L,28.5,11,-17.5,U,Tennessee,tennessee,Josh Heupel,2025,-20.5,Favorite,L,U
2025,2025-11-23T00:45:00.000Z,Tyson Helton,Western Kentucky,Western Kentucky,LSU Tigers,Away,10,13,9.5,6.5,W,22.5,23,0.5,O,3,7,-2.5,-6.5,L,27.0,10,-17.0,U,7,6,11.0,12.0,W,24.0,13,-11.0,U,Western Kentucky,western kentucky,Tyson Helton,2025,9.5,Underdog,W,O
2025,2025-11-23T01:00:00.000Z,Deion Sanders,Colorado,Colorado,Arizona St.,Home,17,42,18.5,-6.5,L,59.5,59,-0.5,U,7,13,-1.5,-7.5,L,23.5,20,-3.5,U,10,29,2.5,-16.5,L,21.5,39,17.5,O,Colorado,colorado,Deion Sanders,2025,18.5,Underdog,L,U
2025,2025-11-23T01:00:00.000Z,Kenny Dillingham,Arizona State,Arizona State,Colorado,Away,42,17,-18.5,6.5,W,59.5,59,-0.5,U,13,7,1.5,7.5,W,23.5,20,-3.5,U,29,10,-2.5,16.5,W,21.5,39,17.5,O,Arizona State,arizona state,Kenny Dillingham,2025,-18.5,Favorite,W,U
2025,2025-11-23T01:00:00.000Z,Scott Satterfield,Cincinnati,Cincinnati,BYU,Home,14,26,12.5,0.5,W,34.5,40,5.5,O,7,10,0.5,-2.5,L,27.5,17,-10.5,U,7,16,-0.5,-9.5,L,27.0,23,-4.0,U,Cincinnati,cincinnati,Scott Satterfield,2025,12.5,Underdog,W,O
2025,2025-11-23T01:00:00.000Z,Kalani Sitake,BYU,BYU,Cincinnati,Away,26,14,-12.5,-0.5,L,34.5,40,5.5,O,10,7,-0.5,2.5,W,27.5,17,-10.5,U,16,7,0.5,9.5,W,27.0,23,-4.0,U,BYU,byu,Kalani Sitake,2025,-12.5,Favorite,L,O
2025,2025-11-23T03:30:00.000Z,Sean Lewis,San Diego State,San Diego State,San Jose St.,Home,25,3,-21.5,0.5,W,28.5,28,-0.5,U,18,3,-7.5,7.5,W,24.5,21,-3.5,U,7,0,-6.0,1.0,W,21.5,7,-14.5,U,San Diego State,san diego state,Sean Lewis,2025,-21.5,Favorite,W,U
2025,2025-11-23T03:30:00.000Z,Ken Niumatalolo,San Jose State,San Jose State,San Diego St.,Away,3,25,21.5,-0.5,L,28.5,28,-0.5,U,3,18,7.5,-7.5,L,24.5,21,-3.5,U,0,7,6.0,-1.0,L,21.5,7,-14.5,U,San Jose State,san jose state,Ken Niumatalolo,2025,21.5,Underdog,L,U
2025,2025-11-23T03:30:00.000Z,Matt Entz,Fresno State,Fresno State,Utah State,Home,17,28,10.5,-0.5,L,45.5,45,-0.5,U,17,7,-2.5,7.5,W,24.5,24,-0.5,U,0,21,0.0,-21.0,L,23.5,21,-2.5,U,Fresno State,fresno state,Matt Entz,2025,10.5,Underdog,L,U
2025,2025-11-23T03:30:00.000Z,Bronco Mendenhall,Utah State,Utah State,Fresno St.,Away,28,17,-10.5,0.5,W,45.5,45,-0.5,U,7,17,2.5,-7.5,L,24.5,24,-0.5,U,21,0,0.0,21.0,W,23.5,21,-2.5,U,Utah State,utah state,Bronco Mendenhall,2025,-10.5,Favorite,W,U
2025,2025-11-23T03:30:00.000Z,Jedd Fisch,Washington,Washington,UCLA,Away,48,14,-34.5,-0.5,L,49.5,62,12.5,O,20,0,-16.5,3.5,W,16.5,20,3.5,O,28,14,-3.5,10.5,W,23.0,42,19.0,O,Washington,washington,Jedd Fisch,2025,-34.5,Favorite,L,O
2025,2025-11-25T21:30:00.000Z,Joe Harasymiak,Massachusetts,Massachusetts,Bowling Green,Home,14,45,30.5,-0.5,L,58.5,59,0.5,O,14,28,27.5,13.5,W,23.5,42,18.5,O,0,17,6.5,-10.5,L,23.5,17,-6.5,U,Massachusetts,massachusetts,Joe Harasymiak,2025,30.5,Underdog,L,O
2025,2025-11-25T21:30:00.000Z,Eddie George,Bowling Green,Bowling Green,UMass,Away,45,14,-30.5,0.5,W,58.5,59,0.5,O,28,14,-27.5,-13.5,L,23.5,42,18.5,O,17,0,-6.5,10.5,W,23.5,17,-6.5,U,Bowling Green,bowling green,Eddie George,2025,-30.5,Favorite,W,O
2025,2025-11-26T00:30:00.000Z,Chris Creighton,Eastern Michigan,Eastern Michigan,Western Michigan,Home,21,31,10.5,0.5,W,49.5,52,2.5,O,7,17,5.5,-4.5,L,24.5,24,-0.5,U,14,14,6.0,6.0,W,25.0,28,3.0,O,Eastern Michigan,eastern michigan,Chris Creighton,2025,10.5,Underdog,W,O
2025,2025-11-26T00:30:00.000Z,Lance Taylor,Western Michigan,Western Michigan,Eastern Michigan,Away,31,21,-10.5,-0.5,L,49.5,52,2.5,O,17,7,-5.5,4.5,W,24.5,24,-0.5,U,14,14,-6.0,-6.0,L,25.0,28,3.0,O,Western Michigan,western michigan,Lance Taylor,2025,-10.5,Favorite,L,O
2025,2025-11-28T00:30:00.000Z,Ryan Silverfield,Arkansas,Memphis,Navy,Home,17,28,10.5,-0.5,L,45.5,45,-0.5,U,17,14,3.5,6.5,W,28.5,31,2.5,O,0,14,-0.5,-14.5,L,27.5,14,-13.5,U,Arkansas,arkansas,Ryan Silverfield,2025,10.5,Underdog,L,U
2025,2025-11-28T00:30:00.000Z,Brian Newberry,Navy,Navy,Memphis,Away,28,17,-10.5,0.5,W,45.5,45,-0.5,U,14,17,-3.5,-6.5,L,28.5,31,2.5,O,14,0,0.5,14.5,W,27.5,14,-13.5,U,Navy,navy,Brian Newberry,2025,-10.5,Favorite,W,U
2025,2025-11-28T17:00:00.000Z,Matt Rhule,Nebraska,Nebraska,Iowa,Home,16,40,24.5,0.5,W,56.5,56,-0.5,U,16,24,3.5,-4.5,L,19.5,40,20.5,O,0,16,2.5,-13.5,L,19.5,16,-3.5,U,Nebraska,nebraska,Matt Rhule,2025,24.5,Underdog,W,U
2025,2025-11-28T17:00:00.000Z,Kirk Ferentz,Iowa,Iowa,Nebraska,Away,40,16,-24.5,-0.5,L,56.5,56,-0.5,U,24,16,-3.5,4.5,W,19.5,40,20.5,O,16,0,-2.5,13.5,W,19.5,16,-3.5,U,Iowa,iowa,Kirk Ferentz,2025,-24.5,Favorite,L,U
2025,2025-11-28T17:00:00.000Z,Mark Carney,Kent State,Kent State,Northern Illinois,Away,35,31,-3.5,0.5,W,45.0,66,21.0,O,17,21,-2.5,-6.5,L,22.0,38,16.0,O,18,10,2.5,10.5,W,22.5,28,5.5,O,Kent State,kent state,Mark Carney,2025,-3.5,Favorite,W,O
2025,2025-11-28T17:00:00.000Z,Pete Lembo,Buffalo,Buffalo,Ohio,Home,26,31,2.5,-2.5,L,57.5,57,-0.5,U,7,21,3.5,-10.5,L,23.0,28,5.0,O,19,10,6.0,15.0,W,21.0,29,8.0,O,Buffalo,buffalo,Pete Lembo,2025,2.5,Underdog,L,U
2025,2025-11-28T17:00:00.000Z,Jeff Lebby,Mississippi State,Mississippi State,Ole Miss,Home,19,38,18.5,-0.5,L,62.5,57,-5.5,U,10,21,10.5,-0.5,L,31.5,31,-0.5,U,9,17,2.5,-5.5,L,28.5,26,-2.5,U,Mississippi State,mississippi state,Jeff Lebby,2025,18.5,Underdog,L,U
2025,2025-11-28T17:00:00.000Z,Lane Kiffin,LSU,Ole Miss,Mississippi St.,Away,38,19,-18.5,0.5,W,62.5,57,-5.5,U,21,10,-10.5,0.5,W,31.5,31,-0.5,U,17,9,-2.5,5.5,W,28.5,26,-2.5,U,LSU,lsu,Lane Kiffin,2025,-18.5,Favorite,W,U
2025,2025-11-28T17:00:00.000Z,Lance Leipold,Kansas,Kansas,Utah,Home,21,31,12.5,2.5,W,60.0,52,-8.0,U,7,10,6.5,3.5,W,30.5,17,-13.5,U,14,21,5.5,-1.5,L,29.5,35,5.5,O,Kansas,kansas,Lance Leipold,2025,12.5,Underdog,W,U
2025,2025-11-28T17:00:00.000Z,Kyle Whittingham,Michigan,Utah,Kansas,Away,31,21,-12.5,-2.5,L,60.0,52,-8.0,U,10,7,-6.5,-3.5,L,30.5,17,-13.5,U,21,14,-5.5,1.5,W,29.5,35,5.5,O,Michigan,michigan,Kyle Whittingham,2025,-12.5,Favorite,L,U
2025,2025-11-28T20:00:00.000Z,Troy Calhoun,Air Force,Air Force,Colorado State,Away,42,21,-21.5,-0.5,L,47.5,63,15.5,O,21,7,-1.5,12.5,W,23.5,28,4.5,O,21,14,0.5,7.5,W,23.5,35,11.5,O,Air Force,air force,Troy Calhoun,2025,-21.5,Favorite,L,O
2025,2025-11-28T20:30:00.000Z,Brent Key,Georgia Tech,Georgia Tech,Georgia,Home,9,16,6.5,-0.5,L,25.5,25,-0.5,U,3,13,9.0,-1.0,L,30.5,16,-14.5,U,6,3,9.0,12.0,W,28.0,9,-19.0,U,Georgia Tech,georgia tech,Brent Key,2025,6.5,Underdog,L,U
2025,2025-11-28T20:30:00.000Z,Kirby Smart,Georgia,Georgia,Georgia Tech,Away,16,9,-6.5,0.5,W,25.5,25,-0.5,U,13,3,-9.0,1.0,W,30.5,16,-14.5,U,3,6,-9.0,-12.0,L,28.0,9,-19.0,U,Georgia,georgia,Kirby Smart,2025,-6.5,Favorite,W,U
2025,2025-11-28T20:30:00.000Z,Jason Eck,New Mexico,New Mexico,San Diego St.,Home,23,17,-1.5,4.5,W,40.5,40,-0.5,U,10,14,-2.5,-6.5,L,20.5,24,3.5,O,13,3,0.5,10.5,W,20.0,16,-4.0,U,New Mexico,new mexico,Jason Eck,2025,-1.5,Favorite,W,U
2025,2025-11-28T20:30:00.000Z,Sean Lewis,San Diego State,San Diego State,New Mexico,Away,17,23,1.5,-4.5,L,40.5,40,-0.5,U,14,10,2.5,6.5,W,20.5,24,3.5,O,3,13,-0.5,-10.5,L,20.0,16,-4.0,U,San Diego State,san diego state,Sean Lewis,2025,1.5,Underdog,L,U
2025,2025-11-28T20:30:00.000Z,Eric Morris,Oklahoma State,North Texas,Temple,Home,58,25,-27.5,5.5,W,80.5,83,2.5,O,35,7,-11.5,16.5,W,34.0,42,8.0,O,23,18,-13.5,-8.5,L,31.0,41,10.0,O,Oklahoma State,oklahoma state,Eric Morris,2025,-27.5,Favorite,W,O
2025,2025-11-28T21:00:00.000Z,Bronco Mendenhall,Utah State,Utah State,Boise St,Home,24,25,-1.5,-2.5,L,49.5,49,-0.5,U,21,13,0.5,8.5,W,27.5,34,6.5,O,3,12,3.0,-6.0,L,27.5,15,-12.5,U,Utah State,utah state,Bronco Mendenhall,2025,-1.5,Favorite,L,U
2025,2025-11-28T21:00:00.000Z,Spencer Danielson,Boise State,Boise State,Utah State,Away,25,24,1.5,2.5,W,49.5,49,-0.5,U,13,21,-0.5,-8.5,L,27.5,34,6.5,O,12,3,-3.0,6.0,W,27.5,15,-12.5,U,Boise State,boise state,Spencer Danielson,2025,1.5,Underdog,W,U
2025,2025-11-29T00:30:00.000Z,Barry Odom,Purdue,Purdue,Indiana,Home,3,56,52.5,-0.5,L,59.5,59,-0.5,U,3,28,14.5,-10.5,L,27.5,31,3.5,O,0,28,13.5,-14.5,L,24.5,28,3.5,O,Purdue,purdue,Barry Odom,2025,52.5,Underdog,L,U
2025,2025-11-29T00:30:00.000Z,Curt Cignetti,Indiana,Indiana,Purdue,Away,56,3,-52.5,0.5,W,59.5,59,-0.5,U,28,3,-14.5,10.5,W,27.5,31,3.5,O,28,0,-13.5,14.5,W,24.5,28,3.5,O,Indiana,indiana,Curt Cignetti,2025,-52.5,Favorite,W,U
2025,2025-11-29T00:30:00.000Z,Steve Sarkisian,Texas,Texas,Texas A&M,Home,27,17,-9.5,0.5,W,50.5,44,-6.5,U,3,10,2.5,-4.5,L,26.5,13,-13.5,U,24,7,1.0,18.0,W,24.0,31,7.0,O,Texas,texas,Steve Sarkisian,2025,-9.5,Favorite,W,U
2025,2025-11-29T00:30:00.000Z,Mike Elko,Texas A&M,Texas A&M,Texas,Away,17,27,9.5,-0.5,L,50.5,44,-6.5,U,10,3,-2.5,4.5,W,26.5,13,-13.5,U,7,24,-1.0,-18.0,L,24.0,31,7.0,O,Texas A&M,texas a&m,Mike Elko,2025,9.5,Underdog,L,U
2025,2025-11-29T02:00:00.000Z,Kenny Dillingham,Arizona State,Arizona State,Arizona,Home,7,23,15.5,-0.5,L,48.5,30,-18.5,U,7,3,1.5,5.5,W,23.5,10,-13.5,U,0,20,0.5,-19.5,L,24.5,20,-4.5,U,Arizona State,arizona state,Kenny Dillingham,2025,15.5,Underdog,L,U
2025,2025-11-29T02:00:00.000Z,Brent Brennan,Arizona,Arizona,Arizona St.,Away,23,7,-15.5,0.5,W,48.5,30,-18.5,U,3,7,-1.5,-5.5,L,23.5,10,-13.5,U,20,0,-0.5,19.5,W,24.5,20,-4.5,U,Arizona,arizona,Brent Brennan,2025,-15.5,Favorite,W,U
2025,2025-11-29T17:00:00.000Z,Chuck Martin,Miami-OH,Miami-OH,Ball State,Home,45,24,-21.5,-0.5,L,57.5,69,11.5,O,31,10,-9.5,11.5,W,20.5,41,20.5,O,14,14,-7.0,-7.0,L,18.5,28,9.5,O,Miami-OH,miami-oh,Chuck Martin,2025,-21.5,Favorite,L,O
2025,2025-11-29T17:00:00.000Z,Mike Uremovich,Ball State,Ball State,Miami Ohio,Away,24,45,21.5,0.5,W,57.5,69,11.5,O,10,31,9.5,-11.5,L,20.5,41,20.5,O,14,14,7.0,7.0,W,18.5,28,9.5,O,Ball State,ball state,Mike Uremovich,2025,21.5,Underdog,W,O
2025,2025-11-29T17:00:00.000Z,Shane Beamer,South Carolina,South Carolina,Clemson,Home,14,28,-2.5,-16.5,L,45.5,42,-3.5,U,14,17,-1.5,-4.5,L,22.5,31,8.5,O,0,11,-1.5,-12.5,L,23.5,11,-12.5,U,South Carolina,south carolina,Shane Beamer,2025,-2.5,Favorite,L,U
2025,2025-11-29T17:00:00.000Z,Dabo Swinney,Clemson,Clemson,South Carolina,Away,28,14,2.5,16.5,W,45.5,42,-3.5,U,17,14,1.5,4.5,W,22.5,31,8.5,O,11,0,1.5,12.5,W,23.5,11,-12.5,U,Clemson,clemson,Dabo Swinney,2025,2.5,Underdog,W,U
2025,2025-11-29T17:00:00.000Z,Deion Sanders,Colorado,Colorado,Kansas St.,Away,14,24,9.5,-0.5,L,36.5,38,1.5,O,7,7,9.5,9.5,W,24.5,14,-10.5,U,7,17,6.5,-3.5,L,21.5,24,2.5,O,Colorado,colorado,Deion Sanders,2025,9.5,Underdog,L,O
2025,2025-11-29T17:00:00.000Z,Zach Kittley,Florida Atlantic,Florida Atlantic,East Carolina,Home,3,42,38.5,-0.5,L,46.5,45,-1.5,U,3,42,28.5,-10.5,L,33.0,45,12.0,O,0,0,3.5,3.5,W,27.5,0,-27.5,U,Florida Atlantic,florida atlantic,Zach Kittley,2025,38.5,Underdog,L,U
2025,2025-11-29T17:00:00.000Z,Blake Harrell,East Carolina,East Carolina,Florida Atl.,Away,42,3,-38.5,0.5,W,46.5,45,-1.5,U,42,3,-28.5,10.5,W,33.0,45,12.0,O,0,0,-3.5,-3.5,L,27.5,0,-27.5,U,East Carolina,east carolina,Blake Harrell,2025,-38.5,Favorite,W,U
2025,2025-11-29T17:00:00.000Z,Dave Aranda,Baylor,Baylor,Houston,Home,24,31,6.5,-0.5,L,55.5,55,-0.5,U,9,17,10.5,2.5,W,28.0,26,-2.0,U,15,14,0.0,1.0,W,28.0,29,1.0,O,Baylor,baylor,Dave Aranda,2025,6.5,Underdog,L,U
2025,2025-11-29T17:00:00.000Z,Willie Fritz,Houston,Houston,Baylor,Away,31,24,-6.5,0.5,W,55.5,55,-0.5,U,17,9,-10.5,-2.5,L,28.0,26,-2.0,U,14,15,0.0,-1.0,L,28.0,29,1.0,O,Houston,houston,Willie Fritz,2025,-6.5,Favorite,W,U
2025,2025-11-29T17:00:00.000Z,Matt Campbell,Penn State,Iowa State,Oklahoma St.,Away,20,13,-13.5,-6.5,L,46.0,33,-13.0,U,10,7,-6.5,-3.5,L,23.5,17,-6.5,U,10,6,-6.5,-2.5,L,22.5,16,-6.5,U,Penn State,penn state,Matt Campbell,2025,-13.5,Favorite,L,U
2025,2025-11-29T17:00:00.000Z,Jeff Brohm,Louisville,Louisville,Kentucky,Home,41,0,-40.5,0.5,W,42.0,41,-1.0,U,20,0,-20.5,-0.5,L,23.5,20,-3.5,U,21,0,-1.0,20.0,W,21.0,21,0.0,P,Louisville,louisville,Jeff Brohm,2025,-40.5,Favorite,W,U
2025,2025-11-29T17:00:00.000Z,Pat Narduzzi,Pittsburgh,Pittsburgh,Miami Hurricanes,Home,7,38,24.5,-6.5,L,38.5,45,6.5,O,7,17,5.5,-4.5,L,23.5,24,0.5,O,0,21,4.0,-17.0,L,23.5,21,-2.5,U,Pittsburgh,pittsburgh,Pat Narduzzi,2025,24.5,Underdog,L,O
2025,2025-11-29T17:00:00.000Z,Mario Cristobal,Miami-FL,Miami-FL,Pittsburgh,Away,38,7,-24.5,6.5,W,38.5,45,6.5,O,17,7,-5.5,4.5,W,23.5,24,0.5,O,21,0,-4.0,17.0,W,23.5,21,-2.5,U,Miami-FL,miami-fl,Mario Cristobal,2025,-24.5,Favorite,W,O
2025,2025-11-29T17:00:00.000Z,Ryan Day,Ohio State,Ohio State,Michigan,Away,27,9,-18.5,-0.5,L,36.5,36,-0.5,U,17,9,-4.5,3.5,W,20.5,26,5.5,O,10,0,-4.5,5.5,W,21.0,10,-11.0,U,Ohio State,ohio state,Ryan Day,2025,-18.5,Favorite,L,U
2025,2025-11-29T17:00:00.000Z,Rich Rodriguez,West Virginia,West Virginia,Texas Tech,Home,0,49,49.5,0.5,W,49.5,49,-0.5,U,0,28,13.5,-14.5,L,27.5,28,0.5,O,0,21,14.0,-7.0,L,23.5,21,-2.5,U,West Virginia,west virginia,Rich Rodriguez,2025,49.5,Underdog,W,U
2025,2025-11-29T17:00:00.000Z,Joey McGuire,Texas Tech,Texas Tech,West Virginia,Away,49,0,-49.5,-0.5,L,49.5,49,-0.5,U,28,0,-13.5,14.5,W,27.5,28,0.5,O,21,0,-14.0,7.0,W,23.5,21,-2.5,U,Texas Tech,texas tech,Joey McGuire,2025,-49.5,Favorite,L,U
2025,2025-11-29T17:00:00.000Z,Matt Drinkall,Central Michigan,Central Michigan,Toledo,Home,3,21,17.5,-0.5,L,29.5,24,-5.5,U,3,0,6.5,9.5,W,23.5,3,-20.5,U,0,21,5.5,-15.5,L,21.0,21,0.0,P,Central Michigan,central michigan,Matt Drinkall,2025,17.5,Underdog,L,U
2025,2025-11-29T17:00:00.000Z,Jason Candle,Connecticut,Toledo,Central Michigan,Away,21,3,-17.5,0.5,W,29.5,24,-5.5,U,0,3,-6.5,-9.5,L,23.5,3,-20.5,U,21,0,-5.5,15.5,W,21.0,21,0.0,P,Connecticut,connecticut,Jason Candle,2025,-17.5,Favorite,W,U
2025,2025-11-29T18:00:00.000Z,Phil Longo,Sam Houston,Sam Houston,Florida Int.,Home,16,56,39.5,-0.5,L,72.5,72,-0.5,U,10,28,6.5,-11.5,L,26.5,38,11.5,O,6,28,4.0,-18.0,L,24.0,34,10.0,O,Sam Houston,sam houston,Phil Longo,2025,39.5,Underdog,L,U
2025,2025-11-29T18:00:00.000Z,Willie Simmons,Florida International,Florida International,Sam Houston State Bearkats,Away,56,16,-39.5,0.5,W,72.5,72,-0.5,U,28,10,-6.5,11.5,W,26.5,38,11.5,O,28,6,-4.0,18.0,W,24.0,34,10.0,O,Florida International,florida international,Willie Simmons,2025,-39.5,Favorite,W,U
2025,2025-11-29T18:00:00.000Z,Kalani Sitake,BYU,BYU,UCF,Home,41,21,-20.5,-0.5,L,62.5,62,-0.5,U,17,14,1.5,4.5,W,23.5,31,7.5,O,24,7,-10.0,7.0,W,24.0,31,7.0,O,BYU,byu,Kalani Sitake,2025,-20.5,Favorite,L,U
2025,2025-11-29T18:00:00.000Z,Scott Frost,Central Florida,Central Florida,BYU,Away,21,41,20.5,0.5,W,62.5,62,-0.5,U,14,17,-1.5,-4.5,L,23.5,31,7.5,O,7,24,10.0,-7.0,L,24.0,31,7.0,O,Central Florida,central florida,Scott Frost,2025,20.5,Underdog,W,U
2025,2025-11-29T18:00:00.000Z,Ryan Carty,Delaware,Delaware,UTEP,Home,61,31,-4.0,26.0,W,55.5,92,36.5,O,31,20,-1.5,9.5,W,27.5,51,23.5,O,30,11,-3.5,15.5,W,27.5,41,13.5,O,Delaware,delaware,Ryan Carty,2025,-4.0,Favorite,W,O
2025,2025-11-29T18:00:00.000Z,Scotty Walden,UTEP,UTEP,Delaware,Away,31,61,4.0,-26.0,L,55.5,92,36.5,O,20,31,1.5,-9.5,L,27.5,51,23.5,O,11,30,3.5,-15.5,L,27.5,41,13.5,O,UTEP,utep,Scotty Walden,2025,4.0,Underdog,L,O
2025,2025-11-29T18:30:00.000Z,Tony Gibson,Marshall,Marshall,Georgia Southern,Home,19,24,11.5,6.5,W,43.5,43,-0.5,U,6,14,-6.5,-14.5,L,30.5,20,-10.5,U,13,10,-4.5,-1.5,L,31.5,23,-8.5,U,Marshall,marshall,Tony Gibson,2025,11.5,Underdog,W,U
2025,2025-11-29T18:30:00.000Z,Clay Helton,Georgia Southern,Georgia Southern,Marshall,Away,24,19,-11.5,-6.5,L,43.5,43,-0.5,U,14,6,6.5,14.5,W,30.5,20,-10.5,U,10,13,4.5,1.5,W,31.5,23,-8.5,U,Georgia Southern,georgia southern,Clay Helton,2025,-11.5,Favorite,L,U
2025,2025-11-29T19:00:00.000Z,Ricky Rahne,Old Dominion,Old Dominion,Georgia St.,Home,27,10,-29.0,-12.0,L,37.5,37,-0.5,U,10,10,-16.5,-16.5,L,31.5,20,-11.5,U,17,0,-12.5,4.5,W,27.5,17,-10.5,U,Old Dominion,old dominion,Ricky Rahne,2025,-29.0,Favorite,L,U
2025,2025-11-29T19:00:00.000Z,Dell McGee,Georgia State,Georgia State,Old Dominion,Away,10,27,29.0,12.0,W,37.5,37,-0.5,U,10,10,16.5,16.5,W,31.5,20,-11.5,U,0,17,12.5,-4.5,L,27.5,17,-10.5,U,Georgia State,georgia state,Dell McGee,2025,29.0,Underdog,W,U
2025,2025-11-29T19:00:00.000Z,Ryan Beard,Coastal Carolina,Missouri State,Louisiana Tech,Home,30,42,11.5,-0.5,L,72.5,72,-0.5,U,10,14,11.5,7.5,W,21.5,24,2.5,O,20,28,-0.5,-8.5,L,21.5,48,26.5,O,Coastal Carolina,coastal carolina,Ryan Beard,2025,11.5,Underdog,L,U
2025,2025-11-29T19:00:00.000Z,Sonny Cumbie,Louisiana Tech,Louisiana Tech,Missouri State,Away,42,30,-11.5,0.5,W,72.5,72,-0.5,U,14,10,-11.5,-7.5,L,21.5,24,2.5,O,28,20,0.5,8.5,W,21.5,48,26.5,O,Louisiana Tech,louisiana tech,Sonny Cumbie,2025,-11.5,Favorite,W,U
2025,2025-11-29T19:00:00.000Z,Charles Kelly,Jacksonville State,Jacksonville State,Western Kentucky,Home,37,34,-3.5,-0.5,L,74.5,71,-3.5,U,24,28,4.5,0.5,W,26.5,52,25.5,O,13,6,-0.5,6.5,W,28.5,19,-9.5,U,Jacksonville State,jacksonville state,Charles Kelly,2025,-3.5,Favorite,L,U
2025,2025-11-29T19:00:00.000Z,Tyson Helton,Western Kentucky,Western Kentucky,Jacksonville State Gamecocks,Away,34,37,3.5,0.5,W,74.5,71,-3.5,U,28,24,-4.5,-0.5,L,26.5,52,25.5,O,6,13,0.5,-6.5,L,28.5,19,-9.5,U,Western Kentucky,western kentucky,Tyson Helton,2025,3.5,Underdog,W,U
2025,2025-11-29T19:30:00.000Z,Dowell Loggains,Appalachian State,Appalachian State,Arkansas St.,Home,29,30,-1.5,-2.5,L,49.5,59,9.5,O,16,16,-10.5,-10.5,L,27.5,32,4.5,O,13,14,0.5,-0.5,L,27.5,27,-0.5,U,Appalachian State,appalachian state,Dowell Loggains,2025,-1.5,Favorite,L,O
2025,2025-11-29T19:30:00.000Z,Butch Jones,Arkansas State,Arkansas State,Appalachian St.,Away,30,29,1.5,2.5,W,49.5,59,9.5,O,16,16,10.5,10.5,W,27.5,32,4.5,O,14,13,-0.5,0.5,W,27.5,27,-0.5,U,Arkansas State,arkansas state,Butch Jones,2025,1.5,Underdog,W,O
2025,2025-11-29T20:00:00.000Z,Fran Brown,Syracuse,Syracuse,Boston College,Home,12,34,19.5,-2.5,L,46.5,46,-0.5,U,6,6,-2.5,-2.5,L,13.5,12,-1.5,U,6,28,0.0,-22.0,L,22.5,34,11.5,O,Syracuse,syracuse,Fran Brown,2025,19.5,Underdog,L,U
2025,2025-11-29T20:00:00.000Z,Bill O'Brien,Boston College,Boston College,Syracuse,Away,34,12,-19.5,2.5,W,46.5,46,-0.5,U,6,6,2.5,2.5,W,13.5,12,-1.5,U,28,6,0.0,22.0,W,22.5,34,11.5,O,Boston College,boston college,Bill O'Brien,2025,-19.5,Favorite,W,U
2025,2025-11-29T20:00:00.000Z,Tony Sanchez,New Mexico State,New Mexico State,Middle Tennessee St.,Home,24,31,-1.5,-8.5,L,57.0,55,-2.0,U,7,14,-0.5,-7.5,L,26.5,21,-5.5,U,17,17,-3.0,-3.0,L,24.0,34,10.0,O,New Mexico State,new mexico state,Tony Sanchez,2025,-1.5,Favorite,L,U
2025,2025-11-29T20:00:00.000Z,Derek Mason,Middle Tennessee,Middle Tennessee,New Mexico St.,Away,31,24,1.5,8.5,W,57.0,55,-2.0,U,14,7,0.5,7.5,W,26.5,21,-5.5,U,17,17,3.0,3.0,W,24.0,34,10.0,O,Middle Tennessee,middle tennessee,Derek Mason,2025,1.5,Underdog,W,U
2025,2025-11-29T20:00:00.000Z,Major Applewhite,South Alabama,South Alabama,Texas State,Away,26,49,23.5,0.5,W,69.5,75,5.5,O,7,21,5.5,-8.5,L,31.0,28,-3.0,U,19,28,3.5,-5.5,L,30.5,47,16.5,O,South Alabama,south alabama,Major Applewhite,2025,23.5,Underdog,W,O
2025,2025-11-29T20:00:00.000Z,Tre Lamb,Tulsa,Tulsa,UAB,Home,24,31,2.5,-4.5,L,55.5,55,-0.5,U,17,10,-2.5,4.5,W,28.5,27,-1.5,U,7,21,-3.0,-17.0,L,27.0,28,1.0,O,Tulsa,tulsa,Tre Lamb,2025,2.5,Underdog,L,U
2025,2025-11-29T20:00:00.000Z,Bryant Vincent,UL-Monroe,UL-Monroe,Lafayette,Away,27,30,5.5,2.5,W,60.0,57,-3.0,U,13,17,4.5,0.5,W,23.5,30,6.5,O,14,13,3.0,4.0,W,23.5,27,3.5,O,UL-Monroe,ul-monroe,Bryant Vincent,2025,5.5,Underdog,W,U
2025,2025-11-29T20:30:00.000Z,Jeff Traylor,UTSA,UTSA,Army,Home,24,27,2.5,-0.5,L,51.5,51,-0.5,U,10,17,-4.5,-11.5,L,24.5,27,2.5,O,14,10,-4.5,-0.5,L,24.5,24,-0.5,U,UTSA,utsa,Jeff Traylor,2025,2.5,Underdog,L,U
2025,2025-11-29T20:30:00.000Z,Jeff Monken,Army,Army,UTSA,Away,27,24,-2.5,0.5,W,51.5,51,-0.5,U,17,10,4.5,11.5,W,24.5,27,2.5,O,10,14,4.5,0.5,W,24.5,24,-0.5,U,Army,army,Jeff Monken,2025,-2.5,Favorite,W,U
2025,2025-11-29T20:30:00.000Z,Sonny Dykes,TCU,TCU,Cincinnati,Home,45,23,-22.5,-0.5,L,74.5,68,-6.5,U,31,17,-6.5,7.5,W,44.5,48,3.5,O,14,6,0.0,8.0,W,31.0,20,-11.0,U,TCU,tcu,Sonny Dykes,2025,-22.5,Favorite,L,U
2025,2025-11-29T20:30:00.000Z,Scott Satterfield,Cincinnati,Cincinnati,TCU,Away,23,45,22.5,0.5,W,74.5,68,-6.5,U,17,31,6.5,-7.5,L,44.5,48,3.5,O,6,14,0.0,-8.0,L,31.0,20,-11.0,U,Cincinnati,cincinnati,Scott Satterfield,2025,22.5,Underdog,W,U
2025,2025-11-29T20:30:00.000Z,Jamey Chadwell,Liberty,Liberty,Kennesaw St.,Home,42,48,1.5,-4.5,L,55.5,90,34.5,O,14,14,-1.5,-1.5,L,27.5,28,0.5,O,28,34,1.5,-4.5,L,27.5,62,34.5,O,Liberty,liberty,Jamey Chadwell,2025,1.5,Underdog,L,O
2025,2025-11-29T20:30:00.000Z,Jerry Mack,Kennesaw State,Kennesaw State,Liberty Flames,Away,48,42,-1.5,4.5,W,55.5,90,34.5,O,14,14,1.5,1.5,W,27.5,28,0.5,O,34,28,-1.5,4.5,W,27.5,62,34.5,O,Kennesaw State,kennesaw state,Jerry Mack,2025,-1.5,Favorite,W,O
2025,2025-11-29T20:30:00.000Z,Brent Venables,Oklahoma,Oklahoma,LSU Tigers,Home,17,13,-3.5,0.5,W,36.0,30,-6.0,U,3,3,-6.5,-6.5,L,17.5,6,-11.5,U,14,10,-7.0,-3.0,L,17.0,24,7.0,O,Oklahoma,oklahoma,Brent Venables,2025,-3.5,Favorite,W,U
2025,2025-11-29T20:30:00.000Z,Eli Drinkwitz,Missouri,Missouri,Arkansas,Away,31,17,-14.5,-0.5,L,54.5,48,-6.5,U,14,17,-2.5,-5.5,L,26.5,31,4.5,O,17,0,-3.0,14.0,W,27.0,17,-10.0,U,Missouri,missouri,Eli Drinkwitz,2025,-14.5,Favorite,L,U
2025,2025-11-29T20:30:00.000Z,Jedd Fisch,Washington,Washington,Oregon,Home,14,26,11.5,-0.5,L,46.5,40,-6.5,U,7,13,4.0,-2.0,L,25.5,20,-5.5,U,7,13,3.0,-3.0,L,24.0,20,-4.0,U,Washington,washington,Jedd Fisch,2025,11.5,Underdog,L,U
2025,2025-11-29T20:30:00.000Z,Dan Lanning,Oregon,Oregon,Washington,Away,26,14,-11.5,0.5,W,46.5,40,-6.5,U,13,7,-4.0,2.0,W,25.5,20,-5.5,U,13,7,-3.0,3.0,W,24.0,20,-4.0,U,Oregon,oregon,Dan Lanning,2025,-11.5,Favorite,W,U
2025,2025-11-29T20:30:00.000Z,Greg Schiano,Rutgers,Rutgers,Penn State,Home,36,40,4.5,0.5,W,82.5,76,-6.5,U,21,24,7.5,4.5,W,28.0,45,17.0,O,15,16,7.0,6.0,W,28.0,31,3.0,O,Rutgers,rutgers,Greg Schiano,2025,4.5,Underdog,W,U
2025,2025-11-29T20:30:00.000Z,James Franklin,Virginia Tech,Penn State,Rutgers,Away,40,36,-4.5,-0.5,L,82.5,76,-6.5,U,24,21,-7.5,-4.5,L,28.0,45,17.0,O,16,15,-7.0,-6.0,L,28.0,31,3.0,O,Virginia Tech,virginia tech,James Franklin,2025,-4.5,Favorite,L,U
2025,2025-11-29T20:30:00.000Z,Charles Huff,Memphis,Southern Miss,Troy,Home,18,28,-6.5,-16.5,L,50.5,46,-4.5,U,3,14,-3.5,-14.5,L,24.5,17,-7.5,U,15,14,-3.0,-2.0,L,23.5,29,5.5,O,Memphis,memphis,Charles Huff,2025,-6.5,Favorite,L,U
2025,2025-11-29T20:30:00.000Z,Gerad Parker,Troy,Troy,Southern Miss,Away,28,18,6.5,16.5,W,50.5,46,-4.5,U,14,3,3.5,14.5,W,24.5,17,-7.5,U,14,15,3.0,2.0,W,23.5,29,5.5,O,Troy,troy,Gerad Parker,2025,6.5,Underdog,W,U
2025,2025-11-29T20:30:00.000Z,Josh Heupel,Tennessee,Tennessee,Vanderbilt,Home,24,45,20.5,-0.5,L,75.5,69,-6.5,U,21,21,-0.5,-0.5,L,33.0,42,9.0,O,3,24,1.5,-19.5,L,35.5,27,-8.5,U,Tennessee,tennessee,Josh Heupel,2025,20.5,Underdog,L,U
2025,2025-11-29T20:30:00.000Z,Clark Lea,Vanderbilt,Vanderbilt,Tennessee,Away,45,24,-20.5,0.5,W,75.5,69,-6.5,U,21,21,0.5,0.5,W,33.0,42,9.0,O,24,3,-1.5,19.5,W,35.5,27,-8.5,U,Vanderbilt,vanderbilt,Clark Lea,2025,-20.5,Favorite,W,U
2025,2025-11-29T20:30:00.000Z,Manny Diaz,Duke,Duke,Wake Forest,Home,49,32,-16.5,0.5,W,76.5,81,4.5,O,21,17,-3.5,0.5,W,30.5,38,7.5,O,28,15,1.0,14.0,W,27.0,43,16.0,O,Duke,duke,Manny Diaz,2025,-16.5,Favorite,W,O
2025,2025-11-29T20:30:00.000Z,Jake Dickert,Wake Forest,Wake Forest,Duke,Away,32,49,16.5,-0.5,L,76.5,81,4.5,O,17,21,3.5,-0.5,L,30.5,38,7.5,O,15,28,-1.0,-14.0,L,27.0,43,16.0,O,Wake Forest,wake forest,Jake Dickert,2025,16.5,Underdog,L,O
2025,2025-11-29T20:30:00.000Z,Luke Fickell,Wisconsin,Wisconsin,Minnesota,Away,7,17,9.5,-0.5,L,24.5,24,-0.5,U,7,10,3.5,0.5,W,17.5,17,-0.5,U,0,7,-1.5,-8.5,L,17.5,7,-10.5,U,Wisconsin,wisconsin,Luke Fickell,2025,9.5,Underdog,L,U
2025,2025-11-29T20:45:00.000Z,Bob Chesney,UCLA,James Madison,Coastal Carolina,Away,59,10,-48.5,0.5,W,69.5,69,-0.5,U,20,10,-12.5,-2.5,L,27.5,30,2.5,O,39,0,-10.5,28.5,W,25.5,39,13.5,O,UCLA,ucla,Bob Chesney,2025,-48.5,Favorite,W,U
2025,2025-11-29T21:30:00.000Z,Billy Napier,James Madison,Florida,Florida State,Home,40,21,-13.5,5.5,W,55.5,61,5.5,O,17,14,-9.5,-6.5,L,24.0,31,7.0,O,23,7,0.0,16.0,W,24.0,30,6.0,O,James Madison,james madison,Billy Napier,2025,-13.5,Favorite,W,O
2025,2025-11-29T21:30:00.000Z,Mike Norvell,Florida State,Florida State,Florida,Away,21,40,13.5,-5.5,L,55.5,61,5.5,O,14,17,9.5,6.5,W,24.0,31,7.0,O,7,23,0.0,-16.0,L,24.0,30,6.0,O,Florida State,florida state,Mike Norvell,2025,13.5,Underdog,L,O
2025,2025-11-29T23:30:00.000Z,Jimmy Rogers,Iowa State,Washington State,Oregon State,Home,32,8,-23.5,0.5,W,43.0,40,-3.0,U,19,0,-8.5,10.5,W,21.5,19,-2.5,U,13,8,-5.5,-0.5,L,20.5,21,0.5,O,Iowa State,iowa state,Jimmy Rogers,2025,-23.5,Favorite,W,U
2025,2025-11-30T00:30:00.000Z,Kalen DeBoer,Alabama,Alabama,Auburn,Away,27,20,-6.5,0.5,W,48.0,47,-1.0,U,17,6,-4.5,6.5,W,23.5,23,-0.5,U,10,14,-2.5,-6.5,L,23.5,24,0.5,O,Alabama,alabama,Kalen DeBoer,2025,-6.5,Favorite,W,U
2025,2025-11-30T00:30:00.000Z,Jon Sumrall,Florida,Tulane,Charlotte,Home,27,0,-26.5,0.5,W,28.5,27,-1.5,U,21,0,-16.5,4.5,W,28.5,21,-7.5,U,6,0,-13.5,-7.5,L,23.5,6,-17.5,U,Florida,florida,Jon Sumrall,2025,-26.5,Favorite,W,U
2025,2025-11-30T00:30:00.000Z,Tim Albin,Charlotte,Charlotte,Tulane,Away,0,27,26.5,-0.5,L,28.5,27,-1.5,U,0,21,16.5,-4.5,L,28.5,21,-7.5,U,0,6,13.5,7.5,W,23.5,6,-17.5,U,Charlotte,charlotte,Tim Albin,2025,26.5,Underdog,L,U
2025,2025-11-30T00:30:00.000Z,Dave Doeren,NC State,NC State,North Carolina,Home,42,19,-22.5,0.5,W,61.5,61,-0.5,U,28,10,-14.5,3.5,W,23.5,38,14.5,O,14,9,-2.5,2.5,W,24.0,23,-1.0,U,NC State,nc state,Dave Doeren,2025,-22.5,Favorite,W,U
2025,2025-11-30T00:30:00.000Z,Bill Belichick,North Carolina,North Carolina,NC State,Away,19,42,22.5,-0.5,L,61.5,61,-0.5,U,10,28,14.5,-3.5,L,23.5,38,14.5,O,9,14,2.5,-2.5,L,24.0,23,-1.0,U,North Carolina,north carolina,Bill Belichick,2025,22.5,Underdog,L,U
2025,2025-11-30T00:30:00.000Z,Bret Bielema,Illinois,Illinois,Northwestern,Home,20,13,-6.5,0.5,W,30.5,33,2.5,O,14,10,2.5,6.5,W,21.5,24,2.5,O,6,3,-2.5,0.5,W,21.5,9,-12.5,U,Illinois,illinois,Bret Bielema,2025,-6.5,Favorite,W,O
2025,2025-11-30T00:30:00.000Z,David Braun,Northwestern,Northwestern,Illinois,Away,13,20,6.5,-0.5,L,30.5,33,2.5,O,10,14,-2.5,-6.5,L,21.5,24,2.5,O,3,6,2.5,-0.5,L,21.5,9,-12.5,U,Northwestern,northwestern,David Braun,2025,6.5,Underdog,L,O
2025,2025-11-30T00:30:00.000Z,Lincoln Riley,USC,USC,UCLA,Home,29,10,-18.5,0.5,W,34.5,39,4.5,O,7,10,-0.5,-3.5,L,31.0,17,-14.0,U,22,0,-9.5,12.5,W,28.0,22,-6.0,U,USC,usc,Lincoln Riley,2025,-18.5,Favorite,W,O
2025,2025-11-30T01:00:00.000Z,Rhett Lashlee,SMU,SMU,California,Away,35,38,2.5,-0.5,L,65.5,73,7.5,O,7,17,10.5,0.5,W,27.0,24,-3.0,U,28,21,-7.5,-0.5,L,27.5,49,21.5,O,SMU,smu,Rhett Lashlee,2025,2.5,Underdog,L,O
2025,2025-11-30T02:00:00.000Z,Jeff Choate,Nevada,Nevada,UNLV,Home,17,42,24.5,-0.5,L,59.5,59,-0.5,U,3,28,22.5,-2.5,L,26.5,31,4.5,O,14,14,3.0,3.0,W,24.0,28,4.0,O,Nevada,nevada,Jeff Choate,2025,24.5,Underdog,L,U
2025,2025-11-30T02:00:00.000Z,Dan Mullen,UNLV,UNLV,Nevada,Away,42,17,-24.5,0.5,W,59.5,59,-0.5,U,28,3,-22.5,2.5,W,26.5,31,4.5,O,14,14,-3.0,-3.0,L,24.0,28,4.0,O,UNLV,unlv,Dan Mullen,2025,-24.5,Favorite,W,U
2025,2025-11-30T03:30:00.000Z,Ken Niumatalolo,San Jose State,San Jose State,Fresno St.,Home,14,41,26.5,-0.5,L,48.5,55,6.5,O,7,21,6.5,-7.5,L,23.0,28,5.0,O,7,20,2.5,-10.5,L,21.0,27,6.0,O,San Jose State,san jose state,Ken Niumatalolo,2025,26.5,Underdog,L,O
2025,2025-11-30T03:30:00.000Z,Matt Entz,Fresno State,Fresno State,San Jose St.,Away,41,14,-26.5,0.5,W,48.5,55,6.5,O,21,7,-6.5,7.5,W,23.0,28,5.0,O,20,7,-2.5,10.5,W,21.0,27,6.0,O,Fresno State,fresno state,Matt Entz,2025,-26.5,Favorite,W,O
2025,2025-11-30T03:30:00.000Z,Marcus Freeman,Notre Dame,Notre Dame,Stanford,Away,49,20,-29.5,-0.5,L,68.5,69,0.5,O,35,3,-28.5,3.5,W,27.5,38,10.5,O,14,17,-14.0,-17.0,L,21.0,31,10.0,O,Notre Dame,notre dame,Marcus Freeman,2025,-29.5,Favorite,L,O
2025,2025-11-30T04:00:00.000Z,Timmy Chang,Hawaii,Hawaii,Wyoming,Home,27,7,-19.5,0.5,W,44.5,34,-10.5,U,20,7,-4.5,8.5,W,22.5,27,4.5,O,7,0,-4.5,2.5,W,21.5,7,-14.5,U,Hawaii,hawaii,Timmy Chang,2025,-19.5,Favorite,W,U
2025,2025-11-30T04:00:00.000Z,Jay Sawvel,Wyoming,Wyoming,Hawaii,Away,7,27,19.5,-0.5,L,44.5,34,-10.5,U,7,20,4.5,-8.5,L,22.5,27,4.5,O,0,7,4.5,-2.5,L,21.5,7,-14.5,U,Wyoming,wyoming,Jay Sawvel,2025,19.5,Underdog,L,U
2025,2025-12-06T01:00:00.000Z,Jon Sumrall,Florida,Tulane,North Texas,Home,34,21,-6.5,6.5,W,59.5,55,-4.5,U,24,7,-9.5,7.5,W,33.5,31,-2.5,U,10,14,-0.5,-4.5,L,30.5,24,-6.5,U,Florida,florida,Jon Sumrall,2025,-6.5,Favorite,W,U
2025,2025-12-06T01:00:00.000Z,Eric Morris,Oklahoma State,North Texas,Tulane,Away,21,34,6.5,-6.5,L,59.5,55,-4.5,U,7,24,9.5,-7.5,L,33.5,31,-2.5,U,14,10,0.5,4.5,W,30.5,24,-6.5,U,Oklahoma State,oklahoma state,Eric Morris,2025,6.5,Underdog,L,U
2025,2025-12-06T01:00:00.000Z,Spencer Danielson,Boise State,Boise State,UNLV,Home,38,21,-16.5,0.5,W,59.5,59,-0.5,U,28,14,-17.5,-3.5,L,29.5,42,12.5,O,10,7,-3.0,0.0,P,30.5,17,-13.5,U,Boise State,boise state,Spencer Danielson,2025,-16.5,Favorite,W,U
2025,2025-12-06T01:00:00.000Z,Dan Mullen,UNLV,UNLV,Boise St,Away,21,38,16.5,-0.5,L,59.5,59,-0.5,U,14,28,17.5,3.5,W,29.5,42,12.5,O,7,10,3.0,0.0,P,30.5,17,-13.5,U,UNLV,unlv,Dan Mullen,2025,16.5,Underdog,L,U
2025,2025-12-06T17:00:00.000Z,Joey McGuire,Texas Tech,Texas Tech,BYU,Home,34,7,-26.5,0.5,W,41.5,41,-0.5,U,13,7,-7.0,-1.0,L,25.5,20,-5.5,U,21,0,-7.0,14.0,W,24.0,21,-3.0,U,Texas Tech,texas tech,Joey McGuire,2025,-26.5,Favorite,W,U
2025,2025-12-06T17:00:00.000Z,Kalani Sitake,BYU,BYU,Texas Tech,Away,7,34,26.5,-0.5,L,41.5,41,-0.5,U,7,13,7.0,1.0,W,25.5,20,-5.5,U,0,21,7.0,-14.0,L,24.0,21,-3.0,U,BYU,byu,Kalani Sitake,2025,26.5,Underdog,L,U
2025,2025-12-06T17:00:00.000Z,Lance Taylor,Western Michigan,Western Michigan,Miami Ohio,Home,23,13,-12.5,-2.5,L,43.5,36,-7.5,U,16,6,-1.5,8.5,W,21.5,22,0.5,O,7,7,-0.5,-0.5,L,21.5,14,-7.5,U,Western Michigan,western michigan,Lance Taylor,2025,-12.5,Favorite,L,U
2025,2025-12-06T17:00:00.000Z,Chuck Martin,Miami-OH,Miami-OH,Western Michigan,Away,13,23,12.5,2.5,W,43.5,36,-7.5,U,6,16,1.5,-8.5,L,21.5,22,0.5,O,7,7,0.5,0.5,W,21.5,14,-7.5,U,Miami-OH,miami-oh,Chuck Martin,2025,12.5,Underdog,W,U
2025,2025-12-06T21:00:00.000Z,Kalen DeBoer,Alabama,Alabama,Georgia,Home,7,28,20.5,-0.5,L,48.5,35,-13.5,U,0,14,1.5,-12.5,L,23.5,14,-9.5,U,7,14,-1.5,-8.5,L,23.5,21,-2.5,U,Alabama,alabama,Kalen DeBoer,2025,20.5,Underdog,L,U
2025,2025-12-06T21:00:00.000Z,Kirby Smart,Georgia,Georgia,Alabama,Away,28,7,-20.5,0.5,W,48.5,35,-13.5,U,14,0,-1.5,12.5,W,23.5,14,-9.5,U,14,7,1.5,8.5,W,23.5,21,-2.5,U,Georgia,georgia,Kirby Smart,2025,-20.5,Favorite,W,U
2025,2025-12-07T01:00:00.000Z,Tony Elliott,Virginia,Virginia,Duke,Home,20,27,-4.0,-11.0,L,58.5,47,-11.5,U,7,14,-1.5,-8.5,L,28.5,21,-7.5,U,13,13,-3.5,-3.5,L,29.5,26,-3.5,U,Virginia,virginia,Tony Elliott,2025,-4.0,Favorite,L,U
2025,2025-12-07T01:00:00.000Z,Manny Diaz,Duke,Duke,Virginia,Away,27,20,4.0,11.0,W,58.5,47,-11.5,U,14,7,1.5,8.5,W,28.5,21,-7.5,U,13,13,3.5,3.5,W,29.5,26,-3.5,U,Duke,duke,Manny Diaz,2025,4.0,Underdog,W,U
2025,2025-12-07T01:00:00.000Z,Ryan Day,Ohio State,Ohio State,Indiana,Home,10,13,2.5,-0.5,L,29.5,23,-6.5,U,10,6,-2.5,1.5,W,22.5,16,-6.5,U,0,7,-2.0,-9.0,L,23.0,7,-16.0,U,Ohio State,ohio state,Ryan Day,2025,2.5,Underdog,L,U
2025,2025-12-07T01:00:00.000Z,Curt Cignetti,Indiana,Indiana,Ohio State,Away,13,10,-2.5,0.5,W,29.5,23,-6.5,U,6,10,2.5,-1.5,L,22.5,16,-6.5,U,7,0,2.0,9.0,W,23.0,7,-16.0,U,Indiana,indiana,Curt Cignetti,2025,-2.5,Favorite,W,U
2025,2025-12-13T20:00:00.000Z,Brian Newberry,Navy,Navy,Army,Home,17,16,1.5,2.5,W,38.0,33,-5.0,U,7,13,-3.5,-9.5,L,18.5,20,1.5,O,10,3,-2.5,4.5,W,19.5,13,-6.5,U,Navy,navy,Brian Newberry,2025,1.5,Underdog,W,U
2025,2025-12-13T20:00:00.000Z,Jeff Monken,Army,Army,Navy,Away,16,17,-1.5,-2.5,L,38.0,33,-5.0,U,13,7,3.5,9.5,W,18.5,20,1.5,O,3,10,2.5,-4.5,L,19.5,13,-6.5,U,Army,army,Jeff Monken,2025,-1.5,Favorite,L,U
2025,2025-12-14T01:00:00.000Z,Jedd Fisch,Washington,Washington,Boise St,Home,38,10,-28.5,-0.5,L,47.5,48,0.5,O,24,3,-3.5,17.5,W,15.5,27,11.5,O,14,7,-6.5,0.5,W,26.5,21,-5.5,U,Washington,washington,Jedd Fisch,2025,-28.5,Favorite,L,O
2025,2025-12-14T01:00:00.000Z,Spencer Danielson,Boise State,Boise State,Washington,Away,10,38,28.5,0.5,W,47.5,48,0.5,O,3,24,3.5,-17.5,L,15.5,27,11.5,O,7,14,6.5,-0.5,L,26.5,21,-5.5,U,Boise State,boise state,Spencer Danielson,2025,28.5,Underdog,W,O
2025,2025-12-17T02:00:00.000Z,Charles Kelly,Jacksonville State,Jacksonville State,Troy,Home,17,13,-3.5,0.5,W,48.0,30,-18.0,U,7,13,-0.5,-6.5,L,23.5,20,-3.5,U,10,0,-3.5,6.5,W,22.5,10,-12.5,U,Jacksonville State,jacksonville state,Charles Kelly,2025,-3.5,Favorite,W,U
2025,2025-12-17T02:00:00.000Z,Gerad Parker,Troy,Troy,Jacksonville State,Away,13,17,3.5,-0.5,L,48.0,30,-18.0,U,13,7,0.5,6.5,W,23.5,20,-3.5,U,0,10,3.5,-6.5,L,22.5,10,-12.5,U,Troy,troy,Gerad Parker,2025,3.5,Underdog,L,U
2025,2025-12-17T22:00:00.000Z,Alex Golesh,Auburn,South Florida,Old Dominion,Home,10,24,13.5,-0.5,L,33.5,34,0.5,O,10,7,-3.5,-0.5,L,25.5,17,-8.5,U,0,17,0.0,-17.0,L,25.5,17,-8.5,U,Auburn,auburn,Alex Golesh,2025,13.5,Underdog,L,O
2025,2025-12-17T22:00:00.000Z,Ricky Rahne,Old Dominion,Old Dominion,South Florida,Away,24,10,-13.5,0.5,W,33.5,34,0.5,O,7,10,3.5,0.5,W,25.5,17,-8.5,U,17,0,0.0,17.0,W,25.5,17,-8.5,U,Old Dominion,old dominion,Ricky Rahne,2025,-13.5,Favorite,W,O
2025,2025-12-18T01:30:00.000Z,Ryan Carty,Delaware,Delaware,Lafayette,Home,20,13,-6.5,0.5,W,60.0,33,-27.0,U,10,3,1.5,8.5,W,30.5,13,-17.5,U,10,10,-0.5,-0.5,L,29.5,20,-9.5,U,Delaware,delaware,Ryan Carty,2025,-6.5,Favorite,W,U
2025,2025-12-19T02:00:00.000Z,Butch Jones,Arkansas State,Arkansas State,Missouri State,Home,34,28,-6.5,-0.5,L,61.5,62,0.5,O,24,7,-8.5,8.5,W,35.5,31,-4.5,U,10,21,-1.5,-12.5,L,27.5,31,3.5,O,Arkansas State,arkansas state,Butch Jones,2025,-6.5,Favorite,L,O
2025,2025-12-19T02:00:00.000Z,Ryan Beard,Coastal Carolina,Missouri State,Arkansas St.,Away,28,34,6.5,0.5,W,61.5,62,0.5,O,7,24,8.5,-8.5,L,35.5,31,-4.5,U,21,10,1.5,12.5,W,27.5,31,3.5,O,Coastal Carolina,coastal carolina,Ryan Beard,2025,6.5,Underdog,W,O
2025,2025-12-19T16:00:00.000Z,Lance Taylor,Western Michigan,Western Michigan,Kennesaw St.,Home,41,6,-32.5,2.5,W,47.5,47,-0.5,U,34,0,-1.5,32.5,W,23.0,34,11.0,O,7,6,-0.5,0.5,W,21.0,13,-8.0,U,Western Michigan,western michigan,Lance Taylor,2025,-32.5,Favorite,W,U
2025,2025-12-19T16:00:00.000Z,Jerry Mack,Kennesaw State,Kennesaw State,Western Michigan,Away,6,41,32.5,-2.5,L,47.5,47,-0.5,U,0,34,1.5,-32.5,L,23.0,34,11.0,O,6,7,0.5,-0.5,L,21.0,13,-8.0,U,Kennesaw State,kennesaw state,Jerry Mack,2025,32.5,Underdog,L,U
2025,2025-12-19T19:30:00.000Z,Dave Doeren,NC State,NC State,Memphis,Home,31,7,-23.5,0.5,W,38.5,38,-0.5,U,31,7,-2.5,21.5,W,28.5,38,9.5,O,0,0,0.5,0.5,W,26.5,0,-26.5,U,NC State,nc state,Dave Doeren,2025,-23.5,Favorite,W,U
2025,2025-12-19T19:30:00.000Z,Ryan Silverfield,Arkansas,Memphis,NC State,Away,7,31,23.5,-0.5,L,38.5,38,-0.5,U,7,31,2.5,-21.5,L,28.5,38,9.5,O,0,0,-0.5,-0.5,L,26.5,0,-26.5,U,Arkansas,arkansas,Ryan Silverfield,2025,23.5,Underdog,L,U
2025,2025-12-20T01:00:00.000Z,Brent Venables,Oklahoma,Oklahoma,Alabama,Home,24,34,9.5,-0.5,L,42.5,58,15.5,O,17,17,-0.5,-0.5,L,20.5,34,13.5,O,7,17,-0.5,-10.5,L,22.5,24,1.5,O,Oklahoma,oklahoma,Brent Venables,2025,9.5,Underdog,L,O
2025,2025-12-20T01:00:00.000Z,Kalen DeBoer,Alabama,Alabama,Oklahoma,Away,34,24,-9.5,0.5,W,42.5,58,15.5,O,17,17,0.5,0.5,W,20.5,34,13.5,O,17,7,0.5,10.5,W,22.5,24,1.5,O,Alabama,alabama,Kalen DeBoer,2025,-9.5,Favorite,W,O
2025,2025-12-20T17:00:00.000Z,Mike Elko,Texas A&M,Texas A&M,Miami Hurricanes,Home,3,10,3.5,-3.5,L,12.5,13,0.5,O,0,0,-2.5,-2.5,L,23.5,0,-23.5,U,3,10,-3.0,-10.0,L,21.0,13,-8.0,U,Texas A&M,texas a&m,Mike Elko,2025,3.5,Underdog,L,O
2025,2025-12-20T17:00:00.000Z,Mario Cristobal,Miami-FL,Miami-FL,Texas A&M,Away,10,3,-3.5,3.5,W,12.5,13,0.5,O,0,0,2.5,2.5,W,23.5,0,-23.5,U,10,3,3.0,10.0,W,21.0,13,-8.0,U,Miami-FL,miami-fl,Mario Cristobal,2025,-3.5,Favorite,W,O
2025,2025-12-20T20:30:00.000Z,Lane Kiffin,LSU,Ole Miss,Tulane,Home,41,10,-30.5,0.5,W,58.0,51,-7.0,U,17,3,-11.5,2.5,W,30.5,20,-10.5,U,24,7,-6.5,10.5,W,27.5,31,3.5,O,LSU,lsu,Lane Kiffin,2025,-30.5,Favorite,W,U
2025,2025-12-20T20:30:00.000Z,Jon Sumrall,Florida,Tulane,Ole Miss,Away,10,41,30.5,-0.5,L,58.0,51,-7.0,U,3,17,11.5,-2.5,L,30.5,20,-10.5,U,7,24,6.5,-10.5,L,27.5,31,3.5,O,Florida,florida,Jon Sumrall,2025,30.5,Underdog,L,U
2025,2025-12-21T00:30:00.000Z,Dan Lanning,Oregon,Oregon,James Madison,Home,51,34,-18.5,-1.5,L,79.5,85,5.5,O,34,6,-12.5,15.5,W,24.0,40,16.0,O,17,28,-10.0,-21.0,L,21.5,45,23.5,O,Oregon,oregon,Dan Lanning,2025,-18.5,Favorite,L,O
2025,2025-12-21T00:30:00.000Z,Bob Chesney,UCLA,James Madison,Oregon,Away,34,51,18.5,1.5,W,79.5,85,5.5,O,6,34,12.5,-15.5,L,24.0,40,16.0,O,28,17,10.0,21.0,W,21.5,45,23.5,O,UCLA,ucla,Bob Chesney,2025,18.5,Underdog,W,O
2025,2025-12-22T19:00:00.000Z,Bronco Mendenhall,Utah State,Utah State,Washington St.,Home,21,34,13.5,0.5,W,49.5,55,5.5,O,0,14,0.5,-13.5,L,25.5,14,-11.5,U,21,20,0.0,1.0,W,21.5,41,19.5,O,Utah State,utah state,Bronco Mendenhall,2025,13.5,Underdog,W,O
2025,2025-12-22T19:00:00.000Z,Jimmy Rogers,Iowa State,Washington State,Utah State,Away,34,21,-13.5,-0.5,L,49.5,55,5.5,O,14,0,-0.5,13.5,W,25.5,14,-11.5,U,20,21,0.0,-1.0,L,21.5,41,19.5,O,Iowa State,iowa state,Jimmy Rogers,2025,-13.5,Favorite,L,O
2025,2025-12-23T19:00:00.000Z,Jeff Brohm,Louisville,Louisville,Toledo,Home,27,22,-5.5,-0.5,L,49.5,49,-0.5,U,7,3,-4.5,-0.5,L,22.5,10,-12.5,U,20,19,-3.5,-2.5,L,20.5,39,18.5,O,Louisville,louisville,Jeff Brohm,2025,-5.5,Favorite,L,U
2025,2025-12-23T19:00:00.000Z,Jason Candle,Connecticut,Toledo,Louisville,Away,22,27,5.5,0.5,W,49.5,49,-0.5,U,3,7,4.5,0.5,W,22.5,10,-12.5,U,19,20,3.5,2.5,W,20.5,39,18.5,O,Connecticut,connecticut,Jason Candle,2025,5.5,Underdog,W,U
2025,2025-12-23T22:30:00.000Z,Charles Huff,Memphis,Southern Miss,Western Kentucky,Home,16,27,9.5,-1.5,L,43.5,43,-0.5,U,13,6,-4.5,2.5,W,28.5,19,-9.5,U,3,21,-2.5,-20.5,L,27.0,24,-3.0,U,Memphis,memphis,Charles Huff,2025,9.5,Underdog,L,U
2025,2025-12-23T22:30:00.000Z,Tyson Helton,Western Kentucky,Western Kentucky,Southern Miss,Away,27,16,-9.5,1.5,W,43.5,43,-0.5,U,6,13,4.5,-2.5,L,28.5,19,-9.5,U,21,3,2.5,20.5,W,27.0,24,-3.0,U,Western Kentucky,western kentucky,Tyson Helton,2025,-9.5,Favorite,W,U
2025,2025-12-24T02:00:00.000Z,Dan Mullen,UNLV,UNLV,Ohio,Away,10,17,7.5,0.5,W,27.5,27,-0.5,U,0,6,-3.5,-9.5,L,31.5,6,-25.5,U,10,11,-3.0,-4.0,L,28.5,21,-7.5,U,UNLV,unlv,Dan Mullen,2025,7.5,Underdog,W,U
2025,2025-12-25T01:00:00.000Z,Timmy Chang,Hawaii,Hawaii,California,Home,35,31,2.5,6.5,W,51.5,66,14.5,O,10,21,-1.5,-12.5,L,24.5,31,6.5,O,25,10,1.5,16.5,W,26.5,35,8.5,O,Hawaii,hawaii,Timmy Chang,2025,2.5,Underdog,W,O
2025,2025-12-26T18:00:00.000Z,David Braun,Northwestern,Northwestern,Central Michigan,Home,34,7,-26.5,0.5,W,43.5,41,-2.5,U,21,0,-6.0,15.0,W,22.0,21,-1.0,U,13,7,-6.5,-0.5,L,20.5,20,-0.5,U,Northwestern,northwestern,David Braun,2025,-26.5,Favorite,W,U
2025,2025-12-26T18:00:00.000Z,Matt Drinkall,Central Michigan,Central Michigan,Northwestern,Away,7,34,26.5,-0.5,L,43.5,41,-2.5,U,0,21,6.0,-15.0,L,22.0,21,-1.0,U,7,13,6.5,0.5,W,20.5,20,-0.5,U,Central Michigan,central michigan,Matt Drinkall,2025,26.5,Underdog,L,U
2025,2025-12-26T21:30:00.000Z,Jason Eck,New Mexico,New Mexico,Minnesota,Away,17,20,-2.5,-5.5,L,34.5,37,2.5,O,6,7,0.5,-0.5,L,21.5,13,-8.5,U,11,13,1.5,-0.5,L,21.0,24,3.0,O,New Mexico,new mexico,Jason Eck,2025,-2.5,Favorite,L,O
2025,2025-12-27T01:00:00.000Z,Jeff Traylor,UTSA,UTSA,Florida Int.,Home,57,20,-36.5,0.5,W,74.5,77,2.5,O,31,14,-3.5,13.5,W,31.5,45,13.5,O,26,6,-6.5,13.5,W,30.0,32,2.0,O,UTSA,utsa,Jeff Traylor,2025,-36.5,Favorite,W,O
2025,2025-12-27T01:00:00.000Z,Willie Simmons,Florida International,Florida International,UTSA,Away,20,57,36.5,-0.5,L,74.5,77,2.5,O,14,31,3.5,-13.5,L,31.5,45,13.5,O,6,26,6.5,-13.5,L,30.0,32,2.0,O,Florida International,florida international,Willie Simmons,2025,36.5,Underdog,L,O
2025,2025-12-27T16:00:00.000Z,Blake Harrell,East Carolina,East Carolina,Pittsburgh,Home,23,17,-5.5,0.5,W,40.5,40,-0.5,U,3,7,5.5,1.5,W,27.5,10,-17.5,U,20,10,7.0,17.0,W,22.5,30,7.5,O,East Carolina,east carolina,Blake Harrell,2025,-5.5,Favorite,W,U
2025,2025-12-27T16:00:00.000Z,Pat Narduzzi,Pittsburgh,Pittsburgh,East Carolina,Away,17,23,5.5,-0.5,L,40.5,40,-0.5,U,7,3,-5.5,-1.5,L,27.5,10,-17.5,U,10,20,-7.0,-17.0,L,22.5,30,7.5,O,Pittsburgh,pittsburgh,Pat Narduzzi,2025,5.5,Underdog,L,U
2025,2025-12-27T17:00:00.000Z,Dabo Swinney,Clemson,Clemson,Penn State,Home,10,22,11.5,-0.5,L,32.5,32,-0.5,U,3,6,-0.5,-3.5,L,23.5,9,-14.5,U,7,16,0.0,-9.0,L,20.5,23,2.5,O,Clemson,clemson,Dabo Swinney,2025,11.5,Underdog,L,U
2025,2025-12-27T17:00:00.000Z,James Franklin,Virginia Tech,Penn State,Clemson,Away,22,10,-11.5,0.5,W,32.5,32,-0.5,U,6,3,0.5,3.5,W,23.5,9,-14.5,U,16,7,0.0,9.0,W,20.5,23,2.5,O,Virginia Tech,virginia tech,James Franklin,2025,-11.5,Favorite,W,U
2025,2025-12-27T19:15:00.000Z,Jeff Monken,Army,Army,Connecticut,Home,41,16,-8.0,17.0,W,41.5,57,15.5,O,14,10,-5.5,-1.5,L,20.5,24,3.5,O,27,6,-3.5,17.5,W,20.5,33,12.5,O,Army,army,Jeff Monken,2025,-8.0,Favorite,W,O
2025,2025-12-27T19:15:00.000Z,Jim Mora,Colorado State,Connecticut,Army,Away,16,41,8.0,-17.0,L,41.5,57,15.5,O,10,14,5.5,1.5,W,20.5,24,3.5,O,6,27,3.5,-17.5,L,20.5,33,12.5,O,Colorado State,colorado state,Jim Mora,2025,8.0,Underdog,L,O
2025,2025-12-27T20:30:00.000Z,Kalani Sitake,BYU,BYU,Georgia Tech,Home,25,21,-3.5,0.5,W,54.5,46,-8.5,U,10,21,-3.5,-14.5,L,27.5,31,3.5,O,15,0,-0.5,14.5,W,27.5,15,-12.5,U,BYU,byu,Kalani Sitake,2025,-3.5,Favorite,W,U
2025,2025-12-27T20:30:00.000Z,Brent Key,Georgia Tech,Georgia Tech,BYU,Away,21,25,3.5,-0.5,L,54.5,46,-8.5,U,21,10,3.5,14.5,W,27.5,31,3.5,O,0,15,0.5,-14.5,L,27.5,15,-12.5,U,Georgia Tech,georgia tech,Brent Key,2025,3.5,Underdog,L,U
2025,2025-12-27T21:30:00.000Z,Matt Entz,Fresno State,Fresno State,Miami Ohio,Home,18,3,-14.5,0.5,W,24.5,21,-3.5,U,9,3,-3.0,3.0,W,20.5,12,-8.5,U,9,0,-0.5,8.5,W,20.0,9,-11.0,U,Fresno State,fresno state,Matt Entz,2025,-14.5,Favorite,W,U
2025,2025-12-27T21:30:00.000Z,Chuck Martin,Miami-OH,Miami-OH,Fresno St.,Away,3,18,14.5,-0.5,L,24.5,21,-3.5,U,3,9,3.0,-3.0,L,20.5,12,-8.5,U,0,9,0.5,-8.5,L,20.0,9,-11.0,U,Miami-OH,miami-oh,Chuck Martin,2025,14.5,Underdog,L,U
2025,2025-12-27T22:45:00.000Z,Sean Lewis,San Diego State,San Diego State,North Texas,Home,47,49,2.5,0.5,W,54.5,96,41.5,O,20,28,5.5,-2.5,L,26.5,48,21.5,O,27,21,3.5,9.5,W,27.5,48,20.5,O,San Diego State,san diego state,Sean Lewis,2025,2.5,Underdog,W,O
2025,2025-12-27T22:45:00.000Z,Eric Morris,Oklahoma State,North Texas,San Diego St.,Away,49,47,-2.5,-0.5,L,54.5,96,41.5,O,28,20,-5.5,2.5,W,26.5,48,21.5,O,21,27,-3.5,-9.5,L,27.5,48,20.5,O,Oklahoma State,oklahoma state,Eric Morris,2025,-2.5,Favorite,L,O
2025,2025-12-28T00:30:00.000Z,Eli Drinkwitz,Missouri,Missouri,Virginia,Home,7,13,5.5,-0.5,L,43.5,20,-23.5,U,7,3,-3.5,0.5,W,21.5,10,-11.5,U,0,10,-1.5,-11.5,L,21.5,10,-11.5,U,Missouri,missouri,Eli Drinkwitz,2025,5.5,Underdog,L,U
2025,2025-12-28T00:30:00.000Z,Tony Elliott,Virginia,Virginia,Missouri,Away,13,7,-5.5,0.5,W,43.5,20,-23.5,U,3,7,3.5,-0.5,L,21.5,10,-11.5,U,10,0,1.5,11.5,W,21.5,10,-11.5,U,Virginia,virginia,Tony Elliott,2025,-5.5,Favorite,W,U
2025,2025-12-28T02:15:00.000Z,Willie Fritz,Houston,Houston,LSU Tigers,Home,38,35,-2.5,0.5,W,43.5,73,29.5,O,21,14,-0.5,6.5,W,21.5,35,13.5,O,17,21,0.0,-4.0,L,21.5,38,16.5,O,Houston,houston,Willie Fritz,2025,-2.5,Favorite,W,O
2025,2025-12-29T19:00:00.000Z,Dowell Loggains,Appalachian State,Appalachian State,Georgia Southern,Home,10,29,14.5,-4.5,L,39.5,39,-0.5,U,7,13,6.5,0.5,W,29.0,20,-9.0,U,3,16,6.5,-6.5,L,28.5,19,-9.5,U,Appalachian State,appalachian state,Dowell Loggains,2025,14.5,Underdog,L,U
2025,2025-12-29T19:00:00.000Z,Clay Helton,Georgia Southern,Georgia Southern,Appalachian St.,Away,29,10,-14.5,4.5,W,39.5,39,-0.5,U,13,7,-6.5,-0.5,L,29.0,20,-9.0,U,16,3,-6.5,6.5,W,28.5,19,-9.5,U,Georgia Southern,georgia southern,Clay Helton,2025,-14.5,Favorite,W,U
2025,2025-12-30T19:00:00.000Z,Sonny Cumbie,Louisiana Tech,Louisiana Tech,Coastal Carolina,Home,23,14,-6.5,2.5,W,34.5,37,2.5,O,3,14,-6.0,-17.0,L,24.5,17,-7.5,U,20,0,-4.0,16.0,W,24.0,20,-4.0,U,Louisiana Tech,louisiana tech,Sonny Cumbie,2025,-6.5,Favorite,W,O
2025,2025-12-30T22:30:00.000Z,Bret Bielema,Illinois,Illinois,Tennessee,Home,30,28,-1.5,0.5,W,60.5,58,-2.5,U,10,7,1.5,4.5,W,31.0,17,-14.0,U,20,21,0.5,-0.5,L,29.5,41,11.5,O,Illinois,illinois,Bret Bielema,2025,-1.5,Favorite,W,U
2025,2025-12-30T22:30:00.000Z,Josh Heupel,Tennessee,Tennessee,Illinois,Away,28,30,1.5,-0.5,L,60.5,58,-2.5,U,7,10,-1.5,-4.5,L,31.0,17,-14.0,U,21,20,-0.5,0.5,W,29.5,41,11.5,O,Tennessee,tennessee,Josh Heupel,2025,1.5,Underdog,L,U
2025,2025-12-31T02:00:00.000Z,Sonny Dykes,TCU,TCU,USC,Home,30,27,5.0,8.0,W,57.0,57,0.0,P,14,13,4.5,5.5,W,27.5,27,-0.5,U,16,14,0.5,2.5,W,27.5,30,2.5,O,TCU,tcu,Sonny Dykes,2025,5.0,Underdog,W,P
2025,2025-12-31T02:00:00.000Z,Lincoln Riley,USC,USC,TCU,Away,27,30,-5.0,-8.0,L,57.0,57,0.0,P,13,14,-4.5,-5.5,L,27.5,27,-0.5,U,14,16,-0.5,-2.5,L,27.5,30,2.5,O,USC,usc,Lincoln Riley,2025,-5.0,Favorite,L,P
2025,2025-12-31T17:00:00.000Z,Clark Lea,Vanderbilt,Vanderbilt,Iowa,Home,27,34,6.5,-0.5,L,61.5,61,-0.5,U,3,14,-2.0,-13.0,L,23.0,17,-6.0,U,24,20,-4.5,-0.5,L,23.5,44,20.5,O,Vanderbilt,vanderbilt,Clark Lea,2025,6.5,Underdog,L,U
2025,2025-12-31T17:00:00.000Z,Kirk Ferentz,Iowa,Iowa,Vanderbilt,Away,34,27,-6.5,0.5,W,61.5,61,-0.5,U,14,3,2.0,13.0,W,23.0,17,-6.0,U,20,24,4.5,0.5,W,23.5,44,20.5,O,Iowa,iowa,Kirk Ferentz,2025,-6.5,Favorite,W,U
2025,2025-12-31T19:00:00.000Z,Manny Diaz,Duke,Duke,Arizona St.,Home,42,39,-2.5,0.5,W,49.0,81,32.0,O,28,24,-3.5,0.5,W,23.5,52,28.5,O,14,15,-1.5,-2.5,L,24.5,29,4.5,O,Duke,duke,Manny Diaz,2025,-2.5,Favorite,W,O
2025,2025-12-31T19:00:00.000Z,Kenny Dillingham,Arizona State,Arizona State,Duke,Away,39,42,2.5,-0.5,L,49.0,81,32.0,O,24,28,3.5,-0.5,L,23.5,52,28.5,O,15,14,1.5,2.5,W,24.5,29,4.5,O,Arizona State,arizona state,Kenny Dillingham,2025,2.5,Underdog,L,O
2025,2025-12-31T20:00:00.000Z,Steve Sarkisian,Texas,Texas,Michigan,Home,41,27,-13.5,0.5,W,50.5,68,17.5,O,17,17,-3.0,-3.0,L,24.0,34,10.0,O,24,10,-3.0,11.0,W,27.0,34,7.0,O,Texas,texas,Steve Sarkisian,2025,-13.5,Favorite,W,O
2025,2025-12-31T20:30:00.000Z,Kyle Whittingham,Michigan,Utah,Nebraska,Home,44,22,-23.5,-1.5,L,51.5,66,14.5,O,24,14,-7.5,2.5,W,26.5,38,11.5,O,20,8,-7.0,5.0,W,27.0,28,1.0,O,Michigan,michigan,Kyle Whittingham,2025,-23.5,Favorite,L,O
2025,2025-12-31T20:30:00.000Z,Matt Rhule,Nebraska,Nebraska,Utah,Away,22,44,23.5,1.5,W,51.5,66,14.5,O,14,24,7.5,-2.5,L,26.5,38,11.5,O,8,20,7.0,-5.0,L,27.0,28,1.0,O,Nebraska,nebraska,Matt Rhule,2025,23.5,Underdog,W,O
2025,2026-01-01T00:30:00.000Z,Ryan Day,Ohio State,Ohio State,Miami Hurricanes,Home,14,24,7.5,-2.5,L,40.0,38,-2.0,U,0,14,-4.5,-18.5,L,20.5,14,-6.5,U,14,10,-7.5,-3.5,L,19.5,24,4.5,O,Ohio State,ohio state,Ryan Day,2025,7.5,Underdog,L,U
2025,2026-01-01T00:30:00.000Z,Mario Cristobal,Miami-FL,Miami-FL,Ohio State,Away,24,14,-7.5,2.5,W,40.0,38,-2.0,U,14,0,4.5,18.5,W,20.5,14,-6.5,U,10,14,7.5,3.5,W,19.5,24,4.5,O,Miami-FL,miami-fl,Mario Cristobal,2025,-7.5,Favorite,W,U
2025,2026-01-01T17:00:00.000Z,Joey McGuire,Texas Tech,Texas Tech,Oregon,Home,0,23,22.5,-0.5,L,50.5,23,-27.5,U,0,6,0.0,-6.0,L,24.0,6,-18.0,U,0,17,0.5,-16.5,L,26.5,17,-9.5,U,Texas Tech,texas tech,Joey McGuire,2025,22.5,Underdog,L,U
2025,2026-01-01T17:00:00.000Z,Dan Lanning,Oregon,Oregon,Texas Tech,Away,23,0,-22.5,0.5,W,50.5,23,-27.5,U,6,0,0.0,6.0,W,24.0,6,-18.0,U,17,0,-0.5,16.5,W,26.5,17,-9.5,U,Oregon,oregon,Dan Lanning,2025,-22.5,Favorite,W,U
2025,2026-01-01T21:00:00.000Z,Curt Cignetti,Indiana,Indiana,Alabama,Home,38,3,-34.5,0.5,W,47.0,41,-6.0,U,17,0,-5.5,11.5,W,23.5,17,-6.5,U,21,3,-2.5,15.5,W,23.5,24,0.5,O,Indiana,indiana,Curt Cignetti,2025,-34.5,Favorite,W,U
2025,2026-01-01T21:00:00.000Z,Kalen DeBoer,Alabama,Alabama,Indiana,Away,3,38,34.5,-0.5,L,47.0,41,-6.0,U,0,17,5.5,-11.5,L,23.5,17,-6.5,U,3,21,2.5,-15.5,L,23.5,24,0.5,O,Alabama,alabama,Kalen DeBoer,2025,34.5,Underdog,L,U
2025,2026-01-02T01:00:00.000Z,Kirby Smart,Georgia,Georgia,Ole Miss,Home,34,39,2.5,-2.5,L,71.5,73,1.5,O,21,12,-3.5,5.5,W,26.5,33,6.5,O,13,27,-1.5,-15.5,L,27.0,40,13.0,O,Georgia,georgia,Kirby Smart,2025,2.5,Underdog,L,O
2025,2026-01-02T01:00:00.000Z,Lane Kiffin,LSU,Ole Miss,Georgia,Away,39,34,-2.5,2.5,W,71.5,73,1.5,O,12,21,3.5,-5.5,L,26.5,33,6.5,O,27,13,1.5,15.5,W,27.0,40,13.0,O,LSU,lsu,Lane Kiffin,2025,-2.5,Favorite,W,O
2025,2026-01-02T18:00:00.000Z,Scott Abell,Rice,Rice,Texas State,Away,10,41,31.5,0.5,W,55.5,51,-4.5,U,7,10,10.0,7.0,W,29.5,17,-12.5,U,3,31,10.0,-18.0,L,25.5,34,8.5,O,Rice,rice,Scott Abell,2025,31.5,Underdog,W,U
2025,2026-01-02T21:30:00.000Z,Scott Satterfield,Cincinnati,Cincinnati,Navy,Home,13,35,22.5,0.5,W,41.5,48,6.5,O,7,14,4.5,-2.5,L,29.5,21,-8.5,U,6,21,3.5,-11.5,L,24.0,27,3.0,O,Cincinnati,cincinnati,Scott Satterfield,2025,22.5,Underdog,W,O
2025,2026-01-02T21:30:00.000Z,Brian Newberry,Navy,Navy,Cincinnati,Away,35,13,-22.5,-0.5,L,41.5,48,6.5,O,14,7,-4.5,2.5,W,29.5,21,-8.5,U,21,6,-3.5,11.5,W,24.0,27,3.0,O,Navy,navy,Brian Newberry,2025,-22.5,Favorite,L,O
2025,2026-01-03T01:00:00.000Z,Rhett Lashlee,SMU,SMU,Arizona,Home,24,19,-11.5,-6.5,L,42.5,43,0.5,O,24,0,0.5,24.5,W,25.5,24,-1.5,U,0,19,-0.5,-19.5,L,27.5,19,-8.5,U,SMU,smu,Rhett Lashlee,2025,-11.5,Favorite,L,O
2025,2026-01-03T01:00:00.000Z,Brent Brennan,Arizona,Arizona,SMU,Away,19,24,11.5,6.5,W,42.5,43,0.5,O,0,24,-0.5,-24.5,L,25.5,24,-1.5,U,19,0,0.5,19.5,W,27.5,19,-8.5,U,Arizona,arizona,Brent Brennan,2025,11.5,Underdog,W,O
2025,2026-01-03T01:00:00.000Z,Jeff Lebby,Mississippi State,Mississippi State,Wake Forest,Home,29,43,13.5,-0.5,L,52.0,72,20.0,O,9,15,-1.5,-7.5,L,24.5,24,-0.5,U,20,28,-2.5,-10.5,L,24.5,48,23.5,O,Mississippi State,mississippi state,Jeff Lebby,2025,13.5,Underdog,L,O
2025,2026-01-03T01:00:00.000Z,Jake Dickert,Wake Forest,Wake Forest,Mississippi St.,Away,43,29,-13.5,0.5,W,52.0,72,20.0,O,15,9,1.5,7.5,W,24.5,24,-0.5,U,28,20,2.5,10.5,W,24.5,48,23.5,O,Wake Forest,wake forest,Jake Dickert,2025,-13.5,Favorite,W,O
2025,2026-01-09T00:30:00.000Z,Lane Kiffin,LSU,Ole Miss,Miami Hurricanes,Home,27,31,2.5,-1.5,L,49.5,58,8.5,O,13,17,1.5,-2.5,L,23.5,30,6.5,O,14,14,1.0,1.0,W,26.5,28,1.5,O,LSU,lsu,Lane Kiffin,2025,2.5,Underdog,L,O
2025,2026-01-09T00:30:00.000Z,Mario Cristobal,Miami-FL,Miami-FL,Ole Miss,Away,31,27,-2.5,1.5,W,49.5,58,8.5,O,17,13,-1.5,2.5,W,23.5,30,6.5,O,14,14,-1.0,-1.0,L,26.5,28,1.5,O,Miami-FL,miami-fl,Mario Cristobal,2025,-2.5,Favorite,W,O
2025,2026-01-10T00:30:00.000Z,Curt Cignetti,Indiana,Indiana,Oregon,Home,56,22,-34.5,-0.5,L,71.5,78,6.5,O,35,7,-1.5,26.5,W,34.5,42,7.5,O,21,15,-1.5,4.5,W,25.5,36,10.5,O,Indiana,indiana,Curt Cignetti,2025,-34.5,Favorite,L,O
2025,2026-01-10T00:30:00.000Z,Dan Lanning,Oregon,Oregon,Indiana,Away,22,56,34.5,0.5,W,71.5,78,6.5,O,7,35,1.5,-26.5,L,34.5,42,7.5,O,15,21,1.5,-4.5,L,25.5,36,10.5,O,Oregon,oregon,Dan Lanning,2025,34.5,Underdog,W,O
2025,2026-01-20T00:30:00.000Z,Curt Cignetti,Indiana,Indiana,Miami Hurricanes,Home,27,21,-5.5,0.5,W,48.5,48,-0.5,U,10,0,-3.5,6.5,W,22.5,10,-12.5,U,17,21,-4.5,-8.5,L,23.5,38,14.5,O,Indiana,indiana,Curt Cignetti,2025,-5.5,Favorite,W,U
2025,2026-01-20T00:30:00.000Z,Mario Cristobal,Miami-FL,Miami-FL,Indiana,Away,21,27,5.5,-0.5,L,48.5,48,-0.5,U,0,10,3.5,-6.5,L,22.5,10,-12.5,U,21,17,4.5,8.5,W,23.5,38,14.5,O,Miami-FL,miami-fl,Mario Cristobal,2025,5.5,Underdog,L,U
