season,week,date,game_id,team,opponent,role,spread,ats_result,ats_margin,team_clv,overall_rp_edge,off_vs_def_rp_edge,def_vs_off_rp_edge,overall_rp_edge_bucket,team_conference,opponent_conference,team_tier,opponent_tier,conference_matchup_type,team_changed_conference,opponent_changed_conference,team_previous_conference,opponent_previous_conference,team_years_since_move,opponent_years_since_move,off_vs_def_rp_edge_bucket,def_vs_off_rp_edge_bucket,early_season,rp_edge_bucket,spread_bucket,rp_edge_side
2023,1,2023-09-01T00:00:00.000Z,401520176,Utah,Florida,Favorite,-6.3,W,6.7,,22.0,30.0,14.0,15_to_25,,,,,,,,,,,,25_plus,5_to_15,True,15_to_25,fav_3_7,team_has_rp_edge
2023,1,2023-09-02T16:00:00.000Z,401520172,Louisiana Tech,SMU,Underdog,20.125,L,-3.875,,20.0,14.0,25.0,15_to_25,Conference USA,American,G6,G6,G6_vs_G6,False,False,Conference USA,American,,,5_to_15,25_plus,True,15_to_25,dog_14_plus,team_has_rp_edge
2023,1,2023-09-02T16:00:00.000Z,401520162,Michigan,East Carolina,Favorite,-35.4,L,-8.399999999999999,,47.0,45.0,48.0,25_plus,Big Ten,American,P4,G6,P4_vs_G6,False,False,Big Ten,American,,,25_plus,25_plus,True,25_plus,fav_14_plus,team_has_rp_edge
2023,1,2023-09-02T19:30:00.000Z,401520180,Wisconsin,Buffalo,Favorite,-27.0,L,-6.0,,19.0,26.0,11.0,15_to_25,Big Ten,MAC,P4,G6,P4_vs_G6,False,False,Big Ten,MAC,,,25_plus,5_to_15,True,15_to_25,fav_14_plus,team_has_rp_edge
2023,1,2023-09-02T22:30:00.000Z,401523996,USC,Nevada,Favorite,-37.875,W,14.125,,23.0,21.0,25.0,15_to_25,,,,,,,,,,,,15_to_25,25_plus,True,15_to_25,fav_14_plus,team_has_rp_edge
2023,1,2023-09-03T16:00:00.000Z,401520171,Rutgers,Northwestern,Favorite,-6.1,W,10.9,,17.0,7.0,26.0,15_to_25,Big Ten,Big Ten,P4,P4,P4_vs_P4,False,False,Big Ten,Big Ten,,,5_to_15,25_plus,True,15_to_25,fav_3_7,team_has_rp_edge
2023,2,2023-09-09T16:00:00.000Z,401523999,Utah,Baylor,Favorite,-7.0,P,0.0,,21.0,32.0,9.0,15_to_25,,,,,,,,,,,,25_plus,5_to_15,True,15_to_25,fav_3_7,team_has_rp_edge
2023,2,2023-09-09T19:30:00.000Z,401525497,Syracuse,Western Michigan,Favorite,-24.666666666666668,W,16.333333333333332,,24.0,42.0,5.0,15_to_25,ACC,MAC,P4,G6,P4_vs_G6,False,False,ACC,MAC,,,25_plus,5_to_15,True,15_to_25,fav_14_plus,team_has_rp_edge
2023,2,2023-09-09T21:00:00.000Z,401524004,Washington,Tulsa,Favorite,-33.666666666666664,L,-0.6666666666666643,,33.0,36.0,32.0,25_plus,,,,,,,,,,,,25_plus,25_plus,True,25_plus,fav_14_plus,team_has_rp_edge
2023,2,2023-09-09T23:00:00.000Z,401520183,Texas,Alabama,Underdog,7.166666666666667,W,17.166666666666668,,34.0,47.0,20.0,25_plus,Big 12,SEC,P4,P4,P4_vs_P4,False,False,Big 12,SEC,,,25_plus,15_to_25,True,25_plus,dog_3_7,team_has_rp_edge
2023,2,2023-09-10T02:30:00.000Z,401524003,USC,Stanford,Favorite,-28.666666666666668,W,17.333333333333332,,41.0,39.0,44.0,25_plus,,,,,,,,,,,,25_plus,25_plus,True,25_plus,fav_14_plus,team_has_rp_edge
2023,3,2023-09-16T19:30:00.000Z,401520223,Duke,Northwestern,Favorite,-17.0,W,7.0,,15.0,16.0,14.0,15_to_25,ACC,Big Ten,P4,P4,P4_vs_P4,False,False,ACC,Big Ten,,,15_to_25,5_to_15,True,15_to_25,fav_14_plus,team_has_rp_edge
2023,3,2023-09-16T20:00:00.000Z,401520245,Texas A&M,UL Monroe,Favorite,-36.5,W,7.5,,28.0,16.0,38.0,25_plus,SEC,Sun Belt,P4,G6,P4_vs_G6,False,False,SEC,Sun Belt,,,15_to_25,25_plus,True,25_plus,fav_14_plus,team_has_rp_edge
2023,3,2023-09-17T02:30:00.000Z,401525837,Kansas,Nevada,Favorite,-28.5,L,-21.5,,32.0,37.0,27.0,25_plus,Big 12,Mountain West,P4,G6,P4_vs_G6,False,False,Big 12,Mountain West,,,25_plus,25_plus,True,25_plus,fav_14_plus,team_has_rp_edge
2023,4,2023-09-23T17:30:00.000Z,401532406,Toledo,Western Michigan,Favorite,-21.5,L,-3.5,,28.0,51.0,5.0,25_plus,MAC,MAC,G6,G6,G6_vs_G6,False,False,MAC,MAC,,,25_plus,5_to_15,True,25_plus,fav_14_plus,team_has_rp_edge
2023,4,2023-09-23T19:30:00.000Z,401525506,Boston College,Louisville,Underdog,13.833333333333334,L,-14.166666666666666,,22.0,28.0,18.0,15_to_25,ACC,ACC,P4,P4,P4_vs_P4,False,False,ACC,ACC,,,25_plus,15_to_25,True,15_to_25,dog_7_14,team_has_rp_edge
2023,4,2023-09-23T19:30:00.000Z,401520250,Ole Miss,Alabama,Underdog,7.0,L,-7.0,,31.0,42.0,19.0,25_plus,SEC,SEC,P4,P4,P4_vs_P4,False,False,SEC,SEC,,,25_plus,15_to_25,True,25_plus,dog_3_7,team_has_rp_edge
2023,4,2023-09-23T20:00:00.000Z,401531423,Rice,South Florida,Favorite,-2.5,L,-15.5,,17.0,5.0,28.0,15_to_25,American,American,G6,G6,G6_vs_G6,True,False,Conference USA,American,0.0,,5_to_15,25_plus,True,15_to_25,pick_to_3,team_has_rp_edge
2023,4,2023-09-23T23:00:00.000Z,401520258,LSU,Arkansas,Favorite,-17.666666666666668,L,-14.666666666666668,,17.0,30.0,2.0,15_to_25,SEC,SEC,P4,P4,P4_vs_P4,False,False,SEC,SEC,,,25_plus,neutral,True,15_to_25,fav_14_plus,team_has_rp_edge
2023,4,2023-09-23T23:30:00.000Z,401525844,Texas,Baylor,Favorite,-16.5,W,15.5,,19.0,34.0,3.0,15_to_25,Big 12,Big 12,P4,P4,P4_vs_P4,False,False,Big 12,Big 12,,,25_plus,neutral,True,15_to_25,fav_14_plus,team_has_rp_edge
2024,1,2024-08-30T00:00:00.000Z,401640998,Jacksonville State,Coastal Carolina,Favorite,-3.5,L,-31.5,,24.0,15.0,33.0,15_to_25,Conference USA,Sun Belt,G6,G6,G6_vs_G6,False,False,Conference USA,Sun Belt,,,15_to_25,25_plus,True,15_to_25,fav_3_7,team_has_rp_edge
2024,1,2024-08-30T00:00:00.000Z,401628448,Minnesota,North Carolina,Underdog,0.3333333333333333,L,-1.6666666666666667,,34.0,32.0,37.0,25_plus,Big Ten,ACC,P4,P4,P4_vs_P4,False,False,Big Ten,ACC,,,25_plus,25_plus,True,25_plus,pick_to_3,team_has_rp_edge
2024,1,2024-08-31T19:30:00.000Z,401628454,Nebraska,UTEP,Favorite,-27.5,W,5.5,0.5,32.0,28.0,36.0,25_plus,Big Ten,Conference USA,P4,G6,P4_vs_G6,False,False,Big Ten,Conference USA,,,25_plus,25_plus,True,25_plus,fav_14_plus,team_has_rp_edge
2024,1,2024-08-31T19:30:00.000Z,401634304,Syracuse,Ohio,Favorite,-17.333333333333332,L,-1.333333333333332,,47.0,48.0,45.0,25_plus,ACC,MAC,P4,G6,P4_vs_G6,False,False,ACC,MAC,,,25_plus,25_plus,True,25_plus,fav_14_plus,team_has_rp_edge
2024,2,2024-09-07T16:00:00.000Z,401643784,Memphis,Troy,Favorite,-18.666666666666668,W,2.333333333333332,1.5,33.0,45.0,23.0,25_plus,American,Sun Belt,G6,G6,G6_vs_G6,False,False,American,Sun Belt,,,25_plus,15_to_25,True,25_plus,fav_14_plus,team_has_rp_edge
2024,2,2024-09-07T16:00:00.000Z,401628470,Penn State,Bowling Green,Favorite,-34.833333333333336,L,-27.833333333333336,3.0,22.0,29.0,14.0,15_to_25,Big Ten,MAC,P4,G6,P4_vs_G6,False,False,Big Ten,MAC,,,25_plus,5_to_15,True,15_to_25,fav_14_plus,team_has_rp_edge
2024,2,2024-09-07T16:00:00.000Z,401628347,Texas,Michigan,Favorite,-6.666666666666667,W,12.333333333333332,-1.0,34.0,27.0,42.0,25_plus,SEC,Big Ten,P4,P4,P4_vs_P4,True,False,Big 12,Big Ten,0.0,,25_plus,25_plus,True,25_plus,fav_3_7,team_has_rp_edge
2024,2,2024-09-07T23:00:00.000Z,401628335,South Florida,Alabama,Underdog,31.666666666666668,W,5.666666666666668,0.5,28.0,54.0,2.0,25_plus,American,SEC,G6,P4,G6_vs_P4,False,False,American,SEC,,,25_plus,neutral,True,25_plus,dog_14_plus,team_has_rp_edge
2024,3,2024-09-14T16:00:00.000Z,401628350,Wisconsin,Alabama,Underdog,15.166666666666666,L,-16.833333333333336,-6.0,27.0,37.0,15.0,25_plus,Big Ten,SEC,P4,P4,P4_vs_P4,False,False,Big Ten,SEC,,,25_plus,15_to_25,True,25_plus,dog_14_plus,team_has_rp_edge
2024,3,2024-09-14T19:30:00.000Z,401628483,Oregon,Oregon State,Favorite,-17.666666666666668,W,17.333333333333332,-2.5,29.0,42.0,16.0,25_plus,,,,,,,,,,,,25_plus,15_to_25,True,25_plus,fav_14_plus,team_has_rp_edge
2024,3,2024-09-14T20:00:00.000Z,401628477,Iowa,Troy,Favorite,-23.333333333333332,L,-6.333333333333332,0.0,33.0,51.0,16.0,25_plus,Big Ten,Sun Belt,P4,G6,P4_vs_G6,False,False,Big Ten,Sun Belt,,,25_plus,15_to_25,True,25_plus,fav_14_plus,team_has_rp_edge
2024,3,2024-09-14T23:00:00.000Z,401628361,Texas,UTSA,Favorite,-35.5,W,13.5,0.0,25.0,35.0,15.0,25_plus,SEC,American,P4,G6,P4_vs_G6,True,False,Big 12,American,0.0,,25_plus,15_to_25,True,25_plus,fav_14_plus,team_has_rp_edge
2024,3,2024-09-14T23:00:00.000Z,401640999,Jacksonville State,Eastern Michigan,Favorite,-1.0,L,-4.0,0.0,23.0,14.0,32.0,15_to_25,Conference USA,MAC,G6,G6,G6_vs_G6,False,False,Conference USA,MAC,,,5_to_15,25_plus,True,15_to_25,pick_to_3,team_has_rp_edge
2024,3,2024-09-14T23:30:00.000Z,401636866,TCU,UCF,Favorite,-2.1666666666666665,L,-3.1666666666666665,4.5,22.0,3.0,40.0,15_to_25,Big 12,Big 12,P4,P4,P4_vs_P4,False,False,Big 12,Big 12,,,neutral,25_plus,True,15_to_25,pick_to_3,team_has_rp_edge
2024,3,2024-09-15T00:00:00.000Z,401628478,Virginia,Maryland,Favorite,-1.1666666666666667,L,-15.166666666666666,0.0,31.0,34.0,28.0,25_plus,ACC,Big Ten,P4,P4,P4_vs_P4,False,False,ACC,Big Ten,,,25_plus,25_plus,True,25_plus,pick_to_3,team_has_rp_edge
2024,3,2024-09-15T02:30:00.000Z,401635541,California,San Diego State,Favorite,-18.666666666666668,W,2.333333333333332,0.0,27.0,36.0,17.0,25_plus,ACC,Mountain West,P4,G6,P4_vs_G6,True,False,Pac-12,Mountain West,0.0,,25_plus,15_to_25,True,25_plus,fav_14_plus,team_has_rp_edge
2024,4,2024-09-21T16:00:00.000Z,401643791,Louisiana,Tulane,Underdog,1.5,L,-6.5,,23.0,20.0,26.0,15_to_25,Sun Belt,American,G6,G6,G6_vs_G6,False,False,Sun Belt,American,,,15_to_25,25_plus,True,15_to_25,pick_to_3,team_has_rp_edge
2024,4,2024-09-21T16:00:00.000Z,401645328,Rice,Army,Underdog,7.333333333333333,L,-15.666666666666668,,26.0,25.0,26.0,25_plus,American,American,G6,G6,G6_vs_G6,False,True,American,Independent,,0.0,25_plus,25_plus,True,25_plus,dog_3_7,team_has_rp_edge
2024,4,2024-09-21T18:00:00.000Z,401635558,Virginia,Coastal Carolina,Favorite,-3.5,W,15.5,0.5,31.0,39.0,24.0,25_plus,ACC,Sun Belt,P4,G6,P4_vs_G6,False,False,ACC,Sun Belt,,,25_plus,15_to_25,True,25_plus,fav_3_7,team_has_rp_edge
2024,4,2024-09-21T23:00:00.000Z,401628491,Northwestern,Washington,Underdog,11.833333333333334,L,-7.166666666666666,-1.5,40.0,12.0,69.0,25_plus,Big Ten,Big Ten,P4,P4,P4_vs_P4,False,True,Big Ten,Pac-12,,0.0,5_to_15,25_plus,True,25_plus,dog_7_14,team_has_rp_edge
2024,4,2024-09-21T23:30:00.000Z,401628372,Texas A&M,Bowling Green,Favorite,-21.166666666666668,L,-15.166666666666668,-2.0,24.0,32.0,15.0,15_to_25,SEC,MAC,P4,G6,P4_vs_G6,False,False,SEC,MAC,,,25_plus,15_to_25,True,15_to_25,fav_14_plus,team_has_rp_edge
2024,4,2024-09-22T00:00:00.000Z,401628371,Texas,UL Monroe,Favorite,-43.0,W,5.0,-3.5,30.0,33.0,27.0,25_plus,SEC,Sun Belt,P4,G6,P4_vs_G6,True,False,Big 12,Sun Belt,0.0,,25_plus,25_plus,True,25_plus,fav_14_plus,team_has_rp_edge
2025,1,2025-08-29T01:00:00.000Z,401762791,Wisconsin,Miami (OH),Favorite,-18.0,L,-1.0,0.5,32.0,18.0,47.0,25_plus,Big Ten,MAC,P4,G6,P4_vs_G6,False,False,Big Ten,MAC,,,15_to_25,25_plus,True,25_plus,fav_14_plus,team_has_rp_edge
2025,1,2025-08-30T23:30:00.000Z,401752808,Michigan,New Mexico,Favorite,-35.166666666666664,L,-18.166666666666664,0.0,37.0,38.0,35.0,25_plus,Big Ten,Mountain West,P4,G6,P4_vs_G6,False,False,Big Ten,Mountain West,,,25_plus,25_plus,True,25_plus,fav_14_plus,team_has_rp_edge
2025,2,2025-09-06T16:00:00.000Z,401757227,Liberty,Jacksonville State,Favorite,-6.25,L,-16.25,1.0,38.0,42.0,35.0,25_plus,Conference USA,Conference USA,G6,G6,G6_vs_G6,False,False,Conference USA,Conference USA,,,25_plus,25_plus,True,25_plus,fav_3_7,team_has_rp_edge
2025,2,2025-09-06T19:30:00.000Z,401752818,Rutgers,Miami (OH),Favorite,-15.5,W,12.5,2.0,39.0,31.0,47.0,25_plus,Big Ten,MAC,P4,G6,P4_vs_G6,False,False,Big Ten,MAC,,,25_plus,25_plus,True,25_plus,fav_14_plus,team_has_rp_edge
2025,2,2025-09-06T19:30:00.000Z,401756880,Cincinnati,Bowling Green,Favorite,-22.0,L,-8.0,4.5,30.0,35.0,26.0,25_plus,Big 12,MAC,P4,G6,P4_vs_G6,False,False,Big 12,MAC,,,25_plus,25_plus,True,25_plus,fav_14_plus,team_has_rp_edge
2025,2,2025-09-06T23:00:00.000Z,401756884,Houston,Rice,Favorite,-13.5,W,12.5,1.0,26.0,18.0,32.0,25_plus,Big 12,American,P4,G6,P4_vs_G6,False,False,Big 12,American,,,15_to_25,25_plus,True,25_plus,fav_7_14,team_has_rp_edge
2025,3,2025-09-13T16:00:00.000Z,401761608,Troy,Memphis,Underdog,4.5,L,-16.5,,27.0,31.0,23.0,25_plus,Sun Belt,American,G6,G6,G6_vs_G6,False,False,Sun Belt,American,,,25_plus,15_to_25,True,25_plus,dog_3_7,team_has_rp_edge
2025,3,2025-09-13T21:00:00.000Z,401757256,Liberty,Bowling Green,Favorite,-6.0,L,-16.0,-1.0,28.0,31.0,27.0,25_plus,Conference USA,MAC,G6,G6,G6_vs_G6,False,False,Conference USA,MAC,,,25_plus,25_plus,True,25_plus,fav_3_7,team_has_rp_edge
2025,3,2025-09-13T23:00:00.000Z,401752829,Illinois,Western Michigan,Favorite,-27.5,W,10.5,-1.0,39.0,29.0,51.0,25_plus,Big Ten,MAC,P4,G6,P4_vs_G6,False,False,Big Ten,MAC,,,25_plus,25_plus,True,25_plus,fav_14_plus,team_has_rp_edge
2023,1,2023-08-26T23:00:00.000Z,401532392,Ohio,San Diego State,Underdog,2.9,L,-4.1,,-4.0,38.0,-45.0,neutral,MAC,Mountain West,G6,G6,G6_vs_G6,False,False,MAC,Mountain West,,,25_plus,minus_25,True,neutral,pick_to_3,opponent_has_rp_edge
2023,1,2023-09-02T16:00:00.000Z,401520162,Michigan,East Carolina,Favorite,-35.4,L,-8.399999999999999,,47.0,45.0,48.0,25_plus,Big Ten,American,P4,G6,P4_vs_G6,False,False,Big Ten,American,,,25_plus,25_plus,True,25_plus,fav_14_plus,team_has_rp_edge
2023,1,2023-09-02T18:00:00.000Z,401531387,Temple,Akron,Favorite,-9.875,L,-6.875,,14.0,31.0,-2.0,5_to_15,American,MAC,G6,G6,G6_vs_G6,False,False,American,MAC,,,25_plus,neutral,True,5_to_15,fav_7_14,team_has_rp_edge
2023,1,2023-09-02T19:30:00.000Z,401520180,Wisconsin,Buffalo,Favorite,-27.0,L,-6.0,,19.0,26.0,11.0,15_to_25,Big Ten,MAC,P4,G6,P4_vs_G6,False,False,Big Ten,MAC,,,25_plus,5_to_15,True,15_to_25,fav_14_plus,team_has_rp_edge
2023,1,2023-09-02T23:00:00.000Z,401525819,Houston,UTSA,Underdog,1.5,W,4.5,,8.0,29.0,-13.0,5_to_15,Big 12,American,P4,G6,P4_vs_G6,True,True,American,Conference USA,0.0,0.0,25_plus,minus_5_to_15,True,5_to_15,pick_to_3,team_has_rp_edge
2023,1,2023-09-02T23:00:00.000Z,401520173,Texas A&M,New Mexico,Favorite,-37.875,W,4.125,,16.0,33.0,-1.0,15_to_25,SEC,Mountain West,P4,G6,P4_vs_G6,False,False,SEC,Mountain West,,,25_plus,neutral,True,15_to_25,fav_14_plus,team_has_rp_edge
2023,2,2023-09-09T16:00:00.000Z,401523999,Utah,Baylor,Favorite,-7.0,P,0.0,,21.0,32.0,9.0,15_to_25,,,,,,,,,,,,25_plus,5_to_15,True,15_to_25,fav_3_7,team_has_rp_edge
2023,2,2023-09-09T22:00:00.000Z,401520198,New Mexico State,Liberty,Underdog,9.333333333333334,L,-6.666666666666666,,9.0,30.0,-12.0,5_to_15,Conference USA,Conference USA,G6,G6,G6_vs_G6,True,True,Independent,Independent,0.0,0.0,25_plus,minus_5_to_15,True,5_to_15,dog_7_14,team_has_rp_edge
2023,2,2023-09-09T22:00:00.000Z,401531842,Louisiana,Old Dominion,Favorite,-6.0,L,-13.0,,9.0,32.0,-15.0,5_to_15,Sun Belt,Sun Belt,G6,G6,G6_vs_G6,False,False,Sun Belt,Sun Belt,,,25_plus,minus_15_to_25,True,5_to_15,fav_3_7,team_has_rp_edge
2023,2,2023-09-09T23:00:00.000Z,401520183,Texas,Alabama,Underdog,7.166666666666667,W,17.166666666666668,,34.0,47.0,20.0,25_plus,Big 12,SEC,P4,P4,P4_vs_P4,False,False,Big 12,SEC,,,25_plus,15_to_25,True,25_plus,dog_3_7,team_has_rp_edge
2023,2,2023-09-09T23:30:00.000Z,401520217,Wisconsin,Washington State,Favorite,-5.333333333333333,L,-14.333333333333332,,10.0,25.0,-5.0,5_to_15,,,,,,,,,,,,25_plus,minus_5_to_15,True,5_to_15,fav_3_7,team_has_rp_edge
2023,2,2023-09-10T02:30:00.000Z,401524003,USC,Stanford,Favorite,-28.666666666666668,W,17.333333333333332,,41.0,39.0,44.0,25_plus,,,,,,,,,,,,25_plus,25_plus,True,25_plus,fav_14_plus,team_has_rp_edge
2023,3,2023-09-16T19:30:00.000Z,401524009,Oregon State,San Diego State,Favorite,-24.5,L,-7.5,,9.0,38.0,-19.0,5_to_15,,,,,,,,,,,,25_plus,minus_15_to_25,True,5_to_15,fav_14_plus,team_has_rp_edge
2023,3,2023-09-16T23:00:00.000Z,401531379,Louisiana,UAB,Underdog,2.0,W,22.0,,27.0,36.0,18.0,25_plus,Sun Belt,American,G6,G6,G6_vs_G6,False,True,Sun Belt,Conference USA,,0.0,25_plus,15_to_25,True,25_plus,pick_to_3,team_has_rp_edge
2023,4,2023-09-23T02:30:00.000Z,401532583,Boise State,San Diego State,Favorite,-5.833333333333333,L,-2.833333333333333,,11.0,38.0,-16.0,5_to_15,Mountain West,Mountain West,G6,G6,G6_vs_G6,False,False,Mountain West,Mountain West,,,25_plus,minus_15_to_25,True,5_to_15,fav_3_7,team_has_rp_edge
2023,4,2023-09-23T17:30:00.000Z,401532406,Toledo,Western Michigan,Favorite,-21.5,L,-3.5,,28.0,51.0,5.0,25_plus,MAC,MAC,G6,G6,G6_vs_G6,False,False,MAC,MAC,,,25_plus,5_to_15,True,25_plus,fav_14_plus,team_has_rp_edge
2023,4,2023-09-23T19:30:00.000Z,401525506,Boston College,Louisville,Underdog,13.833333333333334,L,-14.166666666666666,,22.0,28.0,18.0,15_to_25,ACC,ACC,P4,P4,P4_vs_P4,False,False,ACC,ACC,,,25_plus,15_to_25,True,15_to_25,dog_7_14,team_has_rp_edge
2023,4,2023-09-23T19:30:00.000Z,401520250,Ole Miss,Alabama,Underdog,7.0,L,-7.0,,31.0,42.0,19.0,25_plus,SEC,SEC,P4,P4,P4_vs_P4,False,False,SEC,SEC,,,25_plus,15_to_25,True,25_plus,dog_3_7,team_has_rp_edge
2023,4,2023-09-23T23:00:00.000Z,401524019,Oregon State,Washington State,Favorite,-3.0,L,-6.0,,3.0,28.0,-21.0,neutral,,,,,,,,,,,,25_plus,minus_15_to_25,True,neutral,pick_to_3,team_has_rp_edge
2023,4,2023-09-23T23:00:00.000Z,401520258,LSU,Arkansas,Favorite,-17.666666666666668,L,-14.666666666666668,,17.0,30.0,2.0,15_to_25,SEC,SEC,P4,P4,P4_vs_P4,False,False,SEC,SEC,,,25_plus,neutral,True,15_to_25,fav_14_plus,team_has_rp_edge
2023,4,2023-09-23T23:30:00.000Z,401531875,Louisiana,Buffalo,Favorite,-10.333333333333334,L,-3.333333333333334,,13.0,29.0,-3.0,5_to_15,Sun Belt,MAC,G6,G6,G6_vs_G6,False,False,Sun Belt,MAC,,,25_plus,neutral,True,5_to_15,fav_7_14,team_has_rp_edge
2023,4,2023-09-23T23:30:00.000Z,401525844,Texas,Baylor,Favorite,-16.5,W,15.5,,19.0,34.0,3.0,15_to_25,Big 12,Big 12,P4,P4,P4_vs_P4,False,False,Big 12,Big 12,,,25_plus,neutral,True,15_to_25,fav_14_plus,team_has_rp_edge
2023,4,2023-09-24T03:59:00.000Z,401520253,New Mexico State,Hawai'i,Underdog,3.6666666666666665,W,0.6666666666666665,,17.0,28.0,6.0,15_to_25,Conference USA,Mountain West,G6,G6,G6_vs_G6,True,False,Independent,Mountain West,0.0,,25_plus,5_to_15,True,15_to_25,dog_3_7,team_has_rp_edge
2024,1,2024-08-31T16:00:00.000Z,401628323,Georgia,Clemson,Favorite,-11.666666666666666,W,19.333333333333336,,1.0,27.0,-24.0,neutral,SEC,ACC,P4,P4,P4_vs_P4,False,False,SEC,ACC,,,25_plus,minus_15_to_25,True,neutral,fav_7_14,team_has_rp_edge
2024,1,2024-08-31T19:30:00.000Z,401628454,Nebraska,UTEP,Favorite,-27.5,W,5.5,0.5,32.0,28.0,36.0,25_plus,Big Ten,Conference USA,P4,G6,P4_vs_G6,False,False,Big Ten,Conference USA,,,25_plus,25_plus,True,25_plus,fav_14_plus,team_has_rp_edge
2024,1,2024-08-31T19:30:00.000Z,401634304,Syracuse,Ohio,Favorite,-17.333333333333332,L,-1.333333333333332,,47.0,48.0,45.0,25_plus,ACC,MAC,P4,G6,P4_vs_G6,False,False,ACC,MAC,,,25_plus,25_plus,True,25_plus,fav_14_plus,team_has_rp_edge
2024,2,2024-09-07T16:00:00.000Z,401643784,Memphis,Troy,Favorite,-18.666666666666668,W,2.333333333333332,1.5,33.0,45.0,23.0,25_plus,American,Sun Belt,G6,G6,G6_vs_G6,False,False,American,Sun Belt,,,25_plus,15_to_25,True,25_plus,fav_14_plus,team_has_rp_edge
2024,2,2024-09-07T16:00:00.000Z,401628470,Penn State,Bowling Green,Favorite,-34.833333333333336,L,-27.833333333333336,3.0,22.0,29.0,14.0,15_to_25,Big Ten,MAC,P4,G6,P4_vs_G6,False,False,Big Ten,MAC,,,25_plus,5_to_15,True,15_to_25,fav_14_plus,team_has_rp_edge
2024,2,2024-09-07T16:00:00.000Z,401628347,Texas,Michigan,Favorite,-6.666666666666667,W,12.333333333333332,-1.0,34.0,27.0,42.0,25_plus,SEC,Big Ten,P4,P4,P4_vs_P4,True,False,Big 12,Big Ten,0.0,,25_plus,25_plus,True,25_plus,fav_3_7,team_has_rp_edge
2024,2,2024-09-07T16:00:00.000Z,401635534,Syracuse,Georgia Tech,Underdog,2.8333333333333335,W,5.833333333333334,-0.5,8.0,32.0,-16.0,5_to_15,ACC,ACC,P4,P4,P4_vs_P4,False,False,ACC,ACC,,,25_plus,minus_15_to_25,True,5_to_15,pick_to_3,team_has_rp_edge
2024,2,2024-09-07T23:00:00.000Z,401628335,South Florida,Alabama,Underdog,31.666666666666668,W,5.666666666666668,0.5,28.0,54.0,2.0,25_plus,American,SEC,G6,P4,G6_vs_P4,False,False,American,SEC,,,25_plus,neutral,True,25_plus,dog_14_plus,team_has_rp_edge
2024,2,2024-09-07T23:00:00.000Z,401628344,Missouri,Buffalo,Favorite,-33.666666666666664,W,4.333333333333336,-2.0,39.0,51.0,27.0,25_plus,SEC,MAC,P4,G6,P4_vs_G6,False,False,SEC,MAC,,,25_plus,25_plus,True,25_plus,fav_14_plus,team_has_rp_edge
2024,2,2024-09-07T23:00:00.000Z,401643780,UAB,UL Monroe,Favorite,-11.5,L,-37.5,-0.5,26.0,40.0,13.0,25_plus,American,Sun Belt,G6,G6,G6_vs_G6,False,False,American,Sun Belt,,,25_plus,5_to_15,True,25_plus,fav_7_14,team_has_rp_edge
2024,3,2024-09-14T20:00:00.000Z,401628477,Iowa,Troy,Favorite,-23.333333333333332,L,-6.333333333333332,0.0,33.0,51.0,16.0,25_plus,Big Ten,Sun Belt,P4,G6,P4_vs_G6,False,False,Big Ten,Sun Belt,,,25_plus,15_to_25,True,25_plus,fav_14_plus,team_has_rp_edge
2024,3,2024-09-14T20:15:00.000Z,401628351,UAB,Arkansas,Underdog,23.666666666666668,W,13.666666666666668,0.0,20.0,40.0,2.0,15_to_25,American,SEC,G6,P4,G6_vs_P4,False,False,American,SEC,,,25_plus,neutral,True,15_to_25,dog_14_plus,team_has_rp_edge
2024,3,2024-09-14T23:00:00.000Z,401628361,Texas,UTSA,Favorite,-35.5,W,13.5,0.0,25.0,35.0,15.0,25_plus,SEC,American,P4,G6,P4_vs_G6,True,False,Big 12,American,0.0,,25_plus,15_to_25,True,25_plus,fav_14_plus,team_has_rp_edge
2024,3,2024-09-15T00:00:00.000Z,401628478,Virginia,Maryland,Favorite,-1.1666666666666667,L,-15.166666666666666,0.0,31.0,34.0,28.0,25_plus,ACC,Big Ten,P4,P4,P4_vs_P4,False,False,ACC,Big Ten,,,25_plus,25_plus,True,25_plus,pick_to_3,team_has_rp_edge
2024,3,2024-09-15T02:30:00.000Z,401635541,California,San Diego State,Favorite,-18.666666666666668,W,2.333333333333332,0.0,27.0,36.0,17.0,25_plus,ACC,Mountain West,P4,G6,P4_vs_G6,True,False,Pac-12,Mountain West,0.0,,25_plus,15_to_25,True,25_plus,fav_14_plus,team_has_rp_edge
2024,4,2024-09-21T18:00:00.000Z,401635558,Virginia,Coastal Carolina,Favorite,-3.5,W,15.5,0.5,31.0,39.0,24.0,25_plus,ACC,Sun Belt,P4,G6,P4_vs_G6,False,False,ACC,Sun Belt,,,25_plus,15_to_25,True,25_plus,fav_3_7,team_has_rp_edge
2024,4,2024-09-21T19:30:00.000Z,401628363,Auburn,Arkansas,Favorite,-2.5,L,-12.5,-1.0,19.0,33.0,5.0,15_to_25,SEC,SEC,P4,P4,P4_vs_P4,False,False,SEC,SEC,,,25_plus,5_to_15,True,15_to_25,pick_to_3,team_has_rp_edge
2024,4,2024-09-21T23:30:00.000Z,401628372,Texas A&M,Bowling Green,Favorite,-21.166666666666668,L,-15.166666666666668,-2.0,24.0,32.0,15.0,15_to_25,SEC,MAC,P4,G6,P4_vs_G6,False,False,SEC,MAC,,,25_plus,15_to_25,True,15_to_25,fav_14_plus,team_has_rp_edge
2024,4,2024-09-22T00:00:00.000Z,401628371,Texas,UL Monroe,Favorite,-43.0,W,5.0,-3.5,30.0,33.0,27.0,25_plus,SEC,Sun Belt,P4,G6,P4_vs_G6,True,False,Big 12,Sun Belt,0.0,,25_plus,25_plus,True,25_plus,fav_14_plus,team_has_rp_edge
2025,1,2025-08-28T23:00:00.000Z,401762789,Wyoming,Akron,Favorite,-6.0,W,4.0,-4.5,15.0,41.0,-12.0,15_to_25,Mountain West,MAC,G6,G6,G6_vs_G6,False,False,Mountain West,MAC,,,25_plus,minus_5_to_15,True,15_to_25,fav_3_7,team_has_rp_edge
2025,1,2025-08-30T19:30:00.000Z,401752807,Penn State,Nevada,Favorite,-44.166666666666664,L,-9.166666666666664,0.0,34.0,46.0,20.0,25_plus,Big Ten,Mountain West,P4,G6,P4_vs_G6,False,False,Big Ten,Mountain West,,,25_plus,15_to_25,True,25_plus,fav_14_plus,team_has_rp_edge
2025,1,2025-08-31T03:00:00.000Z,401752800,Utah,UCLA,Favorite,-6.5,W,26.5,3.5,18.0,39.0,-2.0,15_to_25,Big 12,Big Ten,P4,P4,P4_vs_P4,False,False,Big 12,Big Ten,,,25_plus,neutral,True,15_to_25,fav_3_7,team_has_rp_edge
2025,2,2025-09-06T19:30:00.000Z,401762458,Navy,UAB,Favorite,-21.5,L,-7.5,1.0,24.0,33.0,14.0,15_to_25,American,American,G6,G6,G6_vs_G6,False,False,American,American,,,25_plus,5_to_15,True,15_to_25,fav_14_plus,team_has_rp_edge
2025,2,2025-09-06T23:00:00.000Z,401757232,Toledo,Western Kentucky,Favorite,-8.0,W,16.0,1.0,26.0,42.0,10.0,25_plus,MAC,Conference USA,G6,G6,G6_vs_G6,False,False,MAC,Conference USA,,,25_plus,5_to_15,True,25_plus,fav_7_14,team_has_rp_edge
2025,2,2025-09-06T23:30:00.000Z,401752810,Nebraska,Akron,Favorite,-33.75,W,34.25,0.0,11.0,30.0,-7.0,5_to_15,Big Ten,MAC,P4,G6,P4_vs_G6,False,False,Big Ten,MAC,,,25_plus,minus_5_to_15,True,5_to_15,fav_14_plus,team_has_rp_edge
2025,3,2025-09-13T16:00:00.000Z,401752703,Oklahoma,Temple,Favorite,-23.833333333333332,W,15.166666666666668,-1.0,18.0,35.0,1.0,15_to_25,SEC,American,P4,G6,P4_vs_G6,False,False,SEC,American,,,25_plus,neutral,True,15_to_25,fav_14_plus,team_has_rp_edge
2025,3,2025-09-13T23:30:00.000Z,401757257,New Mexico State,Louisiana Tech,Underdog,10.166666666666666,L,-24.833333333333336,2.0,17.0,24.0,11.0,15_to_25,Conference USA,Conference USA,G6,G6,G6_vs_G6,False,False,Conference USA,Conference USA,,,15_to_25,5_to_15,True,15_to_25,dog_7_14,team_has_rp_edge
2025,4,2025-09-20T23:00:00.000Z,401760372,Boise State,Air Force,Favorite,-11.0,W,1.0,3.0,13.0,32.0,-4.0,5_to_15,Mountain West,Mountain West,G6,G6,G6_vs_G6,False,False,Mountain West,Mountain West,,,25_plus,neutral,True,5_to_15,fav_7_14,team_has_rp_edge
2025,4,2025-09-20T23:30:00.000Z,401757263,Southern Miss,Louisiana Tech,Underdog,3.1666666666666665,L,-6.833333333333334,-1.0,7.0,28.0,-13.0,5_to_15,Sun Belt,Conference USA,G6,G6,G6_vs_G6,False,False,Sun Belt,Conference USA,,,25_plus,minus_5_to_15,True,5_to_15,pick_to_3,team_has_rp_edge
2025,4,2025-09-20T23:30:00.000Z,401756898,BYU,East Carolina,Favorite,-6.166666666666667,W,14.833333333333332,-2.0,17.0,38.0,-4.0,15_to_25,Big 12,American,P4,G6,P4_vs_G6,False,False,Big 12,American,,,25_plus,neutral,True,15_to_25,fav_3_7,team_has_rp_edge
2023,1,2023-09-02T16:00:00.000Z,401520172,Louisiana Tech,SMU,Underdog,20.125,L,-3.875,,20.0,14.0,25.0,15_to_25,Conference USA,American,G6,G6,G6_vs_G6,False,False,Conference USA,American,,,5_to_15,25_plus,True,15_to_25,dog_14_plus,team_has_rp_edge
2023,1,2023-09-02T16:00:00.000Z,401520162,Michigan,East Carolina,Favorite,-35.4,L,-8.399999999999999,,47.0,45.0,48.0,25_plus,Big Ten,American,P4,G6,P4_vs_G6,False,False,Big Ten,American,,,25_plus,25_plus,True,25_plus,fav_14_plus,team_has_rp_edge
2023,1,2023-09-02T22:30:00.000Z,401523996,USC,Nevada,Favorite,-37.875,W,14.125,,23.0,21.0,25.0,15_to_25,,,,,,,,,,,,15_to_25,25_plus,True,15_to_25,fav_14_plus,team_has_rp_edge
2023,1,2023-09-02T23:30:00.000Z,401520149,Middle Tennessee,Alabama,Underdog,39.375,L,-9.625,,29.0,14.0,43.0,25_plus,Conference USA,SEC,G6,P4,G6_vs_P4,False,False,Conference USA,SEC,,,5_to_15,25_plus,True,25_plus,dog_14_plus,team_has_rp_edge
2023,2,2023-09-09T16:00:00.000Z,401525498,James Madison,Virginia,Favorite,-6.0,L,-5.0,,18.0,-4.0,41.0,15_to_25,Sun Belt,ACC,G6,P4,G6_vs_P4,False,False,Sun Belt,ACC,,,neutral,25_plus,True,15_to_25,fav_3_7,team_has_rp_edge
2023,2,2023-09-09T21:00:00.000Z,401524004,Washington,Tulsa,Favorite,-33.666666666666664,L,-0.6666666666666643,,33.0,36.0,32.0,25_plus,,,,,,,,,,,,25_plus,25_plus,True,25_plus,fav_14_plus,team_has_rp_edge
2023,2,2023-09-09T23:00:00.000Z,401520206,Missouri,Middle Tennessee,Favorite,-21.0,L,-17.0,,9.0,-9.0,28.0,5_to_15,SEC,Conference USA,P4,G6,P4_vs_G6,False,False,SEC,Conference USA,,,minus_5_to_15,25_plus,True,5_to_15,fav_14_plus,team_has_rp_edge
2023,2,2023-09-10T00:00:00.000Z,401520211,Sam Houston,Air Force,Underdog,13.166666666666666,W,3.166666666666666,,12.0,-2.0,28.0,5_to_15,Conference USA,Mountain West,G6,G6,G6_vs_G6,False,False,,Mountain West,,,neutral,25_plus,True,5_to_15,dog_7_14,team_has_rp_edge
2023,2,2023-09-10T02:30:00.000Z,401524003,USC,Stanford,Favorite,-28.666666666666668,W,17.333333333333332,,41.0,39.0,44.0,25_plus,,,,,,,,,,,,25_plus,25_plus,True,25_plus,fav_14_plus,team_has_rp_edge
2023,3,2023-09-16T20:00:00.000Z,401520245,Texas A&M,UL Monroe,Favorite,-36.5,W,7.5,,28.0,16.0,38.0,25_plus,SEC,Sun Belt,P4,G6,P4_vs_G6,False,False,SEC,Sun Belt,,,15_to_25,25_plus,True,25_plus,fav_14_plus,team_has_rp_edge
2023,3,2023-09-16T23:00:00.000Z,401525835,Miami (OH),Cincinnati,Underdog,14.25,W,21.25,,23.0,12.0,34.0,15_to_25,MAC,Big 12,G6,P4,G6_vs_P4,False,True,MAC,American,,0.0,5_to_15,25_plus,True,15_to_25,dog_7_14,team_has_rp_edge
2023,3,2023-09-17T02:30:00.000Z,401525837,Kansas,Nevada,Favorite,-28.5,L,-21.5,,32.0,37.0,27.0,25_plus,Big 12,Mountain West,P4,G6,P4_vs_G6,False,False,Big 12,Mountain West,,,25_plus,25_plus,True,25_plus,fav_14_plus,team_has_rp_edge
2023,4,2023-09-23T20:00:00.000Z,401531423,Rice,South Florida,Favorite,-2.5,L,-15.5,,17.0,5.0,28.0,15_to_25,American,American,G6,G6,G6_vs_G6,True,False,Conference USA,American,0.0,,5_to_15,25_plus,True,15_to_25,pick_to_3,team_has_rp_edge
2023,4,2023-09-23T21:00:00.000Z,401531876,South Alabama,Central Michigan,Favorite,-16.166666666666668,L,-20.166666666666668,,11.0,-9.0,31.0,5_to_15,Sun Belt,MAC,G6,G6,G6_vs_G6,False,False,Sun Belt,MAC,,,minus_5_to_15,25_plus,True,5_to_15,fav_14_plus,team_has_rp_edge
2024,1,2024-08-30T00:00:00.000Z,401640998,Jacksonville State,Coastal Carolina,Favorite,-3.5,L,-31.5,,24.0,15.0,33.0,15_to_25,Conference USA,Sun Belt,G6,G6,G6_vs_G6,False,False,Conference USA,Sun Belt,,,15_to_25,25_plus,True,15_to_25,fav_3_7,team_has_rp_edge
2024,1,2024-08-30T00:00:00.000Z,401628448,Minnesota,North Carolina,Underdog,0.3333333333333333,L,-1.6666666666666667,,34.0,32.0,37.0,25_plus,Big Ten,ACC,P4,P4,P4_vs_P4,False,False,Big Ten,ACC,,,25_plus,25_plus,True,25_plus,pick_to_3,team_has_rp_edge
2024,1,2024-08-30T23:00:00.000Z,401628328,Oklahoma,Temple,Favorite,-43.0,W,5.0,,8.0,-18.0,33.0,5_to_15,SEC,American,P4,G6,P4_vs_G6,True,False,Big 12,American,0.0,,minus_15_to_25,25_plus,True,5_to_15,fav_14_plus,team_has_rp_edge
2024,1,2024-08-31T19:30:00.000Z,401628454,Nebraska,UTEP,Favorite,-27.5,W,5.5,0.5,32.0,28.0,36.0,25_plus,Big Ten,Conference USA,P4,G6,P4_vs_G6,False,False,Big Ten,Conference USA,,,25_plus,25_plus,True,25_plus,fav_14_plus,team_has_rp_edge
2024,1,2024-08-31T19:30:00.000Z,401634304,Syracuse,Ohio,Favorite,-17.333333333333332,L,-1.333333333333332,,47.0,48.0,45.0,25_plus,ACC,MAC,P4,G6,P4_vs_G6,False,False,ACC,MAC,,,25_plus,25_plus,True,25_plus,fav_14_plus,team_has_rp_edge
2024,2,2024-09-07T16:00:00.000Z,401628471,Rutgers,Akron,Favorite,-24.5,W,7.5,1.5,21.0,6.0,36.0,15_to_25,Big Ten,MAC,P4,G6,P4_vs_G6,False,False,Big Ten,MAC,,,5_to_15,25_plus,True,15_to_25,fav_14_plus,team_has_rp_edge
2024,2,2024-09-07T19:30:00.000Z,401645324,Navy,Temple,Favorite,-12.166666666666666,W,14.833333333333334,0.5,14.0,1.0,27.0,5_to_15,American,American,G6,G6,G6_vs_G6,False,False,American,American,,,neutral,25_plus,True,5_to_15,fav_7_14,team_has_rp_edge
2024,2,2024-09-08T02:00:00.000Z,401628469,Oregon,Boise State,Favorite,-18.833333333333332,L,-15.833333333333332,0.0,10.0,-3.0,24.0,5_to_15,Big Ten,Mountain West,P4,G6,P4_vs_G6,True,False,Pac-12,Mountain West,0.0,,neutral,15_to_25,True,5_to_15,fav_14_plus,team_has_rp_edge
2024,3,2024-09-14T19:30:00.000Z,401628358,Oklahoma,Tulane,Favorite,-13.333333333333334,W,1.666666666666666,0.0,12.0,-9.0,32.0,5_to_15,SEC,American,P4,G6,P4_vs_G6,True,False,Big 12,American,0.0,,minus_5_to_15,25_plus,True,5_to_15,fav_7_14,team_has_rp_edge
2024,3,2024-09-14T23:00:00.000Z,401640999,Jacksonville State,Eastern Michigan,Favorite,-1.0,L,-4.0,0.0,23.0,14.0,32.0,15_to_25,Conference USA,MAC,G6,G6,G6_vs_G6,False,False,Conference USA,MAC,,,5_to_15,25_plus,True,15_to_25,pick_to_3,team_has_rp_edge
2024,3,2024-09-14T23:30:00.000Z,401636866,TCU,UCF,Favorite,-2.1666666666666665,L,-3.1666666666666665,4.5,22.0,3.0,40.0,15_to_25,Big 12,Big 12,P4,P4,P4_vs_P4,False,False,Big 12,Big 12,,,neutral,25_plus,True,15_to_25,pick_to_3,team_has_rp_edge
2024,3,2024-09-15T00:00:00.000Z,401628478,Virginia,Maryland,Favorite,-1.1666666666666667,L,-15.166666666666666,0.0,31.0,34.0,28.0,25_plus,ACC,Big Ten,P4,P4,P4_vs_P4,False,False,ACC,Big Ten,,,25_plus,25_plus,True,25_plus,pick_to_3,team_has_rp_edge
2024,4,2024-09-21T16:00:00.000Z,401643791,Louisiana,Tulane,Underdog,1.5,L,-6.5,,23.0,20.0,26.0,15_to_25,Sun Belt,American,G6,G6,G6_vs_G6,False,False,Sun Belt,American,,,15_to_25,25_plus,True,15_to_25,pick_to_3,team_has_rp_edge
2024,4,2024-09-21T18:00:00.000Z,401635558,Virginia,Coastal Carolina,Favorite,-3.5,W,15.5,0.5,31.0,39.0,24.0,25_plus,ACC,Sun Belt,P4,G6,P4_vs_G6,False,False,ACC,Sun Belt,,,25_plus,15_to_25,True,25_plus,fav_3_7,team_has_rp_edge
2024,4,2024-09-21T19:00:00.000Z,401641000,Jacksonville State,Southern Miss,Favorite,-6.166666666666667,W,30.833333333333332,0.0,13.0,-2.0,28.0,5_to_15,Conference USA,Sun Belt,G6,G6,G6_vs_G6,False,False,Conference USA,Sun Belt,,,neutral,25_plus,True,5_to_15,fav_3_7,team_has_rp_edge
2024,4,2024-09-21T23:00:00.000Z,401628491,Northwestern,Washington,Underdog,11.833333333333334,L,-7.166666666666666,-1.5,40.0,12.0,69.0,25_plus,Big Ten,Big Ten,P4,P4,P4_vs_P4,False,True,Big Ten,Pac-12,,0.0,5_to_15,25_plus,True,25_plus,dog_7_14,team_has_rp_edge
2024,4,2024-09-21T23:00:00.000Z,401643716,Wyoming,North Texas,Underdog,7.0,L,-20.0,2.0,8.0,-9.0,25.0,5_to_15,Mountain West,American,G6,G6,G6_vs_G6,False,False,Mountain West,American,,,minus_5_to_15,25_plus,True,5_to_15,dog_3_7,team_has_rp_edge
2024,4,2024-09-21T23:30:00.000Z,401628369,Oklahoma,Tennessee,Underdog,6.0,L,-4.0,2.0,10.0,-14.0,33.0,5_to_15,SEC,SEC,P4,P4,P4_vs_P4,True,False,Big 12,SEC,0.0,,minus_5_to_15,25_plus,True,5_to_15,dog_3_7,team_has_rp_edge
2025,1,2025-08-29T00:00:00.000Z,401752793,Minnesota,Buffalo,Favorite,-17.166666666666668,L,-4.166666666666668,0.0,5.0,-23.0,32.0,5_to_15,Big Ten,MAC,P4,G6,P4_vs_G6,False,False,Big Ten,MAC,,,minus_15_to_25,25_plus,True,5_to_15,fav_14_plus,team_has_rp_edge
2025,1,2025-08-30T16:00:00.000Z,401752676,Tennessee,Syracuse,Favorite,-13.5,W,5.5,-1.0,8.0,-13.0,30.0,5_to_15,SEC,ACC,P4,P4,P4_vs_P4,False,False,SEC,ACC,,,minus_5_to_15,25_plus,True,5_to_15,fav_7_14,team_has_rp_edge
2025,1,2025-08-30T23:30:00.000Z,401752808,Michigan,New Mexico,Favorite,-35.166666666666664,L,-18.166666666666664,0.0,37.0,38.0,35.0,25_plus,Big Ten,Mountain West,P4,G6,P4_vs_G6,False,False,Big Ten,Mountain West,,,25_plus,25_plus,True,25_plus,fav_14_plus,team_has_rp_edge
2025,2,2025-09-06T16:00:00.000Z,401757227,Liberty,Jacksonville State,Favorite,-6.25,L,-16.25,1.0,38.0,42.0,35.0,25_plus,Conference USA,Conference USA,G6,G6,G6_vs_G6,False,False,Conference USA,Conference USA,,,25_plus,25_plus,True,25_plus,fav_3_7,team_has_rp_edge
2025,2,2025-09-06T19:30:00.000Z,401762461,North Texas,Western Michigan,Favorite,-12.25,L,-9.25,2.0,16.0,-6.0,40.0,15_to_25,American,MAC,G6,G6,G6_vs_G6,False,False,American,MAC,,,minus_5_to_15,25_plus,True,15_to_25,fav_7_14,team_has_rp_edge
2025,2,2025-09-07T02:15:00.000Z,401752948,San Diego State,Washington State,Underdog,2.25,L,-20.75,-1.0,25.0,7.0,43.0,25_plus,,,,,,,,,,,,5_to_15,25_plus,True,25_plus,pick_to_3,team_has_rp_edge
2025,3,2025-09-13T17:00:00.000Z,401752702,Missouri,Louisiana,Favorite,-27.5,W,14.5,5.0,19.0,3.0,35.0,15_to_25,SEC,Sun Belt,P4,G6,P4_vs_G6,False,False,SEC,Sun Belt,,,neutral,25_plus,True,15_to_25,fav_14_plus,team_has_rp_edge
2025,3,2025-09-13T19:30:00.000Z,401752705,Tennessee,Georgia,Underdog,3.5,W,0.5,3.0,13.0,1.0,26.0,5_to_15,SEC,SEC,P4,P4,P4_vs_P4,False,False,SEC,SEC,,,neutral,25_plus,True,5_to_15,dog_3_7,team_has_rp_edge
2025,3,2025-09-13T19:30:00.000Z,401752949,North Texas,Washington State,Favorite,-6.5,W,42.5,1.0,26.0,17.0,35.0,25_plus,,,,,,,,,,,,15_to_25,25_plus,True,25_plus,fav_3_7,team_has_rp_edge
2025,3,2025-09-13T23:00:00.000Z,401752829,Illinois,Western Michigan,Favorite,-27.5,W,10.5,-1.0,39.0,29.0,51.0,25_plus,Big Ten,MAC,P4,G6,P4_vs_G6,False,False,Big Ten,MAC,,,25_plus,25_plus,True,25_plus,fav_14_plus,team_has_rp_edge
2025,4,2025-09-20T16:00:00.000Z,401762469,Army,North Texas,Underdog,2.5,L,-4.5,-1.5,-2.0,-30.0,24.0,neutral,American,American,G6,G6,G6_vs_G6,False,False,American,American,,,minus_25,15_to_25,True,neutral,pick_to_3,opponent_has_rp_edge
2025,4,2025-09-20T16:00:00.000Z,401762469,North Texas,Army,Favorite,-2.5,W,4.5,1.5,2.0,-24.0,30.0,neutral,American,American,G6,G6,G6_vs_G6,False,False,American,American,,,minus_15_to_25,25_plus,True,neutral,pick_to_3,team_has_rp_edge
2025,4,2025-09-20T16:00:00.000Z,401754537,Clemson,Syracuse,Favorite,-17.5,L,-30.5,1.0,31.0,24.0,38.0,25_plus,ACC,ACC,P4,P4,P4_vs_P4,False,False,ACC,ACC,,,15_to_25,25_plus,True,25_plus,fav_14_plus,team_has_rp_edge
2025,4,2025-09-20T16:45:00.000Z,401752715,Tennessee,UAB,Favorite,-39.0,L,-7.0,1.0,19.0,9.0,29.0,15_to_25,SEC,American,P4,G6,P4_vs_G6,False,False,SEC,American,,,5_to_15,25_plus,True,15_to_25,fav_14_plus,team_has_rp_edge
2025,4,2025-09-20T19:00:00.000Z,401752841,Oregon State,Oregon,Underdog,34.0,P,0.0,0.0,19.0,11.0,25.0,15_to_25,,,,,,,,,,,,5_to_15,25_plus,True,15_to_25,dog_14_plus,team_has_rp_edge
2025,4,2025-09-20T19:30:00.000Z,401752848,Notre Dame,Purdue,Favorite,-24.5,W,1.5,-2.0,25.0,12.0,39.0,25_plus,Independent,Big Ten,Independent,P4,Other,False,False,Independent,Big Ten,,,5_to_15,25_plus,True,25_plus,fav_14_plus,team_has_rp_edge
2025,4,2025-09-20T19:30:00.000Z,401761613,Troy,Buffalo,Underdog,5.833333333333333,W,9.833333333333332,0.0,9.0,-9.0,27.0,5_to_15,Sun Belt,MAC,G6,G6,G6_vs_G6,False,False,Sun Belt,MAC,,,minus_5_to_15,25_plus,True,5_to_15,dog_3_7,team_has_rp_edge
2023,1,2023-09-01T00:00:00.000Z,401520176,Utah,Florida,Favorite,-6.3,W,6.7,,22.0,30.0,14.0,15_to_25,,,,,,,,,,,,25_plus,5_to_15,True,15_to_25,fav_3_7,team_has_rp_edge
2023,1,2023-09-02T16:00:00.000Z,401520172,Louisiana Tech,SMU,Underdog,20.125,L,-3.875,,20.0,14.0,25.0,15_to_25,Conference USA,American,G6,G6,G6_vs_G6,False,False,Conference USA,American,,,5_to_15,25_plus,True,15_to_25,dog_14_plus,team_has_rp_edge
2023,1,2023-09-02T16:00:00.000Z,401520162,Michigan,East Carolina,Favorite,-35.4,L,-8.399999999999999,,47.0,45.0,48.0,25_plus,Big Ten,American,P4,G6,P4_vs_G6,False,False,Big Ten,American,,,25_plus,25_plus,True,25_plus,fav_14_plus,team_has_rp_edge
2023,1,2023-09-02T19:30:00.000Z,401520180,Wisconsin,Buffalo,Favorite,-27.0,L,-6.0,,19.0,26.0,11.0,15_to_25,Big Ten,MAC,P4,G6,P4_vs_G6,False,False,Big Ten,MAC,,,25_plus,5_to_15,True,15_to_25,fav_14_plus,team_has_rp_edge
2023,1,2023-09-02T22:30:00.000Z,401523996,USC,Nevada,Favorite,-37.875,W,14.125,,23.0,21.0,25.0,15_to_25,,,,,,,,,,,,15_to_25,25_plus,True,15_to_25,fav_14_plus,team_has_rp_edge
2023,1,2023-09-03T16:00:00.000Z,401520171,Rutgers,Northwestern,Favorite,-6.1,W,10.9,,17.0,7.0,26.0,15_to_25,Big Ten,Big Ten,P4,P4,P4_vs_P4,False,False,Big Ten,Big Ten,,,5_to_15,25_plus,True,15_to_25,fav_3_7,team_has_rp_edge
2023,2,2023-09-09T16:00:00.000Z,401523999,Utah,Baylor,Favorite,-7.0,P,0.0,,21.0,32.0,9.0,15_to_25,,,,,,,,,,,,25_plus,5_to_15,True,15_to_25,fav_3_7,team_has_rp_edge
2023,2,2023-09-09T16:00:00.000Z,401525498,James Madison,Virginia,Favorite,-6.0,L,-5.0,,18.0,-4.0,41.0,15_to_25,Sun Belt,ACC,G6,P4,G6_vs_P4,False,False,Sun Belt,ACC,,,neutral,25_plus,True,15_to_25,fav_3_7,team_has_rp_edge
2023,2,2023-09-09T19:30:00.000Z,401525497,Syracuse,Western Michigan,Favorite,-24.666666666666668,W,16.333333333333332,,24.0,42.0,5.0,15_to_25,ACC,MAC,P4,G6,P4_vs_G6,False,False,ACC,MAC,,,25_plus,5_to_15,True,15_to_25,fav_14_plus,team_has_rp_edge
2023,2,2023-09-09T21:00:00.000Z,401524004,Washington,Tulsa,Favorite,-33.666666666666664,L,-0.6666666666666643,,33.0,36.0,32.0,25_plus,,,,,,,,,,,,25_plus,25_plus,True,25_plus,fav_14_plus,team_has_rp_edge
2023,2,2023-09-09T23:00:00.000Z,401520183,Texas,Alabama,Underdog,7.166666666666667,W,17.166666666666668,,34.0,47.0,20.0,25_plus,Big 12,SEC,P4,P4,P4_vs_P4,False,False,Big 12,SEC,,,25_plus,15_to_25,True,25_plus,dog_3_7,team_has_rp_edge
2023,2,2023-09-10T02:30:00.000Z,401524003,USC,Stanford,Favorite,-28.666666666666668,W,17.333333333333332,,41.0,39.0,44.0,25_plus,,,,,,,,,,,,25_plus,25_plus,True,25_plus,fav_14_plus,team_has_rp_edge
2023,3,2023-09-16T19:30:00.000Z,401520223,Duke,Northwestern,Favorite,-17.0,W,7.0,,15.0,16.0,14.0,15_to_25,ACC,Big Ten,P4,P4,P4_vs_P4,False,False,ACC,Big Ten,,,15_to_25,5_to_15,True,15_to_25,fav_14_plus,team_has_rp_edge
2023,3,2023-09-16T20:00:00.000Z,401520245,Texas A&M,UL Monroe,Favorite,-36.5,W,7.5,,28.0,16.0,38.0,25_plus,SEC,Sun Belt,P4,G6,P4_vs_G6,False,False,SEC,Sun Belt,,,15_to_25,25_plus,True,25_plus,fav_14_plus,team_has_rp_edge
2023,3,2023-09-17T02:30:00.000Z,401525837,Kansas,Nevada,Favorite,-28.5,L,-21.5,,32.0,37.0,27.0,25_plus,Big 12,Mountain West,P4,G6,P4_vs_G6,False,False,Big 12,Mountain West,,,25_plus,25_plus,True,25_plus,fav_14_plus,team_has_rp_edge
2023,4,2023-09-23T17:30:00.000Z,401532406,Toledo,Western Michigan,Favorite,-21.5,L,-3.5,,28.0,51.0,5.0,25_plus,MAC,MAC,G6,G6,G6_vs_G6,False,False,MAC,MAC,,,25_plus,5_to_15,True,25_plus,fav_14_plus,team_has_rp_edge
2023,4,2023-09-23T19:30:00.000Z,401525506,Boston College,Louisville,Underdog,13.833333333333334,L,-14.166666666666666,,22.0,28.0,18.0,15_to_25,ACC,ACC,P4,P4,P4_vs_P4,False,False,ACC,ACC,,,25_plus,15_to_25,True,15_to_25,dog_7_14,team_has_rp_edge
2023,4,2023-09-23T19:30:00.000Z,401520250,Ole Miss,Alabama,Underdog,7.0,L,-7.0,,31.0,42.0,19.0,25_plus,SEC,SEC,P4,P4,P4_vs_P4,False,False,SEC,SEC,,,25_plus,15_to_25,True,25_plus,dog_3_7,team_has_rp_edge
2023,4,2023-09-23T20:00:00.000Z,401531423,Rice,South Florida,Favorite,-2.5,L,-15.5,,17.0,5.0,28.0,15_to_25,American,American,G6,G6,G6_vs_G6,True,False,Conference USA,American,0.0,,5_to_15,25_plus,True,15_to_25,pick_to_3,team_has_rp_edge
2023,4,2023-09-23T23:00:00.000Z,401520258,LSU,Arkansas,Favorite,-17.666666666666668,L,-14.666666666666668,,17.0,30.0,2.0,15_to_25,SEC,SEC,P4,P4,P4_vs_P4,False,False,SEC,SEC,,,25_plus,neutral,True,15_to_25,fav_14_plus,team_has_rp_edge
2023,4,2023-09-23T23:30:00.000Z,401525844,Texas,Baylor,Favorite,-16.5,W,15.5,,19.0,34.0,3.0,15_to_25,Big 12,Big 12,P4,P4,P4_vs_P4,False,False,Big 12,Big 12,,,25_plus,neutral,True,15_to_25,fav_14_plus,team_has_rp_edge
2024,1,2024-08-30T00:00:00.000Z,401640998,Jacksonville State,Coastal Carolina,Favorite,-3.5,L,-31.5,,24.0,15.0,33.0,15_to_25,Conference USA,Sun Belt,G6,G6,G6_vs_G6,False,False,Conference USA,Sun Belt,,,15_to_25,25_plus,True,15_to_25,fav_3_7,team_has_rp_edge
2024,1,2024-08-30T00:00:00.000Z,401628448,Minnesota,North Carolina,Underdog,0.3333333333333333,L,-1.6666666666666667,,34.0,32.0,37.0,25_plus,Big Ten,ACC,P4,P4,P4_vs_P4,False,False,Big Ten,ACC,,,25_plus,25_plus,True,25_plus,pick_to_3,team_has_rp_edge
2024,1,2024-08-31T19:30:00.000Z,401628454,Nebraska,UTEP,Favorite,-27.5,W,5.5,0.5,32.0,28.0,36.0,25_plus,Big Ten,Conference USA,P4,G6,P4_vs_G6,False,False,Big Ten,Conference USA,,,25_plus,25_plus,True,25_plus,fav_14_plus,team_has_rp_edge
2024,1,2024-08-31T19:30:00.000Z,401634304,Syracuse,Ohio,Favorite,-17.333333333333332,L,-1.333333333333332,,47.0,48.0,45.0,25_plus,ACC,MAC,P4,G6,P4_vs_G6,False,False,ACC,MAC,,,25_plus,25_plus,True,25_plus,fav_14_plus,team_has_rp_edge
2024,2,2024-09-07T16:00:00.000Z,401643784,Memphis,Troy,Favorite,-18.666666666666668,W,2.333333333333332,1.5,33.0,45.0,23.0,25_plus,American,Sun Belt,G6,G6,G6_vs_G6,False,False,American,Sun Belt,,,25_plus,15_to_25,True,25_plus,fav_14_plus,team_has_rp_edge
2024,2,2024-09-07T16:00:00.000Z,401628470,Penn State,Bowling Green,Favorite,-34.833333333333336,L,-27.833333333333336,3.0,22.0,29.0,14.0,15_to_25,Big Ten,MAC,P4,G6,P4_vs_G6,False,False,Big Ten,MAC,,,25_plus,5_to_15,True,15_to_25,fav_14_plus,team_has_rp_edge
2024,2,2024-09-07T16:00:00.000Z,401628471,Rutgers,Akron,Favorite,-24.5,W,7.5,1.5,21.0,6.0,36.0,15_to_25,Big Ten,MAC,P4,G6,P4_vs_G6,False,False,Big Ten,MAC,,,5_to_15,25_plus,True,15_to_25,fav_14_plus,team_has_rp_edge
2024,2,2024-09-07T16:00:00.000Z,401628347,Texas,Michigan,Favorite,-6.666666666666667,W,12.333333333333332,-1.0,34.0,27.0,42.0,25_plus,SEC,Big Ten,P4,P4,P4_vs_P4,True,False,Big 12,Big Ten,0.0,,25_plus,25_plus,True,25_plus,fav_3_7,team_has_rp_edge
2024,2,2024-09-07T19:30:00.000Z,401645324,Navy,Temple,Favorite,-12.166666666666666,W,14.833333333333334,0.5,14.0,1.0,27.0,5_to_15,American,American,G6,G6,G6_vs_G6,False,False,American,American,,,neutral,25_plus,True,5_to_15,fav_7_14,team_has_rp_edge
2024,2,2024-09-07T23:00:00.000Z,401628335,South Florida,Alabama,Underdog,31.666666666666668,W,5.666666666666668,0.5,28.0,54.0,2.0,25_plus,American,SEC,G6,P4,G6_vs_P4,False,False,American,SEC,,,25_plus,neutral,True,25_plus,dog_14_plus,team_has_rp_edge
2024,2,2024-09-07T23:00:00.000Z,401628344,Missouri,Buffalo,Favorite,-33.666666666666664,W,4.333333333333336,-2.0,39.0,51.0,27.0,25_plus,SEC,MAC,P4,G6,P4_vs_G6,False,False,SEC,MAC,,,25_plus,25_plus,True,25_plus,fav_14_plus,team_has_rp_edge
2024,3,2024-09-14T16:00:00.000Z,401628350,Wisconsin,Alabama,Underdog,15.166666666666666,L,-16.833333333333336,-6.0,27.0,37.0,15.0,25_plus,Big Ten,SEC,P4,P4,P4_vs_P4,False,False,Big Ten,SEC,,,25_plus,15_to_25,True,25_plus,dog_14_plus,team_has_rp_edge
2024,3,2024-09-14T19:30:00.000Z,401628483,Oregon,Oregon State,Favorite,-17.666666666666668,W,17.333333333333332,-2.5,29.0,42.0,16.0,25_plus,,,,,,,,,,,,25_plus,15_to_25,True,25_plus,fav_14_plus,team_has_rp_edge
2024,3,2024-09-14T20:00:00.000Z,401628477,Iowa,Troy,Favorite,-23.333333333333332,L,-6.333333333333332,0.0,33.0,51.0,16.0,25_plus,Big Ten,Sun Belt,P4,G6,P4_vs_G6,False,False,Big Ten,Sun Belt,,,25_plus,15_to_25,True,25_plus,fav_14_plus,team_has_rp_edge
2024,3,2024-09-14T23:00:00.000Z,401628361,Texas,UTSA,Favorite,-35.5,W,13.5,0.0,25.0,35.0,15.0,25_plus,SEC,American,P4,G6,P4_vs_G6,True,False,Big 12,American,0.0,,25_plus,15_to_25,True,25_plus,fav_14_plus,team_has_rp_edge
2024,3,2024-09-14T23:00:00.000Z,401640999,Jacksonville State,Eastern Michigan,Favorite,-1.0,L,-4.0,0.0,23.0,14.0,32.0,15_to_25,Conference USA,MAC,G6,G6,G6_vs_G6,False,False,Conference USA,MAC,,,5_to_15,25_plus,True,15_to_25,pick_to_3,team_has_rp_edge
2024,3,2024-09-14T23:30:00.000Z,401636866,TCU,UCF,Favorite,-2.1666666666666665,L,-3.1666666666666665,4.5,22.0,3.0,40.0,15_to_25,Big 12,Big 12,P4,P4,P4_vs_P4,False,False,Big 12,Big 12,,,neutral,25_plus,True,15_to_25,pick_to_3,team_has_rp_edge
2024,3,2024-09-15T00:00:00.000Z,401628478,Virginia,Maryland,Favorite,-1.1666666666666667,L,-15.166666666666666,0.0,31.0,34.0,28.0,25_plus,ACC,Big Ten,P4,P4,P4_vs_P4,False,False,ACC,Big Ten,,,25_plus,25_plus,True,25_plus,pick_to_3,team_has_rp_edge
2024,3,2024-09-15T02:30:00.000Z,401635541,California,San Diego State,Favorite,-18.666666666666668,W,2.333333333333332,0.0,27.0,36.0,17.0,25_plus,ACC,Mountain West,P4,G6,P4_vs_G6,True,False,Pac-12,Mountain West,0.0,,25_plus,15_to_25,True,25_plus,fav_14_plus,team_has_rp_edge
2024,4,2024-09-21T16:00:00.000Z,401643791,Louisiana,Tulane,Underdog,1.5,L,-6.5,,23.0,20.0,26.0,15_to_25,Sun Belt,American,G6,G6,G6_vs_G6,False,False,Sun Belt,American,,,15_to_25,25_plus,True,15_to_25,pick_to_3,team_has_rp_edge
2024,4,2024-09-21T16:00:00.000Z,401645328,Rice,Army,Underdog,7.333333333333333,L,-15.666666666666668,,26.0,25.0,26.0,25_plus,American,American,G6,G6,G6_vs_G6,False,True,American,Independent,,0.0,25_plus,25_plus,True,25_plus,dog_3_7,team_has_rp_edge
2024,4,2024-09-21T18:00:00.000Z,401635558,Virginia,Coastal Carolina,Favorite,-3.5,W,15.5,0.5,31.0,39.0,24.0,25_plus,ACC,Sun Belt,P4,G6,P4_vs_G6,False,False,ACC,Sun Belt,,,25_plus,15_to_25,True,25_plus,fav_3_7,team_has_rp_edge
2024,4,2024-09-21T23:00:00.000Z,401628491,Northwestern,Washington,Underdog,11.833333333333334,L,-7.166666666666666,-1.5,40.0,12.0,69.0,25_plus,Big Ten,Big Ten,P4,P4,P4_vs_P4,False,True,Big Ten,Pac-12,,0.0,5_to_15,25_plus,True,25_plus,dog_7_14,team_has_rp_edge
2024,4,2024-09-21T23:30:00.000Z,401628372,Texas A&M,Bowling Green,Favorite,-21.166666666666668,L,-15.166666666666668,-2.0,24.0,32.0,15.0,15_to_25,SEC,MAC,P4,G6,P4_vs_G6,False,False,SEC,MAC,,,25_plus,15_to_25,True,15_to_25,fav_14_plus,team_has_rp_edge
2024,4,2024-09-22T00:00:00.000Z,401628371,Texas,UL Monroe,Favorite,-43.0,W,5.0,-3.5,30.0,33.0,27.0,25_plus,SEC,Sun Belt,P4,G6,P4_vs_G6,True,False,Big 12,Sun Belt,0.0,,25_plus,25_plus,True,25_plus,fav_14_plus,team_has_rp_edge
2025,1,2025-08-29T01:00:00.000Z,401762791,Wisconsin,Miami (OH),Favorite,-18.0,L,-1.0,0.5,32.0,18.0,47.0,25_plus,Big Ten,MAC,P4,G6,P4_vs_G6,False,False,Big Ten,MAC,,,15_to_25,25_plus,True,25_plus,fav_14_plus,team_has_rp_edge
2025,1,2025-08-30T19:30:00.000Z,401752807,Penn State,Nevada,Favorite,-44.166666666666664,L,-9.166666666666664,0.0,34.0,46.0,20.0,25_plus,Big Ten,Mountain West,P4,G6,P4_vs_G6,False,False,Big Ten,Mountain West,,,25_plus,15_to_25,True,25_plus,fav_14_plus,team_has_rp_edge
2025,1,2025-08-30T23:30:00.000Z,401752808,Michigan,New Mexico,Favorite,-35.166666666666664,L,-18.166666666666664,0.0,37.0,38.0,35.0,25_plus,Big Ten,Mountain West,P4,G6,P4_vs_G6,False,False,Big Ten,Mountain West,,,25_plus,25_plus,True,25_plus,fav_14_plus,team_has_rp_edge
2025,2,2025-09-06T16:00:00.000Z,401757227,Liberty,Jacksonville State,Favorite,-6.25,L,-16.25,1.0,38.0,42.0,35.0,25_plus,Conference USA,Conference USA,G6,G6,G6_vs_G6,False,False,Conference USA,Conference USA,,,25_plus,25_plus,True,25_plus,fav_3_7,team_has_rp_edge
2025,2,2025-09-06T19:30:00.000Z,401752818,Rutgers,Miami (OH),Favorite,-15.5,W,12.5,2.0,39.0,31.0,47.0,25_plus,Big Ten,MAC,P4,G6,P4_vs_G6,False,False,Big Ten,MAC,,,25_plus,25_plus,True,25_plus,fav_14_plus,team_has_rp_edge
2025,2,2025-09-06T19:30:00.000Z,401756880,Cincinnati,Bowling Green,Favorite,-22.0,L,-8.0,4.5,30.0,35.0,26.0,25_plus,Big 12,MAC,P4,G6,P4_vs_G6,False,False,Big 12,MAC,,,25_plus,25_plus,True,25_plus,fav_14_plus,team_has_rp_edge
2025,2,2025-09-06T19:30:00.000Z,401762458,Navy,UAB,Favorite,-21.5,L,-7.5,1.0,24.0,33.0,14.0,15_to_25,American,American,G6,G6,G6_vs_G6,False,False,American,American,,,25_plus,5_to_15,True,15_to_25,fav_14_plus,team_has_rp_edge
2025,2,2025-09-06T23:00:00.000Z,401756884,Houston,Rice,Favorite,-13.5,W,12.5,1.0,26.0,18.0,32.0,25_plus,Big 12,American,P4,G6,P4_vs_G6,False,False,Big 12,American,,,15_to_25,25_plus,True,25_plus,fav_7_14,team_has_rp_edge
2025,2,2025-09-06T23:30:00.000Z,401752687,LSU,Louisiana Tech,Favorite,-36.5,L,-20.5,4.0,14.0,20.0,9.0,5_to_15,SEC,Conference USA,P4,G6,P4_vs_G6,False,False,SEC,Conference USA,,,15_to_25,5_to_15,True,5_to_15,fav_14_plus,team_has_rp_edge
2025,2,2025-09-07T01:00:00.000Z,401757229,New Mexico State,Tulsa,Underdog,3.25,W,10.25,0.0,18.0,17.0,19.0,15_to_25,Conference USA,American,G6,G6,G6_vs_G6,False,False,Conference USA,American,,,15_to_25,15_to_25,True,15_to_25,pick_to_3,team_has_rp_edge
2025,3,2025-09-13T16:00:00.000Z,401761608,Troy,Memphis,Underdog,4.5,L,-16.5,,27.0,31.0,23.0,25_plus,Sun Belt,American,G6,G6,G6_vs_G6,False,False,Sun Belt,American,,,25_plus,15_to_25,True,25_plus,dog_3_7,team_has_rp_edge
2025,3,2025-09-13T19:30:00.000Z,401754638,Pittsburgh,West Virginia,Favorite,-6.833333333333333,L,-13.833333333333332,2.5,18.0,12.0,23.0,15_to_25,ACC,Big 12,P4,P4,P4_vs_P4,False,False,ACC,Big 12,,,5_to_15,15_to_25,True,15_to_25,fav_3_7,team_has_rp_edge
2025,3,2025-09-13T21:00:00.000Z,401757256,Liberty,Bowling Green,Favorite,-6.0,L,-16.0,-1.0,28.0,31.0,27.0,25_plus,Conference USA,MAC,G6,G6,G6_vs_G6,False,False,Conference USA,MAC,,,25_plus,25_plus,True,25_plus,fav_3_7,team_has_rp_edge
2025,3,2025-09-13T23:00:00.000Z,401752829,Illinois,Western Michigan,Favorite,-27.5,W,10.5,-1.0,39.0,29.0,51.0,25_plus,Big Ten,MAC,P4,G6,P4_vs_G6,False,False,Big Ten,MAC,,,25_plus,25_plus,True,25_plus,fav_14_plus,team_has_rp_edge
2025,3,2025-09-13T23:30:00.000Z,401757257,New Mexico State,Louisiana Tech,Underdog,10.166666666666666,L,-24.833333333333336,2.0,17.0,24.0,11.0,15_to_25,Conference USA,Conference USA,G6,G6,G6_vs_G6,False,False,Conference USA,Conference USA,,,15_to_25,5_to_15,True,15_to_25,dog_7_14,team_has_rp_edge
2025,3,2025-09-14T00:00:00.000Z,401762465,Navy,Tulsa,Favorite,-13.666666666666666,W,5.333333333333334,-1.0,16.0,21.0,10.0,15_to_25,American,American,G6,G6,G6_vs_G6,False,False,American,American,,,15_to_25,5_to_15,True,15_to_25,fav_7_14,team_has_rp_edge
2025,4,2025-09-20T19:00:00.000Z,401752841,Oregon State,Oregon,Underdog,34.0,P,0.0,0.0,19.0,11.0,25.0,15_to_25,,,,,,,,,,,,5_to_15,25_plus,True,15_to_25,dog_14_plus,team_has_rp_edge
2023,1,2023-08-26T23:00:00.000Z,401532392,Ohio,San Diego State,Underdog,2.9,L,-4.1,,-4.0,38.0,-45.0,neutral,MAC,Mountain West,G6,G6,G6_vs_G6,False,False,MAC,Mountain West,,,25_plus,minus_25,True,neutral,pick_to_3,opponent_has_rp_edge
2023,1,2023-09-01T00:00:00.000Z,401520176,Utah,Florida,Favorite,-6.3,W,6.7,,22.0,30.0,14.0,15_to_25,,,,,,,,,,,,25_plus,5_to_15,True,15_to_25,fav_3_7,team_has_rp_edge
2023,1,2023-09-02T16:00:00.000Z,401520162,Michigan,East Carolina,Favorite,-35.4,L,-8.399999999999999,,47.0,45.0,48.0,25_plus,Big Ten,American,P4,G6,P4_vs_G6,False,False,Big Ten,American,,,25_plus,25_plus,True,25_plus,fav_14_plus,team_has_rp_edge
2023,1,2023-09-02T18:00:00.000Z,401531387,Temple,Akron,Favorite,-9.875,L,-6.875,,14.0,31.0,-2.0,5_to_15,American,MAC,G6,G6,G6_vs_G6,False,False,American,MAC,,,25_plus,neutral,True,5_to_15,fav_7_14,team_has_rp_edge
2023,1,2023-09-02T19:30:00.000Z,401520180,Wisconsin,Buffalo,Favorite,-27.0,L,-6.0,,19.0,26.0,11.0,15_to_25,Big Ten,MAC,P4,G6,P4_vs_G6,False,False,Big Ten,MAC,,,25_plus,5_to_15,True,15_to_25,fav_14_plus,team_has_rp_edge
2023,1,2023-09-02T23:00:00.000Z,401525819,Houston,UTSA,Underdog,1.5,W,4.5,,8.0,29.0,-13.0,5_to_15,Big 12,American,P4,G6,P4_vs_G6,True,True,American,Conference USA,0.0,0.0,25_plus,minus_5_to_15,True,5_to_15,pick_to_3,team_has_rp_edge
2023,1,2023-09-02T23:00:00.000Z,401520173,Texas A&M,New Mexico,Favorite,-37.875,W,4.125,,16.0,33.0,-1.0,15_to_25,SEC,Mountain West,P4,G6,P4_vs_G6,False,False,SEC,Mountain West,,,25_plus,neutral,True,15_to_25,fav_14_plus,team_has_rp_edge
2023,1,2023-09-02T23:30:00.000Z,401525825,Wyoming,Texas Tech,Underdog,13.6,W,15.6,,19.0,30.0,9.0,15_to_25,Mountain West,Big 12,G6,P4,G6_vs_P4,False,False,Mountain West,Big 12,,,25_plus,5_to_15,True,15_to_25,dog_7_14,team_has_rp_edge
2023,2,2023-09-09T16:00:00.000Z,401523999,Utah,Baylor,Favorite,-7.0,P,0.0,,21.0,32.0,9.0,15_to_25,,,,,,,,,,,,25_plus,5_to_15,True,15_to_25,fav_3_7,team_has_rp_edge
2023,2,2023-09-09T21:00:00.000Z,401524004,Washington,Tulsa,Favorite,-33.666666666666664,L,-0.6666666666666643,,33.0,36.0,32.0,25_plus,,,,,,,,,,,,25_plus,25_plus,True,25_plus,fav_14_plus,team_has_rp_edge
2023,2,2023-09-09T22:00:00.000Z,401520198,New Mexico State,Liberty,Underdog,9.333333333333334,L,-6.666666666666666,,9.0,30.0,-12.0,5_to_15,Conference USA,Conference USA,G6,G6,G6_vs_G6,True,True,Independent,Independent,0.0,0.0,25_plus,minus_5_to_15,True,5_to_15,dog_7_14,team_has_rp_edge
2023,2,2023-09-09T22:00:00.000Z,401531842,Louisiana,Old Dominion,Favorite,-6.0,L,-13.0,,9.0,32.0,-15.0,5_to_15,Sun Belt,Sun Belt,G6,G6,G6_vs_G6,False,False,Sun Belt,Sun Belt,,,25_plus,minus_15_to_25,True,5_to_15,fav_3_7,team_has_rp_edge
2023,2,2023-09-09T23:00:00.000Z,401520183,Texas,Alabama,Underdog,7.166666666666667,W,17.166666666666668,,34.0,47.0,20.0,25_plus,Big 12,SEC,P4,P4,P4_vs_P4,False,False,Big 12,SEC,,,25_plus,15_to_25,True,25_plus,dog_3_7,team_has_rp_edge
2023,2,2023-09-09T23:30:00.000Z,401520217,Wisconsin,Washington State,Favorite,-5.333333333333333,L,-14.333333333333332,,10.0,25.0,-5.0,5_to_15,,,,,,,,,,,,25_plus,minus_5_to_15,True,5_to_15,fav_3_7,team_has_rp_edge
2023,2,2023-09-10T00:30:00.000Z,401525493,Florida State,Southern Miss,Favorite,-31.0,W,22.0,,27.0,27.0,26.0,25_plus,ACC,Sun Belt,P4,G6,P4_vs_G6,False,False,ACC,Sun Belt,,,25_plus,25_plus,True,25_plus,fav_14_plus,team_has_rp_edge
2023,2,2023-09-10T02:30:00.000Z,401524003,USC,Stanford,Favorite,-28.666666666666668,W,17.333333333333332,,41.0,39.0,44.0,25_plus,,,,,,,,,,,,25_plus,25_plus,True,25_plus,fav_14_plus,team_has_rp_edge
2023,3,2023-09-16T19:30:00.000Z,401524009,Oregon State,San Diego State,Favorite,-24.5,L,-7.5,,9.0,38.0,-19.0,5_to_15,,,,,,,,,,,,25_plus,minus_15_to_25,True,5_to_15,fav_14_plus,team_has_rp_edge
2023,3,2023-09-16T23:00:00.000Z,401531379,Louisiana,UAB,Underdog,2.0,W,22.0,,27.0,36.0,18.0,25_plus,Sun Belt,American,G6,G6,G6_vs_G6,False,True,Sun Belt,Conference USA,,0.0,25_plus,15_to_25,True,25_plus,pick_to_3,team_has_rp_edge
2023,4,2023-09-23T02:30:00.000Z,401532583,Boise State,San Diego State,Favorite,-5.833333333333333,L,-2.833333333333333,,11.0,38.0,-16.0,5_to_15,Mountain West,Mountain West,G6,G6,G6_vs_G6,False,False,Mountain West,Mountain West,,,25_plus,minus_15_to_25,True,5_to_15,fav_3_7,team_has_rp_edge
2023,4,2023-09-23T17:30:00.000Z,401532406,Toledo,Western Michigan,Favorite,-21.5,L,-3.5,,28.0,51.0,5.0,25_plus,MAC,MAC,G6,G6,G6_vs_G6,False,False,MAC,MAC,,,25_plus,5_to_15,True,25_plus,fav_14_plus,team_has_rp_edge
2023,4,2023-09-23T19:30:00.000Z,401525506,Boston College,Louisville,Underdog,13.833333333333334,L,-14.166666666666666,,22.0,28.0,18.0,15_to_25,ACC,ACC,P4,P4,P4_vs_P4,False,False,ACC,ACC,,,25_plus,15_to_25,True,15_to_25,dog_7_14,team_has_rp_edge
2023,4,2023-09-23T19:30:00.000Z,401520250,Ole Miss,Alabama,Underdog,7.0,L,-7.0,,31.0,42.0,19.0,25_plus,SEC,SEC,P4,P4,P4_vs_P4,False,False,SEC,SEC,,,25_plus,15_to_25,True,25_plus,dog_3_7,team_has_rp_edge
2023,4,2023-09-23T23:00:00.000Z,401524019,Oregon State,Washington State,Favorite,-3.0,L,-6.0,,3.0,28.0,-21.0,neutral,,,,,,,,,,,,25_plus,minus_15_to_25,True,neutral,pick_to_3,team_has_rp_edge
2023,4,2023-09-23T23:00:00.000Z,401520258,LSU,Arkansas,Favorite,-17.666666666666668,L,-14.666666666666668,,17.0,30.0,2.0,15_to_25,SEC,SEC,P4,P4,P4_vs_P4,False,False,SEC,SEC,,,25_plus,neutral,True,15_to_25,fav_14_plus,team_has_rp_edge
2023,4,2023-09-23T23:30:00.000Z,401531875,Louisiana,Buffalo,Favorite,-10.333333333333334,L,-3.333333333333334,,13.0,29.0,-3.0,5_to_15,Sun Belt,MAC,G6,G6,G6_vs_G6,False,False,Sun Belt,MAC,,,25_plus,neutral,True,5_to_15,fav_7_14,team_has_rp_edge
2023,4,2023-09-23T23:30:00.000Z,401525844,Texas,Baylor,Favorite,-16.5,W,15.5,,19.0,34.0,3.0,15_to_25,Big 12,Big 12,P4,P4,P4_vs_P4,False,False,Big 12,Big 12,,,25_plus,neutral,True,15_to_25,fav_14_plus,team_has_rp_edge
2023,4,2023-09-24T03:59:00.000Z,401520253,New Mexico State,Hawai'i,Underdog,3.6666666666666665,W,0.6666666666666665,,17.0,28.0,6.0,15_to_25,Conference USA,Mountain West,G6,G6,G6_vs_G6,True,False,Independent,Mountain West,0.0,,25_plus,5_to_15,True,15_to_25,dog_3_7,team_has_rp_edge
2024,1,2024-08-31T16:00:00.000Z,401628323,Georgia,Clemson,Favorite,-11.666666666666666,W,19.333333333333336,,1.0,27.0,-24.0,neutral,SEC,ACC,P4,P4,P4_vs_P4,False,False,SEC,ACC,,,25_plus,minus_15_to_25,True,neutral,fav_7_14,team_has_rp_edge
2024,1,2024-08-31T19:30:00.000Z,401628454,Nebraska,UTEP,Favorite,-27.5,W,5.5,0.5,32.0,28.0,36.0,25_plus,Big Ten,Conference USA,P4,G6,P4_vs_G6,False,False,Big Ten,Conference USA,,,25_plus,25_plus,True,25_plus,fav_14_plus,team_has_rp_edge
2024,1,2024-08-31T19:30:00.000Z,401634304,Syracuse,Ohio,Favorite,-17.333333333333332,L,-1.333333333333332,,47.0,48.0,45.0,25_plus,ACC,MAC,P4,G6,P4_vs_G6,False,False,ACC,MAC,,,25_plus,25_plus,True,25_plus,fav_14_plus,team_has_rp_edge
2024,2,2024-09-07T16:00:00.000Z,401643784,Memphis,Troy,Favorite,-18.666666666666668,W,2.333333333333332,1.5,33.0,45.0,23.0,25_plus,American,Sun Belt,G6,G6,G6_vs_G6,False,False,American,Sun Belt,,,25_plus,15_to_25,True,25_plus,fav_14_plus,team_has_rp_edge
2024,2,2024-09-07T16:00:00.000Z,401628470,Penn State,Bowling Green,Favorite,-34.833333333333336,L,-27.833333333333336,3.0,22.0,29.0,14.0,15_to_25,Big Ten,MAC,P4,G6,P4_vs_G6,False,False,Big Ten,MAC,,,25_plus,5_to_15,True,15_to_25,fav_14_plus,team_has_rp_edge
2024,2,2024-09-07T16:00:00.000Z,401628347,Texas,Michigan,Favorite,-6.666666666666667,W,12.333333333333332,-1.0,34.0,27.0,42.0,25_plus,SEC,Big Ten,P4,P4,P4_vs_P4,True,False,Big 12,Big Ten,0.0,,25_plus,25_plus,True,25_plus,fav_3_7,team_has_rp_edge
2024,2,2024-09-07T16:00:00.000Z,401635534,Syracuse,Georgia Tech,Underdog,2.8333333333333335,W,5.833333333333334,-0.5,8.0,32.0,-16.0,5_to_15,ACC,ACC,P4,P4,P4_vs_P4,False,False,ACC,ACC,,,25_plus,minus_15_to_25,True,5_to_15,pick_to_3,team_has_rp_edge
2024,2,2024-09-07T20:15:00.000Z,401628342,Ole Miss,Middle Tennessee,Favorite,-42.5,W,6.5,2.5,16.0,39.0,-5.0,15_to_25,SEC,Conference USA,P4,G6,P4_vs_G6,False,False,SEC,Conference USA,,,25_plus,minus_5_to_15,True,15_to_25,fav_14_plus,team_has_rp_edge
2024,2,2024-09-07T22:00:00.000Z,401643778,Old Dominion,East Carolina,Favorite,-1.6666666666666667,L,-7.666666666666667,-1.0,5.0,33.0,-21.0,5_to_15,Sun Belt,American,G6,G6,G6_vs_G6,False,False,Sun Belt,American,,,25_plus,minus_15_to_25,True,5_to_15,pick_to_3,team_has_rp_edge
2024,2,2024-09-07T23:00:00.000Z,401628335,South Florida,Alabama,Underdog,31.666666666666668,W,5.666666666666668,0.5,28.0,54.0,2.0,25_plus,American,SEC,G6,P4,G6_vs_P4,False,False,American,SEC,,,25_plus,neutral,True,25_plus,dog_14_plus,team_has_rp_edge
2024,2,2024-09-07T23:00:00.000Z,401628344,Missouri,Buffalo,Favorite,-33.666666666666664,W,4.333333333333336,-2.0,39.0,51.0,27.0,25_plus,SEC,MAC,P4,G6,P4_vs_G6,False,False,SEC,MAC,,,25_plus,25_plus,True,25_plus,fav_14_plus,team_has_rp_edge
2024,2,2024-09-07T23:00:00.000Z,401643780,UAB,UL Monroe,Favorite,-11.5,L,-37.5,-0.5,26.0,40.0,13.0,25_plus,American,Sun Belt,G6,G6,G6_vs_G6,False,False,American,Sun Belt,,,25_plus,5_to_15,True,25_plus,fav_7_14,team_has_rp_edge
2024,3,2024-09-14T16:00:00.000Z,401628350,Wisconsin,Alabama,Underdog,15.166666666666666,L,-16.833333333333336,-6.0,27.0,37.0,15.0,25_plus,Big Ten,SEC,P4,P4,P4_vs_P4,False,False,Big Ten,SEC,,,25_plus,15_to_25,True,25_plus,dog_14_plus,team_has_rp_edge
2024,3,2024-09-14T20:00:00.000Z,401628477,Iowa,Troy,Favorite,-23.333333333333332,L,-6.333333333333332,0.0,33.0,51.0,16.0,25_plus,Big Ten,Sun Belt,P4,G6,P4_vs_G6,False,False,Big Ten,Sun Belt,,,25_plus,15_to_25,True,25_plus,fav_14_plus,team_has_rp_edge
2024,3,2024-09-14T20:15:00.000Z,401628351,UAB,Arkansas,Underdog,23.666666666666668,W,13.666666666666668,0.0,20.0,40.0,2.0,15_to_25,American,SEC,G6,P4,G6_vs_P4,False,False,American,SEC,,,25_plus,neutral,True,15_to_25,dog_14_plus,team_has_rp_edge
2024,3,2024-09-14T23:00:00.000Z,401628361,Texas,UTSA,Favorite,-35.5,W,13.5,0.0,25.0,35.0,15.0,25_plus,SEC,American,P4,G6,P4_vs_G6,True,False,Big 12,American,0.0,,25_plus,15_to_25,True,25_plus,fav_14_plus,team_has_rp_edge
2024,3,2024-09-14T23:30:00.000Z,401628354,Georgia,Kentucky,Favorite,-22.5,L,-21.5,-1.5,16.0,24.0,10.0,15_to_25,SEC,SEC,P4,P4,P4_vs_P4,False,False,SEC,SEC,,,15_to_25,5_to_15,True,15_to_25,fav_14_plus,team_has_rp_edge
2024,3,2024-09-14T23:30:00.000Z,401636860,Baylor,Air Force,Favorite,-16.666666666666668,W,11.333333333333332,0.0,41.0,48.0,34.0,25_plus,Big 12,Mountain West,P4,G6,P4_vs_G6,False,False,Big 12,Mountain West,,,25_plus,25_plus,True,25_plus,fav_14_plus,team_has_rp_edge
2024,3,2024-09-15T00:00:00.000Z,401628478,Virginia,Maryland,Favorite,-1.1666666666666667,L,-15.166666666666666,0.0,31.0,34.0,28.0,25_plus,ACC,Big Ten,P4,P4,P4_vs_P4,False,False,ACC,Big Ten,,,25_plus,25_plus,True,25_plus,pick_to_3,team_has_rp_edge
2024,3,2024-09-15T02:30:00.000Z,401635541,California,San Diego State,Favorite,-18.666666666666668,W,2.333333333333332,0.0,27.0,36.0,17.0,25_plus,ACC,Mountain West,P4,G6,P4_vs_G6,True,False,Pac-12,Mountain West,0.0,,25_plus,15_to_25,True,25_plus,fav_14_plus,team_has_rp_edge
2024,4,2024-09-21T18:00:00.000Z,401635558,Virginia,Coastal Carolina,Favorite,-3.5,W,15.5,0.5,31.0,39.0,24.0,25_plus,ACC,Sun Belt,P4,G6,P4_vs_G6,False,False,ACC,Sun Belt,,,25_plus,15_to_25,True,25_plus,fav_3_7,team_has_rp_edge
2024,4,2024-09-21T19:30:00.000Z,401628363,Auburn,Arkansas,Favorite,-2.5,L,-12.5,-1.0,19.0,33.0,5.0,15_to_25,SEC,SEC,P4,P4,P4_vs_P4,False,False,SEC,SEC,,,25_plus,5_to_15,True,15_to_25,pick_to_3,team_has_rp_edge
2024,4,2024-09-21T23:30:00.000Z,401628372,Texas A&M,Bowling Green,Favorite,-21.166666666666668,L,-15.166666666666668,-2.0,24.0,32.0,15.0,15_to_25,SEC,MAC,P4,G6,P4_vs_G6,False,False,SEC,MAC,,,25_plus,15_to_25,True,15_to_25,fav_14_plus,team_has_rp_edge
2024,4,2024-09-22T00:00:00.000Z,401628371,Texas,UL Monroe,Favorite,-43.0,W,5.0,-3.5,30.0,33.0,27.0,25_plus,SEC,Sun Belt,P4,G6,P4_vs_G6,True,False,Big 12,Sun Belt,0.0,,25_plus,25_plus,True,25_plus,fav_14_plus,team_has_rp_edge
2025,1,2025-08-28T23:00:00.000Z,401762789,Wyoming,Akron,Favorite,-6.0,W,4.0,-4.5,15.0,41.0,-12.0,15_to_25,Mountain West,MAC,G6,G6,G6_vs_G6,False,False,Mountain West,MAC,,,25_plus,minus_5_to_15,True,15_to_25,fav_3_7,team_has_rp_edge
2025,1,2025-08-30T19:30:00.000Z,401752807,Penn State,Nevada,Favorite,-44.166666666666664,L,-9.166666666666664,0.0,34.0,46.0,20.0,25_plus,Big Ten,Mountain West,P4,G6,P4_vs_G6,False,False,Big Ten,Mountain West,,,25_plus,15_to_25,True,25_plus,fav_14_plus,team_has_rp_edge
2025,1,2025-08-31T03:00:00.000Z,401752800,Utah,UCLA,Favorite,-6.5,W,26.5,3.5,18.0,39.0,-2.0,15_to_25,Big 12,Big Ten,P4,P4,P4_vs_P4,False,False,Big 12,Big Ten,,,25_plus,neutral,True,15_to_25,fav_3_7,team_has_rp_edge
2025,2,2025-09-06T19:30:00.000Z,401756880,Cincinnati,Bowling Green,Favorite,-22.0,L,-8.0,4.5,30.0,35.0,26.0,25_plus,Big 12,MAC,P4,G6,P4_vs_G6,False,False,Big 12,MAC,,,25_plus,25_plus,True,25_plus,fav_14_plus,team_has_rp_edge
2025,2,2025-09-06T19:30:00.000Z,401762458,Navy,UAB,Favorite,-21.5,L,-7.5,1.0,24.0,33.0,14.0,15_to_25,American,American,G6,G6,G6_vs_G6,False,False,American,American,,,25_plus,5_to_15,True,15_to_25,fav_14_plus,team_has_rp_edge
2025,2,2025-09-06T23:00:00.000Z,401757232,Toledo,Western Kentucky,Favorite,-8.0,W,16.0,1.0,26.0,42.0,10.0,25_plus,MAC,Conference USA,G6,G6,G6_vs_G6,False,False,MAC,Conference USA,,,25_plus,5_to_15,True,25_plus,fav_7_14,team_has_rp_edge
2025,2,2025-09-06T23:30:00.000Z,401752687,LSU,Louisiana Tech,Favorite,-36.5,L,-20.5,4.0,14.0,20.0,9.0,5_to_15,SEC,Conference USA,P4,G6,P4_vs_G6,False,False,SEC,Conference USA,,,15_to_25,5_to_15,True,5_to_15,fav_14_plus,team_has_rp_edge
2025,2,2025-09-06T23:30:00.000Z,401752810,Nebraska,Akron,Favorite,-33.75,W,34.25,0.0,11.0,30.0,-7.0,5_to_15,Big Ten,MAC,P4,G6,P4_vs_G6,False,False,Big Ten,MAC,,,25_plus,minus_5_to_15,True,5_to_15,fav_14_plus,team_has_rp_edge
2025,3,2025-09-13T16:00:00.000Z,401761608,Troy,Memphis,Underdog,4.5,L,-16.5,,27.0,31.0,23.0,25_plus,Sun Belt,American,G6,G6,G6_vs_G6,False,False,Sun Belt,American,,,25_plus,15_to_25,True,25_plus,dog_3_7,team_has_rp_edge
2025,3,2025-09-13T16:00:00.000Z,401752703,Oklahoma,Temple,Favorite,-23.833333333333332,W,15.166666666666668,-1.0,18.0,35.0,1.0,15_to_25,SEC,American,P4,G6,P4_vs_G6,False,False,SEC,American,,,25_plus,neutral,True,15_to_25,fav_14_plus,team_has_rp_edge
2025,3,2025-09-13T23:00:00.000Z,401752700,Arkansas,Ole Miss,Underdog,3.8333333333333335,L,-2.1666666666666665,4.0,15.0,20.0,10.0,15_to_25,SEC,SEC,P4,P4,P4_vs_P4,False,False,SEC,SEC,,,15_to_25,5_to_15,True,15_to_25,dog_3_7,team_has_rp_edge
2025,3,2025-09-13T23:30:00.000Z,401757257,New Mexico State,Louisiana Tech,Underdog,10.166666666666666,L,-24.833333333333336,2.0,17.0,24.0,11.0,15_to_25,Conference USA,Conference USA,G6,G6,G6_vs_G6,False,False,Conference USA,Conference USA,,,15_to_25,5_to_15,True,15_to_25,dog_7_14,team_has_rp_edge
2025,3,2025-09-14T00:00:00.000Z,401756895,Utah,Wyoming,Favorite,-24.5,W,0.5,2.0,-3.0,24.0,-28.0,neutral,Big 12,Mountain West,P4,G6,P4_vs_G6,False,False,Big 12,Mountain West,,,15_to_25,minus_25,True,neutral,fav_14_plus,opponent_has_rp_edge
2025,4,2025-09-20T00:00:00.000Z,401752844,Rutgers,Iowa,Underdog,2.3333333333333335,L,-7.666666666666666,0.0,14.0,32.0,-5.0,5_to_15,Big Ten,Big Ten,P4,P4,P4_vs_P4,False,False,Big Ten,Big Ten,,,25_plus,minus_5_to_15,True,5_to_15,pick_to_3,team_has_rp_edge
2025,4,2025-09-20T16:00:00.000Z,401752708,Arkansas,Memphis,Favorite,-7.166666666666667,L,-8.166666666666668,0.5,18.0,32.0,4.0,15_to_25,SEC,American,P4,G6,P4_vs_G6,False,False,SEC,American,,,25_plus,neutral,True,15_to_25,fav_3_7,team_has_rp_edge
2025,4,2025-09-20T20:30:00.000Z,401754542,Georgia Tech,Temple,Favorite,-24.5,L,-3.5,1.0,13.0,21.0,6.0,5_to_15,ACC,American,P4,G6,P4_vs_G6,False,False,ACC,American,,,15_to_25,5_to_15,True,5_to_15,fav_14_plus,team_has_rp_edge
2025,4,2025-09-20T23:00:00.000Z,401760372,Boise State,Air Force,Favorite,-11.0,W,1.0,3.0,13.0,32.0,-4.0,5_to_15,Mountain West,Mountain West,G6,G6,G6_vs_G6,False,False,Mountain West,Mountain West,,,25_plus,neutral,True,5_to_15,fav_7_14,team_has_rp_edge
2025,4,2025-09-20T23:30:00.000Z,401757263,Southern Miss,Louisiana Tech,Underdog,3.1666666666666665,L,-6.833333333333334,-1.0,7.0,28.0,-13.0,5_to_15,Sun Belt,Conference USA,G6,G6,G6_vs_G6,False,False,Sun Belt,Conference USA,,,25_plus,minus_5_to_15,True,5_to_15,pick_to_3,team_has_rp_edge
2025,4,2025-09-20T23:30:00.000Z,401756898,BYU,East Carolina,Favorite,-6.166666666666667,W,14.833333333333332,-2.0,17.0,38.0,-4.0,15_to_25,Big 12,American,P4,G6,P4_vs_G6,False,False,Big 12,American,,,25_plus,neutral,True,15_to_25,fav_3_7,team_has_rp_edge
2023,1,2023-09-02T16:00:00.000Z,401520172,Louisiana Tech,SMU,Underdog,20.125,L,-3.875,,20.0,14.0,25.0,15_to_25,Conference USA,American,G6,G6,G6_vs_G6,False,False,Conference USA,American,,,5_to_15,25_plus,True,15_to_25,dog_14_plus,team_has_rp_edge
2023,1,2023-09-02T16:00:00.000Z,401520162,Michigan,East Carolina,Favorite,-35.4,L,-8.399999999999999,,47.0,45.0,48.0,25_plus,Big Ten,American,P4,G6,P4_vs_G6,False,False,Big Ten,American,,,25_plus,25_plus,True,25_plus,fav_14_plus,team_has_rp_edge
2023,1,2023-09-02T16:00:00.000Z,401523994,TCU,Colorado,Favorite,-20.6,L,-23.6,,-5.0,-24.0,14.0,minus_5_to_15,,,,,,,,,,,,minus_15_to_25,5_to_15,True,5_to_15,fav_14_plus,opponent_has_rp_edge
2023,1,2023-09-02T19:30:00.000Z,401520156,Indiana,Ohio State,Underdog,29.1,W,9.1,,2.0,-12.0,15.0,neutral,Big Ten,Big Ten,P4,P4,P4_vs_P4,False,False,Big Ten,Big Ten,,,minus_5_to_15,15_to_25,True,neutral,dog_14_plus,team_has_rp_edge
2023,1,2023-09-02T20:00:00.000Z,401523991,North Texas,California,Underdog,6.5,L,-30.5,,6.0,-2.0,13.0,5_to_15,,,,,,,,,,,,neutral,5_to_15,True,5_to_15,dog_3_7,team_has_rp_edge
2023,1,2023-09-02T22:30:00.000Z,401523996,USC,Nevada,Favorite,-37.875,W,14.125,,23.0,21.0,25.0,15_to_25,,,,,,,,,,,,15_to_25,25_plus,True,15_to_25,fav_14_plus,team_has_rp_edge
2023,1,2023-09-02T23:30:00.000Z,401520149,Middle Tennessee,Alabama,Underdog,39.375,L,-9.625,,29.0,14.0,43.0,25_plus,Conference USA,SEC,G6,P4,G6_vs_P4,False,False,Conference USA,SEC,,,5_to_15,25_plus,True,25_plus,dog_14_plus,team_has_rp_edge
2023,1,2023-09-03T16:00:00.000Z,401520171,Rutgers,Northwestern,Favorite,-6.1,W,10.9,,17.0,7.0,26.0,15_to_25,Big Ten,Big Ten,P4,P4,P4_vs_P4,False,False,Big Ten,Big Ten,,,5_to_15,25_plus,True,15_to_25,fav_3_7,team_has_rp_edge
2023,2,2023-09-09T16:00:00.000Z,401525498,James Madison,Virginia,Favorite,-6.0,L,-5.0,,18.0,-4.0,41.0,15_to_25,Sun Belt,ACC,G6,P4,G6_vs_P4,False,False,Sun Belt,ACC,,,neutral,25_plus,True,15_to_25,fav_3_7,team_has_rp_edge
2023,2,2023-09-09T21:00:00.000Z,401524004,Washington,Tulsa,Favorite,-33.666666666666664,L,-0.6666666666666643,,33.0,36.0,32.0,25_plus,,,,,,,,,,,,25_plus,25_plus,True,25_plus,fav_14_plus,team_has_rp_edge
2023,2,2023-09-09T23:00:00.000Z,401520206,Missouri,Middle Tennessee,Favorite,-21.0,L,-17.0,,9.0,-9.0,28.0,5_to_15,SEC,Conference USA,P4,G6,P4_vs_G6,False,False,SEC,Conference USA,,,minus_5_to_15,25_plus,True,5_to_15,fav_14_plus,team_has_rp_edge
2023,2,2023-09-09T23:30:00.000Z,401520204,Eastern Michigan,Minnesota,Underdog,19.666666666666668,W,0.6666666666666679,,5.0,-10.0,20.0,5_to_15,MAC,Big Ten,G6,P4,G6_vs_P4,False,False,MAC,Big Ten,,,minus_5_to_15,15_to_25,True,5_to_15,dog_14_plus,team_has_rp_edge
2023,2,2023-09-10T00:00:00.000Z,401520211,Sam Houston,Air Force,Underdog,13.166666666666666,W,3.166666666666666,,12.0,-2.0,28.0,5_to_15,Conference USA,Mountain West,G6,G6,G6_vs_G6,False,False,,Mountain West,,,neutral,25_plus,True,5_to_15,dog_7_14,team_has_rp_edge
2023,2,2023-09-10T02:30:00.000Z,401524003,USC,Stanford,Favorite,-28.666666666666668,W,17.333333333333332,,41.0,39.0,44.0,25_plus,,,,,,,,,,,,25_plus,25_plus,True,25_plus,fav_14_plus,team_has_rp_edge
2023,2,2023-09-10T02:30:00.000Z,401520186,Auburn,California,Favorite,-4.833333333333333,L,-0.833333333333333,,3.0,-6.0,13.0,neutral,,,,,,,,,,,,minus_5_to_15,5_to_15,True,neutral,fav_3_7,team_has_rp_edge
2023,3,2023-09-16T18:30:00.000Z,401525437,Notre Dame,Central Michigan,Favorite,-34.75,L,-10.75,,2.0,-15.0,21.0,neutral,Independent,MAC,Independent,G6,Other,False,False,Independent,MAC,,,minus_15_to_25,15_to_25,True,neutral,fav_14_plus,team_has_rp_edge
2023,3,2023-09-16T20:00:00.000Z,401520245,Texas A&M,UL Monroe,Favorite,-36.5,W,7.5,,28.0,16.0,38.0,25_plus,SEC,Sun Belt,P4,G6,P4_vs_G6,False,False,SEC,Sun Belt,,,15_to_25,25_plus,True,25_plus,fav_14_plus,team_has_rp_edge
2023,3,2023-09-16T23:00:00.000Z,401525835,Miami (OH),Cincinnati,Underdog,14.25,W,21.25,,23.0,12.0,34.0,15_to_25,MAC,Big 12,G6,P4,G6_vs_P4,False,True,MAC,American,,0.0,5_to_15,25_plus,True,15_to_25,dog_7_14,team_has_rp_edge
2023,3,2023-09-17T02:30:00.000Z,401525837,Kansas,Nevada,Favorite,-28.5,L,-21.5,,32.0,37.0,27.0,25_plus,Big 12,Mountain West,P4,G6,P4_vs_G6,False,False,Big 12,Mountain West,,,25_plus,25_plus,True,25_plus,fav_14_plus,team_has_rp_edge
2023,4,2023-09-23T20:00:00.000Z,401531423,Rice,South Florida,Favorite,-2.5,L,-15.5,,17.0,5.0,28.0,15_to_25,American,American,G6,G6,G6_vs_G6,True,False,Conference USA,American,0.0,,5_to_15,25_plus,True,15_to_25,pick_to_3,team_has_rp_edge
2023,4,2023-09-23T21:00:00.000Z,401531876,South Alabama,Central Michigan,Favorite,-16.166666666666668,L,-20.166666666666668,,11.0,-9.0,31.0,5_to_15,Sun Belt,MAC,G6,G6,G6_vs_G6,False,False,Sun Belt,MAC,,,minus_5_to_15,25_plus,True,5_to_15,fav_14_plus,team_has_rp_edge
2023,4,2023-09-23T23:30:00.000Z,401521330,Notre Dame,Ohio State,Underdog,3.1666666666666665,W,0.1666666666666665,,1.0,-12.0,15.0,neutral,Independent,Big Ten,Independent,P4,Other,False,False,Independent,Big Ten,,,minus_5_to_15,15_to_25,True,neutral,pick_to_3,team_has_rp_edge
2023,4,2023-09-24T02:30:00.000Z,401524018,Washington,California,Favorite,-20.5,W,6.5,,5.0,-4.0,15.0,5_to_15,,,,,,,,,,,,neutral,15_to_25,True,5_to_15,fav_14_plus,team_has_rp_edge
2024,1,2024-08-30T00:00:00.000Z,401640998,Jacksonville State,Coastal Carolina,Favorite,-3.5,L,-31.5,,24.0,15.0,33.0,15_to_25,Conference USA,Sun Belt,G6,G6,G6_vs_G6,False,False,Conference USA,Sun Belt,,,15_to_25,25_plus,True,15_to_25,fav_3_7,team_has_rp_edge
2024,1,2024-08-30T00:00:00.000Z,401628448,Minnesota,North Carolina,Underdog,0.3333333333333333,L,-1.6666666666666667,,34.0,32.0,37.0,25_plus,Big Ten,ACC,P4,P4,P4_vs_P4,False,False,Big Ten,ACC,,,25_plus,25_plus,True,25_plus,pick_to_3,team_has_rp_edge
2024,1,2024-08-30T23:00:00.000Z,401628328,Oklahoma,Temple,Favorite,-43.0,W,5.0,,8.0,-18.0,33.0,5_to_15,SEC,American,P4,G6,P4_vs_G6,True,False,Big 12,American,0.0,,minus_15_to_25,25_plus,True,5_to_15,fav_14_plus,team_has_rp_edge
2024,1,2024-08-31T19:30:00.000Z,401628454,Nebraska,UTEP,Favorite,-27.5,W,5.5,0.5,32.0,28.0,36.0,25_plus,Big Ten,Conference USA,P4,G6,P4_vs_G6,False,False,Big Ten,Conference USA,,,25_plus,25_plus,True,25_plus,fav_14_plus,team_has_rp_edge
2024,1,2024-08-31T19:30:00.000Z,401634304,Syracuse,Ohio,Favorite,-17.333333333333332,L,-1.333333333333332,,47.0,48.0,45.0,25_plus,ACC,MAC,P4,G6,P4_vs_G6,False,False,ACC,MAC,,,25_plus,25_plus,True,25_plus,fav_14_plus,team_has_rp_edge
2024,1,2024-08-31T21:00:00.000Z,401643775,North Texas,South Alabama,Underdog,5.833333333333333,W,19.833333333333332,,13.0,-2.0,27.0,5_to_15,American,Sun Belt,G6,G6,G6_vs_G6,False,False,American,Sun Belt,,,neutral,25_plus,True,5_to_15,dog_3_7,team_has_rp_edge
2024,1,2024-09-01T23:30:00.000Z,401628334,LSU,USC,Favorite,-3.8333333333333335,L,-10.833333333333334,-0.5,13.0,6.0,20.0,5_to_15,SEC,Big Ten,P4,P4,P4_vs_P4,False,True,SEC,Pac-12,,0.0,5_to_15,15_to_25,True,5_to_15,fav_3_7,team_has_rp_edge
2024,2,2024-09-07T01:00:00.000Z,401635533,Northwestern,Duke,Favorite,-2.1666666666666665,L,-8.166666666666666,-1.0,21.0,7.0,35.0,15_to_25,Big Ten,ACC,P4,P4,P4_vs_P4,False,False,Big Ten,ACC,,,5_to_15,25_plus,True,15_to_25,pick_to_3,team_has_rp_edge
2024,2,2024-09-07T16:00:00.000Z,401628470,Penn State,Bowling Green,Favorite,-34.833333333333336,L,-27.833333333333336,3.0,22.0,29.0,14.0,15_to_25,Big Ten,MAC,P4,G6,P4_vs_G6,False,False,Big Ten,MAC,,,25_plus,5_to_15,True,15_to_25,fav_14_plus,team_has_rp_edge
2024,2,2024-09-07T16:00:00.000Z,401628471,Rutgers,Akron,Favorite,-24.5,W,7.5,1.5,21.0,6.0,36.0,15_to_25,Big Ten,MAC,P4,G6,P4_vs_G6,False,False,Big Ten,MAC,,,5_to_15,25_plus,True,15_to_25,fav_14_plus,team_has_rp_edge
2024,2,2024-09-07T16:00:00.000Z,401628347,Texas,Michigan,Favorite,-6.666666666666667,W,12.333333333333332,-1.0,34.0,27.0,42.0,25_plus,SEC,Big Ten,P4,P4,P4_vs_P4,True,False,Big 12,Big Ten,0.0,,25_plus,25_plus,True,25_plus,fav_3_7,team_has_rp_edge
2024,2,2024-09-07T19:30:00.000Z,401645324,Navy,Temple,Favorite,-12.166666666666666,W,14.833333333333334,0.5,14.0,1.0,27.0,5_to_15,American,American,G6,G6,G6_vs_G6,False,False,American,American,,,neutral,25_plus,True,5_to_15,fav_7_14,team_has_rp_edge
2024,2,2024-09-07T19:30:00.000Z,401635535,Jacksonville State,Louisville,Underdog,28.5,L,-6.5,-2.0,3.0,-18.0,24.0,neutral,Conference USA,ACC,G6,P4,G6_vs_P4,False,False,Conference USA,ACC,,,minus_15_to_25,15_to_25,True,neutral,dog_14_plus,team_has_rp_edge
2024,2,2024-09-08T02:00:00.000Z,401628469,Oregon,Boise State,Favorite,-18.833333333333332,L,-15.833333333333332,0.0,10.0,-3.0,24.0,5_to_15,Big Ten,Mountain West,P4,G6,P4_vs_G6,True,False,Pac-12,Mountain West,0.0,,neutral,15_to_25,True,5_to_15,fav_14_plus,team_has_rp_edge
2024,3,2024-09-14T19:30:00.000Z,401628358,Oklahoma,Tulane,Favorite,-13.333333333333334,W,1.666666666666666,0.0,12.0,-9.0,32.0,5_to_15,SEC,American,P4,G6,P4_vs_G6,True,False,Big 12,American,0.0,,minus_5_to_15,25_plus,True,5_to_15,fav_7_14,team_has_rp_edge
2024,3,2024-09-14T23:00:00.000Z,401628361,Texas,UTSA,Favorite,-35.5,W,13.5,0.0,25.0,35.0,15.0,25_plus,SEC,American,P4,G6,P4_vs_G6,True,False,Big 12,American,0.0,,25_plus,15_to_25,True,25_plus,fav_14_plus,team_has_rp_edge
2024,3,2024-09-14T23:00:00.000Z,401640999,Jacksonville State,Eastern Michigan,Favorite,-1.0,L,-4.0,0.0,23.0,14.0,32.0,15_to_25,Conference USA,MAC,G6,G6,G6_vs_G6,False,False,Conference USA,MAC,,,5_to_15,25_plus,True,15_to_25,pick_to_3,team_has_rp_edge
2024,3,2024-09-14T23:30:00.000Z,401636866,TCU,UCF,Favorite,-2.1666666666666665,L,-3.1666666666666665,4.5,22.0,3.0,40.0,15_to_25,Big 12,Big 12,P4,P4,P4_vs_P4,False,False,Big 12,Big 12,,,neutral,25_plus,True,15_to_25,pick_to_3,team_has_rp_edge
2024,3,2024-09-15T00:00:00.000Z,401628478,Virginia,Maryland,Favorite,-1.1666666666666667,L,-15.166666666666666,0.0,31.0,34.0,28.0,25_plus,ACC,Big Ten,P4,P4,P4_vs_P4,False,False,ACC,Big Ten,,,25_plus,25_plus,True,25_plus,pick_to_3,team_has_rp_edge
2024,3,2024-09-15T02:30:00.000Z,401635541,California,San Diego State,Favorite,-18.666666666666668,W,2.333333333333332,0.0,27.0,36.0,17.0,25_plus,ACC,Mountain West,P4,G6,P4_vs_G6,True,False,Pac-12,Mountain West,0.0,,25_plus,15_to_25,True,25_plus,fav_14_plus,team_has_rp_edge
2024,4,2024-09-21T16:00:00.000Z,401643791,Louisiana,Tulane,Underdog,1.5,L,-6.5,,23.0,20.0,26.0,15_to_25,Sun Belt,American,G6,G6,G6_vs_G6,False,False,Sun Belt,American,,,15_to_25,25_plus,True,15_to_25,pick_to_3,team_has_rp_edge
2024,4,2024-09-21T18:00:00.000Z,401635558,Virginia,Coastal Carolina,Favorite,-3.5,W,15.5,0.5,31.0,39.0,24.0,25_plus,ACC,Sun Belt,P4,G6,P4_vs_G6,False,False,ACC,Sun Belt,,,25_plus,15_to_25,True,25_plus,fav_3_7,team_has_rp_edge
2024,4,2024-09-21T19:00:00.000Z,401641000,Jacksonville State,Southern Miss,Favorite,-6.166666666666667,W,30.833333333333332,0.0,13.0,-2.0,28.0,5_to_15,Conference USA,Sun Belt,G6,G6,G6_vs_G6,False,False,Conference USA,Sun Belt,,,neutral,25_plus,True,5_to_15,fav_3_7,team_has_rp_edge
2024,4,2024-09-21T19:30:00.000Z,401628365,LSU,UCLA,Favorite,-21.5,L,-4.5,-1.5,12.0,4.0,20.0,5_to_15,SEC,Big Ten,P4,P4,P4_vs_P4,False,True,SEC,Pac-12,,0.0,neutral,15_to_25,True,5_to_15,fav_14_plus,team_has_rp_edge
2024,4,2024-09-21T23:00:00.000Z,401628491,Northwestern,Washington,Underdog,11.833333333333334,L,-7.166666666666666,-1.5,40.0,12.0,69.0,25_plus,Big Ten,Big Ten,P4,P4,P4_vs_P4,False,True,Big Ten,Pac-12,,0.0,5_to_15,25_plus,True,25_plus,dog_7_14,team_has_rp_edge
2024,4,2024-09-21T23:00:00.000Z,401643716,Wyoming,North Texas,Underdog,7.0,L,-20.0,2.0,8.0,-9.0,25.0,5_to_15,Mountain West,American,G6,G6,G6_vs_G6,False,False,Mountain West,American,,,minus_5_to_15,25_plus,True,5_to_15,dog_3_7,team_has_rp_edge
2024,4,2024-09-21T23:30:00.000Z,401628369,Oklahoma,Tennessee,Underdog,6.0,L,-4.0,2.0,10.0,-14.0,33.0,5_to_15,SEC,SEC,P4,P4,P4_vs_P4,True,False,Big 12,SEC,0.0,,minus_5_to_15,25_plus,True,5_to_15,dog_3_7,team_has_rp_edge
2024,4,2024-09-21T23:30:00.000Z,401628372,Texas A&M,Bowling Green,Favorite,-21.166666666666668,L,-15.166666666666668,-2.0,24.0,32.0,15.0,15_to_25,SEC,MAC,P4,G6,P4_vs_G6,False,False,SEC,MAC,,,25_plus,15_to_25,True,15_to_25,fav_14_plus,team_has_rp_edge
2024,4,2024-09-22T00:00:00.000Z,401628371,Texas,UL Monroe,Favorite,-43.0,W,5.0,-3.5,30.0,33.0,27.0,25_plus,SEC,Sun Belt,P4,G6,P4_vs_G6,True,False,Big 12,Sun Belt,0.0,,25_plus,25_plus,True,25_plus,fav_14_plus,team_has_rp_edge
2025,1,2025-08-29T00:00:00.000Z,401752793,Minnesota,Buffalo,Favorite,-17.166666666666668,L,-4.166666666666668,0.0,5.0,-23.0,32.0,5_to_15,Big Ten,MAC,P4,G6,P4_vs_G6,False,False,Big Ten,MAC,,,minus_15_to_25,25_plus,True,5_to_15,fav_14_plus,team_has_rp_edge
2025,1,2025-08-30T00:00:00.000Z,401754375,Georgia Tech,Colorado,Favorite,-3.6666666666666665,W,3.3333333333333335,0.0,14.0,9.0,21.0,5_to_15,ACC,Big 12,P4,P4,P4_vs_P4,False,False,ACC,Big 12,,,5_to_15,15_to_25,True,5_to_15,fav_3_7,team_has_rp_edge
2025,1,2025-08-30T16:00:00.000Z,401752676,Tennessee,Syracuse,Favorite,-13.5,W,5.5,-1.0,8.0,-13.0,30.0,5_to_15,SEC,ACC,P4,P4,P4_vs_P4,False,False,SEC,ACC,,,minus_5_to_15,25_plus,True,5_to_15,fav_7_14,team_has_rp_edge
2025,1,2025-08-30T23:30:00.000Z,401752808,Michigan,New Mexico,Favorite,-35.166666666666664,L,-18.166666666666664,0.0,37.0,38.0,35.0,25_plus,Big Ten,Mountain West,P4,G6,P4_vs_G6,False,False,Big Ten,Mountain West,,,25_plus,25_plus,True,25_plus,fav_14_plus,team_has_rp_edge
2025,2,2025-09-06T16:00:00.000Z,401757227,Liberty,Jacksonville State,Favorite,-6.25,L,-16.25,1.0,38.0,42.0,35.0,25_plus,Conference USA,Conference USA,G6,G6,G6_vs_G6,False,False,Conference USA,Conference USA,,,25_plus,25_plus,True,25_plus,fav_3_7,team_has_rp_edge
2025,2,2025-09-06T19:30:00.000Z,401756880,Cincinnati,Bowling Green,Favorite,-22.0,L,-8.0,4.5,30.0,35.0,26.0,25_plus,Big 12,MAC,P4,G6,P4_vs_G6,False,False,Big 12,MAC,,,25_plus,25_plus,True,25_plus,fav_14_plus,team_has_rp_edge
2025,2,2025-09-06T19:30:00.000Z,401756881,Delaware,Colorado,Underdog,23.5,L,-0.5,1.0,15.0,-1.0,32.0,15_to_25,Conference USA,Big 12,G6,P4,G6_vs_P4,False,False,,Big 12,,,neutral,25_plus,True,15_to_25,dog_14_plus,team_has_rp_edge
2025,2,2025-09-06T19:30:00.000Z,401762461,North Texas,Western Michigan,Favorite,-12.25,L,-9.25,2.0,16.0,-6.0,40.0,15_to_25,American,MAC,G6,G6,G6_vs_G6,False,False,American,MAC,,,minus_5_to_15,25_plus,True,15_to_25,fav_7_14,team_has_rp_edge
2025,2,2025-09-07T02:15:00.000Z,401752948,San Diego State,Washington State,Underdog,2.25,L,-20.75,-1.0,25.0,7.0,43.0,25_plus,,,,,,,,,,,,5_to_15,25_plus,True,25_plus,pick_to_3,team_has_rp_edge
2025,3,2025-09-13T16:00:00.000Z,401761608,Troy,Memphis,Underdog,4.5,L,-16.5,,27.0,31.0,23.0,25_plus,Sun Belt,American,G6,G6,G6_vs_G6,False,False,Sun Belt,American,,,25_plus,15_to_25,True,25_plus,dog_3_7,team_has_rp_edge
2025,3,2025-09-13T17:00:00.000Z,401752702,Missouri,Louisiana,Favorite,-27.5,W,14.5,5.0,19.0,3.0,35.0,15_to_25,SEC,Sun Belt,P4,G6,P4_vs_G6,False,False,SEC,Sun Belt,,,neutral,25_plus,True,15_to_25,fav_14_plus,team_has_rp_edge
2025,3,2025-09-13T19:30:00.000Z,401752705,Tennessee,Georgia,Underdog,3.5,W,0.5,3.0,13.0,1.0,26.0,5_to_15,SEC,SEC,P4,P4,P4_vs_P4,False,False,SEC,SEC,,,neutral,25_plus,True,5_to_15,dog_3_7,team_has_rp_edge
2025,3,2025-09-13T19:30:00.000Z,401752949,North Texas,Washington State,Favorite,-6.5,W,42.5,1.0,26.0,17.0,35.0,25_plus,,,,,,,,,,,,15_to_25,25_plus,True,25_plus,fav_3_7,team_has_rp_edge
2025,3,2025-09-13T21:00:00.000Z,401757256,Liberty,Bowling Green,Favorite,-6.0,L,-16.0,-1.0,28.0,31.0,27.0,25_plus,Conference USA,MAC,G6,G6,G6_vs_G6,False,False,Conference USA,MAC,,,25_plus,25_plus,True,25_plus,fav_3_7,team_has_rp_edge
2025,3,2025-09-13T23:00:00.000Z,401752829,Illinois,Western Michigan,Favorite,-27.5,W,10.5,-1.0,39.0,29.0,51.0,25_plus,Big Ten,MAC,P4,G6,P4_vs_G6,False,False,Big Ten,MAC,,,25_plus,25_plus,True,25_plus,fav_14_plus,team_has_rp_edge
2025,4,2025-09-20T16:00:00.000Z,401762469,Army,North Texas,Underdog,2.5,L,-4.5,-1.5,-2.0,-30.0,24.0,neutral,American,American,G6,G6,G6_vs_G6,False,False,American,American,,,minus_25,15_to_25,True,neutral,pick_to_3,opponent_has_rp_edge
2025,4,2025-09-20T16:00:00.000Z,401762469,North Texas,Army,Favorite,-2.5,W,4.5,1.5,2.0,-24.0,30.0,neutral,American,American,G6,G6,G6_vs_G6,False,False,American,American,,,minus_15_to_25,25_plus,True,neutral,pick_to_3,team_has_rp_edge
2025,4,2025-09-20T16:00:00.000Z,401754537,Clemson,Syracuse,Favorite,-17.5,L,-30.5,1.0,31.0,24.0,38.0,25_plus,ACC,ACC,P4,P4,P4_vs_P4,False,False,ACC,ACC,,,15_to_25,25_plus,True,25_plus,fav_14_plus,team_has_rp_edge
2025,4,2025-09-20T16:45:00.000Z,401752715,Tennessee,UAB,Favorite,-39.0,L,-7.0,1.0,19.0,9.0,29.0,15_to_25,SEC,American,P4,G6,P4_vs_G6,False,False,SEC,American,,,5_to_15,25_plus,True,15_to_25,fav_14_plus,team_has_rp_edge
2025,4,2025-09-20T19:00:00.000Z,401752841,Oregon State,Oregon,Underdog,34.0,P,0.0,0.0,19.0,11.0,25.0,15_to_25,,,,,,,,,,,,5_to_15,25_plus,True,15_to_25,dog_14_plus,team_has_rp_edge
2025,4,2025-09-20T19:30:00.000Z,401752848,Notre Dame,Purdue,Favorite,-24.5,W,1.5,-2.0,25.0,12.0,39.0,25_plus,Independent,Big Ten,Independent,P4,Other,False,False,Independent,Big Ten,,,5_to_15,25_plus,True,25_plus,fav_14_plus,team_has_rp_edge
2025,4,2025-09-20T19:30:00.000Z,401761613,Troy,Buffalo,Underdog,5.833333333333333,W,9.833333333333332,0.0,9.0,-9.0,27.0,5_to_15,Sun Belt,MAC,G6,G6,G6_vs_G6,False,False,Sun Belt,MAC,,,minus_5_to_15,25_plus,True,5_to_15,dog_3_7,team_has_rp_edge
2025,4,2025-09-20T19:30:00.000Z,401752711,Tulane,Ole Miss,Underdog,12.166666666666666,L,-22.833333333333336,1.0,14.0,3.0,24.0,5_to_15,American,SEC,G6,P4,G6_vs_P4,False,False,American,SEC,,,neutral,15_to_25,True,5_to_15,dog_7_14,team_has_rp_edge
2023,1,2023-09-01T00:00:00.000Z,401520176,Utah,Florida,Favorite,-6.3,W,6.7,,22.0,30.0,14.0,15_to_25,,,,,,,,,,,,25_plus,5_to_15,True,15_to_25,fav_3_7,team_has_rp_edge
2023,1,2023-09-01T00:00:00.000Z,401520148,Nebraska,Minnesota,Underdog,7.3,W,4.3,,11.0,15.0,7.0,5_to_15,Big Ten,Big Ten,P4,P4,P4_vs_P4,False,False,Big Ten,Big Ten,,,15_to_25,5_to_15,True,5_to_15,dog_3_7,team_has_rp_edge
2023,1,2023-09-02T16:00:00.000Z,401520172,Louisiana Tech,SMU,Underdog,20.125,L,-3.875,,20.0,14.0,25.0,15_to_25,Conference USA,American,G6,G6,G6_vs_G6,False,False,Conference USA,American,,,5_to_15,25_plus,True,15_to_25,dog_14_plus,team_has_rp_edge
2023,1,2023-09-02T16:00:00.000Z,401520162,Michigan,East Carolina,Favorite,-35.4,L,-8.399999999999999,,47.0,45.0,48.0,25_plus,Big Ten,American,P4,G6,P4_vs_G6,False,False,Big Ten,American,,,25_plus,25_plus,True,25_plus,fav_14_plus,team_has_rp_edge
2023,1,2023-09-02T19:30:00.000Z,401520180,Wisconsin,Buffalo,Favorite,-27.0,L,-6.0,,19.0,26.0,11.0,15_to_25,Big Ten,MAC,P4,G6,P4_vs_G6,False,False,Big Ten,MAC,,,25_plus,5_to_15,True,15_to_25,fav_14_plus,team_has_rp_edge
2023,1,2023-09-02T22:30:00.000Z,401523996,USC,Nevada,Favorite,-37.875,W,14.125,,23.0,21.0,25.0,15_to_25,,,,,,,,,,,,15_to_25,25_plus,True,15_to_25,fav_14_plus,team_has_rp_edge
2023,1,2023-09-02T23:30:00.000Z,401520149,Middle Tennessee,Alabama,Underdog,39.375,L,-9.625,,29.0,14.0,43.0,25_plus,Conference USA,SEC,G6,P4,G6_vs_P4,False,False,Conference USA,SEC,,,5_to_15,25_plus,True,25_plus,dog_14_plus,team_has_rp_edge
2023,1,2023-09-03T00:00:00.000Z,401525467,Virginia Tech,Old Dominion,Favorite,-15.75,W,3.25,,12.0,27.0,-4.0,5_to_15,ACC,Sun Belt,P4,G6,P4_vs_G6,False,False,ACC,Sun Belt,,,25_plus,neutral,True,5_to_15,fav_14_plus,team_has_rp_edge
2023,1,2023-09-03T16:00:00.000Z,401520171,Rutgers,Northwestern,Favorite,-6.1,W,10.9,,17.0,7.0,26.0,15_to_25,Big Ten,Big Ten,P4,P4,P4_vs_P4,False,False,Big Ten,Big Ten,,,5_to_15,25_plus,True,15_to_25,fav_3_7,team_has_rp_edge
2023,2,2023-09-09T16:00:00.000Z,401523999,Utah,Baylor,Favorite,-7.0,P,0.0,,21.0,32.0,9.0,15_to_25,,,,,,,,,,,,25_plus,5_to_15,True,15_to_25,fav_3_7,team_has_rp_edge
2023,2,2023-09-09T16:00:00.000Z,401525498,James Madison,Virginia,Favorite,-6.0,L,-5.0,,18.0,-4.0,41.0,15_to_25,Sun Belt,ACC,G6,P4,G6_vs_P4,False,False,Sun Belt,ACC,,,neutral,25_plus,True,15_to_25,fav_3_7,team_has_rp_edge
2023,2,2023-09-09T16:00:00.000Z,401520188,Nebraska,Colorado,Underdog,2.8333333333333335,L,-19.166666666666668,,12.0,15.0,9.0,5_to_15,,,,,,,,,,,,15_to_25,5_to_15,True,5_to_15,pick_to_3,team_has_rp_edge
2023,2,2023-09-09T19:30:00.000Z,401525497,Syracuse,Western Michigan,Favorite,-24.666666666666668,W,16.333333333333332,,24.0,42.0,5.0,15_to_25,ACC,MAC,P4,G6,P4_vs_G6,False,False,ACC,MAC,,,25_plus,5_to_15,True,15_to_25,fav_14_plus,team_has_rp_edge
2023,2,2023-09-09T21:00:00.000Z,401524004,Washington,Tulsa,Favorite,-33.666666666666664,L,-0.6666666666666643,,33.0,36.0,32.0,25_plus,,,,,,,,,,,,25_plus,25_plus,True,25_plus,fav_14_plus,team_has_rp_edge
2023,2,2023-09-09T23:00:00.000Z,401520183,Texas,Alabama,Underdog,7.166666666666667,W,17.166666666666668,,34.0,47.0,20.0,25_plus,Big 12,SEC,P4,P4,P4_vs_P4,False,False,Big 12,SEC,,,25_plus,15_to_25,True,25_plus,dog_3_7,team_has_rp_edge
2023,2,2023-09-10T00:00:00.000Z,401520211,Sam Houston,Air Force,Underdog,13.166666666666666,W,3.166666666666666,,12.0,-2.0,28.0,5_to_15,Conference USA,Mountain West,G6,G6,G6_vs_G6,False,False,,Mountain West,,,neutral,25_plus,True,5_to_15,dog_7_14,team_has_rp_edge
2023,2,2023-09-10T02:30:00.000Z,401524003,USC,Stanford,Favorite,-28.666666666666668,W,17.333333333333332,,41.0,39.0,44.0,25_plus,,,,,,,,,,,,25_plus,25_plus,True,25_plus,fav_14_plus,team_has_rp_edge
2023,3,2023-09-16T16:00:00.000Z,401520230,Indiana,Louisville,Underdog,10.0,W,3.0,,13.0,15.0,11.0,5_to_15,Big Ten,ACC,P4,P4,P4_vs_P4,False,False,Big Ten,ACC,,,15_to_25,5_to_15,True,5_to_15,dog_7_14,team_has_rp_edge
2023,3,2023-09-16T19:30:00.000Z,401520223,Duke,Northwestern,Favorite,-17.0,W,7.0,,15.0,16.0,14.0,15_to_25,ACC,Big Ten,P4,P4,P4_vs_P4,False,False,ACC,Big Ten,,,15_to_25,5_to_15,True,15_to_25,fav_14_plus,team_has_rp_edge
2023,3,2023-09-16T20:00:00.000Z,401520245,Texas A&M,UL Monroe,Favorite,-36.5,W,7.5,,28.0,16.0,38.0,25_plus,SEC,Sun Belt,P4,G6,P4_vs_G6,False,False,SEC,Sun Belt,,,15_to_25,25_plus,True,25_plus,fav_14_plus,team_has_rp_edge
2023,3,2023-09-16T23:00:00.000Z,401525835,Miami (OH),Cincinnati,Underdog,14.25,W,21.25,,23.0,12.0,34.0,15_to_25,MAC,Big 12,G6,P4,G6_vs_P4,False,True,MAC,American,,0.0,5_to_15,25_plus,True,15_to_25,dog_7_14,team_has_rp_edge
2023,3,2023-09-16T23:30:00.000Z,401520232,Michigan,Bowling Green,Favorite,-40.75,L,-15.75,,22.0,30.0,15.0,15_to_25,Big Ten,MAC,P4,G6,P4_vs_G6,False,False,Big Ten,MAC,,,25_plus,15_to_25,True,15_to_25,fav_14_plus,team_has_rp_edge
2023,3,2023-09-17T02:30:00.000Z,401525837,Kansas,Nevada,Favorite,-28.5,L,-21.5,,32.0,37.0,27.0,25_plus,Big 12,Mountain West,P4,G6,P4_vs_G6,False,False,Big 12,Mountain West,,,25_plus,25_plus,True,25_plus,fav_14_plus,team_has_rp_edge
2023,4,2023-09-23T17:30:00.000Z,401532406,Toledo,Western Michigan,Favorite,-21.5,L,-3.5,,28.0,51.0,5.0,25_plus,MAC,MAC,G6,G6,G6_vs_G6,False,False,MAC,MAC,,,25_plus,5_to_15,True,25_plus,fav_14_plus,team_has_rp_edge
2023,4,2023-09-23T19:30:00.000Z,401525506,Boston College,Louisville,Underdog,13.833333333333334,L,-14.166666666666666,,22.0,28.0,18.0,15_to_25,ACC,ACC,P4,P4,P4_vs_P4,False,False,ACC,ACC,,,25_plus,15_to_25,True,15_to_25,dog_7_14,team_has_rp_edge
2023,4,2023-09-23T19:30:00.000Z,401520250,Ole Miss,Alabama,Underdog,7.0,L,-7.0,,31.0,42.0,19.0,25_plus,SEC,SEC,P4,P4,P4_vs_P4,False,False,SEC,SEC,,,25_plus,15_to_25,True,25_plus,dog_3_7,team_has_rp_edge
2023,4,2023-09-23T20:00:00.000Z,401531423,Rice,South Florida,Favorite,-2.5,L,-15.5,,17.0,5.0,28.0,15_to_25,American,American,G6,G6,G6_vs_G6,True,False,Conference USA,American,0.0,,5_to_15,25_plus,True,15_to_25,pick_to_3,team_has_rp_edge
2023,4,2023-09-23T23:00:00.000Z,401520258,LSU,Arkansas,Favorite,-17.666666666666668,L,-14.666666666666668,,17.0,30.0,2.0,15_to_25,SEC,SEC,P4,P4,P4_vs_P4,False,False,SEC,SEC,,,25_plus,neutral,True,15_to_25,fav_14_plus,team_has_rp_edge
2023,4,2023-09-23T23:30:00.000Z,401525844,Texas,Baylor,Favorite,-16.5,W,15.5,,19.0,34.0,3.0,15_to_25,Big 12,Big 12,P4,P4,P4_vs_P4,False,False,Big 12,Big 12,,,25_plus,neutral,True,15_to_25,fav_14_plus,team_has_rp_edge
2024,1,2024-08-30T00:00:00.000Z,401640998,Jacksonville State,Coastal Carolina,Favorite,-3.5,L,-31.5,,24.0,15.0,33.0,15_to_25,Conference USA,Sun Belt,G6,G6,G6_vs_G6,False,False,Conference USA,Sun Belt,,,15_to_25,25_plus,True,15_to_25,fav_3_7,team_has_rp_edge
2024,1,2024-08-30T00:00:00.000Z,401628448,Minnesota,North Carolina,Underdog,0.3333333333333333,L,-1.6666666666666667,,34.0,32.0,37.0,25_plus,Big Ten,ACC,P4,P4,P4_vs_P4,False,False,Big Ten,ACC,,,25_plus,25_plus,True,25_plus,pick_to_3,team_has_rp_edge
2024,1,2024-08-31T19:30:00.000Z,401628454,Nebraska,UTEP,Favorite,-27.5,W,5.5,0.5,32.0,28.0,36.0,25_plus,Big Ten,Conference USA,P4,G6,P4_vs_G6,False,False,Big Ten,Conference USA,,,25_plus,25_plus,True,25_plus,fav_14_plus,team_has_rp_edge
2024,1,2024-08-31T19:30:00.000Z,401634304,Syracuse,Ohio,Favorite,-17.333333333333332,L,-1.333333333333332,,47.0,48.0,45.0,25_plus,ACC,MAC,P4,G6,P4_vs_G6,False,False,ACC,MAC,,,25_plus,25_plus,True,25_plus,fav_14_plus,team_has_rp_edge
2024,1,2024-09-01T02:30:00.000Z,401636608,Arizona,New Mexico,Favorite,-29.166666666666668,L,-7.166666666666668,,26.0,16.0,36.0,25_plus,Big 12,Mountain West,P4,G6,P4_vs_G6,True,False,Pac-12,Mountain West,0.0,,15_to_25,25_plus,True,25_plus,fav_14_plus,team_has_rp_edge
2024,2,2024-09-07T01:00:00.000Z,401635533,Northwestern,Duke,Favorite,-2.1666666666666665,L,-8.166666666666666,-1.0,21.0,7.0,35.0,15_to_25,Big Ten,ACC,P4,P4,P4_vs_P4,False,False,Big Ten,ACC,,,5_to_15,25_plus,True,15_to_25,pick_to_3,team_has_rp_edge
2024,2,2024-09-07T16:00:00.000Z,401643784,Memphis,Troy,Favorite,-18.666666666666668,W,2.333333333333332,1.5,33.0,45.0,23.0,25_plus,American,Sun Belt,G6,G6,G6_vs_G6,False,False,American,Sun Belt,,,25_plus,15_to_25,True,25_plus,fav_14_plus,team_has_rp_edge
2024,2,2024-09-07T16:00:00.000Z,401628470,Penn State,Bowling Green,Favorite,-34.833333333333336,L,-27.833333333333336,3.0,22.0,29.0,14.0,15_to_25,Big Ten,MAC,P4,G6,P4_vs_G6,False,False,Big Ten,MAC,,,25_plus,5_to_15,True,15_to_25,fav_14_plus,team_has_rp_edge
2024,2,2024-09-07T16:00:00.000Z,401628471,Rutgers,Akron,Favorite,-24.5,W,7.5,1.5,21.0,6.0,36.0,15_to_25,Big Ten,MAC,P4,G6,P4_vs_G6,False,False,Big Ten,MAC,,,5_to_15,25_plus,True,15_to_25,fav_14_plus,team_has_rp_edge
2024,2,2024-09-07T16:00:00.000Z,401628347,Texas,Michigan,Favorite,-6.666666666666667,W,12.333333333333332,-1.0,34.0,27.0,42.0,25_plus,SEC,Big Ten,P4,P4,P4_vs_P4,True,False,Big 12,Big Ten,0.0,,25_plus,25_plus,True,25_plus,fav_3_7,team_has_rp_edge
2024,2,2024-09-07T19:30:00.000Z,401645324,Navy,Temple,Favorite,-12.166666666666666,W,14.833333333333334,0.5,14.0,1.0,27.0,5_to_15,American,American,G6,G6,G6_vs_G6,False,False,American,American,,,neutral,25_plus,True,5_to_15,fav_7_14,team_has_rp_edge
2024,2,2024-09-07T23:00:00.000Z,401628335,South Florida,Alabama,Underdog,31.666666666666668,W,5.666666666666668,0.5,28.0,54.0,2.0,25_plus,American,SEC,G6,P4,G6_vs_P4,False,False,American,SEC,,,25_plus,neutral,True,25_plus,dog_14_plus,team_has_rp_edge
2024,2,2024-09-07T23:00:00.000Z,401628344,Missouri,Buffalo,Favorite,-33.666666666666664,W,4.333333333333336,-2.0,39.0,51.0,27.0,25_plus,SEC,MAC,P4,G6,P4_vs_G6,False,False,SEC,MAC,,,25_plus,25_plus,True,25_plus,fav_14_plus,team_has_rp_edge
2024,2,2024-09-07T23:00:00.000Z,401643780,UAB,UL Monroe,Favorite,-11.5,L,-37.5,-0.5,26.0,40.0,13.0,25_plus,American,Sun Belt,G6,G6,G6_vs_G6,False,False,American,Sun Belt,,,25_plus,5_to_15,True,25_plus,fav_7_14,team_has_rp_edge
2024,3,2024-09-14T16:00:00.000Z,401628350,Wisconsin,Alabama,Underdog,15.166666666666666,L,-16.833333333333336,-6.0,27.0,37.0,15.0,25_plus,Big Ten,SEC,P4,P4,P4_vs_P4,False,False,Big Ten,SEC,,,25_plus,15_to_25,True,25_plus,dog_14_plus,team_has_rp_edge
2024,3,2024-09-14T19:30:00.000Z,401628483,Oregon,Oregon State,Favorite,-17.666666666666668,W,17.333333333333332,-2.5,29.0,42.0,16.0,25_plus,,,,,,,,,,,,25_plus,15_to_25,True,25_plus,fav_14_plus,team_has_rp_edge
2024,3,2024-09-14T20:00:00.000Z,401628477,Iowa,Troy,Favorite,-23.333333333333332,L,-6.333333333333332,0.0,33.0,51.0,16.0,25_plus,Big Ten,Sun Belt,P4,G6,P4_vs_G6,False,False,Big Ten,Sun Belt,,,25_plus,15_to_25,True,25_plus,fav_14_plus,team_has_rp_edge
2024,3,2024-09-14T20:15:00.000Z,401628351,UAB,Arkansas,Underdog,23.666666666666668,W,13.666666666666668,0.0,20.0,40.0,2.0,15_to_25,American,SEC,G6,P4,G6_vs_P4,False,False,American,SEC,,,25_plus,neutral,True,15_to_25,dog_14_plus,team_has_rp_edge
2024,3,2024-09-14T23:00:00.000Z,401628361,Texas,UTSA,Favorite,-35.5,W,13.5,0.0,25.0,35.0,15.0,25_plus,SEC,American,P4,G6,P4_vs_G6,True,False,Big 12,American,0.0,,25_plus,15_to_25,True,25_plus,fav_14_plus,team_has_rp_edge
2024,3,2024-09-14T23:00:00.000Z,401640999,Jacksonville State,Eastern Michigan,Favorite,-1.0,L,-4.0,0.0,23.0,14.0,32.0,15_to_25,Conference USA,MAC,G6,G6,G6_vs_G6,False,False,Conference USA,MAC,,,5_to_15,25_plus,True,15_to_25,pick_to_3,team_has_rp_edge
2024,3,2024-09-14T23:30:00.000Z,401636860,Baylor,Air Force,Favorite,-16.666666666666668,W,11.333333333333332,0.0,41.0,48.0,34.0,25_plus,Big 12,Mountain West,P4,G6,P4_vs_G6,False,False,Big 12,Mountain West,,,25_plus,25_plus,True,25_plus,fav_14_plus,team_has_rp_edge
2024,3,2024-09-14T23:30:00.000Z,401636866,TCU,UCF,Favorite,-2.1666666666666665,L,-3.1666666666666665,4.5,22.0,3.0,40.0,15_to_25,Big 12,Big 12,P4,P4,P4_vs_P4,False,False,Big 12,Big 12,,,neutral,25_plus,True,15_to_25,pick_to_3,team_has_rp_edge
2024,3,2024-09-15T00:00:00.000Z,401628478,Virginia,Maryland,Favorite,-1.1666666666666667,L,-15.166666666666666,0.0,31.0,34.0,28.0,25_plus,ACC,Big Ten,P4,P4,P4_vs_P4,False,False,ACC,Big Ten,,,25_plus,25_plus,True,25_plus,pick_to_3,team_has_rp_edge
2024,3,2024-09-15T02:30:00.000Z,401635541,California,San Diego State,Favorite,-18.666666666666668,W,2.333333333333332,0.0,27.0,36.0,17.0,25_plus,ACC,Mountain West,P4,G6,P4_vs_G6,True,False,Pac-12,Mountain West,0.0,,25_plus,15_to_25,True,25_plus,fav_14_plus,team_has_rp_edge
2024,4,2024-09-21T16:00:00.000Z,401643791,Louisiana,Tulane,Underdog,1.5,L,-6.5,,23.0,20.0,26.0,15_to_25,Sun Belt,American,G6,G6,G6_vs_G6,False,False,Sun Belt,American,,,15_to_25,25_plus,True,15_to_25,pick_to_3,team_has_rp_edge
2024,4,2024-09-21T16:00:00.000Z,401645328,Rice,Army,Underdog,7.333333333333333,L,-15.666666666666668,,26.0,25.0,26.0,25_plus,American,American,G6,G6,G6_vs_G6,False,True,American,Independent,,0.0,25_plus,25_plus,True,25_plus,dog_3_7,team_has_rp_edge
2024,4,2024-09-21T18:00:00.000Z,401635558,Virginia,Coastal Carolina,Favorite,-3.5,W,15.5,0.5,31.0,39.0,24.0,25_plus,ACC,Sun Belt,P4,G6,P4_vs_G6,False,False,ACC,Sun Belt,,,25_plus,15_to_25,True,25_plus,fav_3_7,team_has_rp_edge
2024,4,2024-09-21T23:00:00.000Z,401628491,Northwestern,Washington,Underdog,11.833333333333334,L,-7.166666666666666,-1.5,40.0,12.0,69.0,25_plus,Big Ten,Big Ten,P4,P4,P4_vs_P4,False,True,Big Ten,Pac-12,,0.0,5_to_15,25_plus,True,25_plus,dog_7_14,team_has_rp_edge
2024,4,2024-09-21T23:30:00.000Z,401628372,Texas A&M,Bowling Green,Favorite,-21.166666666666668,L,-15.166666666666668,-2.0,24.0,32.0,15.0,15_to_25,SEC,MAC,P4,G6,P4_vs_G6,False,False,SEC,MAC,,,25_plus,15_to_25,True,15_to_25,fav_14_plus,team_has_rp_edge
2024,4,2024-09-22T00:00:00.000Z,401628371,Texas,UL Monroe,Favorite,-43.0,W,5.0,-3.5,30.0,33.0,27.0,25_plus,SEC,Sun Belt,P4,G6,P4_vs_G6,True,False,Big 12,Sun Belt,0.0,,25_plus,25_plus,True,25_plus,fav_14_plus,team_has_rp_edge
2025,1,2025-08-28T23:00:00.000Z,401762789,Wyoming,Akron,Favorite,-6.0,W,4.0,-4.5,15.0,41.0,-12.0,15_to_25,Mountain West,MAC,G6,G6,G6_vs_G6,False,False,Mountain West,MAC,,,25_plus,minus_5_to_15,True,15_to_25,fav_3_7,team_has_rp_edge
2025,1,2025-08-29T01:00:00.000Z,401762791,Wisconsin,Miami (OH),Favorite,-18.0,L,-1.0,0.5,32.0,18.0,47.0,25_plus,Big Ten,MAC,P4,G6,P4_vs_G6,False,False,Big Ten,MAC,,,15_to_25,25_plus,True,25_plus,fav_14_plus,team_has_rp_edge
2025,1,2025-08-30T00:00:00.000Z,401754375,Georgia Tech,Colorado,Favorite,-3.6666666666666665,W,3.3333333333333335,0.0,14.0,9.0,21.0,5_to_15,ACC,Big 12,P4,P4,P4_vs_P4,False,False,ACC,Big 12,,,5_to_15,15_to_25,True,5_to_15,fav_3_7,team_has_rp_edge
2025,1,2025-08-30T19:30:00.000Z,401752807,Penn State,Nevada,Favorite,-44.166666666666664,L,-9.166666666666664,0.0,34.0,46.0,20.0,25_plus,Big Ten,Mountain West,P4,G6,P4_vs_G6,False,False,Big Ten,Mountain West,,,25_plus,15_to_25,True,25_plus,fav_14_plus,team_has_rp_edge
2025,1,2025-08-30T23:30:00.000Z,401752808,Michigan,New Mexico,Favorite,-35.166666666666664,L,-18.166666666666664,0.0,37.0,38.0,35.0,25_plus,Big Ten,Mountain West,P4,G6,P4_vs_G6,False,False,Big Ten,Mountain West,,,25_plus,25_plus,True,25_plus,fav_14_plus,team_has_rp_edge
2025,2,2025-09-06T16:00:00.000Z,401757227,Liberty,Jacksonville State,Favorite,-6.25,L,-16.25,1.0,38.0,42.0,35.0,25_plus,Conference USA,Conference USA,G6,G6,G6_vs_G6,False,False,Conference USA,Conference USA,,,25_plus,25_plus,True,25_plus,fav_3_7,team_has_rp_edge
2025,2,2025-09-06T19:30:00.000Z,401752818,Rutgers,Miami (OH),Favorite,-15.5,W,12.5,2.0,39.0,31.0,47.0,25_plus,Big Ten,MAC,P4,G6,P4_vs_G6,False,False,Big Ten,MAC,,,25_plus,25_plus,True,25_plus,fav_14_plus,team_has_rp_edge
2025,2,2025-09-06T19:30:00.000Z,401756880,Cincinnati,Bowling Green,Favorite,-22.0,L,-8.0,4.5,30.0,35.0,26.0,25_plus,Big 12,MAC,P4,G6,P4_vs_G6,False,False,Big 12,MAC,,,25_plus,25_plus,True,25_plus,fav_14_plus,team_has_rp_edge
2025,2,2025-09-06T19:30:00.000Z,401756881,Delaware,Colorado,Underdog,23.5,L,-0.5,1.0,15.0,-1.0,32.0,15_to_25,Conference USA,Big 12,G6,P4,G6_vs_P4,False,False,,Big 12,,,neutral,25_plus,True,15_to_25,dog_14_plus,team_has_rp_edge
2025,2,2025-09-06T19:30:00.000Z,401762458,Navy,UAB,Favorite,-21.5,L,-7.5,1.0,24.0,33.0,14.0,15_to_25,American,American,G6,G6,G6_vs_G6,False,False,American,American,,,25_plus,5_to_15,True,15_to_25,fav_14_plus,team_has_rp_edge
2025,2,2025-09-06T23:00:00.000Z,401756884,Houston,Rice,Favorite,-13.5,W,12.5,1.0,26.0,18.0,32.0,25_plus,Big 12,American,P4,G6,P4_vs_G6,False,False,Big 12,American,,,15_to_25,25_plus,True,25_plus,fav_7_14,team_has_rp_edge
2025,2,2025-09-06T23:30:00.000Z,401752687,LSU,Louisiana Tech,Favorite,-36.5,L,-20.5,4.0,14.0,20.0,9.0,5_to_15,SEC,Conference USA,P4,G6,P4_vs_G6,False,False,SEC,Conference USA,,,15_to_25,5_to_15,True,5_to_15,fav_14_plus,team_has_rp_edge
2025,2,2025-09-07T01:00:00.000Z,401757229,New Mexico State,Tulsa,Underdog,3.25,W,10.25,0.0,18.0,17.0,19.0,15_to_25,Conference USA,American,G6,G6,G6_vs_G6,False,False,Conference USA,American,,,15_to_25,15_to_25,True,15_to_25,pick_to_3,team_has_rp_edge
2025,3,2025-09-12T23:30:00.000Z,401756893,Houston,Colorado,Favorite,-3.8333333333333335,W,12.166666666666666,-0.5,15.0,13.0,17.0,15_to_25,Big 12,Big 12,P4,P4,P4_vs_P4,False,False,Big 12,Big 12,,,5_to_15,15_to_25,True,15_to_25,fav_3_7,team_has_rp_edge
2025,3,2025-09-13T16:00:00.000Z,401761608,Troy,Memphis,Underdog,4.5,L,-16.5,,27.0,31.0,23.0,25_plus,Sun Belt,American,G6,G6,G6_vs_G6,False,False,Sun Belt,American,,,25_plus,15_to_25,True,25_plus,dog_3_7,team_has_rp_edge
2025,3,2025-09-13T19:30:00.000Z,401754638,Pittsburgh,West Virginia,Favorite,-6.833333333333333,L,-13.833333333333332,2.5,18.0,12.0,23.0,15_to_25,ACC,Big 12,P4,P4,P4_vs_P4,False,False,ACC,Big 12,,,5_to_15,15_to_25,True,15_to_25,fav_3_7,team_has_rp_edge
2025,3,2025-09-13T21:00:00.000Z,401757256,Liberty,Bowling Green,Favorite,-6.0,L,-16.0,-1.0,28.0,31.0,27.0,25_plus,Conference USA,MAC,G6,G6,G6_vs_G6,False,False,Conference USA,MAC,,,25_plus,25_plus,True,25_plus,fav_3_7,team_has_rp_edge
2025,3,2025-09-13T23:00:00.000Z,401752829,Illinois,Western Michigan,Favorite,-27.5,W,10.5,-1.0,39.0,29.0,51.0,25_plus,Big Ten,MAC,P4,G6,P4_vs_G6,False,False,Big Ten,MAC,,,25_plus,25_plus,True,25_plus,fav_14_plus,team_has_rp_edge
2025,3,2025-09-13T23:30:00.000Z,401757257,New Mexico State,Louisiana Tech,Underdog,10.166666666666666,L,-24.833333333333336,2.0,17.0,24.0,11.0,15_to_25,Conference USA,Conference USA,G6,G6,G6_vs_G6,False,False,Conference USA,Conference USA,,,15_to_25,5_to_15,True,15_to_25,dog_7_14,team_has_rp_edge
2025,3,2025-09-14T00:00:00.000Z,401762465,Navy,Tulsa,Favorite,-13.666666666666666,W,5.333333333333334,-1.0,16.0,21.0,10.0,15_to_25,American,American,G6,G6,G6_vs_G6,False,False,American,American,,,15_to_25,5_to_15,True,15_to_25,fav_7_14,team_has_rp_edge
2025,4,2025-09-20T16:00:00.000Z,401754537,Clemson,Syracuse,Favorite,-17.5,L,-30.5,1.0,31.0,24.0,38.0,25_plus,ACC,ACC,P4,P4,P4_vs_P4,False,False,ACC,ACC,,,15_to_25,25_plus,True,25_plus,fav_14_plus,team_has_rp_edge
2025,4,2025-09-20T19:00:00.000Z,401752841,Oregon State,Oregon,Underdog,34.0,P,0.0,0.0,19.0,11.0,25.0,15_to_25,,,,,,,,,,,,5_to_15,25_plus,True,15_to_25,dog_14_plus,team_has_rp_edge
2025,4,2025-09-21T02:15:00.000Z,401756897,Wyoming,Colorado,Underdog,12.333333333333334,L,-4.666666666666666,1.0,14.0,24.0,4.0,5_to_15,Mountain West,Big 12,G6,P4,G6_vs_P4,False,False,Mountain West,Big 12,,,15_to_25,neutral,True,5_to_15,dog_7_14,team_has_rp_edge
2023,1,2023-08-26T23:00:00.000Z,401532392,Ohio,San Diego State,Underdog,2.9,L,-4.1,,-4.0,38.0,-45.0,neutral,MAC,Mountain West,G6,G6,G6_vs_G6,False,False,MAC,Mountain West,,,25_plus,minus_25,True,neutral,pick_to_3,opponent_has_rp_edge
2023,1,2023-08-26T23:30:00.000Z,401520147,Vanderbilt,Hawai'i,Favorite,-17.625,L,-10.625,,18.0,24.0,11.0,15_to_25,SEC,Mountain West,P4,G6,P4_vs_G6,False,False,SEC,Mountain West,,,15_to_25,5_to_15,True,15_to_25,fav_14_plus,team_has_rp_edge
2023,1,2023-09-01T00:00:00.000Z,401520176,Utah,Florida,Favorite,-6.3,W,6.7,,22.0,30.0,14.0,15_to_25,,,,,,,,,,,,25_plus,5_to_15,True,15_to_25,fav_3_7,team_has_rp_edge
2023,1,2023-09-02T16:00:00.000Z,401520162,Michigan,East Carolina,Favorite,-35.4,L,-8.399999999999999,,47.0,45.0,48.0,25_plus,Big Ten,American,P4,G6,P4_vs_G6,False,False,Big Ten,American,,,25_plus,25_plus,True,25_plus,fav_14_plus,team_has_rp_edge
2023,1,2023-09-02T18:00:00.000Z,401531387,Temple,Akron,Favorite,-9.875,L,-6.875,,14.0,31.0,-2.0,5_to_15,American,MAC,G6,G6,G6_vs_G6,False,False,American,MAC,,,25_plus,neutral,True,5_to_15,fav_7_14,team_has_rp_edge
2023,1,2023-09-02T19:30:00.000Z,401520180,Wisconsin,Buffalo,Favorite,-27.0,L,-6.0,,19.0,26.0,11.0,15_to_25,Big Ten,MAC,P4,G6,P4_vs_G6,False,False,Big Ten,MAC,,,25_plus,5_to_15,True,15_to_25,fav_14_plus,team_has_rp_edge
2023,1,2023-09-02T22:30:00.000Z,401523996,USC,Nevada,Favorite,-37.875,W,14.125,,23.0,21.0,25.0,15_to_25,,,,,,,,,,,,15_to_25,25_plus,True,15_to_25,fav_14_plus,team_has_rp_edge
2023,1,2023-09-02T23:00:00.000Z,401525819,Houston,UTSA,Underdog,1.5,W,4.5,,8.0,29.0,-13.0,5_to_15,Big 12,American,P4,G6,P4_vs_G6,True,True,American,Conference USA,0.0,0.0,25_plus,minus_5_to_15,True,5_to_15,pick_to_3,team_has_rp_edge
2023,1,2023-09-02T23:00:00.000Z,401520173,Texas A&M,New Mexico,Favorite,-37.875,W,4.125,,16.0,33.0,-1.0,15_to_25,SEC,Mountain West,P4,G6,P4_vs_G6,False,False,SEC,Mountain West,,,25_plus,neutral,True,15_to_25,fav_14_plus,team_has_rp_edge
2023,1,2023-09-02T23:30:00.000Z,401525825,Wyoming,Texas Tech,Underdog,13.6,W,15.6,,19.0,30.0,9.0,15_to_25,Mountain West,Big 12,G6,P4,G6_vs_P4,False,False,Mountain West,Big 12,,,25_plus,5_to_15,True,15_to_25,dog_7_14,team_has_rp_edge
2023,1,2023-09-03T00:00:00.000Z,401525467,Virginia Tech,Old Dominion,Favorite,-15.75,W,3.25,,12.0,27.0,-4.0,5_to_15,ACC,Sun Belt,P4,G6,P4_vs_G6,False,False,ACC,Sun Belt,,,25_plus,neutral,True,5_to_15,fav_14_plus,team_has_rp_edge
2023,2,2023-09-09T16:00:00.000Z,401523999,Utah,Baylor,Favorite,-7.0,P,0.0,,21.0,32.0,9.0,15_to_25,,,,,,,,,,,,25_plus,5_to_15,True,15_to_25,fav_3_7,team_has_rp_edge
2023,2,2023-09-09T19:30:00.000Z,401525497,Syracuse,Western Michigan,Favorite,-24.666666666666668,W,16.333333333333332,,24.0,42.0,5.0,15_to_25,ACC,MAC,P4,G6,P4_vs_G6,False,False,ACC,MAC,,,25_plus,5_to_15,True,15_to_25,fav_14_plus,team_has_rp_edge
2023,2,2023-09-09T21:00:00.000Z,401524004,Washington,Tulsa,Favorite,-33.666666666666664,L,-0.6666666666666643,,33.0,36.0,32.0,25_plus,,,,,,,,,,,,25_plus,25_plus,True,25_plus,fav_14_plus,team_has_rp_edge
2023,2,2023-09-09T22:00:00.000Z,401520198,New Mexico State,Liberty,Underdog,9.333333333333334,L,-6.666666666666666,,9.0,30.0,-12.0,5_to_15,Conference USA,Conference USA,G6,G6,G6_vs_G6,True,True,Independent,Independent,0.0,0.0,25_plus,minus_5_to_15,True,5_to_15,dog_7_14,team_has_rp_edge
2023,2,2023-09-09T22:00:00.000Z,401531842,Louisiana,Old Dominion,Favorite,-6.0,L,-13.0,,9.0,32.0,-15.0,5_to_15,Sun Belt,Sun Belt,G6,G6,G6_vs_G6,False,False,Sun Belt,Sun Belt,,,25_plus,minus_15_to_25,True,5_to_15,fav_3_7,team_has_rp_edge
2023,2,2023-09-09T23:00:00.000Z,401520183,Texas,Alabama,Underdog,7.166666666666667,W,17.166666666666668,,34.0,47.0,20.0,25_plus,Big 12,SEC,P4,P4,P4_vs_P4,False,False,Big 12,SEC,,,25_plus,15_to_25,True,25_plus,dog_3_7,team_has_rp_edge
2023,2,2023-09-09T23:30:00.000Z,401520217,Wisconsin,Washington State,Favorite,-5.333333333333333,L,-14.333333333333332,,10.0,25.0,-5.0,5_to_15,,,,,,,,,,,,25_plus,minus_5_to_15,True,5_to_15,fav_3_7,team_has_rp_edge
2023,2,2023-09-10T00:30:00.000Z,401525493,Florida State,Southern Miss,Favorite,-31.0,W,22.0,,27.0,27.0,26.0,25_plus,ACC,Sun Belt,P4,G6,P4_vs_G6,False,False,ACC,Sun Belt,,,25_plus,25_plus,True,25_plus,fav_14_plus,team_has_rp_edge
2023,2,2023-09-10T02:30:00.000Z,401524003,USC,Stanford,Favorite,-28.666666666666668,W,17.333333333333332,,41.0,39.0,44.0,25_plus,,,,,,,,,,,,25_plus,25_plus,True,25_plus,fav_14_plus,team_has_rp_edge
2023,3,2023-09-16T19:30:00.000Z,401524009,Oregon State,San Diego State,Favorite,-24.5,L,-7.5,,9.0,38.0,-19.0,5_to_15,,,,,,,,,,,,25_plus,minus_15_to_25,True,5_to_15,fav_14_plus,team_has_rp_edge
2023,3,2023-09-16T20:00:00.000Z,401531348,Tulane,Southern Miss,Favorite,-7.75,W,10.25,,11.0,20.0,0.0,5_to_15,American,Sun Belt,G6,G6,G6_vs_G6,False,False,American,Sun Belt,,,15_to_25,neutral,True,5_to_15,fav_7_14,team_has_rp_edge
2023,3,2023-09-16T23:00:00.000Z,401531379,Louisiana,UAB,Underdog,2.0,W,22.0,,27.0,36.0,18.0,25_plus,Sun Belt,American,G6,G6,G6_vs_G6,False,True,Sun Belt,Conference USA,,0.0,25_plus,15_to_25,True,25_plus,pick_to_3,team_has_rp_edge
2023,3,2023-09-16T23:30:00.000Z,401520232,Michigan,Bowling Green,Favorite,-40.75,L,-15.75,,22.0,30.0,15.0,15_to_25,Big Ten,MAC,P4,G6,P4_vs_G6,False,False,Big Ten,MAC,,,25_plus,15_to_25,True,15_to_25,fav_14_plus,team_has_rp_edge
2023,3,2023-09-17T02:30:00.000Z,401525837,Kansas,Nevada,Favorite,-28.5,L,-21.5,,32.0,37.0,27.0,25_plus,Big 12,Mountain West,P4,G6,P4_vs_G6,False,False,Big 12,Mountain West,,,25_plus,25_plus,True,25_plus,fav_14_plus,team_has_rp_edge
2023,4,2023-09-23T02:30:00.000Z,401532583,Boise State,San Diego State,Favorite,-5.833333333333333,L,-2.833333333333333,,11.0,38.0,-16.0,5_to_15,Mountain West,Mountain West,G6,G6,G6_vs_G6,False,False,Mountain West,Mountain West,,,25_plus,minus_15_to_25,True,5_to_15,fav_3_7,team_has_rp_edge
2023,4,2023-09-23T17:30:00.000Z,401532406,Toledo,Western Michigan,Favorite,-21.5,L,-3.5,,28.0,51.0,5.0,25_plus,MAC,MAC,G6,G6,G6_vs_G6,False,False,MAC,MAC,,,25_plus,5_to_15,True,25_plus,fav_14_plus,team_has_rp_edge
2023,4,2023-09-23T19:30:00.000Z,401525506,Boston College,Louisville,Underdog,13.833333333333334,L,-14.166666666666666,,22.0,28.0,18.0,15_to_25,ACC,ACC,P4,P4,P4_vs_P4,False,False,ACC,ACC,,,25_plus,15_to_25,True,15_to_25,dog_7_14,team_has_rp_edge
2023,4,2023-09-23T19:30:00.000Z,401520250,Ole Miss,Alabama,Underdog,7.0,L,-7.0,,31.0,42.0,19.0,25_plus,SEC,SEC,P4,P4,P4_vs_P4,False,False,SEC,SEC,,,25_plus,15_to_25,True,25_plus,dog_3_7,team_has_rp_edge
2023,4,2023-09-23T19:30:00.000Z,401532405,Ohio,Bowling Green,Favorite,-13.0,W,18.0,,-7.0,24.0,-37.0,minus_5_to_15,MAC,MAC,G6,G6,G6_vs_G6,False,False,MAC,MAC,,,15_to_25,minus_25,True,5_to_15,fav_7_14,opponent_has_rp_edge
2023,4,2023-09-23T23:00:00.000Z,401524019,Washington State,Oregon State,Underdog,3.0,W,6.0,,-3.0,21.0,-28.0,neutral,,,,,,,,,,,,15_to_25,minus_25,True,neutral,pick_to_3,opponent_has_rp_edge
2023,4,2023-09-23T23:00:00.000Z,401524019,Oregon State,Washington State,Favorite,-3.0,L,-6.0,,3.0,28.0,-21.0,neutral,,,,,,,,,,,,25_plus,minus_15_to_25,True,neutral,pick_to_3,team_has_rp_edge
2023,4,2023-09-23T23:00:00.000Z,401520258,LSU,Arkansas,Favorite,-17.666666666666668,L,-14.666666666666668,,17.0,30.0,2.0,15_to_25,SEC,SEC,P4,P4,P4_vs_P4,False,False,SEC,SEC,,,25_plus,neutral,True,15_to_25,fav_14_plus,team_has_rp_edge
2023,4,2023-09-23T23:30:00.000Z,401531875,Louisiana,Buffalo,Favorite,-10.333333333333334,L,-3.333333333333334,,13.0,29.0,-3.0,5_to_15,Sun Belt,MAC,G6,G6,G6_vs_G6,False,False,Sun Belt,MAC,,,25_plus,neutral,True,5_to_15,fav_7_14,team_has_rp_edge
2023,4,2023-09-23T23:30:00.000Z,401525844,Texas,Baylor,Favorite,-16.5,W,15.5,,19.0,34.0,3.0,15_to_25,Big 12,Big 12,P4,P4,P4_vs_P4,False,False,Big 12,Big 12,,,25_plus,neutral,True,15_to_25,fav_14_plus,team_has_rp_edge
2023,4,2023-09-24T03:59:00.000Z,401520253,New Mexico State,Hawai'i,Underdog,3.6666666666666665,W,0.6666666666666665,,17.0,28.0,6.0,15_to_25,Conference USA,Mountain West,G6,G6,G6_vs_G6,True,False,Independent,Mountain West,0.0,,25_plus,5_to_15,True,15_to_25,dog_3_7,team_has_rp_edge
2024,1,2024-08-30T00:00:00.000Z,401628448,Minnesota,North Carolina,Underdog,0.3333333333333333,L,-1.6666666666666667,,34.0,32.0,37.0,25_plus,Big Ten,ACC,P4,P4,P4_vs_P4,False,False,Big Ten,ACC,,,25_plus,25_plus,True,25_plus,pick_to_3,team_has_rp_edge
2024,1,2024-08-31T16:00:00.000Z,401628323,Georgia,Clemson,Favorite,-11.666666666666666,W,19.333333333333336,,1.0,27.0,-24.0,neutral,SEC,ACC,P4,P4,P4_vs_P4,False,False,SEC,ACC,,,25_plus,minus_15_to_25,True,neutral,fav_7_14,team_has_rp_edge
2024,1,2024-08-31T19:30:00.000Z,401628322,Florida,Miami,Underdog,2.5,L,-21.5,,2.0,17.0,-13.0,neutral,SEC,ACC,P4,P4,P4_vs_P4,False,False,SEC,ACC,,,15_to_25,minus_5_to_15,True,neutral,pick_to_3,team_has_rp_edge
2024,1,2024-08-31T19:30:00.000Z,401628454,Nebraska,UTEP,Favorite,-27.5,W,5.5,0.5,32.0,28.0,36.0,25_plus,Big Ten,Conference USA,P4,G6,P4_vs_G6,False,False,Big Ten,Conference USA,,,25_plus,25_plus,True,25_plus,fav_14_plus,team_has_rp_edge
2024,1,2024-08-31T19:30:00.000Z,401634304,Syracuse,Ohio,Favorite,-17.333333333333332,L,-1.333333333333332,,47.0,48.0,45.0,25_plus,ACC,MAC,P4,G6,P4_vs_G6,False,False,ACC,MAC,,,25_plus,25_plus,True,25_plus,fav_14_plus,team_has_rp_edge
2024,2,2024-09-07T16:00:00.000Z,401643784,Memphis,Troy,Favorite,-18.666666666666668,W,2.333333333333332,1.5,33.0,45.0,23.0,25_plus,American,Sun Belt,G6,G6,G6_vs_G6,False,False,American,Sun Belt,,,25_plus,15_to_25,True,25_plus,fav_14_plus,team_has_rp_edge
2024,2,2024-09-07T16:00:00.000Z,401628470,Penn State,Bowling Green,Favorite,-34.833333333333336,L,-27.833333333333336,3.0,22.0,29.0,14.0,15_to_25,Big Ten,MAC,P4,G6,P4_vs_G6,False,False,Big Ten,MAC,,,25_plus,5_to_15,True,15_to_25,fav_14_plus,team_has_rp_edge
2024,2,2024-09-07T16:00:00.000Z,401628347,Texas,Michigan,Favorite,-6.666666666666667,W,12.333333333333332,-1.0,34.0,27.0,42.0,25_plus,SEC,Big Ten,P4,P4,P4_vs_P4,True,False,Big 12,Big Ten,0.0,,25_plus,25_plus,True,25_plus,fav_3_7,team_has_rp_edge
2024,2,2024-09-07T16:00:00.000Z,401635534,Syracuse,Georgia Tech,Underdog,2.8333333333333335,W,5.833333333333334,-0.5,8.0,32.0,-16.0,5_to_15,ACC,ACC,P4,P4,P4_vs_P4,False,False,ACC,ACC,,,25_plus,minus_15_to_25,True,5_to_15,pick_to_3,team_has_rp_edge
2024,2,2024-09-07T20:15:00.000Z,401628342,Ole Miss,Middle Tennessee,Favorite,-42.5,W,6.5,2.5,16.0,39.0,-5.0,15_to_25,SEC,Conference USA,P4,G6,P4_vs_G6,False,False,SEC,Conference USA,,,25_plus,minus_5_to_15,True,15_to_25,fav_14_plus,team_has_rp_edge
2024,2,2024-09-07T22:00:00.000Z,401643778,Old Dominion,East Carolina,Favorite,-1.6666666666666667,L,-7.666666666666667,-1.0,5.0,33.0,-21.0,5_to_15,Sun Belt,American,G6,G6,G6_vs_G6,False,False,Sun Belt,American,,,25_plus,minus_15_to_25,True,5_to_15,pick_to_3,team_has_rp_edge
2024,2,2024-09-07T23:00:00.000Z,401628335,South Florida,Alabama,Underdog,31.666666666666668,W,5.666666666666668,0.5,28.0,54.0,2.0,25_plus,American,SEC,G6,P4,G6_vs_P4,False,False,American,SEC,,,25_plus,neutral,True,25_plus,dog_14_plus,team_has_rp_edge
2024,2,2024-09-07T23:00:00.000Z,401628344,Missouri,Buffalo,Favorite,-33.666666666666664,W,4.333333333333336,-2.0,39.0,51.0,27.0,25_plus,SEC,MAC,P4,G6,P4_vs_G6,False,False,SEC,MAC,,,25_plus,25_plus,True,25_plus,fav_14_plus,team_has_rp_edge
2024,2,2024-09-07T23:00:00.000Z,401643780,UAB,UL Monroe,Favorite,-11.5,L,-37.5,-0.5,26.0,40.0,13.0,25_plus,American,Sun Belt,G6,G6,G6_vs_G6,False,False,American,Sun Belt,,,25_plus,5_to_15,True,25_plus,fav_7_14,team_has_rp_edge
2024,3,2024-09-14T16:00:00.000Z,401628350,Wisconsin,Alabama,Underdog,15.166666666666666,L,-16.833333333333336,-6.0,27.0,37.0,15.0,25_plus,Big Ten,SEC,P4,P4,P4_vs_P4,False,False,Big Ten,SEC,,,25_plus,15_to_25,True,25_plus,dog_14_plus,team_has_rp_edge
2024,3,2024-09-14T16:45:00.000Z,401628357,Missouri,Boston College,Favorite,-15.166666666666666,L,-9.166666666666666,-2.5,1.0,26.0,-22.0,neutral,SEC,ACC,P4,P4,P4_vs_P4,False,False,SEC,ACC,,,25_plus,minus_15_to_25,True,neutral,fav_14_plus,team_has_rp_edge
2024,3,2024-09-14T19:30:00.000Z,401628483,Oregon,Oregon State,Favorite,-17.666666666666668,W,17.333333333333332,-2.5,29.0,42.0,16.0,25_plus,,,,,,,,,,,,25_plus,15_to_25,True,25_plus,fav_14_plus,team_has_rp_edge
2024,3,2024-09-14T20:00:00.000Z,401628477,Iowa,Troy,Favorite,-23.333333333333332,L,-6.333333333333332,0.0,33.0,51.0,16.0,25_plus,Big Ten,Sun Belt,P4,G6,P4_vs_G6,False,False,Big Ten,Sun Belt,,,25_plus,15_to_25,True,25_plus,fav_14_plus,team_has_rp_edge
2024,3,2024-09-14T20:15:00.000Z,401628351,UAB,Arkansas,Underdog,23.666666666666668,W,13.666666666666668,0.0,20.0,40.0,2.0,15_to_25,American,SEC,G6,P4,G6_vs_P4,False,False,American,SEC,,,25_plus,neutral,True,15_to_25,dog_14_plus,team_has_rp_edge
2024,3,2024-09-14T23:00:00.000Z,401628361,Texas,UTSA,Favorite,-35.5,W,13.5,0.0,25.0,35.0,15.0,25_plus,SEC,American,P4,G6,P4_vs_G6,True,False,Big 12,American,0.0,,25_plus,15_to_25,True,25_plus,fav_14_plus,team_has_rp_edge
2024,3,2024-09-14T23:30:00.000Z,401628354,Georgia,Kentucky,Favorite,-22.5,L,-21.5,-1.5,16.0,24.0,10.0,15_to_25,SEC,SEC,P4,P4,P4_vs_P4,False,False,SEC,SEC,,,15_to_25,5_to_15,True,15_to_25,fav_14_plus,team_has_rp_edge
2024,3,2024-09-14T23:30:00.000Z,401636860,Baylor,Air Force,Favorite,-16.666666666666668,W,11.333333333333332,0.0,41.0,48.0,34.0,25_plus,Big 12,Mountain West,P4,G6,P4_vs_G6,False,False,Big 12,Mountain West,,,25_plus,25_plus,True,25_plus,fav_14_plus,team_has_rp_edge
2024,3,2024-09-15T00:00:00.000Z,401628478,Virginia,Maryland,Favorite,-1.1666666666666667,L,-15.166666666666666,0.0,31.0,34.0,28.0,25_plus,ACC,Big Ten,P4,P4,P4_vs_P4,False,False,ACC,Big Ten,,,25_plus,25_plus,True,25_plus,pick_to_3,team_has_rp_edge
2024,3,2024-09-15T02:30:00.000Z,401635541,California,San Diego State,Favorite,-18.666666666666668,W,2.333333333333332,0.0,27.0,36.0,17.0,25_plus,ACC,Mountain West,P4,G6,P4_vs_G6,True,False,Pac-12,Mountain West,0.0,,25_plus,15_to_25,True,25_plus,fav_14_plus,team_has_rp_edge
2024,4,2024-09-21T16:00:00.000Z,401643791,Louisiana,Tulane,Underdog,1.5,L,-6.5,,23.0,20.0,26.0,15_to_25,Sun Belt,American,G6,G6,G6_vs_G6,False,False,Sun Belt,American,,,15_to_25,25_plus,True,15_to_25,pick_to_3,team_has_rp_edge
2024,4,2024-09-21T18:00:00.000Z,401635558,Virginia,Coastal Carolina,Favorite,-3.5,W,15.5,0.5,31.0,39.0,24.0,25_plus,ACC,Sun Belt,P4,G6,P4_vs_G6,False,False,ACC,Sun Belt,,,25_plus,15_to_25,True,25_plus,fav_3_7,team_has_rp_edge
2024,4,2024-09-21T19:30:00.000Z,401628363,Auburn,Arkansas,Favorite,-2.5,L,-12.5,-1.0,19.0,33.0,5.0,15_to_25,SEC,SEC,P4,P4,P4_vs_P4,False,False,SEC,SEC,,,25_plus,5_to_15,True,15_to_25,pick_to_3,team_has_rp_edge
2024,4,2024-09-21T23:00:00.000Z,401635555,South Florida,Miami,Underdog,16.333333333333332,L,-18.666666666666668,2.0,6.0,34.0,-21.0,5_to_15,American,ACC,G6,P4,G6_vs_P4,False,False,American,ACC,,,25_plus,minus_15_to_25,True,5_to_15,dog_14_plus,team_has_rp_edge
2024,4,2024-09-21T23:30:00.000Z,401628372,Texas A&M,Bowling Green,Favorite,-21.166666666666668,L,-15.166666666666668,-2.0,24.0,32.0,15.0,15_to_25,SEC,MAC,P4,G6,P4_vs_G6,False,False,SEC,MAC,,,25_plus,15_to_25,True,15_to_25,fav_14_plus,team_has_rp_edge
2024,4,2024-09-22T00:00:00.000Z,401628371,Texas,UL Monroe,Favorite,-43.0,W,5.0,-3.5,30.0,33.0,27.0,25_plus,SEC,Sun Belt,P4,G6,P4_vs_G6,True,False,Big 12,Sun Belt,0.0,,25_plus,25_plus,True,25_plus,fav_14_plus,team_has_rp_edge
2025,1,2025-08-28T23:00:00.000Z,401762789,Wyoming,Akron,Favorite,-6.0,W,4.0,-4.5,15.0,41.0,-12.0,15_to_25,Mountain West,MAC,G6,G6,G6_vs_G6,False,False,Mountain West,MAC,,,25_plus,minus_5_to_15,True,15_to_25,fav_3_7,team_has_rp_edge
2025,1,2025-08-30T19:30:00.000Z,401752807,Penn State,Nevada,Favorite,-44.166666666666664,L,-9.166666666666664,0.0,34.0,46.0,20.0,25_plus,Big Ten,Mountain West,P4,G6,P4_vs_G6,False,False,Big Ten,Mountain West,,,25_plus,15_to_25,True,25_plus,fav_14_plus,team_has_rp_edge
2025,1,2025-08-31T03:00:00.000Z,401752800,Utah,UCLA,Favorite,-6.5,W,26.5,3.5,18.0,39.0,-2.0,15_to_25,Big 12,Big Ten,P4,P4,P4_vs_P4,False,False,Big 12,Big Ten,,,25_plus,neutral,True,15_to_25,fav_3_7,team_has_rp_edge
2025,2,2025-09-06T19:30:00.000Z,401756880,Cincinnati,Bowling Green,Favorite,-22.0,L,-8.0,4.5,30.0,35.0,26.0,25_plus,Big 12,MAC,P4,G6,P4_vs_G6,False,False,Big 12,MAC,,,25_plus,25_plus,True,25_plus,fav_14_plus,team_has_rp_edge
2025,2,2025-09-06T19:30:00.000Z,401762458,Navy,UAB,Favorite,-21.5,L,-7.5,1.0,24.0,33.0,14.0,15_to_25,American,American,G6,G6,G6_vs_G6,False,False,American,American,,,25_plus,5_to_15,True,15_to_25,fav_14_plus,team_has_rp_edge
2025,2,2025-09-06T23:00:00.000Z,401757232,Toledo,Western Kentucky,Favorite,-8.0,W,16.0,1.0,26.0,42.0,10.0,25_plus,MAC,Conference USA,G6,G6,G6_vs_G6,False,False,MAC,Conference USA,,,25_plus,5_to_15,True,25_plus,fav_7_14,team_has_rp_edge
2025,2,2025-09-06T23:30:00.000Z,401752687,LSU,Louisiana Tech,Favorite,-36.5,L,-20.5,4.0,14.0,20.0,9.0,5_to_15,SEC,Conference USA,P4,G6,P4_vs_G6,False,False,SEC,Conference USA,,,15_to_25,5_to_15,True,5_to_15,fav_14_plus,team_has_rp_edge
2025,2,2025-09-06T23:30:00.000Z,401752810,Nebraska,Akron,Favorite,-33.75,W,34.25,0.0,11.0,30.0,-7.0,5_to_15,Big Ten,MAC,P4,G6,P4_vs_G6,False,False,Big Ten,MAC,,,25_plus,minus_5_to_15,True,5_to_15,fav_14_plus,team_has_rp_edge
2025,3,2025-09-13T16:00:00.000Z,401761608,Troy,Memphis,Underdog,4.5,L,-16.5,,27.0,31.0,23.0,25_plus,Sun Belt,American,G6,G6,G6_vs_G6,False,False,Sun Belt,American,,,25_plus,15_to_25,True,25_plus,dog_3_7,team_has_rp_edge
2025,3,2025-09-13T16:00:00.000Z,401752703,Oklahoma,Temple,Favorite,-23.833333333333332,W,15.166666666666668,-1.0,18.0,35.0,1.0,15_to_25,SEC,American,P4,G6,P4_vs_G6,False,False,SEC,American,,,25_plus,neutral,True,15_to_25,fav_14_plus,team_has_rp_edge
2025,3,2025-09-13T23:00:00.000Z,401752700,Arkansas,Ole Miss,Underdog,3.8333333333333335,L,-2.1666666666666665,4.0,15.0,20.0,10.0,15_to_25,SEC,SEC,P4,P4,P4_vs_P4,False,False,SEC,SEC,,,15_to_25,5_to_15,True,15_to_25,dog_3_7,team_has_rp_edge
2025,3,2025-09-13T23:30:00.000Z,401757257,New Mexico State,Louisiana Tech,Underdog,10.166666666666666,L,-24.833333333333336,2.0,17.0,24.0,11.0,15_to_25,Conference USA,Conference USA,G6,G6,G6_vs_G6,False,False,Conference USA,Conference USA,,,15_to_25,5_to_15,True,15_to_25,dog_7_14,team_has_rp_edge
2025,3,2025-09-14T00:00:00.000Z,401756895,Utah,Wyoming,Favorite,-24.5,W,0.5,2.0,-3.0,24.0,-28.0,neutral,Big 12,Mountain West,P4,G6,P4_vs_G6,False,False,Big 12,Mountain West,,,15_to_25,minus_25,True,neutral,fav_14_plus,opponent_has_rp_edge
2025,4,2025-09-20T00:00:00.000Z,401752844,Rutgers,Iowa,Underdog,2.3333333333333335,L,-7.666666666666666,0.0,14.0,32.0,-5.0,5_to_15,Big Ten,Big Ten,P4,P4,P4_vs_P4,False,False,Big Ten,Big Ten,,,25_plus,minus_5_to_15,True,5_to_15,pick_to_3,team_has_rp_edge
2025,4,2025-09-20T16:00:00.000Z,401752708,Arkansas,Memphis,Favorite,-7.166666666666667,L,-8.166666666666668,0.5,18.0,32.0,4.0,15_to_25,SEC,American,P4,G6,P4_vs_G6,False,False,SEC,American,,,25_plus,neutral,True,15_to_25,fav_3_7,team_has_rp_edge
2025,4,2025-09-20T20:30:00.000Z,401754542,Georgia Tech,Temple,Favorite,-24.5,L,-3.5,1.0,13.0,21.0,6.0,5_to_15,ACC,American,P4,G6,P4_vs_G6,False,False,ACC,American,,,15_to_25,5_to_15,True,5_to_15,fav_14_plus,team_has_rp_edge
2025,4,2025-09-20T23:00:00.000Z,401760372,Boise State,Air Force,Favorite,-11.0,W,1.0,3.0,13.0,32.0,-4.0,5_to_15,Mountain West,Mountain West,G6,G6,G6_vs_G6,False,False,Mountain West,Mountain West,,,25_plus,neutral,True,5_to_15,fav_7_14,team_has_rp_edge
2025,4,2025-09-20T23:30:00.000Z,401757263,Southern Miss,Louisiana Tech,Underdog,3.1666666666666665,L,-6.833333333333334,-1.0,7.0,28.0,-13.0,5_to_15,Sun Belt,Conference USA,G6,G6,G6_vs_G6,False,False,Sun Belt,Conference USA,,,25_plus,minus_5_to_15,True,5_to_15,pick_to_3,team_has_rp_edge
2025,4,2025-09-20T23:30:00.000Z,401756898,BYU,East Carolina,Favorite,-6.166666666666667,W,14.833333333333332,-2.0,17.0,38.0,-4.0,15_to_25,Big 12,American,P4,G6,P4_vs_G6,False,False,Big 12,American,,,25_plus,neutral,True,15_to_25,fav_3_7,team_has_rp_edge
2023,1,2023-09-01T00:00:00.000Z,401520176,Utah,Florida,Favorite,-6.3,W,6.7,,22.0,30.0,14.0,15_to_25,,,,,,,,,,,,25_plus,5_to_15,True,15_to_25,fav_3_7,team_has_rp_edge
2023,1,2023-09-02T16:00:00.000Z,401520172,Louisiana Tech,SMU,Underdog,20.125,L,-3.875,,20.0,14.0,25.0,15_to_25,Conference USA,American,G6,G6,G6_vs_G6,False,False,Conference USA,American,,,5_to_15,25_plus,True,15_to_25,dog_14_plus,team_has_rp_edge
2023,1,2023-09-02T16:00:00.000Z,401520162,Michigan,East Carolina,Favorite,-35.4,L,-8.399999999999999,,47.0,45.0,48.0,25_plus,Big Ten,American,P4,G6,P4_vs_G6,False,False,Big Ten,American,,,25_plus,25_plus,True,25_plus,fav_14_plus,team_has_rp_edge
2023,1,2023-09-02T16:00:00.000Z,401523994,TCU,Colorado,Favorite,-20.6,L,-23.6,,-5.0,-24.0,14.0,minus_5_to_15,,,,,,,,,,,,minus_15_to_25,5_to_15,True,5_to_15,fav_14_plus,opponent_has_rp_edge
2023,1,2023-09-02T16:00:00.000Z,401520179,Tennessee,Virginia,Favorite,-27.7,W,8.3,,11.0,-7.0,29.0,5_to_15,SEC,ACC,P4,P4,P4_vs_P4,False,False,SEC,ACC,,,minus_5_to_15,25_plus,True,5_to_15,fav_14_plus,team_has_rp_edge
2023,1,2023-09-02T19:30:00.000Z,401520156,Indiana,Ohio State,Underdog,29.1,W,9.1,,2.0,-12.0,15.0,neutral,Big Ten,Big Ten,P4,P4,P4_vs_P4,False,False,Big Ten,Big Ten,,,minus_5_to_15,15_to_25,True,neutral,dog_14_plus,team_has_rp_edge
2023,1,2023-09-02T20:00:00.000Z,401523991,North Texas,California,Underdog,6.5,L,-30.5,,6.0,-2.0,13.0,5_to_15,,,,,,,,,,,,neutral,5_to_15,True,5_to_15,dog_3_7,team_has_rp_edge
2023,1,2023-09-02T22:30:00.000Z,401523996,USC,Nevada,Favorite,-37.875,W,14.125,,23.0,21.0,25.0,15_to_25,,,,,,,,,,,,15_to_25,25_plus,True,15_to_25,fav_14_plus,team_has_rp_edge
2023,1,2023-09-02T23:30:00.000Z,401520169,Penn State,West Virginia,Favorite,-20.6,W,2.3999999999999986,,1.0,-13.0,15.0,neutral,Big Ten,Big 12,P4,P4,P4_vs_P4,False,False,Big Ten,Big 12,,,minus_5_to_15,15_to_25,True,neutral,fav_14_plus,team_has_rp_edge
2023,1,2023-09-02T23:30:00.000Z,401520149,Middle Tennessee,Alabama,Underdog,39.375,L,-9.625,,29.0,14.0,43.0,25_plus,Conference USA,SEC,G6,P4,G6_vs_P4,False,False,Conference USA,SEC,,,5_to_15,25_plus,True,25_plus,dog_14_plus,team_has_rp_edge
2023,1,2023-09-03T16:00:00.000Z,401520171,Rutgers,Northwestern,Favorite,-6.1,W,10.9,,17.0,7.0,26.0,15_to_25,Big Ten,Big Ten,P4,P4,P4_vs_P4,False,False,Big Ten,Big Ten,,,5_to_15,25_plus,True,15_to_25,fav_3_7,team_has_rp_edge
2023,2,2023-09-09T16:00:00.000Z,401523999,Utah,Baylor,Favorite,-7.0,P,0.0,,21.0,32.0,9.0,15_to_25,,,,,,,,,,,,25_plus,5_to_15,True,15_to_25,fav_3_7,team_has_rp_edge
2023,2,2023-09-09T16:00:00.000Z,401525498,James Madison,Virginia,Favorite,-6.0,L,-5.0,,18.0,-4.0,41.0,15_to_25,Sun Belt,ACC,G6,P4,G6_vs_P4,False,False,Sun Belt,ACC,,,neutral,25_plus,True,15_to_25,fav_3_7,team_has_rp_edge
2023,2,2023-09-09T21:00:00.000Z,401524004,Washington,Tulsa,Favorite,-33.666666666666664,L,-0.6666666666666643,,33.0,36.0,32.0,25_plus,,,,,,,,,,,,25_plus,25_plus,True,25_plus,fav_14_plus,team_has_rp_edge
2023,2,2023-09-09T23:00:00.000Z,401520206,Missouri,Middle Tennessee,Favorite,-21.0,L,-17.0,,9.0,-9.0,28.0,5_to_15,SEC,Conference USA,P4,G6,P4_vs_G6,False,False,SEC,Conference USA,,,minus_5_to_15,25_plus,True,5_to_15,fav_14_plus,team_has_rp_edge
2023,2,2023-09-09T23:30:00.000Z,401520204,Eastern Michigan,Minnesota,Underdog,19.666666666666668,W,0.6666666666666679,,5.0,-10.0,20.0,5_to_15,MAC,Big Ten,G6,P4,G6_vs_P4,False,False,MAC,Big Ten,,,minus_5_to_15,15_to_25,True,5_to_15,dog_14_plus,team_has_rp_edge
2023,2,2023-09-10T00:00:00.000Z,401520211,Sam Houston,Air Force,Underdog,13.166666666666666,W,3.166666666666666,,12.0,-2.0,28.0,5_to_15,Conference USA,Mountain West,G6,G6,G6_vs_G6,False,False,,Mountain West,,,neutral,25_plus,True,5_to_15,dog_7_14,team_has_rp_edge
2023,2,2023-09-10T02:30:00.000Z,401524003,USC,Stanford,Favorite,-28.666666666666668,W,17.333333333333332,,41.0,39.0,44.0,25_plus,,,,,,,,,,,,25_plus,25_plus,True,25_plus,fav_14_plus,team_has_rp_edge
2023,2,2023-09-10T02:30:00.000Z,401520186,Auburn,California,Favorite,-4.833333333333333,L,-0.833333333333333,,3.0,-6.0,13.0,neutral,,,,,,,,,,,,minus_5_to_15,5_to_15,True,neutral,fav_3_7,team_has_rp_edge
2023,3,2023-09-16T18:30:00.000Z,401525437,Notre Dame,Central Michigan,Favorite,-34.75,L,-10.75,,2.0,-15.0,21.0,neutral,Independent,MAC,Independent,G6,Other,False,False,Independent,MAC,,,minus_15_to_25,15_to_25,True,neutral,fav_14_plus,team_has_rp_edge
2023,3,2023-09-16T20:00:00.000Z,401520245,Texas A&M,UL Monroe,Favorite,-36.5,W,7.5,,28.0,16.0,38.0,25_plus,SEC,Sun Belt,P4,G6,P4_vs_G6,False,False,SEC,Sun Belt,,,15_to_25,25_plus,True,25_plus,fav_14_plus,team_has_rp_edge
2023,3,2023-09-16T23:00:00.000Z,401525835,Miami (OH),Cincinnati,Underdog,14.25,W,21.25,,23.0,12.0,34.0,15_to_25,MAC,Big 12,G6,P4,G6_vs_P4,False,True,MAC,American,,0.0,5_to_15,25_plus,True,15_to_25,dog_7_14,team_has_rp_edge
2023,3,2023-09-16T23:00:00.000Z,401520224,Tennessee,Florida,Favorite,-5.666666666666667,L,-18.666666666666668,,9.0,4.0,14.0,5_to_15,SEC,SEC,P4,P4,P4_vs_P4,False,False,SEC,SEC,,,neutral,5_to_15,True,5_to_15,fav_3_7,team_has_rp_edge
2023,3,2023-09-17T02:30:00.000Z,401525837,Kansas,Nevada,Favorite,-28.5,L,-21.5,,32.0,37.0,27.0,25_plus,Big 12,Mountain West,P4,G6,P4_vs_G6,False,False,Big 12,Mountain West,,,25_plus,25_plus,True,25_plus,fav_14_plus,team_has_rp_edge
2023,4,2023-09-23T19:30:00.000Z,401524017,Utah,UCLA,Favorite,-3.8333333333333335,W,3.1666666666666665,,12.0,8.0,15.0,5_to_15,,,,,,,,,,,,5_to_15,15_to_25,True,5_to_15,fav_3_7,team_has_rp_edge
2023,4,2023-09-23T20:00:00.000Z,401520269,Tennessee,UTSA,Favorite,-23.333333333333332,W,7.666666666666668,,11.0,9.0,13.0,5_to_15,SEC,American,P4,G6,P4_vs_G6,False,True,SEC,Conference USA,,0.0,5_to_15,5_to_15,True,5_to_15,fav_14_plus,team_has_rp_edge
2023,4,2023-09-23T20:00:00.000Z,401531423,Rice,South Florida,Favorite,-2.5,L,-15.5,,17.0,5.0,28.0,15_to_25,American,American,G6,G6,G6_vs_G6,True,False,Conference USA,American,0.0,,5_to_15,25_plus,True,15_to_25,pick_to_3,team_has_rp_edge
2023,4,2023-09-23T21:00:00.000Z,401531876,South Alabama,Central Michigan,Favorite,-16.166666666666668,L,-20.166666666666668,,11.0,-9.0,31.0,5_to_15,Sun Belt,MAC,G6,G6,G6_vs_G6,False,False,Sun Belt,MAC,,,minus_5_to_15,25_plus,True,5_to_15,fav_14_plus,team_has_rp_edge
2023,4,2023-09-23T23:30:00.000Z,401521330,Notre Dame,Ohio State,Underdog,3.1666666666666665,W,0.1666666666666665,,1.0,-12.0,15.0,neutral,Independent,Big Ten,Independent,P4,Other,False,False,Independent,Big Ten,,,minus_5_to_15,15_to_25,True,neutral,pick_to_3,team_has_rp_edge
2023,4,2023-09-23T23:30:00.000Z,401520252,Georgia,UAB,Favorite,-40.833333333333336,L,-12.833333333333336,,22.0,10.0,34.0,15_to_25,SEC,American,P4,G6,P4_vs_G6,False,True,SEC,Conference USA,,0.0,5_to_15,25_plus,True,15_to_25,fav_14_plus,team_has_rp_edge
2023,4,2023-09-24T02:30:00.000Z,401524018,Washington,California,Favorite,-20.5,W,6.5,,5.0,-4.0,15.0,5_to_15,,,,,,,,,,,,neutral,15_to_25,True,5_to_15,fav_14_plus,team_has_rp_edge
2024,1,2024-08-30T00:00:00.000Z,401640998,Jacksonville State,Coastal Carolina,Favorite,-3.5,L,-31.5,,24.0,15.0,33.0,15_to_25,Conference USA,Sun Belt,G6,G6,G6_vs_G6,False,False,Conference USA,Sun Belt,,,15_to_25,25_plus,True,15_to_25,fav_3_7,team_has_rp_edge
2024,1,2024-08-30T00:00:00.000Z,401628448,Minnesota,North Carolina,Underdog,0.3333333333333333,L,-1.6666666666666667,,34.0,32.0,37.0,25_plus,Big Ten,ACC,P4,P4,P4_vs_P4,False,False,Big Ten,ACC,,,25_plus,25_plus,True,25_plus,pick_to_3,team_has_rp_edge
2024,1,2024-08-30T23:00:00.000Z,401628328,Oklahoma,Temple,Favorite,-43.0,W,5.0,,8.0,-18.0,33.0,5_to_15,SEC,American,P4,G6,P4_vs_G6,True,False,Big 12,American,0.0,,minus_15_to_25,25_plus,True,5_to_15,fav_14_plus,team_has_rp_edge
2024,1,2024-08-31T16:00:00.000Z,401628333,Virginia Tech,Vanderbilt,Favorite,-13.333333333333334,L,-20.333333333333336,,26.0,30.0,23.0,25_plus,ACC,SEC,P4,P4,P4_vs_P4,False,False,ACC,SEC,,,25_plus,15_to_25,True,25_plus,fav_7_14,team_has_rp_edge
2024,1,2024-08-31T19:30:00.000Z,401628454,Nebraska,UTEP,Favorite,-27.5,W,5.5,0.5,32.0,28.0,36.0,25_plus,Big Ten,Conference USA,P4,G6,P4_vs_G6,False,False,Big Ten,Conference USA,,,25_plus,25_plus,True,25_plus,fav_14_plus,team_has_rp_edge
2024,1,2024-08-31T19:30:00.000Z,401634304,Syracuse,Ohio,Favorite,-17.333333333333332,L,-1.333333333333332,,47.0,48.0,45.0,25_plus,ACC,MAC,P4,G6,P4_vs_G6,False,False,ACC,MAC,,,25_plus,25_plus,True,25_plus,fav_14_plus,team_has_rp_edge
2024,1,2024-08-31T21:00:00.000Z,401643775,North Texas,South Alabama,Underdog,5.833333333333333,W,19.833333333333332,,13.0,-2.0,27.0,5_to_15,American,Sun Belt,G6,G6,G6_vs_G6,False,False,American,Sun Belt,,,neutral,25_plus,True,5_to_15,dog_3_7,team_has_rp_edge
2024,1,2024-09-01T23:30:00.000Z,401628334,LSU,USC,Favorite,-3.8333333333333335,L,-10.833333333333334,-0.5,13.0,6.0,20.0,5_to_15,SEC,Big Ten,P4,P4,P4_vs_P4,False,True,SEC,Pac-12,,0.0,5_to_15,15_to_25,True,5_to_15,fav_3_7,team_has_rp_edge
2024,2,2024-09-07T01:00:00.000Z,401635533,Northwestern,Duke,Favorite,-2.1666666666666665,L,-8.166666666666666,-1.0,21.0,7.0,35.0,15_to_25,Big Ten,ACC,P4,P4,P4_vs_P4,False,False,Big Ten,ACC,,,5_to_15,25_plus,True,15_to_25,pick_to_3,team_has_rp_edge
2024,2,2024-09-07T16:00:00.000Z,401643784,Memphis,Troy,Favorite,-18.666666666666668,W,2.333333333333332,1.5,33.0,45.0,23.0,25_plus,American,Sun Belt,G6,G6,G6_vs_G6,False,False,American,Sun Belt,,,25_plus,15_to_25,True,25_plus,fav_14_plus,team_has_rp_edge
2024,2,2024-09-07T16:00:00.000Z,401628470,Penn State,Bowling Green,Favorite,-34.833333333333336,L,-27.833333333333336,3.0,22.0,29.0,14.0,15_to_25,Big Ten,MAC,P4,G6,P4_vs_G6,False,False,Big Ten,MAC,,,25_plus,5_to_15,True,15_to_25,fav_14_plus,team_has_rp_edge
2024,2,2024-09-07T16:00:00.000Z,401628471,Rutgers,Akron,Favorite,-24.5,W,7.5,1.5,21.0,6.0,36.0,15_to_25,Big Ten,MAC,P4,G6,P4_vs_G6,False,False,Big Ten,MAC,,,5_to_15,25_plus,True,15_to_25,fav_14_plus,team_has_rp_edge
2024,2,2024-09-07T16:00:00.000Z,401628347,Texas,Michigan,Favorite,-6.666666666666667,W,12.333333333333332,-1.0,34.0,27.0,42.0,25_plus,SEC,Big Ten,P4,P4,P4_vs_P4,True,False,Big 12,Big Ten,0.0,,25_plus,25_plus,True,25_plus,fav_3_7,team_has_rp_edge
2024,2,2024-09-07T19:30:00.000Z,401645324,Navy,Temple,Favorite,-12.166666666666666,W,14.833333333333334,0.5,14.0,1.0,27.0,5_to_15,American,American,G6,G6,G6_vs_G6,False,False,American,American,,,neutral,25_plus,True,5_to_15,fav_7_14,team_has_rp_edge
2024,2,2024-09-07T19:30:00.000Z,401635535,Jacksonville State,Louisville,Underdog,28.5,L,-6.5,-2.0,3.0,-18.0,24.0,neutral,Conference USA,ACC,G6,P4,G6_vs_P4,False,False,Conference USA,ACC,,,minus_15_to_25,15_to_25,True,neutral,dog_14_plus,team_has_rp_edge
2024,2,2024-09-08T02:00:00.000Z,401628469,Oregon,Boise State,Favorite,-18.833333333333332,L,-15.833333333333332,0.0,10.0,-3.0,24.0,5_to_15,Big Ten,Mountain West,P4,G6,P4_vs_G6,True,False,Pac-12,Mountain West,0.0,,neutral,15_to_25,True,5_to_15,fav_14_plus,team_has_rp_edge
2024,3,2024-09-14T16:00:00.000Z,401636868,North Texas,Texas Tech,Underdog,10.333333333333334,L,-34.666666666666664,0.0,2.0,-8.0,12.0,neutral,American,Big 12,G6,P4,G6_vs_P4,False,False,American,Big 12,,,minus_5_to_15,5_to_15,True,neutral,dog_7_14,team_has_rp_edge
2024,3,2024-09-14T19:30:00.000Z,401628358,Oklahoma,Tulane,Favorite,-13.333333333333334,W,1.666666666666666,0.0,12.0,-9.0,32.0,5_to_15,SEC,American,P4,G6,P4_vs_G6,True,False,Big 12,American,0.0,,minus_5_to_15,25_plus,True,5_to_15,fav_7_14,team_has_rp_edge
2024,3,2024-09-14T19:30:00.000Z,401628483,Oregon,Oregon State,Favorite,-17.666666666666668,W,17.333333333333332,-2.5,29.0,42.0,16.0,25_plus,,,,,,,,,,,,25_plus,15_to_25,True,25_plus,fav_14_plus,team_has_rp_edge
2024,3,2024-09-14T23:00:00.000Z,401628361,Texas,UTSA,Favorite,-35.5,W,13.5,0.0,25.0,35.0,15.0,25_plus,SEC,American,P4,G6,P4_vs_G6,True,False,Big 12,American,0.0,,25_plus,15_to_25,True,25_plus,fav_14_plus,team_has_rp_edge
2024,3,2024-09-14T23:00:00.000Z,401640999,Jacksonville State,Eastern Michigan,Favorite,-1.0,L,-4.0,0.0,23.0,14.0,32.0,15_to_25,Conference USA,MAC,G6,G6,G6_vs_G6,False,False,Conference USA,MAC,,,5_to_15,25_plus,True,15_to_25,pick_to_3,team_has_rp_edge
2024,3,2024-09-14T23:30:00.000Z,401636866,TCU,UCF,Favorite,-2.1666666666666665,L,-3.1666666666666665,4.5,22.0,3.0,40.0,15_to_25,Big 12,Big 12,P4,P4,P4_vs_P4,False,False,Big 12,Big 12,,,neutral,25_plus,True,15_to_25,pick_to_3,team_has_rp_edge
2024,3,2024-09-15T00:00:00.000Z,401628478,Virginia,Maryland,Favorite,-1.1666666666666667,L,-15.166666666666666,0.0,31.0,34.0,28.0,25_plus,ACC,Big Ten,P4,P4,P4_vs_P4,False,False,ACC,Big Ten,,,25_plus,25_plus,True,25_plus,pick_to_3,team_has_rp_edge
2024,3,2024-09-15T02:30:00.000Z,401635541,California,San Diego State,Favorite,-18.666666666666668,W,2.333333333333332,0.0,27.0,36.0,17.0,25_plus,ACC,Mountain West,P4,G6,P4_vs_G6,True,False,Pac-12,Mountain West,0.0,,25_plus,15_to_25,True,25_plus,fav_14_plus,team_has_rp_edge
2024,4,2024-09-21T16:00:00.000Z,401643791,Louisiana,Tulane,Underdog,1.5,L,-6.5,,23.0,20.0,26.0,15_to_25,Sun Belt,American,G6,G6,G6_vs_G6,False,False,Sun Belt,American,,,15_to_25,25_plus,True,15_to_25,pick_to_3,team_has_rp_edge
2024,4,2024-09-21T18:00:00.000Z,401635558,Virginia,Coastal Carolina,Favorite,-3.5,W,15.5,0.5,31.0,39.0,24.0,25_plus,ACC,Sun Belt,P4,G6,P4_vs_G6,False,False,ACC,Sun Belt,,,25_plus,15_to_25,True,25_plus,fav_3_7,team_has_rp_edge
2024,4,2024-09-21T19:00:00.000Z,401641000,Jacksonville State,Southern Miss,Favorite,-6.166666666666667,W,30.833333333333332,0.0,13.0,-2.0,28.0,5_to_15,Conference USA,Sun Belt,G6,G6,G6_vs_G6,False,False,Conference USA,Sun Belt,,,neutral,25_plus,True,5_to_15,fav_3_7,team_has_rp_edge
2024,4,2024-09-21T19:30:00.000Z,401628365,LSU,UCLA,Favorite,-21.5,L,-4.5,-1.5,12.0,4.0,20.0,5_to_15,SEC,Big Ten,P4,P4,P4_vs_P4,False,True,SEC,Pac-12,,0.0,neutral,15_to_25,True,5_to_15,fav_14_plus,team_has_rp_edge
2024,4,2024-09-21T23:00:00.000Z,401628491,Northwestern,Washington,Underdog,11.833333333333334,L,-7.166666666666666,-1.5,40.0,12.0,69.0,25_plus,Big Ten,Big Ten,P4,P4,P4_vs_P4,False,True,Big Ten,Pac-12,,0.0,5_to_15,25_plus,True,25_plus,dog_7_14,team_has_rp_edge
2024,4,2024-09-21T23:00:00.000Z,401643716,Wyoming,North Texas,Underdog,7.0,L,-20.0,2.0,8.0,-9.0,25.0,5_to_15,Mountain West,American,G6,G6,G6_vs_G6,False,False,Mountain West,American,,,minus_5_to_15,25_plus,True,5_to_15,dog_3_7,team_has_rp_edge
2024,4,2024-09-21T23:30:00.000Z,401628369,Oklahoma,Tennessee,Underdog,6.0,L,-4.0,2.0,10.0,-14.0,33.0,5_to_15,SEC,SEC,P4,P4,P4_vs_P4,True,False,Big 12,SEC,0.0,,minus_5_to_15,25_plus,True,5_to_15,dog_3_7,team_has_rp_edge
2024,4,2024-09-21T23:30:00.000Z,401628372,Texas A&M,Bowling Green,Favorite,-21.166666666666668,L,-15.166666666666668,-2.0,24.0,32.0,15.0,15_to_25,SEC,MAC,P4,G6,P4_vs_G6,False,False,SEC,MAC,,,25_plus,15_to_25,True,15_to_25,fav_14_plus,team_has_rp_edge
2024,4,2024-09-22T00:00:00.000Z,401628371,Texas,UL Monroe,Favorite,-43.0,W,5.0,-3.5,30.0,33.0,27.0,25_plus,SEC,Sun Belt,P4,G6,P4_vs_G6,True,False,Big 12,Sun Belt,0.0,,25_plus,25_plus,True,25_plus,fav_14_plus,team_has_rp_edge
2025,1,2025-08-29T00:00:00.000Z,401752793,Minnesota,Buffalo,Favorite,-17.166666666666668,L,-4.166666666666668,0.0,5.0,-23.0,32.0,5_to_15,Big Ten,MAC,P4,G6,P4_vs_G6,False,False,Big Ten,MAC,,,minus_15_to_25,25_plus,True,5_to_15,fav_14_plus,team_has_rp_edge
2025,1,2025-08-29T01:00:00.000Z,401762791,Wisconsin,Miami (OH),Favorite,-18.0,L,-1.0,0.5,32.0,18.0,47.0,25_plus,Big Ten,MAC,P4,G6,P4_vs_G6,False,False,Big Ten,MAC,,,15_to_25,25_plus,True,25_plus,fav_14_plus,team_has_rp_edge
2025,1,2025-08-30T00:00:00.000Z,401754375,Georgia Tech,Colorado,Favorite,-3.6666666666666665,W,3.3333333333333335,0.0,14.0,9.0,21.0,5_to_15,ACC,Big 12,P4,P4,P4_vs_P4,False,False,ACC,Big 12,,,5_to_15,15_to_25,True,5_to_15,fav_3_7,team_has_rp_edge
2025,1,2025-08-30T16:00:00.000Z,401752803,Northwestern,Tulane,Underdog,6.0,L,-14.0,2.5,2.0,-9.0,14.0,neutral,Big Ten,American,P4,G6,P4_vs_G6,False,False,Big Ten,American,,,minus_5_to_15,5_to_15,True,neutral,dog_3_7,team_has_rp_edge
2025,1,2025-08-30T16:00:00.000Z,401752676,Tennessee,Syracuse,Favorite,-13.5,W,5.5,-1.0,8.0,-13.0,30.0,5_to_15,SEC,ACC,P4,P4,P4_vs_P4,False,False,SEC,ACC,,,minus_5_to_15,25_plus,True,5_to_15,fav_7_14,team_has_rp_edge
2025,1,2025-08-30T23:30:00.000Z,401752808,Michigan,New Mexico,Favorite,-35.166666666666664,L,-18.166666666666664,0.0,37.0,38.0,35.0,25_plus,Big Ten,Mountain West,P4,G6,P4_vs_G6,False,False,Big Ten,Mountain West,,,25_plus,25_plus,True,25_plus,fav_14_plus,team_has_rp_edge
2025,2,2025-09-06T16:00:00.000Z,401757227,Liberty,Jacksonville State,Favorite,-6.25,L,-16.25,1.0,38.0,42.0,35.0,25_plus,Conference USA,Conference USA,G6,G6,G6_vs_G6,False,False,Conference USA,Conference USA,,,25_plus,25_plus,True,25_plus,fav_3_7,team_has_rp_edge
2025,2,2025-09-06T19:30:00.000Z,401752818,Rutgers,Miami (OH),Favorite,-15.5,W,12.5,2.0,39.0,31.0,47.0,25_plus,Big Ten,MAC,P4,G6,P4_vs_G6,False,False,Big Ten,MAC,,,25_plus,25_plus,True,25_plus,fav_14_plus,team_has_rp_edge
2025,2,2025-09-06T19:30:00.000Z,401756880,Cincinnati,Bowling Green,Favorite,-22.0,L,-8.0,4.5,30.0,35.0,26.0,25_plus,Big 12,MAC,P4,G6,P4_vs_G6,False,False,Big 12,MAC,,,25_plus,25_plus,True,25_plus,fav_14_plus,team_has_rp_edge
2025,2,2025-09-06T19:30:00.000Z,401756881,Delaware,Colorado,Underdog,23.5,L,-0.5,1.0,15.0,-1.0,32.0,15_to_25,Conference USA,Big 12,G6,P4,G6_vs_P4,False,False,,Big 12,,,neutral,25_plus,True,15_to_25,dog_14_plus,team_has_rp_edge
2025,2,2025-09-06T19:30:00.000Z,401762461,North Texas,Western Michigan,Favorite,-12.25,L,-9.25,2.0,16.0,-6.0,40.0,15_to_25,American,MAC,G6,G6,G6_vs_G6,False,False,American,MAC,,,minus_5_to_15,25_plus,True,15_to_25,fav_7_14,team_has_rp_edge
2025,2,2025-09-06T20:00:00.000Z,401756883,Ohio,West Virginia,Underdog,3.5,W,10.5,-0.5,13.0,0.0,24.0,5_to_15,MAC,Big 12,G6,P4,G6_vs_P4,False,False,MAC,Big 12,,,neutral,15_to_25,True,5_to_15,dog_3_7,team_has_rp_edge
2025,2,2025-09-07T02:15:00.000Z,401752948,San Diego State,Washington State,Underdog,2.25,L,-20.75,-1.0,25.0,7.0,43.0,25_plus,,,,,,,,,,,,5_to_15,25_plus,True,25_plus,pick_to_3,team_has_rp_edge
2025,3,2025-09-13T16:00:00.000Z,401761608,Troy,Memphis,Underdog,4.5,L,-16.5,,27.0,31.0,23.0,25_plus,Sun Belt,American,G6,G6,G6_vs_G6,False,False,Sun Belt,American,,,25_plus,15_to_25,True,25_plus,dog_3_7,team_has_rp_edge
2025,3,2025-09-13T16:00:00.000Z,401752831,Northwestern,Oregon,Underdog,25.5,W,5.5,3.0,15.0,8.0,21.0,15_to_25,Big Ten,Big Ten,P4,P4,P4_vs_P4,False,False,Big Ten,Big Ten,,,5_to_15,15_to_25,True,15_to_25,dog_14_plus,team_has_rp_edge
2025,3,2025-09-13T17:00:00.000Z,401752702,Missouri,Louisiana,Favorite,-27.5,W,14.5,5.0,19.0,3.0,35.0,15_to_25,SEC,Sun Belt,P4,G6,P4_vs_G6,False,False,SEC,Sun Belt,,,neutral,25_plus,True,15_to_25,fav_14_plus,team_has_rp_edge
2025,3,2025-09-13T19:30:00.000Z,401752705,Tennessee,Georgia,Underdog,3.5,W,0.5,3.0,13.0,1.0,26.0,5_to_15,SEC,SEC,P4,P4,P4_vs_P4,False,False,SEC,SEC,,,neutral,25_plus,True,5_to_15,dog_3_7,team_has_rp_edge
2025,3,2025-09-13T19:30:00.000Z,401752949,North Texas,Washington State,Favorite,-6.5,W,42.5,1.0,26.0,17.0,35.0,25_plus,,,,,,,,,,,,15_to_25,25_plus,True,25_plus,fav_3_7,team_has_rp_edge
2025,3,2025-09-13T21:00:00.000Z,401757256,Liberty,Bowling Green,Favorite,-6.0,L,-16.0,-1.0,28.0,31.0,27.0,25_plus,Conference USA,MAC,G6,G6,G6_vs_G6,False,False,Conference USA,MAC,,,25_plus,25_plus,True,25_plus,fav_3_7,team_has_rp_edge
2025,3,2025-09-13T23:00:00.000Z,401752827,Ohio,Ohio State,Underdog,28.333333333333332,W,0.3333333333333321,-3.0,13.0,10.0,15.0,5_to_15,MAC,Big Ten,G6,P4,G6_vs_P4,False,False,MAC,Big Ten,,,5_to_15,15_to_25,True,5_to_15,dog_14_plus,team_has_rp_edge
2025,3,2025-09-13T23:00:00.000Z,401752829,Illinois,Western Michigan,Favorite,-27.5,W,10.5,-1.0,39.0,29.0,51.0,25_plus,Big Ten,MAC,P4,G6,P4_vs_G6,False,False,Big Ten,MAC,,,25_plus,25_plus,True,25_plus,fav_14_plus,team_has_rp_edge
2025,4,2025-09-20T16:00:00.000Z,401762469,Army,North Texas,Underdog,2.5,L,-4.5,-1.5,-2.0,-30.0,24.0,neutral,American,American,G6,G6,G6_vs_G6,False,False,American,American,,,minus_25,15_to_25,True,neutral,pick_to_3,opponent_has_rp_edge
2025,4,2025-09-20T16:00:00.000Z,401762469,North Texas,Army,Favorite,-2.5,W,4.5,1.5,2.0,-24.0,30.0,neutral,American,American,G6,G6,G6_vs_G6,False,False,American,American,,,minus_15_to_25,25_plus,True,neutral,pick_to_3,team_has_rp_edge
2025,4,2025-09-20T16:00:00.000Z,401754537,Clemson,Syracuse,Favorite,-17.5,L,-30.5,1.0,31.0,24.0,38.0,25_plus,ACC,ACC,P4,P4,P4_vs_P4,False,False,ACC,ACC,,,15_to_25,25_plus,True,25_plus,fav_14_plus,team_has_rp_edge
2025,4,2025-09-20T16:00:00.000Z,401752845,Wisconsin,Maryland,Favorite,-10.5,L,-27.5,4.0,13.0,13.0,14.0,5_to_15,Big Ten,Big Ten,P4,P4,P4_vs_P4,False,False,Big Ten,Big Ten,,,5_to_15,5_to_15,True,5_to_15,fav_7_14,team_has_rp_edge
2025,4,2025-09-20T16:45:00.000Z,401752715,Tennessee,UAB,Favorite,-39.0,L,-7.0,1.0,19.0,9.0,29.0,15_to_25,SEC,American,P4,G6,P4_vs_G6,False,False,SEC,American,,,5_to_15,25_plus,True,15_to_25,fav_14_plus,team_has_rp_edge
2025,4,2025-09-20T19:00:00.000Z,401752841,Oregon State,Oregon,Underdog,34.0,P,0.0,0.0,19.0,11.0,25.0,15_to_25,,,,,,,,,,,,5_to_15,25_plus,True,15_to_25,dog_14_plus,team_has_rp_edge
2025,4,2025-09-20T19:30:00.000Z,401752848,Notre Dame,Purdue,Favorite,-24.5,W,1.5,-2.0,25.0,12.0,39.0,25_plus,Independent,Big Ten,Independent,P4,Other,False,False,Independent,Big Ten,,,5_to_15,25_plus,True,25_plus,fav_14_plus,team_has_rp_edge
2025,4,2025-09-20T19:30:00.000Z,401761613,Troy,Buffalo,Underdog,5.833333333333333,W,9.833333333333332,0.0,9.0,-9.0,27.0,5_to_15,Sun Belt,MAC,G6,G6,G6_vs_G6,False,False,Sun Belt,MAC,,,minus_5_to_15,25_plus,True,5_to_15,dog_3_7,team_has_rp_edge
2025,4,2025-09-20T19:30:00.000Z,401752711,Tulane,Ole Miss,Underdog,12.166666666666666,L,-22.833333333333336,1.0,14.0,3.0,24.0,5_to_15,American,SEC,G6,P4,G6_vs_P4,False,False,American,SEC,,,neutral,15_to_25,True,5_to_15,dog_7_14,team_has_rp_edge
2023,1,2023-09-01T00:00:00.000Z,401520176,Utah,Florida,Favorite,-6.3,W,6.7,,22.0,30.0,14.0,15_to_25,,,,,,,,,,,,25_plus,5_to_15,True,15_to_25,fav_3_7,team_has_rp_edge
2023,1,2023-09-01T00:00:00.000Z,401520148,Nebraska,Minnesota,Underdog,7.3,W,4.3,,11.0,15.0,7.0,5_to_15,Big Ten,Big Ten,P4,P4,P4_vs_P4,False,False,Big Ten,Big Ten,,,15_to_25,5_to_15,True,5_to_15,dog_3_7,team_has_rp_edge
2023,1,2023-09-02T16:00:00.000Z,401520172,Louisiana Tech,SMU,Underdog,20.125,L,-3.875,,20.0,14.0,25.0,15_to_25,Conference USA,American,G6,G6,G6_vs_G6,False,False,Conference USA,American,,,5_to_15,25_plus,True,15_to_25,dog_14_plus,team_has_rp_edge
2023,1,2023-09-02T16:00:00.000Z,401520162,Michigan,East Carolina,Favorite,-35.4,L,-8.399999999999999,,47.0,45.0,48.0,25_plus,Big Ten,American,P4,G6,P4_vs_G6,False,False,Big Ten,American,,,25_plus,25_plus,True,25_plus,fav_14_plus,team_has_rp_edge
2023,1,2023-09-02T19:30:00.000Z,401520180,Wisconsin,Buffalo,Favorite,-27.0,L,-6.0,,19.0,26.0,11.0,15_to_25,Big Ten,MAC,P4,G6,P4_vs_G6,False,False,Big Ten,MAC,,,25_plus,5_to_15,True,15_to_25,fav_14_plus,team_has_rp_edge
2023,1,2023-09-02T22:30:00.000Z,401523996,USC,Nevada,Favorite,-37.875,W,14.125,,23.0,21.0,25.0,15_to_25,,,,,,,,,,,,15_to_25,25_plus,True,15_to_25,fav_14_plus,team_has_rp_edge
2023,1,2023-09-02T23:30:00.000Z,401520149,Middle Tennessee,Alabama,Underdog,39.375,L,-9.625,,29.0,14.0,43.0,25_plus,Conference USA,SEC,G6,P4,G6_vs_P4,False,False,Conference USA,SEC,,,5_to_15,25_plus,True,25_plus,dog_14_plus,team_has_rp_edge
2023,1,2023-09-03T00:00:00.000Z,401525467,Virginia Tech,Old Dominion,Favorite,-15.75,W,3.25,,12.0,27.0,-4.0,5_to_15,ACC,Sun Belt,P4,G6,P4_vs_G6,False,False,ACC,Sun Belt,,,25_plus,neutral,True,5_to_15,fav_14_plus,team_has_rp_edge
2023,1,2023-09-03T16:00:00.000Z,401520171,Rutgers,Northwestern,Favorite,-6.1,W,10.9,,17.0,7.0,26.0,15_to_25,Big Ten,Big Ten,P4,P4,P4_vs_P4,False,False,Big Ten,Big Ten,,,5_to_15,25_plus,True,15_to_25,fav_3_7,team_has_rp_edge
2023,2,2023-09-09T16:00:00.000Z,401523999,Utah,Baylor,Favorite,-7.0,P,0.0,,21.0,32.0,9.0,15_to_25,,,,,,,,,,,,25_plus,5_to_15,True,15_to_25,fav_3_7,team_has_rp_edge
2023,2,2023-09-09T16:00:00.000Z,401525498,James Madison,Virginia,Favorite,-6.0,L,-5.0,,18.0,-4.0,41.0,15_to_25,Sun Belt,ACC,G6,P4,G6_vs_P4,False,False,Sun Belt,ACC,,,neutral,25_plus,True,15_to_25,fav_3_7,team_has_rp_edge
2023,2,2023-09-09T16:00:00.000Z,401520188,Nebraska,Colorado,Underdog,2.8333333333333335,L,-19.166666666666668,,12.0,15.0,9.0,5_to_15,,,,,,,,,,,,15_to_25,5_to_15,True,5_to_15,pick_to_3,team_has_rp_edge
2023,2,2023-09-09T19:30:00.000Z,401525497,Syracuse,Western Michigan,Favorite,-24.666666666666668,W,16.333333333333332,,24.0,42.0,5.0,15_to_25,ACC,MAC,P4,G6,P4_vs_G6,False,False,ACC,MAC,,,25_plus,5_to_15,True,15_to_25,fav_14_plus,team_has_rp_edge
2023,2,2023-09-09T21:00:00.000Z,401524004,Washington,Tulsa,Favorite,-33.666666666666664,L,-0.6666666666666643,,33.0,36.0,32.0,25_plus,,,,,,,,,,,,25_plus,25_plus,True,25_plus,fav_14_plus,team_has_rp_edge
2023,2,2023-09-09T23:00:00.000Z,401525831,Rice,Houston,Underdog,7.166666666666667,W,9.166666666666668,,13.0,29.0,-3.0,5_to_15,American,Big 12,G6,P4,G6_vs_P4,True,True,Conference USA,American,0.0,0.0,25_plus,neutral,True,5_to_15,dog_3_7,team_has_rp_edge
2023,2,2023-09-09T23:00:00.000Z,401520183,Texas,Alabama,Underdog,7.166666666666667,W,17.166666666666668,,34.0,47.0,20.0,25_plus,Big 12,SEC,P4,P4,P4_vs_P4,False,False,Big 12,SEC,,,25_plus,15_to_25,True,25_plus,dog_3_7,team_has_rp_edge
2023,2,2023-09-10T00:00:00.000Z,401520211,Sam Houston,Air Force,Underdog,13.166666666666666,W,3.166666666666666,,12.0,-2.0,28.0,5_to_15,Conference USA,Mountain West,G6,G6,G6_vs_G6,False,False,,Mountain West,,,neutral,25_plus,True,5_to_15,dog_7_14,team_has_rp_edge
2023,2,2023-09-10T00:30:00.000Z,401525493,Florida State,Southern Miss,Favorite,-31.0,W,22.0,,27.0,27.0,26.0,25_plus,ACC,Sun Belt,P4,G6,P4_vs_G6,False,False,ACC,Sun Belt,,,25_plus,25_plus,True,25_plus,fav_14_plus,team_has_rp_edge
2023,2,2023-09-10T02:30:00.000Z,401524003,USC,Stanford,Favorite,-28.666666666666668,W,17.333333333333332,,41.0,39.0,44.0,25_plus,,,,,,,,,,,,25_plus,25_plus,True,25_plus,fav_14_plus,team_has_rp_edge
2023,3,2023-09-16T16:00:00.000Z,401520230,Indiana,Louisville,Underdog,10.0,W,3.0,,13.0,15.0,11.0,5_to_15,Big Ten,ACC,P4,P4,P4_vs_P4,False,False,Big Ten,ACC,,,15_to_25,5_to_15,True,5_to_15,dog_7_14,team_has_rp_edge
2023,3,2023-09-16T19:30:00.000Z,401520223,Duke,Northwestern,Favorite,-17.0,W,7.0,,15.0,16.0,14.0,15_to_25,ACC,Big Ten,P4,P4,P4_vs_P4,False,False,ACC,Big Ten,,,15_to_25,5_to_15,True,15_to_25,fav_14_plus,team_has_rp_edge
2023,3,2023-09-16T20:00:00.000Z,401531348,Tulane,Southern Miss,Favorite,-7.75,W,10.25,,11.0,20.0,0.0,5_to_15,American,Sun Belt,G6,G6,G6_vs_G6,False,False,American,Sun Belt,,,15_to_25,neutral,True,5_to_15,fav_7_14,team_has_rp_edge
2023,3,2023-09-16T20:00:00.000Z,401520245,Texas A&M,UL Monroe,Favorite,-36.5,W,7.5,,28.0,16.0,38.0,25_plus,SEC,Sun Belt,P4,G6,P4_vs_G6,False,False,SEC,Sun Belt,,,15_to_25,25_plus,True,25_plus,fav_14_plus,team_has_rp_edge
2023,3,2023-09-16T23:00:00.000Z,401525835,Miami (OH),Cincinnati,Underdog,14.25,W,21.25,,23.0,12.0,34.0,15_to_25,MAC,Big 12,G6,P4,G6_vs_P4,False,True,MAC,American,,0.0,5_to_15,25_plus,True,15_to_25,dog_7_14,team_has_rp_edge
2023,3,2023-09-16T23:00:00.000Z,401531848,James Madison,Troy,Underdog,2.8333333333333335,W,4.833333333333334,,10.0,5.0,17.0,5_to_15,Sun Belt,Sun Belt,G6,G6,G6_vs_G6,False,False,Sun Belt,Sun Belt,,,5_to_15,15_to_25,True,5_to_15,pick_to_3,team_has_rp_edge
2023,3,2023-09-16T23:30:00.000Z,401520232,Michigan,Bowling Green,Favorite,-40.75,L,-15.75,,22.0,30.0,15.0,15_to_25,Big Ten,MAC,P4,G6,P4_vs_G6,False,False,Big Ten,MAC,,,25_plus,15_to_25,True,15_to_25,fav_14_plus,team_has_rp_edge
2023,3,2023-09-17T02:30:00.000Z,401525837,Kansas,Nevada,Favorite,-28.5,L,-21.5,,32.0,37.0,27.0,25_plus,Big 12,Mountain West,P4,G6,P4_vs_G6,False,False,Big 12,Mountain West,,,25_plus,25_plus,True,25_plus,fav_14_plus,team_has_rp_edge
2023,4,2023-09-23T17:30:00.000Z,401532406,Toledo,Western Michigan,Favorite,-21.5,L,-3.5,,28.0,51.0,5.0,25_plus,MAC,MAC,G6,G6,G6_vs_G6,False,False,MAC,MAC,,,25_plus,5_to_15,True,25_plus,fav_14_plus,team_has_rp_edge
2023,4,2023-09-23T19:30:00.000Z,401525506,Boston College,Louisville,Underdog,13.833333333333334,L,-14.166666666666666,,22.0,28.0,18.0,15_to_25,ACC,ACC,P4,P4,P4_vs_P4,False,False,ACC,ACC,,,25_plus,15_to_25,True,15_to_25,dog_7_14,team_has_rp_edge
2023,4,2023-09-23T19:30:00.000Z,401520250,Ole Miss,Alabama,Underdog,7.0,L,-7.0,,31.0,42.0,19.0,25_plus,SEC,SEC,P4,P4,P4_vs_P4,False,False,SEC,SEC,,,25_plus,15_to_25,True,25_plus,dog_3_7,team_has_rp_edge
2023,4,2023-09-23T20:00:00.000Z,401531423,Rice,South Florida,Favorite,-2.5,L,-15.5,,17.0,5.0,28.0,15_to_25,American,American,G6,G6,G6_vs_G6,True,False,Conference USA,American,0.0,,5_to_15,25_plus,True,15_to_25,pick_to_3,team_has_rp_edge
2023,4,2023-09-23T23:00:00.000Z,401520254,Sam Houston,Houston,Underdog,11.5,L,-19.5,,11.0,25.0,-2.0,5_to_15,Conference USA,Big 12,G6,P4,G6_vs_P4,False,True,,American,,0.0,25_plus,neutral,True,5_to_15,dog_7_14,team_has_rp_edge
2023,4,2023-09-23T23:00:00.000Z,401520258,LSU,Arkansas,Favorite,-17.666666666666668,L,-14.666666666666668,,17.0,30.0,2.0,15_to_25,SEC,SEC,P4,P4,P4_vs_P4,False,False,SEC,SEC,,,25_plus,neutral,True,15_to_25,fav_14_plus,team_has_rp_edge
2023,4,2023-09-23T23:30:00.000Z,401525844,Texas,Baylor,Favorite,-16.5,W,15.5,,19.0,34.0,3.0,15_to_25,Big 12,Big 12,P4,P4,P4_vs_P4,False,False,Big 12,Big 12,,,25_plus,neutral,True,15_to_25,fav_14_plus,team_has_rp_edge
2024,1,2024-08-30T00:00:00.000Z,401640998,Jacksonville State,Coastal Carolina,Favorite,-3.5,L,-31.5,,24.0,15.0,33.0,15_to_25,Conference USA,Sun Belt,G6,G6,G6_vs_G6,False,False,Conference USA,Sun Belt,,,15_to_25,25_plus,True,15_to_25,fav_3_7,team_has_rp_edge
2024,1,2024-08-30T00:00:00.000Z,401628448,Minnesota,North Carolina,Underdog,0.3333333333333333,L,-1.6666666666666667,,34.0,32.0,37.0,25_plus,Big Ten,ACC,P4,P4,P4_vs_P4,False,False,Big Ten,ACC,,,25_plus,25_plus,True,25_plus,pick_to_3,team_has_rp_edge
2024,1,2024-08-31T19:30:00.000Z,401628454,Nebraska,UTEP,Favorite,-27.5,W,5.5,0.5,32.0,28.0,36.0,25_plus,Big Ten,Conference USA,P4,G6,P4_vs_G6,False,False,Big Ten,Conference USA,,,25_plus,25_plus,True,25_plus,fav_14_plus,team_has_rp_edge
2024,1,2024-08-31T19:30:00.000Z,401634304,Syracuse,Ohio,Favorite,-17.333333333333332,L,-1.333333333333332,,47.0,48.0,45.0,25_plus,ACC,MAC,P4,G6,P4_vs_G6,False,False,ACC,MAC,,,25_plus,25_plus,True,25_plus,fav_14_plus,team_has_rp_edge
2024,1,2024-09-01T02:30:00.000Z,401636608,Arizona,New Mexico,Favorite,-29.166666666666668,L,-7.166666666666668,,26.0,16.0,36.0,25_plus,Big 12,Mountain West,P4,G6,P4_vs_G6,True,False,Pac-12,Mountain West,0.0,,15_to_25,25_plus,True,25_plus,fav_14_plus,team_has_rp_edge
2024,2,2024-09-07T01:00:00.000Z,401635533,Northwestern,Duke,Favorite,-2.1666666666666665,L,-8.166666666666666,-1.0,21.0,7.0,35.0,15_to_25,Big Ten,ACC,P4,P4,P4_vs_P4,False,False,Big Ten,ACC,,,5_to_15,25_plus,True,15_to_25,pick_to_3,team_has_rp_edge
2024,2,2024-09-07T16:00:00.000Z,401643784,Memphis,Troy,Favorite,-18.666666666666668,W,2.333333333333332,1.5,33.0,45.0,23.0,25_plus,American,Sun Belt,G6,G6,G6_vs_G6,False,False,American,Sun Belt,,,25_plus,15_to_25,True,25_plus,fav_14_plus,team_has_rp_edge
2024,2,2024-09-07T16:00:00.000Z,401628470,Penn State,Bowling Green,Favorite,-34.833333333333336,L,-27.833333333333336,3.0,22.0,29.0,14.0,15_to_25,Big Ten,MAC,P4,G6,P4_vs_G6,False,False,Big Ten,MAC,,,25_plus,5_to_15,True,15_to_25,fav_14_plus,team_has_rp_edge
2024,2,2024-09-07T16:00:00.000Z,401628471,Rutgers,Akron,Favorite,-24.5,W,7.5,1.5,21.0,6.0,36.0,15_to_25,Big Ten,MAC,P4,G6,P4_vs_G6,False,False,Big Ten,MAC,,,5_to_15,25_plus,True,15_to_25,fav_14_plus,team_has_rp_edge
2024,2,2024-09-07T16:00:00.000Z,401628347,Texas,Michigan,Favorite,-6.666666666666667,W,12.333333333333332,-1.0,34.0,27.0,42.0,25_plus,SEC,Big Ten,P4,P4,P4_vs_P4,True,False,Big 12,Big Ten,0.0,,25_plus,25_plus,True,25_plus,fav_3_7,team_has_rp_edge
2024,2,2024-09-07T19:30:00.000Z,401645324,Navy,Temple,Favorite,-12.166666666666666,W,14.833333333333334,0.5,14.0,1.0,27.0,5_to_15,American,American,G6,G6,G6_vs_G6,False,False,American,American,,,neutral,25_plus,True,5_to_15,fav_7_14,team_has_rp_edge
2024,2,2024-09-07T23:00:00.000Z,401628335,South Florida,Alabama,Underdog,31.666666666666668,W,5.666666666666668,0.5,28.0,54.0,2.0,25_plus,American,SEC,G6,P4,G6_vs_P4,False,False,American,SEC,,,25_plus,neutral,True,25_plus,dog_14_plus,team_has_rp_edge
2024,2,2024-09-07T23:00:00.000Z,401628344,Missouri,Buffalo,Favorite,-33.666666666666664,W,4.333333333333336,-2.0,39.0,51.0,27.0,25_plus,SEC,MAC,P4,G6,P4_vs_G6,False,False,SEC,MAC,,,25_plus,25_plus,True,25_plus,fav_14_plus,team_has_rp_edge
2024,2,2024-09-07T23:00:00.000Z,401643780,UAB,UL Monroe,Favorite,-11.5,L,-37.5,-0.5,26.0,40.0,13.0,25_plus,American,Sun Belt,G6,G6,G6_vs_G6,False,False,American,Sun Belt,,,25_plus,5_to_15,True,25_plus,fav_7_14,team_has_rp_edge
2024,3,2024-09-14T16:00:00.000Z,401628350,Wisconsin,Alabama,Underdog,15.166666666666666,L,-16.833333333333336,-6.0,27.0,37.0,15.0,25_plus,Big Ten,SEC,P4,P4,P4_vs_P4,False,False,Big Ten,SEC,,,25_plus,15_to_25,True,25_plus,dog_14_plus,team_has_rp_edge
2024,3,2024-09-14T19:30:00.000Z,401628483,Oregon,Oregon State,Favorite,-17.666666666666668,W,17.333333333333332,-2.5,29.0,42.0,16.0,25_plus,,,,,,,,,,,,25_plus,15_to_25,True,25_plus,fav_14_plus,team_has_rp_edge
2024,3,2024-09-14T20:00:00.000Z,401628477,Iowa,Troy,Favorite,-23.333333333333332,L,-6.333333333333332,0.0,33.0,51.0,16.0,25_plus,Big Ten,Sun Belt,P4,G6,P4_vs_G6,False,False,Big Ten,Sun Belt,,,25_plus,15_to_25,True,25_plus,fav_14_plus,team_has_rp_edge
2024,3,2024-09-14T20:15:00.000Z,401628351,UAB,Arkansas,Underdog,23.666666666666668,W,13.666666666666668,0.0,20.0,40.0,2.0,15_to_25,American,SEC,G6,P4,G6_vs_P4,False,False,American,SEC,,,25_plus,neutral,True,15_to_25,dog_14_plus,team_has_rp_edge
2024,3,2024-09-14T23:00:00.000Z,401628361,Texas,UTSA,Favorite,-35.5,W,13.5,0.0,25.0,35.0,15.0,25_plus,SEC,American,P4,G6,P4_vs_G6,True,False,Big 12,American,0.0,,25_plus,15_to_25,True,25_plus,fav_14_plus,team_has_rp_edge
2024,3,2024-09-14T23:00:00.000Z,401640999,Jacksonville State,Eastern Michigan,Favorite,-1.0,L,-4.0,0.0,23.0,14.0,32.0,15_to_25,Conference USA,MAC,G6,G6,G6_vs_G6,False,False,Conference USA,MAC,,,5_to_15,25_plus,True,15_to_25,pick_to_3,team_has_rp_edge
2024,3,2024-09-14T23:30:00.000Z,401636860,Baylor,Air Force,Favorite,-16.666666666666668,W,11.333333333333332,0.0,41.0,48.0,34.0,25_plus,Big 12,Mountain West,P4,G6,P4_vs_G6,False,False,Big 12,Mountain West,,,25_plus,25_plus,True,25_plus,fav_14_plus,team_has_rp_edge
2024,3,2024-09-14T23:30:00.000Z,401636866,TCU,UCF,Favorite,-2.1666666666666665,L,-3.1666666666666665,4.5,22.0,3.0,40.0,15_to_25,Big 12,Big 12,P4,P4,P4_vs_P4,False,False,Big 12,Big 12,,,neutral,25_plus,True,15_to_25,pick_to_3,team_has_rp_edge
2024,3,2024-09-15T00:00:00.000Z,401628478,Virginia,Maryland,Favorite,-1.1666666666666667,L,-15.166666666666666,0.0,31.0,34.0,28.0,25_plus,ACC,Big Ten,P4,P4,P4_vs_P4,False,False,ACC,Big Ten,,,25_plus,25_plus,True,25_plus,pick_to_3,team_has_rp_edge
2024,3,2024-09-15T02:30:00.000Z,401635541,California,San Diego State,Favorite,-18.666666666666668,W,2.333333333333332,0.0,27.0,36.0,17.0,25_plus,ACC,Mountain West,P4,G6,P4_vs_G6,True,False,Pac-12,Mountain West,0.0,,25_plus,15_to_25,True,25_plus,fav_14_plus,team_has_rp_edge
2024,4,2024-09-21T16:00:00.000Z,401643791,Louisiana,Tulane,Underdog,1.5,L,-6.5,,23.0,20.0,26.0,15_to_25,Sun Belt,American,G6,G6,G6_vs_G6,False,False,Sun Belt,American,,,15_to_25,25_plus,True,15_to_25,pick_to_3,team_has_rp_edge
2024,4,2024-09-21T16:00:00.000Z,401645328,Rice,Army,Underdog,7.333333333333333,L,-15.666666666666668,,26.0,25.0,26.0,25_plus,American,American,G6,G6,G6_vs_G6,False,True,American,Independent,,0.0,25_plus,25_plus,True,25_plus,dog_3_7,team_has_rp_edge
2024,4,2024-09-21T18:00:00.000Z,401635558,Virginia,Coastal Carolina,Favorite,-3.5,W,15.5,0.5,31.0,39.0,24.0,25_plus,ACC,Sun Belt,P4,G6,P4_vs_G6,False,False,ACC,Sun Belt,,,25_plus,15_to_25,True,25_plus,fav_3_7,team_has_rp_edge
2024,4,2024-09-21T23:00:00.000Z,401628491,Northwestern,Washington,Underdog,11.833333333333334,L,-7.166666666666666,-1.5,40.0,12.0,69.0,25_plus,Big Ten,Big Ten,P4,P4,P4_vs_P4,False,True,Big Ten,Pac-12,,0.0,5_to_15,25_plus,True,25_plus,dog_7_14,team_has_rp_edge
2024,4,2024-09-21T23:30:00.000Z,401628372,Texas A&M,Bowling Green,Favorite,-21.166666666666668,L,-15.166666666666668,-2.0,24.0,32.0,15.0,15_to_25,SEC,MAC,P4,G6,P4_vs_G6,False,False,SEC,MAC,,,25_plus,15_to_25,True,15_to_25,fav_14_plus,team_has_rp_edge
2024,4,2024-09-22T00:00:00.000Z,401628371,Texas,UL Monroe,Favorite,-43.0,W,5.0,-3.5,30.0,33.0,27.0,25_plus,SEC,Sun Belt,P4,G6,P4_vs_G6,True,False,Big 12,Sun Belt,0.0,,25_plus,25_plus,True,25_plus,fav_14_plus,team_has_rp_edge
2025,1,2025-08-28T23:00:00.000Z,401762789,Wyoming,Akron,Favorite,-6.0,W,4.0,-4.5,15.0,41.0,-12.0,15_to_25,Mountain West,MAC,G6,G6,G6_vs_G6,False,False,Mountain West,MAC,,,25_plus,minus_5_to_15,True,15_to_25,fav_3_7,team_has_rp_edge
2025,1,2025-08-29T01:00:00.000Z,401762791,Wisconsin,Miami (OH),Favorite,-18.0,L,-1.0,0.5,32.0,18.0,47.0,25_plus,Big Ten,MAC,P4,G6,P4_vs_G6,False,False,Big Ten,MAC,,,15_to_25,25_plus,True,25_plus,fav_14_plus,team_has_rp_edge
2025,1,2025-08-30T00:00:00.000Z,401754375,Georgia Tech,Colorado,Favorite,-3.6666666666666665,W,3.3333333333333335,0.0,14.0,9.0,21.0,5_to_15,ACC,Big 12,P4,P4,P4_vs_P4,False,False,ACC,Big 12,,,5_to_15,15_to_25,True,5_to_15,fav_3_7,team_has_rp_edge
2025,1,2025-08-30T19:30:00.000Z,401752807,Penn State,Nevada,Favorite,-44.166666666666664,L,-9.166666666666664,0.0,34.0,46.0,20.0,25_plus,Big Ten,Mountain West,P4,G6,P4_vs_G6,False,False,Big Ten,Mountain West,,,25_plus,15_to_25,True,25_plus,fav_14_plus,team_has_rp_edge
2025,1,2025-08-30T22:00:00.000Z,401754616,Virginia,Coastal Carolina,Favorite,-13.166666666666666,W,27.833333333333336,1.0,14.0,29.0,-1.0,5_to_15,ACC,Sun Belt,P4,G6,P4_vs_G6,False,False,ACC,Sun Belt,,,25_plus,neutral,True,5_to_15,fav_7_14,team_has_rp_edge
2025,1,2025-08-30T23:30:00.000Z,401752808,Michigan,New Mexico,Favorite,-35.166666666666664,L,-18.166666666666664,0.0,37.0,38.0,35.0,25_plus,Big Ten,Mountain West,P4,G6,P4_vs_G6,False,False,Big Ten,Mountain West,,,25_plus,25_plus,True,25_plus,fav_14_plus,team_has_rp_edge
2025,1,2025-08-31T03:00:00.000Z,401752800,Utah,UCLA,Favorite,-6.5,W,26.5,3.5,18.0,39.0,-2.0,15_to_25,Big 12,Big Ten,P4,P4,P4_vs_P4,False,False,Big 12,Big Ten,,,25_plus,neutral,True,15_to_25,fav_3_7,team_has_rp_edge
2025,2,2025-09-06T16:00:00.000Z,401757227,Liberty,Jacksonville State,Favorite,-6.25,L,-16.25,1.0,38.0,42.0,35.0,25_plus,Conference USA,Conference USA,G6,G6,G6_vs_G6,False,False,Conference USA,Conference USA,,,25_plus,25_plus,True,25_plus,fav_3_7,team_has_rp_edge
2025,2,2025-09-06T19:30:00.000Z,401752818,Rutgers,Miami (OH),Favorite,-15.5,W,12.5,2.0,39.0,31.0,47.0,25_plus,Big Ten,MAC,P4,G6,P4_vs_G6,False,False,Big Ten,MAC,,,25_plus,25_plus,True,25_plus,fav_14_plus,team_has_rp_edge
2025,2,2025-09-06T19:30:00.000Z,401756880,Cincinnati,Bowling Green,Favorite,-22.0,L,-8.0,4.5,30.0,35.0,26.0,25_plus,Big 12,MAC,P4,G6,P4_vs_G6,False,False,Big 12,MAC,,,25_plus,25_plus,True,25_plus,fav_14_plus,team_has_rp_edge
2025,2,2025-09-06T19:30:00.000Z,401756881,Delaware,Colorado,Underdog,23.5,L,-0.5,1.0,15.0,-1.0,32.0,15_to_25,Conference USA,Big 12,G6,P4,G6_vs_P4,False,False,,Big 12,,,neutral,25_plus,True,15_to_25,dog_14_plus,team_has_rp_edge
2025,2,2025-09-06T19:30:00.000Z,401762458,Navy,UAB,Favorite,-21.5,L,-7.5,1.0,24.0,33.0,14.0,15_to_25,American,American,G6,G6,G6_vs_G6,False,False,American,American,,,25_plus,5_to_15,True,15_to_25,fav_14_plus,team_has_rp_edge
2025,2,2025-09-06T23:00:00.000Z,401756884,Houston,Rice,Favorite,-13.5,W,12.5,1.0,26.0,18.0,32.0,25_plus,Big 12,American,P4,G6,P4_vs_G6,False,False,Big 12,American,,,15_to_25,25_plus,True,25_plus,fav_7_14,team_has_rp_edge
2025,2,2025-09-06T23:30:00.000Z,401752687,LSU,Louisiana Tech,Favorite,-36.5,L,-20.5,4.0,14.0,20.0,9.0,5_to_15,SEC,Conference USA,P4,G6,P4_vs_G6,False,False,SEC,Conference USA,,,15_to_25,5_to_15,True,5_to_15,fav_14_plus,team_has_rp_edge
2025,2,2025-09-07T01:00:00.000Z,401757229,New Mexico State,Tulsa,Underdog,3.25,W,10.25,0.0,18.0,17.0,19.0,15_to_25,Conference USA,American,G6,G6,G6_vs_G6,False,False,Conference USA,American,,,15_to_25,15_to_25,True,15_to_25,pick_to_3,team_has_rp_edge
2025,3,2025-09-12T23:30:00.000Z,401756893,Houston,Colorado,Favorite,-3.8333333333333335,W,12.166666666666666,-0.5,15.0,13.0,17.0,15_to_25,Big 12,Big 12,P4,P4,P4_vs_P4,False,False,Big 12,Big 12,,,5_to_15,15_to_25,True,15_to_25,fav_3_7,team_has_rp_edge
2025,3,2025-09-13T16:00:00.000Z,401761608,Troy,Memphis,Underdog,4.5,L,-16.5,,27.0,31.0,23.0,25_plus,Sun Belt,American,G6,G6,G6_vs_G6,False,False,Sun Belt,American,,,25_plus,15_to_25,True,25_plus,dog_3_7,team_has_rp_edge
2025,3,2025-09-13T16:00:00.000Z,401752703,Oklahoma,Temple,Favorite,-23.833333333333332,W,15.166666666666668,-1.0,18.0,35.0,1.0,15_to_25,SEC,American,P4,G6,P4_vs_G6,False,False,SEC,American,,,25_plus,neutral,True,15_to_25,fav_14_plus,team_has_rp_edge
2025,3,2025-09-13T19:30:00.000Z,401754638,Pittsburgh,West Virginia,Favorite,-6.833333333333333,L,-13.833333333333332,2.5,18.0,12.0,23.0,15_to_25,ACC,Big 12,P4,P4,P4_vs_P4,False,False,ACC,Big 12,,,5_to_15,15_to_25,True,15_to_25,fav_3_7,team_has_rp_edge
2025,3,2025-09-13T20:15:00.000Z,401752706,UTEP,Texas,Underdog,39.833333333333336,W,22.833333333333336,-4.0,16.0,14.0,18.0,15_to_25,Conference USA,SEC,G6,P4,G6_vs_P4,False,False,Conference USA,SEC,,,5_to_15,15_to_25,True,15_to_25,dog_14_plus,team_has_rp_edge
2025,3,2025-09-13T21:00:00.000Z,401757256,Liberty,Bowling Green,Favorite,-6.0,L,-16.0,-1.0,28.0,31.0,27.0,25_plus,Conference USA,MAC,G6,G6,G6_vs_G6,False,False,Conference USA,MAC,,,25_plus,25_plus,True,25_plus,fav_3_7,team_has_rp_edge
2025,3,2025-09-13T23:00:00.000Z,401752829,Illinois,Western Michigan,Favorite,-27.5,W,10.5,-1.0,39.0,29.0,51.0,25_plus,Big Ten,MAC,P4,G6,P4_vs_G6,False,False,Big Ten,MAC,,,25_plus,25_plus,True,25_plus,fav_14_plus,team_has_rp_edge
2025,3,2025-09-13T23:30:00.000Z,401757257,New Mexico State,Louisiana Tech,Underdog,10.166666666666666,L,-24.833333333333336,2.0,17.0,24.0,11.0,15_to_25,Conference USA,Conference USA,G6,G6,G6_vs_G6,False,False,Conference USA,Conference USA,,,15_to_25,5_to_15,True,15_to_25,dog_7_14,team_has_rp_edge
2025,3,2025-09-14T00:00:00.000Z,401762465,Navy,Tulsa,Favorite,-13.666666666666666,W,5.333333333333334,-1.0,16.0,21.0,10.0,15_to_25,American,American,G6,G6,G6_vs_G6,False,False,American,American,,,15_to_25,5_to_15,True,15_to_25,fav_7_14,team_has_rp_edge
2025,4,2025-09-20T16:00:00.000Z,401754537,Clemson,Syracuse,Favorite,-17.5,L,-30.5,1.0,31.0,24.0,38.0,25_plus,ACC,ACC,P4,P4,P4_vs_P4,False,False,ACC,ACC,,,15_to_25,25_plus,True,25_plus,fav_14_plus,team_has_rp_edge
2025,4,2025-09-20T16:00:00.000Z,401752845,Wisconsin,Maryland,Favorite,-10.5,L,-27.5,4.0,13.0,13.0,14.0,5_to_15,Big Ten,Big Ten,P4,P4,P4_vs_P4,False,False,Big Ten,Big Ten,,,5_to_15,5_to_15,True,5_to_15,fav_7_14,team_has_rp_edge
2025,4,2025-09-20T19:00:00.000Z,401752841,Oregon State,Oregon,Underdog,34.0,P,0.0,0.0,19.0,11.0,25.0,15_to_25,,,,,,,,,,,,5_to_15,25_plus,True,15_to_25,dog_14_plus,team_has_rp_edge
2025,4,2025-09-20T20:30:00.000Z,401754542,Georgia Tech,Temple,Favorite,-24.5,L,-3.5,1.0,13.0,21.0,6.0,5_to_15,ACC,American,P4,G6,P4_vs_G6,False,False,ACC,American,,,15_to_25,5_to_15,True,5_to_15,fav_14_plus,team_has_rp_edge
2025,4,2025-09-20T23:30:00.000Z,401756898,BYU,East Carolina,Favorite,-6.166666666666667,W,14.833333333333332,-2.0,17.0,38.0,-4.0,15_to_25,Big 12,American,P4,G6,P4_vs_G6,False,False,Big 12,American,,,25_plus,neutral,True,15_to_25,fav_3_7,team_has_rp_edge
2025,4,2025-09-21T02:15:00.000Z,401756897,Wyoming,Colorado,Underdog,12.333333333333334,L,-4.666666666666666,1.0,14.0,24.0,4.0,5_to_15,Mountain West,Big 12,G6,P4,G6_vs_P4,False,False,Mountain West,Big 12,,,15_to_25,neutral,True,5_to_15,dog_7_14,team_has_rp_edge
2023,1,2023-08-26T23:00:00.000Z,401532392,Ohio,San Diego State,Underdog,2.9,L,-4.1,,-4.0,38.0,-45.0,neutral,MAC,Mountain West,G6,G6,G6_vs_G6,False,False,MAC,Mountain West,,,25_plus,minus_25,True,neutral,pick_to_3,opponent_has_rp_edge
2023,1,2023-08-26T23:30:00.000Z,401520147,Vanderbilt,Hawai'i,Favorite,-17.625,L,-10.625,,18.0,24.0,11.0,15_to_25,SEC,Mountain West,P4,G6,P4_vs_G6,False,False,SEC,Mountain West,,,15_to_25,5_to_15,True,15_to_25,fav_14_plus,team_has_rp_edge
2023,1,2023-09-01T00:00:00.000Z,401520176,Utah,Florida,Favorite,-6.3,W,6.7,,22.0,30.0,14.0,15_to_25,,,,,,,,,,,,25_plus,5_to_15,True,15_to_25,fav_3_7,team_has_rp_edge
2023,1,2023-09-02T16:00:00.000Z,401520162,Michigan,East Carolina,Favorite,-35.4,L,-8.399999999999999,,47.0,45.0,48.0,25_plus,Big Ten,American,P4,G6,P4_vs_G6,False,False,Big Ten,American,,,25_plus,25_plus,True,25_plus,fav_14_plus,team_has_rp_edge
2023,1,2023-09-02T18:00:00.000Z,401531387,Temple,Akron,Favorite,-9.875,L,-6.875,,14.0,31.0,-2.0,5_to_15,American,MAC,G6,G6,G6_vs_G6,False,False,American,MAC,,,25_plus,neutral,True,5_to_15,fav_7_14,team_has_rp_edge
2023,1,2023-09-02T19:30:00.000Z,401523997,Washington,Boise State,Favorite,-14.3,W,22.7,,6.0,19.0,-5.0,5_to_15,,,,,,,,,,,,15_to_25,minus_5_to_15,True,5_to_15,fav_7_14,team_has_rp_edge
2023,1,2023-09-02T19:30:00.000Z,401520180,Wisconsin,Buffalo,Favorite,-27.0,L,-6.0,,19.0,26.0,11.0,15_to_25,Big Ten,MAC,P4,G6,P4_vs_G6,False,False,Big Ten,MAC,,,25_plus,5_to_15,True,15_to_25,fav_14_plus,team_has_rp_edge
2023,1,2023-09-02T22:30:00.000Z,401523996,USC,Nevada,Favorite,-37.875,W,14.125,,23.0,21.0,25.0,15_to_25,,,,,,,,,,,,15_to_25,25_plus,True,15_to_25,fav_14_plus,team_has_rp_edge
2023,1,2023-09-02T23:00:00.000Z,401525819,Houston,UTSA,Underdog,1.5,W,4.5,,8.0,29.0,-13.0,5_to_15,Big 12,American,P4,G6,P4_vs_G6,True,True,American,Conference USA,0.0,0.0,25_plus,minus_5_to_15,True,5_to_15,pick_to_3,team_has_rp_edge
2023,1,2023-09-02T23:00:00.000Z,401520173,Texas A&M,New Mexico,Favorite,-37.875,W,4.125,,16.0,33.0,-1.0,15_to_25,SEC,Mountain West,P4,G6,P4_vs_G6,False,False,SEC,Mountain West,,,25_plus,neutral,True,15_to_25,fav_14_plus,team_has_rp_edge
2023,1,2023-09-02T23:30:00.000Z,401525825,Wyoming,Texas Tech,Underdog,13.6,W,15.6,,19.0,30.0,9.0,15_to_25,Mountain West,Big 12,G6,P4,G6_vs_P4,False,False,Mountain West,Big 12,,,25_plus,5_to_15,True,15_to_25,dog_7_14,team_has_rp_edge
2023,1,2023-09-03T00:00:00.000Z,401525467,Virginia Tech,Old Dominion,Favorite,-15.75,W,3.25,,12.0,27.0,-4.0,5_to_15,ACC,Sun Belt,P4,G6,P4_vs_G6,False,False,ACC,Sun Belt,,,25_plus,neutral,True,5_to_15,fav_14_plus,team_has_rp_edge
2023,2,2023-09-09T16:00:00.000Z,401523999,Utah,Baylor,Favorite,-7.0,P,0.0,,21.0,32.0,9.0,15_to_25,,,,,,,,,,,,25_plus,5_to_15,True,15_to_25,fav_3_7,team_has_rp_edge
2023,2,2023-09-09T19:30:00.000Z,401525497,Syracuse,Western Michigan,Favorite,-24.666666666666668,W,16.333333333333332,,24.0,42.0,5.0,15_to_25,ACC,MAC,P4,G6,P4_vs_G6,False,False,ACC,MAC,,,25_plus,5_to_15,True,15_to_25,fav_14_plus,team_has_rp_edge
2023,2,2023-09-09T21:00:00.000Z,401524004,Washington,Tulsa,Favorite,-33.666666666666664,L,-0.6666666666666643,,33.0,36.0,32.0,25_plus,,,,,,,,,,,,25_plus,25_plus,True,25_plus,fav_14_plus,team_has_rp_edge
2023,2,2023-09-09T22:00:00.000Z,401520198,New Mexico State,Liberty,Underdog,9.333333333333334,L,-6.666666666666666,,9.0,30.0,-12.0,5_to_15,Conference USA,Conference USA,G6,G6,G6_vs_G6,True,True,Independent,Independent,0.0,0.0,25_plus,minus_5_to_15,True,5_to_15,dog_7_14,team_has_rp_edge
2023,2,2023-09-09T22:00:00.000Z,401531842,Louisiana,Old Dominion,Favorite,-6.0,L,-13.0,,9.0,32.0,-15.0,5_to_15,Sun Belt,Sun Belt,G6,G6,G6_vs_G6,False,False,Sun Belt,Sun Belt,,,25_plus,minus_15_to_25,True,5_to_15,fav_3_7,team_has_rp_edge
2023,2,2023-09-09T23:00:00.000Z,401520183,Texas,Alabama,Underdog,7.166666666666667,W,17.166666666666668,,34.0,47.0,20.0,25_plus,Big 12,SEC,P4,P4,P4_vs_P4,False,False,Big 12,SEC,,,25_plus,15_to_25,True,25_plus,dog_3_7,team_has_rp_edge
2023,2,2023-09-09T23:30:00.000Z,401520217,Wisconsin,Washington State,Favorite,-5.333333333333333,L,-14.333333333333332,,10.0,25.0,-5.0,5_to_15,,,,,,,,,,,,25_plus,minus_5_to_15,True,5_to_15,fav_3_7,team_has_rp_edge
2023,2,2023-09-10T00:30:00.000Z,401525493,Florida State,Southern Miss,Favorite,-31.0,W,22.0,,27.0,27.0,26.0,25_plus,ACC,Sun Belt,P4,G6,P4_vs_G6,False,False,ACC,Sun Belt,,,25_plus,25_plus,True,25_plus,fav_14_plus,team_has_rp_edge
2023,2,2023-09-10T02:30:00.000Z,401524003,USC,Stanford,Favorite,-28.666666666666668,W,17.333333333333332,,41.0,39.0,44.0,25_plus,,,,,,,,,,,,25_plus,25_plus,True,25_plus,fav_14_plus,team_has_rp_edge
2023,3,2023-09-16T19:30:00.000Z,401524009,Oregon State,San Diego State,Favorite,-24.5,L,-7.5,,9.0,38.0,-19.0,5_to_15,,,,,,,,,,,,25_plus,minus_15_to_25,True,5_to_15,fav_14_plus,team_has_rp_edge
2023,3,2023-09-16T20:00:00.000Z,401531348,Tulane,Southern Miss,Favorite,-7.75,W,10.25,,11.0,20.0,0.0,5_to_15,American,Sun Belt,G6,G6,G6_vs_G6,False,False,American,Sun Belt,,,15_to_25,neutral,True,5_to_15,fav_7_14,team_has_rp_edge
2023,3,2023-09-16T23:00:00.000Z,401531379,Louisiana,UAB,Underdog,2.0,W,22.0,,27.0,36.0,18.0,25_plus,Sun Belt,American,G6,G6,G6_vs_G6,False,True,Sun Belt,Conference USA,,0.0,25_plus,15_to_25,True,25_plus,pick_to_3,team_has_rp_edge
2023,3,2023-09-16T23:30:00.000Z,401520232,Michigan,Bowling Green,Favorite,-40.75,L,-15.75,,22.0,30.0,15.0,15_to_25,Big Ten,MAC,P4,G6,P4_vs_G6,False,False,Big Ten,MAC,,,25_plus,15_to_25,True,15_to_25,fav_14_plus,team_has_rp_edge
2023,3,2023-09-17T02:30:00.000Z,401525837,Kansas,Nevada,Favorite,-28.5,L,-21.5,,32.0,37.0,27.0,25_plus,Big 12,Mountain West,P4,G6,P4_vs_G6,False,False,Big 12,Mountain West,,,25_plus,25_plus,True,25_plus,fav_14_plus,team_has_rp_edge
2023,4,2023-09-23T02:30:00.000Z,401532583,Boise State,San Diego State,Favorite,-5.833333333333333,L,-2.833333333333333,,11.0,38.0,-16.0,5_to_15,Mountain West,Mountain West,G6,G6,G6_vs_G6,False,False,Mountain West,Mountain West,,,25_plus,minus_15_to_25,True,5_to_15,fav_3_7,team_has_rp_edge
2023,4,2023-09-23T16:00:00.000Z,401520274,Vanderbilt,Kentucky,Underdog,13.333333333333334,L,-3.666666666666666,,2.0,18.0,-15.0,neutral,SEC,SEC,P4,P4,P4_vs_P4,False,False,SEC,SEC,,,15_to_25,minus_15_to_25,True,neutral,dog_7_14,team_has_rp_edge
2023,4,2023-09-23T17:30:00.000Z,401532406,Toledo,Western Michigan,Favorite,-21.5,L,-3.5,,28.0,51.0,5.0,25_plus,MAC,MAC,G6,G6,G6_vs_G6,False,False,MAC,MAC,,,25_plus,5_to_15,True,25_plus,fav_14_plus,team_has_rp_edge
2023,4,2023-09-23T19:30:00.000Z,401525506,Boston College,Louisville,Underdog,13.833333333333334,L,-14.166666666666666,,22.0,28.0,18.0,15_to_25,ACC,ACC,P4,P4,P4_vs_P4,False,False,ACC,ACC,,,25_plus,15_to_25,True,15_to_25,dog_7_14,team_has_rp_edge
2023,4,2023-09-23T19:30:00.000Z,401520250,Ole Miss,Alabama,Underdog,7.0,L,-7.0,,31.0,42.0,19.0,25_plus,SEC,SEC,P4,P4,P4_vs_P4,False,False,SEC,SEC,,,25_plus,15_to_25,True,25_plus,dog_3_7,team_has_rp_edge
2023,4,2023-09-23T19:30:00.000Z,401532405,Ohio,Bowling Green,Favorite,-13.0,W,18.0,,-7.0,24.0,-37.0,minus_5_to_15,MAC,MAC,G6,G6,G6_vs_G6,False,False,MAC,MAC,,,15_to_25,minus_25,True,5_to_15,fav_7_14,opponent_has_rp_edge
2023,4,2023-09-23T23:00:00.000Z,401524019,Washington State,Oregon State,Underdog,3.0,W,6.0,,-3.0,21.0,-28.0,neutral,,,,,,,,,,,,15_to_25,minus_25,True,neutral,pick_to_3,opponent_has_rp_edge
2023,4,2023-09-23T23:00:00.000Z,401524019,Oregon State,Washington State,Favorite,-3.0,L,-6.0,,3.0,28.0,-21.0,neutral,,,,,,,,,,,,25_plus,minus_15_to_25,True,neutral,pick_to_3,team_has_rp_edge
2023,4,2023-09-23T23:00:00.000Z,401520258,LSU,Arkansas,Favorite,-17.666666666666668,L,-14.666666666666668,,17.0,30.0,2.0,15_to_25,SEC,SEC,P4,P4,P4_vs_P4,False,False,SEC,SEC,,,25_plus,neutral,True,15_to_25,fav_14_plus,team_has_rp_edge
2023,4,2023-09-23T23:30:00.000Z,401531875,Louisiana,Buffalo,Favorite,-10.333333333333334,L,-3.333333333333334,,13.0,29.0,-3.0,5_to_15,Sun Belt,MAC,G6,G6,G6_vs_G6,False,False,Sun Belt,MAC,,,25_plus,neutral,True,5_to_15,fav_7_14,team_has_rp_edge
2023,4,2023-09-23T23:30:00.000Z,401525844,Texas,Baylor,Favorite,-16.5,W,15.5,,19.0,34.0,3.0,15_to_25,Big 12,Big 12,P4,P4,P4_vs_P4,False,False,Big 12,Big 12,,,25_plus,neutral,True,15_to_25,fav_14_plus,team_has_rp_edge
2023,4,2023-09-24T03:59:00.000Z,401520253,New Mexico State,Hawai'i,Underdog,3.6666666666666665,W,0.6666666666666665,,17.0,28.0,6.0,15_to_25,Conference USA,Mountain West,G6,G6,G6_vs_G6,True,False,Independent,Mountain West,0.0,,25_plus,5_to_15,True,15_to_25,dog_3_7,team_has_rp_edge
2024,1,2024-08-30T00:00:00.000Z,401628448,Minnesota,North Carolina,Underdog,0.3333333333333333,L,-1.6666666666666667,,34.0,32.0,37.0,25_plus,Big Ten,ACC,P4,P4,P4_vs_P4,False,False,Big Ten,ACC,,,25_plus,25_plus,True,25_plus,pick_to_3,team_has_rp_edge
2024,1,2024-08-31T16:00:00.000Z,401628323,Georgia,Clemson,Favorite,-11.666666666666666,W,19.333333333333336,,1.0,27.0,-24.0,neutral,SEC,ACC,P4,P4,P4_vs_P4,False,False,SEC,ACC,,,25_plus,minus_15_to_25,True,neutral,fav_7_14,team_has_rp_edge
2024,1,2024-08-31T19:30:00.000Z,401628322,Florida,Miami,Underdog,2.5,L,-21.5,,2.0,17.0,-13.0,neutral,SEC,ACC,P4,P4,P4_vs_P4,False,False,SEC,ACC,,,15_to_25,minus_5_to_15,True,neutral,pick_to_3,team_has_rp_edge
2024,1,2024-08-31T19:30:00.000Z,401628454,Nebraska,UTEP,Favorite,-27.5,W,5.5,0.5,32.0,28.0,36.0,25_plus,Big Ten,Conference USA,P4,G6,P4_vs_G6,False,False,Big Ten,Conference USA,,,25_plus,25_plus,True,25_plus,fav_14_plus,team_has_rp_edge
2024,1,2024-08-31T19:30:00.000Z,401634304,Syracuse,Ohio,Favorite,-17.333333333333332,L,-1.333333333333332,,47.0,48.0,45.0,25_plus,ACC,MAC,P4,G6,P4_vs_G6,False,False,ACC,MAC,,,25_plus,25_plus,True,25_plus,fav_14_plus,team_has_rp_edge
2024,2,2024-09-07T16:00:00.000Z,401643784,Memphis,Troy,Favorite,-18.666666666666668,W,2.333333333333332,1.5,33.0,45.0,23.0,25_plus,American,Sun Belt,G6,G6,G6_vs_G6,False,False,American,Sun Belt,,,25_plus,15_to_25,True,25_plus,fav_14_plus,team_has_rp_edge
2024,2,2024-09-07T16:00:00.000Z,401628470,Penn State,Bowling Green,Favorite,-34.833333333333336,L,-27.833333333333336,3.0,22.0,29.0,14.0,15_to_25,Big Ten,MAC,P4,G6,P4_vs_G6,False,False,Big Ten,MAC,,,25_plus,5_to_15,True,15_to_25,fav_14_plus,team_has_rp_edge
2024,2,2024-09-07T16:00:00.000Z,401628347,Texas,Michigan,Favorite,-6.666666666666667,W,12.333333333333332,-1.0,34.0,27.0,42.0,25_plus,SEC,Big Ten,P4,P4,P4_vs_P4,True,False,Big 12,Big Ten,0.0,,25_plus,25_plus,True,25_plus,fav_3_7,team_has_rp_edge
2024,2,2024-09-07T16:00:00.000Z,401635534,Syracuse,Georgia Tech,Underdog,2.8333333333333335,W,5.833333333333334,-0.5,8.0,32.0,-16.0,5_to_15,ACC,ACC,P4,P4,P4_vs_P4,False,False,ACC,ACC,,,25_plus,minus_15_to_25,True,5_to_15,pick_to_3,team_has_rp_edge
2024,2,2024-09-07T20:15:00.000Z,401628342,Ole Miss,Middle Tennessee,Favorite,-42.5,W,6.5,2.5,16.0,39.0,-5.0,15_to_25,SEC,Conference USA,P4,G6,P4_vs_G6,False,False,SEC,Conference USA,,,25_plus,minus_5_to_15,True,15_to_25,fav_14_plus,team_has_rp_edge
2024,2,2024-09-07T22:00:00.000Z,401643778,Old Dominion,East Carolina,Favorite,-1.6666666666666667,L,-7.666666666666667,-1.0,5.0,33.0,-21.0,5_to_15,Sun Belt,American,G6,G6,G6_vs_G6,False,False,Sun Belt,American,,,25_plus,minus_15_to_25,True,5_to_15,pick_to_3,team_has_rp_edge
2024,2,2024-09-07T23:00:00.000Z,401628335,South Florida,Alabama,Underdog,31.666666666666668,W,5.666666666666668,0.5,28.0,54.0,2.0,25_plus,American,SEC,G6,P4,G6_vs_P4,False,False,American,SEC,,,25_plus,neutral,True,25_plus,dog_14_plus,team_has_rp_edge
2024,2,2024-09-07T23:00:00.000Z,401628344,Missouri,Buffalo,Favorite,-33.666666666666664,W,4.333333333333336,-2.0,39.0,51.0,27.0,25_plus,SEC,MAC,P4,G6,P4_vs_G6,False,False,SEC,MAC,,,25_plus,25_plus,True,25_plus,fav_14_plus,team_has_rp_edge
2024,2,2024-09-07T23:00:00.000Z,401643780,UAB,UL Monroe,Favorite,-11.5,L,-37.5,-0.5,26.0,40.0,13.0,25_plus,American,Sun Belt,G6,G6,G6_vs_G6,False,False,American,Sun Belt,,,25_plus,5_to_15,True,25_plus,fav_7_14,team_has_rp_edge
2024,3,2024-09-14T16:00:00.000Z,401628350,Wisconsin,Alabama,Underdog,15.166666666666666,L,-16.833333333333336,-6.0,27.0,37.0,15.0,25_plus,Big Ten,SEC,P4,P4,P4_vs_P4,False,False,Big Ten,SEC,,,25_plus,15_to_25,True,25_plus,dog_14_plus,team_has_rp_edge
2024,3,2024-09-14T16:45:00.000Z,401628357,Missouri,Boston College,Favorite,-15.166666666666666,L,-9.166666666666666,-2.5,1.0,26.0,-22.0,neutral,SEC,ACC,P4,P4,P4_vs_P4,False,False,SEC,ACC,,,25_plus,minus_15_to_25,True,neutral,fav_14_plus,team_has_rp_edge
2024,3,2024-09-14T19:30:00.000Z,401628483,Oregon,Oregon State,Favorite,-17.666666666666668,W,17.333333333333332,-2.5,29.0,42.0,16.0,25_plus,,,,,,,,,,,,25_plus,15_to_25,True,25_plus,fav_14_plus,team_has_rp_edge
2024,3,2024-09-14T20:00:00.000Z,401628477,Iowa,Troy,Favorite,-23.333333333333332,L,-6.333333333333332,0.0,33.0,51.0,16.0,25_plus,Big Ten,Sun Belt,P4,G6,P4_vs_G6,False,False,Big Ten,Sun Belt,,,25_plus,15_to_25,True,25_plus,fav_14_plus,team_has_rp_edge
2024,3,2024-09-14T20:15:00.000Z,401628351,UAB,Arkansas,Underdog,23.666666666666668,W,13.666666666666668,0.0,20.0,40.0,2.0,15_to_25,American,SEC,G6,P4,G6_vs_P4,False,False,American,SEC,,,25_plus,neutral,True,15_to_25,dog_14_plus,team_has_rp_edge
2024,3,2024-09-14T23:00:00.000Z,401628361,Texas,UTSA,Favorite,-35.5,W,13.5,0.0,25.0,35.0,15.0,25_plus,SEC,American,P4,G6,P4_vs_G6,True,False,Big 12,American,0.0,,25_plus,15_to_25,True,25_plus,fav_14_plus,team_has_rp_edge
2024,3,2024-09-14T23:30:00.000Z,401628354,Georgia,Kentucky,Favorite,-22.5,L,-21.5,-1.5,16.0,24.0,10.0,15_to_25,SEC,SEC,P4,P4,P4_vs_P4,False,False,SEC,SEC,,,15_to_25,5_to_15,True,15_to_25,fav_14_plus,team_has_rp_edge
2024,3,2024-09-14T23:30:00.000Z,401636860,Baylor,Air Force,Favorite,-16.666666666666668,W,11.333333333333332,0.0,41.0,48.0,34.0,25_plus,Big 12,Mountain West,P4,G6,P4_vs_G6,False,False,Big 12,Mountain West,,,25_plus,25_plus,True,25_plus,fav_14_plus,team_has_rp_edge
2024,3,2024-09-15T00:00:00.000Z,401628478,Virginia,Maryland,Favorite,-1.1666666666666667,L,-15.166666666666666,0.0,31.0,34.0,28.0,25_plus,ACC,Big Ten,P4,P4,P4_vs_P4,False,False,ACC,Big Ten,,,25_plus,25_plus,True,25_plus,pick_to_3,team_has_rp_edge
2024,3,2024-09-15T02:30:00.000Z,401635541,California,San Diego State,Favorite,-18.666666666666668,W,2.333333333333332,0.0,27.0,36.0,17.0,25_plus,ACC,Mountain West,P4,G6,P4_vs_G6,True,False,Pac-12,Mountain West,0.0,,25_plus,15_to_25,True,25_plus,fav_14_plus,team_has_rp_edge
2024,4,2024-09-21T16:00:00.000Z,401643791,Louisiana,Tulane,Underdog,1.5,L,-6.5,,23.0,20.0,26.0,15_to_25,Sun Belt,American,G6,G6,G6_vs_G6,False,False,Sun Belt,American,,,15_to_25,25_plus,True,15_to_25,pick_to_3,team_has_rp_edge
2024,4,2024-09-21T18:00:00.000Z,401635558,Virginia,Coastal Carolina,Favorite,-3.5,W,15.5,0.5,31.0,39.0,24.0,25_plus,ACC,Sun Belt,P4,G6,P4_vs_G6,False,False,ACC,Sun Belt,,,25_plus,15_to_25,True,25_plus,fav_3_7,team_has_rp_edge
2024,4,2024-09-21T19:30:00.000Z,401628363,Auburn,Arkansas,Favorite,-2.5,L,-12.5,-1.0,19.0,33.0,5.0,15_to_25,SEC,SEC,P4,P4,P4_vs_P4,False,False,SEC,SEC,,,25_plus,5_to_15,True,15_to_25,pick_to_3,team_has_rp_edge
2024,4,2024-09-21T23:00:00.000Z,401635555,South Florida,Miami,Underdog,16.333333333333332,L,-18.666666666666668,2.0,6.0,34.0,-21.0,5_to_15,American,ACC,G6,P4,G6_vs_P4,False,False,American,ACC,,,25_plus,minus_15_to_25,True,5_to_15,dog_14_plus,team_has_rp_edge
2024,4,2024-09-21T23:30:00.000Z,401628372,Texas A&M,Bowling Green,Favorite,-21.166666666666668,L,-15.166666666666668,-2.0,24.0,32.0,15.0,15_to_25,SEC,MAC,P4,G6,P4_vs_G6,False,False,SEC,MAC,,,25_plus,15_to_25,True,15_to_25,fav_14_plus,team_has_rp_edge
2024,4,2024-09-22T00:00:00.000Z,401628371,Texas,UL Monroe,Favorite,-43.0,W,5.0,-3.5,30.0,33.0,27.0,25_plus,SEC,Sun Belt,P4,G6,P4_vs_G6,True,False,Big 12,Sun Belt,0.0,,25_plus,25_plus,True,25_plus,fav_14_plus,team_has_rp_edge
2025,1,2025-08-28T23:00:00.000Z,401762789,Wyoming,Akron,Favorite,-6.0,W,4.0,-4.5,15.0,41.0,-12.0,15_to_25,Mountain West,MAC,G6,G6,G6_vs_G6,False,False,Mountain West,MAC,,,25_plus,minus_5_to_15,True,15_to_25,fav_3_7,team_has_rp_edge
2025,1,2025-08-29T01:00:00.000Z,401762791,Wisconsin,Miami (OH),Favorite,-18.0,L,-1.0,0.5,32.0,18.0,47.0,25_plus,Big Ten,MAC,P4,G6,P4_vs_G6,False,False,Big Ten,MAC,,,15_to_25,25_plus,True,25_plus,fav_14_plus,team_has_rp_edge
2025,1,2025-08-30T19:30:00.000Z,401752807,Penn State,Nevada,Favorite,-44.166666666666664,L,-9.166666666666664,0.0,34.0,46.0,20.0,25_plus,Big Ten,Mountain West,P4,G6,P4_vs_G6,False,False,Big Ten,Mountain West,,,25_plus,15_to_25,True,25_plus,fav_14_plus,team_has_rp_edge
2025,1,2025-08-30T23:00:00.000Z,401752678,Texas A&M,UTSA,Favorite,-23.0,L,-5.0,3.0,8.0,21.0,-4.0,5_to_15,SEC,American,P4,G6,P4_vs_G6,False,False,SEC,American,,,15_to_25,neutral,True,5_to_15,fav_14_plus,team_has_rp_edge
2025,1,2025-08-30T23:30:00.000Z,401752808,Michigan,New Mexico,Favorite,-35.166666666666664,L,-18.166666666666664,0.0,37.0,38.0,35.0,25_plus,Big Ten,Mountain West,P4,G6,P4_vs_G6,False,False,Big Ten,Mountain West,,,25_plus,25_plus,True,25_plus,fav_14_plus,team_has_rp_edge
2025,1,2025-08-31T03:00:00.000Z,401752800,Utah,UCLA,Favorite,-6.5,W,26.5,3.5,18.0,39.0,-2.0,15_to_25,Big 12,Big Ten,P4,P4,P4_vs_P4,False,False,Big 12,Big Ten,,,25_plus,neutral,True,15_to_25,fav_3_7,team_has_rp_edge
2025,2,2025-09-06T19:30:00.000Z,401752818,Rutgers,Miami (OH),Favorite,-15.5,W,12.5,2.0,39.0,31.0,47.0,25_plus,Big Ten,MAC,P4,G6,P4_vs_G6,False,False,Big Ten,MAC,,,25_plus,25_plus,True,25_plus,fav_14_plus,team_has_rp_edge
2025,2,2025-09-06T19:30:00.000Z,401756880,Cincinnati,Bowling Green,Favorite,-22.0,L,-8.0,4.5,30.0,35.0,26.0,25_plus,Big 12,MAC,P4,G6,P4_vs_G6,False,False,Big 12,MAC,,,25_plus,25_plus,True,25_plus,fav_14_plus,team_has_rp_edge
2025,2,2025-09-06T19:30:00.000Z,401752686,Kentucky,Ole Miss,Underdog,7.75,W,0.75,2.0,18.0,18.0,17.0,15_to_25,SEC,SEC,P4,P4,P4_vs_P4,False,False,SEC,SEC,,,15_to_25,15_to_25,True,15_to_25,dog_7_14,team_has_rp_edge
2025,2,2025-09-06T19:30:00.000Z,401762458,Navy,UAB,Favorite,-21.5,L,-7.5,1.0,24.0,33.0,14.0,15_to_25,American,American,G6,G6,G6_vs_G6,False,False,American,American,,,25_plus,5_to_15,True,15_to_25,fav_14_plus,team_has_rp_edge
2025,2,2025-09-06T23:00:00.000Z,401757232,Toledo,Western Kentucky,Favorite,-8.0,W,16.0,1.0,26.0,42.0,10.0,25_plus,MAC,Conference USA,G6,G6,G6_vs_G6,False,False,MAC,Conference USA,,,25_plus,5_to_15,True,25_plus,fav_7_14,team_has_rp_edge
2025,2,2025-09-06T23:30:00.000Z,401752687,LSU,Louisiana Tech,Favorite,-36.5,L,-20.5,4.0,14.0,20.0,9.0,5_to_15,SEC,Conference USA,P4,G6,P4_vs_G6,False,False,SEC,Conference USA,,,15_to_25,5_to_15,True,5_to_15,fav_14_plus,team_has_rp_edge
2025,2,2025-09-06T23:30:00.000Z,401752810,Nebraska,Akron,Favorite,-33.75,W,34.25,0.0,11.0,30.0,-7.0,5_to_15,Big Ten,MAC,P4,G6,P4_vs_G6,False,False,Big Ten,MAC,,,25_plus,minus_5_to_15,True,5_to_15,fav_14_plus,team_has_rp_edge
2025,3,2025-09-13T16:00:00.000Z,401761608,Troy,Memphis,Underdog,4.5,L,-16.5,,27.0,31.0,23.0,25_plus,Sun Belt,American,G6,G6,G6_vs_G6,False,False,Sun Belt,American,,,25_plus,15_to_25,True,25_plus,dog_3_7,team_has_rp_edge
2025,3,2025-09-13T16:00:00.000Z,401752703,Oklahoma,Temple,Favorite,-23.833333333333332,W,15.166666666666668,-1.0,18.0,35.0,1.0,15_to_25,SEC,American,P4,G6,P4_vs_G6,False,False,SEC,American,,,25_plus,neutral,True,15_to_25,fav_14_plus,team_has_rp_edge
2025,3,2025-09-13T23:00:00.000Z,401752829,Illinois,Western Michigan,Favorite,-27.5,W,10.5,-1.0,39.0,29.0,51.0,25_plus,Big Ten,MAC,P4,G6,P4_vs_G6,False,False,Big Ten,MAC,,,25_plus,25_plus,True,25_plus,fav_14_plus,team_has_rp_edge
2025,3,2025-09-13T23:00:00.000Z,401752700,Arkansas,Ole Miss,Underdog,3.8333333333333335,L,-2.1666666666666665,4.0,15.0,20.0,10.0,15_to_25,SEC,SEC,P4,P4,P4_vs_P4,False,False,SEC,SEC,,,15_to_25,5_to_15,True,15_to_25,dog_3_7,team_has_rp_edge
2025,3,2025-09-13T23:30:00.000Z,401761604,Coastal Carolina,East Carolina,Underdog,7.166666666666667,L,-30.833333333333332,-1.0,3.0,32.0,-26.0,neutral,Sun Belt,American,G6,G6,G6_vs_G6,False,False,Sun Belt,American,,,25_plus,minus_25,True,neutral,dog_3_7,team_has_rp_edge
2025,3,2025-09-13T23:30:00.000Z,401757257,New Mexico State,Louisiana Tech,Underdog,10.166666666666666,L,-24.833333333333336,2.0,17.0,24.0,11.0,15_to_25,Conference USA,Conference USA,G6,G6,G6_vs_G6,False,False,Conference USA,Conference USA,,,15_to_25,5_to_15,True,15_to_25,dog_7_14,team_has_rp_edge
2025,3,2025-09-14T00:00:00.000Z,401756895,Utah,Wyoming,Favorite,-24.5,W,0.5,2.0,-3.0,24.0,-28.0,neutral,Big 12,Mountain West,P4,G6,P4_vs_G6,False,False,Big 12,Mountain West,,,15_to_25,minus_25,True,neutral,fav_14_plus,opponent_has_rp_edge
2025,4,2025-09-20T00:00:00.000Z,401752844,Rutgers,Iowa,Underdog,2.3333333333333335,L,-7.666666666666666,0.0,14.0,32.0,-5.0,5_to_15,Big Ten,Big Ten,P4,P4,P4_vs_P4,False,False,Big Ten,Big Ten,,,25_plus,minus_5_to_15,True,5_to_15,pick_to_3,team_has_rp_edge
2025,4,2025-09-20T16:00:00.000Z,401752708,Arkansas,Memphis,Favorite,-7.166666666666667,L,-8.166666666666668,0.5,18.0,32.0,4.0,15_to_25,SEC,American,P4,G6,P4_vs_G6,False,False,SEC,American,,,25_plus,neutral,True,15_to_25,fav_3_7,team_has_rp_edge
2025,4,2025-09-20T19:30:00.000Z,401762820,Toledo,Western Michigan,Favorite,-12.666666666666666,L,-13.666666666666666,-2.0,23.0,26.0,22.0,15_to_25,MAC,MAC,G6,G6,G6_vs_G6,False,False,MAC,MAC,,,25_plus,15_to_25,True,15_to_25,fav_7_14,team_has_rp_edge
2025,4,2025-09-20T20:30:00.000Z,401754542,Georgia Tech,Temple,Favorite,-24.5,L,-3.5,1.0,13.0,21.0,6.0,5_to_15,ACC,American,P4,G6,P4_vs_G6,False,False,ACC,American,,,15_to_25,5_to_15,True,5_to_15,fav_14_plus,team_has_rp_edge
2025,4,2025-09-20T23:00:00.000Z,401761611,South Alabama,Coastal Carolina,Favorite,-14.666666666666666,L,-32.666666666666664,0.0,10.0,32.0,-12.0,5_to_15,Sun Belt,Sun Belt,G6,G6,G6_vs_G6,False,False,Sun Belt,Sun Belt,,,25_plus,minus_5_to_15,True,5_to_15,fav_14_plus,team_has_rp_edge
2025,4,2025-09-20T23:00:00.000Z,401760372,Boise State,Air Force,Favorite,-11.0,W,1.0,3.0,13.0,32.0,-4.0,5_to_15,Mountain West,Mountain West,G6,G6,G6_vs_G6,False,False,Mountain West,Mountain West,,,25_plus,neutral,True,5_to_15,fav_7_14,team_has_rp_edge
2025,4,2025-09-20T23:30:00.000Z,401757263,Southern Miss,Louisiana Tech,Underdog,3.1666666666666665,L,-6.833333333333334,-1.0,7.0,28.0,-13.0,5_to_15,Sun Belt,Conference USA,G6,G6,G6_vs_G6,False,False,Sun Belt,Conference USA,,,25_plus,minus_5_to_15,True,5_to_15,pick_to_3,team_has_rp_edge
2025,4,2025-09-20T23:30:00.000Z,401756898,BYU,East Carolina,Favorite,-6.166666666666667,W,14.833333333333332,-2.0,17.0,38.0,-4.0,15_to_25,Big 12,American,P4,G6,P4_vs_G6,False,False,Big 12,American,,,25_plus,neutral,True,15_to_25,fav_3_7,team_has_rp_edge
2023,1,2023-09-01T00:00:00.000Z,401520176,Utah,Florida,Favorite,-6.3,W,6.7,,22.0,30.0,14.0,15_to_25,,,,,,,,,,,,25_plus,5_to_15,True,15_to_25,fav_3_7,team_has_rp_edge
2023,1,2023-09-01T23:00:00.000Z,401525463,Miami,Miami (OH),Favorite,-16.625,W,18.375,,1.0,-14.0,16.0,neutral,ACC,MAC,P4,G6,P4_vs_G6,False,False,ACC,MAC,,,minus_5_to_15,15_to_25,True,neutral,fav_14_plus,team_has_rp_edge
2023,1,2023-09-02T16:00:00.000Z,401520172,Louisiana Tech,SMU,Underdog,20.125,L,-3.875,,20.0,14.0,25.0,15_to_25,Conference USA,American,G6,G6,G6_vs_G6,False,False,Conference USA,American,,,5_to_15,25_plus,True,15_to_25,dog_14_plus,team_has_rp_edge
2023,1,2023-09-02T16:00:00.000Z,401520162,Michigan,East Carolina,Favorite,-35.4,L,-8.399999999999999,,47.0,45.0,48.0,25_plus,Big Ten,American,P4,G6,P4_vs_G6,False,False,Big Ten,American,,,25_plus,25_plus,True,25_plus,fav_14_plus,team_has_rp_edge
2023,1,2023-09-02T16:00:00.000Z,401523994,TCU,Colorado,Favorite,-20.6,L,-23.6,,-5.0,-24.0,14.0,minus_5_to_15,,,,,,,,,,,,minus_15_to_25,5_to_15,True,5_to_15,fav_14_plus,opponent_has_rp_edge
2023,1,2023-09-02T16:00:00.000Z,401520179,Tennessee,Virginia,Favorite,-27.7,W,8.3,,11.0,-7.0,29.0,5_to_15,SEC,ACC,P4,P4,P4_vs_P4,False,False,SEC,ACC,,,minus_5_to_15,25_plus,True,5_to_15,fav_14_plus,team_has_rp_edge
2023,1,2023-09-02T19:30:00.000Z,401520156,Indiana,Ohio State,Underdog,29.1,W,9.1,,2.0,-12.0,15.0,neutral,Big Ten,Big Ten,P4,P4,P4_vs_P4,False,False,Big Ten,Big Ten,,,minus_5_to_15,15_to_25,True,neutral,dog_14_plus,team_has_rp_edge
2023,1,2023-09-02T20:00:00.000Z,401523991,North Texas,California,Underdog,6.5,L,-30.5,,6.0,-2.0,13.0,5_to_15,,,,,,,,,,,,neutral,5_to_15,True,5_to_15,dog_3_7,team_has_rp_edge
2023,1,2023-09-02T22:30:00.000Z,401523996,USC,Nevada,Favorite,-37.875,W,14.125,,23.0,21.0,25.0,15_to_25,,,,,,,,,,,,15_to_25,25_plus,True,15_to_25,fav_14_plus,team_has_rp_edge
2023,1,2023-09-02T23:30:00.000Z,401520169,Penn State,West Virginia,Favorite,-20.6,W,2.3999999999999986,,1.0,-13.0,15.0,neutral,Big Ten,Big 12,P4,P4,P4_vs_P4,False,False,Big Ten,Big 12,,,minus_5_to_15,15_to_25,True,neutral,fav_14_plus,team_has_rp_edge
2023,1,2023-09-02T23:30:00.000Z,401520149,Middle Tennessee,Alabama,Underdog,39.375,L,-9.625,,29.0,14.0,43.0,25_plus,Conference USA,SEC,G6,P4,G6_vs_P4,False,False,Conference USA,SEC,,,5_to_15,25_plus,True,25_plus,dog_14_plus,team_has_rp_edge
2023,1,2023-09-03T16:00:00.000Z,401520171,Rutgers,Northwestern,Favorite,-6.1,W,10.9,,17.0,7.0,26.0,15_to_25,Big Ten,Big Ten,P4,P4,P4_vs_P4,False,False,Big Ten,Big Ten,,,5_to_15,25_plus,True,15_to_25,fav_3_7,team_has_rp_edge
2023,2,2023-09-09T16:00:00.000Z,401523999,Utah,Baylor,Favorite,-7.0,P,0.0,,21.0,32.0,9.0,15_to_25,,,,,,,,,,,,25_plus,5_to_15,True,15_to_25,fav_3_7,team_has_rp_edge
2023,2,2023-09-09T16:00:00.000Z,401525498,James Madison,Virginia,Favorite,-6.0,L,-5.0,,18.0,-4.0,41.0,15_to_25,Sun Belt,ACC,G6,P4,G6_vs_P4,False,False,Sun Belt,ACC,,,neutral,25_plus,True,15_to_25,fav_3_7,team_has_rp_edge
2023,2,2023-09-09T21:00:00.000Z,401524004,Washington,Tulsa,Favorite,-33.666666666666664,L,-0.6666666666666643,,33.0,36.0,32.0,25_plus,,,,,,,,,,,,25_plus,25_plus,True,25_plus,fav_14_plus,team_has_rp_edge
2023,2,2023-09-09T23:00:00.000Z,401520206,Missouri,Middle Tennessee,Favorite,-21.0,L,-17.0,,9.0,-9.0,28.0,5_to_15,SEC,Conference USA,P4,G6,P4_vs_G6,False,False,SEC,Conference USA,,,minus_5_to_15,25_plus,True,5_to_15,fav_14_plus,team_has_rp_edge
2023,2,2023-09-09T23:30:00.000Z,401520204,Eastern Michigan,Minnesota,Underdog,19.666666666666668,W,0.6666666666666679,,5.0,-10.0,20.0,5_to_15,MAC,Big Ten,G6,P4,G6_vs_P4,False,False,MAC,Big Ten,,,minus_5_to_15,15_to_25,True,5_to_15,dog_14_plus,team_has_rp_edge
2023,2,2023-09-10T00:00:00.000Z,401520211,Sam Houston,Air Force,Underdog,13.166666666666666,W,3.166666666666666,,12.0,-2.0,28.0,5_to_15,Conference USA,Mountain West,G6,G6,G6_vs_G6,False,False,,Mountain West,,,neutral,25_plus,True,5_to_15,dog_7_14,team_has_rp_edge
2023,2,2023-09-10T02:30:00.000Z,401524003,USC,Stanford,Favorite,-28.666666666666668,W,17.333333333333332,,41.0,39.0,44.0,25_plus,,,,,,,,,,,,25_plus,25_plus,True,25_plus,fav_14_plus,team_has_rp_edge
2023,2,2023-09-10T02:30:00.000Z,401520186,Auburn,California,Favorite,-4.833333333333333,L,-0.833333333333333,,3.0,-6.0,13.0,neutral,,,,,,,,,,,,minus_5_to_15,5_to_15,True,neutral,fav_3_7,team_has_rp_edge
2023,3,2023-09-16T16:00:00.000Z,401520230,Indiana,Louisville,Underdog,10.0,W,3.0,,13.0,15.0,11.0,5_to_15,Big Ten,ACC,P4,P4,P4_vs_P4,False,False,Big Ten,ACC,,,15_to_25,5_to_15,True,5_to_15,dog_7_14,team_has_rp_edge
2023,3,2023-09-16T18:30:00.000Z,401525437,Notre Dame,Central Michigan,Favorite,-34.75,L,-10.75,,2.0,-15.0,21.0,neutral,Independent,MAC,Independent,G6,Other,False,False,Independent,MAC,,,minus_15_to_25,15_to_25,True,neutral,fav_14_plus,team_has_rp_edge
2023,3,2023-09-16T20:00:00.000Z,401520245,Texas A&M,UL Monroe,Favorite,-36.5,W,7.5,,28.0,16.0,38.0,25_plus,SEC,Sun Belt,P4,G6,P4_vs_G6,False,False,SEC,Sun Belt,,,15_to_25,25_plus,True,25_plus,fav_14_plus,team_has_rp_edge
2023,3,2023-09-16T23:00:00.000Z,401525835,Miami (OH),Cincinnati,Underdog,14.25,W,21.25,,23.0,12.0,34.0,15_to_25,MAC,Big 12,G6,P4,G6_vs_P4,False,True,MAC,American,,0.0,5_to_15,25_plus,True,15_to_25,dog_7_14,team_has_rp_edge
2023,3,2023-09-16T23:00:00.000Z,401520224,Tennessee,Florida,Favorite,-5.666666666666667,L,-18.666666666666668,,9.0,4.0,14.0,5_to_15,SEC,SEC,P4,P4,P4_vs_P4,False,False,SEC,SEC,,,neutral,5_to_15,True,5_to_15,fav_3_7,team_has_rp_edge
2023,3,2023-09-17T02:30:00.000Z,401525837,Kansas,Nevada,Favorite,-28.5,L,-21.5,,32.0,37.0,27.0,25_plus,Big 12,Mountain West,P4,G6,P4_vs_G6,False,False,Big 12,Mountain West,,,25_plus,25_plus,True,25_plus,fav_14_plus,team_has_rp_edge
2023,4,2023-09-23T19:30:00.000Z,401525506,Boston College,Louisville,Underdog,13.833333333333334,L,-14.166666666666666,,22.0,28.0,18.0,15_to_25,ACC,ACC,P4,P4,P4_vs_P4,False,False,ACC,ACC,,,25_plus,15_to_25,True,15_to_25,dog_7_14,team_has_rp_edge
2023,4,2023-09-23T19:30:00.000Z,401524017,Utah,UCLA,Favorite,-3.8333333333333335,W,3.1666666666666665,,12.0,8.0,15.0,5_to_15,,,,,,,,,,,,5_to_15,15_to_25,True,5_to_15,fav_3_7,team_has_rp_edge
2023,4,2023-09-23T20:00:00.000Z,401520269,Tennessee,UTSA,Favorite,-23.333333333333332,W,7.666666666666668,,11.0,9.0,13.0,5_to_15,SEC,American,P4,G6,P4_vs_G6,False,True,SEC,Conference USA,,0.0,5_to_15,5_to_15,True,5_to_15,fav_14_plus,team_has_rp_edge
2023,4,2023-09-23T20:00:00.000Z,401531423,Rice,South Florida,Favorite,-2.5,L,-15.5,,17.0,5.0,28.0,15_to_25,American,American,G6,G6,G6_vs_G6,True,False,Conference USA,American,0.0,,5_to_15,25_plus,True,15_to_25,pick_to_3,team_has_rp_edge
2023,4,2023-09-23T21:00:00.000Z,401531876,South Alabama,Central Michigan,Favorite,-16.166666666666668,L,-20.166666666666668,,11.0,-9.0,31.0,5_to_15,Sun Belt,MAC,G6,G6,G6_vs_G6,False,False,Sun Belt,MAC,,,minus_5_to_15,25_plus,True,5_to_15,fav_14_plus,team_has_rp_edge
2023,4,2023-09-23T23:30:00.000Z,401521330,Notre Dame,Ohio State,Underdog,3.1666666666666665,W,0.1666666666666665,,1.0,-12.0,15.0,neutral,Independent,Big Ten,Independent,P4,Other,False,False,Independent,Big Ten,,,minus_5_to_15,15_to_25,True,neutral,pick_to_3,team_has_rp_edge
2023,4,2023-09-23T23:30:00.000Z,401520252,Georgia,UAB,Favorite,-40.833333333333336,L,-12.833333333333336,,22.0,10.0,34.0,15_to_25,SEC,American,P4,G6,P4_vs_G6,False,True,SEC,Conference USA,,0.0,5_to_15,25_plus,True,15_to_25,fav_14_plus,team_has_rp_edge
2023,4,2023-09-24T02:30:00.000Z,401524018,Washington,California,Favorite,-20.5,W,6.5,,5.0,-4.0,15.0,5_to_15,,,,,,,,,,,,neutral,15_to_25,True,5_to_15,fav_14_plus,team_has_rp_edge
2024,1,2024-08-30T00:00:00.000Z,401640998,Jacksonville State,Coastal Carolina,Favorite,-3.5,L,-31.5,,24.0,15.0,33.0,15_to_25,Conference USA,Sun Belt,G6,G6,G6_vs_G6,False,False,Conference USA,Sun Belt,,,15_to_25,25_plus,True,15_to_25,fav_3_7,team_has_rp_edge
2024,1,2024-08-30T00:00:00.000Z,401628448,Minnesota,North Carolina,Underdog,0.3333333333333333,L,-1.6666666666666667,,34.0,32.0,37.0,25_plus,Big Ten,ACC,P4,P4,P4_vs_P4,False,False,Big Ten,ACC,,,25_plus,25_plus,True,25_plus,pick_to_3,team_has_rp_edge
2024,1,2024-08-30T23:00:00.000Z,401628328,Oklahoma,Temple,Favorite,-43.0,W,5.0,,8.0,-18.0,33.0,5_to_15,SEC,American,P4,G6,P4_vs_G6,True,False,Big 12,American,0.0,,minus_15_to_25,25_plus,True,5_to_15,fav_14_plus,team_has_rp_edge
2024,1,2024-08-31T16:00:00.000Z,401628333,Virginia Tech,Vanderbilt,Favorite,-13.333333333333334,L,-20.333333333333336,,26.0,30.0,23.0,25_plus,ACC,SEC,P4,P4,P4_vs_P4,False,False,ACC,SEC,,,25_plus,15_to_25,True,25_plus,fav_7_14,team_has_rp_edge
2024,1,2024-08-31T19:30:00.000Z,401628454,Nebraska,UTEP,Favorite,-27.5,W,5.5,0.5,32.0,28.0,36.0,25_plus,Big Ten,Conference USA,P4,G6,P4_vs_G6,False,False,Big Ten,Conference USA,,,25_plus,25_plus,True,25_plus,fav_14_plus,team_has_rp_edge
2024,1,2024-08-31T19:30:00.000Z,401634304,Syracuse,Ohio,Favorite,-17.333333333333332,L,-1.333333333333332,,47.0,48.0,45.0,25_plus,ACC,MAC,P4,G6,P4_vs_G6,False,False,ACC,MAC,,,25_plus,25_plus,True,25_plus,fav_14_plus,team_has_rp_edge
2024,1,2024-08-31T21:00:00.000Z,401643775,North Texas,South Alabama,Underdog,5.833333333333333,W,19.833333333333332,,13.0,-2.0,27.0,5_to_15,American,Sun Belt,G6,G6,G6_vs_G6,False,False,American,Sun Belt,,,neutral,25_plus,True,5_to_15,dog_3_7,team_has_rp_edge
2024,1,2024-09-01T23:30:00.000Z,401628334,LSU,USC,Favorite,-3.8333333333333335,L,-10.833333333333334,-0.5,13.0,6.0,20.0,5_to_15,SEC,Big Ten,P4,P4,P4_vs_P4,False,True,SEC,Pac-12,,0.0,5_to_15,15_to_25,True,5_to_15,fav_3_7,team_has_rp_edge
2024,2,2024-09-07T01:00:00.000Z,401635533,Northwestern,Duke,Favorite,-2.1666666666666665,L,-8.166666666666666,-1.0,21.0,7.0,35.0,15_to_25,Big Ten,ACC,P4,P4,P4_vs_P4,False,False,Big Ten,ACC,,,5_to_15,25_plus,True,15_to_25,pick_to_3,team_has_rp_edge
2024,2,2024-09-07T16:00:00.000Z,401643784,Memphis,Troy,Favorite,-18.666666666666668,W,2.333333333333332,1.5,33.0,45.0,23.0,25_plus,American,Sun Belt,G6,G6,G6_vs_G6,False,False,American,Sun Belt,,,25_plus,15_to_25,True,25_plus,fav_14_plus,team_has_rp_edge
2024,2,2024-09-07T16:00:00.000Z,401628470,Penn State,Bowling Green,Favorite,-34.833333333333336,L,-27.833333333333336,3.0,22.0,29.0,14.0,15_to_25,Big Ten,MAC,P4,G6,P4_vs_G6,False,False,Big Ten,MAC,,,25_plus,5_to_15,True,15_to_25,fav_14_plus,team_has_rp_edge
2024,2,2024-09-07T16:00:00.000Z,401628471,Rutgers,Akron,Favorite,-24.5,W,7.5,1.5,21.0,6.0,36.0,15_to_25,Big Ten,MAC,P4,G6,P4_vs_G6,False,False,Big Ten,MAC,,,5_to_15,25_plus,True,15_to_25,fav_14_plus,team_has_rp_edge
2024,2,2024-09-07T16:00:00.000Z,401628347,Texas,Michigan,Favorite,-6.666666666666667,W,12.333333333333332,-1.0,34.0,27.0,42.0,25_plus,SEC,Big Ten,P4,P4,P4_vs_P4,True,False,Big 12,Big Ten,0.0,,25_plus,25_plus,True,25_plus,fav_3_7,team_has_rp_edge
2024,2,2024-09-07T19:30:00.000Z,401645324,Navy,Temple,Favorite,-12.166666666666666,W,14.833333333333334,0.5,14.0,1.0,27.0,5_to_15,American,American,G6,G6,G6_vs_G6,False,False,American,American,,,neutral,25_plus,True,5_to_15,fav_7_14,team_has_rp_edge
2024,2,2024-09-07T19:30:00.000Z,401635535,Jacksonville State,Louisville,Underdog,28.5,L,-6.5,-2.0,3.0,-18.0,24.0,neutral,Conference USA,ACC,G6,P4,G6_vs_P4,False,False,Conference USA,ACC,,,minus_15_to_25,15_to_25,True,neutral,dog_14_plus,team_has_rp_edge
2024,2,2024-09-07T22:30:00.000Z,401636617,Sam Houston,UCF,Underdog,21.5,L,-9.5,2.0,15.0,3.0,26.0,15_to_25,Conference USA,Big 12,G6,P4,G6_vs_P4,False,False,Conference USA,Big 12,,,neutral,25_plus,True,15_to_25,dog_14_plus,team_has_rp_edge
2024,2,2024-09-08T02:00:00.000Z,401628469,Oregon,Boise State,Favorite,-18.833333333333332,L,-15.833333333333332,0.0,10.0,-3.0,24.0,5_to_15,Big Ten,Mountain West,P4,G6,P4_vs_G6,True,False,Pac-12,Mountain West,0.0,,neutral,15_to_25,True,5_to_15,fav_14_plus,team_has_rp_edge
2024,3,2024-09-14T16:00:00.000Z,401636868,North Texas,Texas Tech,Underdog,10.333333333333334,L,-34.666666666666664,0.0,2.0,-8.0,12.0,neutral,American,Big 12,G6,P4,G6_vs_P4,False,False,American,Big 12,,,minus_5_to_15,5_to_15,True,neutral,dog_7_14,team_has_rp_edge
2024,3,2024-09-14T19:30:00.000Z,401628358,Oklahoma,Tulane,Favorite,-13.333333333333334,W,1.666666666666666,0.0,12.0,-9.0,32.0,5_to_15,SEC,American,P4,G6,P4_vs_G6,True,False,Big 12,American,0.0,,minus_5_to_15,25_plus,True,5_to_15,fav_7_14,team_has_rp_edge
2024,3,2024-09-14T19:30:00.000Z,401628483,Oregon,Oregon State,Favorite,-17.666666666666668,W,17.333333333333332,-2.5,29.0,42.0,16.0,25_plus,,,,,,,,,,,,25_plus,15_to_25,True,25_plus,fav_14_plus,team_has_rp_edge
2024,3,2024-09-14T23:00:00.000Z,401628361,Texas,UTSA,Favorite,-35.5,W,13.5,0.0,25.0,35.0,15.0,25_plus,SEC,American,P4,G6,P4_vs_G6,True,False,Big 12,American,0.0,,25_plus,15_to_25,True,25_plus,fav_14_plus,team_has_rp_edge
2024,3,2024-09-14T23:00:00.000Z,401640999,Jacksonville State,Eastern Michigan,Favorite,-1.0,L,-4.0,0.0,23.0,14.0,32.0,15_to_25,Conference USA,MAC,G6,G6,G6_vs_G6,False,False,Conference USA,MAC,,,5_to_15,25_plus,True,15_to_25,pick_to_3,team_has_rp_edge
2024,3,2024-09-14T23:30:00.000Z,401636866,TCU,UCF,Favorite,-2.1666666666666665,L,-3.1666666666666665,4.5,22.0,3.0,40.0,15_to_25,Big 12,Big 12,P4,P4,P4_vs_P4,False,False,Big 12,Big 12,,,neutral,25_plus,True,15_to_25,pick_to_3,team_has_rp_edge
2024,3,2024-09-15T00:00:00.000Z,401628478,Virginia,Maryland,Favorite,-1.1666666666666667,L,-15.166666666666666,0.0,31.0,34.0,28.0,25_plus,ACC,Big Ten,P4,P4,P4_vs_P4,False,False,ACC,Big Ten,,,25_plus,25_plus,True,25_plus,pick_to_3,team_has_rp_edge
2024,3,2024-09-15T02:30:00.000Z,401635541,California,San Diego State,Favorite,-18.666666666666668,W,2.333333333333332,0.0,27.0,36.0,17.0,25_plus,ACC,Mountain West,P4,G6,P4_vs_G6,True,False,Pac-12,Mountain West,0.0,,25_plus,15_to_25,True,25_plus,fav_14_plus,team_has_rp_edge
2024,4,2024-09-21T16:00:00.000Z,401643791,Louisiana,Tulane,Underdog,1.5,L,-6.5,,23.0,20.0,26.0,15_to_25,Sun Belt,American,G6,G6,G6_vs_G6,False,False,Sun Belt,American,,,15_to_25,25_plus,True,15_to_25,pick_to_3,team_has_rp_edge
2024,4,2024-09-21T18:00:00.000Z,401635558,Virginia,Coastal Carolina,Favorite,-3.5,W,15.5,0.5,31.0,39.0,24.0,25_plus,ACC,Sun Belt,P4,G6,P4_vs_G6,False,False,ACC,Sun Belt,,,25_plus,15_to_25,True,25_plus,fav_3_7,team_has_rp_edge
2024,4,2024-09-21T19:00:00.000Z,401641000,Jacksonville State,Southern Miss,Favorite,-6.166666666666667,W,30.833333333333332,0.0,13.0,-2.0,28.0,5_to_15,Conference USA,Sun Belt,G6,G6,G6_vs_G6,False,False,Conference USA,Sun Belt,,,neutral,25_plus,True,5_to_15,fav_3_7,team_has_rp_edge
2024,4,2024-09-21T19:30:00.000Z,401628365,LSU,UCLA,Favorite,-21.5,L,-4.5,-1.5,12.0,4.0,20.0,5_to_15,SEC,Big Ten,P4,P4,P4_vs_P4,False,True,SEC,Pac-12,,0.0,neutral,15_to_25,True,5_to_15,fav_14_plus,team_has_rp_edge
2024,4,2024-09-21T23:00:00.000Z,401628491,Northwestern,Washington,Underdog,11.833333333333334,L,-7.166666666666666,-1.5,40.0,12.0,69.0,25_plus,Big Ten,Big Ten,P4,P4,P4_vs_P4,False,True,Big Ten,Pac-12,,0.0,5_to_15,25_plus,True,25_plus,dog_7_14,team_has_rp_edge
2024,4,2024-09-21T23:00:00.000Z,401643716,Wyoming,North Texas,Underdog,7.0,L,-20.0,2.0,8.0,-9.0,25.0,5_to_15,Mountain West,American,G6,G6,G6_vs_G6,False,False,Mountain West,American,,,minus_5_to_15,25_plus,True,5_to_15,dog_3_7,team_has_rp_edge
2024,4,2024-09-21T23:00:00.000Z,401641037,Western Kentucky,Toledo,Underdog,2.3333333333333335,W,7.333333333333334,-3.5,19.0,8.0,32.0,15_to_25,Conference USA,MAC,G6,G6,G6_vs_G6,False,False,Conference USA,MAC,,,5_to_15,25_plus,True,15_to_25,pick_to_3,team_has_rp_edge
2024,4,2024-09-21T23:30:00.000Z,401628369,Oklahoma,Tennessee,Underdog,6.0,L,-4.0,2.0,10.0,-14.0,33.0,5_to_15,SEC,SEC,P4,P4,P4_vs_P4,True,False,Big 12,SEC,0.0,,minus_5_to_15,25_plus,True,5_to_15,dog_3_7,team_has_rp_edge
2024,4,2024-09-21T23:30:00.000Z,401628372,Texas A&M,Bowling Green,Favorite,-21.166666666666668,L,-15.166666666666668,-2.0,24.0,32.0,15.0,15_to_25,SEC,MAC,P4,G6,P4_vs_G6,False,False,SEC,MAC,,,25_plus,15_to_25,True,15_to_25,fav_14_plus,team_has_rp_edge
2024,4,2024-09-22T00:00:00.000Z,401628371,Texas,UL Monroe,Favorite,-43.0,W,5.0,-3.5,30.0,33.0,27.0,25_plus,SEC,Sun Belt,P4,G6,P4_vs_G6,True,False,Big 12,Sun Belt,0.0,,25_plus,25_plus,True,25_plus,fav_14_plus,team_has_rp_edge
2025,1,2025-08-29T00:00:00.000Z,401752793,Minnesota,Buffalo,Favorite,-17.166666666666668,L,-4.166666666666668,0.0,5.0,-23.0,32.0,5_to_15,Big Ten,MAC,P4,G6,P4_vs_G6,False,False,Big Ten,MAC,,,minus_15_to_25,25_plus,True,5_to_15,fav_14_plus,team_has_rp_edge
2025,1,2025-08-29T01:00:00.000Z,401762791,Wisconsin,Miami (OH),Favorite,-18.0,L,-1.0,0.5,32.0,18.0,47.0,25_plus,Big Ten,MAC,P4,G6,P4_vs_G6,False,False,Big Ten,MAC,,,15_to_25,25_plus,True,25_plus,fav_14_plus,team_has_rp_edge
2025,1,2025-08-30T00:00:00.000Z,401754375,Georgia Tech,Colorado,Favorite,-3.6666666666666665,W,3.3333333333333335,0.0,14.0,9.0,21.0,5_to_15,ACC,Big 12,P4,P4,P4_vs_P4,False,False,ACC,Big 12,,,5_to_15,15_to_25,True,5_to_15,fav_3_7,team_has_rp_edge
2025,1,2025-08-30T16:00:00.000Z,401752803,Northwestern,Tulane,Underdog,6.0,L,-14.0,2.5,2.0,-9.0,14.0,neutral,Big Ten,American,P4,G6,P4_vs_G6,False,False,Big Ten,American,,,minus_5_to_15,5_to_15,True,neutral,dog_3_7,team_has_rp_edge
2025,1,2025-08-30T16:00:00.000Z,401752676,Tennessee,Syracuse,Favorite,-13.5,W,5.5,-1.0,8.0,-13.0,30.0,5_to_15,SEC,ACC,P4,P4,P4_vs_P4,False,False,SEC,ACC,,,minus_5_to_15,25_plus,True,5_to_15,fav_7_14,team_has_rp_edge
2025,1,2025-08-30T16:00:00.000Z,401752676,Syracuse,Tennessee,Underdog,13.5,L,-5.5,1.0,-8.0,-30.0,13.0,minus_5_to_15,ACC,SEC,P4,P4,P4_vs_P4,False,False,ACC,SEC,,,minus_25,5_to_15,True,5_to_15,dog_7_14,opponent_has_rp_edge
2025,1,2025-08-30T23:30:00.000Z,401752808,Michigan,New Mexico,Favorite,-35.166666666666664,L,-18.166666666666664,0.0,37.0,38.0,35.0,25_plus,Big Ten,Mountain West,P4,G6,P4_vs_G6,False,False,Big Ten,Mountain West,,,25_plus,25_plus,True,25_plus,fav_14_plus,team_has_rp_edge
2025,2,2025-09-06T16:00:00.000Z,401757227,Liberty,Jacksonville State,Favorite,-6.25,L,-16.25,1.0,38.0,42.0,35.0,25_plus,Conference USA,Conference USA,G6,G6,G6_vs_G6,False,False,Conference USA,Conference USA,,,25_plus,25_plus,True,25_plus,fav_3_7,team_has_rp_edge
2025,2,2025-09-06T19:30:00.000Z,401752818,Rutgers,Miami (OH),Favorite,-15.5,W,12.5,2.0,39.0,31.0,47.0,25_plus,Big Ten,MAC,P4,G6,P4_vs_G6,False,False,Big Ten,MAC,,,25_plus,25_plus,True,25_plus,fav_14_plus,team_has_rp_edge
2025,2,2025-09-06T19:30:00.000Z,401756880,Cincinnati,Bowling Green,Favorite,-22.0,L,-8.0,4.5,30.0,35.0,26.0,25_plus,Big 12,MAC,P4,G6,P4_vs_G6,False,False,Big 12,MAC,,,25_plus,25_plus,True,25_plus,fav_14_plus,team_has_rp_edge
2025,2,2025-09-06T19:30:00.000Z,401756881,Delaware,Colorado,Underdog,23.5,L,-0.5,1.0,15.0,-1.0,32.0,15_to_25,Conference USA,Big 12,G6,P4,G6_vs_P4,False,False,,Big 12,,,neutral,25_plus,True,15_to_25,dog_14_plus,team_has_rp_edge
2025,2,2025-09-06T19:30:00.000Z,401762461,North Texas,Western Michigan,Favorite,-12.25,L,-9.25,2.0,16.0,-6.0,40.0,15_to_25,American,MAC,G6,G6,G6_vs_G6,False,False,American,MAC,,,minus_5_to_15,25_plus,True,15_to_25,fav_7_14,team_has_rp_edge
2025,2,2025-09-06T20:00:00.000Z,401756883,Ohio,West Virginia,Underdog,3.5,W,10.5,-0.5,13.0,0.0,24.0,5_to_15,MAC,Big 12,G6,P4,G6_vs_P4,False,False,MAC,Big 12,,,neutral,15_to_25,True,5_to_15,dog_3_7,team_has_rp_edge
2025,2,2025-09-07T02:15:00.000Z,401752948,San Diego State,Washington State,Underdog,2.25,L,-20.75,-1.0,25.0,7.0,43.0,25_plus,,,,,,,,,,,,5_to_15,25_plus,True,25_plus,pick_to_3,team_has_rp_edge
2025,3,2025-09-13T16:00:00.000Z,401761608,Troy,Memphis,Underdog,4.5,L,-16.5,,27.0,31.0,23.0,25_plus,Sun Belt,American,G6,G6,G6_vs_G6,False,False,Sun Belt,American,,,25_plus,15_to_25,True,25_plus,dog_3_7,team_has_rp_edge
2025,3,2025-09-13T16:00:00.000Z,401752831,Northwestern,Oregon,Underdog,25.5,W,5.5,3.0,15.0,8.0,21.0,15_to_25,Big Ten,Big Ten,P4,P4,P4_vs_P4,False,False,Big Ten,Big Ten,,,5_to_15,15_to_25,True,15_to_25,dog_14_plus,team_has_rp_edge
2025,3,2025-09-13T17:00:00.000Z,401752702,Missouri,Louisiana,Favorite,-27.5,W,14.5,5.0,19.0,3.0,35.0,15_to_25,SEC,Sun Belt,P4,G6,P4_vs_G6,False,False,SEC,Sun Belt,,,neutral,25_plus,True,15_to_25,fav_14_plus,team_has_rp_edge
2025,3,2025-09-13T19:30:00.000Z,401752705,Tennessee,Georgia,Underdog,3.5,W,0.5,3.0,13.0,1.0,26.0,5_to_15,SEC,SEC,P4,P4,P4_vs_P4,False,False,SEC,SEC,,,neutral,25_plus,True,5_to_15,dog_3_7,team_has_rp_edge
2025,3,2025-09-13T19:30:00.000Z,401752949,North Texas,Washington State,Favorite,-6.5,W,42.5,1.0,26.0,17.0,35.0,25_plus,,,,,,,,,,,,15_to_25,25_plus,True,25_plus,fav_3_7,team_has_rp_edge
2025,3,2025-09-13T21:00:00.000Z,401757256,Liberty,Bowling Green,Favorite,-6.0,L,-16.0,-1.0,28.0,31.0,27.0,25_plus,Conference USA,MAC,G6,G6,G6_vs_G6,False,False,Conference USA,MAC,,,25_plus,25_plus,True,25_plus,fav_3_7,team_has_rp_edge
2025,3,2025-09-13T23:00:00.000Z,401752827,Ohio,Ohio State,Underdog,28.333333333333332,W,0.3333333333333321,-3.0,13.0,10.0,15.0,5_to_15,MAC,Big Ten,G6,P4,G6_vs_P4,False,False,MAC,Big Ten,,,5_to_15,15_to_25,True,5_to_15,dog_14_plus,team_has_rp_edge
2025,3,2025-09-13T23:00:00.000Z,401752829,Illinois,Western Michigan,Favorite,-27.5,W,10.5,-1.0,39.0,29.0,51.0,25_plus,Big Ten,MAC,P4,G6,P4_vs_G6,False,False,Big Ten,MAC,,,25_plus,25_plus,True,25_plus,fav_14_plus,team_has_rp_edge
2025,3,2025-09-13T23:30:00.000Z,401752707,Texas A&M,Notre Dame,Underdog,6.833333333333333,W,7.833333333333333,0.0,14.0,4.0,24.0,5_to_15,SEC,Independent,P4,Independent,Other,False,False,SEC,Independent,,,neutral,15_to_25,True,5_to_15,dog_3_7,team_has_rp_edge
2025,4,2025-09-20T16:00:00.000Z,401762469,Army,North Texas,Underdog,2.5,L,-4.5,-1.5,-2.0,-30.0,24.0,neutral,American,American,G6,G6,G6_vs_G6,False,False,American,American,,,minus_25,15_to_25,True,neutral,pick_to_3,opponent_has_rp_edge
2025,4,2025-09-20T16:00:00.000Z,401762469,North Texas,Army,Favorite,-2.5,W,4.5,1.5,2.0,-24.0,30.0,neutral,American,American,G6,G6,G6_vs_G6,False,False,American,American,,,minus_15_to_25,25_plus,True,neutral,pick_to_3,team_has_rp_edge
2025,4,2025-09-20T16:00:00.000Z,401754537,Clemson,Syracuse,Favorite,-17.5,L,-30.5,1.0,31.0,24.0,38.0,25_plus,ACC,ACC,P4,P4,P4_vs_P4,False,False,ACC,ACC,,,15_to_25,25_plus,True,25_plus,fav_14_plus,team_has_rp_edge
2025,4,2025-09-20T16:00:00.000Z,401752845,Wisconsin,Maryland,Favorite,-10.5,L,-27.5,4.0,13.0,13.0,14.0,5_to_15,Big Ten,Big Ten,P4,P4,P4_vs_P4,False,False,Big Ten,Big Ten,,,5_to_15,5_to_15,True,5_to_15,fav_7_14,team_has_rp_edge
2025,4,2025-09-20T16:45:00.000Z,401752715,Tennessee,UAB,Favorite,-39.0,L,-7.0,1.0,19.0,9.0,29.0,15_to_25,SEC,American,P4,G6,P4_vs_G6,False,False,SEC,American,,,5_to_15,25_plus,True,15_to_25,fav_14_plus,team_has_rp_edge
2025,4,2025-09-20T19:00:00.000Z,401752841,Oregon State,Oregon,Underdog,34.0,P,0.0,0.0,19.0,11.0,25.0,15_to_25,,,,,,,,,,,,5_to_15,25_plus,True,15_to_25,dog_14_plus,team_has_rp_edge
2025,4,2025-09-20T19:30:00.000Z,401752848,Notre Dame,Purdue,Favorite,-24.5,W,1.5,-2.0,25.0,12.0,39.0,25_plus,Independent,Big Ten,Independent,P4,Other,False,False,Independent,Big Ten,,,5_to_15,25_plus,True,25_plus,fav_14_plus,team_has_rp_edge
2025,4,2025-09-20T19:30:00.000Z,401761613,Troy,Buffalo,Underdog,5.833333333333333,W,9.833333333333332,0.0,9.0,-9.0,27.0,5_to_15,Sun Belt,MAC,G6,G6,G6_vs_G6,False,False,Sun Belt,MAC,,,minus_5_to_15,25_plus,True,5_to_15,dog_3_7,team_has_rp_edge
2025,4,2025-09-20T19:30:00.000Z,401752711,Tulane,Ole Miss,Underdog,12.166666666666666,L,-22.833333333333336,1.0,14.0,3.0,24.0,5_to_15,American,SEC,G6,P4,G6_vs_P4,False,False,American,SEC,,,neutral,15_to_25,True,5_to_15,dog_7_14,team_has_rp_edge
2023,1,2023-09-01T00:00:00.000Z,401520176,Utah,Florida,Favorite,-6.3,W,6.7,,22.0,30.0,14.0,15_to_25,,,,,,,,,,,,25_plus,5_to_15,True,15_to_25,fav_3_7,team_has_rp_edge
2023,1,2023-09-01T00:00:00.000Z,401520148,Nebraska,Minnesota,Underdog,7.3,W,4.3,,11.0,15.0,7.0,5_to_15,Big Ten,Big Ten,P4,P4,P4_vs_P4,False,False,Big Ten,Big Ten,,,15_to_25,5_to_15,True,5_to_15,dog_3_7,team_has_rp_edge
2023,1,2023-09-01T23:30:00.000Z,401525462,Georgia Tech,Louisville,Underdog,7.6,W,2.5999999999999996,,11.0,19.0,5.0,5_to_15,ACC,ACC,P4,P4,P4_vs_P4,False,False,ACC,ACC,,,15_to_25,5_to_15,True,5_to_15,dog_7_14,team_has_rp_edge
2023,1,2023-09-02T16:00:00.000Z,401520172,Louisiana Tech,SMU,Underdog,20.125,L,-3.875,,20.0,14.0,25.0,15_to_25,Conference USA,American,G6,G6,G6_vs_G6,False,False,Conference USA,American,,,5_to_15,25_plus,True,15_to_25,dog_14_plus,team_has_rp_edge
2023,1,2023-09-02T16:00:00.000Z,401520162,Michigan,East Carolina,Favorite,-35.4,L,-8.399999999999999,,47.0,45.0,48.0,25_plus,Big Ten,American,P4,G6,P4_vs_G6,False,False,Big Ten,American,,,25_plus,25_plus,True,25_plus,fav_14_plus,team_has_rp_edge
2023,1,2023-09-02T19:30:00.000Z,401520180,Wisconsin,Buffalo,Favorite,-27.0,L,-6.0,,19.0,26.0,11.0,15_to_25,Big Ten,MAC,P4,G6,P4_vs_G6,False,False,Big Ten,MAC,,,25_plus,5_to_15,True,15_to_25,fav_14_plus,team_has_rp_edge
2023,1,2023-09-02T22:30:00.000Z,401523996,USC,Nevada,Favorite,-37.875,W,14.125,,23.0,21.0,25.0,15_to_25,,,,,,,,,,,,15_to_25,25_plus,True,15_to_25,fav_14_plus,team_has_rp_edge
2023,1,2023-09-02T23:30:00.000Z,401520149,Middle Tennessee,Alabama,Underdog,39.375,L,-9.625,,29.0,14.0,43.0,25_plus,Conference USA,SEC,G6,P4,G6_vs_P4,False,False,Conference USA,SEC,,,5_to_15,25_plus,True,25_plus,dog_14_plus,team_has_rp_edge
2023,1,2023-09-03T00:00:00.000Z,401525467,Virginia Tech,Old Dominion,Favorite,-15.75,W,3.25,,12.0,27.0,-4.0,5_to_15,ACC,Sun Belt,P4,G6,P4_vs_G6,False,False,ACC,Sun Belt,,,25_plus,neutral,True,5_to_15,fav_14_plus,team_has_rp_edge
2023,1,2023-09-03T16:00:00.000Z,401520171,Rutgers,Northwestern,Favorite,-6.1,W,10.9,,17.0,7.0,26.0,15_to_25,Big Ten,Big Ten,P4,P4,P4_vs_P4,False,False,Big Ten,Big Ten,,,5_to_15,25_plus,True,15_to_25,fav_3_7,team_has_rp_edge
2023,2,2023-09-09T16:00:00.000Z,401523999,Utah,Baylor,Favorite,-7.0,P,0.0,,21.0,32.0,9.0,15_to_25,,,,,,,,,,,,25_plus,5_to_15,True,15_to_25,fav_3_7,team_has_rp_edge
2023,2,2023-09-09T16:00:00.000Z,401525498,James Madison,Virginia,Favorite,-6.0,L,-5.0,,18.0,-4.0,41.0,15_to_25,Sun Belt,ACC,G6,P4,G6_vs_P4,False,False,Sun Belt,ACC,,,neutral,25_plus,True,15_to_25,fav_3_7,team_has_rp_edge
2023,2,2023-09-09T16:00:00.000Z,401520188,Nebraska,Colorado,Underdog,2.8333333333333335,L,-19.166666666666668,,12.0,15.0,9.0,5_to_15,,,,,,,,,,,,15_to_25,5_to_15,True,5_to_15,pick_to_3,team_has_rp_edge
2023,2,2023-09-09T19:30:00.000Z,401525497,Syracuse,Western Michigan,Favorite,-24.666666666666668,W,16.333333333333332,,24.0,42.0,5.0,15_to_25,ACC,MAC,P4,G6,P4_vs_G6,False,False,ACC,MAC,,,25_plus,5_to_15,True,15_to_25,fav_14_plus,team_has_rp_edge
2023,2,2023-09-09T21:00:00.000Z,401524004,Washington,Tulsa,Favorite,-33.666666666666664,L,-0.6666666666666643,,33.0,36.0,32.0,25_plus,,,,,,,,,,,,25_plus,25_plus,True,25_plus,fav_14_plus,team_has_rp_edge
2023,2,2023-09-09T23:00:00.000Z,401525831,Rice,Houston,Underdog,7.166666666666667,W,9.166666666666668,,13.0,29.0,-3.0,5_to_15,American,Big 12,G6,P4,G6_vs_P4,True,True,Conference USA,American,0.0,0.0,25_plus,neutral,True,5_to_15,dog_3_7,team_has_rp_edge
2023,2,2023-09-09T23:00:00.000Z,401520183,Texas,Alabama,Underdog,7.166666666666667,W,17.166666666666668,,34.0,47.0,20.0,25_plus,Big 12,SEC,P4,P4,P4_vs_P4,False,False,Big 12,SEC,,,25_plus,15_to_25,True,25_plus,dog_3_7,team_has_rp_edge
2023,2,2023-09-09T23:30:00.000Z,401520217,Wisconsin,Washington State,Favorite,-5.333333333333333,L,-14.333333333333332,,10.0,25.0,-5.0,5_to_15,,,,,,,,,,,,25_plus,minus_5_to_15,True,5_to_15,fav_3_7,team_has_rp_edge
2023,2,2023-09-10T00:00:00.000Z,401520211,Sam Houston,Air Force,Underdog,13.166666666666666,W,3.166666666666666,,12.0,-2.0,28.0,5_to_15,Conference USA,Mountain West,G6,G6,G6_vs_G6,False,False,,Mountain West,,,neutral,25_plus,True,5_to_15,dog_7_14,team_has_rp_edge
2023,2,2023-09-10T00:30:00.000Z,401525493,Florida State,Southern Miss,Favorite,-31.0,W,22.0,,27.0,27.0,26.0,25_plus,ACC,Sun Belt,P4,G6,P4_vs_G6,False,False,ACC,Sun Belt,,,25_plus,25_plus,True,25_plus,fav_14_plus,team_has_rp_edge
2023,2,2023-09-10T02:30:00.000Z,401524003,USC,Stanford,Favorite,-28.666666666666668,W,17.333333333333332,,41.0,39.0,44.0,25_plus,,,,,,,,,,,,25_plus,25_plus,True,25_plus,fav_14_plus,team_has_rp_edge
2023,3,2023-09-16T16:00:00.000Z,401520230,Indiana,Louisville,Underdog,10.0,W,3.0,,13.0,15.0,11.0,5_to_15,Big Ten,ACC,P4,P4,P4_vs_P4,False,False,Big Ten,ACC,,,15_to_25,5_to_15,True,5_to_15,dog_7_14,team_has_rp_edge
2023,3,2023-09-16T19:30:00.000Z,401520223,Duke,Northwestern,Favorite,-17.0,W,7.0,,15.0,16.0,14.0,15_to_25,ACC,Big Ten,P4,P4,P4_vs_P4,False,False,ACC,Big Ten,,,15_to_25,5_to_15,True,15_to_25,fav_14_plus,team_has_rp_edge
2023,3,2023-09-16T19:30:00.000Z,401520239,North Carolina,Minnesota,Favorite,-6.666666666666667,W,11.333333333333332,,10.0,12.0,9.0,5_to_15,ACC,Big Ten,P4,P4,P4_vs_P4,False,False,ACC,Big Ten,,,5_to_15,5_to_15,True,5_to_15,fav_3_7,team_has_rp_edge
2023,3,2023-09-16T20:00:00.000Z,401531348,Tulane,Southern Miss,Favorite,-7.75,W,10.25,,11.0,20.0,0.0,5_to_15,American,Sun Belt,G6,G6,G6_vs_G6,False,False,American,Sun Belt,,,15_to_25,neutral,True,5_to_15,fav_7_14,team_has_rp_edge
2023,3,2023-09-16T20:00:00.000Z,401520245,Texas A&M,UL Monroe,Favorite,-36.5,W,7.5,,28.0,16.0,38.0,25_plus,SEC,Sun Belt,P4,G6,P4_vs_G6,False,False,SEC,Sun Belt,,,15_to_25,25_plus,True,25_plus,fav_14_plus,team_has_rp_edge
2023,3,2023-09-16T20:00:00.000Z,401520240,Ohio State,Western Kentucky,Favorite,-29.5,W,23.5,,12.0,16.0,9.0,5_to_15,Big Ten,Conference USA,P4,G6,P4_vs_G6,False,False,Big Ten,Conference USA,,,15_to_25,5_to_15,True,5_to_15,fav_14_plus,team_has_rp_edge
2023,3,2023-09-16T23:00:00.000Z,401525835,Miami (OH),Cincinnati,Underdog,14.25,W,21.25,,23.0,12.0,34.0,15_to_25,MAC,Big 12,G6,P4,G6_vs_P4,False,True,MAC,American,,0.0,5_to_15,25_plus,True,15_to_25,dog_7_14,team_has_rp_edge
2023,3,2023-09-16T23:00:00.000Z,401531848,James Madison,Troy,Underdog,2.8333333333333335,W,4.833333333333334,,10.0,5.0,17.0,5_to_15,Sun Belt,Sun Belt,G6,G6,G6_vs_G6,False,False,Sun Belt,Sun Belt,,,5_to_15,15_to_25,True,5_to_15,pick_to_3,team_has_rp_edge
2023,3,2023-09-16T23:30:00.000Z,401520232,Michigan,Bowling Green,Favorite,-40.75,L,-15.75,,22.0,30.0,15.0,15_to_25,Big Ten,MAC,P4,G6,P4_vs_G6,False,False,Big Ten,MAC,,,25_plus,15_to_25,True,15_to_25,fav_14_plus,team_has_rp_edge
2023,3,2023-09-17T02:30:00.000Z,401525837,Kansas,Nevada,Favorite,-28.5,L,-21.5,,32.0,37.0,27.0,25_plus,Big 12,Mountain West,P4,G6,P4_vs_G6,False,False,Big 12,Mountain West,,,25_plus,25_plus,True,25_plus,fav_14_plus,team_has_rp_edge
2023,4,2023-09-23T02:30:00.000Z,401532583,Boise State,San Diego State,Favorite,-5.833333333333333,L,-2.833333333333333,,11.0,38.0,-16.0,5_to_15,Mountain West,Mountain West,G6,G6,G6_vs_G6,False,False,Mountain West,Mountain West,,,25_plus,minus_15_to_25,True,5_to_15,fav_3_7,team_has_rp_edge
2023,4,2023-09-23T16:00:00.000Z,401525511,Virginia Tech,Marshall,Underdog,5.333333333333333,L,-1.666666666666667,,8.0,15.0,0.0,5_to_15,ACC,Sun Belt,P4,G6,P4_vs_G6,False,False,ACC,Sun Belt,,,15_to_25,neutral,True,5_to_15,dog_3_7,team_has_rp_edge
2023,4,2023-09-23T17:30:00.000Z,401532406,Toledo,Western Michigan,Favorite,-21.5,L,-3.5,,28.0,51.0,5.0,25_plus,MAC,MAC,G6,G6,G6_vs_G6,False,False,MAC,MAC,,,25_plus,5_to_15,True,25_plus,fav_14_plus,team_has_rp_edge
2023,4,2023-09-23T19:30:00.000Z,401525506,Boston College,Louisville,Underdog,13.833333333333334,L,-14.166666666666666,,22.0,28.0,18.0,15_to_25,ACC,ACC,P4,P4,P4_vs_P4,False,False,ACC,ACC,,,25_plus,15_to_25,True,15_to_25,dog_7_14,team_has_rp_edge
2023,4,2023-09-23T19:30:00.000Z,401520250,Ole Miss,Alabama,Underdog,7.0,L,-7.0,,31.0,42.0,19.0,25_plus,SEC,SEC,P4,P4,P4_vs_P4,False,False,SEC,SEC,,,25_plus,15_to_25,True,25_plus,dog_3_7,team_has_rp_edge
2023,4,2023-09-23T20:00:00.000Z,401531423,Rice,South Florida,Favorite,-2.5,L,-15.5,,17.0,5.0,28.0,15_to_25,American,American,G6,G6,G6_vs_G6,True,False,Conference USA,American,0.0,,5_to_15,25_plus,True,15_to_25,pick_to_3,team_has_rp_edge
2023,4,2023-09-23T22:30:00.000Z,401525508,Georgia Tech,Wake Forest,Underdog,3.6666666666666665,W,17.666666666666668,,15.0,10.0,20.0,15_to_25,ACC,ACC,P4,P4,P4_vs_P4,False,False,ACC,ACC,,,5_to_15,15_to_25,True,15_to_25,dog_3_7,team_has_rp_edge
2023,4,2023-09-23T23:00:00.000Z,401520254,Sam Houston,Houston,Underdog,11.5,L,-19.5,,11.0,25.0,-2.0,5_to_15,Conference USA,Big 12,G6,P4,G6_vs_P4,False,True,,American,,0.0,25_plus,neutral,True,5_to_15,dog_7_14,team_has_rp_edge
2023,4,2023-09-23T23:00:00.000Z,401520258,LSU,Arkansas,Favorite,-17.666666666666668,L,-14.666666666666668,,17.0,30.0,2.0,15_to_25,SEC,SEC,P4,P4,P4_vs_P4,False,False,SEC,SEC,,,25_plus,neutral,True,15_to_25,fav_14_plus,team_has_rp_edge
2023,4,2023-09-23T23:30:00.000Z,401525844,Texas,Baylor,Favorite,-16.5,W,15.5,,19.0,34.0,3.0,15_to_25,Big 12,Big 12,P4,P4,P4_vs_P4,False,False,Big 12,Big 12,,,25_plus,neutral,True,15_to_25,fav_14_plus,team_has_rp_edge
2023,4,2023-09-24T00:00:00.000Z,401525510,North Carolina,Pittsburgh,Favorite,-7.166666666666667,W,9.833333333333332,,17.0,20.0,16.0,15_to_25,ACC,ACC,P4,P4,P4_vs_P4,False,False,ACC,ACC,,,15_to_25,15_to_25,True,15_to_25,fav_3_7,team_has_rp_edge
2024,1,2024-08-24T16:00:00.000Z,401635525,Georgia Tech,Florida State,Underdog,10.666666666666666,W,13.666666666666666,,8.0,23.0,-7.0,5_to_15,ACC,ACC,P4,P4,P4_vs_P4,False,False,ACC,ACC,,,15_to_25,minus_5_to_15,True,5_to_15,dog_7_14,team_has_rp_edge
2024,1,2024-08-30T00:00:00.000Z,401640998,Jacksonville State,Coastal Carolina,Favorite,-3.5,L,-31.5,,24.0,15.0,33.0,15_to_25,Conference USA,Sun Belt,G6,G6,G6_vs_G6,False,False,Conference USA,Sun Belt,,,15_to_25,25_plus,True,15_to_25,fav_3_7,team_has_rp_edge
2024,1,2024-08-30T00:00:00.000Z,401628448,Minnesota,North Carolina,Underdog,0.3333333333333333,L,-1.6666666666666667,,34.0,32.0,37.0,25_plus,Big Ten,ACC,P4,P4,P4_vs_P4,False,False,Big Ten,ACC,,,25_plus,25_plus,True,25_plus,pick_to_3,team_has_rp_edge
2024,1,2024-08-31T19:30:00.000Z,401628454,Nebraska,UTEP,Favorite,-27.5,W,5.5,0.5,32.0,28.0,36.0,25_plus,Big Ten,Conference USA,P4,G6,P4_vs_G6,False,False,Big Ten,Conference USA,,,25_plus,25_plus,True,25_plus,fav_14_plus,team_has_rp_edge
2024,1,2024-08-31T19:30:00.000Z,401634304,Syracuse,Ohio,Favorite,-17.333333333333332,L,-1.333333333333332,,47.0,48.0,45.0,25_plus,ACC,MAC,P4,G6,P4_vs_G6,False,False,ACC,MAC,,,25_plus,25_plus,True,25_plus,fav_14_plus,team_has_rp_edge
2024,1,2024-09-01T02:30:00.000Z,401636608,Arizona,New Mexico,Favorite,-29.166666666666668,L,-7.166666666666668,,26.0,16.0,36.0,25_plus,Big 12,Mountain West,P4,G6,P4_vs_G6,True,False,Pac-12,Mountain West,0.0,,15_to_25,25_plus,True,25_plus,fav_14_plus,team_has_rp_edge
2024,1,2024-09-02T23:30:00.000Z,401634306,Boston College,Florida State,Underdog,16.5,W,31.5,0.0,9.0,20.0,-3.0,5_to_15,ACC,ACC,P4,P4,P4_vs_P4,False,False,ACC,ACC,,,15_to_25,neutral,True,5_to_15,dog_14_plus,team_has_rp_edge
2024,2,2024-09-07T01:00:00.000Z,401635533,Northwestern,Duke,Favorite,-2.1666666666666665,L,-8.166666666666666,-1.0,21.0,7.0,35.0,15_to_25,Big Ten,ACC,P4,P4,P4_vs_P4,False,False,Big Ten,ACC,,,5_to_15,25_plus,True,15_to_25,pick_to_3,team_has_rp_edge
2024,2,2024-09-07T16:00:00.000Z,401643784,Memphis,Troy,Favorite,-18.666666666666668,W,2.333333333333332,1.5,33.0,45.0,23.0,25_plus,American,Sun Belt,G6,G6,G6_vs_G6,False,False,American,Sun Belt,,,25_plus,15_to_25,True,25_plus,fav_14_plus,team_has_rp_edge
2024,2,2024-09-07T16:00:00.000Z,401628470,Penn State,Bowling Green,Favorite,-34.833333333333336,L,-27.833333333333336,3.0,22.0,29.0,14.0,15_to_25,Big Ten,MAC,P4,G6,P4_vs_G6,False,False,Big Ten,MAC,,,25_plus,5_to_15,True,15_to_25,fav_14_plus,team_has_rp_edge
2024,2,2024-09-07T16:00:00.000Z,401628471,Rutgers,Akron,Favorite,-24.5,W,7.5,1.5,21.0,6.0,36.0,15_to_25,Big Ten,MAC,P4,G6,P4_vs_G6,False,False,Big Ten,MAC,,,5_to_15,25_plus,True,15_to_25,fav_14_plus,team_has_rp_edge
2024,2,2024-09-07T16:00:00.000Z,401628347,Texas,Michigan,Favorite,-6.666666666666667,W,12.333333333333332,-1.0,34.0,27.0,42.0,25_plus,SEC,Big Ten,P4,P4,P4_vs_P4,True,False,Big 12,Big Ten,0.0,,25_plus,25_plus,True,25_plus,fav_3_7,team_has_rp_edge
2024,2,2024-09-07T19:30:00.000Z,401645324,Navy,Temple,Favorite,-12.166666666666666,W,14.833333333333334,0.5,14.0,1.0,27.0,5_to_15,American,American,G6,G6,G6_vs_G6,False,False,American,American,,,neutral,25_plus,True,5_to_15,fav_7_14,team_has_rp_edge
2024,2,2024-09-07T23:00:00.000Z,401628335,South Florida,Alabama,Underdog,31.666666666666668,W,5.666666666666668,0.5,28.0,54.0,2.0,25_plus,American,SEC,G6,P4,G6_vs_P4,False,False,American,SEC,,,25_plus,neutral,True,25_plus,dog_14_plus,team_has_rp_edge
2024,2,2024-09-07T23:00:00.000Z,401628344,Missouri,Buffalo,Favorite,-33.666666666666664,W,4.333333333333336,-2.0,39.0,51.0,27.0,25_plus,SEC,MAC,P4,G6,P4_vs_G6,False,False,SEC,MAC,,,25_plus,25_plus,True,25_plus,fav_14_plus,team_has_rp_edge
2024,2,2024-09-07T23:00:00.000Z,401643780,UAB,UL Monroe,Favorite,-11.5,L,-37.5,-0.5,26.0,40.0,13.0,25_plus,American,Sun Belt,G6,G6,G6_vs_G6,False,False,American,Sun Belt,,,25_plus,5_to_15,True,25_plus,fav_7_14,team_has_rp_edge
2024,2,2024-09-08T02:00:00.000Z,401628469,Oregon,Boise State,Favorite,-18.833333333333332,L,-15.833333333333332,0.0,10.0,-3.0,24.0,5_to_15,Big Ten,Mountain West,P4,G6,P4_vs_G6,True,False,Pac-12,Mountain West,0.0,,neutral,15_to_25,True,5_to_15,fav_14_plus,team_has_rp_edge
2024,3,2024-09-14T16:00:00.000Z,401628350,Wisconsin,Alabama,Underdog,15.166666666666666,L,-16.833333333333336,-6.0,27.0,37.0,15.0,25_plus,Big Ten,SEC,P4,P4,P4_vs_P4,False,False,Big Ten,SEC,,,25_plus,15_to_25,True,25_plus,dog_14_plus,team_has_rp_edge
2024,3,2024-09-14T16:00:00.000Z,401635542,Memphis,Florida State,Underdog,6.833333333333333,W,14.833333333333332,0.0,11.0,14.0,9.0,5_to_15,American,ACC,G6,P4,G6_vs_P4,False,False,American,ACC,,,5_to_15,5_to_15,True,5_to_15,dog_3_7,team_has_rp_edge
2024,3,2024-09-14T19:30:00.000Z,401628481,Minnesota,Nevada,Favorite,-16.833333333333332,W,10.166666666666668,-0.5,12.0,13.0,12.0,5_to_15,Big Ten,Mountain West,P4,G6,P4_vs_G6,False,False,Big Ten,Mountain West,,,5_to_15,5_to_15,True,5_to_15,fav_14_plus,team_has_rp_edge
2024,3,2024-09-14T19:30:00.000Z,401628483,Oregon,Oregon State,Favorite,-17.666666666666668,W,17.333333333333332,-2.5,29.0,42.0,16.0,25_plus,,,,,,,,,,,,25_plus,15_to_25,True,25_plus,fav_14_plus,team_has_rp_edge
2024,3,2024-09-14T20:00:00.000Z,401628477,Iowa,Troy,Favorite,-23.333333333333332,L,-6.333333333333332,0.0,33.0,51.0,16.0,25_plus,Big Ten,Sun Belt,P4,G6,P4_vs_G6,False,False,Big Ten,Sun Belt,,,25_plus,15_to_25,True,25_plus,fav_14_plus,team_has_rp_edge
2024,3,2024-09-14T20:15:00.000Z,401628351,UAB,Arkansas,Underdog,23.666666666666668,W,13.666666666666668,0.0,20.0,40.0,2.0,15_to_25,American,SEC,G6,P4,G6_vs_P4,False,False,American,SEC,,,25_plus,neutral,True,15_to_25,dog_14_plus,team_has_rp_edge
2024,3,2024-09-14T23:00:00.000Z,401643789,South Florida,Southern Miss,Favorite,-11.666666666666666,W,13.333333333333334,0.0,16.0,24.0,9.0,15_to_25,American,Sun Belt,G6,G6,G6_vs_G6,False,False,American,Sun Belt,,,15_to_25,5_to_15,True,15_to_25,fav_7_14,team_has_rp_edge
2024,3,2024-09-14T23:00:00.000Z,401628361,Texas,UTSA,Favorite,-35.5,W,13.5,0.0,25.0,35.0,15.0,25_plus,SEC,American,P4,G6,P4_vs_G6,True,False,Big 12,American,0.0,,25_plus,15_to_25,True,25_plus,fav_14_plus,team_has_rp_edge
2024,3,2024-09-14T23:00:00.000Z,401640999,Jacksonville State,Eastern Michigan,Favorite,-1.0,L,-4.0,0.0,23.0,14.0,32.0,15_to_25,Conference USA,MAC,G6,G6,G6_vs_G6,False,False,Conference USA,MAC,,,5_to_15,25_plus,True,15_to_25,pick_to_3,team_has_rp_edge
2024,3,2024-09-14T23:30:00.000Z,401628354,Georgia,Kentucky,Favorite,-22.5,L,-21.5,-1.5,16.0,24.0,10.0,15_to_25,SEC,SEC,P4,P4,P4_vs_P4,False,False,SEC,SEC,,,15_to_25,5_to_15,True,15_to_25,fav_14_plus,team_has_rp_edge
2024,3,2024-09-14T23:30:00.000Z,401636860,Baylor,Air Force,Favorite,-16.666666666666668,W,11.333333333333332,0.0,41.0,48.0,34.0,25_plus,Big 12,Mountain West,P4,G6,P4_vs_G6,False,False,Big 12,Mountain West,,,25_plus,25_plus,True,25_plus,fav_14_plus,team_has_rp_edge
2024,3,2024-09-14T23:30:00.000Z,401628352,Auburn,New Mexico,Favorite,-25.833333333333332,W,0.1666666666666678,-4.0,25.0,20.0,29.0,25_plus,SEC,Mountain West,P4,G6,P4_vs_G6,False,False,SEC,Mountain West,,,15_to_25,25_plus,True,25_plus,fav_14_plus,team_has_rp_edge
2024,3,2024-09-14T23:30:00.000Z,401636866,TCU,UCF,Favorite,-2.1666666666666665,L,-3.1666666666666665,4.5,22.0,3.0,40.0,15_to_25,Big 12,Big 12,P4,P4,P4_vs_P4,False,False,Big 12,Big 12,,,neutral,25_plus,True,15_to_25,pick_to_3,team_has_rp_edge
2024,3,2024-09-15T00:00:00.000Z,401628478,Virginia,Maryland,Favorite,-1.1666666666666667,L,-15.166666666666666,0.0,31.0,34.0,28.0,25_plus,ACC,Big Ten,P4,P4,P4_vs_P4,False,False,ACC,Big Ten,,,25_plus,25_plus,True,25_plus,pick_to_3,team_has_rp_edge
2024,3,2024-09-15T02:30:00.000Z,401635541,California,San Diego State,Favorite,-18.666666666666668,W,2.333333333333332,0.0,27.0,36.0,17.0,25_plus,ACC,Mountain West,P4,G6,P4_vs_G6,True,False,Pac-12,Mountain West,0.0,,25_plus,15_to_25,True,25_plus,fav_14_plus,team_has_rp_edge
2024,4,2024-09-21T16:00:00.000Z,401643791,Louisiana,Tulane,Underdog,1.5,L,-6.5,,23.0,20.0,26.0,15_to_25,Sun Belt,American,G6,G6,G6_vs_G6,False,False,Sun Belt,American,,,15_to_25,25_plus,True,15_to_25,pick_to_3,team_has_rp_edge
2024,4,2024-09-21T16:00:00.000Z,401636879,West Virginia,Kansas,Favorite,-1.3333333333333333,W,2.666666666666667,,11.0,33.0,-10.0,5_to_15,Big 12,Big 12,P4,P4,P4_vs_P4,False,False,Big 12,Big 12,,,25_plus,minus_5_to_15,True,5_to_15,pick_to_3,team_has_rp_edge
2024,4,2024-09-21T16:00:00.000Z,401645328,Rice,Army,Underdog,7.333333333333333,L,-15.666666666666668,,26.0,25.0,26.0,25_plus,American,American,G6,G6,G6_vs_G6,False,True,American,Independent,,0.0,25_plus,25_plus,True,25_plus,dog_3_7,team_has_rp_edge
2024,4,2024-09-21T18:00:00.000Z,401635558,Virginia,Coastal Carolina,Favorite,-3.5,W,15.5,0.5,31.0,39.0,24.0,25_plus,ACC,Sun Belt,P4,G6,P4_vs_G6,False,False,ACC,Sun Belt,,,25_plus,15_to_25,True,25_plus,fav_3_7,team_has_rp_edge
2024,4,2024-09-21T19:00:00.000Z,401641000,Jacksonville State,Southern Miss,Favorite,-6.166666666666667,W,30.833333333333332,0.0,13.0,-2.0,28.0,5_to_15,Conference USA,Sun Belt,G6,G6,G6_vs_G6,False,False,Conference USA,Sun Belt,,,neutral,25_plus,True,5_to_15,fav_3_7,team_has_rp_edge
2024,4,2024-09-21T19:30:00.000Z,401628363,Auburn,Arkansas,Favorite,-2.5,L,-12.5,-1.0,19.0,33.0,5.0,15_to_25,SEC,SEC,P4,P4,P4_vs_P4,False,False,SEC,SEC,,,25_plus,5_to_15,True,15_to_25,pick_to_3,team_has_rp_edge
2024,4,2024-09-21T23:00:00.000Z,401635551,California,Florida State,Underdog,2.8333333333333335,L,-2.1666666666666665,-0.5,15.0,19.0,10.0,15_to_25,ACC,ACC,P4,P4,P4_vs_P4,True,False,Pac-12,ACC,0.0,,15_to_25,5_to_15,True,15_to_25,pick_to_3,team_has_rp_edge
2024,4,2024-09-21T23:00:00.000Z,401628491,Northwestern,Washington,Underdog,11.833333333333334,L,-7.166666666666666,-1.5,40.0,12.0,69.0,25_plus,Big Ten,Big Ten,P4,P4,P4_vs_P4,False,True,Big Ten,Pac-12,,0.0,5_to_15,25_plus,True,25_plus,dog_7_14,team_has_rp_edge
2024,4,2024-09-21T23:30:00.000Z,401628372,Texas A&M,Bowling Green,Favorite,-21.166666666666668,L,-15.166666666666668,-2.0,24.0,32.0,15.0,15_to_25,SEC,MAC,P4,G6,P4_vs_G6,False,False,SEC,MAC,,,25_plus,15_to_25,True,15_to_25,fav_14_plus,team_has_rp_edge
2024,4,2024-09-22T00:00:00.000Z,401628371,Texas,UL Monroe,Favorite,-43.0,W,5.0,-3.5,30.0,33.0,27.0,25_plus,SEC,Sun Belt,P4,G6,P4_vs_G6,True,False,Big 12,Sun Belt,0.0,,25_plus,25_plus,True,25_plus,fav_14_plus,team_has_rp_edge
2025,1,2025-08-28T23:00:00.000Z,401762789,Wyoming,Akron,Favorite,-6.0,W,4.0,-4.5,15.0,41.0,-12.0,15_to_25,Mountain West,MAC,G6,G6,G6_vs_G6,False,False,Mountain West,MAC,,,25_plus,minus_5_to_15,True,15_to_25,fav_3_7,team_has_rp_edge
2025,1,2025-08-29T01:00:00.000Z,401762791,Wisconsin,Miami (OH),Favorite,-18.0,L,-1.0,0.5,32.0,18.0,47.0,25_plus,Big Ten,MAC,P4,G6,P4_vs_G6,False,False,Big Ten,MAC,,,15_to_25,25_plus,True,25_plus,fav_14_plus,team_has_rp_edge
2025,1,2025-08-30T00:00:00.000Z,401754375,Georgia Tech,Colorado,Favorite,-3.6666666666666665,W,3.3333333333333335,0.0,14.0,9.0,21.0,5_to_15,ACC,Big 12,P4,P4,P4_vs_P4,False,False,ACC,Big 12,,,5_to_15,15_to_25,True,5_to_15,fav_3_7,team_has_rp_edge
2025,1,2025-08-30T19:30:00.000Z,401752807,Penn State,Nevada,Favorite,-44.166666666666664,L,-9.166666666666664,0.0,34.0,46.0,20.0,25_plus,Big Ten,Mountain West,P4,G6,P4_vs_G6,False,False,Big Ten,Mountain West,,,25_plus,15_to_25,True,25_plus,fav_14_plus,team_has_rp_edge
2025,1,2025-08-30T22:00:00.000Z,401754616,Virginia,Coastal Carolina,Favorite,-13.166666666666666,W,27.833333333333336,1.0,14.0,29.0,-1.0,5_to_15,ACC,Sun Belt,P4,G6,P4_vs_G6,False,False,ACC,Sun Belt,,,25_plus,neutral,True,5_to_15,fav_7_14,team_has_rp_edge
2025,1,2025-08-30T23:30:00.000Z,401752808,Michigan,New Mexico,Favorite,-35.166666666666664,L,-18.166666666666664,0.0,37.0,38.0,35.0,25_plus,Big Ten,Mountain West,P4,G6,P4_vs_G6,False,False,Big Ten,Mountain West,,,25_plus,25_plus,True,25_plus,fav_14_plus,team_has_rp_edge
2025,1,2025-08-31T02:30:00.000Z,401752936,Oregon State,California,Underdog,0.8333333333333334,L,-18.166666666666668,-4.5,10.0,8.0,10.0,5_to_15,,,,,,,,,,,,5_to_15,5_to_15,True,5_to_15,pick_to_3,team_has_rp_edge
2025,1,2025-08-31T03:00:00.000Z,401752800,Utah,UCLA,Favorite,-6.5,W,26.5,3.5,18.0,39.0,-2.0,15_to_25,Big 12,Big Ten,P4,P4,P4_vs_P4,False,False,Big 12,Big Ten,,,25_plus,neutral,True,15_to_25,fav_3_7,team_has_rp_edge
2025,1,2025-09-02T00:00:00.000Z,401754523,TCU,North Carolina,Favorite,-3.3333333333333335,W,30.666666666666668,6.0,7.0,10.0,5.0,5_to_15,Big 12,ACC,P4,P4,P4_vs_P4,False,False,Big 12,ACC,,,5_to_15,5_to_15,True,5_to_15,pick_to_3,team_has_rp_edge
2025,2,2025-09-06T16:00:00.000Z,401754525,Baylor,SMU,Underdog,2.75,W,5.75,2.0,15.0,21.0,9.0,15_to_25,Big 12,ACC,P4,P4,P4_vs_P4,False,False,Big 12,ACC,,,15_to_25,5_to_15,True,15_to_25,pick_to_3,team_has_rp_edge
2025,2,2025-09-06T16:00:00.000Z,401757227,Liberty,Jacksonville State,Favorite,-6.25,L,-16.25,1.0,38.0,42.0,35.0,25_plus,Conference USA,Conference USA,G6,G6,G6_vs_G6,False,False,Conference USA,Conference USA,,,25_plus,25_plus,True,25_plus,fav_3_7,team_has_rp_edge
2025,2,2025-09-06T19:30:00.000Z,401752818,Rutgers,Miami (OH),Favorite,-15.5,W,12.5,2.0,39.0,31.0,47.0,25_plus,Big Ten,MAC,P4,G6,P4_vs_G6,False,False,Big Ten,MAC,,,25_plus,25_plus,True,25_plus,fav_14_plus,team_has_rp_edge
2025,2,2025-09-06T19:30:00.000Z,401756880,Cincinnati,Bowling Green,Favorite,-22.0,L,-8.0,4.5,30.0,35.0,26.0,25_plus,Big 12,MAC,P4,G6,P4_vs_G6,False,False,Big 12,MAC,,,25_plus,25_plus,True,25_plus,fav_14_plus,team_has_rp_edge
2025,2,2025-09-06T19:30:00.000Z,401752686,Kentucky,Ole Miss,Underdog,7.75,W,0.75,2.0,18.0,18.0,17.0,15_to_25,SEC,SEC,P4,P4,P4_vs_P4,False,False,SEC,SEC,,,15_to_25,15_to_25,True,15_to_25,dog_7_14,team_has_rp_edge
2025,2,2025-09-06T19:30:00.000Z,401756881,Delaware,Colorado,Underdog,23.5,L,-0.5,1.0,15.0,-1.0,32.0,15_to_25,Conference USA,Big 12,G6,P4,G6_vs_P4,False,False,,Big 12,,,neutral,25_plus,True,15_to_25,dog_14_plus,team_has_rp_edge
2025,2,2025-09-06T19:30:00.000Z,401762458,Navy,UAB,Favorite,-21.5,L,-7.5,1.0,24.0,33.0,14.0,15_to_25,American,American,G6,G6,G6_vs_G6,False,False,American,American,,,25_plus,5_to_15,True,15_to_25,fav_14_plus,team_has_rp_edge
2025,2,2025-09-06T23:00:00.000Z,401757232,Toledo,Western Kentucky,Favorite,-8.0,W,16.0,1.0,26.0,42.0,10.0,25_plus,MAC,Conference USA,G6,G6,G6_vs_G6,False,False,MAC,Conference USA,,,25_plus,5_to_15,True,25_plus,fav_7_14,team_has_rp_edge
2025,2,2025-09-06T23:00:00.000Z,401756884,Houston,Rice,Favorite,-13.5,W,12.5,1.0,26.0,18.0,32.0,25_plus,Big 12,American,P4,G6,P4_vs_G6,False,False,Big 12,American,,,15_to_25,25_plus,True,25_plus,fav_7_14,team_has_rp_edge
2025,2,2025-09-06T23:30:00.000Z,401752687,LSU,Louisiana Tech,Favorite,-36.5,L,-20.5,4.0,14.0,20.0,9.0,5_to_15,SEC,Conference USA,P4,G6,P4_vs_G6,False,False,SEC,Conference USA,,,15_to_25,5_to_15,True,5_to_15,fav_14_plus,team_has_rp_edge
2025,2,2025-09-06T23:30:00.000Z,401752810,Nebraska,Akron,Favorite,-33.75,W,34.25,0.0,11.0,30.0,-7.0,5_to_15,Big Ten,MAC,P4,G6,P4_vs_G6,False,False,Big Ten,MAC,,,25_plus,minus_5_to_15,True,5_to_15,fav_14_plus,team_has_rp_edge
2025,2,2025-09-07T01:00:00.000Z,401757229,New Mexico State,Tulsa,Underdog,3.25,W,10.25,0.0,18.0,17.0,19.0,15_to_25,Conference USA,American,G6,G6,G6_vs_G6,False,False,Conference USA,American,,,15_to_25,15_to_25,True,15_to_25,pick_to_3,team_has_rp_edge
2025,3,2025-09-12T23:30:00.000Z,401756893,Houston,Colorado,Favorite,-3.8333333333333335,W,12.166666666666666,-0.5,15.0,13.0,17.0,15_to_25,Big 12,Big 12,P4,P4,P4_vs_P4,False,False,Big 12,Big 12,,,5_to_15,15_to_25,True,15_to_25,fav_3_7,team_has_rp_edge
2025,3,2025-09-13T16:00:00.000Z,401761608,Troy,Memphis,Underdog,4.5,L,-16.5,,27.0,31.0,23.0,25_plus,Sun Belt,American,G6,G6,G6_vs_G6,False,False,Sun Belt,American,,,25_plus,15_to_25,True,25_plus,dog_3_7,team_has_rp_edge
2025,3,2025-09-13T16:00:00.000Z,401752703,Oklahoma,Temple,Favorite,-23.833333333333332,W,15.166666666666668,-1.0,18.0,35.0,1.0,15_to_25,SEC,American,P4,G6,P4_vs_G6,False,False,SEC,American,,,25_plus,neutral,True,15_to_25,fav_14_plus,team_has_rp_edge
2025,3,2025-09-13T17:00:00.000Z,401752702,Missouri,Louisiana,Favorite,-27.5,W,14.5,5.0,19.0,3.0,35.0,15_to_25,SEC,Sun Belt,P4,G6,P4_vs_G6,False,False,SEC,Sun Belt,,,neutral,25_plus,True,15_to_25,fav_14_plus,team_has_rp_edge
2025,3,2025-09-13T19:30:00.000Z,401754638,Pittsburgh,West Virginia,Favorite,-6.833333333333333,L,-13.833333333333332,2.5,18.0,12.0,23.0,15_to_25,ACC,Big 12,P4,P4,P4_vs_P4,False,False,ACC,Big 12,,,5_to_15,15_to_25,True,15_to_25,fav_3_7,team_has_rp_edge
2025,3,2025-09-13T20:15:00.000Z,401752706,UTEP,Texas,Underdog,39.833333333333336,W,22.833333333333336,-4.0,16.0,14.0,18.0,15_to_25,Conference USA,SEC,G6,P4,G6_vs_P4,False,False,Conference USA,SEC,,,5_to_15,15_to_25,True,15_to_25,dog_14_plus,team_has_rp_edge
2025,3,2025-09-13T21:00:00.000Z,401757256,Liberty,Bowling Green,Favorite,-6.0,L,-16.0,-1.0,28.0,31.0,27.0,25_plus,Conference USA,MAC,G6,G6,G6_vs_G6,False,False,Conference USA,MAC,,,25_plus,25_plus,True,25_plus,fav_3_7,team_has_rp_edge
2025,3,2025-09-13T23:00:00.000Z,401752829,Illinois,Western Michigan,Favorite,-27.5,W,10.5,-1.0,39.0,29.0,51.0,25_plus,Big Ten,MAC,P4,G6,P4_vs_G6,False,False,Big Ten,MAC,,,25_plus,25_plus,True,25_plus,fav_14_plus,team_has_rp_edge
2025,3,2025-09-13T23:30:00.000Z,401752698,Kentucky,Eastern Michigan,Favorite,-26.666666666666668,L,-1.666666666666668,1.0,13.0,12.0,13.0,5_to_15,SEC,MAC,P4,G6,P4_vs_G6,False,False,SEC,MAC,,,5_to_15,5_to_15,True,5_to_15,fav_14_plus,team_has_rp_edge
2025,3,2025-09-13T23:30:00.000Z,401757257,New Mexico State,Louisiana Tech,Underdog,10.166666666666666,L,-24.833333333333336,2.0,17.0,24.0,11.0,15_to_25,Conference USA,Conference USA,G6,G6,G6_vs_G6,False,False,Conference USA,Conference USA,,,15_to_25,5_to_15,True,15_to_25,dog_7_14,team_has_rp_edge
2025,3,2025-09-14T00:00:00.000Z,401762465,Navy,Tulsa,Favorite,-13.666666666666666,W,5.333333333333334,-1.0,16.0,21.0,10.0,15_to_25,American,American,G6,G6,G6_vs_G6,False,False,American,American,,,15_to_25,5_to_15,True,15_to_25,fav_7_14,team_has_rp_edge
2025,3,2025-09-14T02:30:00.000Z,401752840,Minnesota,California,Favorite,-3.1666666666666665,L,-16.166666666666668,1.0,10.0,1.0,17.0,5_to_15,Big Ten,ACC,P4,P4,P4_vs_P4,False,False,Big Ten,ACC,,,neutral,15_to_25,True,5_to_15,pick_to_3,team_has_rp_edge
2025,4,2025-09-20T16:00:00.000Z,401754636,TCU,SMU,Favorite,-6.5,W,4.5,0.0,7.0,13.0,1.0,5_to_15,Big 12,ACC,P4,P4,P4_vs_P4,False,False,Big 12,ACC,,,5_to_15,neutral,True,5_to_15,fav_3_7,team_has_rp_edge
2025,4,2025-09-20T16:00:00.000Z,401754537,Clemson,Syracuse,Favorite,-17.5,L,-30.5,1.0,31.0,24.0,38.0,25_plus,ACC,ACC,P4,P4,P4_vs_P4,False,False,ACC,ACC,,,15_to_25,25_plus,True,25_plus,fav_14_plus,team_has_rp_edge
2025,4,2025-09-20T16:00:00.000Z,401752845,Wisconsin,Maryland,Favorite,-10.5,L,-27.5,4.0,13.0,13.0,14.0,5_to_15,Big Ten,Big Ten,P4,P4,P4_vs_P4,False,False,Big Ten,Big Ten,,,5_to_15,5_to_15,True,5_to_15,fav_7_14,team_has_rp_edge
2025,4,2025-09-20T19:00:00.000Z,401752841,Oregon State,Oregon,Underdog,34.0,P,0.0,0.0,19.0,11.0,25.0,15_to_25,,,,,,,,,,,,5_to_15,25_plus,True,15_to_25,dog_14_plus,team_has_rp_edge
2025,4,2025-09-20T19:30:00.000Z,401762820,Toledo,Western Michigan,Favorite,-12.666666666666666,L,-13.666666666666666,-2.0,23.0,26.0,22.0,15_to_25,MAC,MAC,G6,G6,G6_vs_G6,False,False,MAC,MAC,,,25_plus,15_to_25,True,15_to_25,fav_7_14,team_has_rp_edge
2025,4,2025-09-20T20:30:00.000Z,401754542,Georgia Tech,Temple,Favorite,-24.5,L,-3.5,1.0,13.0,21.0,6.0,5_to_15,ACC,American,P4,G6,P4_vs_G6,False,False,ACC,American,,,15_to_25,5_to_15,True,5_to_15,fav_14_plus,team_has_rp_edge
2025,4,2025-09-20T23:30:00.000Z,401756898,BYU,East Carolina,Favorite,-6.166666666666667,W,14.833333333333332,-2.0,17.0,38.0,-4.0,15_to_25,Big 12,American,P4,G6,P4_vs_G6,False,False,Big 12,American,,,25_plus,neutral,True,15_to_25,fav_3_7,team_has_rp_edge
2025,4,2025-09-21T02:15:00.000Z,401756897,Wyoming,Colorado,Underdog,12.333333333333334,L,-4.666666666666666,1.0,14.0,24.0,4.0,5_to_15,Mountain West,Big 12,G6,P4,G6_vs_P4,False,False,Mountain West,Big 12,,,15_to_25,neutral,True,5_to_15,dog_7_14,team_has_rp_edge
2023,1,2023-08-26T23:00:00.000Z,401532392,San Diego State,Ohio,Favorite,-2.9,W,4.1,,4.0,45.0,-38.0,neutral,Mountain West,MAC,G6,G6,G6_vs_G6,False,False,Mountain West,MAC,,,25_plus,minus_25,True,neutral,pick_to_3,team_has_rp_edge
2023,1,2023-08-26T23:00:00.000Z,401532392,Ohio,San Diego State,Underdog,2.9,L,-4.1,,-4.0,38.0,-45.0,neutral,MAC,Mountain West,G6,G6,G6_vs_G6,False,False,MAC,Mountain West,,,25_plus,minus_25,True,neutral,pick_to_3,opponent_has_rp_edge
2023,1,2023-08-26T23:30:00.000Z,401520147,Vanderbilt,Hawai'i,Favorite,-17.625,L,-10.625,,18.0,24.0,11.0,15_to_25,SEC,Mountain West,P4,G6,P4_vs_G6,False,False,SEC,Mountain West,,,15_to_25,5_to_15,True,15_to_25,fav_14_plus,team_has_rp_edge
2023,1,2023-09-01T00:00:00.000Z,401520176,Utah,Florida,Favorite,-6.3,W,6.7,,22.0,30.0,14.0,15_to_25,,,,,,,,,,,,25_plus,5_to_15,True,15_to_25,fav_3_7,team_has_rp_edge
2023,1,2023-09-01T00:00:00.000Z,401520148,Nebraska,Minnesota,Underdog,7.3,W,4.3,,11.0,15.0,7.0,5_to_15,Big Ten,Big Ten,P4,P4,P4_vs_P4,False,False,Big Ten,Big Ten,,,15_to_25,5_to_15,True,5_to_15,dog_3_7,team_has_rp_edge
2023,1,2023-09-02T16:00:00.000Z,401520162,Michigan,East Carolina,Favorite,-35.4,L,-8.399999999999999,,47.0,45.0,48.0,25_plus,Big Ten,American,P4,G6,P4_vs_G6,False,False,Big Ten,American,,,25_plus,25_plus,True,25_plus,fav_14_plus,team_has_rp_edge
2023,1,2023-09-02T18:00:00.000Z,401531387,Temple,Akron,Favorite,-9.875,L,-6.875,,14.0,31.0,-2.0,5_to_15,American,MAC,G6,G6,G6_vs_G6,False,False,American,MAC,,,25_plus,neutral,True,5_to_15,fav_7_14,team_has_rp_edge
2023,1,2023-09-02T19:30:00.000Z,401523997,Washington,Boise State,Favorite,-14.3,W,22.7,,6.0,19.0,-5.0,5_to_15,,,,,,,,,,,,15_to_25,minus_5_to_15,True,5_to_15,fav_7_14,team_has_rp_edge
2023,1,2023-09-02T19:30:00.000Z,401520180,Wisconsin,Buffalo,Favorite,-27.0,L,-6.0,,19.0,26.0,11.0,15_to_25,Big Ten,MAC,P4,G6,P4_vs_G6,False,False,Big Ten,MAC,,,25_plus,5_to_15,True,15_to_25,fav_14_plus,team_has_rp_edge
2023,1,2023-09-02T22:30:00.000Z,401523996,USC,Nevada,Favorite,-37.875,W,14.125,,23.0,21.0,25.0,15_to_25,,,,,,,,,,,,15_to_25,25_plus,True,15_to_25,fav_14_plus,team_has_rp_edge
2023,1,2023-09-02T23:00:00.000Z,401525819,Houston,UTSA,Underdog,1.5,W,4.5,,8.0,29.0,-13.0,5_to_15,Big 12,American,P4,G6,P4_vs_G6,True,True,American,Conference USA,0.0,0.0,25_plus,minus_5_to_15,True,5_to_15,pick_to_3,team_has_rp_edge
2023,1,2023-09-02T23:00:00.000Z,401520173,Texas A&M,New Mexico,Favorite,-37.875,W,4.125,,16.0,33.0,-1.0,15_to_25,SEC,Mountain West,P4,G6,P4_vs_G6,False,False,SEC,Mountain West,,,25_plus,neutral,True,15_to_25,fav_14_plus,team_has_rp_edge
2023,1,2023-09-02T23:30:00.000Z,401525825,Wyoming,Texas Tech,Underdog,13.6,W,15.6,,19.0,30.0,9.0,15_to_25,Mountain West,Big 12,G6,P4,G6_vs_P4,False,False,Mountain West,Big 12,,,25_plus,5_to_15,True,15_to_25,dog_7_14,team_has_rp_edge
2023,1,2023-09-03T00:00:00.000Z,401525467,Virginia Tech,Old Dominion,Favorite,-15.75,W,3.25,,12.0,27.0,-4.0,5_to_15,ACC,Sun Belt,P4,G6,P4_vs_G6,False,False,ACC,Sun Belt,,,25_plus,neutral,True,5_to_15,fav_14_plus,team_has_rp_edge
2023,2,2023-09-09T16:00:00.000Z,401523999,Utah,Baylor,Favorite,-7.0,P,0.0,,21.0,32.0,9.0,15_to_25,,,,,,,,,,,,25_plus,5_to_15,True,15_to_25,fav_3_7,team_has_rp_edge
2023,2,2023-09-09T16:00:00.000Z,401520188,Nebraska,Colorado,Underdog,2.8333333333333335,L,-19.166666666666668,,12.0,15.0,9.0,5_to_15,,,,,,,,,,,,15_to_25,5_to_15,True,5_to_15,pick_to_3,team_has_rp_edge
2023,2,2023-09-09T19:30:00.000Z,401525497,Syracuse,Western Michigan,Favorite,-24.666666666666668,W,16.333333333333332,,24.0,42.0,5.0,15_to_25,ACC,MAC,P4,G6,P4_vs_G6,False,False,ACC,MAC,,,25_plus,5_to_15,True,15_to_25,fav_14_plus,team_has_rp_edge
2023,2,2023-09-09T21:00:00.000Z,401524004,Washington,Tulsa,Favorite,-33.666666666666664,L,-0.6666666666666643,,33.0,36.0,32.0,25_plus,,,,,,,,,,,,25_plus,25_plus,True,25_plus,fav_14_plus,team_has_rp_edge
2023,2,2023-09-09T22:00:00.000Z,401520198,New Mexico State,Liberty,Underdog,9.333333333333334,L,-6.666666666666666,,9.0,30.0,-12.0,5_to_15,Conference USA,Conference USA,G6,G6,G6_vs_G6,True,True,Independent,Independent,0.0,0.0,25_plus,minus_5_to_15,True,5_to_15,dog_7_14,team_has_rp_edge
2023,2,2023-09-09T22:00:00.000Z,401531842,Louisiana,Old Dominion,Favorite,-6.0,L,-13.0,,9.0,32.0,-15.0,5_to_15,Sun Belt,Sun Belt,G6,G6,G6_vs_G6,False,False,Sun Belt,Sun Belt,,,25_plus,minus_15_to_25,True,5_to_15,fav_3_7,team_has_rp_edge
2023,2,2023-09-09T23:00:00.000Z,401525831,Rice,Houston,Underdog,7.166666666666667,W,9.166666666666668,,13.0,29.0,-3.0,5_to_15,American,Big 12,G6,P4,G6_vs_P4,True,True,Conference USA,American,0.0,0.0,25_plus,neutral,True,5_to_15,dog_3_7,team_has_rp_edge
2023,2,2023-09-09T23:00:00.000Z,401520183,Texas,Alabama,Underdog,7.166666666666667,W,17.166666666666668,,34.0,47.0,20.0,25_plus,Big 12,SEC,P4,P4,P4_vs_P4,False,False,Big 12,SEC,,,25_plus,15_to_25,True,25_plus,dog_3_7,team_has_rp_edge
2023,2,2023-09-09T23:30:00.000Z,401520217,Wisconsin,Washington State,Favorite,-5.333333333333333,L,-14.333333333333332,,10.0,25.0,-5.0,5_to_15,,,,,,,,,,,,25_plus,minus_5_to_15,True,5_to_15,fav_3_7,team_has_rp_edge
2023,2,2023-09-10T00:30:00.000Z,401525493,Florida State,Southern Miss,Favorite,-31.0,W,22.0,,27.0,27.0,26.0,25_plus,ACC,Sun Belt,P4,G6,P4_vs_G6,False,False,ACC,Sun Belt,,,25_plus,25_plus,True,25_plus,fav_14_plus,team_has_rp_edge
2023,2,2023-09-10T02:30:00.000Z,401524003,USC,Stanford,Favorite,-28.666666666666668,W,17.333333333333332,,41.0,39.0,44.0,25_plus,,,,,,,,,,,,25_plus,25_plus,True,25_plus,fav_14_plus,team_has_rp_edge
2023,3,2023-09-16T19:30:00.000Z,401524009,Oregon State,San Diego State,Favorite,-24.5,L,-7.5,,9.0,38.0,-19.0,5_to_15,,,,,,,,,,,,25_plus,minus_15_to_25,True,5_to_15,fav_14_plus,team_has_rp_edge
2023,3,2023-09-16T19:30:00.000Z,401524009,San Diego State,Oregon State,Underdog,24.5,W,7.5,,-9.0,19.0,-38.0,minus_5_to_15,,,,,,,,,,,,15_to_25,minus_25,True,5_to_15,dog_14_plus,opponent_has_rp_edge
2023,3,2023-09-16T20:00:00.000Z,401531348,Tulane,Southern Miss,Favorite,-7.75,W,10.25,,11.0,20.0,0.0,5_to_15,American,Sun Belt,G6,G6,G6_vs_G6,False,False,American,Sun Belt,,,15_to_25,neutral,True,5_to_15,fav_7_14,team_has_rp_edge
2023,3,2023-09-16T23:00:00.000Z,401520247,UNLV,Vanderbilt,Underdog,4.5,W,7.5,,4.0,15.0,-7.0,neutral,Mountain West,SEC,G6,P4,G6_vs_P4,False,False,Mountain West,SEC,,,15_to_25,minus_5_to_15,True,neutral,dog_3_7,team_has_rp_edge
2023,3,2023-09-16T23:00:00.000Z,401531379,Louisiana,UAB,Underdog,2.0,W,22.0,,27.0,36.0,18.0,25_plus,Sun Belt,American,G6,G6,G6_vs_G6,False,True,Sun Belt,Conference USA,,0.0,25_plus,15_to_25,True,25_plus,pick_to_3,team_has_rp_edge
2023,3,2023-09-16T23:30:00.000Z,401520232,Michigan,Bowling Green,Favorite,-40.75,L,-15.75,,22.0,30.0,15.0,15_to_25,Big Ten,MAC,P4,G6,P4_vs_G6,False,False,Big Ten,MAC,,,25_plus,15_to_25,True,15_to_25,fav_14_plus,team_has_rp_edge
2023,3,2023-09-17T02:30:00.000Z,401525837,Kansas,Nevada,Favorite,-28.5,L,-21.5,,32.0,37.0,27.0,25_plus,Big 12,Mountain West,P4,G6,P4_vs_G6,False,False,Big 12,Mountain West,,,25_plus,25_plus,True,25_plus,fav_14_plus,team_has_rp_edge
2023,4,2023-09-23T02:30:00.000Z,401532583,San Diego State,Boise State,Underdog,5.833333333333333,W,2.833333333333333,,-11.0,16.0,-38.0,minus_5_to_15,Mountain West,Mountain West,G6,G6,G6_vs_G6,False,False,Mountain West,Mountain West,,,15_to_25,minus_25,True,5_to_15,dog_3_7,opponent_has_rp_edge
2023,4,2023-09-23T02:30:00.000Z,401532583,Boise State,San Diego State,Favorite,-5.833333333333333,L,-2.833333333333333,,11.0,38.0,-16.0,5_to_15,Mountain West,Mountain West,G6,G6,G6_vs_G6,False,False,Mountain West,Mountain West,,,25_plus,minus_15_to_25,True,5_to_15,fav_3_7,team_has_rp_edge
2023,4,2023-09-23T16:00:00.000Z,401525511,Virginia Tech,Marshall,Underdog,5.333333333333333,L,-1.666666666666667,,8.0,15.0,0.0,5_to_15,ACC,Sun Belt,P4,G6,P4_vs_G6,False,False,ACC,Sun Belt,,,15_to_25,neutral,True,5_to_15,dog_3_7,team_has_rp_edge
2023,4,2023-09-23T16:00:00.000Z,401520274,Vanderbilt,Kentucky,Underdog,13.333333333333334,L,-3.666666666666666,,2.0,18.0,-15.0,neutral,SEC,SEC,P4,P4,P4_vs_P4,False,False,SEC,SEC,,,15_to_25,minus_15_to_25,True,neutral,dog_7_14,team_has_rp_edge
2023,4,2023-09-23T16:00:00.000Z,401520274,Kentucky,Vanderbilt,Favorite,-13.333333333333334,W,3.666666666666666,,-2.0,15.0,-18.0,neutral,SEC,SEC,P4,P4,P4_vs_P4,False,False,SEC,SEC,,,15_to_25,minus_15_to_25,True,neutral,fav_7_14,opponent_has_rp_edge
2023,4,2023-09-23T17:30:00.000Z,401532406,Toledo,Western Michigan,Favorite,-21.5,L,-3.5,,28.0,51.0,5.0,25_plus,MAC,MAC,G6,G6,G6_vs_G6,False,False,MAC,MAC,,,25_plus,5_to_15,True,25_plus,fav_14_plus,team_has_rp_edge
2023,4,2023-09-23T19:30:00.000Z,401525506,Boston College,Louisville,Underdog,13.833333333333334,L,-14.166666666666666,,22.0,28.0,18.0,15_to_25,ACC,ACC,P4,P4,P4_vs_P4,False,False,ACC,ACC,,,25_plus,15_to_25,True,15_to_25,dog_7_14,team_has_rp_edge
2023,4,2023-09-23T19:30:00.000Z,401520250,Ole Miss,Alabama,Underdog,7.0,L,-7.0,,31.0,42.0,19.0,25_plus,SEC,SEC,P4,P4,P4_vs_P4,False,False,SEC,SEC,,,25_plus,15_to_25,True,25_plus,dog_3_7,team_has_rp_edge
2023,4,2023-09-23T19:30:00.000Z,401532405,Ohio,Bowling Green,Favorite,-13.0,W,18.0,,-7.0,24.0,-37.0,minus_5_to_15,MAC,MAC,G6,G6,G6_vs_G6,False,False,MAC,MAC,,,15_to_25,minus_25,True,5_to_15,fav_7_14,opponent_has_rp_edge
2023,4,2023-09-23T23:00:00.000Z,401524016,Arizona,Stanford,Favorite,-12.833333333333334,L,-11.833333333333334,,22.0,36.0,8.0,15_to_25,,,,,,,,,,,,25_plus,5_to_15,True,15_to_25,fav_7_14,team_has_rp_edge
2023,4,2023-09-23T23:00:00.000Z,401524019,Washington State,Oregon State,Underdog,3.0,W,6.0,,-3.0,21.0,-28.0,neutral,,,,,,,,,,,,15_to_25,minus_25,True,neutral,pick_to_3,opponent_has_rp_edge
2023,4,2023-09-23T23:00:00.000Z,401524019,Oregon State,Washington State,Favorite,-3.0,L,-6.0,,3.0,28.0,-21.0,neutral,,,,,,,,,,,,25_plus,minus_15_to_25,True,neutral,pick_to_3,team_has_rp_edge
2023,4,2023-09-23T23:00:00.000Z,401520258,LSU,Arkansas,Favorite,-17.666666666666668,L,-14.666666666666668,,17.0,30.0,2.0,15_to_25,SEC,SEC,P4,P4,P4_vs_P4,False,False,SEC,SEC,,,25_plus,neutral,True,15_to_25,fav_14_plus,team_has_rp_edge
2023,4,2023-09-23T23:30:00.000Z,401531875,Louisiana,Buffalo,Favorite,-10.333333333333334,L,-3.333333333333334,,13.0,29.0,-3.0,5_to_15,Sun Belt,MAC,G6,G6,G6_vs_G6,False,False,Sun Belt,MAC,,,25_plus,neutral,True,5_to_15,fav_7_14,team_has_rp_edge
2023,4,2023-09-23T23:30:00.000Z,401525844,Texas,Baylor,Favorite,-16.5,W,15.5,,19.0,34.0,3.0,15_to_25,Big 12,Big 12,P4,P4,P4_vs_P4,False,False,Big 12,Big 12,,,25_plus,neutral,True,15_to_25,fav_14_plus,team_has_rp_edge
2023,4,2023-09-24T03:59:00.000Z,401520253,New Mexico State,Hawai'i,Underdog,3.6666666666666665,W,0.6666666666666665,,17.0,28.0,6.0,15_to_25,Conference USA,Mountain West,G6,G6,G6_vs_G6,True,False,Independent,Mountain West,0.0,,25_plus,5_to_15,True,15_to_25,dog_3_7,team_has_rp_edge
2024,1,2024-08-25T00:00:00.000Z,401643696,SMU,Nevada,Favorite,-27.5,L,-22.5,,3.0,9.0,-2.0,neutral,ACC,Mountain West,P4,G6,P4_vs_G6,True,False,American,Mountain West,0.0,,5_to_15,neutral,True,neutral,fav_14_plus,team_has_rp_edge
2024,1,2024-08-30T00:00:00.000Z,401628448,Minnesota,North Carolina,Underdog,0.3333333333333333,L,-1.6666666666666667,,34.0,32.0,37.0,25_plus,Big Ten,ACC,P4,P4,P4_vs_P4,False,False,Big Ten,ACC,,,25_plus,25_plus,True,25_plus,pick_to_3,team_has_rp_edge
2024,1,2024-08-31T01:00:00.000Z,401628461,Wisconsin,Western Michigan,Favorite,-24.166666666666668,L,-10.166666666666668,,8.0,16.0,-1.0,5_to_15,Big Ten,MAC,P4,G6,P4_vs_G6,False,False,Big Ten,MAC,,,15_to_25,neutral,True,5_to_15,fav_14_plus,team_has_rp_edge
2024,1,2024-08-31T16:00:00.000Z,401628323,Georgia,Clemson,Favorite,-11.666666666666666,W,19.333333333333336,,1.0,27.0,-24.0,neutral,SEC,ACC,P4,P4,P4_vs_P4,False,False,SEC,ACC,,,25_plus,minus_15_to_25,True,neutral,fav_7_14,team_has_rp_edge
2024,1,2024-08-31T16:00:00.000Z,401628323,Clemson,Georgia,Underdog,11.666666666666666,L,-19.333333333333336,,-1.0,24.0,-27.0,neutral,ACC,SEC,P4,P4,P4_vs_P4,False,False,ACC,SEC,,,15_to_25,minus_25,True,neutral,dog_7_14,opponent_has_rp_edge
2024,1,2024-08-31T19:30:00.000Z,401628322,Florida,Miami,Underdog,2.5,L,-21.5,,2.0,17.0,-13.0,neutral,SEC,ACC,P4,P4,P4_vs_P4,False,False,SEC,ACC,,,15_to_25,minus_5_to_15,True,neutral,pick_to_3,team_has_rp_edge
2024,1,2024-08-31T19:30:00.000Z,401628454,Nebraska,UTEP,Favorite,-27.5,W,5.5,0.5,32.0,28.0,36.0,25_plus,Big Ten,Conference USA,P4,G6,P4_vs_G6,False,False,Big Ten,Conference USA,,,25_plus,25_plus,True,25_plus,fav_14_plus,team_has_rp_edge
2024,1,2024-08-31T19:30:00.000Z,401634304,Syracuse,Ohio,Favorite,-17.333333333333332,L,-1.333333333333332,,47.0,48.0,45.0,25_plus,ACC,MAC,P4,G6,P4_vs_G6,False,False,ACC,MAC,,,25_plus,25_plus,True,25_plus,fav_14_plus,team_has_rp_edge
2024,1,2024-09-01T00:00:00.000Z,401643774,Charlotte,James Madison,Underdog,7.0,L,-16.0,1.5,22.0,27.0,17.0,15_to_25,American,Sun Belt,G6,G6,G6_vs_G6,False,False,American,Sun Belt,,,25_plus,15_to_25,True,15_to_25,dog_3_7,team_has_rp_edge
2024,1,2024-09-01T02:30:00.000Z,401636608,Arizona,New Mexico,Favorite,-29.166666666666668,L,-7.166666666666668,,26.0,16.0,36.0,25_plus,Big 12,Mountain West,P4,G6,P4_vs_G6,True,False,Pac-12,Mountain West,0.0,,15_to_25,25_plus,True,25_plus,fav_14_plus,team_has_rp_edge
2024,2,2024-09-07T16:00:00.000Z,401643784,Memphis,Troy,Favorite,-18.666666666666668,W,2.333333333333332,1.5,33.0,45.0,23.0,25_plus,American,Sun Belt,G6,G6,G6_vs_G6,False,False,American,Sun Belt,,,25_plus,15_to_25,True,25_plus,fav_14_plus,team_has_rp_edge
2024,2,2024-09-07T16:00:00.000Z,401628470,Penn State,Bowling Green,Favorite,-34.833333333333336,L,-27.833333333333336,3.0,22.0,29.0,14.0,15_to_25,Big Ten,MAC,P4,G6,P4_vs_G6,False,False,Big Ten,MAC,,,25_plus,5_to_15,True,15_to_25,fav_14_plus,team_has_rp_edge
2024,2,2024-09-07T16:00:00.000Z,401628347,Texas,Michigan,Favorite,-6.666666666666667,W,12.333333333333332,-1.0,34.0,27.0,42.0,25_plus,SEC,Big Ten,P4,P4,P4_vs_P4,True,False,Big 12,Big Ten,0.0,,25_plus,25_plus,True,25_plus,fav_3_7,team_has_rp_edge
2024,2,2024-09-07T16:00:00.000Z,401635534,Syracuse,Georgia Tech,Underdog,2.8333333333333335,W,5.833333333333334,-0.5,8.0,32.0,-16.0,5_to_15,ACC,ACC,P4,P4,P4_vs_P4,False,False,ACC,ACC,,,25_plus,minus_15_to_25,True,5_to_15,pick_to_3,team_has_rp_edge
2024,2,2024-09-07T19:30:00.000Z,401635537,Charlotte,North Carolina,Underdog,21.5,W,3.5,0.5,24.0,29.0,20.0,15_to_25,American,ACC,G6,P4,G6_vs_P4,False,False,American,ACC,,,25_plus,15_to_25,True,15_to_25,dog_14_plus,team_has_rp_edge
2024,2,2024-09-07T19:30:00.000Z,401628337,California,Auburn,Underdog,12.333333333333334,W,19.333333333333336,-0.5,8.0,24.0,-8.0,5_to_15,ACC,SEC,P4,P4,P4_vs_P4,True,False,Pac-12,SEC,0.0,,15_to_25,minus_5_to_15,True,5_to_15,dog_7_14,team_has_rp_edge
2024,2,2024-09-07T20:15:00.000Z,401628342,Ole Miss,Middle Tennessee,Favorite,-42.5,W,6.5,2.5,16.0,39.0,-5.0,15_to_25,SEC,Conference USA,P4,G6,P4_vs_G6,False,False,SEC,Conference USA,,,25_plus,minus_5_to_15,True,15_to_25,fav_14_plus,team_has_rp_edge
2024,2,2024-09-07T22:00:00.000Z,401643778,Old Dominion,East Carolina,Favorite,-1.6666666666666667,L,-7.666666666666667,-1.0,5.0,33.0,-21.0,5_to_15,Sun Belt,American,G6,G6,G6_vs_G6,False,False,Sun Belt,American,,,25_plus,minus_15_to_25,True,5_to_15,pick_to_3,team_has_rp_edge
2024,2,2024-09-07T23:00:00.000Z,401628335,South Florida,Alabama,Underdog,31.666666666666668,W,5.666666666666668,0.5,28.0,54.0,2.0,25_plus,American,SEC,G6,P4,G6_vs_P4,False,False,American,SEC,,,25_plus,neutral,True,25_plus,dog_14_plus,team_has_rp_edge
2024,2,2024-09-07T23:00:00.000Z,401628344,Missouri,Buffalo,Favorite,-33.666666666666664,W,4.333333333333336,-2.0,39.0,51.0,27.0,25_plus,SEC,MAC,P4,G6,P4_vs_G6,False,False,SEC,MAC,,,25_plus,25_plus,True,25_plus,fav_14_plus,team_has_rp_edge
2024,2,2024-09-07T23:00:00.000Z,401643780,UAB,UL Monroe,Favorite,-11.5,L,-37.5,-0.5,26.0,40.0,13.0,25_plus,American,Sun Belt,G6,G6,G6_vs_G6,False,False,American,Sun Belt,,,25_plus,5_to_15,True,25_plus,fav_7_14,team_has_rp_edge
2024,3,2024-09-14T16:00:00.000Z,401628350,Wisconsin,Alabama,Underdog,15.166666666666666,L,-16.833333333333336,-6.0,27.0,37.0,15.0,25_plus,Big Ten,SEC,P4,P4,P4_vs_P4,False,False,Big Ten,SEC,,,25_plus,15_to_25,True,25_plus,dog_14_plus,team_has_rp_edge
2024,3,2024-09-14T16:45:00.000Z,401628357,Missouri,Boston College,Favorite,-15.166666666666666,L,-9.166666666666666,-2.5,1.0,26.0,-22.0,neutral,SEC,ACC,P4,P4,P4_vs_P4,False,False,SEC,ACC,,,25_plus,minus_15_to_25,True,neutral,fav_14_plus,team_has_rp_edge
2024,3,2024-09-14T19:30:00.000Z,401635547,Pittsburgh,West Virginia,Underdog,2.0,W,6.0,4.0,-6.0,13.0,-27.0,minus_5_to_15,ACC,Big 12,P4,P4,P4_vs_P4,False,False,ACC,Big 12,,,5_to_15,minus_25,True,5_to_15,pick_to_3,opponent_has_rp_edge
2024,3,2024-09-14T19:30:00.000Z,401628481,Minnesota,Nevada,Favorite,-16.833333333333332,W,10.166666666666668,-0.5,12.0,13.0,12.0,5_to_15,Big Ten,Mountain West,P4,G6,P4_vs_G6,False,False,Big Ten,Mountain West,,,5_to_15,5_to_15,True,5_to_15,fav_14_plus,team_has_rp_edge
2024,3,2024-09-14T19:30:00.000Z,401628483,Oregon,Oregon State,Favorite,-17.666666666666668,W,17.333333333333332,-2.5,29.0,42.0,16.0,25_plus,,,,,,,,,,,,25_plus,15_to_25,True,25_plus,fav_14_plus,team_has_rp_edge
2024,3,2024-09-14T20:00:00.000Z,401628477,Iowa,Troy,Favorite,-23.333333333333332,L,-6.333333333333332,0.0,33.0,51.0,16.0,25_plus,Big Ten,Sun Belt,P4,G6,P4_vs_G6,False,False,Big Ten,Sun Belt,,,25_plus,15_to_25,True,25_plus,fav_14_plus,team_has_rp_edge
2024,3,2024-09-14T20:15:00.000Z,401628351,UAB,Arkansas,Underdog,23.666666666666668,W,13.666666666666668,0.0,20.0,40.0,2.0,15_to_25,American,SEC,G6,P4,G6_vs_P4,False,False,American,SEC,,,25_plus,neutral,True,15_to_25,dog_14_plus,team_has_rp_edge
2024,3,2024-09-14T23:00:00.000Z,401628361,Texas,UTSA,Favorite,-35.5,W,13.5,0.0,25.0,35.0,15.0,25_plus,SEC,American,P4,G6,P4_vs_G6,True,False,Big 12,American,0.0,,25_plus,15_to_25,True,25_plus,fav_14_plus,team_has_rp_edge
2024,3,2024-09-14T23:30:00.000Z,401628354,Georgia,Kentucky,Favorite,-22.5,L,-21.5,-1.5,16.0,24.0,10.0,15_to_25,SEC,SEC,P4,P4,P4_vs_P4,False,False,SEC,SEC,,,15_to_25,5_to_15,True,15_to_25,fav_14_plus,team_has_rp_edge
2024,3,2024-09-14T23:30:00.000Z,401636860,Baylor,Air Force,Favorite,-16.666666666666668,W,11.333333333333332,0.0,41.0,48.0,34.0,25_plus,Big 12,Mountain West,P4,G6,P4_vs_G6,False,False,Big 12,Mountain West,,,25_plus,25_plus,True,25_plus,fav_14_plus,team_has_rp_edge
2024,3,2024-09-14T23:30:00.000Z,401628352,Auburn,New Mexico,Favorite,-25.833333333333332,W,0.1666666666666678,-4.0,25.0,20.0,29.0,25_plus,SEC,Mountain West,P4,G6,P4_vs_G6,False,False,SEC,Mountain West,,,15_to_25,25_plus,True,25_plus,fav_14_plus,team_has_rp_edge
2024,3,2024-09-15T00:00:00.000Z,401628478,Virginia,Maryland,Favorite,-1.1666666666666667,L,-15.166666666666666,0.0,31.0,34.0,28.0,25_plus,ACC,Big Ten,P4,P4,P4_vs_P4,False,False,ACC,Big Ten,,,25_plus,25_plus,True,25_plus,pick_to_3,team_has_rp_edge
2024,3,2024-09-15T02:30:00.000Z,401635541,California,San Diego State,Favorite,-18.666666666666668,W,2.333333333333332,0.0,27.0,36.0,17.0,25_plus,ACC,Mountain West,P4,G6,P4_vs_G6,True,False,Pac-12,Mountain West,0.0,,25_plus,15_to_25,True,25_plus,fav_14_plus,team_has_rp_edge
2024,4,2024-09-21T16:00:00.000Z,401643791,Louisiana,Tulane,Underdog,1.5,L,-6.5,,23.0,20.0,26.0,15_to_25,Sun Belt,American,G6,G6,G6_vs_G6,False,False,Sun Belt,American,,,15_to_25,25_plus,True,15_to_25,pick_to_3,team_has_rp_edge
2024,4,2024-09-21T16:00:00.000Z,401628486,Charlotte,Indiana,Underdog,28.5,L,-9.5,,5.0,12.0,-2.0,5_to_15,American,Big Ten,G6,P4,G6_vs_P4,False,False,American,Big Ten,,,5_to_15,neutral,True,5_to_15,dog_14_plus,team_has_rp_edge
2024,4,2024-09-21T18:00:00.000Z,401635558,Virginia,Coastal Carolina,Favorite,-3.5,W,15.5,0.5,31.0,39.0,24.0,25_plus,ACC,Sun Belt,P4,G6,P4_vs_G6,False,False,ACC,Sun Belt,,,25_plus,15_to_25,True,25_plus,fav_3_7,team_has_rp_edge
2024,4,2024-09-21T19:30:00.000Z,401628363,Auburn,Arkansas,Favorite,-2.5,L,-12.5,-1.0,19.0,33.0,5.0,15_to_25,SEC,SEC,P4,P4,P4_vs_P4,False,False,SEC,SEC,,,25_plus,5_to_15,True,15_to_25,pick_to_3,team_has_rp_edge
2024,4,2024-09-21T23:00:00.000Z,401635555,South Florida,Miami,Underdog,16.333333333333332,L,-18.666666666666668,2.0,6.0,34.0,-21.0,5_to_15,American,ACC,G6,P4,G6_vs_P4,False,False,American,ACC,,,25_plus,minus_15_to_25,True,5_to_15,dog_14_plus,team_has_rp_edge
2024,4,2024-09-21T23:00:00.000Z,401628491,Northwestern,Washington,Underdog,11.833333333333334,L,-7.166666666666666,-1.5,40.0,12.0,69.0,25_plus,Big Ten,Big Ten,P4,P4,P4_vs_P4,False,True,Big Ten,Pac-12,,0.0,5_to_15,25_plus,True,25_plus,dog_7_14,team_has_rp_edge
2024,4,2024-09-21T23:30:00.000Z,401628372,Texas A&M,Bowling Green,Favorite,-21.166666666666668,L,-15.166666666666668,-2.0,24.0,32.0,15.0,15_to_25,SEC,MAC,P4,G6,P4_vs_G6,False,False,SEC,MAC,,,25_plus,15_to_25,True,15_to_25,fav_14_plus,team_has_rp_edge
2024,4,2024-09-22T00:00:00.000Z,401628371,Texas,UL Monroe,Favorite,-43.0,W,5.0,-3.5,30.0,33.0,27.0,25_plus,SEC,Sun Belt,P4,G6,P4_vs_G6,True,False,Big 12,Sun Belt,0.0,,25_plus,25_plus,True,25_plus,fav_14_plus,team_has_rp_edge
2025,1,2025-08-28T23:00:00.000Z,401762789,Wyoming,Akron,Favorite,-6.0,W,4.0,-4.5,15.0,41.0,-12.0,15_to_25,Mountain West,MAC,G6,G6,G6_vs_G6,False,False,Mountain West,MAC,,,25_plus,minus_5_to_15,True,15_to_25,fav_3_7,team_has_rp_edge
2025,1,2025-08-29T01:00:00.000Z,401762791,Wisconsin,Miami (OH),Favorite,-18.0,L,-1.0,0.5,32.0,18.0,47.0,25_plus,Big Ten,MAC,P4,G6,P4_vs_G6,False,False,Big Ten,MAC,,,15_to_25,25_plus,True,25_plus,fav_14_plus,team_has_rp_edge
2025,1,2025-08-30T19:30:00.000Z,401752807,Penn State,Nevada,Favorite,-44.166666666666664,L,-9.166666666666664,0.0,34.0,46.0,20.0,25_plus,Big Ten,Mountain West,P4,G6,P4_vs_G6,False,False,Big Ten,Mountain West,,,25_plus,15_to_25,True,25_plus,fav_14_plus,team_has_rp_edge
2025,1,2025-08-30T23:00:00.000Z,401752678,Texas A&M,UTSA,Favorite,-23.0,L,-5.0,3.0,8.0,21.0,-4.0,5_to_15,SEC,American,P4,G6,P4_vs_G6,False,False,SEC,American,,,15_to_25,neutral,True,5_to_15,fav_14_plus,team_has_rp_edge
2025,1,2025-08-30T23:30:00.000Z,401752808,Michigan,New Mexico,Favorite,-35.166666666666664,L,-18.166666666666664,0.0,37.0,38.0,35.0,25_plus,Big Ten,Mountain West,P4,G6,P4_vs_G6,False,False,Big Ten,Mountain West,,,25_plus,25_plus,True,25_plus,fav_14_plus,team_has_rp_edge
2025,1,2025-08-31T03:00:00.000Z,401752800,Utah,UCLA,Favorite,-6.5,W,26.5,3.5,18.0,39.0,-2.0,15_to_25,Big 12,Big Ten,P4,P4,P4_vs_P4,False,False,Big 12,Big Ten,,,25_plus,neutral,True,15_to_25,fav_3_7,team_has_rp_edge
2025,2,2025-09-06T16:00:00.000Z,401754525,Baylor,SMU,Underdog,2.75,W,5.75,2.0,15.0,21.0,9.0,15_to_25,Big 12,ACC,P4,P4,P4_vs_P4,False,False,Big 12,ACC,,,15_to_25,5_to_15,True,15_to_25,pick_to_3,team_has_rp_edge
2025,2,2025-09-06T16:00:00.000Z,401757227,Liberty,Jacksonville State,Favorite,-6.25,L,-16.25,1.0,38.0,42.0,35.0,25_plus,Conference USA,Conference USA,G6,G6,G6_vs_G6,False,False,Conference USA,Conference USA,,,25_plus,25_plus,True,25_plus,fav_3_7,team_has_rp_edge
2025,2,2025-09-06T19:30:00.000Z,401752818,Rutgers,Miami (OH),Favorite,-15.5,W,12.5,2.0,39.0,31.0,47.0,25_plus,Big Ten,MAC,P4,G6,P4_vs_G6,False,False,Big Ten,MAC,,,25_plus,25_plus,True,25_plus,fav_14_plus,team_has_rp_edge
2025,2,2025-09-06T19:30:00.000Z,401756880,Cincinnati,Bowling Green,Favorite,-22.0,L,-8.0,4.5,30.0,35.0,26.0,25_plus,Big 12,MAC,P4,G6,P4_vs_G6,False,False,Big 12,MAC,,,25_plus,25_plus,True,25_plus,fav_14_plus,team_has_rp_edge
2025,2,2025-09-06T19:30:00.000Z,401752686,Kentucky,Ole Miss,Underdog,7.75,W,0.75,2.0,18.0,18.0,17.0,15_to_25,SEC,SEC,P4,P4,P4_vs_P4,False,False,SEC,SEC,,,15_to_25,15_to_25,True,15_to_25,dog_7_14,team_has_rp_edge
2025,2,2025-09-06T19:30:00.000Z,401762458,Navy,UAB,Favorite,-21.5,L,-7.5,1.0,24.0,33.0,14.0,15_to_25,American,American,G6,G6,G6_vs_G6,False,False,American,American,,,25_plus,5_to_15,True,15_to_25,fav_14_plus,team_has_rp_edge
2025,2,2025-09-06T23:00:00.000Z,401757232,Toledo,Western Kentucky,Favorite,-8.0,W,16.0,1.0,26.0,42.0,10.0,25_plus,MAC,Conference USA,G6,G6,G6_vs_G6,False,False,MAC,Conference USA,,,25_plus,5_to_15,True,25_plus,fav_7_14,team_has_rp_edge
2025,2,2025-09-06T23:00:00.000Z,401756884,Houston,Rice,Favorite,-13.5,W,12.5,1.0,26.0,18.0,32.0,25_plus,Big 12,American,P4,G6,P4_vs_G6,False,False,Big 12,American,,,15_to_25,25_plus,True,25_plus,fav_7_14,team_has_rp_edge
2025,2,2025-09-06T23:30:00.000Z,401752687,LSU,Louisiana Tech,Favorite,-36.5,L,-20.5,4.0,14.0,20.0,9.0,5_to_15,SEC,Conference USA,P4,G6,P4_vs_G6,False,False,SEC,Conference USA,,,15_to_25,5_to_15,True,5_to_15,fav_14_plus,team_has_rp_edge
2025,2,2025-09-06T23:30:00.000Z,401752810,Nebraska,Akron,Favorite,-33.75,W,34.25,0.0,11.0,30.0,-7.0,5_to_15,Big Ten,MAC,P4,G6,P4_vs_G6,False,False,Big Ten,MAC,,,25_plus,minus_5_to_15,True,5_to_15,fav_14_plus,team_has_rp_edge
2025,3,2025-09-13T16:00:00.000Z,401761608,Troy,Memphis,Underdog,4.5,L,-16.5,,27.0,31.0,23.0,25_plus,Sun Belt,American,G6,G6,G6_vs_G6,False,False,Sun Belt,American,,,25_plus,15_to_25,True,25_plus,dog_3_7,team_has_rp_edge
2025,3,2025-09-13T16:00:00.000Z,401752703,Oklahoma,Temple,Favorite,-23.833333333333332,W,15.166666666666668,-1.0,18.0,35.0,1.0,15_to_25,SEC,American,P4,G6,P4_vs_G6,False,False,SEC,American,,,25_plus,neutral,True,15_to_25,fav_14_plus,team_has_rp_edge
2025,3,2025-09-13T16:45:00.000Z,401752697,Auburn,South Alabama,Favorite,-26.333333333333332,L,-10.333333333333332,1.0,8.0,19.0,-4.0,5_to_15,SEC,Sun Belt,P4,G6,P4_vs_G6,False,False,SEC,Sun Belt,,,15_to_25,neutral,True,5_to_15,fav_14_plus,team_has_rp_edge
2025,3,2025-09-13T21:00:00.000Z,401757256,Liberty,Bowling Green,Favorite,-6.0,L,-16.0,-1.0,28.0,31.0,27.0,25_plus,Conference USA,MAC,G6,G6,G6_vs_G6,False,False,Conference USA,MAC,,,25_plus,25_plus,True,25_plus,fav_3_7,team_has_rp_edge
2025,3,2025-09-13T23:00:00.000Z,401752829,Illinois,Western Michigan,Favorite,-27.5,W,10.5,-1.0,39.0,29.0,51.0,25_plus,Big Ten,MAC,P4,G6,P4_vs_G6,False,False,Big Ten,MAC,,,25_plus,25_plus,True,25_plus,fav_14_plus,team_has_rp_edge
2025,3,2025-09-13T23:00:00.000Z,401752700,Arkansas,Ole Miss,Underdog,3.8333333333333335,L,-2.1666666666666665,4.0,15.0,20.0,10.0,15_to_25,SEC,SEC,P4,P4,P4_vs_P4,False,False,SEC,SEC,,,15_to_25,5_to_15,True,15_to_25,dog_3_7,team_has_rp_edge
2025,3,2025-09-13T23:30:00.000Z,401761604,Coastal Carolina,East Carolina,Underdog,7.166666666666667,L,-30.833333333333332,-1.0,3.0,32.0,-26.0,neutral,Sun Belt,American,G6,G6,G6_vs_G6,False,False,Sun Belt,American,,,25_plus,minus_25,True,neutral,dog_3_7,team_has_rp_edge
2025,3,2025-09-13T23:30:00.000Z,401752698,Kentucky,Eastern Michigan,Favorite,-26.666666666666668,L,-1.666666666666668,1.0,13.0,12.0,13.0,5_to_15,SEC,MAC,P4,G6,P4_vs_G6,False,False,SEC,MAC,,,5_to_15,5_to_15,True,5_to_15,fav_14_plus,team_has_rp_edge
2025,3,2025-09-13T23:30:00.000Z,401757257,New Mexico State,Louisiana Tech,Underdog,10.166666666666666,L,-24.833333333333336,2.0,17.0,24.0,11.0,15_to_25,Conference USA,Conference USA,G6,G6,G6_vs_G6,False,False,Conference USA,Conference USA,,,15_to_25,5_to_15,True,15_to_25,dog_7_14,team_has_rp_edge
2025,3,2025-09-14T00:00:00.000Z,401756895,Wyoming,Utah,Underdog,24.5,L,-0.5,-2.0,3.0,28.0,-24.0,neutral,Mountain West,Big 12,G6,P4,G6_vs_P4,False,False,Mountain West,Big 12,,,25_plus,minus_15_to_25,True,neutral,dog_14_plus,team_has_rp_edge
2025,3,2025-09-14T00:00:00.000Z,401756895,Utah,Wyoming,Favorite,-24.5,W,0.5,2.0,-3.0,24.0,-28.0,neutral,Big 12,Mountain West,P4,G6,P4_vs_G6,False,False,Big 12,Mountain West,,,15_to_25,minus_25,True,neutral,fav_14_plus,opponent_has_rp_edge
2025,4,2025-09-20T00:00:00.000Z,401752844,Rutgers,Iowa,Underdog,2.3333333333333335,L,-7.666666666666666,0.0,14.0,32.0,-5.0,5_to_15,Big Ten,Big Ten,P4,P4,P4_vs_P4,False,False,Big Ten,Big Ten,,,25_plus,minus_5_to_15,True,5_to_15,pick_to_3,team_has_rp_edge
2025,4,2025-09-20T16:00:00.000Z,401754636,TCU,SMU,Favorite,-6.5,W,4.5,0.0,7.0,13.0,1.0,5_to_15,Big 12,ACC,P4,P4,P4_vs_P4,False,False,Big 12,ACC,,,5_to_15,neutral,True,5_to_15,fav_3_7,team_has_rp_edge
2025,4,2025-09-20T16:00:00.000Z,401756901,Texas Tech,Utah,Underdog,3.5,W,27.5,1.0,14.0,17.0,10.0,5_to_15,Big 12,Big 12,P4,P4,P4_vs_P4,False,False,Big 12,Big 12,,,15_to_25,5_to_15,True,5_to_15,dog_3_7,team_has_rp_edge
2025,4,2025-09-20T16:00:00.000Z,401752708,Arkansas,Memphis,Favorite,-7.166666666666667,L,-8.166666666666668,0.5,18.0,32.0,4.0,15_to_25,SEC,American,P4,G6,P4_vs_G6,False,False,SEC,American,,,25_plus,neutral,True,15_to_25,fav_3_7,team_has_rp_edge
2025,4,2025-09-20T19:30:00.000Z,401762820,Toledo,Western Michigan,Favorite,-12.666666666666666,L,-13.666666666666666,-2.0,23.0,26.0,22.0,15_to_25,MAC,MAC,G6,G6,G6_vs_G6,False,False,MAC,MAC,,,25_plus,15_to_25,True,15_to_25,fav_7_14,team_has_rp_edge
2025,4,2025-09-20T19:30:00.000Z,401757262,Liberty,James Madison,Underdog,7.5,L,-10.5,4.0,7.0,10.0,5.0,5_to_15,Conference USA,Sun Belt,G6,G6,G6_vs_G6,False,False,Conference USA,Sun Belt,,,5_to_15,5_to_15,True,5_to_15,dog_7_14,team_has_rp_edge
2025,4,2025-09-20T20:30:00.000Z,401754542,Georgia Tech,Temple,Favorite,-24.5,L,-3.5,1.0,13.0,21.0,6.0,5_to_15,ACC,American,P4,G6,P4_vs_G6,False,False,ACC,American,,,15_to_25,5_to_15,True,5_to_15,fav_14_plus,team_has_rp_edge
2025,4,2025-09-20T23:00:00.000Z,401761611,South Alabama,Coastal Carolina,Favorite,-14.666666666666666,L,-32.666666666666664,0.0,10.0,32.0,-12.0,5_to_15,Sun Belt,Sun Belt,G6,G6,G6_vs_G6,False,False,Sun Belt,Sun Belt,,,25_plus,minus_5_to_15,True,5_to_15,fav_14_plus,team_has_rp_edge
2025,4,2025-09-20T23:00:00.000Z,401761611,Coastal Carolina,South Alabama,Underdog,14.666666666666666,W,32.666666666666664,0.0,-10.0,12.0,-32.0,minus_5_to_15,Sun Belt,Sun Belt,G6,G6,G6_vs_G6,False,False,Sun Belt,Sun Belt,,,5_to_15,minus_25,True,5_to_15,dog_14_plus,opponent_has_rp_edge
2025,4,2025-09-20T23:00:00.000Z,401760372,Boise State,Air Force,Favorite,-11.0,W,1.0,3.0,13.0,32.0,-4.0,5_to_15,Mountain West,Mountain West,G6,G6,G6_vs_G6,False,False,Mountain West,Mountain West,,,25_plus,neutral,True,5_to_15,fav_7_14,team_has_rp_edge
2025,4,2025-09-20T23:30:00.000Z,401757263,Southern Miss,Louisiana Tech,Underdog,3.1666666666666665,L,-6.833333333333334,-1.0,7.0,28.0,-13.0,5_to_15,Sun Belt,Conference USA,G6,G6,G6_vs_G6,False,False,Sun Belt,Conference USA,,,25_plus,minus_5_to_15,True,5_to_15,pick_to_3,team_has_rp_edge
2025,4,2025-09-20T23:30:00.000Z,401756898,BYU,East Carolina,Favorite,-6.166666666666667,W,14.833333333333332,-2.0,17.0,38.0,-4.0,15_to_25,Big 12,American,P4,G6,P4_vs_G6,False,False,Big 12,American,,,25_plus,neutral,True,15_to_25,fav_3_7,team_has_rp_edge
2023,1,2023-09-01T00:00:00.000Z,401520176,Utah,Florida,Favorite,-6.3,W,6.7,,22.0,30.0,14.0,15_to_25,,,,,,,,,,,,25_plus,5_to_15,True,15_to_25,fav_3_7,team_has_rp_edge
2023,1,2023-09-01T23:00:00.000Z,401525463,Miami,Miami (OH),Favorite,-16.625,W,18.375,,1.0,-14.0,16.0,neutral,ACC,MAC,P4,G6,P4_vs_G6,False,False,ACC,MAC,,,minus_5_to_15,15_to_25,True,neutral,fav_14_plus,team_has_rp_edge
2023,1,2023-09-01T23:00:00.000Z,401525463,Miami (OH),Miami,Underdog,16.625,L,-18.375,,-1.0,-16.0,14.0,neutral,MAC,ACC,G6,P4,G6_vs_P4,False,False,MAC,ACC,,,minus_15_to_25,5_to_15,True,neutral,dog_14_plus,opponent_has_rp_edge
2023,1,2023-09-02T16:00:00.000Z,401520172,Louisiana Tech,SMU,Underdog,20.125,L,-3.875,,20.0,14.0,25.0,15_to_25,Conference USA,American,G6,G6,G6_vs_G6,False,False,Conference USA,American,,,5_to_15,25_plus,True,15_to_25,dog_14_plus,team_has_rp_edge
2023,1,2023-09-02T16:00:00.000Z,401520162,Michigan,East Carolina,Favorite,-35.4,L,-8.399999999999999,,47.0,45.0,48.0,25_plus,Big Ten,American,P4,G6,P4_vs_G6,False,False,Big Ten,American,,,25_plus,25_plus,True,25_plus,fav_14_plus,team_has_rp_edge
2023,1,2023-09-02T16:00:00.000Z,401523994,TCU,Colorado,Favorite,-20.6,L,-23.6,,-5.0,-24.0,14.0,minus_5_to_15,,,,,,,,,,,,minus_15_to_25,5_to_15,True,5_to_15,fav_14_plus,opponent_has_rp_edge
2023,1,2023-09-02T16:00:00.000Z,401520179,Tennessee,Virginia,Favorite,-27.7,W,8.3,,11.0,-7.0,29.0,5_to_15,SEC,ACC,P4,P4,P4_vs_P4,False,False,SEC,ACC,,,minus_5_to_15,25_plus,True,5_to_15,fav_14_plus,team_has_rp_edge
2023,1,2023-09-02T19:30:00.000Z,401520156,Indiana,Ohio State,Underdog,29.1,W,9.1,,2.0,-12.0,15.0,neutral,Big Ten,Big Ten,P4,P4,P4_vs_P4,False,False,Big Ten,Big Ten,,,minus_5_to_15,15_to_25,True,neutral,dog_14_plus,team_has_rp_edge
2023,1,2023-09-02T19:30:00.000Z,401520180,Wisconsin,Buffalo,Favorite,-27.0,L,-6.0,,19.0,26.0,11.0,15_to_25,Big Ten,MAC,P4,G6,P4_vs_G6,False,False,Big Ten,MAC,,,25_plus,5_to_15,True,15_to_25,fav_14_plus,team_has_rp_edge
2023,1,2023-09-02T20:00:00.000Z,401523991,North Texas,California,Underdog,6.5,L,-30.5,,6.0,-2.0,13.0,5_to_15,,,,,,,,,,,,neutral,5_to_15,True,5_to_15,dog_3_7,team_has_rp_edge
2023,1,2023-09-02T22:30:00.000Z,401523996,USC,Nevada,Favorite,-37.875,W,14.125,,23.0,21.0,25.0,15_to_25,,,,,,,,,,,,15_to_25,25_plus,True,15_to_25,fav_14_plus,team_has_rp_edge
2023,1,2023-09-02T23:30:00.000Z,401520169,Penn State,West Virginia,Favorite,-20.6,W,2.3999999999999986,,1.0,-13.0,15.0,neutral,Big Ten,Big 12,P4,P4,P4_vs_P4,False,False,Big Ten,Big 12,,,minus_5_to_15,15_to_25,True,neutral,fav_14_plus,team_has_rp_edge
2023,1,2023-09-02T23:30:00.000Z,401520169,West Virginia,Penn State,Underdog,20.6,L,-2.3999999999999986,,-1.0,-15.0,13.0,neutral,Big 12,Big Ten,P4,P4,P4_vs_P4,False,False,Big 12,Big Ten,,,minus_15_to_25,5_to_15,True,neutral,dog_14_plus,opponent_has_rp_edge
2023,1,2023-09-02T23:30:00.000Z,401520149,Middle Tennessee,Alabama,Underdog,39.375,L,-9.625,,29.0,14.0,43.0,25_plus,Conference USA,SEC,G6,P4,G6_vs_P4,False,False,Conference USA,SEC,,,5_to_15,25_plus,True,25_plus,dog_14_plus,team_has_rp_edge
2023,1,2023-09-03T02:15:00.000Z,401520152,Sam Houston,BYU,Underdog,20.375,W,6.375,,8.0,3.0,13.0,5_to_15,Conference USA,Big 12,G6,P4,G6_vs_P4,False,True,,Independent,,0.0,neutral,5_to_15,True,5_to_15,dog_14_plus,team_has_rp_edge
2023,1,2023-09-03T16:00:00.000Z,401520171,Rutgers,Northwestern,Favorite,-6.1,W,10.9,,17.0,7.0,26.0,15_to_25,Big Ten,Big Ten,P4,P4,P4_vs_P4,False,False,Big Ten,Big Ten,,,5_to_15,25_plus,True,15_to_25,fav_3_7,team_has_rp_edge
2023,2,2023-09-09T16:00:00.000Z,401523999,Utah,Baylor,Favorite,-7.0,P,0.0,,21.0,32.0,9.0,15_to_25,,,,,,,,,,,,25_plus,5_to_15,True,15_to_25,fav_3_7,team_has_rp_edge
2023,2,2023-09-09T16:00:00.000Z,401525498,James Madison,Virginia,Favorite,-6.0,L,-5.0,,18.0,-4.0,41.0,15_to_25,Sun Belt,ACC,G6,P4,G6_vs_P4,False,False,Sun Belt,ACC,,,neutral,25_plus,True,15_to_25,fav_3_7,team_has_rp_edge
2023,2,2023-09-09T19:30:00.000Z,401520201,Texas A&M,Miami,Favorite,-2.8333333333333335,L,-17.833333333333332,,10.0,5.0,15.0,5_to_15,SEC,ACC,P4,P4,P4_vs_P4,False,False,SEC,ACC,,,5_to_15,15_to_25,True,5_to_15,pick_to_3,team_has_rp_edge
2023,2,2023-09-09T21:00:00.000Z,401524004,Washington,Tulsa,Favorite,-33.666666666666664,L,-0.6666666666666643,,33.0,36.0,32.0,25_plus,,,,,,,,,,,,25_plus,25_plus,True,25_plus,fav_14_plus,team_has_rp_edge
2023,2,2023-09-09T23:00:00.000Z,401520206,Missouri,Middle Tennessee,Favorite,-21.0,L,-17.0,,9.0,-9.0,28.0,5_to_15,SEC,Conference USA,P4,G6,P4_vs_G6,False,False,SEC,Conference USA,,,minus_5_to_15,25_plus,True,5_to_15,fav_14_plus,team_has_rp_edge
2023,2,2023-09-09T23:30:00.000Z,401520204,Eastern Michigan,Minnesota,Underdog,19.666666666666668,W,0.6666666666666679,,5.0,-10.0,20.0,5_to_15,MAC,Big Ten,G6,P4,G6_vs_P4,False,False,MAC,Big Ten,,,minus_5_to_15,15_to_25,True,5_to_15,dog_14_plus,team_has_rp_edge
2023,2,2023-09-10T00:00:00.000Z,401520211,Sam Houston,Air Force,Underdog,13.166666666666666,W,3.166666666666666,,12.0,-2.0,28.0,5_to_15,Conference USA,Mountain West,G6,G6,G6_vs_G6,False,False,,Mountain West,,,neutral,25_plus,True,5_to_15,dog_7_14,team_has_rp_edge
2023,2,2023-09-10T02:30:00.000Z,401524003,USC,Stanford,Favorite,-28.666666666666668,W,17.333333333333332,,41.0,39.0,44.0,25_plus,,,,,,,,,,,,25_plus,25_plus,True,25_plus,fav_14_plus,team_has_rp_edge
2023,2,2023-09-10T02:30:00.000Z,401520186,Auburn,California,Favorite,-4.833333333333333,L,-0.833333333333333,,3.0,-6.0,13.0,neutral,,,,,,,,,,,,minus_5_to_15,5_to_15,True,neutral,fav_3_7,team_has_rp_edge
2023,3,2023-09-16T16:00:00.000Z,401520230,Indiana,Louisville,Underdog,10.0,W,3.0,,13.0,15.0,11.0,5_to_15,Big Ten,ACC,P4,P4,P4_vs_P4,False,False,Big Ten,ACC,,,15_to_25,5_to_15,True,5_to_15,dog_7_14,team_has_rp_edge
2023,3,2023-09-16T18:30:00.000Z,401525437,Notre Dame,Central Michigan,Favorite,-34.75,L,-10.75,,2.0,-15.0,21.0,neutral,Independent,MAC,Independent,G6,Other,False,False,Independent,MAC,,,minus_15_to_25,15_to_25,True,neutral,fav_14_plus,team_has_rp_edge
2023,3,2023-09-16T19:30:00.000Z,401520239,North Carolina,Minnesota,Favorite,-6.666666666666667,W,11.333333333333332,,10.0,12.0,9.0,5_to_15,ACC,Big Ten,P4,P4,P4_vs_P4,False,False,ACC,Big Ten,,,5_to_15,5_to_15,True,5_to_15,fav_3_7,team_has_rp_edge
2023,3,2023-09-16T19:30:00.000Z,401520244,South Florida,Alabama,Underdog,34.25,W,20.25,,16.0,8.0,24.0,15_to_25,American,SEC,G6,P4,G6_vs_P4,False,False,American,SEC,,,5_to_15,15_to_25,True,15_to_25,dog_14_plus,team_has_rp_edge
2023,3,2023-09-16T20:00:00.000Z,401520245,Texas A&M,UL Monroe,Favorite,-36.5,W,7.5,,28.0,16.0,38.0,25_plus,SEC,Sun Belt,P4,G6,P4_vs_G6,False,False,SEC,Sun Belt,,,15_to_25,25_plus,True,25_plus,fav_14_plus,team_has_rp_edge
2023,3,2023-09-16T23:00:00.000Z,401520229,North Texas,Louisiana Tech,Underdog,4.5,W,7.5,,2.0,-5.0,9.0,neutral,American,Conference USA,G6,G6,G6_vs_G6,True,False,Conference USA,Conference USA,0.0,,minus_5_to_15,5_to_15,True,neutral,dog_3_7,team_has_rp_edge
2023,3,2023-09-16T23:00:00.000Z,401525835,Miami (OH),Cincinnati,Underdog,14.25,W,21.25,,23.0,12.0,34.0,15_to_25,MAC,Big 12,G6,P4,G6_vs_P4,False,True,MAC,American,,0.0,5_to_15,25_plus,True,15_to_25,dog_7_14,team_has_rp_edge
2023,3,2023-09-16T23:00:00.000Z,401520224,Tennessee,Florida,Favorite,-5.666666666666667,L,-18.666666666666668,,9.0,4.0,14.0,5_to_15,SEC,SEC,P4,P4,P4_vs_P4,False,False,SEC,SEC,,,neutral,5_to_15,True,5_to_15,fav_3_7,team_has_rp_edge
2023,3,2023-09-16T23:30:00.000Z,401525503,West Virginia,Pittsburgh,Favorite,-1.0,W,10.0,,13.0,11.0,16.0,5_to_15,Big 12,ACC,P4,P4,P4_vs_P4,False,False,Big 12,ACC,,,5_to_15,15_to_25,True,5_to_15,pick_to_3,team_has_rp_edge
2023,3,2023-09-17T02:30:00.000Z,401525837,Kansas,Nevada,Favorite,-28.5,L,-21.5,,32.0,37.0,27.0,25_plus,Big 12,Mountain West,P4,G6,P4_vs_G6,False,False,Big 12,Mountain West,,,25_plus,25_plus,True,25_plus,fav_14_plus,team_has_rp_edge
2023,4,2023-09-23T19:30:00.000Z,401525506,Boston College,Louisville,Underdog,13.833333333333334,L,-14.166666666666666,,22.0,28.0,18.0,15_to_25,ACC,ACC,P4,P4,P4_vs_P4,False,False,ACC,ACC,,,25_plus,15_to_25,True,15_to_25,dog_7_14,team_has_rp_edge
2023,4,2023-09-23T19:30:00.000Z,401525509,Temple,Miami,Underdog,23.333333333333332,L,-10.666666666666668,,7.0,2.0,14.0,5_to_15,American,ACC,G6,P4,G6_vs_P4,False,False,American,ACC,,,neutral,5_to_15,True,5_to_15,dog_14_plus,team_has_rp_edge
2023,4,2023-09-23T19:30:00.000Z,401525847,Kansas,BYU,Favorite,-9.333333333333334,W,1.666666666666666,,22.0,26.0,18.0,15_to_25,Big 12,Big 12,P4,P4,P4_vs_P4,False,True,Big 12,Independent,,0.0,25_plus,15_to_25,True,15_to_25,fav_7_14,team_has_rp_edge
2023,4,2023-09-23T19:30:00.000Z,401524017,Utah,UCLA,Favorite,-3.8333333333333335,W,3.1666666666666665,,12.0,8.0,15.0,5_to_15,,,,,,,,,,,,5_to_15,15_to_25,True,5_to_15,fav_3_7,team_has_rp_edge
2023,4,2023-09-23T20:00:00.000Z,401520269,Tennessee,UTSA,Favorite,-23.333333333333332,W,7.666666666666668,,11.0,9.0,13.0,5_to_15,SEC,American,P4,G6,P4_vs_G6,False,True,SEC,Conference USA,,0.0,5_to_15,5_to_15,True,5_to_15,fav_14_plus,team_has_rp_edge
2023,4,2023-09-23T20:00:00.000Z,401531423,Rice,South Florida,Favorite,-2.5,L,-15.5,,17.0,5.0,28.0,15_to_25,American,American,G6,G6,G6_vs_G6,True,False,Conference USA,American,0.0,,5_to_15,25_plus,True,15_to_25,pick_to_3,team_has_rp_edge
2023,4,2023-09-23T21:00:00.000Z,401531876,South Alabama,Central Michigan,Favorite,-16.166666666666668,L,-20.166666666666668,,11.0,-9.0,31.0,5_to_15,Sun Belt,MAC,G6,G6,G6_vs_G6,False,False,Sun Belt,MAC,,,minus_5_to_15,25_plus,True,5_to_15,fav_14_plus,team_has_rp_edge
2023,4,2023-09-23T23:30:00.000Z,401521330,Notre Dame,Ohio State,Underdog,3.1666666666666665,W,0.1666666666666665,,1.0,-12.0,15.0,neutral,Independent,Big Ten,Independent,P4,Other,False,False,Independent,Big Ten,,,minus_5_to_15,15_to_25,True,neutral,pick_to_3,team_has_rp_edge
2023,4,2023-09-23T23:30:00.000Z,401520252,Georgia,UAB,Favorite,-40.833333333333336,L,-12.833333333333336,,22.0,10.0,34.0,15_to_25,SEC,American,P4,G6,P4_vs_G6,False,True,SEC,Conference USA,,0.0,5_to_15,25_plus,True,15_to_25,fav_14_plus,team_has_rp_edge
2023,4,2023-09-24T00:00:00.000Z,401525510,North Carolina,Pittsburgh,Favorite,-7.166666666666667,W,9.833333333333332,,17.0,20.0,16.0,15_to_25,ACC,ACC,P4,P4,P4_vs_P4,False,False,ACC,ACC,,,15_to_25,15_to_25,True,15_to_25,fav_3_7,team_has_rp_edge
2023,4,2023-09-24T02:30:00.000Z,401524018,Washington,California,Favorite,-20.5,W,6.5,,5.0,-4.0,15.0,5_to_15,,,,,,,,,,,,neutral,15_to_25,True,5_to_15,fav_14_plus,team_has_rp_edge
2024,1,2024-08-30T00:00:00.000Z,401640998,Jacksonville State,Coastal Carolina,Favorite,-3.5,L,-31.5,,24.0,15.0,33.0,15_to_25,Conference USA,Sun Belt,G6,G6,G6_vs_G6,False,False,Conference USA,Sun Belt,,,15_to_25,25_plus,True,15_to_25,fav_3_7,team_has_rp_edge
2024,1,2024-08-30T00:00:00.000Z,401628448,Minnesota,North Carolina,Underdog,0.3333333333333333,L,-1.6666666666666667,,34.0,32.0,37.0,25_plus,Big Ten,ACC,P4,P4,P4_vs_P4,False,False,Big Ten,ACC,,,25_plus,25_plus,True,25_plus,pick_to_3,team_has_rp_edge
2024,1,2024-08-30T23:00:00.000Z,401628328,Oklahoma,Temple,Favorite,-43.0,W,5.0,,8.0,-18.0,33.0,5_to_15,SEC,American,P4,G6,P4_vs_G6,True,False,Big 12,American,0.0,,minus_15_to_25,25_plus,True,5_to_15,fav_14_plus,team_has_rp_edge
2024,1,2024-08-31T16:00:00.000Z,401628333,Virginia Tech,Vanderbilt,Favorite,-13.333333333333334,L,-20.333333333333336,,26.0,30.0,23.0,25_plus,ACC,SEC,P4,P4,P4_vs_P4,False,False,ACC,SEC,,,25_plus,15_to_25,True,25_plus,fav_7_14,team_has_rp_edge
2024,1,2024-08-31T19:30:00.000Z,401628454,Nebraska,UTEP,Favorite,-27.5,W,5.5,0.5,32.0,28.0,36.0,25_plus,Big Ten,Conference USA,P4,G6,P4_vs_G6,False,False,Big Ten,Conference USA,,,25_plus,25_plus,True,25_plus,fav_14_plus,team_has_rp_edge
2024,1,2024-08-31T19:30:00.000Z,401634304,Syracuse,Ohio,Favorite,-17.333333333333332,L,-1.333333333333332,,47.0,48.0,45.0,25_plus,ACC,MAC,P4,G6,P4_vs_G6,False,False,ACC,MAC,,,25_plus,25_plus,True,25_plus,fav_14_plus,team_has_rp_edge
2024,1,2024-08-31T21:00:00.000Z,401643775,North Texas,South Alabama,Underdog,5.833333333333333,W,19.833333333333332,,13.0,-2.0,27.0,5_to_15,American,Sun Belt,G6,G6,G6_vs_G6,False,False,American,Sun Belt,,,neutral,25_plus,True,5_to_15,dog_3_7,team_has_rp_edge
2024,1,2024-08-31T23:00:00.000Z,401628319,Western Kentucky,Alabama,Underdog,34.166666666666664,L,-28.833333333333336,,17.0,26.0,8.0,15_to_25,Conference USA,SEC,G6,P4,G6_vs_P4,False,False,Conference USA,SEC,,,25_plus,5_to_15,True,15_to_25,dog_14_plus,team_has_rp_edge
2024,1,2024-08-31T23:45:00.000Z,401628324,Southern Miss,Kentucky,Underdog,25.5,L,-5.5,,7.0,-3.0,18.0,5_to_15,Sun Belt,SEC,G6,P4,G6_vs_P4,False,False,Sun Belt,SEC,,,neutral,15_to_25,True,5_to_15,dog_14_plus,team_has_rp_edge
2024,1,2024-09-01T23:30:00.000Z,401628334,LSU,USC,Favorite,-3.8333333333333335,L,-10.833333333333334,-0.5,13.0,6.0,20.0,5_to_15,SEC,Big Ten,P4,P4,P4_vs_P4,False,True,SEC,Pac-12,,0.0,5_to_15,15_to_25,True,5_to_15,fav_3_7,team_has_rp_edge
2024,2,2024-09-07T01:00:00.000Z,401635533,Northwestern,Duke,Favorite,-2.1666666666666665,L,-8.166666666666666,-1.0,21.0,7.0,35.0,15_to_25,Big Ten,ACC,P4,P4,P4_vs_P4,False,False,Big Ten,ACC,,,5_to_15,25_plus,True,15_to_25,pick_to_3,team_has_rp_edge
2024,2,2024-09-07T16:00:00.000Z,401643784,Memphis,Troy,Favorite,-18.666666666666668,W,2.333333333333332,1.5,33.0,45.0,23.0,25_plus,American,Sun Belt,G6,G6,G6_vs_G6,False,False,American,Sun Belt,,,25_plus,15_to_25,True,25_plus,fav_14_plus,team_has_rp_edge
2024,2,2024-09-07T16:00:00.000Z,401628470,Penn State,Bowling Green,Favorite,-34.833333333333336,L,-27.833333333333336,3.0,22.0,29.0,14.0,15_to_25,Big Ten,MAC,P4,G6,P4_vs_G6,False,False,Big Ten,MAC,,,25_plus,5_to_15,True,15_to_25,fav_14_plus,team_has_rp_edge
2024,2,2024-09-07T16:00:00.000Z,401628471,Rutgers,Akron,Favorite,-24.5,W,7.5,1.5,21.0,6.0,36.0,15_to_25,Big Ten,MAC,P4,G6,P4_vs_G6,False,False,Big Ten,MAC,,,5_to_15,25_plus,True,15_to_25,fav_14_plus,team_has_rp_edge
2024,2,2024-09-07T16:00:00.000Z,401628347,Texas,Michigan,Favorite,-6.666666666666667,W,12.333333333333332,-1.0,34.0,27.0,42.0,25_plus,SEC,Big Ten,P4,P4,P4_vs_P4,True,False,Big 12,Big Ten,0.0,,25_plus,25_plus,True,25_plus,fav_3_7,team_has_rp_edge
2024,2,2024-09-07T19:30:00.000Z,401645324,Navy,Temple,Favorite,-12.166666666666666,W,14.833333333333334,0.5,14.0,1.0,27.0,5_to_15,American,American,G6,G6,G6_vs_G6,False,False,American,American,,,neutral,25_plus,True,5_to_15,fav_7_14,team_has_rp_edge
2024,2,2024-09-07T19:30:00.000Z,401635535,Jacksonville State,Louisville,Underdog,28.5,L,-6.5,-2.0,3.0,-18.0,24.0,neutral,Conference USA,ACC,G6,P4,G6_vs_P4,False,False,Conference USA,ACC,,,minus_15_to_25,15_to_25,True,neutral,dog_14_plus,team_has_rp_edge
2024,2,2024-09-07T22:30:00.000Z,401636617,Sam Houston,UCF,Underdog,21.5,L,-9.5,2.0,15.0,3.0,26.0,15_to_25,Conference USA,Big 12,G6,P4,G6_vs_P4,False,False,Conference USA,Big 12,,,neutral,25_plus,True,15_to_25,dog_14_plus,team_has_rp_edge
2024,2,2024-09-07T23:45:00.000Z,401628345,Houston,Oklahoma,Underdog,27.666666666666668,W,23.666666666666668,-1.0,-1.0,-20.0,19.0,neutral,Big 12,SEC,P4,P4,P4_vs_P4,False,True,Big 12,Big 12,,0.0,minus_15_to_25,15_to_25,True,neutral,dog_14_plus,opponent_has_rp_edge
2024,2,2024-09-08T02:00:00.000Z,401628469,Oregon,Boise State,Favorite,-18.833333333333332,L,-15.833333333333332,0.0,10.0,-3.0,24.0,5_to_15,Big Ten,Mountain West,P4,G6,P4_vs_G6,True,False,Pac-12,Mountain West,0.0,,neutral,15_to_25,True,5_to_15,fav_14_plus,team_has_rp_edge
2024,3,2024-09-14T16:00:00.000Z,401628350,Wisconsin,Alabama,Underdog,15.166666666666666,L,-16.833333333333336,-6.0,27.0,37.0,15.0,25_plus,Big Ten,SEC,P4,P4,P4_vs_P4,False,False,Big Ten,SEC,,,25_plus,15_to_25,True,25_plus,dog_14_plus,team_has_rp_edge
2024,3,2024-09-14T16:00:00.000Z,401636868,North Texas,Texas Tech,Underdog,10.333333333333334,L,-34.666666666666664,0.0,2.0,-8.0,12.0,neutral,American,Big 12,G6,P4,G6_vs_P4,False,False,American,Big 12,,,minus_5_to_15,5_to_15,True,neutral,dog_7_14,team_has_rp_edge
2024,3,2024-09-14T16:00:00.000Z,401635542,Memphis,Florida State,Underdog,6.833333333333333,W,14.833333333333332,0.0,11.0,14.0,9.0,5_to_15,American,ACC,G6,P4,G6_vs_P4,False,False,American,ACC,,,5_to_15,5_to_15,True,5_to_15,dog_3_7,team_has_rp_edge
2024,3,2024-09-14T19:30:00.000Z,401628358,Oklahoma,Tulane,Favorite,-13.333333333333334,W,1.666666666666666,0.0,12.0,-9.0,32.0,5_to_15,SEC,American,P4,G6,P4_vs_G6,True,False,Big 12,American,0.0,,minus_5_to_15,25_plus,True,5_to_15,fav_7_14,team_has_rp_edge
2024,3,2024-09-14T19:30:00.000Z,401628483,Oregon,Oregon State,Favorite,-17.666666666666668,W,17.333333333333332,-2.5,29.0,42.0,16.0,25_plus,,,,,,,,,,,,25_plus,15_to_25,True,25_plus,fav_14_plus,team_has_rp_edge
2024,3,2024-09-14T23:00:00.000Z,401641024,Western Kentucky,Middle Tennessee,Favorite,-8.5,W,19.5,0.0,16.0,27.0,7.0,15_to_25,Conference USA,Conference USA,G6,G6,G6_vs_G6,False,False,Conference USA,Conference USA,,,25_plus,5_to_15,True,15_to_25,fav_7_14,team_has_rp_edge
2024,3,2024-09-14T23:00:00.000Z,401628361,Texas,UTSA,Favorite,-35.5,W,13.5,0.0,25.0,35.0,15.0,25_plus,SEC,American,P4,G6,P4_vs_G6,True,False,Big 12,American,0.0,,25_plus,15_to_25,True,25_plus,fav_14_plus,team_has_rp_edge
2024,3,2024-09-14T23:00:00.000Z,401640999,Jacksonville State,Eastern Michigan,Favorite,-1.0,L,-4.0,0.0,23.0,14.0,32.0,15_to_25,Conference USA,MAC,G6,G6,G6_vs_G6,False,False,Conference USA,MAC,,,5_to_15,25_plus,True,15_to_25,pick_to_3,team_has_rp_edge
2024,3,2024-09-14T23:30:00.000Z,401636866,TCU,UCF,Favorite,-2.1666666666666665,L,-3.1666666666666665,4.5,22.0,3.0,40.0,15_to_25,Big 12,Big 12,P4,P4,P4_vs_P4,False,False,Big 12,Big 12,,,neutral,25_plus,True,15_to_25,pick_to_3,team_has_rp_edge
2024,3,2024-09-15T00:00:00.000Z,401628478,Virginia,Maryland,Favorite,-1.1666666666666667,L,-15.166666666666666,0.0,31.0,34.0,28.0,25_plus,ACC,Big Ten,P4,P4,P4_vs_P4,False,False,ACC,Big Ten,,,25_plus,25_plus,True,25_plus,pick_to_3,team_has_rp_edge
2024,3,2024-09-15T01:00:00.000Z,401636871,BYU,Wyoming,Favorite,-9.666666666666666,W,10.333333333333334,0.0,3.0,1.0,6.0,neutral,Big 12,Mountain West,P4,G6,P4_vs_G6,False,False,Big 12,Mountain West,,,neutral,5_to_15,True,neutral,fav_7_14,team_has_rp_edge
2024,3,2024-09-15T02:30:00.000Z,401635541,California,San Diego State,Favorite,-18.666666666666668,W,2.333333333333332,0.0,27.0,36.0,17.0,25_plus,ACC,Mountain West,P4,G6,P4_vs_G6,True,False,Pac-12,Mountain West,0.0,,25_plus,15_to_25,True,25_plus,fav_14_plus,team_has_rp_edge
2024,4,2024-09-21T16:00:00.000Z,401643791,Louisiana,Tulane,Underdog,1.5,L,-6.5,,23.0,20.0,26.0,15_to_25,Sun Belt,American,G6,G6,G6_vs_G6,False,False,Sun Belt,American,,,15_to_25,25_plus,True,15_to_25,pick_to_3,team_has_rp_edge
2024,4,2024-09-21T18:00:00.000Z,401635558,Virginia,Coastal Carolina,Favorite,-3.5,W,15.5,0.5,31.0,39.0,24.0,25_plus,ACC,Sun Belt,P4,G6,P4_vs_G6,False,False,ACC,Sun Belt,,,25_plus,15_to_25,True,25_plus,fav_3_7,team_has_rp_edge
2024,4,2024-09-21T19:00:00.000Z,401641000,Jacksonville State,Southern Miss,Favorite,-6.166666666666667,W,30.833333333333332,0.0,13.0,-2.0,28.0,5_to_15,Conference USA,Sun Belt,G6,G6,G6_vs_G6,False,False,Conference USA,Sun Belt,,,neutral,25_plus,True,5_to_15,fav_3_7,team_has_rp_edge
2024,4,2024-09-21T19:30:00.000Z,401628365,LSU,UCLA,Favorite,-21.5,L,-4.5,-1.5,12.0,4.0,20.0,5_to_15,SEC,Big Ten,P4,P4,P4_vs_P4,False,True,SEC,Pac-12,,0.0,neutral,15_to_25,True,5_to_15,fav_14_plus,team_has_rp_edge
2024,4,2024-09-21T23:00:00.000Z,401635551,California,Florida State,Underdog,2.8333333333333335,L,-2.1666666666666665,-0.5,15.0,19.0,10.0,15_to_25,ACC,ACC,P4,P4,P4_vs_P4,True,False,Pac-12,ACC,0.0,,15_to_25,5_to_15,True,15_to_25,pick_to_3,team_has_rp_edge
2024,4,2024-09-21T23:00:00.000Z,401628491,Northwestern,Washington,Underdog,11.833333333333334,L,-7.166666666666666,-1.5,40.0,12.0,69.0,25_plus,Big Ten,Big Ten,P4,P4,P4_vs_P4,False,True,Big Ten,Pac-12,,0.0,5_to_15,25_plus,True,25_plus,dog_7_14,team_has_rp_edge
2024,4,2024-09-21T23:00:00.000Z,401643716,North Texas,Wyoming,Favorite,-7.0,W,20.0,-2.0,-8.0,-25.0,9.0,minus_5_to_15,American,Mountain West,G6,G6,G6_vs_G6,False,False,American,Mountain West,,,minus_25,5_to_15,True,5_to_15,fav_3_7,opponent_has_rp_edge
2024,4,2024-09-21T23:00:00.000Z,401643716,Wyoming,North Texas,Underdog,7.0,L,-20.0,2.0,8.0,-9.0,25.0,5_to_15,Mountain West,American,G6,G6,G6_vs_G6,False,False,Mountain West,American,,,minus_5_to_15,25_plus,True,5_to_15,dog_3_7,team_has_rp_edge
2024,4,2024-09-21T23:00:00.000Z,401641037,Western Kentucky,Toledo,Underdog,2.3333333333333335,W,7.333333333333334,-3.5,19.0,8.0,32.0,15_to_25,Conference USA,MAC,G6,G6,G6_vs_G6,False,False,Conference USA,MAC,,,5_to_15,25_plus,True,15_to_25,pick_to_3,team_has_rp_edge
2024,4,2024-09-21T23:30:00.000Z,401628369,Oklahoma,Tennessee,Underdog,6.0,L,-4.0,2.0,10.0,-14.0,33.0,5_to_15,SEC,SEC,P4,P4,P4_vs_P4,True,False,Big 12,SEC,0.0,,minus_5_to_15,25_plus,True,5_to_15,dog_3_7,team_has_rp_edge
2024,4,2024-09-21T23:30:00.000Z,401628372,Texas A&M,Bowling Green,Favorite,-21.166666666666668,L,-15.166666666666668,-2.0,24.0,32.0,15.0,15_to_25,SEC,MAC,P4,G6,P4_vs_G6,False,False,SEC,MAC,,,25_plus,15_to_25,True,15_to_25,fav_14_plus,team_has_rp_edge
2024,4,2024-09-22T00:00:00.000Z,401628371,Texas,UL Monroe,Favorite,-43.0,W,5.0,-3.5,30.0,33.0,27.0,25_plus,SEC,Sun Belt,P4,G6,P4_vs_G6,True,False,Big 12,Sun Belt,0.0,,25_plus,25_plus,True,25_plus,fav_14_plus,team_has_rp_edge
2025,1,2025-08-29T00:00:00.000Z,401752793,Minnesota,Buffalo,Favorite,-17.166666666666668,L,-4.166666666666668,0.0,5.0,-23.0,32.0,5_to_15,Big Ten,MAC,P4,G6,P4_vs_G6,False,False,Big Ten,MAC,,,minus_15_to_25,25_plus,True,5_to_15,fav_14_plus,team_has_rp_edge
2025,1,2025-08-29T00:00:00.000Z,401752793,Buffalo,Minnesota,Underdog,17.166666666666668,W,4.166666666666668,0.0,-5.0,-32.0,23.0,minus_5_to_15,MAC,Big Ten,G6,P4,G6_vs_P4,False,False,MAC,Big Ten,,,minus_25,15_to_25,True,5_to_15,dog_14_plus,opponent_has_rp_edge
2025,1,2025-08-29T01:00:00.000Z,401762791,Wisconsin,Miami (OH),Favorite,-18.0,L,-1.0,0.5,32.0,18.0,47.0,25_plus,Big Ten,MAC,P4,G6,P4_vs_G6,False,False,Big Ten,MAC,,,15_to_25,25_plus,True,25_plus,fav_14_plus,team_has_rp_edge
2025,1,2025-08-30T00:00:00.000Z,401754375,Georgia Tech,Colorado,Favorite,-3.6666666666666665,W,3.3333333333333335,0.0,14.0,9.0,21.0,5_to_15,ACC,Big 12,P4,P4,P4_vs_P4,False,False,ACC,Big 12,,,5_to_15,15_to_25,True,5_to_15,fav_3_7,team_has_rp_edge
2025,1,2025-08-30T16:00:00.000Z,401752803,Northwestern,Tulane,Underdog,6.0,L,-14.0,2.5,2.0,-9.0,14.0,neutral,Big Ten,American,P4,G6,P4_vs_G6,False,False,Big Ten,American,,,minus_5_to_15,5_to_15,True,neutral,dog_3_7,team_has_rp_edge
2025,1,2025-08-30T16:00:00.000Z,401752676,Tennessee,Syracuse,Favorite,-13.5,W,5.5,-1.0,8.0,-13.0,30.0,5_to_15,SEC,ACC,P4,P4,P4_vs_P4,False,False,SEC,ACC,,,minus_5_to_15,25_plus,True,5_to_15,fav_7_14,team_has_rp_edge
2025,1,2025-08-30T16:00:00.000Z,401752676,Syracuse,Tennessee,Underdog,13.5,L,-5.5,1.0,-8.0,-30.0,13.0,minus_5_to_15,ACC,SEC,P4,P4,P4_vs_P4,False,False,ACC,SEC,,,minus_25,5_to_15,True,5_to_15,dog_7_14,opponent_has_rp_edge
2025,1,2025-08-30T16:00:00.000Z,401752677,Texas,Ohio State,Underdog,2.1666666666666665,L,-4.833333333333334,1.0,-1.0,-16.0,14.0,neutral,SEC,Big Ten,P4,P4,P4_vs_P4,False,False,SEC,Big Ten,,,minus_15_to_25,5_to_15,True,neutral,pick_to_3,opponent_has_rp_edge
2025,1,2025-08-30T18:30:00.000Z,401752806,Indiana,Old Dominion,Favorite,-23.333333333333332,L,-10.333333333333332,-0.5,4.0,-7.0,14.0,neutral,Big Ten,Sun Belt,P4,G6,P4_vs_G6,False,False,Big Ten,Sun Belt,,,minus_5_to_15,5_to_15,True,neutral,fav_14_plus,team_has_rp_edge
2025,1,2025-08-30T23:30:00.000Z,401752808,Michigan,New Mexico,Favorite,-35.166666666666664,L,-18.166666666666664,0.0,37.0,38.0,35.0,25_plus,Big Ten,Mountain West,P4,G6,P4_vs_G6,False,False,Big Ten,Mountain West,,,25_plus,25_plus,True,25_plus,fav_14_plus,team_has_rp_edge
2025,1,2025-08-31T23:30:00.000Z,401754522,Notre Dame,Miami,Favorite,-2.6666666666666665,L,-5.666666666666666,0.5,2.0,-9.0,15.0,neutral,Independent,ACC,Independent,P4,Other,False,False,Independent,ACC,,,minus_5_to_15,15_to_25,True,neutral,pick_to_3,team_has_rp_edge
2025,2,2025-09-06T16:00:00.000Z,401757227,Liberty,Jacksonville State,Favorite,-6.25,L,-16.25,1.0,38.0,42.0,35.0,25_plus,Conference USA,Conference USA,G6,G6,G6_vs_G6,False,False,Conference USA,Conference USA,,,25_plus,25_plus,True,25_plus,fav_3_7,team_has_rp_edge
2025,2,2025-09-06T19:30:00.000Z,401752818,Rutgers,Miami (OH),Favorite,-15.5,W,12.5,2.0,39.0,31.0,47.0,25_plus,Big Ten,MAC,P4,G6,P4_vs_G6,False,False,Big Ten,MAC,,,25_plus,25_plus,True,25_plus,fav_14_plus,team_has_rp_edge
2025,2,2025-09-06T19:30:00.000Z,401756880,Cincinnati,Bowling Green,Favorite,-22.0,L,-8.0,4.5,30.0,35.0,26.0,25_plus,Big 12,MAC,P4,G6,P4_vs_G6,False,False,Big 12,MAC,,,25_plus,25_plus,True,25_plus,fav_14_plus,team_has_rp_edge
2025,2,2025-09-06T19:30:00.000Z,401756881,Delaware,Colorado,Underdog,23.5,L,-0.5,1.0,15.0,-1.0,32.0,15_to_25,Conference USA,Big 12,G6,P4,G6_vs_P4,False,False,,Big 12,,,neutral,25_plus,True,15_to_25,dog_14_plus,team_has_rp_edge
2025,2,2025-09-06T19:30:00.000Z,401762461,North Texas,Western Michigan,Favorite,-12.25,L,-9.25,2.0,16.0,-6.0,40.0,15_to_25,American,MAC,G6,G6,G6_vs_G6,False,False,American,MAC,,,minus_5_to_15,25_plus,True,15_to_25,fav_7_14,team_has_rp_edge
2025,2,2025-09-06T20:00:00.000Z,401756883,Ohio,West Virginia,Underdog,3.5,W,10.5,-0.5,13.0,0.0,24.0,5_to_15,MAC,Big 12,G6,P4,G6_vs_P4,False,False,MAC,Big 12,,,neutral,15_to_25,True,5_to_15,dog_3_7,team_has_rp_edge
2025,2,2025-09-06T23:00:00.000Z,401756884,Houston,Rice,Favorite,-13.5,W,12.5,1.0,26.0,18.0,32.0,25_plus,Big 12,American,P4,G6,P4_vs_G6,False,False,Big 12,American,,,15_to_25,25_plus,True,25_plus,fav_7_14,team_has_rp_edge
2025,2,2025-09-07T01:00:00.000Z,401757229,New Mexico State,Tulsa,Underdog,3.25,W,10.25,0.0,18.0,17.0,19.0,15_to_25,Conference USA,American,G6,G6,G6_vs_G6,False,False,Conference USA,American,,,15_to_25,15_to_25,True,15_to_25,pick_to_3,team_has_rp_edge
2025,2,2025-09-07T02:15:00.000Z,401752948,San Diego State,Washington State,Underdog,2.25,L,-20.75,-1.0,25.0,7.0,43.0,25_plus,,,,,,,,,,,,5_to_15,25_plus,True,25_plus,pick_to_3,team_has_rp_edge
2025,3,2025-09-12T23:30:00.000Z,401756893,Houston,Colorado,Favorite,-3.8333333333333335,W,12.166666666666666,-0.5,15.0,13.0,17.0,15_to_25,Big 12,Big 12,P4,P4,P4_vs_P4,False,False,Big 12,Big 12,,,5_to_15,15_to_25,True,15_to_25,fav_3_7,team_has_rp_edge
2025,3,2025-09-13T16:00:00.000Z,401761608,Troy,Memphis,Underdog,4.5,L,-16.5,,27.0,31.0,23.0,25_plus,Sun Belt,American,G6,G6,G6_vs_G6,False,False,Sun Belt,American,,,25_plus,15_to_25,True,25_plus,dog_3_7,team_has_rp_edge
2025,3,2025-09-13T16:00:00.000Z,401752831,Northwestern,Oregon,Underdog,25.5,W,5.5,3.0,15.0,8.0,21.0,15_to_25,Big Ten,Big Ten,P4,P4,P4_vs_P4,False,False,Big Ten,Big Ten,,,5_to_15,15_to_25,True,15_to_25,dog_14_plus,team_has_rp_edge
2025,3,2025-09-13T17:00:00.000Z,401752702,Missouri,Louisiana,Favorite,-27.5,W,14.5,5.0,19.0,3.0,35.0,15_to_25,SEC,Sun Belt,P4,G6,P4_vs_G6,False,False,SEC,Sun Belt,,,neutral,25_plus,True,15_to_25,fav_14_plus,team_has_rp_edge
2025,3,2025-09-13T19:30:00.000Z,401754638,Pittsburgh,West Virginia,Favorite,-6.833333333333333,L,-13.833333333333332,2.5,18.0,12.0,23.0,15_to_25,ACC,Big 12,P4,P4,P4_vs_P4,False,False,ACC,Big 12,,,5_to_15,15_to_25,True,15_to_25,fav_3_7,team_has_rp_edge
2025,3,2025-09-13T19:30:00.000Z,401752705,Tennessee,Georgia,Underdog,3.5,W,0.5,3.0,13.0,1.0,26.0,5_to_15,SEC,SEC,P4,P4,P4_vs_P4,False,False,SEC,SEC,,,neutral,25_plus,True,5_to_15,dog_3_7,team_has_rp_edge
2025,3,2025-09-13T19:30:00.000Z,401752949,North Texas,Washington State,Favorite,-6.5,W,42.5,1.0,26.0,17.0,35.0,25_plus,,,,,,,,,,,,15_to_25,25_plus,True,25_plus,fav_3_7,team_has_rp_edge
2025,3,2025-09-13T20:30:00.000Z,401754535,South Florida,Miami,Underdog,17.666666666666668,L,-19.333333333333332,-2.0,12.0,8.0,17.0,5_to_15,American,ACC,G6,P4,G6_vs_P4,False,False,American,ACC,,,5_to_15,15_to_25,True,5_to_15,dog_14_plus,team_has_rp_edge
2025,3,2025-09-13T21:00:00.000Z,401757256,Liberty,Bowling Green,Favorite,-6.0,L,-16.0,-1.0,28.0,31.0,27.0,25_plus,Conference USA,MAC,G6,G6,G6_vs_G6,False,False,Conference USA,MAC,,,25_plus,25_plus,True,25_plus,fav_3_7,team_has_rp_edge
2025,3,2025-09-13T23:00:00.000Z,401752827,Ohio,Ohio State,Underdog,28.333333333333332,W,0.3333333333333321,-3.0,13.0,10.0,15.0,5_to_15,MAC,Big Ten,G6,P4,G6_vs_P4,False,False,MAC,Big Ten,,,5_to_15,15_to_25,True,5_to_15,dog_14_plus,team_has_rp_edge
2025,3,2025-09-13T23:00:00.000Z,401752829,Illinois,Western Michigan,Favorite,-27.5,W,10.5,-1.0,39.0,29.0,51.0,25_plus,Big Ten,MAC,P4,G6,P4_vs_G6,False,False,Big Ten,MAC,,,25_plus,25_plus,True,25_plus,fav_14_plus,team_has_rp_edge
2025,3,2025-09-13T23:30:00.000Z,401757257,New Mexico State,Louisiana Tech,Underdog,10.166666666666666,L,-24.833333333333336,2.0,17.0,24.0,11.0,15_to_25,Conference USA,Conference USA,G6,G6,G6_vs_G6,False,False,Conference USA,Conference USA,,,15_to_25,5_to_15,True,15_to_25,dog_7_14,team_has_rp_edge
2025,3,2025-09-13T23:30:00.000Z,401752707,Texas A&M,Notre Dame,Underdog,6.833333333333333,W,7.833333333333333,0.0,14.0,4.0,24.0,5_to_15,SEC,Independent,P4,Independent,Other,False,False,SEC,Independent,,,neutral,15_to_25,True,5_to_15,dog_3_7,team_has_rp_edge
2025,4,2025-09-20T16:00:00.000Z,401762469,Army,North Texas,Underdog,2.5,L,-4.5,-1.5,-2.0,-30.0,24.0,neutral,American,American,G6,G6,G6_vs_G6,False,False,American,American,,,minus_25,15_to_25,True,neutral,pick_to_3,opponent_has_rp_edge
2025,4,2025-09-20T16:00:00.000Z,401762469,North Texas,Army,Favorite,-2.5,W,4.5,1.5,2.0,-24.0,30.0,neutral,American,American,G6,G6,G6_vs_G6,False,False,American,American,,,minus_15_to_25,25_plus,True,neutral,pick_to_3,team_has_rp_edge
2025,4,2025-09-20T16:00:00.000Z,401754537,Clemson,Syracuse,Favorite,-17.5,L,-30.5,1.0,31.0,24.0,38.0,25_plus,ACC,ACC,P4,P4,P4_vs_P4,False,False,ACC,ACC,,,15_to_25,25_plus,True,25_plus,fav_14_plus,team_has_rp_edge
2025,4,2025-09-20T16:00:00.000Z,401752845,Wisconsin,Maryland,Favorite,-10.5,L,-27.5,4.0,13.0,13.0,14.0,5_to_15,Big Ten,Big Ten,P4,P4,P4_vs_P4,False,False,Big Ten,Big Ten,,,5_to_15,5_to_15,True,5_to_15,fav_7_14,team_has_rp_edge
2025,4,2025-09-20T16:45:00.000Z,401752715,Tennessee,UAB,Favorite,-39.0,L,-7.0,1.0,19.0,9.0,29.0,15_to_25,SEC,American,P4,G6,P4_vs_G6,False,False,SEC,American,,,5_to_15,25_plus,True,15_to_25,fav_14_plus,team_has_rp_edge
2025,4,2025-09-20T19:00:00.000Z,401752841,Oregon State,Oregon,Underdog,34.0,P,0.0,0.0,19.0,11.0,25.0,15_to_25,,,,,,,,,,,,5_to_15,25_plus,True,15_to_25,dog_14_plus,team_has_rp_edge
2025,4,2025-09-20T19:30:00.000Z,401752848,Notre Dame,Purdue,Favorite,-24.5,W,1.5,-2.0,25.0,12.0,39.0,25_plus,Independent,Big Ten,Independent,P4,Other,False,False,Independent,Big Ten,,,5_to_15,25_plus,True,25_plus,fav_14_plus,team_has_rp_edge
2025,4,2025-09-20T19:30:00.000Z,401761613,Troy,Buffalo,Underdog,5.833333333333333,W,9.833333333333332,0.0,9.0,-9.0,27.0,5_to_15,Sun Belt,MAC,G6,G6,G6_vs_G6,False,False,Sun Belt,MAC,,,minus_5_to_15,25_plus,True,5_to_15,dog_3_7,team_has_rp_edge
2025,4,2025-09-20T19:30:00.000Z,401752711,Tulane,Ole Miss,Underdog,12.166666666666666,L,-22.833333333333336,1.0,14.0,3.0,24.0,5_to_15,American,SEC,G6,P4,G6_vs_P4,False,False,American,SEC,,,neutral,15_to_25,True,5_to_15,dog_7_14,team_has_rp_edge
2025,4,2025-09-20T23:30:00.000Z,401752709,Florida,Miami,Underdog,8.5,L,-10.5,1.0,11.0,8.0,14.0,5_to_15,SEC,ACC,P4,P4,P4_vs_P4,False,False,SEC,ACC,,,5_to_15,5_to_15,True,5_to_15,dog_7_14,team_has_rp_edge
2023,1,2023-08-26T23:30:00.000Z,401520147,Vanderbilt,Hawai'i,Favorite,-17.625,L,-10.625,,18.0,24.0,11.0,15_to_25,SEC,Mountain West,P4,G6,P4_vs_G6,False,False,SEC,Mountain West,,,15_to_25,5_to_15,True,15_to_25,fav_14_plus,team_has_rp_edge
2023,1,2023-09-01T00:00:00.000Z,401520176,Utah,Florida,Favorite,-6.3,W,6.7,,22.0,30.0,14.0,15_to_25,,,,,,,,,,,,25_plus,5_to_15,True,15_to_25,fav_3_7,team_has_rp_edge
2023,1,2023-09-01T00:00:00.000Z,401520148,Nebraska,Minnesota,Underdog,7.3,W,4.3,,11.0,15.0,7.0,5_to_15,Big Ten,Big Ten,P4,P4,P4_vs_P4,False,False,Big Ten,Big Ten,,,15_to_25,5_to_15,True,5_to_15,dog_3_7,team_has_rp_edge
2023,1,2023-09-01T23:30:00.000Z,401525462,Georgia Tech,Louisville,Underdog,7.6,W,2.5999999999999996,,11.0,19.0,5.0,5_to_15,ACC,ACC,P4,P4,P4_vs_P4,False,False,ACC,ACC,,,15_to_25,5_to_15,True,5_to_15,dog_7_14,team_has_rp_edge
2023,1,2023-09-02T03:00:00.000Z,401523988,Hawai'i,Stanford,Underdog,3.625,L,-9.375,,12.0,9.0,15.0,5_to_15,,,,,,,,,,,,5_to_15,15_to_25,True,5_to_15,dog_3_7,team_has_rp_edge
2023,1,2023-09-02T16:00:00.000Z,401520172,Louisiana Tech,SMU,Underdog,20.125,L,-3.875,,20.0,14.0,25.0,15_to_25,Conference USA,American,G6,G6,G6_vs_G6,False,False,Conference USA,American,,,5_to_15,25_plus,True,15_to_25,dog_14_plus,team_has_rp_edge
2023,1,2023-09-02T16:00:00.000Z,401520162,Michigan,East Carolina,Favorite,-35.4,L,-8.399999999999999,,47.0,45.0,48.0,25_plus,Big Ten,American,P4,G6,P4_vs_G6,False,False,Big Ten,American,,,25_plus,25_plus,True,25_plus,fav_14_plus,team_has_rp_edge
2023,1,2023-09-02T16:00:00.000Z,401520179,Tennessee,Virginia,Favorite,-27.7,W,8.3,,11.0,-7.0,29.0,5_to_15,SEC,ACC,P4,P4,P4_vs_P4,False,False,SEC,ACC,,,minus_5_to_15,25_plus,True,5_to_15,fav_14_plus,team_has_rp_edge
2023,1,2023-09-02T18:00:00.000Z,401531387,Temple,Akron,Favorite,-9.875,L,-6.875,,14.0,31.0,-2.0,5_to_15,American,MAC,G6,G6,G6_vs_G6,False,False,American,MAC,,,25_plus,neutral,True,5_to_15,fav_7_14,team_has_rp_edge
2023,1,2023-09-02T19:30:00.000Z,401520180,Wisconsin,Buffalo,Favorite,-27.0,L,-6.0,,19.0,26.0,11.0,15_to_25,Big Ten,MAC,P4,G6,P4_vs_G6,False,False,Big Ten,MAC,,,25_plus,5_to_15,True,15_to_25,fav_14_plus,team_has_rp_edge
2023,1,2023-09-02T22:30:00.000Z,401523996,USC,Nevada,Favorite,-37.875,W,14.125,,23.0,21.0,25.0,15_to_25,,,,,,,,,,,,15_to_25,25_plus,True,15_to_25,fav_14_plus,team_has_rp_edge
2023,1,2023-09-02T23:00:00.000Z,401520175,Army,UL Monroe,Favorite,-8.375,L,-12.375,,12.0,-2.0,25.0,5_to_15,Independent,Sun Belt,Independent,G6,Other,False,False,Independent,Sun Belt,,,neutral,25_plus,True,5_to_15,fav_7_14,team_has_rp_edge
2023,1,2023-09-02T23:00:00.000Z,401520173,Texas A&M,New Mexico,Favorite,-37.875,W,4.125,,16.0,33.0,-1.0,15_to_25,SEC,Mountain West,P4,G6,P4_vs_G6,False,False,SEC,Mountain West,,,25_plus,neutral,True,15_to_25,fav_14_plus,team_has_rp_edge
2023,1,2023-09-02T23:30:00.000Z,401520149,Middle Tennessee,Alabama,Underdog,39.375,L,-9.625,,29.0,14.0,43.0,25_plus,Conference USA,SEC,G6,P4,G6_vs_P4,False,False,Conference USA,SEC,,,5_to_15,25_plus,True,25_plus,dog_14_plus,team_has_rp_edge
2023,1,2023-09-02T23:30:00.000Z,401525825,Wyoming,Texas Tech,Underdog,13.6,W,15.6,,19.0,30.0,9.0,15_to_25,Mountain West,Big 12,G6,P4,G6_vs_P4,False,False,Mountain West,Big 12,,,25_plus,5_to_15,True,15_to_25,dog_7_14,team_has_rp_edge
2023,1,2023-09-02T23:30:00.000Z,401520155,Toledo,Illinois,Underdog,8.6,W,6.6,,14.0,20.0,8.0,5_to_15,MAC,Big Ten,G6,P4,G6_vs_P4,False,False,MAC,Big Ten,,,15_to_25,5_to_15,True,5_to_15,dog_7_14,team_has_rp_edge
2023,1,2023-09-03T00:00:00.000Z,401525467,Virginia Tech,Old Dominion,Favorite,-15.75,W,3.25,,12.0,27.0,-4.0,5_to_15,ACC,Sun Belt,P4,G6,P4_vs_G6,False,False,ACC,Sun Belt,,,25_plus,neutral,True,5_to_15,fav_14_plus,team_has_rp_edge
2023,1,2023-09-03T16:00:00.000Z,401520171,Rutgers,Northwestern,Favorite,-6.1,W,10.9,,17.0,7.0,26.0,15_to_25,Big Ten,Big Ten,P4,P4,P4_vs_P4,False,False,Big Ten,Big Ten,,,5_to_15,25_plus,True,15_to_25,fav_3_7,team_has_rp_edge
2023,1,2023-09-03T23:30:00.000Z,401520182,Florida State,LSU,Underdog,2.2,W,23.2,,16.0,20.0,13.0,15_to_25,ACC,SEC,P4,P4,P4_vs_P4,False,False,ACC,SEC,,,15_to_25,5_to_15,True,15_to_25,pick_to_3,team_has_rp_edge
2023,2,2023-09-08T23:30:00.000Z,401520195,Kansas,Illinois,Favorite,-3.6666666666666665,W,7.333333333333334,,22.0,29.0,16.0,15_to_25,Big 12,Big Ten,P4,P4,P4_vs_P4,False,False,Big 12,Big Ten,,,25_plus,15_to_25,True,15_to_25,fav_3_7,team_has_rp_edge
2023,2,2023-09-09T15:00:00.000Z,401520216,Vanderbilt,Wake Forest,Underdog,9.666666666666666,L,-6.333333333333334,,13.0,14.0,10.0,5_to_15,SEC,ACC,P4,P4,P4_vs_P4,False,False,SEC,ACC,,,5_to_15,5_to_15,True,5_to_15,dog_7_14,team_has_rp_edge
2023,2,2023-09-09T16:00:00.000Z,401523999,Utah,Baylor,Favorite,-7.0,P,0.0,,21.0,32.0,9.0,15_to_25,,,,,,,,,,,,25_plus,5_to_15,True,15_to_25,fav_3_7,team_has_rp_edge
2023,2,2023-09-09T16:00:00.000Z,401525498,James Madison,Virginia,Favorite,-6.0,L,-5.0,,18.0,-4.0,41.0,15_to_25,Sun Belt,ACC,G6,P4,G6_vs_P4,False,False,Sun Belt,ACC,,,neutral,25_plus,True,15_to_25,fav_3_7,team_has_rp_edge
2023,2,2023-09-09T16:00:00.000Z,401520188,Nebraska,Colorado,Underdog,2.8333333333333335,L,-19.166666666666668,,12.0,15.0,9.0,5_to_15,,,,,,,,,,,,15_to_25,5_to_15,True,5_to_15,pick_to_3,team_has_rp_edge
2023,2,2023-09-09T19:30:00.000Z,401520201,Texas A&M,Miami,Favorite,-2.8333333333333335,L,-17.833333333333332,,10.0,5.0,15.0,5_to_15,SEC,ACC,P4,P4,P4_vs_P4,False,False,SEC,ACC,,,5_to_15,15_to_25,True,5_to_15,pick_to_3,team_has_rp_edge
2023,2,2023-09-09T19:30:00.000Z,401525497,Syracuse,Western Michigan,Favorite,-24.666666666666668,W,16.333333333333332,,24.0,42.0,5.0,15_to_25,ACC,MAC,P4,G6,P4_vs_G6,False,False,ACC,MAC,,,25_plus,5_to_15,True,15_to_25,fav_14_plus,team_has_rp_edge
2023,2,2023-09-09T19:30:00.000Z,401520202,Michigan,UNLV,Favorite,-37.833333333333336,L,-9.833333333333336,,12.0,18.0,7.0,5_to_15,Big Ten,Mountain West,P4,G6,P4_vs_G6,False,False,Big Ten,Mountain West,,,15_to_25,5_to_15,True,5_to_15,fav_14_plus,team_has_rp_edge
2023,2,2023-09-09T20:00:00.000Z,401531411,Marshall,East Carolina,Favorite,-2.8333333333333335,W,15.166666666666666,,27.0,26.0,28.0,25_plus,Sun Belt,American,G6,G6,G6_vs_G6,False,False,Sun Belt,American,,,25_plus,25_plus,True,25_plus,pick_to_3,team_has_rp_edge
2023,2,2023-09-09T21:00:00.000Z,401524004,Washington,Tulsa,Favorite,-33.666666666666664,L,-0.6666666666666643,,33.0,36.0,32.0,25_plus,,,,,,,,,,,,25_plus,25_plus,True,25_plus,fav_14_plus,team_has_rp_edge
2023,2,2023-09-09T22:00:00.000Z,401525830,Oklahoma,SMU,Favorite,-16.333333333333332,W,0.6666666666666679,0.5,10.0,14.0,7.0,5_to_15,Big 12,American,P4,G6,P4_vs_G6,False,False,Big 12,American,,,5_to_15,5_to_15,True,5_to_15,fav_14_plus,team_has_rp_edge
2023,2,2023-09-09T23:00:00.000Z,401525831,Rice,Houston,Underdog,7.166666666666667,W,9.166666666666668,,13.0,29.0,-3.0,5_to_15,American,Big 12,G6,P4,G6_vs_P4,True,True,Conference USA,American,0.0,0.0,25_plus,neutral,True,5_to_15,dog_3_7,team_has_rp_edge
2023,2,2023-09-09T23:00:00.000Z,401520183,Texas,Alabama,Underdog,7.166666666666667,W,17.166666666666668,,34.0,47.0,20.0,25_plus,Big 12,SEC,P4,P4,P4_vs_P4,False,False,Big 12,SEC,,,25_plus,15_to_25,True,25_plus,dog_3_7,team_has_rp_edge
2023,2,2023-09-09T23:30:00.000Z,401520200,Maryland,Charlotte,Favorite,-24.5,L,-6.5,,14.0,16.0,11.0,5_to_15,Big Ten,American,P4,G6,P4_vs_G6,False,True,Big Ten,Conference USA,,0.0,15_to_25,5_to_15,True,5_to_15,fav_14_plus,team_has_rp_edge
2023,2,2023-09-09T23:30:00.000Z,401520217,Wisconsin,Washington State,Favorite,-5.333333333333333,L,-14.333333333333332,,10.0,25.0,-5.0,5_to_15,,,,,,,,,,,,25_plus,minus_5_to_15,True,5_to_15,fav_3_7,team_has_rp_edge
2023,2,2023-09-10T00:00:00.000Z,401520211,Sam Houston,Air Force,Underdog,13.166666666666666,W,3.166666666666666,,12.0,-2.0,28.0,5_to_15,Conference USA,Mountain West,G6,G6,G6_vs_G6,False,False,,Mountain West,,,neutral,25_plus,True,5_to_15,dog_7_14,team_has_rp_edge
2023,2,2023-09-10T00:30:00.000Z,401525493,Florida State,Southern Miss,Favorite,-31.0,W,22.0,,27.0,27.0,26.0,25_plus,ACC,Sun Belt,P4,G6,P4_vs_G6,False,False,ACC,Sun Belt,,,25_plus,25_plus,True,25_plus,fav_14_plus,team_has_rp_edge
2023,2,2023-09-10T02:30:00.000Z,401524003,USC,Stanford,Favorite,-28.666666666666668,W,17.333333333333332,,41.0,39.0,44.0,25_plus,,,,,,,,,,,,25_plus,25_plus,True,25_plus,fav_14_plus,team_has_rp_edge
2023,3,2023-09-14T23:30:00.000Z,401531428,Navy,Memphis,Underdog,12.25,W,8.25,,12.0,17.0,7.0,5_to_15,American,American,G6,G6,G6_vs_G6,False,False,American,American,,,15_to_25,5_to_15,True,5_to_15,dog_7_14,team_has_rp_edge
2023,3,2023-09-15T23:00:00.000Z,401531396,Army,UTSA,Underdog,7.0,W,15.0,,12.0,16.0,8.0,5_to_15,Independent,American,Independent,G6,Other,False,True,Independent,Conference USA,,0.0,15_to_25,5_to_15,True,5_to_15,dog_3_7,team_has_rp_edge
2023,3,2023-09-15T23:00:00.000Z,401520231,Maryland,Virginia,Favorite,-16.25,W,11.75,,12.0,0.0,23.0,5_to_15,Big Ten,ACC,P4,P4,P4_vs_P4,False,False,Big Ten,ACC,,,neutral,15_to_25,True,5_to_15,fav_14_plus,team_has_rp_edge
2023,3,2023-09-16T16:00:00.000Z,401520230,Indiana,Louisville,Underdog,10.0,W,3.0,,13.0,15.0,11.0,5_to_15,Big Ten,ACC,P4,P4,P4_vs_P4,False,False,Big Ten,ACC,,,15_to_25,5_to_15,True,5_to_15,dog_7_14,team_has_rp_edge
2023,3,2023-09-16T19:30:00.000Z,401520223,Duke,Northwestern,Favorite,-17.0,W,7.0,,15.0,16.0,14.0,15_to_25,ACC,Big Ten,P4,P4,P4_vs_P4,False,False,ACC,Big Ten,,,15_to_25,5_to_15,True,15_to_25,fav_14_plus,team_has_rp_edge
2023,3,2023-09-16T19:30:00.000Z,401520239,North Carolina,Minnesota,Favorite,-6.666666666666667,W,11.333333333333332,,10.0,12.0,9.0,5_to_15,ACC,Big Ten,P4,P4,P4_vs_P4,False,False,ACC,Big Ten,,,5_to_15,5_to_15,True,5_to_15,fav_3_7,team_has_rp_edge
2023,3,2023-09-16T19:30:00.000Z,401525842,Oklahoma,Tulsa,Favorite,-28.0,W,21.0,,22.0,24.0,22.0,15_to_25,Big 12,American,P4,G6,P4_vs_G6,False,False,Big 12,American,,,15_to_25,15_to_25,True,15_to_25,fav_14_plus,team_has_rp_edge
2023,3,2023-09-16T19:30:00.000Z,401520244,South Florida,Alabama,Underdog,34.25,W,20.25,,16.0,8.0,24.0,15_to_25,American,SEC,G6,P4,G6_vs_P4,False,False,American,SEC,,,5_to_15,15_to_25,True,15_to_25,dog_14_plus,team_has_rp_edge
2023,3,2023-09-16T20:00:00.000Z,401531348,Tulane,Southern Miss,Favorite,-7.75,W,10.25,,11.0,20.0,0.0,5_to_15,American,Sun Belt,G6,G6,G6_vs_G6,False,False,American,Sun Belt,,,15_to_25,neutral,True,5_to_15,fav_7_14,team_has_rp_edge
2023,3,2023-09-16T20:00:00.000Z,401520245,Texas A&M,UL Monroe,Favorite,-36.5,W,7.5,,28.0,16.0,38.0,25_plus,SEC,Sun Belt,P4,G6,P4_vs_G6,False,False,SEC,Sun Belt,,,15_to_25,25_plus,True,25_plus,fav_14_plus,team_has_rp_edge
2023,3,2023-09-16T20:00:00.000Z,401520240,Ohio State,Western Kentucky,Favorite,-29.5,W,23.5,,12.0,16.0,9.0,5_to_15,Big Ten,Conference USA,P4,G6,P4_vs_G6,False,False,Big Ten,Conference USA,,,15_to_25,5_to_15,True,5_to_15,fav_14_plus,team_has_rp_edge
2023,3,2023-09-16T23:00:00.000Z,401525835,Miami (OH),Cincinnati,Underdog,14.25,W,21.25,,23.0,12.0,34.0,15_to_25,MAC,Big 12,G6,P4,G6_vs_P4,False,True,MAC,American,,0.0,5_to_15,25_plus,True,15_to_25,dog_7_14,team_has_rp_edge
2023,3,2023-09-16T23:00:00.000Z,401531848,James Madison,Troy,Underdog,2.8333333333333335,W,4.833333333333334,,10.0,5.0,17.0,5_to_15,Sun Belt,Sun Belt,G6,G6,G6_vs_G6,False,False,Sun Belt,Sun Belt,,,5_to_15,15_to_25,True,5_to_15,pick_to_3,team_has_rp_edge
2023,3,2023-09-16T23:00:00.000Z,401531379,Louisiana,UAB,Underdog,2.0,W,22.0,,27.0,36.0,18.0,25_plus,Sun Belt,American,G6,G6,G6_vs_G6,False,True,Sun Belt,Conference USA,,0.0,25_plus,15_to_25,True,25_plus,pick_to_3,team_has_rp_edge
2023,3,2023-09-16T23:30:00.000Z,401525503,West Virginia,Pittsburgh,Favorite,-1.0,W,10.0,,13.0,11.0,16.0,5_to_15,Big 12,ACC,P4,P4,P4_vs_P4,False,False,Big 12,ACC,,,5_to_15,15_to_25,True,5_to_15,pick_to_3,team_has_rp_edge
2023,3,2023-09-16T23:30:00.000Z,401520232,Michigan,Bowling Green,Favorite,-40.75,L,-15.75,,22.0,30.0,15.0,15_to_25,Big Ten,MAC,P4,G6,P4_vs_G6,False,False,Big Ten,MAC,,,25_plus,15_to_25,True,15_to_25,fav_14_plus,team_has_rp_edge
2023,3,2023-09-17T00:00:00.000Z,401524008,Oregon,Hawai'i,Favorite,-38.25,W,6.75,,18.0,16.0,20.0,15_to_25,,,,,,,,,,,,15_to_25,15_to_25,True,15_to_25,fav_14_plus,team_has_rp_edge
2023,3,2023-09-17T02:30:00.000Z,401525837,Kansas,Nevada,Favorite,-28.5,L,-21.5,,32.0,37.0,27.0,25_plus,Big 12,Mountain West,P4,G6,P4_vs_G6,False,False,Big 12,Mountain West,,,25_plus,25_plus,True,25_plus,fav_14_plus,team_has_rp_edge
2023,4,2023-09-23T02:30:00.000Z,401532583,Boise State,San Diego State,Favorite,-5.833333333333333,L,-2.833333333333333,,11.0,38.0,-16.0,5_to_15,Mountain West,Mountain West,G6,G6,G6_vs_G6,False,False,Mountain West,Mountain West,,,25_plus,minus_15_to_25,True,5_to_15,fav_3_7,team_has_rp_edge
2023,4,2023-09-23T16:00:00.000Z,401525845,Oklahoma,Cincinnati,Favorite,-13.666666666666666,W,0.3333333333333339,,16.0,13.0,21.0,15_to_25,Big 12,Big 12,P4,P4,P4_vs_P4,False,True,Big 12,American,,0.0,5_to_15,15_to_25,True,15_to_25,fav_7_14,team_has_rp_edge
2023,4,2023-09-23T16:00:00.000Z,401525507,Florida State,Clemson,Favorite,-2.0,W,5.0,,18.0,5.0,30.0,15_to_25,ACC,ACC,P4,P4,P4_vs_P4,False,False,ACC,ACC,,,5_to_15,25_plus,True,15_to_25,pick_to_3,team_has_rp_edge
2023,4,2023-09-23T17:30:00.000Z,401532406,Toledo,Western Michigan,Favorite,-21.5,L,-3.5,,28.0,51.0,5.0,25_plus,MAC,MAC,G6,G6,G6_vs_G6,False,False,MAC,MAC,,,25_plus,5_to_15,True,25_plus,fav_14_plus,team_has_rp_edge
2023,4,2023-09-23T19:30:00.000Z,401525506,Boston College,Louisville,Underdog,13.833333333333334,L,-14.166666666666666,,22.0,28.0,18.0,15_to_25,ACC,ACC,P4,P4,P4_vs_P4,False,False,ACC,ACC,,,25_plus,15_to_25,True,15_to_25,dog_7_14,team_has_rp_edge
2023,4,2023-09-23T19:30:00.000Z,401520250,Ole Miss,Alabama,Underdog,7.0,L,-7.0,,31.0,42.0,19.0,25_plus,SEC,SEC,P4,P4,P4_vs_P4,False,False,SEC,SEC,,,25_plus,15_to_25,True,25_plus,dog_3_7,team_has_rp_edge
2023,4,2023-09-23T19:30:00.000Z,401525847,Kansas,BYU,Favorite,-9.333333333333334,W,1.666666666666666,,22.0,26.0,18.0,15_to_25,Big 12,Big 12,P4,P4,P4_vs_P4,False,True,Big 12,Independent,,0.0,25_plus,15_to_25,True,15_to_25,fav_7_14,team_has_rp_edge
2023,4,2023-09-23T19:30:00.000Z,401524017,Utah,UCLA,Favorite,-3.8333333333333335,W,3.1666666666666665,,12.0,8.0,15.0,5_to_15,,,,,,,,,,,,5_to_15,15_to_25,True,5_to_15,fav_3_7,team_has_rp_edge
2023,4,2023-09-23T20:00:00.000Z,401520269,Tennessee,UTSA,Favorite,-23.333333333333332,W,7.666666666666668,,11.0,9.0,13.0,5_to_15,SEC,American,P4,G6,P4_vs_G6,False,True,SEC,Conference USA,,0.0,5_to_15,5_to_15,True,5_to_15,fav_14_plus,team_has_rp_edge
2023,4,2023-09-23T20:00:00.000Z,401531423,Rice,South Florida,Favorite,-2.5,L,-15.5,,17.0,5.0,28.0,15_to_25,American,American,G6,G6,G6_vs_G6,True,False,Conference USA,American,0.0,,5_to_15,25_plus,True,15_to_25,pick_to_3,team_has_rp_edge
2023,4,2023-09-23T21:00:00.000Z,401531876,South Alabama,Central Michigan,Favorite,-16.166666666666668,L,-20.166666666666668,,11.0,-9.0,31.0,5_to_15,Sun Belt,MAC,G6,G6,G6_vs_G6,False,False,Sun Belt,MAC,,,minus_5_to_15,25_plus,True,5_to_15,fav_14_plus,team_has_rp_edge
2023,4,2023-09-23T22:30:00.000Z,401525508,Georgia Tech,Wake Forest,Underdog,3.6666666666666665,W,17.666666666666668,,15.0,10.0,20.0,15_to_25,ACC,ACC,P4,P4,P4_vs_P4,False,False,ACC,ACC,,,5_to_15,15_to_25,True,15_to_25,dog_3_7,team_has_rp_edge
2023,4,2023-09-23T23:00:00.000Z,401524016,Arizona,Stanford,Favorite,-12.833333333333334,L,-11.833333333333334,,22.0,36.0,8.0,15_to_25,,,,,,,,,,,,25_plus,5_to_15,True,15_to_25,fav_7_14,team_has_rp_edge
2023,4,2023-09-23T23:00:00.000Z,401520254,Sam Houston,Houston,Underdog,11.5,L,-19.5,,11.0,25.0,-2.0,5_to_15,Conference USA,Big 12,G6,P4,G6_vs_P4,False,True,,American,,0.0,25_plus,neutral,True,5_to_15,dog_7_14,team_has_rp_edge
2023,4,2023-09-23T23:00:00.000Z,401520258,LSU,Arkansas,Favorite,-17.666666666666668,L,-14.666666666666668,,17.0,30.0,2.0,15_to_25,SEC,SEC,P4,P4,P4_vs_P4,False,False,SEC,SEC,,,25_plus,neutral,True,15_to_25,fav_14_plus,team_has_rp_edge
2023,4,2023-09-23T23:30:00.000Z,401520259,Missouri,Memphis,Favorite,-6.5,W,0.5,,15.0,18.0,13.0,15_to_25,SEC,American,P4,G6,P4_vs_G6,False,False,SEC,American,,,15_to_25,5_to_15,True,15_to_25,fav_3_7,team_has_rp_edge
2023,4,2023-09-23T23:30:00.000Z,401520252,Georgia,UAB,Favorite,-40.833333333333336,L,-12.833333333333336,,22.0,10.0,34.0,15_to_25,SEC,American,P4,G6,P4_vs_G6,False,True,SEC,Conference USA,,0.0,5_to_15,25_plus,True,15_to_25,fav_14_plus,team_has_rp_edge
2023,4,2023-09-23T23:30:00.000Z,401531875,Louisiana,Buffalo,Favorite,-10.333333333333334,L,-3.333333333333334,,13.0,29.0,-3.0,5_to_15,Sun Belt,MAC,G6,G6,G6_vs_G6,False,False,Sun Belt,MAC,,,25_plus,neutral,True,5_to_15,fav_7_14,team_has_rp_edge
2023,4,2023-09-23T23:30:00.000Z,401525844,Texas,Baylor,Favorite,-16.5,W,15.5,,19.0,34.0,3.0,15_to_25,Big 12,Big 12,P4,P4,P4_vs_P4,False,False,Big 12,Big 12,,,25_plus,neutral,True,15_to_25,fav_14_plus,team_has_rp_edge
2023,4,2023-09-24T00:00:00.000Z,401525510,North Carolina,Pittsburgh,Favorite,-7.166666666666667,W,9.833333333333332,,17.0,20.0,16.0,15_to_25,ACC,ACC,P4,P4,P4_vs_P4,False,False,ACC,ACC,,,15_to_25,15_to_25,True,15_to_25,fav_3_7,team_has_rp_edge
2023,4,2023-09-24T03:59:00.000Z,401520253,New Mexico State,Hawai'i,Underdog,3.6666666666666665,W,0.6666666666666665,,17.0,28.0,6.0,15_to_25,Conference USA,Mountain West,G6,G6,G6_vs_G6,True,False,Independent,Mountain West,0.0,,25_plus,5_to_15,True,15_to_25,dog_3_7,team_has_rp_edge
2024,1,2024-08-30T00:00:00.000Z,401640998,Jacksonville State,Coastal Carolina,Favorite,-3.5,L,-31.5,,24.0,15.0,33.0,15_to_25,Conference USA,Sun Belt,G6,G6,G6_vs_G6,False,False,Conference USA,Sun Belt,,,15_to_25,25_plus,True,15_to_25,fav_3_7,team_has_rp_edge
2024,1,2024-08-30T00:00:00.000Z,401628448,Minnesota,North Carolina,Underdog,0.3333333333333333,L,-1.6666666666666667,,34.0,32.0,37.0,25_plus,Big Ten,ACC,P4,P4,P4_vs_P4,False,False,Big Ten,ACC,,,25_plus,25_plus,True,25_plus,pick_to_3,team_has_rp_edge
2024,1,2024-08-31T16:00:00.000Z,401628451,UConn,Maryland,Underdog,19.333333333333332,L,-23.666666666666668,,10.0,3.0,17.0,5_to_15,Independent,Big Ten,Independent,P4,Other,False,False,Independent,Big Ten,,,neutral,15_to_25,True,5_to_15,dog_14_plus,team_has_rp_edge
2024,1,2024-08-31T16:00:00.000Z,401628333,Virginia Tech,Vanderbilt,Favorite,-13.333333333333334,L,-20.333333333333336,,26.0,30.0,23.0,25_plus,ACC,SEC,P4,P4,P4_vs_P4,False,False,ACC,SEC,,,25_plus,15_to_25,True,25_plus,fav_7_14,team_has_rp_edge
2024,1,2024-08-31T19:30:00.000Z,401628454,Nebraska,UTEP,Favorite,-27.5,W,5.5,0.5,32.0,28.0,36.0,25_plus,Big Ten,Conference USA,P4,G6,P4_vs_G6,False,False,Big Ten,Conference USA,,,25_plus,25_plus,True,25_plus,fav_14_plus,team_has_rp_edge
2024,1,2024-08-31T19:30:00.000Z,401634304,Syracuse,Ohio,Favorite,-17.333333333333332,L,-1.333333333333332,,47.0,48.0,45.0,25_plus,ACC,MAC,P4,G6,P4_vs_G6,False,False,ACC,MAC,,,25_plus,25_plus,True,25_plus,fav_14_plus,team_has_rp_edge
2024,1,2024-08-31T21:00:00.000Z,401643775,North Texas,South Alabama,Underdog,5.833333333333333,W,19.833333333333332,,13.0,-2.0,27.0,5_to_15,American,Sun Belt,G6,G6,G6_vs_G6,False,False,American,Sun Belt,,,neutral,25_plus,True,5_to_15,dog_3_7,team_has_rp_edge
2024,1,2024-08-31T23:00:00.000Z,401643701,Nevada,Troy,Underdog,10.166666666666666,W,12.166666666666666,,23.0,33.0,13.0,15_to_25,Mountain West,Sun Belt,G6,G6,G6_vs_G6,False,False,Mountain West,Sun Belt,,,25_plus,5_to_15,True,15_to_25,dog_7_14,team_has_rp_edge
2024,1,2024-08-31T23:00:00.000Z,401628319,Western Kentucky,Alabama,Underdog,34.166666666666664,L,-28.833333333333336,,17.0,26.0,8.0,15_to_25,Conference USA,SEC,G6,P4,G6_vs_P4,False,False,Conference USA,SEC,,,25_plus,5_to_15,True,15_to_25,dog_14_plus,team_has_rp_edge
2024,1,2024-08-31T23:30:00.000Z,401628332,Texas A&M,Notre Dame,Favorite,-2.6666666666666665,L,-12.666666666666666,,12.0,17.0,6.0,5_to_15,SEC,Independent,P4,Independent,Other,False,False,SEC,Independent,,,15_to_25,5_to_15,True,5_to_15,pick_to_3,team_has_rp_edge
2024,1,2024-09-01T00:00:00.000Z,401643774,Charlotte,James Madison,Underdog,7.0,L,-16.0,1.5,22.0,27.0,17.0,15_to_25,American,Sun Belt,G6,G6,G6_vs_G6,False,False,American,Sun Belt,,,25_plus,15_to_25,True,15_to_25,dog_3_7,team_has_rp_edge
2024,1,2024-09-01T02:30:00.000Z,401636608,Arizona,New Mexico,Favorite,-29.166666666666668,L,-7.166666666666668,,26.0,16.0,36.0,25_plus,Big 12,Mountain West,P4,G6,P4_vs_G6,True,False,Pac-12,Mountain West,0.0,,15_to_25,25_plus,True,25_plus,fav_14_plus,team_has_rp_edge
2024,1,2024-09-01T23:30:00.000Z,401628334,LSU,USC,Favorite,-3.8333333333333335,L,-10.833333333333334,-0.5,13.0,6.0,20.0,5_to_15,SEC,Big Ten,P4,P4,P4_vs_P4,False,True,SEC,Pac-12,,0.0,5_to_15,15_to_25,True,5_to_15,fav_3_7,team_has_rp_edge
2024,2,2024-09-07T01:00:00.000Z,401635533,Northwestern,Duke,Favorite,-2.1666666666666665,L,-8.166666666666666,-1.0,21.0,7.0,35.0,15_to_25,Big Ten,ACC,P4,P4,P4_vs_P4,False,False,Big Ten,ACC,,,5_to_15,25_plus,True,15_to_25,pick_to_3,team_has_rp_edge
2024,2,2024-09-07T16:00:00.000Z,401643784,Memphis,Troy,Favorite,-18.666666666666668,W,2.333333333333332,1.5,33.0,45.0,23.0,25_plus,American,Sun Belt,G6,G6,G6_vs_G6,False,False,American,Sun Belt,,,25_plus,15_to_25,True,25_plus,fav_14_plus,team_has_rp_edge
2024,2,2024-09-07T16:00:00.000Z,401628470,Penn State,Bowling Green,Favorite,-34.833333333333336,L,-27.833333333333336,3.0,22.0,29.0,14.0,15_to_25,Big Ten,MAC,P4,G6,P4_vs_G6,False,False,Big Ten,MAC,,,25_plus,5_to_15,True,15_to_25,fav_14_plus,team_has_rp_edge
2024,2,2024-09-07T16:00:00.000Z,401628471,Rutgers,Akron,Favorite,-24.5,W,7.5,1.5,21.0,6.0,36.0,15_to_25,Big Ten,MAC,P4,G6,P4_vs_G6,False,False,Big Ten,MAC,,,5_to_15,25_plus,True,15_to_25,fav_14_plus,team_has_rp_edge
2024,2,2024-09-07T16:00:00.000Z,401628347,Texas,Michigan,Favorite,-6.666666666666667,W,12.333333333333332,-1.0,34.0,27.0,42.0,25_plus,SEC,Big Ten,P4,P4,P4_vs_P4,True,False,Big 12,Big Ten,0.0,,25_plus,25_plus,True,25_plus,fav_3_7,team_has_rp_edge
2024,2,2024-09-07T19:30:00.000Z,401645324,Navy,Temple,Favorite,-12.166666666666666,W,14.833333333333334,0.5,14.0,1.0,27.0,5_to_15,American,American,G6,G6,G6_vs_G6,False,False,American,American,,,neutral,25_plus,True,5_to_15,fav_7_14,team_has_rp_edge
2024,2,2024-09-07T19:30:00.000Z,401635537,Charlotte,North Carolina,Underdog,21.5,W,3.5,0.5,24.0,29.0,20.0,15_to_25,American,ACC,G6,P4,G6_vs_P4,False,False,American,ACC,,,25_plus,15_to_25,True,15_to_25,dog_14_plus,team_has_rp_edge
2024,2,2024-09-07T19:30:00.000Z,401628473,Eastern Michigan,Washington,Underdog,24.833333333333332,W,3.833333333333332,-0.5,10.0,-7.0,28.0,5_to_15,MAC,Big Ten,G6,P4,G6_vs_P4,False,True,MAC,Pac-12,,0.0,minus_5_to_15,25_plus,True,5_to_15,dog_14_plus,team_has_rp_edge
2024,2,2024-09-07T20:15:00.000Z,401628342,Ole Miss,Middle Tennessee,Favorite,-42.5,W,6.5,2.5,16.0,39.0,-5.0,15_to_25,SEC,Conference USA,P4,G6,P4_vs_G6,False,False,SEC,Conference USA,,,25_plus,minus_5_to_15,True,15_to_25,fav_14_plus,team_has_rp_edge
2024,2,2024-09-07T20:30:00.000Z,401635540,Virginia Tech,Marshall,Favorite,-20.666666666666668,L,-3.666666666666668,4.0,24.0,38.0,10.0,15_to_25,ACC,Sun Belt,P4,G6,P4_vs_G6,False,False,ACC,Sun Belt,,,25_plus,5_to_15,True,15_to_25,fav_14_plus,team_has_rp_edge
2024,2,2024-09-07T22:00:00.000Z,401643781,South Alabama,Ohio,Favorite,-0.8333333333333334,L,-7.833333333333333,1.0,14.0,6.0,22.0,5_to_15,Sun Belt,MAC,G6,G6,G6_vs_G6,False,False,Sun Belt,MAC,,,5_to_15,15_to_25,True,5_to_15,pick_to_3,team_has_rp_edge
2024,2,2024-09-07T22:30:00.000Z,401636617,Sam Houston,UCF,Underdog,21.5,L,-9.5,2.0,15.0,3.0,26.0,15_to_25,Conference USA,Big 12,G6,P4,G6_vs_P4,False,False,Conference USA,Big 12,,,neutral,25_plus,True,15_to_25,dog_14_plus,team_has_rp_edge
2024,2,2024-09-07T23:00:00.000Z,401628335,South Florida,Alabama,Underdog,31.666666666666668,W,5.666666666666668,0.5,28.0,54.0,2.0,25_plus,American,SEC,G6,P4,G6_vs_P4,False,False,American,SEC,,,25_plus,neutral,True,25_plus,dog_14_plus,team_has_rp_edge
2024,2,2024-09-07T23:00:00.000Z,401628344,Missouri,Buffalo,Favorite,-33.666666666666664,W,4.333333333333336,-2.0,39.0,51.0,27.0,25_plus,SEC,MAC,P4,G6,P4_vs_G6,False,False,SEC,MAC,,,25_plus,25_plus,True,25_plus,fav_14_plus,team_has_rp_edge
2024,2,2024-09-07T23:00:00.000Z,401643780,UAB,UL Monroe,Favorite,-11.5,L,-37.5,-0.5,26.0,40.0,13.0,25_plus,American,Sun Belt,G6,G6,G6_vs_G6,False,False,American,Sun Belt,,,25_plus,5_to_15,True,25_plus,fav_7_14,team_has_rp_edge
2024,2,2024-09-08T02:00:00.000Z,401628469,Oregon,Boise State,Favorite,-18.833333333333332,L,-15.833333333333332,0.0,10.0,-3.0,24.0,5_to_15,Big Ten,Mountain West,P4,G6,P4_vs_G6,True,False,Pac-12,Mountain West,0.0,,neutral,15_to_25,True,5_to_15,fav_14_plus,team_has_rp_edge
2024,2,2024-09-08T02:15:00.000Z,401640989,Liberty,New Mexico State,Favorite,-22.166666666666668,L,-16.166666666666668,1.5,12.0,28.0,-4.0,5_to_15,Conference USA,Conference USA,G6,G6,G6_vs_G6,False,False,Conference USA,Conference USA,,,25_plus,neutral,True,5_to_15,fav_14_plus,team_has_rp_edge
2024,3,2024-09-14T16:00:00.000Z,401636865,Miami (OH),Cincinnati,Underdog,3.0,L,-8.0,0.0,12.0,22.0,2.0,5_to_15,MAC,Big 12,G6,P4,G6_vs_P4,False,False,MAC,Big 12,,,15_to_25,neutral,True,5_to_15,pick_to_3,team_has_rp_edge
2024,3,2024-09-14T16:00:00.000Z,401628350,Wisconsin,Alabama,Underdog,15.166666666666666,L,-16.833333333333336,-6.0,27.0,37.0,15.0,25_plus,Big Ten,SEC,P4,P4,P4_vs_P4,False,False,Big Ten,SEC,,,25_plus,15_to_25,True,25_plus,dog_14_plus,team_has_rp_edge
2024,3,2024-09-14T16:00:00.000Z,401635542,Memphis,Florida State,Underdog,6.833333333333333,W,14.833333333333332,0.0,11.0,14.0,9.0,5_to_15,American,ACC,G6,P4,G6_vs_P4,False,False,American,ACC,,,5_to_15,5_to_15,True,5_to_15,dog_3_7,team_has_rp_edge
2024,3,2024-09-14T19:30:00.000Z,401628358,Oklahoma,Tulane,Favorite,-13.333333333333334,W,1.666666666666666,0.0,12.0,-9.0,32.0,5_to_15,SEC,American,P4,G6,P4_vs_G6,True,False,Big 12,American,0.0,,minus_5_to_15,25_plus,True,5_to_15,fav_7_14,team_has_rp_edge
2024,3,2024-09-14T19:30:00.000Z,401628481,Minnesota,Nevada,Favorite,-16.833333333333332,W,10.166666666666668,-0.5,12.0,13.0,12.0,5_to_15,Big Ten,Mountain West,P4,G6,P4_vs_G6,False,False,Big Ten,Mountain West,,,5_to_15,5_to_15,True,5_to_15,fav_14_plus,team_has_rp_edge
2024,3,2024-09-14T19:30:00.000Z,401628484,Washington State,Washington,Underdog,5.166666666666667,W,10.166666666666668,2.0,19.0,5.0,34.0,15_to_25,,,,,,,,,,,,5_to_15,25_plus,True,15_to_25,dog_3_7,team_has_rp_edge
2024,3,2024-09-14T19:30:00.000Z,401628483,Oregon,Oregon State,Favorite,-17.666666666666668,W,17.333333333333332,-2.5,29.0,42.0,16.0,25_plus,,,,,,,,,,,,25_plus,15_to_25,True,25_plus,fav_14_plus,team_has_rp_edge
2024,3,2024-09-14T20:00:00.000Z,401628477,Iowa,Troy,Favorite,-23.333333333333332,L,-6.333333333333332,0.0,33.0,51.0,16.0,25_plus,Big Ten,Sun Belt,P4,G6,P4_vs_G6,False,False,Big Ten,Sun Belt,,,25_plus,15_to_25,True,25_plus,fav_14_plus,team_has_rp_edge
2024,3,2024-09-14T20:15:00.000Z,401628351,UAB,Arkansas,Underdog,23.666666666666668,W,13.666666666666668,0.0,20.0,40.0,2.0,15_to_25,American,SEC,G6,P4,G6_vs_P4,False,False,American,SEC,,,25_plus,neutral,True,15_to_25,dog_14_plus,team_has_rp_edge
2024,3,2024-09-14T22:00:00.000Z,401635548,Virginia Tech,Old Dominion,Favorite,-15.333333333333334,W,4.666666666666666,0.0,16.0,39.0,-8.0,15_to_25,ACC,Sun Belt,P4,G6,P4_vs_G6,False,False,ACC,Sun Belt,,,25_plus,minus_5_to_15,True,15_to_25,fav_14_plus,team_has_rp_edge
2024,3,2024-09-14T22:00:00.000Z,401640990,Liberty,UTEP,Favorite,-23.666666666666668,L,-5.666666666666668,0.0,15.0,15.0,15.0,15_to_25,Conference USA,Conference USA,G6,G6,G6_vs_G6,False,False,Conference USA,Conference USA,,,15_to_25,15_to_25,True,15_to_25,fav_14_plus,team_has_rp_edge
2024,3,2024-09-14T23:00:00.000Z,401643789,South Florida,Southern Miss,Favorite,-11.666666666666666,W,13.333333333333334,0.0,16.0,24.0,9.0,15_to_25,American,Sun Belt,G6,G6,G6_vs_G6,False,False,American,Sun Belt,,,15_to_25,5_to_15,True,15_to_25,fav_7_14,team_has_rp_edge
2024,3,2024-09-14T23:00:00.000Z,401641024,Western Kentucky,Middle Tennessee,Favorite,-8.5,W,19.5,0.0,16.0,27.0,7.0,15_to_25,Conference USA,Conference USA,G6,G6,G6_vs_G6,False,False,Conference USA,Conference USA,,,25_plus,5_to_15,True,15_to_25,fav_7_14,team_has_rp_edge
2024,3,2024-09-14T23:00:00.000Z,401628361,Texas,UTSA,Favorite,-35.5,W,13.5,0.0,25.0,35.0,15.0,25_plus,SEC,American,P4,G6,P4_vs_G6,True,False,Big 12,American,0.0,,25_plus,15_to_25,True,25_plus,fav_14_plus,team_has_rp_edge
2024,3,2024-09-14T23:00:00.000Z,401640999,Jacksonville State,Eastern Michigan,Favorite,-1.0,L,-4.0,0.0,23.0,14.0,32.0,15_to_25,Conference USA,MAC,G6,G6,G6_vs_G6,False,False,Conference USA,MAC,,,5_to_15,25_plus,True,15_to_25,pick_to_3,team_has_rp_edge
2024,3,2024-09-14T23:30:00.000Z,401628354,Georgia,Kentucky,Favorite,-22.5,L,-21.5,-1.5,16.0,24.0,10.0,15_to_25,SEC,SEC,P4,P4,P4_vs_P4,False,False,SEC,SEC,,,15_to_25,5_to_15,True,15_to_25,fav_14_plus,team_has_rp_edge
2024,3,2024-09-14T23:30:00.000Z,401636860,Baylor,Air Force,Favorite,-16.666666666666668,W,11.333333333333332,0.0,41.0,48.0,34.0,25_plus,Big 12,Mountain West,P4,G6,P4_vs_G6,False,False,Big 12,Mountain West,,,25_plus,25_plus,True,25_plus,fav_14_plus,team_has_rp_edge
2024,3,2024-09-14T23:30:00.000Z,401628352,Auburn,New Mexico,Favorite,-25.833333333333332,W,0.1666666666666678,-4.0,25.0,20.0,29.0,25_plus,SEC,Mountain West,P4,G6,P4_vs_G6,False,False,SEC,Mountain West,,,15_to_25,25_plus,True,25_plus,fav_14_plus,team_has_rp_edge
2024,3,2024-09-14T23:30:00.000Z,401636866,TCU,UCF,Favorite,-2.1666666666666665,L,-3.1666666666666665,4.5,22.0,3.0,40.0,15_to_25,Big 12,Big 12,P4,P4,P4_vs_P4,False,False,Big 12,Big 12,,,neutral,25_plus,True,15_to_25,pick_to_3,team_has_rp_edge
2024,3,2024-09-15T00:00:00.000Z,401636862,Rice,Houston,Underdog,4.333333333333333,L,-21.666666666666668,0.0,12.0,-1.0,25.0,5_to_15,American,Big 12,G6,P4,G6_vs_P4,False,False,American,Big 12,,,neutral,25_plus,True,5_to_15,dog_3_7,team_has_rp_edge
2024,3,2024-09-15T00:00:00.000Z,401628478,Virginia,Maryland,Favorite,-1.1666666666666667,L,-15.166666666666666,0.0,31.0,34.0,28.0,25_plus,ACC,Big Ten,P4,P4,P4_vs_P4,False,False,ACC,Big Ten,,,25_plus,25_plus,True,25_plus,pick_to_3,team_has_rp_edge
2024,3,2024-09-15T02:30:00.000Z,401635541,California,San Diego State,Favorite,-18.666666666666668,W,2.333333333333332,0.0,27.0,36.0,17.0,25_plus,ACC,Mountain West,P4,G6,P4_vs_G6,True,False,Pac-12,Mountain West,0.0,,25_plus,15_to_25,True,25_plus,fav_14_plus,team_has_rp_edge
2024,4,2024-09-21T00:00:00.000Z,401628485,Nebraska,Illinois,Favorite,-8.833333333333334,L,-15.833333333333334,-1.0,15.0,11.0,20.0,15_to_25,Big Ten,Big Ten,P4,P4,P4_vs_P4,False,False,Big Ten,Big Ten,,,5_to_15,15_to_25,True,15_to_25,fav_7_14,team_has_rp_edge
2024,4,2024-09-21T16:00:00.000Z,401643791,Louisiana,Tulane,Underdog,1.5,L,-6.5,,23.0,20.0,26.0,15_to_25,Sun Belt,American,G6,G6,G6_vs_G6,False,False,Sun Belt,American,,,15_to_25,25_plus,True,15_to_25,pick_to_3,team_has_rp_edge
2024,4,2024-09-21T16:00:00.000Z,401636879,West Virginia,Kansas,Favorite,-1.3333333333333333,W,2.666666666666667,,11.0,33.0,-10.0,5_to_15,Big 12,Big 12,P4,P4,P4_vs_P4,False,False,Big 12,Big 12,,,25_plus,minus_5_to_15,True,5_to_15,pick_to_3,team_has_rp_edge
2024,4,2024-09-21T16:00:00.000Z,401645328,Rice,Army,Underdog,7.333333333333333,L,-15.666666666666668,,26.0,25.0,26.0,25_plus,American,American,G6,G6,G6_vs_G6,False,True,American,Independent,,0.0,25_plus,25_plus,True,25_plus,dog_3_7,team_has_rp_edge
2024,4,2024-09-21T16:45:00.000Z,401628364,Kentucky,Ohio,Favorite,-20.666666666666668,W,14.333333333333332,,22.0,12.0,30.0,15_to_25,SEC,MAC,P4,G6,P4_vs_G6,False,False,SEC,MAC,,,5_to_15,25_plus,True,15_to_25,fav_14_plus,team_has_rp_edge
2024,4,2024-09-21T18:00:00.000Z,401635558,Virginia,Coastal Carolina,Favorite,-3.5,W,15.5,0.5,31.0,39.0,24.0,25_plus,ACC,Sun Belt,P4,G6,P4_vs_G6,False,False,ACC,Sun Belt,,,25_plus,15_to_25,True,25_plus,fav_3_7,team_has_rp_edge
2024,4,2024-09-21T19:00:00.000Z,401641000,Jacksonville State,Southern Miss,Favorite,-6.166666666666667,W,30.833333333333332,0.0,13.0,-2.0,28.0,5_to_15,Conference USA,Sun Belt,G6,G6,G6_vs_G6,False,False,Conference USA,Sun Belt,,,neutral,25_plus,True,5_to_15,fav_3_7,team_has_rp_edge
2024,4,2024-09-21T19:30:00.000Z,401628365,LSU,UCLA,Favorite,-21.5,L,-4.5,-1.5,12.0,4.0,20.0,5_to_15,SEC,Big Ten,P4,P4,P4_vs_P4,False,True,SEC,Pac-12,,0.0,neutral,15_to_25,True,5_to_15,fav_14_plus,team_has_rp_edge
2024,4,2024-09-21T19:30:00.000Z,401628363,Auburn,Arkansas,Favorite,-2.5,L,-12.5,-1.0,19.0,33.0,5.0,15_to_25,SEC,SEC,P4,P4,P4_vs_P4,False,False,SEC,SEC,,,25_plus,5_to_15,True,15_to_25,pick_to_3,team_has_rp_edge
2024,4,2024-09-21T19:30:00.000Z,401628489,USC,Michigan,Favorite,-4.166666666666667,L,-7.166666666666667,-1.0,14.0,4.0,25.0,5_to_15,Big Ten,Big Ten,P4,P4,P4_vs_P4,True,False,Pac-12,Big Ten,0.0,,neutral,25_plus,True,5_to_15,fav_3_7,team_has_rp_edge
2024,4,2024-09-21T19:30:00.000Z,401628979,Miami (OH),Notre Dame,Underdog,27.333333333333332,W,2.333333333333332,-1.0,14.0,19.0,9.0,5_to_15,MAC,Independent,G6,Independent,Other,False,False,MAC,Independent,,,15_to_25,5_to_15,True,5_to_15,dog_14_plus,team_has_rp_edge
2024,4,2024-09-21T19:30:00.000Z,401628494,Virginia Tech,Rutgers,Favorite,-3.25,L,-6.25,0.0,12.0,16.0,8.0,5_to_15,ACC,Big Ten,P4,P4,P4_vs_P4,False,False,ACC,Big Ten,,,15_to_25,5_to_15,True,5_to_15,pick_to_3,team_has_rp_edge
2024,4,2024-09-21T20:00:00.000Z,401635553,Duke,Middle Tennessee,Favorite,-14.666666666666666,W,13.333333333333334,0.5,10.0,21.0,0.0,5_to_15,ACC,Conference USA,P4,G6,P4_vs_G6,False,False,ACC,Conference USA,,,15_to_25,neutral,True,5_to_15,fav_14_plus,team_has_rp_edge
2024,4,2024-09-21T23:00:00.000Z,401635551,California,Florida State,Underdog,2.8333333333333335,L,-2.1666666666666665,-0.5,15.0,19.0,10.0,15_to_25,ACC,ACC,P4,P4,P4_vs_P4,True,False,Pac-12,ACC,0.0,,15_to_25,5_to_15,True,15_to_25,pick_to_3,team_has_rp_edge
2024,4,2024-09-21T23:00:00.000Z,401628491,Northwestern,Washington,Underdog,11.833333333333334,L,-7.166666666666666,-1.5,40.0,12.0,69.0,25_plus,Big Ten,Big Ten,P4,P4,P4_vs_P4,False,True,Big Ten,Pac-12,,0.0,5_to_15,25_plus,True,25_plus,dog_7_14,team_has_rp_edge
2024,4,2024-09-21T23:00:00.000Z,401641037,Western Kentucky,Toledo,Underdog,2.3333333333333335,W,7.333333333333334,-3.5,19.0,8.0,32.0,15_to_25,Conference USA,MAC,G6,G6,G6_vs_G6,False,False,Conference USA,MAC,,,5_to_15,25_plus,True,15_to_25,pick_to_3,team_has_rp_edge
2024,4,2024-09-21T23:00:00.000Z,401641034,Sam Houston,New Mexico State,Favorite,-15.0,W,5.0,0.5,16.0,28.0,3.0,15_to_25,Conference USA,Conference USA,G6,G6,G6_vs_G6,False,False,Conference USA,Conference USA,,,25_plus,neutral,True,15_to_25,fav_14_plus,team_has_rp_edge
2024,4,2024-09-21T23:30:00.000Z,401628369,Oklahoma,Tennessee,Underdog,6.0,L,-4.0,2.0,10.0,-14.0,33.0,5_to_15,SEC,SEC,P4,P4,P4_vs_P4,True,False,Big 12,SEC,0.0,,minus_5_to_15,25_plus,True,5_to_15,dog_3_7,team_has_rp_edge
2024,4,2024-09-21T23:30:00.000Z,401628372,Texas A&M,Bowling Green,Favorite,-21.166666666666668,L,-15.166666666666668,-2.0,24.0,32.0,15.0,15_to_25,SEC,MAC,P4,G6,P4_vs_G6,False,False,SEC,MAC,,,25_plus,15_to_25,True,15_to_25,fav_14_plus,team_has_rp_edge
2024,4,2024-09-22T00:00:00.000Z,401628371,Texas,UL Monroe,Favorite,-43.0,W,5.0,-3.5,30.0,33.0,27.0,25_plus,SEC,Sun Belt,P4,G6,P4_vs_G6,True,False,Big 12,Sun Belt,0.0,,25_plus,25_plus,True,25_plus,fav_14_plus,team_has_rp_edge
2024,4,2024-09-22T00:30:00.000Z,401643717,Purdue,Oregon State,Underdog,1.8333333333333333,L,-15.166666666666666,4.0,11.0,30.0,-8.0,5_to_15,,,,,,,,,,,,25_plus,minus_5_to_15,True,5_to_15,pick_to_3,team_has_rp_edge
2025,1,2025-08-28T22:00:00.000Z,401752794,Rutgers,Ohio,Favorite,-14.166666666666666,L,-11.166666666666666,5.0,12.0,18.0,7.0,5_to_15,Big Ten,MAC,P4,G6,P4_vs_G6,False,False,Big Ten,MAC,,,15_to_25,5_to_15,True,5_to_15,fav_7_14,team_has_rp_edge
2025,1,2025-08-28T23:00:00.000Z,401762789,Wyoming,Akron,Favorite,-6.0,W,4.0,-4.5,15.0,41.0,-12.0,15_to_25,Mountain West,MAC,G6,G6,G6_vs_G6,False,False,Mountain West,MAC,,,25_plus,minus_5_to_15,True,15_to_25,fav_3_7,team_has_rp_edge
2025,1,2025-08-28T23:00:00.000Z,401756848,UCF,Jacksonville State,Favorite,-19.166666666666668,L,-12.166666666666668,4.0,17.0,22.0,11.0,15_to_25,Big 12,Conference USA,P4,G6,P4_vs_G6,False,False,Big 12,Conference USA,,,15_to_25,5_to_15,True,15_to_25,fav_14_plus,team_has_rp_edge
2025,1,2025-08-29T01:00:00.000Z,401762791,Wisconsin,Miami (OH),Favorite,-18.0,L,-1.0,0.5,32.0,18.0,47.0,25_plus,Big Ten,MAC,P4,G6,P4_vs_G6,False,False,Big Ten,MAC,,,15_to_25,25_plus,True,25_plus,fav_14_plus,team_has_rp_edge
2025,1,2025-08-30T00:00:00.000Z,401754375,Georgia Tech,Colorado,Favorite,-3.6666666666666665,W,3.3333333333333335,0.0,14.0,9.0,21.0,5_to_15,ACC,Big 12,P4,P4,P4_vs_P4,False,False,ACC,Big 12,,,5_to_15,15_to_25,True,5_to_15,fav_3_7,team_has_rp_edge
2025,1,2025-08-30T19:30:00.000Z,401752807,Penn State,Nevada,Favorite,-44.166666666666664,L,-9.166666666666664,0.0,34.0,46.0,20.0,25_plus,Big Ten,Mountain West,P4,G6,P4_vs_G6,False,False,Big Ten,Mountain West,,,25_plus,15_to_25,True,25_plus,fav_14_plus,team_has_rp_edge
2025,1,2025-08-30T19:30:00.000Z,401752669,Georgia,Marshall,Favorite,-38.833333333333336,L,-0.8333333333333357,0.0,13.0,8.0,17.0,5_to_15,SEC,Sun Belt,P4,G6,P4_vs_G6,False,False,SEC,Sun Belt,,,5_to_15,15_to_25,True,5_to_15,fav_14_plus,team_has_rp_edge
2025,1,2025-08-30T22:00:00.000Z,401754616,Virginia,Coastal Carolina,Favorite,-13.166666666666666,W,27.833333333333336,1.0,14.0,29.0,-1.0,5_to_15,ACC,Sun Belt,P4,G6,P4_vs_G6,False,False,ACC,Sun Belt,,,25_plus,neutral,True,5_to_15,fav_7_14,team_has_rp_edge
2025,1,2025-08-30T23:30:00.000Z,401752671,Clemson,LSU,Favorite,-4.833333333333333,L,-11.833333333333332,3.0,19.0,27.0,10.0,15_to_25,ACC,SEC,P4,P4,P4_vs_P4,False,False,ACC,SEC,,,25_plus,5_to_15,True,15_to_25,fav_3_7,team_has_rp_edge
2025,1,2025-08-30T23:30:00.000Z,401752808,Michigan,New Mexico,Favorite,-35.166666666666664,L,-18.166666666666664,0.0,37.0,38.0,35.0,25_plus,Big Ten,Mountain West,P4,G6,P4_vs_G6,False,False,Big Ten,Mountain West,,,25_plus,25_plus,True,25_plus,fav_14_plus,team_has_rp_edge
2025,1,2025-08-31T02:30:00.000Z,401752936,Oregon State,California,Underdog,0.8333333333333334,L,-18.166666666666668,-4.5,10.0,8.0,10.0,5_to_15,,,,,,,,,,,,5_to_15,5_to_15,True,5_to_15,pick_to_3,team_has_rp_edge
2025,1,2025-08-31T03:00:00.000Z,401752800,Utah,UCLA,Favorite,-6.5,W,26.5,3.5,18.0,39.0,-2.0,15_to_25,Big 12,Big Ten,P4,P4,P4_vs_P4,False,False,Big 12,Big Ten,,,25_plus,neutral,True,15_to_25,fav_3_7,team_has_rp_edge
2025,2,2025-09-06T16:00:00.000Z,401754525,Baylor,SMU,Underdog,2.75,W,5.75,2.0,15.0,21.0,9.0,15_to_25,Big 12,ACC,P4,P4,P4_vs_P4,False,False,Big 12,ACC,,,15_to_25,5_to_15,True,15_to_25,pick_to_3,team_has_rp_edge
2025,2,2025-09-06T16:00:00.000Z,401752825,Illinois,Duke,Favorite,-2.5,W,23.5,0.0,18.0,22.0,15.0,15_to_25,Big Ten,ACC,P4,P4,P4_vs_P4,False,False,Big Ten,ACC,,,15_to_25,15_to_25,True,15_to_25,pick_to_3,team_has_rp_edge
2025,2,2025-09-06T16:00:00.000Z,401757227,Liberty,Jacksonville State,Favorite,-6.25,L,-16.25,1.0,38.0,42.0,35.0,25_plus,Conference USA,Conference USA,G6,G6,G6_vs_G6,False,False,Conference USA,Conference USA,,,25_plus,25_plus,True,25_plus,fav_3_7,team_has_rp_edge
2025,2,2025-09-06T19:30:00.000Z,401752818,Rutgers,Miami (OH),Favorite,-15.5,W,12.5,2.0,39.0,31.0,47.0,25_plus,Big Ten,MAC,P4,G6,P4_vs_G6,False,False,Big Ten,MAC,,,25_plus,25_plus,True,25_plus,fav_14_plus,team_has_rp_edge
2025,2,2025-09-06T19:30:00.000Z,401756880,Cincinnati,Bowling Green,Favorite,-22.0,L,-8.0,4.5,30.0,35.0,26.0,25_plus,Big 12,MAC,P4,G6,P4_vs_G6,False,False,Big 12,MAC,,,25_plus,25_plus,True,25_plus,fav_14_plus,team_has_rp_edge
2025,2,2025-09-06T19:30:00.000Z,401752686,Kentucky,Ole Miss,Underdog,7.75,W,0.75,2.0,18.0,18.0,17.0,15_to_25,SEC,SEC,P4,P4,P4_vs_P4,False,False,SEC,SEC,,,15_to_25,15_to_25,True,15_to_25,dog_7_14,team_has_rp_edge
2025,2,2025-09-06T19:30:00.000Z,401754637,Clemson,Troy,Favorite,-30.25,L,-19.25,-2.0,15.0,18.0,11.0,15_to_25,ACC,Sun Belt,P4,G6,P4_vs_G6,False,False,ACC,Sun Belt,,,15_to_25,5_to_15,True,15_to_25,fav_14_plus,team_has_rp_edge
2025,2,2025-09-06T19:30:00.000Z,401756881,Delaware,Colorado,Underdog,23.5,L,-0.5,1.0,15.0,-1.0,32.0,15_to_25,Conference USA,Big 12,G6,P4,G6_vs_P4,False,False,,Big 12,,,neutral,25_plus,True,15_to_25,dog_14_plus,team_has_rp_edge
2025,2,2025-09-06T19:30:00.000Z,401762461,North Texas,Western Michigan,Favorite,-12.25,L,-9.25,2.0,16.0,-6.0,40.0,15_to_25,American,MAC,G6,G6,G6_vs_G6,False,False,American,MAC,,,minus_5_to_15,25_plus,True,15_to_25,fav_7_14,team_has_rp_edge
2025,2,2025-09-06T19:30:00.000Z,401762458,Navy,UAB,Favorite,-21.5,L,-7.5,1.0,24.0,33.0,14.0,15_to_25,American,American,G6,G6,G6_vs_G6,False,False,American,American,,,25_plus,5_to_15,True,15_to_25,fav_14_plus,team_has_rp_edge
2025,2,2025-09-06T20:00:00.000Z,401756883,Ohio,West Virginia,Underdog,3.5,W,10.5,-0.5,13.0,0.0,24.0,5_to_15,MAC,Big 12,G6,P4,G6_vs_P4,False,False,MAC,Big 12,,,neutral,15_to_25,True,5_to_15,dog_3_7,team_has_rp_edge
2025,2,2025-09-06T23:00:00.000Z,401754527,North Carolina,Charlotte,Favorite,-15.75,W,1.25,2.0,23.0,11.0,36.0,15_to_25,ACC,American,P4,G6,P4_vs_G6,False,False,ACC,American,,,5_to_15,25_plus,True,15_to_25,fav_14_plus,team_has_rp_edge
2025,2,2025-09-06T23:00:00.000Z,401757232,Toledo,Western Kentucky,Favorite,-8.0,W,16.0,1.0,26.0,42.0,10.0,25_plus,MAC,Conference USA,G6,G6,G6_vs_G6,False,False,MAC,Conference USA,,,25_plus,5_to_15,True,25_plus,fav_7_14,team_has_rp_edge
2025,2,2025-09-06T23:00:00.000Z,401756884,Houston,Rice,Favorite,-13.5,W,12.5,1.0,26.0,18.0,32.0,25_plus,Big 12,American,P4,G6,P4_vs_G6,False,False,Big 12,American,,,15_to_25,25_plus,True,25_plus,fav_7_14,team_has_rp_edge
2025,2,2025-09-06T23:30:00.000Z,401752687,LSU,Louisiana Tech,Favorite,-36.5,L,-20.5,4.0,14.0,20.0,9.0,5_to_15,SEC,Conference USA,P4,G6,P4_vs_G6,False,False,SEC,Conference USA,,,15_to_25,5_to_15,True,5_to_15,fav_14_plus,team_has_rp_edge
2025,2,2025-09-06T23:30:00.000Z,401752810,Nebraska,Akron,Favorite,-33.75,W,34.25,0.0,11.0,30.0,-7.0,5_to_15,Big Ten,MAC,P4,G6,P4_vs_G6,False,False,Big Ten,MAC,,,25_plus,minus_5_to_15,True,5_to_15,fav_14_plus,team_has_rp_edge
2025,2,2025-09-06T23:30:00.000Z,401752695,Vanderbilt,Virginia Tech,Underdog,2.0,W,26.0,-0.5,16.0,12.0,21.0,15_to_25,SEC,ACC,P4,P4,P4_vs_P4,False,False,SEC,ACC,,,5_to_15,15_to_25,True,15_to_25,pick_to_3,team_has_rp_edge
2025,2,2025-09-07T00:00:00.000Z,401752823,UCLA,UNLV,Favorite,-2.5,L,-9.5,0.0,11.0,23.0,-1.0,5_to_15,Big Ten,Mountain West,P4,G6,P4_vs_G6,False,False,Big Ten,Mountain West,,,15_to_25,neutral,True,5_to_15,pick_to_3,team_has_rp_edge
2025,2,2025-09-07T01:00:00.000Z,401757229,New Mexico State,Tulsa,Underdog,3.25,W,10.25,0.0,18.0,17.0,19.0,15_to_25,Conference USA,American,G6,G6,G6_vs_G6,False,False,Conference USA,American,,,15_to_25,15_to_25,True,15_to_25,pick_to_3,team_has_rp_edge
2025,2,2025-09-07T02:15:00.000Z,401752948,San Diego State,Washington State,Underdog,2.25,L,-20.75,-1.0,25.0,7.0,43.0,25_plus,,,,,,,,,,,,5_to_15,25_plus,True,25_plus,pick_to_3,team_has_rp_edge
2025,2,2025-09-07T03:59:00.000Z,401757230,Hawai'i,Sam Houston,Favorite,-7.25,W,9.75,0.0,18.0,38.0,-2.0,15_to_25,Mountain West,Conference USA,G6,G6,G6_vs_G6,False,False,Mountain West,Conference USA,,,25_plus,neutral,True,15_to_25,fav_3_7,team_has_rp_edge
2025,3,2025-09-12T23:30:00.000Z,401756893,Houston,Colorado,Favorite,-3.8333333333333335,W,12.166666666666666,-0.5,15.0,13.0,17.0,15_to_25,Big 12,Big 12,P4,P4,P4_vs_P4,False,False,Big 12,Big 12,,,5_to_15,15_to_25,True,15_to_25,fav_3_7,team_has_rp_edge
2025,3,2025-09-13T02:00:00.000Z,401752837,UCLA,New Mexico,Favorite,-15.5,L,-40.5,0.5,16.0,28.0,4.0,15_to_25,Big Ten,Mountain West,P4,G6,P4_vs_G6,False,False,Big Ten,Mountain West,,,25_plus,neutral,True,15_to_25,fav_14_plus,team_has_rp_edge
2025,3,2025-09-13T16:00:00.000Z,401754623,Clemson,Georgia Tech,Favorite,-2.8333333333333335,L,-5.833333333333334,-3.5,17.0,21.0,11.0,15_to_25,ACC,ACC,P4,P4,P4_vs_P4,False,False,ACC,ACC,,,15_to_25,5_to_15,True,15_to_25,pick_to_3,team_has_rp_edge
2025,3,2025-09-13T16:00:00.000Z,401761608,Troy,Memphis,Underdog,4.5,L,-16.5,,27.0,31.0,23.0,25_plus,Sun Belt,American,G6,G6,G6_vs_G6,False,False,Sun Belt,American,,,25_plus,15_to_25,True,25_plus,dog_3_7,team_has_rp_edge
2025,3,2025-09-13T16:00:00.000Z,401752703,Oklahoma,Temple,Favorite,-23.833333333333332,W,15.166666666666668,-1.0,18.0,35.0,1.0,15_to_25,SEC,American,P4,G6,P4_vs_G6,False,False,SEC,American,,,25_plus,neutral,True,15_to_25,fav_14_plus,team_has_rp_edge
2025,3,2025-09-13T16:00:00.000Z,401752831,Northwestern,Oregon,Underdog,25.5,W,5.5,3.0,15.0,8.0,21.0,15_to_25,Big Ten,Big Ten,P4,P4,P4_vs_P4,False,False,Big Ten,Big Ten,,,5_to_15,15_to_25,True,15_to_25,dog_14_plus,team_has_rp_edge
2025,3,2025-09-13T17:00:00.000Z,401752702,Missouri,Louisiana,Favorite,-27.5,W,14.5,5.0,19.0,3.0,35.0,15_to_25,SEC,Sun Belt,P4,G6,P4_vs_G6,False,False,SEC,Sun Belt,,,neutral,25_plus,True,15_to_25,fav_14_plus,team_has_rp_edge
2025,3,2025-09-13T19:00:00.000Z,401757168,Delaware,UConn,Underdog,8.666666666666666,W,11.666666666666666,1.0,10.0,12.0,8.0,5_to_15,Conference USA,Independent,G6,Independent,Other,False,False,,Independent,,,5_to_15,5_to_15,True,5_to_15,dog_7_14,team_has_rp_edge
2025,3,2025-09-13T19:30:00.000Z,401752938,Texas Tech,Oregon State,Favorite,-24.0,W,7.0,-1.0,13.0,2.0,25.0,5_to_15,,,,,,,,,,,,neutral,25_plus,True,5_to_15,fav_14_plus,team_has_rp_edge
2025,3,2025-09-13T19:30:00.000Z,401754638,Pittsburgh,West Virginia,Favorite,-6.833333333333333,L,-13.833333333333332,2.5,18.0,12.0,23.0,15_to_25,ACC,Big 12,P4,P4,P4_vs_P4,False,False,ACC,Big 12,,,5_to_15,15_to_25,True,15_to_25,fav_3_7,team_has_rp_edge
2025,3,2025-09-13T19:30:00.000Z,401752832,USC,Purdue,Favorite,-20.5,L,-4.5,-1.0,14.0,13.0,16.0,5_to_15,Big Ten,Big Ten,P4,P4,P4_vs_P4,False,False,Big Ten,Big Ten,,,5_to_15,15_to_25,True,5_to_15,fav_14_plus,team_has_rp_edge
2025,3,2025-09-13T19:30:00.000Z,401752705,Tennessee,Georgia,Underdog,3.5,W,0.5,3.0,13.0,1.0,26.0,5_to_15,SEC,SEC,P4,P4,P4_vs_P4,False,False,SEC,SEC,,,neutral,25_plus,True,5_to_15,dog_3_7,team_has_rp_edge
2025,3,2025-09-13T19:30:00.000Z,401752949,North Texas,Washington State,Favorite,-6.5,W,42.5,1.0,26.0,17.0,35.0,25_plus,,,,,,,,,,,,15_to_25,25_plus,True,25_plus,fav_3_7,team_has_rp_edge
2025,3,2025-09-13T20:15:00.000Z,401752706,UTEP,Texas,Underdog,39.833333333333336,W,22.833333333333336,-4.0,16.0,14.0,18.0,15_to_25,Conference USA,SEC,G6,P4,G6_vs_P4,False,False,Conference USA,SEC,,,5_to_15,15_to_25,True,15_to_25,dog_14_plus,team_has_rp_edge
2025,3,2025-09-13T20:30:00.000Z,401754535,South Florida,Miami,Underdog,17.666666666666668,L,-19.333333333333332,-2.0,12.0,8.0,17.0,5_to_15,American,ACC,G6,P4,G6_vs_P4,False,False,American,ACC,,,5_to_15,15_to_25,True,5_to_15,dog_14_plus,team_has_rp_edge
2025,3,2025-09-13T21:00:00.000Z,401757256,Liberty,Bowling Green,Favorite,-6.0,L,-16.0,-1.0,28.0,31.0,27.0,25_plus,Conference USA,MAC,G6,G6,G6_vs_G6,False,False,Conference USA,MAC,,,25_plus,25_plus,True,25_plus,fav_3_7,team_has_rp_edge
2025,3,2025-09-13T21:00:00.000Z,401757258,Middle Tennessee,Nevada,Underdog,9.333333333333334,W,10.333333333333334,0.0,27.0,32.0,22.0,25_plus,Conference USA,Mountain West,G6,G6,G6_vs_G6,False,False,Conference USA,Mountain West,,,25_plus,15_to_25,True,25_plus,dog_7_14,team_has_rp_edge
2025,3,2025-09-13T23:00:00.000Z,401752827,Ohio,Ohio State,Underdog,28.333333333333332,W,0.3333333333333321,-3.0,13.0,10.0,15.0,5_to_15,MAC,Big Ten,G6,P4,G6_vs_P4,False,False,MAC,Big Ten,,,5_to_15,15_to_25,True,5_to_15,dog_14_plus,team_has_rp_edge
2025,3,2025-09-13T23:00:00.000Z,401752829,Illinois,Western Michigan,Favorite,-27.5,W,10.5,-1.0,39.0,29.0,51.0,25_plus,Big Ten,MAC,P4,G6,P4_vs_G6,False,False,Big Ten,MAC,,,25_plus,25_plus,True,25_plus,fav_14_plus,team_has_rp_edge
2025,3,2025-09-13T23:00:00.000Z,401752700,Arkansas,Ole Miss,Underdog,3.8333333333333335,L,-2.1666666666666665,4.0,15.0,20.0,10.0,15_to_25,SEC,SEC,P4,P4,P4_vs_P4,False,False,SEC,SEC,,,15_to_25,5_to_15,True,15_to_25,dog_3_7,team_has_rp_edge
2025,3,2025-09-13T23:30:00.000Z,401752698,Kentucky,Eastern Michigan,Favorite,-26.666666666666668,L,-1.666666666666668,1.0,13.0,12.0,13.0,5_to_15,SEC,MAC,P4,G6,P4_vs_G6,False,False,SEC,MAC,,,5_to_15,5_to_15,True,5_to_15,fav_14_plus,team_has_rp_edge
2025,3,2025-09-13T23:30:00.000Z,401757257,New Mexico State,Louisiana Tech,Underdog,10.166666666666666,L,-24.833333333333336,2.0,17.0,24.0,11.0,15_to_25,Conference USA,Conference USA,G6,G6,G6_vs_G6,False,False,Conference USA,Conference USA,,,15_to_25,5_to_15,True,15_to_25,dog_7_14,team_has_rp_edge
2025,3,2025-09-13T23:30:00.000Z,401752707,Texas A&M,Notre Dame,Underdog,6.833333333333333,W,7.833333333333333,0.0,14.0,4.0,24.0,5_to_15,SEC,Independent,P4,Independent,Other,False,False,SEC,Independent,,,neutral,15_to_25,True,5_to_15,dog_3_7,team_has_rp_edge
2025,3,2025-09-14T00:00:00.000Z,401762465,Navy,Tulsa,Favorite,-13.666666666666666,W,5.333333333333334,-1.0,16.0,21.0,10.0,15_to_25,American,American,G6,G6,G6_vs_G6,False,False,American,American,,,15_to_25,5_to_15,True,15_to_25,fav_7_14,team_has_rp_edge
2025,3,2025-09-14T00:30:00.000Z,401762463,Akron,UAB,Underdog,12.666666666666666,W,9.666666666666666,-2.0,10.0,20.0,0.0,5_to_15,MAC,American,G6,G6,G6_vs_G6,False,False,MAC,American,,,15_to_25,neutral,True,5_to_15,dog_7_14,team_has_rp_edge
2025,3,2025-09-14T02:30:00.000Z,401752840,Minnesota,California,Favorite,-3.1666666666666665,L,-16.166666666666668,1.0,10.0,1.0,17.0,5_to_15,Big Ten,ACC,P4,P4,P4_vs_P4,False,False,Big Ten,ACC,,,neutral,15_to_25,True,5_to_15,pick_to_3,team_has_rp_edge
2025,4,2025-09-20T00:00:00.000Z,401752844,Rutgers,Iowa,Underdog,2.3333333333333335,L,-7.666666666666666,0.0,14.0,32.0,-5.0,5_to_15,Big Ten,Big Ten,P4,P4,P4_vs_P4,False,False,Big Ten,Big Ten,,,25_plus,minus_5_to_15,True,5_to_15,pick_to_3,team_has_rp_edge
2025,4,2025-09-20T16:00:00.000Z,401756901,Texas Tech,Utah,Underdog,3.5,W,27.5,1.0,14.0,17.0,10.0,5_to_15,Big 12,Big 12,P4,P4,P4_vs_P4,False,False,Big 12,Big 12,,,15_to_25,5_to_15,True,5_to_15,dog_3_7,team_has_rp_edge
2025,4,2025-09-20T16:00:00.000Z,401754537,Clemson,Syracuse,Favorite,-17.5,L,-30.5,1.0,31.0,24.0,38.0,25_plus,ACC,ACC,P4,P4,P4_vs_P4,False,False,ACC,ACC,,,15_to_25,25_plus,True,25_plus,fav_14_plus,team_has_rp_edge
2025,4,2025-09-20T16:00:00.000Z,401752708,Arkansas,Memphis,Favorite,-7.166666666666667,L,-8.166666666666668,0.5,18.0,32.0,4.0,15_to_25,SEC,American,P4,G6,P4_vs_G6,False,False,SEC,American,,,25_plus,neutral,True,15_to_25,fav_3_7,team_has_rp_edge
2025,4,2025-09-20T16:00:00.000Z,401754642,Louisville,Bowling Green,Favorite,-26.166666666666668,L,-3.166666666666668,-2.0,20.0,28.0,12.0,15_to_25,ACC,MAC,P4,G6,P4_vs_G6,False,False,ACC,MAC,,,25_plus,5_to_15,True,15_to_25,fav_14_plus,team_has_rp_edge
2025,4,2025-09-20T16:00:00.000Z,401752845,Wisconsin,Maryland,Favorite,-10.5,L,-27.5,4.0,13.0,13.0,14.0,5_to_15,Big Ten,Big Ten,P4,P4,P4_vs_P4,False,False,Big Ten,Big Ten,,,5_to_15,5_to_15,True,5_to_15,fav_7_14,team_has_rp_edge
2025,4,2025-09-20T16:45:00.000Z,401752715,Tennessee,UAB,Favorite,-39.0,L,-7.0,1.0,19.0,9.0,29.0,15_to_25,SEC,American,P4,G6,P4_vs_G6,False,False,SEC,American,,,5_to_15,25_plus,True,15_to_25,fav_14_plus,team_has_rp_edge
2025,4,2025-09-20T19:00:00.000Z,401752841,Oregon State,Oregon,Underdog,34.0,P,0.0,0.0,19.0,11.0,25.0,15_to_25,,,,,,,,,,,,5_to_15,25_plus,True,15_to_25,dog_14_plus,team_has_rp_edge
2025,4,2025-09-20T19:30:00.000Z,401752848,Notre Dame,Purdue,Favorite,-24.5,W,1.5,-2.0,25.0,12.0,39.0,25_plus,Independent,Big Ten,Independent,P4,Other,False,False,Independent,Big Ten,,,5_to_15,25_plus,True,25_plus,fav_14_plus,team_has_rp_edge
2025,4,2025-09-20T19:30:00.000Z,401762820,Toledo,Western Michigan,Favorite,-12.666666666666666,L,-13.666666666666666,-2.0,23.0,26.0,22.0,15_to_25,MAC,MAC,G6,G6,G6_vs_G6,False,False,MAC,MAC,,,25_plus,15_to_25,True,15_to_25,fav_7_14,team_has_rp_edge
2025,4,2025-09-20T19:30:00.000Z,401752711,Tulane,Ole Miss,Underdog,12.166666666666666,L,-22.833333333333336,1.0,14.0,3.0,24.0,5_to_15,American,SEC,G6,P4,G6_vs_P4,False,False,American,SEC,,,neutral,15_to_25,True,5_to_15,dog_7_14,team_has_rp_edge
2025,4,2025-09-20T20:30:00.000Z,401754542,Georgia Tech,Temple,Favorite,-24.5,L,-3.5,1.0,13.0,21.0,6.0,5_to_15,ACC,American,P4,G6,P4_vs_G6,False,False,ACC,American,,,15_to_25,5_to_15,True,5_to_15,fav_14_plus,team_has_rp_edge
2025,4,2025-09-20T23:00:00.000Z,401757264,Middle Tennessee,Marshall,Underdog,2.5,L,-11.5,1.0,24.0,25.0,24.0,15_to_25,Conference USA,Sun Belt,G6,G6,G6_vs_G6,False,False,Conference USA,Sun Belt,,,25_plus,15_to_25,True,15_to_25,pick_to_3,team_has_rp_edge
2025,4,2025-09-20T23:00:00.000Z,401761611,South Alabama,Coastal Carolina,Favorite,-14.666666666666666,L,-32.666666666666664,0.0,10.0,32.0,-12.0,5_to_15,Sun Belt,Sun Belt,G6,G6,G6_vs_G6,False,False,Sun Belt,Sun Belt,,,25_plus,minus_5_to_15,True,5_to_15,fav_14_plus,team_has_rp_edge
2025,4,2025-09-20T23:00:00.000Z,401760372,Boise State,Air Force,Favorite,-11.0,W,1.0,3.0,13.0,32.0,-4.0,5_to_15,Mountain West,Mountain West,G6,G6,G6_vs_G6,False,False,Mountain West,Mountain West,,,25_plus,neutral,True,5_to_15,fav_7_14,team_has_rp_edge
2025,4,2025-09-20T23:30:00.000Z,401752842,Washington,Washington State,Favorite,-20.833333333333332,W,14.166666666666668,0.0,25.0,22.0,26.0,25_plus,,,,,,,,,,,,15_to_25,25_plus,True,25_plus,fav_14_plus,team_has_rp_edge
2025,4,2025-09-20T23:30:00.000Z,401752843,Illinois,Indiana,Underdog,7.0,L,-46.0,-3.0,15.0,18.0,14.0,15_to_25,Big Ten,Big Ten,P4,P4,P4_vs_P4,False,False,Big Ten,Big Ten,,,15_to_25,5_to_15,True,15_to_25,dog_3_7,team_has_rp_edge
2025,4,2025-09-20T23:30:00.000Z,401756898,BYU,East Carolina,Favorite,-6.166666666666667,W,14.833333333333332,-2.0,17.0,38.0,-4.0,15_to_25,Big 12,American,P4,G6,P4_vs_G6,False,False,Big 12,American,,,25_plus,neutral,True,15_to_25,fav_3_7,team_has_rp_edge
2025,4,2025-09-20T23:30:00.000Z,401752709,Florida,Miami,Underdog,8.5,L,-10.5,1.0,11.0,8.0,14.0,5_to_15,SEC,ACC,P4,P4,P4_vs_P4,False,False,SEC,ACC,,,5_to_15,5_to_15,True,5_to_15,dog_7_14,team_has_rp_edge
2025,4,2025-09-21T02:15:00.000Z,401756897,Wyoming,Colorado,Underdog,12.333333333333334,L,-4.666666666666666,1.0,14.0,24.0,4.0,5_to_15,Mountain West,Big 12,G6,P4,G6_vs_P4,False,False,Mountain West,Big 12,,,15_to_25,neutral,True,5_to_15,dog_7_14,team_has_rp_edge
2023,1,2023-08-26T23:30:00.000Z,401520147,Vanderbilt,Hawai'i,Favorite,-17.625,L,-10.625,,18.0,24.0,11.0,15_to_25,SEC,Mountain West,P4,G6,P4_vs_G6,False,False,SEC,Mountain West,,,15_to_25,5_to_15,True,15_to_25,fav_14_plus,team_has_rp_edge
2023,1,2023-09-01T00:00:00.000Z,401520176,Utah,Florida,Favorite,-6.3,W,6.7,,22.0,30.0,14.0,15_to_25,,,,,,,,,,,,25_plus,5_to_15,True,15_to_25,fav_3_7,team_has_rp_edge
2023,1,2023-09-02T16:00:00.000Z,401520172,Louisiana Tech,SMU,Underdog,20.125,L,-3.875,,20.0,14.0,25.0,15_to_25,Conference USA,American,G6,G6,G6_vs_G6,False,False,Conference USA,American,,,5_to_15,25_plus,True,15_to_25,dog_14_plus,team_has_rp_edge
2023,1,2023-09-02T16:00:00.000Z,401520162,Michigan,East Carolina,Favorite,-35.4,L,-8.399999999999999,,47.0,45.0,48.0,25_plus,Big Ten,American,P4,G6,P4_vs_G6,False,False,Big Ten,American,,,25_plus,25_plus,True,25_plus,fav_14_plus,team_has_rp_edge
2023,1,2023-09-02T19:30:00.000Z,401520180,Wisconsin,Buffalo,Favorite,-27.0,L,-6.0,,19.0,26.0,11.0,15_to_25,Big Ten,MAC,P4,G6,P4_vs_G6,False,False,Big Ten,MAC,,,25_plus,5_to_15,True,15_to_25,fav_14_plus,team_has_rp_edge
2023,1,2023-09-02T22:30:00.000Z,401523996,USC,Nevada,Favorite,-37.875,W,14.125,,23.0,21.0,25.0,15_to_25,,,,,,,,,,,,15_to_25,25_plus,True,15_to_25,fav_14_plus,team_has_rp_edge
2023,1,2023-09-02T23:00:00.000Z,401520173,Texas A&M,New Mexico,Favorite,-37.875,W,4.125,,16.0,33.0,-1.0,15_to_25,SEC,Mountain West,P4,G6,P4_vs_G6,False,False,SEC,Mountain West,,,25_plus,neutral,True,15_to_25,fav_14_plus,team_has_rp_edge
2023,1,2023-09-02T23:30:00.000Z,401520149,Middle Tennessee,Alabama,Underdog,39.375,L,-9.625,,29.0,14.0,43.0,25_plus,Conference USA,SEC,G6,P4,G6_vs_P4,False,False,Conference USA,SEC,,,5_to_15,25_plus,True,25_plus,dog_14_plus,team_has_rp_edge
2023,1,2023-09-02T23:30:00.000Z,401525825,Wyoming,Texas Tech,Underdog,13.6,W,15.6,,19.0,30.0,9.0,15_to_25,Mountain West,Big 12,G6,P4,G6_vs_P4,False,False,Mountain West,Big 12,,,25_plus,5_to_15,True,15_to_25,dog_7_14,team_has_rp_edge
2023,1,2023-09-03T16:00:00.000Z,401520171,Rutgers,Northwestern,Favorite,-6.1,W,10.9,,17.0,7.0,26.0,15_to_25,Big Ten,Big Ten,P4,P4,P4_vs_P4,False,False,Big Ten,Big Ten,,,5_to_15,25_plus,True,15_to_25,fav_3_7,team_has_rp_edge
2023,1,2023-09-03T23:30:00.000Z,401520182,Florida State,LSU,Underdog,2.2,W,23.2,,16.0,20.0,13.0,15_to_25,ACC,SEC,P4,P4,P4_vs_P4,False,False,ACC,SEC,,,15_to_25,5_to_15,True,15_to_25,pick_to_3,team_has_rp_edge
2023,2,2023-09-08T23:30:00.000Z,401520195,Kansas,Illinois,Favorite,-3.6666666666666665,W,7.333333333333334,,22.0,29.0,16.0,15_to_25,Big 12,Big Ten,P4,P4,P4_vs_P4,False,False,Big 12,Big Ten,,,25_plus,15_to_25,True,15_to_25,fav_3_7,team_has_rp_edge
2023,2,2023-09-09T16:00:00.000Z,401523999,Utah,Baylor,Favorite,-7.0,P,0.0,,21.0,32.0,9.0,15_to_25,,,,,,,,,,,,25_plus,5_to_15,True,15_to_25,fav_3_7,team_has_rp_edge
2023,2,2023-09-09T16:00:00.000Z,401525498,James Madison,Virginia,Favorite,-6.0,L,-5.0,,18.0,-4.0,41.0,15_to_25,Sun Belt,ACC,G6,P4,G6_vs_P4,False,False,Sun Belt,ACC,,,neutral,25_plus,True,15_to_25,fav_3_7,team_has_rp_edge
2023,2,2023-09-09T19:30:00.000Z,401525497,Syracuse,Western Michigan,Favorite,-24.666666666666668,W,16.333333333333332,,24.0,42.0,5.0,15_to_25,ACC,MAC,P4,G6,P4_vs_G6,False,False,ACC,MAC,,,25_plus,5_to_15,True,15_to_25,fav_14_plus,team_has_rp_edge
2023,2,2023-09-09T20:00:00.000Z,401531411,Marshall,East Carolina,Favorite,-2.8333333333333335,W,15.166666666666666,,27.0,26.0,28.0,25_plus,Sun Belt,American,G6,G6,G6_vs_G6,False,False,Sun Belt,American,,,25_plus,25_plus,True,25_plus,pick_to_3,team_has_rp_edge
2023,2,2023-09-09T21:00:00.000Z,401524004,Washington,Tulsa,Favorite,-33.666666666666664,L,-0.6666666666666643,,33.0,36.0,32.0,25_plus,,,,,,,,,,,,25_plus,25_plus,True,25_plus,fav_14_plus,team_has_rp_edge
2023,2,2023-09-09T23:00:00.000Z,401520183,Texas,Alabama,Underdog,7.166666666666667,W,17.166666666666668,,34.0,47.0,20.0,25_plus,Big 12,SEC,P4,P4,P4_vs_P4,False,False,Big 12,SEC,,,25_plus,15_to_25,True,25_plus,dog_3_7,team_has_rp_edge
2023,2,2023-09-10T00:30:00.000Z,401525493,Florida State,Southern Miss,Favorite,-31.0,W,22.0,,27.0,27.0,26.0,25_plus,ACC,Sun Belt,P4,G6,P4_vs_G6,False,False,ACC,Sun Belt,,,25_plus,25_plus,True,25_plus,fav_14_plus,team_has_rp_edge
2023,2,2023-09-10T02:30:00.000Z,401524003,USC,Stanford,Favorite,-28.666666666666668,W,17.333333333333332,,41.0,39.0,44.0,25_plus,,,,,,,,,,,,25_plus,25_plus,True,25_plus,fav_14_plus,team_has_rp_edge
2023,3,2023-09-16T19:30:00.000Z,401520223,Duke,Northwestern,Favorite,-17.0,W,7.0,,15.0,16.0,14.0,15_to_25,ACC,Big Ten,P4,P4,P4_vs_P4,False,False,ACC,Big Ten,,,15_to_25,5_to_15,True,15_to_25,fav_14_plus,team_has_rp_edge
2023,3,2023-09-16T19:30:00.000Z,401525842,Oklahoma,Tulsa,Favorite,-28.0,W,21.0,,22.0,24.0,22.0,15_to_25,Big 12,American,P4,G6,P4_vs_G6,False,False,Big 12,American,,,15_to_25,15_to_25,True,15_to_25,fav_14_plus,team_has_rp_edge
2023,3,2023-09-16T19:30:00.000Z,401520244,South Florida,Alabama,Underdog,34.25,W,20.25,,16.0,8.0,24.0,15_to_25,American,SEC,G6,P4,G6_vs_P4,False,False,American,SEC,,,5_to_15,15_to_25,True,15_to_25,dog_14_plus,team_has_rp_edge
2023,3,2023-09-16T20:00:00.000Z,401520245,Texas A&M,UL Monroe,Favorite,-36.5,W,7.5,,28.0,16.0,38.0,25_plus,SEC,Sun Belt,P4,G6,P4_vs_G6,False,False,SEC,Sun Belt,,,15_to_25,25_plus,True,25_plus,fav_14_plus,team_has_rp_edge
2023,3,2023-09-16T23:00:00.000Z,401525835,Miami (OH),Cincinnati,Underdog,14.25,W,21.25,,23.0,12.0,34.0,15_to_25,MAC,Big 12,G6,P4,G6_vs_P4,False,True,MAC,American,,0.0,5_to_15,25_plus,True,15_to_25,dog_7_14,team_has_rp_edge
2023,3,2023-09-16T23:00:00.000Z,401531379,Louisiana,UAB,Underdog,2.0,W,22.0,,27.0,36.0,18.0,25_plus,Sun Belt,American,G6,G6,G6_vs_G6,False,True,Sun Belt,Conference USA,,0.0,25_plus,15_to_25,True,25_plus,pick_to_3,team_has_rp_edge
2023,3,2023-09-16T23:30:00.000Z,401520232,Michigan,Bowling Green,Favorite,-40.75,L,-15.75,,22.0,30.0,15.0,15_to_25,Big Ten,MAC,P4,G6,P4_vs_G6,False,False,Big Ten,MAC,,,25_plus,15_to_25,True,15_to_25,fav_14_plus,team_has_rp_edge
2023,3,2023-09-17T00:00:00.000Z,401524008,Oregon,Hawai'i,Favorite,-38.25,W,6.75,,18.0,16.0,20.0,15_to_25,,,,,,,,,,,,15_to_25,15_to_25,True,15_to_25,fav_14_plus,team_has_rp_edge
2023,3,2023-09-17T02:30:00.000Z,401525837,Kansas,Nevada,Favorite,-28.5,L,-21.5,,32.0,37.0,27.0,25_plus,Big 12,Mountain West,P4,G6,P4_vs_G6,False,False,Big 12,Mountain West,,,25_plus,25_plus,True,25_plus,fav_14_plus,team_has_rp_edge
2023,4,2023-09-23T16:00:00.000Z,401525845,Oklahoma,Cincinnati,Favorite,-13.666666666666666,W,0.3333333333333339,,16.0,13.0,21.0,15_to_25,Big 12,Big 12,P4,P4,P4_vs_P4,False,True,Big 12,American,,0.0,5_to_15,15_to_25,True,15_to_25,fav_7_14,team_has_rp_edge
2023,4,2023-09-23T16:00:00.000Z,401525507,Florida State,Clemson,Favorite,-2.0,W,5.0,,18.0,5.0,30.0,15_to_25,ACC,ACC,P4,P4,P4_vs_P4,False,False,ACC,ACC,,,5_to_15,25_plus,True,15_to_25,pick_to_3,team_has_rp_edge
2023,4,2023-09-23T17:30:00.000Z,401532406,Toledo,Western Michigan,Favorite,-21.5,L,-3.5,,28.0,51.0,5.0,25_plus,MAC,MAC,G6,G6,G6_vs_G6,False,False,MAC,MAC,,,25_plus,5_to_15,True,25_plus,fav_14_plus,team_has_rp_edge
2023,4,2023-09-23T19:30:00.000Z,401525506,Boston College,Louisville,Underdog,13.833333333333334,L,-14.166666666666666,,22.0,28.0,18.0,15_to_25,ACC,ACC,P4,P4,P4_vs_P4,False,False,ACC,ACC,,,25_plus,15_to_25,True,15_to_25,dog_7_14,team_has_rp_edge
2023,4,2023-09-23T19:30:00.000Z,401520250,Ole Miss,Alabama,Underdog,7.0,L,-7.0,,31.0,42.0,19.0,25_plus,SEC,SEC,P4,P4,P4_vs_P4,False,False,SEC,SEC,,,25_plus,15_to_25,True,25_plus,dog_3_7,team_has_rp_edge
2023,4,2023-09-23T19:30:00.000Z,401525847,Kansas,BYU,Favorite,-9.333333333333334,W,1.666666666666666,,22.0,26.0,18.0,15_to_25,Big 12,Big 12,P4,P4,P4_vs_P4,False,True,Big 12,Independent,,0.0,25_plus,15_to_25,True,15_to_25,fav_7_14,team_has_rp_edge
2023,4,2023-09-23T20:00:00.000Z,401531423,Rice,South Florida,Favorite,-2.5,L,-15.5,,17.0,5.0,28.0,15_to_25,American,American,G6,G6,G6_vs_G6,True,False,Conference USA,American,0.0,,5_to_15,25_plus,True,15_to_25,pick_to_3,team_has_rp_edge
2023,4,2023-09-23T22:30:00.000Z,401525508,Georgia Tech,Wake Forest,Underdog,3.6666666666666665,W,17.666666666666668,,15.0,10.0,20.0,15_to_25,ACC,ACC,P4,P4,P4_vs_P4,False,False,ACC,ACC,,,5_to_15,15_to_25,True,15_to_25,dog_3_7,team_has_rp_edge
2023,4,2023-09-23T23:00:00.000Z,401524016,Arizona,Stanford,Favorite,-12.833333333333334,L,-11.833333333333334,,22.0,36.0,8.0,15_to_25,,,,,,,,,,,,25_plus,5_to_15,True,15_to_25,fav_7_14,team_has_rp_edge
2023,4,2023-09-23T23:00:00.000Z,401520258,LSU,Arkansas,Favorite,-17.666666666666668,L,-14.666666666666668,,17.0,30.0,2.0,15_to_25,SEC,SEC,P4,P4,P4_vs_P4,False,False,SEC,SEC,,,25_plus,neutral,True,15_to_25,fav_14_plus,team_has_rp_edge
2023,4,2023-09-23T23:30:00.000Z,401520259,Missouri,Memphis,Favorite,-6.5,W,0.5,,15.0,18.0,13.0,15_to_25,SEC,American,P4,G6,P4_vs_G6,False,False,SEC,American,,,15_to_25,5_to_15,True,15_to_25,fav_3_7,team_has_rp_edge
2023,4,2023-09-23T23:30:00.000Z,401520252,Georgia,UAB,Favorite,-40.833333333333336,L,-12.833333333333336,,22.0,10.0,34.0,15_to_25,SEC,American,P4,G6,P4_vs_G6,False,True,SEC,Conference USA,,0.0,5_to_15,25_plus,True,15_to_25,fav_14_plus,team_has_rp_edge
2023,4,2023-09-23T23:30:00.000Z,401525844,Texas,Baylor,Favorite,-16.5,W,15.5,,19.0,34.0,3.0,15_to_25,Big 12,Big 12,P4,P4,P4_vs_P4,False,False,Big 12,Big 12,,,25_plus,neutral,True,15_to_25,fav_14_plus,team_has_rp_edge
2023,4,2023-09-24T00:00:00.000Z,401525510,North Carolina,Pittsburgh,Favorite,-7.166666666666667,W,9.833333333333332,,17.0,20.0,16.0,15_to_25,ACC,ACC,P4,P4,P4_vs_P4,False,False,ACC,ACC,,,15_to_25,15_to_25,True,15_to_25,fav_3_7,team_has_rp_edge
2023,4,2023-09-24T03:59:00.000Z,401520253,New Mexico State,Hawai'i,Underdog,3.6666666666666665,W,0.6666666666666665,,17.0,28.0,6.0,15_to_25,Conference USA,Mountain West,G6,G6,G6_vs_G6,True,False,Independent,Mountain West,0.0,,25_plus,5_to_15,True,15_to_25,dog_3_7,team_has_rp_edge
2024,1,2024-08-30T00:00:00.000Z,401640998,Jacksonville State,Coastal Carolina,Favorite,-3.5,L,-31.5,,24.0,15.0,33.0,15_to_25,Conference USA,Sun Belt,G6,G6,G6_vs_G6,False,False,Conference USA,Sun Belt,,,15_to_25,25_plus,True,15_to_25,fav_3_7,team_has_rp_edge
2024,1,2024-08-30T00:00:00.000Z,401628448,Minnesota,North Carolina,Underdog,0.3333333333333333,L,-1.6666666666666667,,34.0,32.0,37.0,25_plus,Big Ten,ACC,P4,P4,P4_vs_P4,False,False,Big Ten,ACC,,,25_plus,25_plus,True,25_plus,pick_to_3,team_has_rp_edge
2024,1,2024-08-31T16:00:00.000Z,401628333,Virginia Tech,Vanderbilt,Favorite,-13.333333333333334,L,-20.333333333333336,,26.0,30.0,23.0,25_plus,ACC,SEC,P4,P4,P4_vs_P4,False,False,ACC,SEC,,,25_plus,15_to_25,True,25_plus,fav_7_14,team_has_rp_edge
2024,1,2024-08-31T19:30:00.000Z,401628454,Nebraska,UTEP,Favorite,-27.5,W,5.5,0.5,32.0,28.0,36.0,25_plus,Big Ten,Conference USA,P4,G6,P4_vs_G6,False,False,Big Ten,Conference USA,,,25_plus,25_plus,True,25_plus,fav_14_plus,team_has_rp_edge
2024,1,2024-08-31T19:30:00.000Z,401634304,Syracuse,Ohio,Favorite,-17.333333333333332,L,-1.333333333333332,,47.0,48.0,45.0,25_plus,ACC,MAC,P4,G6,P4_vs_G6,False,False,ACC,MAC,,,25_plus,25_plus,True,25_plus,fav_14_plus,team_has_rp_edge
2024,1,2024-08-31T23:00:00.000Z,401643701,Nevada,Troy,Underdog,10.166666666666666,W,12.166666666666666,,23.0,33.0,13.0,15_to_25,Mountain West,Sun Belt,G6,G6,G6_vs_G6,False,False,Mountain West,Sun Belt,,,25_plus,5_to_15,True,15_to_25,dog_7_14,team_has_rp_edge
2024,1,2024-08-31T23:00:00.000Z,401628319,Western Kentucky,Alabama,Underdog,34.166666666666664,L,-28.833333333333336,,17.0,26.0,8.0,15_to_25,Conference USA,SEC,G6,P4,G6_vs_P4,False,False,Conference USA,SEC,,,25_plus,5_to_15,True,15_to_25,dog_14_plus,team_has_rp_edge
2024,1,2024-09-01T00:00:00.000Z,401643774,Charlotte,James Madison,Underdog,7.0,L,-16.0,1.5,22.0,27.0,17.0,15_to_25,American,Sun Belt,G6,G6,G6_vs_G6,False,False,American,Sun Belt,,,25_plus,15_to_25,True,15_to_25,dog_3_7,team_has_rp_edge
2024,1,2024-09-01T02:30:00.000Z,401636608,Arizona,New Mexico,Favorite,-29.166666666666668,L,-7.166666666666668,,26.0,16.0,36.0,25_plus,Big 12,Mountain West,P4,G6,P4_vs_G6,True,False,Pac-12,Mountain West,0.0,,15_to_25,25_plus,True,25_plus,fav_14_plus,team_has_rp_edge
2024,2,2024-09-07T01:00:00.000Z,401635533,Northwestern,Duke,Favorite,-2.1666666666666665,L,-8.166666666666666,-1.0,21.0,7.0,35.0,15_to_25,Big Ten,ACC,P4,P4,P4_vs_P4,False,False,Big Ten,ACC,,,5_to_15,25_plus,True,15_to_25,pick_to_3,team_has_rp_edge
2024,2,2024-09-07T16:00:00.000Z,401643784,Memphis,Troy,Favorite,-18.666666666666668,W,2.333333333333332,1.5,33.0,45.0,23.0,25_plus,American,Sun Belt,G6,G6,G6_vs_G6,False,False,American,Sun Belt,,,25_plus,15_to_25,True,25_plus,fav_14_plus,team_has_rp_edge
2024,2,2024-09-07T16:00:00.000Z,401628470,Penn State,Bowling Green,Favorite,-34.833333333333336,L,-27.833333333333336,3.0,22.0,29.0,14.0,15_to_25,Big Ten,MAC,P4,G6,P4_vs_G6,False,False,Big Ten,MAC,,,25_plus,5_to_15,True,15_to_25,fav_14_plus,team_has_rp_edge
2024,2,2024-09-07T16:00:00.000Z,401628471,Rutgers,Akron,Favorite,-24.5,W,7.5,1.5,21.0,6.0,36.0,15_to_25,Big Ten,MAC,P4,G6,P4_vs_G6,False,False,Big Ten,MAC,,,5_to_15,25_plus,True,15_to_25,fav_14_plus,team_has_rp_edge
2024,2,2024-09-07T16:00:00.000Z,401628347,Texas,Michigan,Favorite,-6.666666666666667,W,12.333333333333332,-1.0,34.0,27.0,42.0,25_plus,SEC,Big Ten,P4,P4,P4_vs_P4,True,False,Big 12,Big Ten,0.0,,25_plus,25_plus,True,25_plus,fav_3_7,team_has_rp_edge
2024,2,2024-09-07T19:30:00.000Z,401635537,Charlotte,North Carolina,Underdog,21.5,W,3.5,0.5,24.0,29.0,20.0,15_to_25,American,ACC,G6,P4,G6_vs_P4,False,False,American,ACC,,,25_plus,15_to_25,True,15_to_25,dog_14_plus,team_has_rp_edge
2024,2,2024-09-07T20:15:00.000Z,401628342,Ole Miss,Middle Tennessee,Favorite,-42.5,W,6.5,2.5,16.0,39.0,-5.0,15_to_25,SEC,Conference USA,P4,G6,P4_vs_G6,False,False,SEC,Conference USA,,,25_plus,minus_5_to_15,True,15_to_25,fav_14_plus,team_has_rp_edge
2024,2,2024-09-07T20:30:00.000Z,401635540,Virginia Tech,Marshall,Favorite,-20.666666666666668,L,-3.666666666666668,4.0,24.0,38.0,10.0,15_to_25,ACC,Sun Belt,P4,G6,P4_vs_G6,False,False,ACC,Sun Belt,,,25_plus,5_to_15,True,15_to_25,fav_14_plus,team_has_rp_edge
2024,2,2024-09-07T22:30:00.000Z,401636617,Sam Houston,UCF,Underdog,21.5,L,-9.5,2.0,15.0,3.0,26.0,15_to_25,Conference USA,Big 12,G6,P4,G6_vs_P4,False,False,Conference USA,Big 12,,,neutral,25_plus,True,15_to_25,dog_14_plus,team_has_rp_edge
2024,2,2024-09-07T23:00:00.000Z,401628335,South Florida,Alabama,Underdog,31.666666666666668,W,5.666666666666668,0.5,28.0,54.0,2.0,25_plus,American,SEC,G6,P4,G6_vs_P4,False,False,American,SEC,,,25_plus,neutral,True,25_plus,dog_14_plus,team_has_rp_edge
2024,2,2024-09-07T23:00:00.000Z,401628344,Missouri,Buffalo,Favorite,-33.666666666666664,W,4.333333333333336,-2.0,39.0,51.0,27.0,25_plus,SEC,MAC,P4,G6,P4_vs_G6,False,False,SEC,MAC,,,25_plus,25_plus,True,25_plus,fav_14_plus,team_has_rp_edge
2024,2,2024-09-07T23:00:00.000Z,401643780,UAB,UL Monroe,Favorite,-11.5,L,-37.5,-0.5,26.0,40.0,13.0,25_plus,American,Sun Belt,G6,G6,G6_vs_G6,False,False,American,Sun Belt,,,25_plus,5_to_15,True,25_plus,fav_7_14,team_has_rp_edge
2024,3,2024-09-14T16:00:00.000Z,401628350,Wisconsin,Alabama,Underdog,15.166666666666666,L,-16.833333333333336,-6.0,27.0,37.0,15.0,25_plus,Big Ten,SEC,P4,P4,P4_vs_P4,False,False,Big Ten,SEC,,,25_plus,15_to_25,True,25_plus,dog_14_plus,team_has_rp_edge
2024,3,2024-09-14T19:30:00.000Z,401628484,Washington State,Washington,Underdog,5.166666666666667,W,10.166666666666668,2.0,19.0,5.0,34.0,15_to_25,,,,,,,,,,,,5_to_15,25_plus,True,15_to_25,dog_3_7,team_has_rp_edge
2024,3,2024-09-14T19:30:00.000Z,401628483,Oregon,Oregon State,Favorite,-17.666666666666668,W,17.333333333333332,-2.5,29.0,42.0,16.0,25_plus,,,,,,,,,,,,25_plus,15_to_25,True,25_plus,fav_14_plus,team_has_rp_edge
2024,3,2024-09-14T20:00:00.000Z,401628477,Iowa,Troy,Favorite,-23.333333333333332,L,-6.333333333333332,0.0,33.0,51.0,16.0,25_plus,Big Ten,Sun Belt,P4,G6,P4_vs_G6,False,False,Big Ten,Sun Belt,,,25_plus,15_to_25,True,25_plus,fav_14_plus,team_has_rp_edge
2024,3,2024-09-14T20:15:00.000Z,401628351,UAB,Arkansas,Underdog,23.666666666666668,W,13.666666666666668,0.0,20.0,40.0,2.0,15_to_25,American,SEC,G6,P4,G6_vs_P4,False,False,American,SEC,,,25_plus,neutral,True,15_to_25,dog_14_plus,team_has_rp_edge
2024,3,2024-09-14T22:00:00.000Z,401635548,Virginia Tech,Old Dominion,Favorite,-15.333333333333334,W,4.666666666666666,0.0,16.0,39.0,-8.0,15_to_25,ACC,Sun Belt,P4,G6,P4_vs_G6,False,False,ACC,Sun Belt,,,25_plus,minus_5_to_15,True,15_to_25,fav_14_plus,team_has_rp_edge
2024,3,2024-09-14T22:00:00.000Z,401640990,Liberty,UTEP,Favorite,-23.666666666666668,L,-5.666666666666668,0.0,15.0,15.0,15.0,15_to_25,Conference USA,Conference USA,G6,G6,G6_vs_G6,False,False,Conference USA,Conference USA,,,15_to_25,15_to_25,True,15_to_25,fav_14_plus,team_has_rp_edge
2024,3,2024-09-14T23:00:00.000Z,401643789,South Florida,Southern Miss,Favorite,-11.666666666666666,W,13.333333333333334,0.0,16.0,24.0,9.0,15_to_25,American,Sun Belt,G6,G6,G6_vs_G6,False,False,American,Sun Belt,,,15_to_25,5_to_15,True,15_to_25,fav_7_14,team_has_rp_edge
2024,3,2024-09-14T23:00:00.000Z,401641024,Western Kentucky,Middle Tennessee,Favorite,-8.5,W,19.5,0.0,16.0,27.0,7.0,15_to_25,Conference USA,Conference USA,G6,G6,G6_vs_G6,False,False,Conference USA,Conference USA,,,25_plus,5_to_15,True,15_to_25,fav_7_14,team_has_rp_edge
2024,3,2024-09-14T23:00:00.000Z,401628361,Texas,UTSA,Favorite,-35.5,W,13.5,0.0,25.0,35.0,15.0,25_plus,SEC,American,P4,G6,P4_vs_G6,True,False,Big 12,American,0.0,,25_plus,15_to_25,True,25_plus,fav_14_plus,team_has_rp_edge
2024,3,2024-09-14T23:00:00.000Z,401640999,Jacksonville State,Eastern Michigan,Favorite,-1.0,L,-4.0,0.0,23.0,14.0,32.0,15_to_25,Conference USA,MAC,G6,G6,G6_vs_G6,False,False,Conference USA,MAC,,,5_to_15,25_plus,True,15_to_25,pick_to_3,team_has_rp_edge
2024,3,2024-09-14T23:30:00.000Z,401628354,Georgia,Kentucky,Favorite,-22.5,L,-21.5,-1.5,16.0,24.0,10.0,15_to_25,SEC,SEC,P4,P4,P4_vs_P4,False,False,SEC,SEC,,,15_to_25,5_to_15,True,15_to_25,fav_14_plus,team_has_rp_edge
2024,3,2024-09-14T23:30:00.000Z,401636860,Baylor,Air Force,Favorite,-16.666666666666668,W,11.333333333333332,0.0,41.0,48.0,34.0,25_plus,Big 12,Mountain West,P4,G6,P4_vs_G6,False,False,Big 12,Mountain West,,,25_plus,25_plus,True,25_plus,fav_14_plus,team_has_rp_edge
2024,3,2024-09-14T23:30:00.000Z,401628352,Auburn,New Mexico,Favorite,-25.833333333333332,W,0.1666666666666678,-4.0,25.0,20.0,29.0,25_plus,SEC,Mountain West,P4,G6,P4_vs_G6,False,False,SEC,Mountain West,,,15_to_25,25_plus,True,25_plus,fav_14_plus,team_has_rp_edge
2024,3,2024-09-14T23:30:00.000Z,401636866,TCU,UCF,Favorite,-2.1666666666666665,L,-3.1666666666666665,4.5,22.0,3.0,40.0,15_to_25,Big 12,Big 12,P4,P4,P4_vs_P4,False,False,Big 12,Big 12,,,neutral,25_plus,True,15_to_25,pick_to_3,team_has_rp_edge
2024,3,2024-09-15T00:00:00.000Z,401628478,Virginia,Maryland,Favorite,-1.1666666666666667,L,-15.166666666666666,0.0,31.0,34.0,28.0,25_plus,ACC,Big Ten,P4,P4,P4_vs_P4,False,False,ACC,Big Ten,,,25_plus,25_plus,True,25_plus,pick_to_3,team_has_rp_edge
2024,3,2024-09-15T02:30:00.000Z,401635541,California,San Diego State,Favorite,-18.666666666666668,W,2.333333333333332,0.0,27.0,36.0,17.0,25_plus,ACC,Mountain West,P4,G6,P4_vs_G6,True,False,Pac-12,Mountain West,0.0,,25_plus,15_to_25,True,25_plus,fav_14_plus,team_has_rp_edge
2024,4,2024-09-21T00:00:00.000Z,401628485,Nebraska,Illinois,Favorite,-8.833333333333334,L,-15.833333333333334,-1.0,15.0,11.0,20.0,15_to_25,Big Ten,Big Ten,P4,P4,P4_vs_P4,False,False,Big Ten,Big Ten,,,5_to_15,15_to_25,True,15_to_25,fav_7_14,team_has_rp_edge
2024,4,2024-09-21T16:00:00.000Z,401643791,Louisiana,Tulane,Underdog,1.5,L,-6.5,,23.0,20.0,26.0,15_to_25,Sun Belt,American,G6,G6,G6_vs_G6,False,False,Sun Belt,American,,,15_to_25,25_plus,True,15_to_25,pick_to_3,team_has_rp_edge
2024,4,2024-09-21T16:00:00.000Z,401645328,Rice,Army,Underdog,7.333333333333333,L,-15.666666666666668,,26.0,25.0,26.0,25_plus,American,American,G6,G6,G6_vs_G6,False,True,American,Independent,,0.0,25_plus,25_plus,True,25_plus,dog_3_7,team_has_rp_edge
2024,4,2024-09-21T16:45:00.000Z,401628364,Kentucky,Ohio,Favorite,-20.666666666666668,W,14.333333333333332,,22.0,12.0,30.0,15_to_25,SEC,MAC,P4,G6,P4_vs_G6,False,False,SEC,MAC,,,5_to_15,25_plus,True,15_to_25,fav_14_plus,team_has_rp_edge
2024,4,2024-09-21T18:00:00.000Z,401635558,Virginia,Coastal Carolina,Favorite,-3.5,W,15.5,0.5,31.0,39.0,24.0,25_plus,ACC,Sun Belt,P4,G6,P4_vs_G6,False,False,ACC,Sun Belt,,,25_plus,15_to_25,True,25_plus,fav_3_7,team_has_rp_edge
2024,4,2024-09-21T19:30:00.000Z,401628363,Auburn,Arkansas,Favorite,-2.5,L,-12.5,-1.0,19.0,33.0,5.0,15_to_25,SEC,SEC,P4,P4,P4_vs_P4,False,False,SEC,SEC,,,25_plus,5_to_15,True,15_to_25,pick_to_3,team_has_rp_edge
2024,4,2024-09-21T23:00:00.000Z,401635551,California,Florida State,Underdog,2.8333333333333335,L,-2.1666666666666665,-0.5,15.0,19.0,10.0,15_to_25,ACC,ACC,P4,P4,P4_vs_P4,True,False,Pac-12,ACC,0.0,,15_to_25,5_to_15,True,15_to_25,pick_to_3,team_has_rp_edge
2024,4,2024-09-21T23:00:00.000Z,401628491,Northwestern,Washington,Underdog,11.833333333333334,L,-7.166666666666666,-1.5,40.0,12.0,69.0,25_plus,Big Ten,Big Ten,P4,P4,P4_vs_P4,False,True,Big Ten,Pac-12,,0.0,5_to_15,25_plus,True,25_plus,dog_7_14,team_has_rp_edge
2024,4,2024-09-21T23:00:00.000Z,401641037,Western Kentucky,Toledo,Underdog,2.3333333333333335,W,7.333333333333334,-3.5,19.0,8.0,32.0,15_to_25,Conference USA,MAC,G6,G6,G6_vs_G6,False,False,Conference USA,MAC,,,5_to_15,25_plus,True,15_to_25,pick_to_3,team_has_rp_edge
2024,4,2024-09-21T23:00:00.000Z,401641034,Sam Houston,New Mexico State,Favorite,-15.0,W,5.0,0.5,16.0,28.0,3.0,15_to_25,Conference USA,Conference USA,G6,G6,G6_vs_G6,False,False,Conference USA,Conference USA,,,25_plus,neutral,True,15_to_25,fav_14_plus,team_has_rp_edge
2024,4,2024-09-21T23:30:00.000Z,401628372,Texas A&M,Bowling Green,Favorite,-21.166666666666668,L,-15.166666666666668,-2.0,24.0,32.0,15.0,15_to_25,SEC,MAC,P4,G6,P4_vs_G6,False,False,SEC,MAC,,,25_plus,15_to_25,True,15_to_25,fav_14_plus,team_has_rp_edge
2024,4,2024-09-22T00:00:00.000Z,401628371,Texas,UL Monroe,Favorite,-43.0,W,5.0,-3.5,30.0,33.0,27.0,25_plus,SEC,Sun Belt,P4,G6,P4_vs_G6,True,False,Big 12,Sun Belt,0.0,,25_plus,25_plus,True,25_plus,fav_14_plus,team_has_rp_edge
2025,1,2025-08-28T23:00:00.000Z,401762789,Wyoming,Akron,Favorite,-6.0,W,4.0,-4.5,15.0,41.0,-12.0,15_to_25,Mountain West,MAC,G6,G6,G6_vs_G6,False,False,Mountain West,MAC,,,25_plus,minus_5_to_15,True,15_to_25,fav_3_7,team_has_rp_edge
2025,1,2025-08-28T23:00:00.000Z,401756848,UCF,Jacksonville State,Favorite,-19.166666666666668,L,-12.166666666666668,4.0,17.0,22.0,11.0,15_to_25,Big 12,Conference USA,P4,G6,P4_vs_G6,False,False,Big 12,Conference USA,,,15_to_25,5_to_15,True,15_to_25,fav_14_plus,team_has_rp_edge
2025,1,2025-08-29T01:00:00.000Z,401762791,Wisconsin,Miami (OH),Favorite,-18.0,L,-1.0,0.5,32.0,18.0,47.0,25_plus,Big Ten,MAC,P4,G6,P4_vs_G6,False,False,Big Ten,MAC,,,15_to_25,25_plus,True,25_plus,fav_14_plus,team_has_rp_edge
2025,1,2025-08-30T19:30:00.000Z,401752807,Penn State,Nevada,Favorite,-44.166666666666664,L,-9.166666666666664,0.0,34.0,46.0,20.0,25_plus,Big Ten,Mountain West,P4,G6,P4_vs_G6,False,False,Big Ten,Mountain West,,,25_plus,15_to_25,True,25_plus,fav_14_plus,team_has_rp_edge
2025,1,2025-08-30T23:30:00.000Z,401752671,Clemson,LSU,Favorite,-4.833333333333333,L,-11.833333333333332,3.0,19.0,27.0,10.0,15_to_25,ACC,SEC,P4,P4,P4_vs_P4,False,False,ACC,SEC,,,25_plus,5_to_15,True,15_to_25,fav_3_7,team_has_rp_edge
2025,1,2025-08-30T23:30:00.000Z,401752808,Michigan,New Mexico,Favorite,-35.166666666666664,L,-18.166666666666664,0.0,37.0,38.0,35.0,25_plus,Big Ten,Mountain West,P4,G6,P4_vs_G6,False,False,Big Ten,Mountain West,,,25_plus,25_plus,True,25_plus,fav_14_plus,team_has_rp_edge
2025,1,2025-08-31T03:00:00.000Z,401752800,Utah,UCLA,Favorite,-6.5,W,26.5,3.5,18.0,39.0,-2.0,15_to_25,Big 12,Big Ten,P4,P4,P4_vs_P4,False,False,Big 12,Big Ten,,,25_plus,neutral,True,15_to_25,fav_3_7,team_has_rp_edge
2025,2,2025-09-06T16:00:00.000Z,401754525,Baylor,SMU,Underdog,2.75,W,5.75,2.0,15.0,21.0,9.0,15_to_25,Big 12,ACC,P4,P4,P4_vs_P4,False,False,Big 12,ACC,,,15_to_25,5_to_15,True,15_to_25,pick_to_3,team_has_rp_edge
2025,2,2025-09-06T16:00:00.000Z,401752825,Illinois,Duke,Favorite,-2.5,W,23.5,0.0,18.0,22.0,15.0,15_to_25,Big Ten,ACC,P4,P4,P4_vs_P4,False,False,Big Ten,ACC,,,15_to_25,15_to_25,True,15_to_25,pick_to_3,team_has_rp_edge
2025,2,2025-09-06T16:00:00.000Z,401757227,Liberty,Jacksonville State,Favorite,-6.25,L,-16.25,1.0,38.0,42.0,35.0,25_plus,Conference USA,Conference USA,G6,G6,G6_vs_G6,False,False,Conference USA,Conference USA,,,25_plus,25_plus,True,25_plus,fav_3_7,team_has_rp_edge
2025,2,2025-09-06T19:30:00.000Z,401752818,Rutgers,Miami (OH),Favorite,-15.5,W,12.5,2.0,39.0,31.0,47.0,25_plus,Big Ten,MAC,P4,G6,P4_vs_G6,False,False,Big Ten,MAC,,,25_plus,25_plus,True,25_plus,fav_14_plus,team_has_rp_edge
2025,2,2025-09-06T19:30:00.000Z,401756880,Cincinnati,Bowling Green,Favorite,-22.0,L,-8.0,4.5,30.0,35.0,26.0,25_plus,Big 12,MAC,P4,G6,P4_vs_G6,False,False,Big 12,MAC,,,25_plus,25_plus,True,25_plus,fav_14_plus,team_has_rp_edge
2025,2,2025-09-06T19:30:00.000Z,401752686,Kentucky,Ole Miss,Underdog,7.75,W,0.75,2.0,18.0,18.0,17.0,15_to_25,SEC,SEC,P4,P4,P4_vs_P4,False,False,SEC,SEC,,,15_to_25,15_to_25,True,15_to_25,dog_7_14,team_has_rp_edge
2025,2,2025-09-06T19:30:00.000Z,401754637,Clemson,Troy,Favorite,-30.25,L,-19.25,-2.0,15.0,18.0,11.0,15_to_25,ACC,Sun Belt,P4,G6,P4_vs_G6,False,False,ACC,Sun Belt,,,15_to_25,5_to_15,True,15_to_25,fav_14_plus,team_has_rp_edge
2025,2,2025-09-06T19:30:00.000Z,401756881,Delaware,Colorado,Underdog,23.5,L,-0.5,1.0,15.0,-1.0,32.0,15_to_25,Conference USA,Big 12,G6,P4,G6_vs_P4,False,False,,Big 12,,,neutral,25_plus,True,15_to_25,dog_14_plus,team_has_rp_edge
2025,2,2025-09-06T19:30:00.000Z,401762461,North Texas,Western Michigan,Favorite,-12.25,L,-9.25,2.0,16.0,-6.0,40.0,15_to_25,American,MAC,G6,G6,G6_vs_G6,False,False,American,MAC,,,minus_5_to_15,25_plus,True,15_to_25,fav_7_14,team_has_rp_edge
2025,2,2025-09-06T19:30:00.000Z,401762458,Navy,UAB,Favorite,-21.5,L,-7.5,1.0,24.0,33.0,14.0,15_to_25,American,American,G6,G6,G6_vs_G6,False,False,American,American,,,25_plus,5_to_15,True,15_to_25,fav_14_plus,team_has_rp_edge
2025,2,2025-09-06T23:00:00.000Z,401754527,North Carolina,Charlotte,Favorite,-15.75,W,1.25,2.0,23.0,11.0,36.0,15_to_25,ACC,American,P4,G6,P4_vs_G6,False,False,ACC,American,,,5_to_15,25_plus,True,15_to_25,fav_14_plus,team_has_rp_edge
2025,2,2025-09-06T23:00:00.000Z,401757232,Toledo,Western Kentucky,Favorite,-8.0,W,16.0,1.0,26.0,42.0,10.0,25_plus,MAC,Conference USA,G6,G6,G6_vs_G6,False,False,MAC,Conference USA,,,25_plus,5_to_15,True,25_plus,fav_7_14,team_has_rp_edge
2025,2,2025-09-06T23:00:00.000Z,401756884,Houston,Rice,Favorite,-13.5,W,12.5,1.0,26.0,18.0,32.0,25_plus,Big 12,American,P4,G6,P4_vs_G6,False,False,Big 12,American,,,15_to_25,25_plus,True,25_plus,fav_7_14,team_has_rp_edge
2025,2,2025-09-06T23:30:00.000Z,401752695,Vanderbilt,Virginia Tech,Underdog,2.0,W,26.0,-0.5,16.0,12.0,21.0,15_to_25,SEC,ACC,P4,P4,P4_vs_P4,False,False,SEC,ACC,,,5_to_15,15_to_25,True,15_to_25,pick_to_3,team_has_rp_edge
2025,2,2025-09-07T01:00:00.000Z,401757229,New Mexico State,Tulsa,Underdog,3.25,W,10.25,0.0,18.0,17.0,19.0,15_to_25,Conference USA,American,G6,G6,G6_vs_G6,False,False,Conference USA,American,,,15_to_25,15_to_25,True,15_to_25,pick_to_3,team_has_rp_edge
2025,2,2025-09-07T02:15:00.000Z,401752948,San Diego State,Washington State,Underdog,2.25,L,-20.75,-1.0,25.0,7.0,43.0,25_plus,,,,,,,,,,,,5_to_15,25_plus,True,25_plus,pick_to_3,team_has_rp_edge
2025,2,2025-09-07T03:59:00.000Z,401757230,Hawai'i,Sam Houston,Favorite,-7.25,W,9.75,0.0,18.0,38.0,-2.0,15_to_25,Mountain West,Conference USA,G6,G6,G6_vs_G6,False,False,Mountain West,Conference USA,,,25_plus,neutral,True,15_to_25,fav_3_7,team_has_rp_edge
2025,3,2025-09-12T23:30:00.000Z,401756893,Houston,Colorado,Favorite,-3.8333333333333335,W,12.166666666666666,-0.5,15.0,13.0,17.0,15_to_25,Big 12,Big 12,P4,P4,P4_vs_P4,False,False,Big 12,Big 12,,,5_to_15,15_to_25,True,15_to_25,fav_3_7,team_has_rp_edge
2025,3,2025-09-13T02:00:00.000Z,401752837,UCLA,New Mexico,Favorite,-15.5,L,-40.5,0.5,16.0,28.0,4.0,15_to_25,Big Ten,Mountain West,P4,G6,P4_vs_G6,False,False,Big Ten,Mountain West,,,25_plus,neutral,True,15_to_25,fav_14_plus,team_has_rp_edge
2025,3,2025-09-13T16:00:00.000Z,401754623,Clemson,Georgia Tech,Favorite,-2.8333333333333335,L,-5.833333333333334,-3.5,17.0,21.0,11.0,15_to_25,ACC,ACC,P4,P4,P4_vs_P4,False,False,ACC,ACC,,,15_to_25,5_to_15,True,15_to_25,pick_to_3,team_has_rp_edge
2025,3,2025-09-13T16:00:00.000Z,401761608,Troy,Memphis,Underdog,4.5,L,-16.5,,27.0,31.0,23.0,25_plus,Sun Belt,American,G6,G6,G6_vs_G6,False,False,Sun Belt,American,,,25_plus,15_to_25,True,25_plus,dog_3_7,team_has_rp_edge
2025,3,2025-09-13T16:00:00.000Z,401752703,Oklahoma,Temple,Favorite,-23.833333333333332,W,15.166666666666668,-1.0,18.0,35.0,1.0,15_to_25,SEC,American,P4,G6,P4_vs_G6,False,False,SEC,American,,,25_plus,neutral,True,15_to_25,fav_14_plus,team_has_rp_edge
2025,3,2025-09-13T16:00:00.000Z,401752831,Northwestern,Oregon,Underdog,25.5,W,5.5,3.0,15.0,8.0,21.0,15_to_25,Big Ten,Big Ten,P4,P4,P4_vs_P4,False,False,Big Ten,Big Ten,,,5_to_15,15_to_25,True,15_to_25,dog_14_plus,team_has_rp_edge
2025,3,2025-09-13T17:00:00.000Z,401752702,Missouri,Louisiana,Favorite,-27.5,W,14.5,5.0,19.0,3.0,35.0,15_to_25,SEC,Sun Belt,P4,G6,P4_vs_G6,False,False,SEC,Sun Belt,,,neutral,25_plus,True,15_to_25,fav_14_plus,team_has_rp_edge
2025,3,2025-09-13T19:30:00.000Z,401754638,Pittsburgh,West Virginia,Favorite,-6.833333333333333,L,-13.833333333333332,2.5,18.0,12.0,23.0,15_to_25,ACC,Big 12,P4,P4,P4_vs_P4,False,False,ACC,Big 12,,,5_to_15,15_to_25,True,15_to_25,fav_3_7,team_has_rp_edge
2025,3,2025-09-13T19:30:00.000Z,401752949,North Texas,Washington State,Favorite,-6.5,W,42.5,1.0,26.0,17.0,35.0,25_plus,,,,,,,,,,,,15_to_25,25_plus,True,25_plus,fav_3_7,team_has_rp_edge
2025,3,2025-09-13T20:15:00.000Z,401752706,UTEP,Texas,Underdog,39.833333333333336,W,22.833333333333336,-4.0,16.0,14.0,18.0,15_to_25,Conference USA,SEC,G6,P4,G6_vs_P4,False,False,Conference USA,SEC,,,5_to_15,15_to_25,True,15_to_25,dog_14_plus,team_has_rp_edge
2025,3,2025-09-13T21:00:00.000Z,401757256,Liberty,Bowling Green,Favorite,-6.0,L,-16.0,-1.0,28.0,31.0,27.0,25_plus,Conference USA,MAC,G6,G6,G6_vs_G6,False,False,Conference USA,MAC,,,25_plus,25_plus,True,25_plus,fav_3_7,team_has_rp_edge
2025,3,2025-09-13T21:00:00.000Z,401757258,Middle Tennessee,Nevada,Underdog,9.333333333333334,W,10.333333333333334,0.0,27.0,32.0,22.0,25_plus,Conference USA,Mountain West,G6,G6,G6_vs_G6,False,False,Conference USA,Mountain West,,,25_plus,15_to_25,True,25_plus,dog_7_14,team_has_rp_edge
2025,3,2025-09-13T23:00:00.000Z,401752829,Illinois,Western Michigan,Favorite,-27.5,W,10.5,-1.0,39.0,29.0,51.0,25_plus,Big Ten,MAC,P4,G6,P4_vs_G6,False,False,Big Ten,MAC,,,25_plus,25_plus,True,25_plus,fav_14_plus,team_has_rp_edge
2025,3,2025-09-13T23:00:00.000Z,401752700,Arkansas,Ole Miss,Underdog,3.8333333333333335,L,-2.1666666666666665,4.0,15.0,20.0,10.0,15_to_25,SEC,SEC,P4,P4,P4_vs_P4,False,False,SEC,SEC,,,15_to_25,5_to_15,True,15_to_25,dog_3_7,team_has_rp_edge
2025,3,2025-09-13T23:30:00.000Z,401757257,New Mexico State,Louisiana Tech,Underdog,10.166666666666666,L,-24.833333333333336,2.0,17.0,24.0,11.0,15_to_25,Conference USA,Conference USA,G6,G6,G6_vs_G6,False,False,Conference USA,Conference USA,,,15_to_25,5_to_15,True,15_to_25,dog_7_14,team_has_rp_edge
2025,3,2025-09-14T00:00:00.000Z,401762465,Navy,Tulsa,Favorite,-13.666666666666666,W,5.333333333333334,-1.0,16.0,21.0,10.0,15_to_25,American,American,G6,G6,G6_vs_G6,False,False,American,American,,,15_to_25,5_to_15,True,15_to_25,fav_7_14,team_has_rp_edge
2025,4,2025-09-20T16:00:00.000Z,401754537,Clemson,Syracuse,Favorite,-17.5,L,-30.5,1.0,31.0,24.0,38.0,25_plus,ACC,ACC,P4,P4,P4_vs_P4,False,False,ACC,ACC,,,15_to_25,25_plus,True,25_plus,fav_14_plus,team_has_rp_edge
2025,4,2025-09-20T16:00:00.000Z,401752708,Arkansas,Memphis,Favorite,-7.166666666666667,L,-8.166666666666668,0.5,18.0,32.0,4.0,15_to_25,SEC,American,P4,G6,P4_vs_G6,False,False,SEC,American,,,25_plus,neutral,True,15_to_25,fav_3_7,team_has_rp_edge
2025,4,2025-09-20T16:00:00.000Z,401754642,Louisville,Bowling Green,Favorite,-26.166666666666668,L,-3.166666666666668,-2.0,20.0,28.0,12.0,15_to_25,ACC,MAC,P4,G6,P4_vs_G6,False,False,ACC,MAC,,,25_plus,5_to_15,True,15_to_25,fav_14_plus,team_has_rp_edge
2025,4,2025-09-20T16:45:00.000Z,401752715,Tennessee,UAB,Favorite,-39.0,L,-7.0,1.0,19.0,9.0,29.0,15_to_25,SEC,American,P4,G6,P4_vs_G6,False,False,SEC,American,,,5_to_15,25_plus,True,15_to_25,fav_14_plus,team_has_rp_edge
2025,4,2025-09-20T19:00:00.000Z,401752841,Oregon State,Oregon,Underdog,34.0,P,0.0,0.0,19.0,11.0,25.0,15_to_25,,,,,,,,,,,,5_to_15,25_plus,True,15_to_25,dog_14_plus,team_has_rp_edge
2025,4,2025-09-20T19:30:00.000Z,401752848,Notre Dame,Purdue,Favorite,-24.5,W,1.5,-2.0,25.0,12.0,39.0,25_plus,Independent,Big Ten,Independent,P4,Other,False,False,Independent,Big Ten,,,5_to_15,25_plus,True,25_plus,fav_14_plus,team_has_rp_edge
2025,4,2025-09-20T19:30:00.000Z,401762820,Toledo,Western Michigan,Favorite,-12.666666666666666,L,-13.666666666666666,-2.0,23.0,26.0,22.0,15_to_25,MAC,MAC,G6,G6,G6_vs_G6,False,False,MAC,MAC,,,25_plus,15_to_25,True,15_to_25,fav_7_14,team_has_rp_edge
2025,4,2025-09-20T23:00:00.000Z,401757264,Middle Tennessee,Marshall,Underdog,2.5,L,-11.5,1.0,24.0,25.0,24.0,15_to_25,Conference USA,Sun Belt,G6,G6,G6_vs_G6,False,False,Conference USA,Sun Belt,,,25_plus,15_to_25,True,15_to_25,pick_to_3,team_has_rp_edge
2025,4,2025-09-20T23:30:00.000Z,401752842,Washington,Washington State,Favorite,-20.833333333333332,W,14.166666666666668,0.0,25.0,22.0,26.0,25_plus,,,,,,,,,,,,15_to_25,25_plus,True,25_plus,fav_14_plus,team_has_rp_edge
2025,4,2025-09-20T23:30:00.000Z,401752843,Illinois,Indiana,Underdog,7.0,L,-46.0,-3.0,15.0,18.0,14.0,15_to_25,Big Ten,Big Ten,P4,P4,P4_vs_P4,False,False,Big Ten,Big Ten,,,15_to_25,5_to_15,True,15_to_25,dog_3_7,team_has_rp_edge
2025,4,2025-09-20T23:30:00.000Z,401756898,BYU,East Carolina,Favorite,-6.166666666666667,W,14.833333333333332,-2.0,17.0,38.0,-4.0,15_to_25,Big 12,American,P4,G6,P4_vs_G6,False,False,Big 12,American,,,25_plus,neutral,True,15_to_25,fav_3_7,team_has_rp_edge
2023,1,2023-09-01T00:00:00.000Z,401520176,Utah,Florida,Favorite,-6.3,W,6.7,,22.0,30.0,14.0,15_to_25,,,,,,,,,,,,25_plus,5_to_15,True,15_to_25,fav_3_7,team_has_rp_edge
2023,1,2023-09-02T16:00:00.000Z,401520172,Louisiana Tech,SMU,Underdog,20.125,L,-3.875,,20.0,14.0,25.0,15_to_25,Conference USA,American,G6,G6,G6_vs_G6,False,False,Conference USA,American,,,5_to_15,25_plus,True,15_to_25,dog_14_plus,team_has_rp_edge
2023,1,2023-09-02T16:00:00.000Z,401520162,Michigan,East Carolina,Favorite,-35.4,L,-8.399999999999999,,47.0,45.0,48.0,25_plus,Big Ten,American,P4,G6,P4_vs_G6,False,False,Big Ten,American,,,25_plus,25_plus,True,25_plus,fav_14_plus,team_has_rp_edge
2023,1,2023-09-02T22:30:00.000Z,401523996,USC,Nevada,Favorite,-37.875,W,14.125,,23.0,21.0,25.0,15_to_25,,,,,,,,,,,,15_to_25,25_plus,True,15_to_25,fav_14_plus,team_has_rp_edge
2023,1,2023-09-02T23:30:00.000Z,401520149,Middle Tennessee,Alabama,Underdog,39.375,L,-9.625,,29.0,14.0,43.0,25_plus,Conference USA,SEC,G6,P4,G6_vs_P4,False,False,Conference USA,SEC,,,5_to_15,25_plus,True,25_plus,dog_14_plus,team_has_rp_edge
2023,2,2023-09-08T23:30:00.000Z,401520195,Kansas,Illinois,Favorite,-3.6666666666666665,W,7.333333333333334,,22.0,29.0,16.0,15_to_25,Big 12,Big Ten,P4,P4,P4_vs_P4,False,False,Big 12,Big Ten,,,25_plus,15_to_25,True,15_to_25,fav_3_7,team_has_rp_edge
2023,2,2023-09-09T16:00:00.000Z,401523999,Utah,Baylor,Favorite,-7.0,P,0.0,,21.0,32.0,9.0,15_to_25,,,,,,,,,,,,25_plus,5_to_15,True,15_to_25,fav_3_7,team_has_rp_edge
2023,2,2023-09-09T19:30:00.000Z,401525497,Syracuse,Western Michigan,Favorite,-24.666666666666668,W,16.333333333333332,,24.0,42.0,5.0,15_to_25,ACC,MAC,P4,G6,P4_vs_G6,False,False,ACC,MAC,,,25_plus,5_to_15,True,15_to_25,fav_14_plus,team_has_rp_edge
2023,2,2023-09-09T20:00:00.000Z,401531411,Marshall,East Carolina,Favorite,-2.8333333333333335,W,15.166666666666666,,27.0,26.0,28.0,25_plus,Sun Belt,American,G6,G6,G6_vs_G6,False,False,Sun Belt,American,,,25_plus,25_plus,True,25_plus,pick_to_3,team_has_rp_edge
2023,2,2023-09-09T21:00:00.000Z,401524004,Washington,Tulsa,Favorite,-33.666666666666664,L,-0.6666666666666643,,33.0,36.0,32.0,25_plus,,,,,,,,,,,,25_plus,25_plus,True,25_plus,fav_14_plus,team_has_rp_edge
2023,2,2023-09-09T23:00:00.000Z,401520183,Texas,Alabama,Underdog,7.166666666666667,W,17.166666666666668,,34.0,47.0,20.0,25_plus,Big 12,SEC,P4,P4,P4_vs_P4,False,False,Big 12,SEC,,,25_plus,15_to_25,True,25_plus,dog_3_7,team_has_rp_edge
2023,2,2023-09-10T00:30:00.000Z,401525493,Florida State,Southern Miss,Favorite,-31.0,W,22.0,,27.0,27.0,26.0,25_plus,ACC,Sun Belt,P4,G6,P4_vs_G6,False,False,ACC,Sun Belt,,,25_plus,25_plus,True,25_plus,fav_14_plus,team_has_rp_edge
2023,2,2023-09-10T02:30:00.000Z,401524003,USC,Stanford,Favorite,-28.666666666666668,W,17.333333333333332,,41.0,39.0,44.0,25_plus,,,,,,,,,,,,25_plus,25_plus,True,25_plus,fav_14_plus,team_has_rp_edge
2023,3,2023-09-16T19:30:00.000Z,401525842,Oklahoma,Tulsa,Favorite,-28.0,W,21.0,,22.0,24.0,22.0,15_to_25,Big 12,American,P4,G6,P4_vs_G6,False,False,Big 12,American,,,15_to_25,15_to_25,True,15_to_25,fav_14_plus,team_has_rp_edge
2023,3,2023-09-16T20:00:00.000Z,401520245,Texas A&M,UL Monroe,Favorite,-36.5,W,7.5,,28.0,16.0,38.0,25_plus,SEC,Sun Belt,P4,G6,P4_vs_G6,False,False,SEC,Sun Belt,,,15_to_25,25_plus,True,25_plus,fav_14_plus,team_has_rp_edge
2023,3,2023-09-16T23:00:00.000Z,401525835,Miami (OH),Cincinnati,Underdog,14.25,W,21.25,,23.0,12.0,34.0,15_to_25,MAC,Big 12,G6,P4,G6_vs_P4,False,True,MAC,American,,0.0,5_to_15,25_plus,True,15_to_25,dog_7_14,team_has_rp_edge
2023,3,2023-09-16T23:00:00.000Z,401531379,Louisiana,UAB,Underdog,2.0,W,22.0,,27.0,36.0,18.0,25_plus,Sun Belt,American,G6,G6,G6_vs_G6,False,True,Sun Belt,Conference USA,,0.0,25_plus,15_to_25,True,25_plus,pick_to_3,team_has_rp_edge
2023,3,2023-09-16T23:30:00.000Z,401520232,Michigan,Bowling Green,Favorite,-40.75,L,-15.75,,22.0,30.0,15.0,15_to_25,Big Ten,MAC,P4,G6,P4_vs_G6,False,False,Big Ten,MAC,,,25_plus,15_to_25,True,15_to_25,fav_14_plus,team_has_rp_edge
2023,3,2023-09-17T02:30:00.000Z,401525837,Kansas,Nevada,Favorite,-28.5,L,-21.5,,32.0,37.0,27.0,25_plus,Big 12,Mountain West,P4,G6,P4_vs_G6,False,False,Big 12,Mountain West,,,25_plus,25_plus,True,25_plus,fav_14_plus,team_has_rp_edge
2023,4,2023-09-23T17:30:00.000Z,401532406,Toledo,Western Michigan,Favorite,-21.5,L,-3.5,,28.0,51.0,5.0,25_plus,MAC,MAC,G6,G6,G6_vs_G6,False,False,MAC,MAC,,,25_plus,5_to_15,True,25_plus,fav_14_plus,team_has_rp_edge
2023,4,2023-09-23T19:30:00.000Z,401525506,Boston College,Louisville,Underdog,13.833333333333334,L,-14.166666666666666,,22.0,28.0,18.0,15_to_25,ACC,ACC,P4,P4,P4_vs_P4,False,False,ACC,ACC,,,25_plus,15_to_25,True,15_to_25,dog_7_14,team_has_rp_edge
2023,4,2023-09-23T19:30:00.000Z,401520250,Ole Miss,Alabama,Underdog,7.0,L,-7.0,,31.0,42.0,19.0,25_plus,SEC,SEC,P4,P4,P4_vs_P4,False,False,SEC,SEC,,,25_plus,15_to_25,True,25_plus,dog_3_7,team_has_rp_edge
2023,4,2023-09-23T19:30:00.000Z,401525847,Kansas,BYU,Favorite,-9.333333333333334,W,1.666666666666666,,22.0,26.0,18.0,15_to_25,Big 12,Big 12,P4,P4,P4_vs_P4,False,True,Big 12,Independent,,0.0,25_plus,15_to_25,True,15_to_25,fav_7_14,team_has_rp_edge
2023,4,2023-09-23T23:00:00.000Z,401524016,Arizona,Stanford,Favorite,-12.833333333333334,L,-11.833333333333334,,22.0,36.0,8.0,15_to_25,,,,,,,,,,,,25_plus,5_to_15,True,15_to_25,fav_7_14,team_has_rp_edge
2023,4,2023-09-23T23:30:00.000Z,401520252,Georgia,UAB,Favorite,-40.833333333333336,L,-12.833333333333336,,22.0,10.0,34.0,15_to_25,SEC,American,P4,G6,P4_vs_G6,False,True,SEC,Conference USA,,0.0,5_to_15,25_plus,True,15_to_25,fav_14_plus,team_has_rp_edge
2024,1,2024-08-30T00:00:00.000Z,401640998,Jacksonville State,Coastal Carolina,Favorite,-3.5,L,-31.5,,24.0,15.0,33.0,15_to_25,Conference USA,Sun Belt,G6,G6,G6_vs_G6,False,False,Conference USA,Sun Belt,,,15_to_25,25_plus,True,15_to_25,fav_3_7,team_has_rp_edge
2024,1,2024-08-30T00:00:00.000Z,401628448,Minnesota,North Carolina,Underdog,0.3333333333333333,L,-1.6666666666666667,,34.0,32.0,37.0,25_plus,Big Ten,ACC,P4,P4,P4_vs_P4,False,False,Big Ten,ACC,,,25_plus,25_plus,True,25_plus,pick_to_3,team_has_rp_edge
2024,1,2024-08-31T16:00:00.000Z,401628333,Virginia Tech,Vanderbilt,Favorite,-13.333333333333334,L,-20.333333333333336,,26.0,30.0,23.0,25_plus,ACC,SEC,P4,P4,P4_vs_P4,False,False,ACC,SEC,,,25_plus,15_to_25,True,25_plus,fav_7_14,team_has_rp_edge
2024,1,2024-08-31T19:30:00.000Z,401628454,Nebraska,UTEP,Favorite,-27.5,W,5.5,0.5,32.0,28.0,36.0,25_plus,Big Ten,Conference USA,P4,G6,P4_vs_G6,False,False,Big Ten,Conference USA,,,25_plus,25_plus,True,25_plus,fav_14_plus,team_has_rp_edge
2024,1,2024-08-31T19:30:00.000Z,401634304,Syracuse,Ohio,Favorite,-17.333333333333332,L,-1.333333333333332,,47.0,48.0,45.0,25_plus,ACC,MAC,P4,G6,P4_vs_G6,False,False,ACC,MAC,,,25_plus,25_plus,True,25_plus,fav_14_plus,team_has_rp_edge
2024,1,2024-08-31T23:00:00.000Z,401643701,Nevada,Troy,Underdog,10.166666666666666,W,12.166666666666666,,23.0,33.0,13.0,15_to_25,Mountain West,Sun Belt,G6,G6,G6_vs_G6,False,False,Mountain West,Sun Belt,,,25_plus,5_to_15,True,15_to_25,dog_7_14,team_has_rp_edge
2024,1,2024-09-01T00:00:00.000Z,401643774,Charlotte,James Madison,Underdog,7.0,L,-16.0,1.5,22.0,27.0,17.0,15_to_25,American,Sun Belt,G6,G6,G6_vs_G6,False,False,American,Sun Belt,,,25_plus,15_to_25,True,15_to_25,dog_3_7,team_has_rp_edge
2024,1,2024-09-01T02:30:00.000Z,401636608,Arizona,New Mexico,Favorite,-29.166666666666668,L,-7.166666666666668,,26.0,16.0,36.0,25_plus,Big 12,Mountain West,P4,G6,P4_vs_G6,True,False,Pac-12,Mountain West,0.0,,15_to_25,25_plus,True,25_plus,fav_14_plus,team_has_rp_edge
2024,2,2024-09-07T01:00:00.000Z,401635533,Northwestern,Duke,Favorite,-2.1666666666666665,L,-8.166666666666666,-1.0,21.0,7.0,35.0,15_to_25,Big Ten,ACC,P4,P4,P4_vs_P4,False,False,Big Ten,ACC,,,5_to_15,25_plus,True,15_to_25,pick_to_3,team_has_rp_edge
2024,2,2024-09-07T16:00:00.000Z,401643784,Memphis,Troy,Favorite,-18.666666666666668,W,2.333333333333332,1.5,33.0,45.0,23.0,25_plus,American,Sun Belt,G6,G6,G6_vs_G6,False,False,American,Sun Belt,,,25_plus,15_to_25,True,25_plus,fav_14_plus,team_has_rp_edge
2024,2,2024-09-07T16:00:00.000Z,401628470,Penn State,Bowling Green,Favorite,-34.833333333333336,L,-27.833333333333336,3.0,22.0,29.0,14.0,15_to_25,Big Ten,MAC,P4,G6,P4_vs_G6,False,False,Big Ten,MAC,,,25_plus,5_to_15,True,15_to_25,fav_14_plus,team_has_rp_edge
2024,2,2024-09-07T16:00:00.000Z,401628471,Rutgers,Akron,Favorite,-24.5,W,7.5,1.5,21.0,6.0,36.0,15_to_25,Big Ten,MAC,P4,G6,P4_vs_G6,False,False,Big Ten,MAC,,,5_to_15,25_plus,True,15_to_25,fav_14_plus,team_has_rp_edge
2024,2,2024-09-07T16:00:00.000Z,401628347,Texas,Michigan,Favorite,-6.666666666666667,W,12.333333333333332,-1.0,34.0,27.0,42.0,25_plus,SEC,Big Ten,P4,P4,P4_vs_P4,True,False,Big 12,Big Ten,0.0,,25_plus,25_plus,True,25_plus,fav_3_7,team_has_rp_edge
2024,2,2024-09-07T19:30:00.000Z,401635537,Charlotte,North Carolina,Underdog,21.5,W,3.5,0.5,24.0,29.0,20.0,15_to_25,American,ACC,G6,P4,G6_vs_P4,False,False,American,ACC,,,25_plus,15_to_25,True,15_to_25,dog_14_plus,team_has_rp_edge
2024,2,2024-09-07T20:30:00.000Z,401635540,Virginia Tech,Marshall,Favorite,-20.666666666666668,L,-3.666666666666668,4.0,24.0,38.0,10.0,15_to_25,ACC,Sun Belt,P4,G6,P4_vs_G6,False,False,ACC,Sun Belt,,,25_plus,5_to_15,True,15_to_25,fav_14_plus,team_has_rp_edge
2024,2,2024-09-07T23:00:00.000Z,401628335,South Florida,Alabama,Underdog,31.666666666666668,W,5.666666666666668,0.5,28.0,54.0,2.0,25_plus,American,SEC,G6,P4,G6_vs_P4,False,False,American,SEC,,,25_plus,neutral,True,25_plus,dog_14_plus,team_has_rp_edge
2024,2,2024-09-07T23:00:00.000Z,401628344,Missouri,Buffalo,Favorite,-33.666666666666664,W,4.333333333333336,-2.0,39.0,51.0,27.0,25_plus,SEC,MAC,P4,G6,P4_vs_G6,False,False,SEC,MAC,,,25_plus,25_plus,True,25_plus,fav_14_plus,team_has_rp_edge
2024,2,2024-09-07T23:00:00.000Z,401643780,UAB,UL Monroe,Favorite,-11.5,L,-37.5,-0.5,26.0,40.0,13.0,25_plus,American,Sun Belt,G6,G6,G6_vs_G6,False,False,American,Sun Belt,,,25_plus,5_to_15,True,25_plus,fav_7_14,team_has_rp_edge
2024,3,2024-09-14T16:00:00.000Z,401628350,Wisconsin,Alabama,Underdog,15.166666666666666,L,-16.833333333333336,-6.0,27.0,37.0,15.0,25_plus,Big Ten,SEC,P4,P4,P4_vs_P4,False,False,Big Ten,SEC,,,25_plus,15_to_25,True,25_plus,dog_14_plus,team_has_rp_edge
2024,3,2024-09-14T19:30:00.000Z,401628483,Oregon,Oregon State,Favorite,-17.666666666666668,W,17.333333333333332,-2.5,29.0,42.0,16.0,25_plus,,,,,,,,,,,,25_plus,15_to_25,True,25_plus,fav_14_plus,team_has_rp_edge
2024,3,2024-09-14T20:00:00.000Z,401628477,Iowa,Troy,Favorite,-23.333333333333332,L,-6.333333333333332,0.0,33.0,51.0,16.0,25_plus,Big Ten,Sun Belt,P4,G6,P4_vs_G6,False,False,Big Ten,Sun Belt,,,25_plus,15_to_25,True,25_plus,fav_14_plus,team_has_rp_edge
2024,3,2024-09-14T20:15:00.000Z,401628351,UAB,Arkansas,Underdog,23.666666666666668,W,13.666666666666668,0.0,20.0,40.0,2.0,15_to_25,American,SEC,G6,P4,G6_vs_P4,False,False,American,SEC,,,25_plus,neutral,True,15_to_25,dog_14_plus,team_has_rp_edge
2024,3,2024-09-14T23:00:00.000Z,401628361,Texas,UTSA,Favorite,-35.5,W,13.5,0.0,25.0,35.0,15.0,25_plus,SEC,American,P4,G6,P4_vs_G6,True,False,Big 12,American,0.0,,25_plus,15_to_25,True,25_plus,fav_14_plus,team_has_rp_edge
2024,3,2024-09-14T23:00:00.000Z,401640999,Jacksonville State,Eastern Michigan,Favorite,-1.0,L,-4.0,0.0,23.0,14.0,32.0,15_to_25,Conference USA,MAC,G6,G6,G6_vs_G6,False,False,Conference USA,MAC,,,5_to_15,25_plus,True,15_to_25,pick_to_3,team_has_rp_edge
2024,3,2024-09-14T23:30:00.000Z,401636860,Baylor,Air Force,Favorite,-16.666666666666668,W,11.333333333333332,0.0,41.0,48.0,34.0,25_plus,Big 12,Mountain West,P4,G6,P4_vs_G6,False,False,Big 12,Mountain West,,,25_plus,25_plus,True,25_plus,fav_14_plus,team_has_rp_edge
2024,3,2024-09-14T23:30:00.000Z,401628352,Auburn,New Mexico,Favorite,-25.833333333333332,W,0.1666666666666678,-4.0,25.0,20.0,29.0,25_plus,SEC,Mountain West,P4,G6,P4_vs_G6,False,False,SEC,Mountain West,,,15_to_25,25_plus,True,25_plus,fav_14_plus,team_has_rp_edge
2024,3,2024-09-14T23:30:00.000Z,401636866,TCU,UCF,Favorite,-2.1666666666666665,L,-3.1666666666666665,4.5,22.0,3.0,40.0,15_to_25,Big 12,Big 12,P4,P4,P4_vs_P4,False,False,Big 12,Big 12,,,neutral,25_plus,True,15_to_25,pick_to_3,team_has_rp_edge
2024,3,2024-09-15T00:00:00.000Z,401628478,Virginia,Maryland,Favorite,-1.1666666666666667,L,-15.166666666666666,0.0,31.0,34.0,28.0,25_plus,ACC,Big Ten,P4,P4,P4_vs_P4,False,False,ACC,Big Ten,,,25_plus,25_plus,True,25_plus,pick_to_3,team_has_rp_edge
2024,3,2024-09-15T02:30:00.000Z,401635541,California,San Diego State,Favorite,-18.666666666666668,W,2.333333333333332,0.0,27.0,36.0,17.0,25_plus,ACC,Mountain West,P4,G6,P4_vs_G6,True,False,Pac-12,Mountain West,0.0,,25_plus,15_to_25,True,25_plus,fav_14_plus,team_has_rp_edge
2024,4,2024-09-21T16:00:00.000Z,401643791,Louisiana,Tulane,Underdog,1.5,L,-6.5,,23.0,20.0,26.0,15_to_25,Sun Belt,American,G6,G6,G6_vs_G6,False,False,Sun Belt,American,,,15_to_25,25_plus,True,15_to_25,pick_to_3,team_has_rp_edge
2024,4,2024-09-21T16:00:00.000Z,401645328,Rice,Army,Underdog,7.333333333333333,L,-15.666666666666668,,26.0,25.0,26.0,25_plus,American,American,G6,G6,G6_vs_G6,False,True,American,Independent,,0.0,25_plus,25_plus,True,25_plus,dog_3_7,team_has_rp_edge
2024,4,2024-09-21T16:45:00.000Z,401628364,Kentucky,Ohio,Favorite,-20.666666666666668,W,14.333333333333332,,22.0,12.0,30.0,15_to_25,SEC,MAC,P4,G6,P4_vs_G6,False,False,SEC,MAC,,,5_to_15,25_plus,True,15_to_25,fav_14_plus,team_has_rp_edge
2024,4,2024-09-21T18:00:00.000Z,401635558,Virginia,Coastal Carolina,Favorite,-3.5,W,15.5,0.5,31.0,39.0,24.0,25_plus,ACC,Sun Belt,P4,G6,P4_vs_G6,False,False,ACC,Sun Belt,,,25_plus,15_to_25,True,25_plus,fav_3_7,team_has_rp_edge
2024,4,2024-09-21T23:00:00.000Z,401628491,Northwestern,Washington,Underdog,11.833333333333334,L,-7.166666666666666,-1.5,40.0,12.0,69.0,25_plus,Big Ten,Big Ten,P4,P4,P4_vs_P4,False,True,Big Ten,Pac-12,,0.0,5_to_15,25_plus,True,25_plus,dog_7_14,team_has_rp_edge
2024,4,2024-09-21T23:30:00.000Z,401628372,Texas A&M,Bowling Green,Favorite,-21.166666666666668,L,-15.166666666666668,-2.0,24.0,32.0,15.0,15_to_25,SEC,MAC,P4,G6,P4_vs_G6,False,False,SEC,MAC,,,25_plus,15_to_25,True,15_to_25,fav_14_plus,team_has_rp_edge
2024,4,2024-09-22T00:00:00.000Z,401628371,Texas,UL Monroe,Favorite,-43.0,W,5.0,-3.5,30.0,33.0,27.0,25_plus,SEC,Sun Belt,P4,G6,P4_vs_G6,True,False,Big 12,Sun Belt,0.0,,25_plus,25_plus,True,25_plus,fav_14_plus,team_has_rp_edge
2025,1,2025-08-29T01:00:00.000Z,401762791,Wisconsin,Miami (OH),Favorite,-18.0,L,-1.0,0.5,32.0,18.0,47.0,25_plus,Big Ten,MAC,P4,G6,P4_vs_G6,False,False,Big Ten,MAC,,,15_to_25,25_plus,True,25_plus,fav_14_plus,team_has_rp_edge
2025,1,2025-08-30T19:30:00.000Z,401752807,Penn State,Nevada,Favorite,-44.166666666666664,L,-9.166666666666664,0.0,34.0,46.0,20.0,25_plus,Big Ten,Mountain West,P4,G6,P4_vs_G6,False,False,Big Ten,Mountain West,,,25_plus,15_to_25,True,25_plus,fav_14_plus,team_has_rp_edge
2025,1,2025-08-30T23:30:00.000Z,401752808,Michigan,New Mexico,Favorite,-35.166666666666664,L,-18.166666666666664,0.0,37.0,38.0,35.0,25_plus,Big Ten,Mountain West,P4,G6,P4_vs_G6,False,False,Big Ten,Mountain West,,,25_plus,25_plus,True,25_plus,fav_14_plus,team_has_rp_edge
2025,2,2025-09-06T16:00:00.000Z,401757227,Liberty,Jacksonville State,Favorite,-6.25,L,-16.25,1.0,38.0,42.0,35.0,25_plus,Conference USA,Conference USA,G6,G6,G6_vs_G6,False,False,Conference USA,Conference USA,,,25_plus,25_plus,True,25_plus,fav_3_7,team_has_rp_edge
2025,2,2025-09-06T19:30:00.000Z,401752818,Rutgers,Miami (OH),Favorite,-15.5,W,12.5,2.0,39.0,31.0,47.0,25_plus,Big Ten,MAC,P4,G6,P4_vs_G6,False,False,Big Ten,MAC,,,25_plus,25_plus,True,25_plus,fav_14_plus,team_has_rp_edge
2025,2,2025-09-06T19:30:00.000Z,401756880,Cincinnati,Bowling Green,Favorite,-22.0,L,-8.0,4.5,30.0,35.0,26.0,25_plus,Big 12,MAC,P4,G6,P4_vs_G6,False,False,Big 12,MAC,,,25_plus,25_plus,True,25_plus,fav_14_plus,team_has_rp_edge
2025,2,2025-09-06T19:30:00.000Z,401762458,Navy,UAB,Favorite,-21.5,L,-7.5,1.0,24.0,33.0,14.0,15_to_25,American,American,G6,G6,G6_vs_G6,False,False,American,American,,,25_plus,5_to_15,True,15_to_25,fav_14_plus,team_has_rp_edge
2025,2,2025-09-06T23:00:00.000Z,401754527,North Carolina,Charlotte,Favorite,-15.75,W,1.25,2.0,23.0,11.0,36.0,15_to_25,ACC,American,P4,G6,P4_vs_G6,False,False,ACC,American,,,5_to_15,25_plus,True,15_to_25,fav_14_plus,team_has_rp_edge
2025,2,2025-09-06T23:00:00.000Z,401757232,Toledo,Western Kentucky,Favorite,-8.0,W,16.0,1.0,26.0,42.0,10.0,25_plus,MAC,Conference USA,G6,G6,G6_vs_G6,False,False,MAC,Conference USA,,,25_plus,5_to_15,True,25_plus,fav_7_14,team_has_rp_edge
2025,2,2025-09-06T23:00:00.000Z,401756884,Houston,Rice,Favorite,-13.5,W,12.5,1.0,26.0,18.0,32.0,25_plus,Big 12,American,P4,G6,P4_vs_G6,False,False,Big 12,American,,,15_to_25,25_plus,True,25_plus,fav_7_14,team_has_rp_edge
2025,2,2025-09-07T02:15:00.000Z,401752948,San Diego State,Washington State,Underdog,2.25,L,-20.75,-1.0,25.0,7.0,43.0,25_plus,,,,,,,,,,,,5_to_15,25_plus,True,25_plus,pick_to_3,team_has_rp_edge
2025,3,2025-09-13T16:00:00.000Z,401761608,Troy,Memphis,Underdog,4.5,L,-16.5,,27.0,31.0,23.0,25_plus,Sun Belt,American,G6,G6,G6_vs_G6,False,False,Sun Belt,American,,,25_plus,15_to_25,True,25_plus,dog_3_7,team_has_rp_edge
2025,3,2025-09-13T19:30:00.000Z,401752949,North Texas,Washington State,Favorite,-6.5,W,42.5,1.0,26.0,17.0,35.0,25_plus,,,,,,,,,,,,15_to_25,25_plus,True,25_plus,fav_3_7,team_has_rp_edge
2025,3,2025-09-13T21:00:00.000Z,401757256,Liberty,Bowling Green,Favorite,-6.0,L,-16.0,-1.0,28.0,31.0,27.0,25_plus,Conference USA,MAC,G6,G6,G6_vs_G6,False,False,Conference USA,MAC,,,25_plus,25_plus,True,25_plus,fav_3_7,team_has_rp_edge
2025,3,2025-09-13T21:00:00.000Z,401757258,Middle Tennessee,Nevada,Underdog,9.333333333333334,W,10.333333333333334,0.0,27.0,32.0,22.0,25_plus,Conference USA,Mountain West,G6,G6,G6_vs_G6,False,False,Conference USA,Mountain West,,,25_plus,15_to_25,True,25_plus,dog_7_14,team_has_rp_edge
2025,3,2025-09-13T23:00:00.000Z,401752829,Illinois,Western Michigan,Favorite,-27.5,W,10.5,-1.0,39.0,29.0,51.0,25_plus,Big Ten,MAC,P4,G6,P4_vs_G6,False,False,Big Ten,MAC,,,25_plus,25_plus,True,25_plus,fav_14_plus,team_has_rp_edge
2025,4,2025-09-20T16:00:00.000Z,401754537,Clemson,Syracuse,Favorite,-17.5,L,-30.5,1.0,31.0,24.0,38.0,25_plus,ACC,ACC,P4,P4,P4_vs_P4,False,False,ACC,ACC,,,15_to_25,25_plus,True,25_plus,fav_14_plus,team_has_rp_edge
2025,4,2025-09-20T16:00:00.000Z,401754642,Louisville,Bowling Green,Favorite,-26.166666666666668,L,-3.166666666666668,-2.0,20.0,28.0,12.0,15_to_25,ACC,MAC,P4,G6,P4_vs_G6,False,False,ACC,MAC,,,25_plus,5_to_15,True,15_to_25,fav_14_plus,team_has_rp_edge
2025,4,2025-09-20T19:30:00.000Z,401752848,Notre Dame,Purdue,Favorite,-24.5,W,1.5,-2.0,25.0,12.0,39.0,25_plus,Independent,Big Ten,Independent,P4,Other,False,False,Independent,Big Ten,,,5_to_15,25_plus,True,25_plus,fav_14_plus,team_has_rp_edge
2025,4,2025-09-20T19:30:00.000Z,401762820,Toledo,Western Michigan,Favorite,-12.666666666666666,L,-13.666666666666666,-2.0,23.0,26.0,22.0,15_to_25,MAC,MAC,G6,G6,G6_vs_G6,False,False,MAC,MAC,,,25_plus,15_to_25,True,15_to_25,fav_7_14,team_has_rp_edge
2025,4,2025-09-20T23:00:00.000Z,401757264,Middle Tennessee,Marshall,Underdog,2.5,L,-11.5,1.0,24.0,25.0,24.0,15_to_25,Conference USA,Sun Belt,G6,G6,G6_vs_G6,False,False,Conference USA,Sun Belt,,,25_plus,15_to_25,True,15_to_25,pick_to_3,team_has_rp_edge
2025,4,2025-09-20T23:30:00.000Z,401752842,Washington,Washington State,Favorite,-20.833333333333332,W,14.166666666666668,0.0,25.0,22.0,26.0,25_plus,,,,,,,,,,,,15_to_25,25_plus,True,25_plus,fav_14_plus,team_has_rp_edge
2023,1,2023-09-02T16:00:00.000Z,401520162,Michigan,East Carolina,Favorite,-35.4,L,-8.399999999999999,,47.0,45.0,48.0,25_plus,Big Ten,American,P4,G6,P4_vs_G6,False,False,Big Ten,American,,,25_plus,25_plus,True,25_plus,fav_14_plus,team_has_rp_edge
2023,1,2023-09-02T23:30:00.000Z,401520149,Middle Tennessee,Alabama,Underdog,39.375,L,-9.625,,29.0,14.0,43.0,25_plus,Conference USA,SEC,G6,P4,G6_vs_P4,False,False,Conference USA,SEC,,,5_to_15,25_plus,True,25_plus,dog_14_plus,team_has_rp_edge
2023,2,2023-09-09T20:00:00.000Z,401531411,Marshall,East Carolina,Favorite,-2.8333333333333335,W,15.166666666666666,,27.0,26.0,28.0,25_plus,Sun Belt,American,G6,G6,G6_vs_G6,False,False,Sun Belt,American,,,25_plus,25_plus,True,25_plus,pick_to_3,team_has_rp_edge
2023,2,2023-09-09T21:00:00.000Z,401524004,Washington,Tulsa,Favorite,-33.666666666666664,L,-0.6666666666666643,,33.0,36.0,32.0,25_plus,,,,,,,,,,,,25_plus,25_plus,True,25_plus,fav_14_plus,team_has_rp_edge
2023,2,2023-09-09T23:00:00.000Z,401520183,Texas,Alabama,Underdog,7.166666666666667,W,17.166666666666668,,34.0,47.0,20.0,25_plus,Big 12,SEC,P4,P4,P4_vs_P4,False,False,Big 12,SEC,,,25_plus,15_to_25,True,25_plus,dog_3_7,team_has_rp_edge
2023,2,2023-09-10T00:30:00.000Z,401525493,Florida State,Southern Miss,Favorite,-31.0,W,22.0,,27.0,27.0,26.0,25_plus,ACC,Sun Belt,P4,G6,P4_vs_G6,False,False,ACC,Sun Belt,,,25_plus,25_plus,True,25_plus,fav_14_plus,team_has_rp_edge
2023,2,2023-09-10T02:30:00.000Z,401524003,USC,Stanford,Favorite,-28.666666666666668,W,17.333333333333332,,41.0,39.0,44.0,25_plus,,,,,,,,,,,,25_plus,25_plus,True,25_plus,fav_14_plus,team_has_rp_edge
2023,3,2023-09-16T20:00:00.000Z,401520245,Texas A&M,UL Monroe,Favorite,-36.5,W,7.5,,28.0,16.0,38.0,25_plus,SEC,Sun Belt,P4,G6,P4_vs_G6,False,False,SEC,Sun Belt,,,15_to_25,25_plus,True,25_plus,fav_14_plus,team_has_rp_edge
2023,3,2023-09-16T23:00:00.000Z,401531379,Louisiana,UAB,Underdog,2.0,W,22.0,,27.0,36.0,18.0,25_plus,Sun Belt,American,G6,G6,G6_vs_G6,False,True,Sun Belt,Conference USA,,0.0,25_plus,15_to_25,True,25_plus,pick_to_3,team_has_rp_edge
2023,3,2023-09-17T02:30:00.000Z,401525837,Kansas,Nevada,Favorite,-28.5,L,-21.5,,32.0,37.0,27.0,25_plus,Big 12,Mountain West,P4,G6,P4_vs_G6,False,False,Big 12,Mountain West,,,25_plus,25_plus,True,25_plus,fav_14_plus,team_has_rp_edge
2023,4,2023-09-23T17:30:00.000Z,401532406,Toledo,Western Michigan,Favorite,-21.5,L,-3.5,,28.0,51.0,5.0,25_plus,MAC,MAC,G6,G6,G6_vs_G6,False,False,MAC,MAC,,,25_plus,5_to_15,True,25_plus,fav_14_plus,team_has_rp_edge
2023,4,2023-09-23T19:30:00.000Z,401520250,Ole Miss,Alabama,Underdog,7.0,L,-7.0,,31.0,42.0,19.0,25_plus,SEC,SEC,P4,P4,P4_vs_P4,False,False,SEC,SEC,,,25_plus,15_to_25,True,25_plus,dog_3_7,team_has_rp_edge
2024,1,2024-08-30T00:00:00.000Z,401628448,Minnesota,North Carolina,Underdog,0.3333333333333333,L,-1.6666666666666667,,34.0,32.0,37.0,25_plus,Big Ten,ACC,P4,P4,P4_vs_P4,False,False,Big Ten,ACC,,,25_plus,25_plus,True,25_plus,pick_to_3,team_has_rp_edge
2024,1,2024-08-31T16:00:00.000Z,401628333,Virginia Tech,Vanderbilt,Favorite,-13.333333333333334,L,-20.333333333333336,,26.0,30.0,23.0,25_plus,ACC,SEC,P4,P4,P4_vs_P4,False,False,ACC,SEC,,,25_plus,15_to_25,True,25_plus,fav_7_14,team_has_rp_edge
2024,1,2024-08-31T19:30:00.000Z,401628454,Nebraska,UTEP,Favorite,-27.5,W,5.5,0.5,32.0,28.0,36.0,25_plus,Big Ten,Conference USA,P4,G6,P4_vs_G6,False,False,Big Ten,Conference USA,,,25_plus,25_plus,True,25_plus,fav_14_plus,team_has_rp_edge
2024,1,2024-08-31T19:30:00.000Z,401634304,Syracuse,Ohio,Favorite,-17.333333333333332,L,-1.333333333333332,,47.0,48.0,45.0,25_plus,ACC,MAC,P4,G6,P4_vs_G6,False,False,ACC,MAC,,,25_plus,25_plus,True,25_plus,fav_14_plus,team_has_rp_edge
2024,1,2024-09-01T02:30:00.000Z,401636608,Arizona,New Mexico,Favorite,-29.166666666666668,L,-7.166666666666668,,26.0,16.0,36.0,25_plus,Big 12,Mountain West,P4,G6,P4_vs_G6,True,False,Pac-12,Mountain West,0.0,,15_to_25,25_plus,True,25_plus,fav_14_plus,team_has_rp_edge
2024,2,2024-09-07T16:00:00.000Z,401643784,Memphis,Troy,Favorite,-18.666666666666668,W,2.333333333333332,1.5,33.0,45.0,23.0,25_plus,American,Sun Belt,G6,G6,G6_vs_G6,False,False,American,Sun Belt,,,25_plus,15_to_25,True,25_plus,fav_14_plus,team_has_rp_edge
2024,2,2024-09-07T16:00:00.000Z,401628347,Texas,Michigan,Favorite,-6.666666666666667,W,12.333333333333332,-1.0,34.0,27.0,42.0,25_plus,SEC,Big Ten,P4,P4,P4_vs_P4,True,False,Big 12,Big Ten,0.0,,25_plus,25_plus,True,25_plus,fav_3_7,team_has_rp_edge
2024,2,2024-09-07T23:00:00.000Z,401628335,South Florida,Alabama,Underdog,31.666666666666668,W,5.666666666666668,0.5,28.0,54.0,2.0,25_plus,American,SEC,G6,P4,G6_vs_P4,False,False,American,SEC,,,25_plus,neutral,True,25_plus,dog_14_plus,team_has_rp_edge
2024,2,2024-09-07T23:00:00.000Z,401628344,Missouri,Buffalo,Favorite,-33.666666666666664,W,4.333333333333336,-2.0,39.0,51.0,27.0,25_plus,SEC,MAC,P4,G6,P4_vs_G6,False,False,SEC,MAC,,,25_plus,25_plus,True,25_plus,fav_14_plus,team_has_rp_edge
2024,2,2024-09-07T23:00:00.000Z,401643780,UAB,UL Monroe,Favorite,-11.5,L,-37.5,-0.5,26.0,40.0,13.0,25_plus,American,Sun Belt,G6,G6,G6_vs_G6,False,False,American,Sun Belt,,,25_plus,5_to_15,True,25_plus,fav_7_14,team_has_rp_edge
2024,3,2024-09-14T16:00:00.000Z,401628350,Wisconsin,Alabama,Underdog,15.166666666666666,L,-16.833333333333336,-6.0,27.0,37.0,15.0,25_plus,Big Ten,SEC,P4,P4,P4_vs_P4,False,False,Big Ten,SEC,,,25_plus,15_to_25,True,25_plus,dog_14_plus,team_has_rp_edge
2024,3,2024-09-14T19:30:00.000Z,401628483,Oregon,Oregon State,Favorite,-17.666666666666668,W,17.333333333333332,-2.5,29.0,42.0,16.0,25_plus,,,,,,,,,,,,25_plus,15_to_25,True,25_plus,fav_14_plus,team_has_rp_edge
2024,3,2024-09-14T20:00:00.000Z,401628477,Iowa,Troy,Favorite,-23.333333333333332,L,-6.333333333333332,0.0,33.0,51.0,16.0,25_plus,Big Ten,Sun Belt,P4,G6,P4_vs_G6,False,False,Big Ten,Sun Belt,,,25_plus,15_to_25,True,25_plus,fav_14_plus,team_has_rp_edge
2024,3,2024-09-14T23:00:00.000Z,401628361,Texas,UTSA,Favorite,-35.5,W,13.5,0.0,25.0,35.0,15.0,25_plus,SEC,American,P4,G6,P4_vs_G6,True,False,Big 12,American,0.0,,25_plus,15_to_25,True,25_plus,fav_14_plus,team_has_rp_edge
2024,3,2024-09-14T23:30:00.000Z,401636860,Baylor,Air Force,Favorite,-16.666666666666668,W,11.333333333333332,0.0,41.0,48.0,34.0,25_plus,Big 12,Mountain West,P4,G6,P4_vs_G6,False,False,Big 12,Mountain West,,,25_plus,25_plus,True,25_plus,fav_14_plus,team_has_rp_edge
2024,3,2024-09-14T23:30:00.000Z,401628352,Auburn,New Mexico,Favorite,-25.833333333333332,W,0.1666666666666678,-4.0,25.0,20.0,29.0,25_plus,SEC,Mountain West,P4,G6,P4_vs_G6,False,False,SEC,Mountain West,,,15_to_25,25_plus,True,25_plus,fav_14_plus,team_has_rp_edge
2024,3,2024-09-15T00:00:00.000Z,401628478,Virginia,Maryland,Favorite,-1.1666666666666667,L,-15.166666666666666,0.0,31.0,34.0,28.0,25_plus,ACC,Big Ten,P4,P4,P4_vs_P4,False,False,ACC,Big Ten,,,25_plus,25_plus,True,25_plus,pick_to_3,team_has_rp_edge
2024,3,2024-09-15T02:30:00.000Z,401635541,California,San Diego State,Favorite,-18.666666666666668,W,2.333333333333332,0.0,27.0,36.0,17.0,25_plus,ACC,Mountain West,P4,G6,P4_vs_G6,True,False,Pac-12,Mountain West,0.0,,25_plus,15_to_25,True,25_plus,fav_14_plus,team_has_rp_edge
2024,4,2024-09-21T16:00:00.000Z,401645328,Rice,Army,Underdog,7.333333333333333,L,-15.666666666666668,,26.0,25.0,26.0,25_plus,American,American,G6,G6,G6_vs_G6,False,True,American,Independent,,0.0,25_plus,25_plus,True,25_plus,dog_3_7,team_has_rp_edge
2024,4,2024-09-21T18:00:00.000Z,401635558,Virginia,Coastal Carolina,Favorite,-3.5,W,15.5,0.5,31.0,39.0,24.0,25_plus,ACC,Sun Belt,P4,G6,P4_vs_G6,False,False,ACC,Sun Belt,,,25_plus,15_to_25,True,25_plus,fav_3_7,team_has_rp_edge
2024,4,2024-09-21T23:00:00.000Z,401628491,Northwestern,Washington,Underdog,11.833333333333334,L,-7.166666666666666,-1.5,40.0,12.0,69.0,25_plus,Big Ten,Big Ten,P4,P4,P4_vs_P4,False,True,Big Ten,Pac-12,,0.0,5_to_15,25_plus,True,25_plus,dog_7_14,team_has_rp_edge
2024,4,2024-09-22T00:00:00.000Z,401628371,Texas,UL Monroe,Favorite,-43.0,W,5.0,-3.5,30.0,33.0,27.0,25_plus,SEC,Sun Belt,P4,G6,P4_vs_G6,True,False,Big 12,Sun Belt,0.0,,25_plus,25_plus,True,25_plus,fav_14_plus,team_has_rp_edge
2025,1,2025-08-29T01:00:00.000Z,401762791,Wisconsin,Miami (OH),Favorite,-18.0,L,-1.0,0.5,32.0,18.0,47.0,25_plus,Big Ten,MAC,P4,G6,P4_vs_G6,False,False,Big Ten,MAC,,,15_to_25,25_plus,True,25_plus,fav_14_plus,team_has_rp_edge
2025,1,2025-08-30T19:30:00.000Z,401752807,Penn State,Nevada,Favorite,-44.166666666666664,L,-9.166666666666664,0.0,34.0,46.0,20.0,25_plus,Big Ten,Mountain West,P4,G6,P4_vs_G6,False,False,Big Ten,Mountain West,,,25_plus,15_to_25,True,25_plus,fav_14_plus,team_has_rp_edge
2025,1,2025-08-30T23:30:00.000Z,401752808,Michigan,New Mexico,Favorite,-35.166666666666664,L,-18.166666666666664,0.0,37.0,38.0,35.0,25_plus,Big Ten,Mountain West,P4,G6,P4_vs_G6,False,False,Big Ten,Mountain West,,,25_plus,25_plus,True,25_plus,fav_14_plus,team_has_rp_edge
2025,2,2025-09-06T16:00:00.000Z,401757227,Liberty,Jacksonville State,Favorite,-6.25,L,-16.25,1.0,38.0,42.0,35.0,25_plus,Conference USA,Conference USA,G6,G6,G6_vs_G6,False,False,Conference USA,Conference USA,,,25_plus,25_plus,True,25_plus,fav_3_7,team_has_rp_edge
2025,2,2025-09-06T19:30:00.000Z,401752818,Rutgers,Miami (OH),Favorite,-15.5,W,12.5,2.0,39.0,31.0,47.0,25_plus,Big Ten,MAC,P4,G6,P4_vs_G6,False,False,Big Ten,MAC,,,25_plus,25_plus,True,25_plus,fav_14_plus,team_has_rp_edge
2025,2,2025-09-06T19:30:00.000Z,401756880,Cincinnati,Bowling Green,Favorite,-22.0,L,-8.0,4.5,30.0,35.0,26.0,25_plus,Big 12,MAC,P4,G6,P4_vs_G6,False,False,Big 12,MAC,,,25_plus,25_plus,True,25_plus,fav_14_plus,team_has_rp_edge
2025,2,2025-09-06T23:00:00.000Z,401757232,Toledo,Western Kentucky,Favorite,-8.0,W,16.0,1.0,26.0,42.0,10.0,25_plus,MAC,Conference USA,G6,G6,G6_vs_G6,False,False,MAC,Conference USA,,,25_plus,5_to_15,True,25_plus,fav_7_14,team_has_rp_edge
2025,2,2025-09-06T23:00:00.000Z,401756884,Houston,Rice,Favorite,-13.5,W,12.5,1.0,26.0,18.0,32.0,25_plus,Big 12,American,P4,G6,P4_vs_G6,False,False,Big 12,American,,,15_to_25,25_plus,True,25_plus,fav_7_14,team_has_rp_edge
2025,2,2025-09-07T02:15:00.000Z,401752948,San Diego State,Washington State,Underdog,2.25,L,-20.75,-1.0,25.0,7.0,43.0,25_plus,,,,,,,,,,,,5_to_15,25_plus,True,25_plus,pick_to_3,team_has_rp_edge
2025,3,2025-09-13T16:00:00.000Z,401761608,Troy,Memphis,Underdog,4.5,L,-16.5,,27.0,31.0,23.0,25_plus,Sun Belt,American,G6,G6,G6_vs_G6,False,False,Sun Belt,American,,,25_plus,15_to_25,True,25_plus,dog_3_7,team_has_rp_edge
2025,3,2025-09-13T19:30:00.000Z,401752949,North Texas,Washington State,Favorite,-6.5,W,42.5,1.0,26.0,17.0,35.0,25_plus,,,,,,,,,,,,15_to_25,25_plus,True,25_plus,fav_3_7,team_has_rp_edge
2025,3,2025-09-13T21:00:00.000Z,401757256,Liberty,Bowling Green,Favorite,-6.0,L,-16.0,-1.0,28.0,31.0,27.0,25_plus,Conference USA,MAC,G6,G6,G6_vs_G6,False,False,Conference USA,MAC,,,25_plus,25_plus,True,25_plus,fav_3_7,team_has_rp_edge
2025,3,2025-09-13T21:00:00.000Z,401757258,Middle Tennessee,Nevada,Underdog,9.333333333333334,W,10.333333333333334,0.0,27.0,32.0,22.0,25_plus,Conference USA,Mountain West,G6,G6,G6_vs_G6,False,False,Conference USA,Mountain West,,,25_plus,15_to_25,True,25_plus,dog_7_14,team_has_rp_edge
2025,3,2025-09-13T23:00:00.000Z,401752829,Illinois,Western Michigan,Favorite,-27.5,W,10.5,-1.0,39.0,29.0,51.0,25_plus,Big Ten,MAC,P4,G6,P4_vs_G6,False,False,Big Ten,MAC,,,25_plus,25_plus,True,25_plus,fav_14_plus,team_has_rp_edge
2025,4,2025-09-20T16:00:00.000Z,401754537,Clemson,Syracuse,Favorite,-17.5,L,-30.5,1.0,31.0,24.0,38.0,25_plus,ACC,ACC,P4,P4,P4_vs_P4,False,False,ACC,ACC,,,15_to_25,25_plus,True,25_plus,fav_14_plus,team_has_rp_edge
2025,4,2025-09-20T19:30:00.000Z,401752848,Notre Dame,Purdue,Favorite,-24.5,W,1.5,-2.0,25.0,12.0,39.0,25_plus,Independent,Big Ten,Independent,P4,Other,False,False,Independent,Big Ten,,,5_to_15,25_plus,True,25_plus,fav_14_plus,team_has_rp_edge
2025,4,2025-09-20T23:30:00.000Z,401752842,Washington,Washington State,Favorite,-20.833333333333332,W,14.166666666666668,0.0,25.0,22.0,26.0,25_plus,,,,,,,,,,,,15_to_25,25_plus,True,25_plus,fav_14_plus,team_has_rp_edge
2023,1,2023-09-02T16:00:00.000Z,401520162,Michigan,East Carolina,Favorite,-35.4,L,-8.399999999999999,,47.0,45.0,48.0,25_plus,Big Ten,American,P4,G6,P4_vs_G6,False,False,Big Ten,American,,,25_plus,25_plus,True,25_plus,fav_14_plus,team_has_rp_edge
2023,2,2023-09-09T21:00:00.000Z,401524004,Washington,Tulsa,Favorite,-33.666666666666664,L,-0.6666666666666643,,33.0,36.0,32.0,25_plus,,,,,,,,,,,,25_plus,25_plus,True,25_plus,fav_14_plus,team_has_rp_edge
2023,2,2023-09-09T23:00:00.000Z,401520183,Texas,Alabama,Underdog,7.166666666666667,W,17.166666666666668,,34.0,47.0,20.0,25_plus,Big 12,SEC,P4,P4,P4_vs_P4,False,False,Big 12,SEC,,,25_plus,15_to_25,True,25_plus,dog_3_7,team_has_rp_edge
2023,2,2023-09-10T02:30:00.000Z,401524003,USC,Stanford,Favorite,-28.666666666666668,W,17.333333333333332,,41.0,39.0,44.0,25_plus,,,,,,,,,,,,25_plus,25_plus,True,25_plus,fav_14_plus,team_has_rp_edge
2023,3,2023-09-17T02:30:00.000Z,401525837,Kansas,Nevada,Favorite,-28.5,L,-21.5,,32.0,37.0,27.0,25_plus,Big 12,Mountain West,P4,G6,P4_vs_G6,False,False,Big 12,Mountain West,,,25_plus,25_plus,True,25_plus,fav_14_plus,team_has_rp_edge
2023,4,2023-09-23T19:30:00.000Z,401520250,Ole Miss,Alabama,Underdog,7.0,L,-7.0,,31.0,42.0,19.0,25_plus,SEC,SEC,P4,P4,P4_vs_P4,False,False,SEC,SEC,,,25_plus,15_to_25,True,25_plus,dog_3_7,team_has_rp_edge
2024,1,2024-08-30T00:00:00.000Z,401628448,Minnesota,North Carolina,Underdog,0.3333333333333333,L,-1.6666666666666667,,34.0,32.0,37.0,25_plus,Big Ten,ACC,P4,P4,P4_vs_P4,False,False,Big Ten,ACC,,,25_plus,25_plus,True,25_plus,pick_to_3,team_has_rp_edge
2024,1,2024-08-31T19:30:00.000Z,401628454,Nebraska,UTEP,Favorite,-27.5,W,5.5,0.5,32.0,28.0,36.0,25_plus,Big Ten,Conference USA,P4,G6,P4_vs_G6,False,False,Big Ten,Conference USA,,,25_plus,25_plus,True,25_plus,fav_14_plus,team_has_rp_edge
2024,1,2024-08-31T19:30:00.000Z,401634304,Syracuse,Ohio,Favorite,-17.333333333333332,L,-1.333333333333332,,47.0,48.0,45.0,25_plus,ACC,MAC,P4,G6,P4_vs_G6,False,False,ACC,MAC,,,25_plus,25_plus,True,25_plus,fav_14_plus,team_has_rp_edge
2024,2,2024-09-07T16:00:00.000Z,401643784,Memphis,Troy,Favorite,-18.666666666666668,W,2.333333333333332,1.5,33.0,45.0,23.0,25_plus,American,Sun Belt,G6,G6,G6_vs_G6,False,False,American,Sun Belt,,,25_plus,15_to_25,True,25_plus,fav_14_plus,team_has_rp_edge
2024,2,2024-09-07T16:00:00.000Z,401628347,Texas,Michigan,Favorite,-6.666666666666667,W,12.333333333333332,-1.0,34.0,27.0,42.0,25_plus,SEC,Big Ten,P4,P4,P4_vs_P4,True,False,Big 12,Big Ten,0.0,,25_plus,25_plus,True,25_plus,fav_3_7,team_has_rp_edge
2024,2,2024-09-07T23:00:00.000Z,401628344,Missouri,Buffalo,Favorite,-33.666666666666664,W,4.333333333333336,-2.0,39.0,51.0,27.0,25_plus,SEC,MAC,P4,G6,P4_vs_G6,False,False,SEC,MAC,,,25_plus,25_plus,True,25_plus,fav_14_plus,team_has_rp_edge
2024,3,2024-09-14T20:00:00.000Z,401628477,Iowa,Troy,Favorite,-23.333333333333332,L,-6.333333333333332,0.0,33.0,51.0,16.0,25_plus,Big Ten,Sun Belt,P4,G6,P4_vs_G6,False,False,Big Ten,Sun Belt,,,25_plus,15_to_25,True,25_plus,fav_14_plus,team_has_rp_edge
2024,3,2024-09-14T23:30:00.000Z,401636860,Baylor,Air Force,Favorite,-16.666666666666668,W,11.333333333333332,0.0,41.0,48.0,34.0,25_plus,Big 12,Mountain West,P4,G6,P4_vs_G6,False,False,Big 12,Mountain West,,,25_plus,25_plus,True,25_plus,fav_14_plus,team_has_rp_edge
2024,3,2024-09-15T00:00:00.000Z,401628478,Virginia,Maryland,Favorite,-1.1666666666666667,L,-15.166666666666666,0.0,31.0,34.0,28.0,25_plus,ACC,Big Ten,P4,P4,P4_vs_P4,False,False,ACC,Big Ten,,,25_plus,25_plus,True,25_plus,pick_to_3,team_has_rp_edge
2024,4,2024-09-21T18:00:00.000Z,401635558,Virginia,Coastal Carolina,Favorite,-3.5,W,15.5,0.5,31.0,39.0,24.0,25_plus,ACC,Sun Belt,P4,G6,P4_vs_G6,False,False,ACC,Sun Belt,,,25_plus,15_to_25,True,25_plus,fav_3_7,team_has_rp_edge
2024,4,2024-09-21T23:00:00.000Z,401628491,Northwestern,Washington,Underdog,11.833333333333334,L,-7.166666666666666,-1.5,40.0,12.0,69.0,25_plus,Big Ten,Big Ten,P4,P4,P4_vs_P4,False,True,Big Ten,Pac-12,,0.0,5_to_15,25_plus,True,25_plus,dog_7_14,team_has_rp_edge
2024,4,2024-09-22T00:00:00.000Z,401628371,Texas,UL Monroe,Favorite,-43.0,W,5.0,-3.5,30.0,33.0,27.0,25_plus,SEC,Sun Belt,P4,G6,P4_vs_G6,True,False,Big 12,Sun Belt,0.0,,25_plus,25_plus,True,25_plus,fav_14_plus,team_has_rp_edge
2025,1,2025-08-29T01:00:00.000Z,401762791,Wisconsin,Miami (OH),Favorite,-18.0,L,-1.0,0.5,32.0,18.0,47.0,25_plus,Big Ten,MAC,P4,G6,P4_vs_G6,False,False,Big Ten,MAC,,,15_to_25,25_plus,True,25_plus,fav_14_plus,team_has_rp_edge
2025,1,2025-08-30T19:30:00.000Z,401752807,Penn State,Nevada,Favorite,-44.166666666666664,L,-9.166666666666664,0.0,34.0,46.0,20.0,25_plus,Big Ten,Mountain West,P4,G6,P4_vs_G6,False,False,Big Ten,Mountain West,,,25_plus,15_to_25,True,25_plus,fav_14_plus,team_has_rp_edge
2025,1,2025-08-30T23:30:00.000Z,401752808,Michigan,New Mexico,Favorite,-35.166666666666664,L,-18.166666666666664,0.0,37.0,38.0,35.0,25_plus,Big Ten,Mountain West,P4,G6,P4_vs_G6,False,False,Big Ten,Mountain West,,,25_plus,25_plus,True,25_plus,fav_14_plus,team_has_rp_edge
2025,2,2025-09-06T16:00:00.000Z,401757227,Liberty,Jacksonville State,Favorite,-6.25,L,-16.25,1.0,38.0,42.0,35.0,25_plus,Conference USA,Conference USA,G6,G6,G6_vs_G6,False,False,Conference USA,Conference USA,,,25_plus,25_plus,True,25_plus,fav_3_7,team_has_rp_edge
2025,2,2025-09-06T19:30:00.000Z,401752818,Rutgers,Miami (OH),Favorite,-15.5,W,12.5,2.0,39.0,31.0,47.0,25_plus,Big Ten,MAC,P4,G6,P4_vs_G6,False,False,Big Ten,MAC,,,25_plus,25_plus,True,25_plus,fav_14_plus,team_has_rp_edge
2025,2,2025-09-06T19:30:00.000Z,401756880,Cincinnati,Bowling Green,Favorite,-22.0,L,-8.0,4.5,30.0,35.0,26.0,25_plus,Big 12,MAC,P4,G6,P4_vs_G6,False,False,Big 12,MAC,,,25_plus,25_plus,True,25_plus,fav_14_plus,team_has_rp_edge
2025,3,2025-09-13T23:00:00.000Z,401752829,Illinois,Western Michigan,Favorite,-27.5,W,10.5,-1.0,39.0,29.0,51.0,25_plus,Big Ten,MAC,P4,G6,P4_vs_G6,False,False,Big Ten,MAC,,,25_plus,25_plus,True,25_plus,fav_14_plus,team_has_rp_edge
2025,4,2025-09-20T16:00:00.000Z,401754537,Clemson,Syracuse,Favorite,-17.5,L,-30.5,1.0,31.0,24.0,38.0,25_plus,ACC,ACC,P4,P4,P4_vs_P4,False,False,ACC,ACC,,,15_to_25,25_plus,True,25_plus,fav_14_plus,team_has_rp_edge
2023,1,2023-08-26T23:00:00.000Z,401532392,San Diego State,Ohio,Favorite,-2.9,W,4.1,,4.0,45.0,-38.0,neutral,Mountain West,MAC,G6,G6,G6_vs_G6,False,False,Mountain West,MAC,,,25_plus,minus_25,True,neutral,pick_to_3,team_has_rp_edge
2023,1,2023-08-26T23:00:00.000Z,401532392,Ohio,San Diego State,Underdog,2.9,L,-4.1,,-4.0,38.0,-45.0,neutral,MAC,Mountain West,G6,G6,G6_vs_G6,False,False,MAC,Mountain West,,,25_plus,minus_25,True,neutral,pick_to_3,opponent_has_rp_edge
2023,1,2023-08-26T23:30:00.000Z,401520147,Vanderbilt,Hawai'i,Favorite,-17.625,L,-10.625,,18.0,24.0,11.0,15_to_25,SEC,Mountain West,P4,G6,P4_vs_G6,False,False,SEC,Mountain West,,,15_to_25,5_to_15,True,15_to_25,fav_14_plus,team_has_rp_edge
2023,1,2023-09-01T00:00:00.000Z,401520176,Utah,Florida,Favorite,-6.3,W,6.7,,22.0,30.0,14.0,15_to_25,,,,,,,,,,,,25_plus,5_to_15,True,15_to_25,fav_3_7,team_has_rp_edge
2023,1,2023-09-01T00:00:00.000Z,401520148,Nebraska,Minnesota,Underdog,7.3,W,4.3,,11.0,15.0,7.0,5_to_15,Big Ten,Big Ten,P4,P4,P4_vs_P4,False,False,Big Ten,Big Ten,,,15_to_25,5_to_15,True,5_to_15,dog_3_7,team_has_rp_edge
2023,1,2023-09-01T23:30:00.000Z,401525462,Georgia Tech,Louisville,Underdog,7.6,W,2.5999999999999996,,11.0,19.0,5.0,5_to_15,ACC,ACC,P4,P4,P4_vs_P4,False,False,ACC,ACC,,,15_to_25,5_to_15,True,5_to_15,dog_7_14,team_has_rp_edge
2023,1,2023-09-02T16:00:00.000Z,401520160,Bowling Green,Liberty,Underdog,9.25,L,-0.75,,4.0,16.0,-9.0,neutral,MAC,Conference USA,G6,G6,G6_vs_G6,False,True,MAC,Independent,,0.0,15_to_25,minus_5_to_15,True,neutral,dog_7_14,team_has_rp_edge
2023,1,2023-09-02T16:00:00.000Z,401520172,Louisiana Tech,SMU,Underdog,20.125,L,-3.875,,20.0,14.0,25.0,15_to_25,Conference USA,American,G6,G6,G6_vs_G6,False,False,Conference USA,American,,,5_to_15,25_plus,True,15_to_25,dog_14_plus,team_has_rp_edge
2023,1,2023-09-02T16:00:00.000Z,401520162,Michigan,East Carolina,Favorite,-35.4,L,-8.399999999999999,,47.0,45.0,48.0,25_plus,Big Ten,American,P4,G6,P4_vs_G6,False,False,Big Ten,American,,,25_plus,25_plus,True,25_plus,fav_14_plus,team_has_rp_edge
2023,1,2023-09-02T18:00:00.000Z,401531387,Temple,Akron,Favorite,-9.875,L,-6.875,,14.0,31.0,-2.0,5_to_15,American,MAC,G6,G6,G6_vs_G6,False,False,American,MAC,,,25_plus,neutral,True,5_to_15,fav_7_14,team_has_rp_edge
2023,1,2023-09-02T19:30:00.000Z,401523997,Washington,Boise State,Favorite,-14.3,W,22.7,,6.0,19.0,-5.0,5_to_15,,,,,,,,,,,,15_to_25,minus_5_to_15,True,5_to_15,fav_7_14,team_has_rp_edge
2023,1,2023-09-02T19:30:00.000Z,401525824,Texas,Rice,Favorite,-35.25,L,-8.25,,1.0,11.0,-9.0,neutral,Big 12,American,P4,G6,P4_vs_G6,False,True,Big 12,Conference USA,,0.0,5_to_15,minus_5_to_15,True,neutral,fav_14_plus,team_has_rp_edge
2023,1,2023-09-02T19:30:00.000Z,401520180,Wisconsin,Buffalo,Favorite,-27.0,L,-6.0,,19.0,26.0,11.0,15_to_25,Big Ten,MAC,P4,G6,P4_vs_G6,False,False,Big Ten,MAC,,,25_plus,5_to_15,True,15_to_25,fav_14_plus,team_has_rp_edge
2023,1,2023-09-02T22:30:00.000Z,401523996,USC,Nevada,Favorite,-37.875,W,14.125,,23.0,21.0,25.0,15_to_25,,,,,,,,,,,,15_to_25,25_plus,True,15_to_25,fav_14_plus,team_has_rp_edge
2023,1,2023-09-02T23:00:00.000Z,401525819,Houston,UTSA,Underdog,1.5,W,4.5,,8.0,29.0,-13.0,5_to_15,Big 12,American,P4,G6,P4_vs_G6,True,True,American,Conference USA,0.0,0.0,25_plus,minus_5_to_15,True,5_to_15,pick_to_3,team_has_rp_edge
2023,1,2023-09-02T23:00:00.000Z,401525819,UTSA,Houston,Favorite,-1.5,L,-4.5,,-8.0,13.0,-29.0,minus_5_to_15,American,Big 12,G6,P4,G6_vs_P4,True,True,Conference USA,American,0.0,0.0,5_to_15,minus_25,True,5_to_15,pick_to_3,opponent_has_rp_edge
2023,1,2023-09-02T23:00:00.000Z,401520173,Texas A&M,New Mexico,Favorite,-37.875,W,4.125,,16.0,33.0,-1.0,15_to_25,SEC,Mountain West,P4,G6,P4_vs_G6,False,False,SEC,Mountain West,,,25_plus,neutral,True,15_to_25,fav_14_plus,team_has_rp_edge
2023,1,2023-09-02T23:30:00.000Z,401520149,Middle Tennessee,Alabama,Underdog,39.375,L,-9.625,,29.0,14.0,43.0,25_plus,Conference USA,SEC,G6,P4,G6_vs_P4,False,False,Conference USA,SEC,,,5_to_15,25_plus,True,25_plus,dog_14_plus,team_has_rp_edge
2023,1,2023-09-02T23:30:00.000Z,401525825,Wyoming,Texas Tech,Underdog,13.6,W,15.6,,19.0,30.0,9.0,15_to_25,Mountain West,Big 12,G6,P4,G6_vs_P4,False,False,Mountain West,Big 12,,,25_plus,5_to_15,True,15_to_25,dog_7_14,team_has_rp_edge
2023,1,2023-09-02T23:30:00.000Z,401520155,Toledo,Illinois,Underdog,8.6,W,6.6,,14.0,20.0,8.0,5_to_15,MAC,Big Ten,G6,P4,G6_vs_P4,False,False,MAC,Big Ten,,,15_to_25,5_to_15,True,5_to_15,dog_7_14,team_has_rp_edge
2023,1,2023-09-03T00:00:00.000Z,401525467,Virginia Tech,Old Dominion,Favorite,-15.75,W,3.25,,12.0,27.0,-4.0,5_to_15,ACC,Sun Belt,P4,G6,P4_vs_G6,False,False,ACC,Sun Belt,,,25_plus,neutral,True,5_to_15,fav_14_plus,team_has_rp_edge
2023,1,2023-09-03T23:30:00.000Z,401520182,Florida State,LSU,Underdog,2.2,W,23.2,,16.0,20.0,13.0,15_to_25,ACC,SEC,P4,P4,P4_vs_P4,False,False,ACC,SEC,,,15_to_25,5_to_15,True,15_to_25,pick_to_3,team_has_rp_edge
2023,2,2023-09-08T23:30:00.000Z,401520195,Kansas,Illinois,Favorite,-3.6666666666666665,W,7.333333333333334,,22.0,29.0,16.0,15_to_25,Big 12,Big Ten,P4,P4,P4_vs_P4,False,False,Big 12,Big Ten,,,25_plus,15_to_25,True,15_to_25,fav_3_7,team_has_rp_edge
2023,2,2023-09-09T15:00:00.000Z,401520216,Vanderbilt,Wake Forest,Underdog,9.666666666666666,L,-6.333333333333334,,13.0,14.0,10.0,5_to_15,SEC,ACC,P4,P4,P4_vs_P4,False,False,SEC,ACC,,,5_to_15,5_to_15,True,5_to_15,dog_7_14,team_has_rp_edge
2023,2,2023-09-09T16:00:00.000Z,401523999,Utah,Baylor,Favorite,-7.0,P,0.0,,21.0,32.0,9.0,15_to_25,,,,,,,,,,,,25_plus,5_to_15,True,15_to_25,fav_3_7,team_has_rp_edge
2023,2,2023-09-09T16:00:00.000Z,401520215,Virginia Tech,Purdue,Favorite,-0.8333333333333334,L,-7.833333333333333,,4.0,14.0,-6.0,neutral,ACC,Big Ten,P4,P4,P4_vs_P4,False,False,ACC,Big Ten,,,5_to_15,minus_5_to_15,True,neutral,pick_to_3,team_has_rp_edge
2023,2,2023-09-09T16:00:00.000Z,401520188,Nebraska,Colorado,Underdog,2.8333333333333335,L,-19.166666666666668,,12.0,15.0,9.0,5_to_15,,,,,,,,,,,,15_to_25,5_to_15,True,5_to_15,pick_to_3,team_has_rp_edge
2023,2,2023-09-09T19:30:00.000Z,401525497,Syracuse,Western Michigan,Favorite,-24.666666666666668,W,16.333333333333332,,24.0,42.0,5.0,15_to_25,ACC,MAC,P4,G6,P4_vs_G6,False,False,ACC,MAC,,,25_plus,5_to_15,True,15_to_25,fav_14_plus,team_has_rp_edge
2023,2,2023-09-09T19:30:00.000Z,401520202,Michigan,UNLV,Favorite,-37.833333333333336,L,-9.833333333333336,,12.0,18.0,7.0,5_to_15,Big Ten,Mountain West,P4,G6,P4_vs_G6,False,False,Big Ten,Mountain West,,,15_to_25,5_to_15,True,5_to_15,fav_14_plus,team_has_rp_edge
2023,2,2023-09-09T20:00:00.000Z,401531411,Marshall,East Carolina,Favorite,-2.8333333333333335,W,15.166666666666666,,27.0,26.0,28.0,25_plus,Sun Belt,American,G6,G6,G6_vs_G6,False,False,Sun Belt,American,,,25_plus,25_plus,True,25_plus,pick_to_3,team_has_rp_edge
2023,2,2023-09-09T21:00:00.000Z,401524004,Washington,Tulsa,Favorite,-33.666666666666664,L,-0.6666666666666643,,33.0,36.0,32.0,25_plus,,,,,,,,,,,,25_plus,25_plus,True,25_plus,fav_14_plus,team_has_rp_edge
2023,2,2023-09-09T22:00:00.000Z,401520198,Liberty,New Mexico State,Favorite,-9.333333333333334,W,6.666666666666666,,-9.0,12.0,-30.0,minus_5_to_15,Conference USA,Conference USA,G6,G6,G6_vs_G6,True,True,Independent,Independent,0.0,0.0,5_to_15,minus_25,True,5_to_15,fav_7_14,opponent_has_rp_edge
2023,2,2023-09-09T22:00:00.000Z,401520198,New Mexico State,Liberty,Underdog,9.333333333333334,L,-6.666666666666666,,9.0,30.0,-12.0,5_to_15,Conference USA,Conference USA,G6,G6,G6_vs_G6,True,True,Independent,Independent,0.0,0.0,25_plus,minus_5_to_15,True,5_to_15,dog_7_14,team_has_rp_edge
2023,2,2023-09-09T22:00:00.000Z,401531842,Old Dominion,Louisiana,Underdog,6.0,W,13.0,,-9.0,15.0,-32.0,minus_5_to_15,Sun Belt,Sun Belt,G6,G6,G6_vs_G6,False,False,Sun Belt,Sun Belt,,,15_to_25,minus_25,True,5_to_15,dog_3_7,opponent_has_rp_edge
2023,2,2023-09-09T22:00:00.000Z,401531842,Louisiana,Old Dominion,Favorite,-6.0,L,-13.0,,9.0,32.0,-15.0,5_to_15,Sun Belt,Sun Belt,G6,G6,G6_vs_G6,False,False,Sun Belt,Sun Belt,,,25_plus,minus_15_to_25,True,5_to_15,fav_3_7,team_has_rp_edge
2023,2,2023-09-09T22:00:00.000Z,401525830,Oklahoma,SMU,Favorite,-16.333333333333332,W,0.6666666666666679,0.5,10.0,14.0,7.0,5_to_15,Big 12,American,P4,G6,P4_vs_G6,False,False,Big 12,American,,,5_to_15,5_to_15,True,5_to_15,fav_14_plus,team_has_rp_edge
2023,2,2023-09-09T23:00:00.000Z,401525831,Rice,Houston,Underdog,7.166666666666667,W,9.166666666666668,,13.0,29.0,-3.0,5_to_15,American,Big 12,G6,P4,G6_vs_P4,True,True,Conference USA,American,0.0,0.0,25_plus,neutral,True,5_to_15,dog_3_7,team_has_rp_edge
2023,2,2023-09-09T23:00:00.000Z,401524002,Texas Tech,Oregon,Underdog,5.0,L,-3.0,,-1.0,10.0,-13.0,neutral,,,,,,,,,,,,5_to_15,minus_5_to_15,True,neutral,dog_3_7,opponent_has_rp_edge
2023,2,2023-09-09T23:00:00.000Z,401524002,Oregon,Texas Tech,Favorite,-5.0,W,3.0,,1.0,13.0,-10.0,neutral,,,,,,,,,,,,5_to_15,minus_5_to_15,True,neutral,fav_3_7,team_has_rp_edge
2023,2,2023-09-09T23:00:00.000Z,401520187,Coastal Carolina,Jacksonville State,Favorite,-13.666666666666666,W,0.3333333333333339,,9.0,15.0,3.0,5_to_15,Sun Belt,Conference USA,G6,G6,G6_vs_G6,False,False,Sun Belt,,,,15_to_25,neutral,True,5_to_15,fav_7_14,team_has_rp_edge
2023,2,2023-09-09T23:00:00.000Z,401520183,Texas,Alabama,Underdog,7.166666666666667,W,17.166666666666668,,34.0,47.0,20.0,25_plus,Big 12,SEC,P4,P4,P4_vs_P4,False,False,Big 12,SEC,,,25_plus,15_to_25,True,25_plus,dog_3_7,team_has_rp_edge
2023,2,2023-09-09T23:30:00.000Z,401524001,UCLA,San Diego State,Favorite,-13.5,W,11.5,,8.0,14.0,4.0,5_to_15,,,,,,,,,,,,5_to_15,neutral,True,5_to_15,fav_7_14,team_has_rp_edge
2023,2,2023-09-09T23:30:00.000Z,401520200,Maryland,Charlotte,Favorite,-24.5,L,-6.5,,14.0,16.0,11.0,5_to_15,Big Ten,American,P4,G6,P4_vs_G6,False,True,Big Ten,Conference USA,,0.0,15_to_25,5_to_15,True,5_to_15,fav_14_plus,team_has_rp_edge
2023,2,2023-09-09T23:30:00.000Z,401520217,Wisconsin,Washington State,Favorite,-5.333333333333333,L,-14.333333333333332,,10.0,25.0,-5.0,5_to_15,,,,,,,,,,,,25_plus,minus_5_to_15,True,5_to_15,fav_3_7,team_has_rp_edge
2023,2,2023-09-10T00:30:00.000Z,401525493,Florida State,Southern Miss,Favorite,-31.0,W,22.0,,27.0,27.0,26.0,25_plus,ACC,Sun Belt,P4,G6,P4_vs_G6,False,False,ACC,Sun Belt,,,25_plus,25_plus,True,25_plus,fav_14_plus,team_has_rp_edge
2023,2,2023-09-10T02:30:00.000Z,401524003,USC,Stanford,Favorite,-28.666666666666668,W,17.333333333333332,,41.0,39.0,44.0,25_plus,,,,,,,,,,,,25_plus,25_plus,True,25_plus,fav_14_plus,team_has_rp_edge
2023,3,2023-09-14T23:30:00.000Z,401531428,Navy,Memphis,Underdog,12.25,W,8.25,,12.0,17.0,7.0,5_to_15,American,American,G6,G6,G6_vs_G6,False,False,American,American,,,15_to_25,5_to_15,True,5_to_15,dog_7_14,team_has_rp_edge
2023,3,2023-09-15T23:00:00.000Z,401531396,Army,UTSA,Underdog,7.0,W,15.0,,12.0,16.0,8.0,5_to_15,Independent,American,Independent,G6,Other,False,True,Independent,Conference USA,,0.0,15_to_25,5_to_15,True,5_to_15,dog_3_7,team_has_rp_edge
2023,3,2023-09-16T16:00:00.000Z,401520222,Buffalo,Liberty,Underdog,2.75,L,-25.25,,-2.0,10.0,-14.0,neutral,MAC,Conference USA,G6,G6,G6_vs_G6,False,True,MAC,Independent,,0.0,5_to_15,minus_5_to_15,True,neutral,pick_to_3,opponent_has_rp_edge
2023,3,2023-09-16T16:00:00.000Z,401520222,Liberty,Buffalo,Favorite,-2.75,W,25.25,,2.0,14.0,-10.0,neutral,Conference USA,MAC,G6,G6,G6_vs_G6,True,False,Independent,MAC,0.0,,5_to_15,minus_5_to_15,True,neutral,pick_to_3,team_has_rp_edge
2023,3,2023-09-16T16:00:00.000Z,401520230,Indiana,Louisville,Underdog,10.0,W,3.0,,13.0,15.0,11.0,5_to_15,Big Ten,ACC,P4,P4,P4_vs_P4,False,False,Big Ten,ACC,,,15_to_25,5_to_15,True,5_to_15,dog_7_14,team_has_rp_edge
2023,3,2023-09-16T16:00:00.000Z,401525504,Old Dominion,Wake Forest,Underdog,13.75,W,10.75,,5.0,10.0,0.0,5_to_15,Sun Belt,ACC,G6,P4,G6_vs_P4,False,False,Sun Belt,ACC,,,5_to_15,neutral,True,5_to_15,dog_7_14,team_has_rp_edge
2023,3,2023-09-16T19:30:00.000Z,401520223,Duke,Northwestern,Favorite,-17.0,W,7.0,,15.0,16.0,14.0,15_to_25,ACC,Big Ten,P4,P4,P4_vs_P4,False,False,ACC,Big Ten,,,15_to_25,5_to_15,True,15_to_25,fav_14_plus,team_has_rp_edge
2023,3,2023-09-16T19:30:00.000Z,401520239,North Carolina,Minnesota,Favorite,-6.666666666666667,W,11.333333333333332,,10.0,12.0,9.0,5_to_15,ACC,Big Ten,P4,P4,P4_vs_P4,False,False,ACC,Big Ten,,,5_to_15,5_to_15,True,5_to_15,fav_3_7,team_has_rp_edge
2023,3,2023-09-16T19:30:00.000Z,401525842,Oklahoma,Tulsa,Favorite,-28.0,W,21.0,,22.0,24.0,22.0,15_to_25,Big 12,American,P4,G6,P4_vs_G6,False,False,Big 12,American,,,15_to_25,15_to_25,True,15_to_25,fav_14_plus,team_has_rp_edge
2023,3,2023-09-16T19:30:00.000Z,401520227,Iowa,Western Michigan,Favorite,-28.5,W,2.5,,8.0,33.0,-18.0,5_to_15,Big Ten,MAC,P4,G6,P4_vs_G6,False,False,Big Ten,MAC,,,25_plus,minus_15_to_25,True,5_to_15,fav_14_plus,team_has_rp_edge
2023,3,2023-09-16T19:30:00.000Z,401520227,Western Michigan,Iowa,Underdog,28.5,L,-2.5,,-8.0,18.0,-33.0,minus_5_to_15,MAC,Big Ten,G6,P4,G6_vs_P4,False,False,MAC,Big Ten,,,15_to_25,minus_25,True,5_to_15,dog_14_plus,opponent_has_rp_edge
2023,3,2023-09-16T19:30:00.000Z,401524009,Oregon State,San Diego State,Favorite,-24.5,L,-7.5,,9.0,38.0,-19.0,5_to_15,,,,,,,,,,,,25_plus,minus_15_to_25,True,5_to_15,fav_14_plus,team_has_rp_edge
2023,3,2023-09-16T19:30:00.000Z,401524009,San Diego State,Oregon State,Underdog,24.5,W,7.5,,-9.0,19.0,-38.0,minus_5_to_15,,,,,,,,,,,,15_to_25,minus_25,True,5_to_15,dog_14_plus,opponent_has_rp_edge
2023,3,2023-09-16T20:00:00.000Z,401531348,Tulane,Southern Miss,Favorite,-7.75,W,10.25,,11.0,20.0,0.0,5_to_15,American,Sun Belt,G6,G6,G6_vs_G6,False,False,American,Sun Belt,,,15_to_25,neutral,True,5_to_15,fav_7_14,team_has_rp_edge
2023,3,2023-09-16T20:00:00.000Z,401520245,Texas A&M,UL Monroe,Favorite,-36.5,W,7.5,,28.0,16.0,38.0,25_plus,SEC,Sun Belt,P4,G6,P4_vs_G6,False,False,SEC,Sun Belt,,,15_to_25,25_plus,True,25_plus,fav_14_plus,team_has_rp_edge
2023,3,2023-09-16T20:00:00.000Z,401520240,Ohio State,Western Kentucky,Favorite,-29.5,W,23.5,,12.0,16.0,9.0,5_to_15,Big Ten,Conference USA,P4,G6,P4_vs_G6,False,False,Big Ten,Conference USA,,,15_to_25,5_to_15,True,5_to_15,fav_14_plus,team_has_rp_edge
2023,3,2023-09-16T23:00:00.000Z,401525835,Miami (OH),Cincinnati,Underdog,14.25,W,21.25,,23.0,12.0,34.0,15_to_25,MAC,Big 12,G6,P4,G6_vs_P4,False,True,MAC,American,,0.0,5_to_15,25_plus,True,15_to_25,dog_7_14,team_has_rp_edge
2023,3,2023-09-16T23:00:00.000Z,401520247,UNLV,Vanderbilt,Underdog,4.5,W,7.5,,4.0,15.0,-7.0,neutral,Mountain West,SEC,G6,P4,G6_vs_P4,False,False,Mountain West,SEC,,,15_to_25,minus_5_to_15,True,neutral,dog_3_7,team_has_rp_edge
2023,3,2023-09-16T23:00:00.000Z,401531379,Louisiana,UAB,Underdog,2.0,W,22.0,,27.0,36.0,18.0,25_plus,Sun Belt,American,G6,G6,G6_vs_G6,False,True,Sun Belt,Conference USA,,0.0,25_plus,15_to_25,True,25_plus,pick_to_3,team_has_rp_edge
2023,3,2023-09-16T23:30:00.000Z,401525503,West Virginia,Pittsburgh,Favorite,-1.0,W,10.0,,13.0,11.0,16.0,5_to_15,Big 12,ACC,P4,P4,P4_vs_P4,False,False,Big 12,ACC,,,5_to_15,15_to_25,True,5_to_15,pick_to_3,team_has_rp_edge
2023,3,2023-09-16T23:30:00.000Z,401520220,BYU,Arkansas,Underdog,8.25,W,15.25,,9.0,11.0,7.0,5_to_15,Big 12,SEC,P4,P4,P4_vs_P4,True,False,Independent,SEC,0.0,,5_to_15,5_to_15,True,5_to_15,dog_7_14,team_has_rp_edge
2023,3,2023-09-16T23:30:00.000Z,401520232,Michigan,Bowling Green,Favorite,-40.75,L,-15.75,,22.0,30.0,15.0,15_to_25,Big Ten,MAC,P4,G6,P4_vs_G6,False,False,Big Ten,MAC,,,25_plus,15_to_25,True,15_to_25,fav_14_plus,team_has_rp_edge
2023,3,2023-09-16T23:30:00.000Z,401520242,Syracuse,Purdue,Favorite,-1.0,W,14.0,,8.0,14.0,1.0,5_to_15,ACC,Big Ten,P4,P4,P4_vs_P4,False,False,ACC,Big Ten,,,5_to_15,neutral,True,5_to_15,pick_to_3,team_has_rp_edge
2023,3,2023-09-16T23:30:00.000Z,401520241,Ole Miss,Georgia Tech,Favorite,-17.0,W,8.0,,4.0,14.0,-7.0,neutral,SEC,ACC,P4,P4,P4_vs_P4,False,False,SEC,ACC,,,5_to_15,minus_5_to_15,True,neutral,fav_14_plus,team_has_rp_edge
2023,3,2023-09-17T00:00:00.000Z,401524008,Oregon,Hawai'i,Favorite,-38.25,W,6.75,,18.0,16.0,20.0,15_to_25,,,,,,,,,,,,15_to_25,15_to_25,True,15_to_25,fav_14_plus,team_has_rp_edge
2023,3,2023-09-17T00:00:00.000Z,401525840,Wyoming,Texas,Underdog,31.0,W,10.0,,9.0,19.0,-1.0,5_to_15,Mountain West,Big 12,G6,P4,G6_vs_P4,False,False,Mountain West,Big 12,,,15_to_25,neutral,True,5_to_15,dog_14_plus,team_has_rp_edge
2023,3,2023-09-17T02:30:00.000Z,401525837,Kansas,Nevada,Favorite,-28.5,L,-21.5,,32.0,37.0,27.0,25_plus,Big 12,Mountain West,P4,G6,P4_vs_G6,False,False,Big 12,Mountain West,,,25_plus,25_plus,True,25_plus,fav_14_plus,team_has_rp_edge
2023,3,2023-09-17T03:00:00.000Z,401520219,UTEP,Arizona,Underdog,18.25,L,-2.75,,8.0,25.0,-9.0,5_to_15,,,,,,,,,,,,25_plus,minus_5_to_15,True,5_to_15,dog_14_plus,team_has_rp_edge
2023,4,2023-09-22T23:00:00.000Z,401520266,Wisconsin,Purdue,Favorite,-6.0,W,15.0,,7.0,16.0,-3.0,5_to_15,Big Ten,Big Ten,P4,P4,P4_vs_P4,False,False,Big Ten,Big Ten,,,15_to_25,neutral,True,5_to_15,fav_3_7,team_has_rp_edge
2023,4,2023-09-23T02:30:00.000Z,401532583,San Diego State,Boise State,Underdog,5.833333333333333,W,2.833333333333333,,-11.0,16.0,-38.0,minus_5_to_15,Mountain West,Mountain West,G6,G6,G6_vs_G6,False,False,Mountain West,Mountain West,,,15_to_25,minus_25,True,5_to_15,dog_3_7,opponent_has_rp_edge
2023,4,2023-09-23T02:30:00.000Z,401532583,Boise State,San Diego State,Favorite,-5.833333333333333,L,-2.833333333333333,,11.0,38.0,-16.0,5_to_15,Mountain West,Mountain West,G6,G6,G6_vs_G6,False,False,Mountain West,Mountain West,,,25_plus,minus_15_to_25,True,5_to_15,fav_3_7,team_has_rp_edge
2023,4,2023-09-23T16:00:00.000Z,401525845,Oklahoma,Cincinnati,Favorite,-13.666666666666666,W,0.3333333333333339,,16.0,13.0,21.0,15_to_25,Big 12,Big 12,P4,P4,P4_vs_P4,False,True,Big 12,American,,0.0,5_to_15,15_to_25,True,15_to_25,fav_7_14,team_has_rp_edge
2023,4,2023-09-23T16:00:00.000Z,401520270,Texas A&M,Auburn,Favorite,-9.0,W,8.0,,9.0,11.0,5.0,5_to_15,SEC,SEC,P4,P4,P4_vs_P4,False,False,SEC,SEC,,,5_to_15,5_to_15,True,5_to_15,fav_7_14,team_has_rp_edge
2023,4,2023-09-23T16:00:00.000Z,401525511,Virginia Tech,Marshall,Underdog,5.333333333333333,L,-1.666666666666667,,8.0,15.0,0.0,5_to_15,ACC,Sun Belt,P4,G6,P4_vs_G6,False,False,ACC,Sun Belt,,,15_to_25,neutral,True,5_to_15,dog_3_7,team_has_rp_edge
2023,4,2023-09-23T16:00:00.000Z,401520271,Troy,Western Kentucky,Favorite,-3.5,L,-0.5,,5.0,23.0,-13.0,5_to_15,Sun Belt,Conference USA,G6,G6,G6_vs_G6,False,False,Sun Belt,Conference USA,,,15_to_25,minus_5_to_15,True,5_to_15,fav_3_7,team_has_rp_edge
2023,4,2023-09-23T16:00:00.000Z,401520271,Western Kentucky,Troy,Underdog,3.5,W,0.5,,-5.0,13.0,-23.0,minus_5_to_15,Conference USA,Sun Belt,G6,G6,G6_vs_G6,False,False,Conference USA,Sun Belt,,,5_to_15,minus_15_to_25,True,5_to_15,dog_3_7,opponent_has_rp_edge
2023,4,2023-09-23T16:00:00.000Z,401520274,Vanderbilt,Kentucky,Underdog,13.333333333333334,L,-3.666666666666666,,2.0,18.0,-15.0,neutral,SEC,SEC,P4,P4,P4_vs_P4,False,False,SEC,SEC,,,15_to_25,minus_15_to_25,True,neutral,dog_7_14,team_has_rp_edge
2023,4,2023-09-23T16:00:00.000Z,401520274,Kentucky,Vanderbilt,Favorite,-13.333333333333334,W,3.666666666666666,,-2.0,15.0,-18.0,neutral,SEC,SEC,P4,P4,P4_vs_P4,False,False,SEC,SEC,,,15_to_25,minus_15_to_25,True,neutral,fav_7_14,opponent_has_rp_edge
2023,4,2023-09-23T16:00:00.000Z,401520260,Michigan,Rutgers,Favorite,-23.833333333333332,W,0.1666666666666678,,8.0,12.0,5.0,5_to_15,Big Ten,Big Ten,P4,P4,P4_vs_P4,False,False,Big Ten,Big Ten,,,5_to_15,5_to_15,True,5_to_15,fav_14_plus,team_has_rp_edge
2023,4,2023-09-23T17:30:00.000Z,401532406,Toledo,Western Michigan,Favorite,-21.5,L,-3.5,,28.0,51.0,5.0,25_plus,MAC,MAC,G6,G6,G6_vs_G6,False,False,MAC,MAC,,,25_plus,5_to_15,True,25_plus,fav_14_plus,team_has_rp_edge
2023,4,2023-09-23T19:30:00.000Z,401525506,Boston College,Louisville,Underdog,13.833333333333334,L,-14.166666666666666,,22.0,28.0,18.0,15_to_25,ACC,ACC,P4,P4,P4_vs_P4,False,False,ACC,ACC,,,25_plus,15_to_25,True,15_to_25,dog_7_14,team_has_rp_edge
2023,4,2023-09-23T19:30:00.000Z,401520250,Ole Miss,Alabama,Underdog,7.0,L,-7.0,,31.0,42.0,19.0,25_plus,SEC,SEC,P4,P4,P4_vs_P4,False,False,SEC,SEC,,,25_plus,15_to_25,True,25_plus,dog_3_7,team_has_rp_edge
2023,4,2023-09-23T19:30:00.000Z,401532405,Bowling Green,Ohio,Underdog,13.0,L,-18.0,,7.0,37.0,-24.0,5_to_15,MAC,MAC,G6,G6,G6_vs_G6,False,False,MAC,MAC,,,25_plus,minus_15_to_25,True,5_to_15,dog_7_14,team_has_rp_edge
2023,4,2023-09-23T19:30:00.000Z,401532405,Ohio,Bowling Green,Favorite,-13.0,W,18.0,,-7.0,24.0,-37.0,minus_5_to_15,MAC,MAC,G6,G6,G6_vs_G6,False,False,MAC,MAC,,,15_to_25,minus_25,True,5_to_15,fav_7_14,opponent_has_rp_edge
2023,4,2023-09-23T19:30:00.000Z,401520272,UConn,Duke,Underdog,22.166666666666668,L,-11.833333333333332,,9.0,29.0,-11.0,5_to_15,Independent,ACC,Independent,P4,Other,False,False,Independent,ACC,,,25_plus,minus_5_to_15,True,5_to_15,dog_14_plus,team_has_rp_edge
2023,4,2023-09-23T19:30:00.000Z,401520272,Duke,UConn,Favorite,-22.166666666666668,W,11.833333333333332,,-9.0,11.0,-29.0,minus_5_to_15,ACC,Independent,P4,Independent,Other,False,False,ACC,Independent,,,5_to_15,minus_25,True,5_to_15,fav_14_plus,opponent_has_rp_edge
2023,4,2023-09-23T19:30:00.000Z,401525847,Kansas,BYU,Favorite,-9.333333333333334,W,1.666666666666666,,22.0,26.0,18.0,15_to_25,Big 12,Big 12,P4,P4,P4_vs_P4,False,True,Big 12,Independent,,0.0,25_plus,15_to_25,True,15_to_25,fav_7_14,team_has_rp_edge
2023,4,2023-09-23T22:30:00.000Z,401525508,Georgia Tech,Wake Forest,Underdog,3.6666666666666665,W,17.666666666666668,,15.0,10.0,20.0,15_to_25,ACC,ACC,P4,P4,P4_vs_P4,False,False,ACC,ACC,,,5_to_15,15_to_25,True,15_to_25,dog_3_7,team_has_rp_edge
2023,4,2023-09-23T23:00:00.000Z,401524016,Arizona,Stanford,Favorite,-12.833333333333334,L,-11.833333333333334,,22.0,36.0,8.0,15_to_25,,,,,,,,,,,,25_plus,5_to_15,True,15_to_25,fav_7_14,team_has_rp_edge
2023,4,2023-09-23T23:00:00.000Z,401520254,Sam Houston,Houston,Underdog,11.5,L,-19.5,,11.0,25.0,-2.0,5_to_15,Conference USA,Big 12,G6,P4,G6_vs_P4,False,True,,American,,0.0,25_plus,neutral,True,5_to_15,dog_7_14,team_has_rp_edge
2023,4,2023-09-23T23:00:00.000Z,401524019,Washington State,Oregon State,Underdog,3.0,W,6.0,,-3.0,21.0,-28.0,neutral,,,,,,,,,,,,15_to_25,minus_25,True,neutral,pick_to_3,opponent_has_rp_edge
2023,4,2023-09-23T23:00:00.000Z,401524019,Oregon State,Washington State,Favorite,-3.0,L,-6.0,,3.0,28.0,-21.0,neutral,,,,,,,,,,,,25_plus,minus_15_to_25,True,neutral,pick_to_3,team_has_rp_edge
2023,4,2023-09-23T23:00:00.000Z,401520258,LSU,Arkansas,Favorite,-17.666666666666668,L,-14.666666666666668,,17.0,30.0,2.0,15_to_25,SEC,SEC,P4,P4,P4_vs_P4,False,False,SEC,SEC,,,25_plus,neutral,True,15_to_25,fav_14_plus,team_has_rp_edge
2023,4,2023-09-23T23:30:00.000Z,401520259,Missouri,Memphis,Favorite,-6.5,W,0.5,,15.0,18.0,13.0,15_to_25,SEC,American,P4,G6,P4_vs_G6,False,False,SEC,American,,,15_to_25,5_to_15,True,15_to_25,fav_3_7,team_has_rp_edge
2023,4,2023-09-23T23:30:00.000Z,401520252,Georgia,UAB,Favorite,-40.833333333333336,L,-12.833333333333336,,22.0,10.0,34.0,15_to_25,SEC,American,P4,G6,P4_vs_G6,False,True,SEC,Conference USA,,0.0,5_to_15,25_plus,True,15_to_25,fav_14_plus,team_has_rp_edge
2023,4,2023-09-23T23:30:00.000Z,401531875,Louisiana,Buffalo,Favorite,-10.333333333333334,L,-3.333333333333334,,13.0,29.0,-3.0,5_to_15,Sun Belt,MAC,G6,G6,G6_vs_G6,False,False,Sun Belt,MAC,,,25_plus,neutral,True,5_to_15,fav_7_14,team_has_rp_edge
2023,4,2023-09-23T23:30:00.000Z,401525844,Texas,Baylor,Favorite,-16.5,W,15.5,,19.0,34.0,3.0,15_to_25,Big 12,Big 12,P4,P4,P4_vs_P4,False,False,Big 12,Big 12,,,25_plus,neutral,True,15_to_25,fav_14_plus,team_has_rp_edge
2023,4,2023-09-23T23:30:00.000Z,401520256,Indiana,Akron,Favorite,-16.5,L,-14.5,,6.0,17.0,-6.0,5_to_15,Big Ten,MAC,P4,G6,P4_vs_G6,False,False,Big Ten,MAC,,,15_to_25,minus_5_to_15,True,5_to_15,fav_14_plus,team_has_rp_edge
2023,4,2023-09-24T00:00:00.000Z,401525510,North Carolina,Pittsburgh,Favorite,-7.166666666666667,W,9.833333333333332,,17.0,20.0,16.0,15_to_25,ACC,ACC,P4,P4,P4_vs_P4,False,False,ACC,ACC,,,15_to_25,15_to_25,True,15_to_25,fav_3_7,team_has_rp_edge
2023,4,2023-09-24T03:59:00.000Z,401520253,New Mexico State,Hawai'i,Underdog,3.6666666666666665,W,0.6666666666666665,,17.0,28.0,6.0,15_to_25,Conference USA,Mountain West,G6,G6,G6_vs_G6,True,False,Independent,Mountain West,0.0,,25_plus,5_to_15,True,15_to_25,dog_3_7,team_has_rp_edge
2024,1,2024-08-24T16:00:00.000Z,401635525,Georgia Tech,Florida State,Underdog,10.666666666666666,W,13.666666666666666,,8.0,23.0,-7.0,5_to_15,ACC,ACC,P4,P4,P4_vs_P4,False,False,ACC,ACC,,,15_to_25,minus_5_to_15,True,5_to_15,dog_7_14,team_has_rp_edge
2024,1,2024-08-30T00:00:00.000Z,401640998,Jacksonville State,Coastal Carolina,Favorite,-3.5,L,-31.5,,24.0,15.0,33.0,15_to_25,Conference USA,Sun Belt,G6,G6,G6_vs_G6,False,False,Conference USA,Sun Belt,,,15_to_25,25_plus,True,15_to_25,fav_3_7,team_has_rp_edge
2024,1,2024-08-30T00:00:00.000Z,401628448,Minnesota,North Carolina,Underdog,0.3333333333333333,L,-1.6666666666666667,,34.0,32.0,37.0,25_plus,Big Ten,ACC,P4,P4,P4_vs_P4,False,False,Big Ten,ACC,,,25_plus,25_plus,True,25_plus,pick_to_3,team_has_rp_edge
2024,1,2024-08-31T01:00:00.000Z,401628461,Wisconsin,Western Michigan,Favorite,-24.166666666666668,L,-10.166666666666668,,8.0,16.0,-1.0,5_to_15,Big Ten,MAC,P4,G6,P4_vs_G6,False,False,Big Ten,MAC,,,15_to_25,neutral,True,5_to_15,fav_14_plus,team_has_rp_edge
2024,1,2024-08-31T16:00:00.000Z,401628323,Georgia,Clemson,Favorite,-11.666666666666666,W,19.333333333333336,,1.0,27.0,-24.0,neutral,SEC,ACC,P4,P4,P4_vs_P4,False,False,SEC,ACC,,,25_plus,minus_15_to_25,True,neutral,fav_7_14,team_has_rp_edge
2024,1,2024-08-31T16:00:00.000Z,401628323,Clemson,Georgia,Underdog,11.666666666666666,L,-19.333333333333336,,-1.0,24.0,-27.0,neutral,ACC,SEC,P4,P4,P4_vs_P4,False,False,ACC,SEC,,,15_to_25,minus_25,True,neutral,dog_7_14,opponent_has_rp_edge
2024,1,2024-08-31T16:00:00.000Z,401628333,Virginia Tech,Vanderbilt,Favorite,-13.333333333333334,L,-20.333333333333336,,26.0,30.0,23.0,25_plus,ACC,SEC,P4,P4,P4_vs_P4,False,False,ACC,SEC,,,25_plus,15_to_25,True,25_plus,fav_7_14,team_has_rp_edge
2024,1,2024-08-31T19:30:00.000Z,401628322,Florida,Miami,Underdog,2.5,L,-21.5,,2.0,17.0,-13.0,neutral,SEC,ACC,P4,P4,P4_vs_P4,False,False,SEC,ACC,,,15_to_25,minus_5_to_15,True,neutral,pick_to_3,team_has_rp_edge
2024,1,2024-08-31T19:30:00.000Z,401628322,Miami,Florida,Favorite,-2.5,W,21.5,,-2.0,13.0,-17.0,neutral,ACC,SEC,P4,P4,P4_vs_P4,False,False,ACC,SEC,,,5_to_15,minus_15_to_25,True,neutral,pick_to_3,opponent_has_rp_edge
2024,1,2024-08-31T19:30:00.000Z,401628454,Nebraska,UTEP,Favorite,-27.5,W,5.5,0.5,32.0,28.0,36.0,25_plus,Big Ten,Conference USA,P4,G6,P4_vs_G6,False,False,Big Ten,Conference USA,,,25_plus,25_plus,True,25_plus,fav_14_plus,team_has_rp_edge
2024,1,2024-08-31T19:30:00.000Z,401634304,Syracuse,Ohio,Favorite,-17.333333333333332,L,-1.333333333333332,,47.0,48.0,45.0,25_plus,ACC,MAC,P4,G6,P4_vs_G6,False,False,ACC,MAC,,,25_plus,25_plus,True,25_plus,fav_14_plus,team_has_rp_edge
2024,1,2024-08-31T23:00:00.000Z,401643701,Nevada,Troy,Underdog,10.166666666666666,W,12.166666666666666,,23.0,33.0,13.0,15_to_25,Mountain West,Sun Belt,G6,G6,G6_vs_G6,False,False,Mountain West,Sun Belt,,,25_plus,5_to_15,True,15_to_25,dog_7_14,team_has_rp_edge
2024,1,2024-08-31T23:00:00.000Z,401628319,Western Kentucky,Alabama,Underdog,34.166666666666664,L,-28.833333333333336,,17.0,26.0,8.0,15_to_25,Conference USA,SEC,G6,P4,G6_vs_P4,False,False,Conference USA,SEC,,,25_plus,5_to_15,True,15_to_25,dog_14_plus,team_has_rp_edge
2024,1,2024-08-31T23:30:00.000Z,401628332,Texas A&M,Notre Dame,Favorite,-2.6666666666666665,L,-12.666666666666666,,12.0,17.0,6.0,5_to_15,SEC,Independent,P4,Independent,Other,False,False,SEC,Independent,,,15_to_25,5_to_15,True,5_to_15,pick_to_3,team_has_rp_edge
2024,1,2024-09-01T00:00:00.000Z,401643774,Charlotte,James Madison,Underdog,7.0,L,-16.0,1.5,22.0,27.0,17.0,15_to_25,American,Sun Belt,G6,G6,G6_vs_G6,False,False,American,Sun Belt,,,25_plus,15_to_25,True,15_to_25,dog_3_7,team_has_rp_edge
2024,1,2024-09-01T02:30:00.000Z,401636608,Arizona,New Mexico,Favorite,-29.166666666666668,L,-7.166666666666668,,26.0,16.0,36.0,25_plus,Big 12,Mountain West,P4,G6,P4_vs_G6,True,False,Pac-12,Mountain West,0.0,,15_to_25,25_plus,True,25_plus,fav_14_plus,team_has_rp_edge
2024,1,2024-09-02T23:30:00.000Z,401634306,Boston College,Florida State,Underdog,16.5,W,31.5,0.0,9.0,20.0,-3.0,5_to_15,ACC,ACC,P4,P4,P4_vs_P4,False,False,ACC,ACC,,,15_to_25,neutral,True,5_to_15,dog_14_plus,team_has_rp_edge
2024,2,2024-09-07T16:00:00.000Z,401643784,Memphis,Troy,Favorite,-18.666666666666668,W,2.333333333333332,1.5,33.0,45.0,23.0,25_plus,American,Sun Belt,G6,G6,G6_vs_G6,False,False,American,Sun Belt,,,25_plus,15_to_25,True,25_plus,fav_14_plus,team_has_rp_edge
2024,2,2024-09-07T16:00:00.000Z,401628470,Penn State,Bowling Green,Favorite,-34.833333333333336,L,-27.833333333333336,3.0,22.0,29.0,14.0,15_to_25,Big Ten,MAC,P4,G6,P4_vs_G6,False,False,Big Ten,MAC,,,25_plus,5_to_15,True,15_to_25,fav_14_plus,team_has_rp_edge
2024,2,2024-09-07T16:00:00.000Z,401628347,Texas,Michigan,Favorite,-6.666666666666667,W,12.333333333333332,-1.0,34.0,27.0,42.0,25_plus,SEC,Big Ten,P4,P4,P4_vs_P4,True,False,Big 12,Big Ten,0.0,,25_plus,25_plus,True,25_plus,fav_3_7,team_has_rp_edge
2024,2,2024-09-07T16:00:00.000Z,401635534,Syracuse,Georgia Tech,Underdog,2.8333333333333335,W,5.833333333333334,-0.5,8.0,32.0,-16.0,5_to_15,ACC,ACC,P4,P4,P4_vs_P4,False,False,ACC,ACC,,,25_plus,minus_15_to_25,True,5_to_15,pick_to_3,team_has_rp_edge
2024,2,2024-09-07T16:00:00.000Z,401635534,Georgia Tech,Syracuse,Favorite,-2.8333333333333335,L,-5.833333333333334,0.5,-8.0,16.0,-32.0,minus_5_to_15,ACC,ACC,P4,P4,P4_vs_P4,False,False,ACC,ACC,,,15_to_25,minus_25,True,5_to_15,pick_to_3,opponent_has_rp_edge
2024,2,2024-09-07T19:30:00.000Z,401635537,Charlotte,North Carolina,Underdog,21.5,W,3.5,0.5,24.0,29.0,20.0,15_to_25,American,ACC,G6,P4,G6_vs_P4,False,False,American,ACC,,,25_plus,15_to_25,True,15_to_25,dog_14_plus,team_has_rp_edge
2024,2,2024-09-07T19:30:00.000Z,401628337,California,Auburn,Underdog,12.333333333333334,W,19.333333333333336,-0.5,8.0,24.0,-8.0,5_to_15,ACC,SEC,P4,P4,P4_vs_P4,True,False,Pac-12,SEC,0.0,,15_to_25,minus_5_to_15,True,5_to_15,dog_7_14,team_has_rp_edge
2024,2,2024-09-07T19:30:00.000Z,401636618,Utah,Baylor,Favorite,-14.666666666666666,L,-3.666666666666666,-2.5,6.0,13.0,-1.0,5_to_15,Big 12,Big 12,P4,P4,P4_vs_P4,True,False,Pac-12,Big 12,0.0,,5_to_15,neutral,True,5_to_15,fav_14_plus,team_has_rp_edge
2024,2,2024-09-07T20:15:00.000Z,401628342,Ole Miss,Middle Tennessee,Favorite,-42.5,W,6.5,2.5,16.0,39.0,-5.0,15_to_25,SEC,Conference USA,P4,G6,P4_vs_G6,False,False,SEC,Conference USA,,,25_plus,minus_5_to_15,True,15_to_25,fav_14_plus,team_has_rp_edge
2024,2,2024-09-07T20:30:00.000Z,401635540,Virginia Tech,Marshall,Favorite,-20.666666666666668,L,-3.666666666666668,4.0,24.0,38.0,10.0,15_to_25,ACC,Sun Belt,P4,G6,P4_vs_G6,False,False,ACC,Sun Belt,,,25_plus,5_to_15,True,15_to_25,fav_14_plus,team_has_rp_edge
2024,2,2024-09-07T22:00:00.000Z,401643778,Old Dominion,East Carolina,Favorite,-1.6666666666666667,L,-7.666666666666667,-1.0,5.0,33.0,-21.0,5_to_15,Sun Belt,American,G6,G6,G6_vs_G6,False,False,Sun Belt,American,,,25_plus,minus_15_to_25,True,5_to_15,pick_to_3,team_has_rp_edge
2024,2,2024-09-07T22:00:00.000Z,401643778,East Carolina,Old Dominion,Underdog,1.6666666666666667,W,7.666666666666667,1.0,-5.0,21.0,-33.0,minus_5_to_15,American,Sun Belt,G6,G6,G6_vs_G6,False,False,American,Sun Belt,,,15_to_25,minus_25,True,5_to_15,pick_to_3,opponent_has_rp_edge
2024,2,2024-09-07T23:00:00.000Z,401628335,South Florida,Alabama,Underdog,31.666666666666668,W,5.666666666666668,0.5,28.0,54.0,2.0,25_plus,American,SEC,G6,P4,G6_vs_P4,False,False,American,SEC,,,25_plus,neutral,True,25_plus,dog_14_plus,team_has_rp_edge
2024,2,2024-09-07T23:00:00.000Z,401628344,Missouri,Buffalo,Favorite,-33.666666666666664,W,4.333333333333336,-2.0,39.0,51.0,27.0,25_plus,SEC,MAC,P4,G6,P4_vs_G6,False,False,SEC,MAC,,,25_plus,25_plus,True,25_plus,fav_14_plus,team_has_rp_edge
2024,2,2024-09-07T23:00:00.000Z,401635639,Virginia,Wake Forest,Favorite,-0.5,W,0.5,1.5,8.0,11.0,7.0,5_to_15,ACC,ACC,P4,P4,P4_vs_P4,False,False,ACC,ACC,,,5_to_15,5_to_15,True,5_to_15,pick_to_3,team_has_rp_edge
2024,2,2024-09-07T23:00:00.000Z,401643780,UAB,UL Monroe,Favorite,-11.5,L,-37.5,-0.5,26.0,40.0,13.0,25_plus,American,Sun Belt,G6,G6,G6_vs_G6,False,False,American,Sun Belt,,,25_plus,5_to_15,True,25_plus,fav_7_14,team_has_rp_edge
2024,2,2024-09-07T23:30:00.000Z,401628468,Western Michigan,Ohio State,Underdog,37.333333333333336,L,-18.666666666666664,2.0,2.0,11.0,-7.0,neutral,MAC,Big Ten,G6,P4,G6_vs_P4,False,False,MAC,Big Ten,,,5_to_15,minus_5_to_15,True,neutral,dog_14_plus,team_has_rp_edge
2024,2,2024-09-08T02:15:00.000Z,401640989,Liberty,New Mexico State,Favorite,-22.166666666666668,L,-16.166666666666668,1.5,12.0,28.0,-4.0,5_to_15,Conference USA,Conference USA,G6,G6,G6_vs_G6,False,False,Conference USA,Conference USA,,,25_plus,neutral,True,5_to_15,fav_14_plus,team_has_rp_edge
2024,2,2024-09-08T02:30:00.000Z,401643709,San Diego State,Oregon State,Underdog,5.666666666666667,L,-15.333333333333332,-0.5,6.0,23.0,-11.0,5_to_15,,,,,,,,,,,,15_to_25,minus_5_to_15,True,5_to_15,dog_3_7,team_has_rp_edge
2024,2,2024-09-08T02:30:00.000Z,401643709,Oregon State,San Diego State,Favorite,-5.666666666666667,W,15.333333333333332,0.5,-6.0,11.0,-23.0,minus_5_to_15,,,,,,,,,,,,5_to_15,minus_15_to_25,True,5_to_15,fav_3_7,opponent_has_rp_edge
2024,3,2024-09-14T16:00:00.000Z,401636865,Miami (OH),Cincinnati,Underdog,3.0,L,-8.0,0.0,12.0,22.0,2.0,5_to_15,MAC,Big 12,G6,P4,G6_vs_P4,False,False,MAC,Big 12,,,15_to_25,neutral,True,5_to_15,pick_to_3,team_has_rp_edge
2024,3,2024-09-14T16:00:00.000Z,401628350,Wisconsin,Alabama,Underdog,15.166666666666666,L,-16.833333333333336,-6.0,27.0,37.0,15.0,25_plus,Big Ten,SEC,P4,P4,P4_vs_P4,False,False,Big Ten,SEC,,,25_plus,15_to_25,True,25_plus,dog_14_plus,team_has_rp_edge
2024,3,2024-09-14T16:00:00.000Z,401635542,Memphis,Florida State,Underdog,6.833333333333333,W,14.833333333333332,0.0,11.0,14.0,9.0,5_to_15,American,ACC,G6,P4,G6_vs_P4,False,False,American,ACC,,,5_to_15,5_to_15,True,5_to_15,dog_3_7,team_has_rp_edge
2024,3,2024-09-14T16:45:00.000Z,401628357,Missouri,Boston College,Favorite,-15.166666666666666,L,-9.166666666666666,-2.5,1.0,26.0,-22.0,neutral,SEC,ACC,P4,P4,P4_vs_P4,False,False,SEC,ACC,,,25_plus,minus_15_to_25,True,neutral,fav_14_plus,team_has_rp_edge
2024,3,2024-09-14T16:45:00.000Z,401628357,Boston College,Missouri,Underdog,15.166666666666666,W,9.166666666666666,2.5,-1.0,22.0,-26.0,neutral,ACC,SEC,P4,P4,P4_vs_P4,False,False,ACC,SEC,,,15_to_25,minus_25,True,neutral,dog_14_plus,opponent_has_rp_edge
2024,3,2024-09-14T19:30:00.000Z,401635547,Pittsburgh,West Virginia,Underdog,2.0,W,6.0,4.0,-6.0,13.0,-27.0,minus_5_to_15,ACC,Big 12,P4,P4,P4_vs_P4,False,False,ACC,Big 12,,,5_to_15,minus_25,True,5_to_15,pick_to_3,opponent_has_rp_edge
2024,3,2024-09-14T19:30:00.000Z,401635547,West Virginia,Pittsburgh,Favorite,-2.0,L,-6.0,-4.0,6.0,27.0,-13.0,5_to_15,Big 12,ACC,P4,P4,P4_vs_P4,False,False,Big 12,ACC,,,25_plus,minus_5_to_15,True,5_to_15,pick_to_3,team_has_rp_edge
2024,3,2024-09-14T19:30:00.000Z,401628481,Minnesota,Nevada,Favorite,-16.833333333333332,W,10.166666666666668,-0.5,12.0,13.0,12.0,5_to_15,Big Ten,Mountain West,P4,G6,P4_vs_G6,False,False,Big Ten,Mountain West,,,5_to_15,5_to_15,True,5_to_15,fav_14_plus,team_has_rp_edge
2024,3,2024-09-14T19:30:00.000Z,401628353,Texas A&M,Florida,Favorite,-3.6666666666666665,W,9.333333333333334,-1.0,4.0,11.0,-3.0,neutral,SEC,SEC,P4,P4,P4_vs_P4,False,False,SEC,SEC,,,5_to_15,neutral,True,neutral,fav_3_7,team_has_rp_edge
2024,3,2024-09-14T19:30:00.000Z,401628978,Notre Dame,Purdue,Favorite,-8.666666666666666,W,50.333333333333336,-3.5,9.0,15.0,4.0,5_to_15,Independent,Big Ten,Independent,P4,Other,False,False,Independent,Big Ten,,,15_to_25,neutral,True,5_to_15,fav_7_14,team_has_rp_edge
2024,3,2024-09-14T19:30:00.000Z,401628483,Oregon,Oregon State,Favorite,-17.666666666666668,W,17.333333333333332,-2.5,29.0,42.0,16.0,25_plus,,,,,,,,,,,,25_plus,15_to_25,True,25_plus,fav_14_plus,team_has_rp_edge
2024,3,2024-09-14T20:00:00.000Z,401628477,Iowa,Troy,Favorite,-23.333333333333332,L,-6.333333333333332,0.0,33.0,51.0,16.0,25_plus,Big Ten,Sun Belt,P4,G6,P4_vs_G6,False,False,Big Ten,Sun Belt,,,25_plus,15_to_25,True,25_plus,fav_14_plus,team_has_rp_edge
2024,3,2024-09-14T20:15:00.000Z,401628351,UAB,Arkansas,Underdog,23.666666666666668,W,13.666666666666668,0.0,20.0,40.0,2.0,15_to_25,American,SEC,G6,P4,G6_vs_P4,False,False,American,SEC,,,25_plus,neutral,True,15_to_25,dog_14_plus,team_has_rp_edge
2024,3,2024-09-14T22:00:00.000Z,401635548,Virginia Tech,Old Dominion,Favorite,-15.333333333333334,W,4.666666666666666,0.0,16.0,39.0,-8.0,15_to_25,ACC,Sun Belt,P4,G6,P4_vs_G6,False,False,ACC,Sun Belt,,,25_plus,minus_5_to_15,True,15_to_25,fav_14_plus,team_has_rp_edge
2024,3,2024-09-14T22:00:00.000Z,401640990,Liberty,UTEP,Favorite,-23.666666666666668,L,-5.666666666666668,0.0,15.0,15.0,15.0,15_to_25,Conference USA,Conference USA,G6,G6,G6_vs_G6,False,False,Conference USA,Conference USA,,,15_to_25,15_to_25,True,15_to_25,fav_14_plus,team_has_rp_edge
2024,3,2024-09-14T23:00:00.000Z,401643789,South Florida,Southern Miss,Favorite,-11.666666666666666,W,13.333333333333334,0.0,16.0,24.0,9.0,15_to_25,American,Sun Belt,G6,G6,G6_vs_G6,False,False,American,Sun Belt,,,15_to_25,5_to_15,True,15_to_25,fav_7_14,team_has_rp_edge
2024,3,2024-09-14T23:00:00.000Z,401641040,Sam Houston,Hawai'i,Favorite,-4.0,W,14.0,0.0,9.0,14.0,4.0,5_to_15,Conference USA,Mountain West,G6,G6,G6_vs_G6,False,False,Conference USA,Mountain West,,,5_to_15,neutral,True,5_to_15,fav_3_7,team_has_rp_edge
2024,3,2024-09-14T23:00:00.000Z,401641024,Western Kentucky,Middle Tennessee,Favorite,-8.5,W,19.5,0.0,16.0,27.0,7.0,15_to_25,Conference USA,Conference USA,G6,G6,G6_vs_G6,False,False,Conference USA,Conference USA,,,25_plus,5_to_15,True,15_to_25,fav_7_14,team_has_rp_edge
2024,3,2024-09-14T23:00:00.000Z,401628361,Texas,UTSA,Favorite,-35.5,W,13.5,0.0,25.0,35.0,15.0,25_plus,SEC,American,P4,G6,P4_vs_G6,True,False,Big 12,American,0.0,,25_plus,15_to_25,True,25_plus,fav_14_plus,team_has_rp_edge
2024,3,2024-09-14T23:00:00.000Z,401640999,Jacksonville State,Eastern Michigan,Favorite,-1.0,L,-4.0,0.0,23.0,14.0,32.0,15_to_25,Conference USA,MAC,G6,G6,G6_vs_G6,False,False,Conference USA,MAC,,,5_to_15,25_plus,True,15_to_25,pick_to_3,team_has_rp_edge
2024,3,2024-09-14T23:30:00.000Z,401628354,Georgia,Kentucky,Favorite,-22.5,L,-21.5,-1.5,16.0,24.0,10.0,15_to_25,SEC,SEC,P4,P4,P4_vs_P4,False,False,SEC,SEC,,,15_to_25,5_to_15,True,15_to_25,fav_14_plus,team_has_rp_edge
2024,3,2024-09-14T23:30:00.000Z,401636860,Baylor,Air Force,Favorite,-16.666666666666668,W,11.333333333333332,0.0,41.0,48.0,34.0,25_plus,Big 12,Mountain West,P4,G6,P4_vs_G6,False,False,Big 12,Mountain West,,,25_plus,25_plus,True,25_plus,fav_14_plus,team_has_rp_edge
2024,3,2024-09-14T23:30:00.000Z,401628352,Auburn,New Mexico,Favorite,-25.833333333333332,W,0.1666666666666678,-4.0,25.0,20.0,29.0,25_plus,SEC,Mountain West,P4,G6,P4_vs_G6,False,False,SEC,Mountain West,,,15_to_25,25_plus,True,25_plus,fav_14_plus,team_has_rp_edge
2024,3,2024-09-15T00:00:00.000Z,401628478,Virginia,Maryland,Favorite,-1.1666666666666667,L,-15.166666666666666,0.0,31.0,34.0,28.0,25_plus,ACC,Big Ten,P4,P4,P4_vs_P4,False,False,ACC,Big Ten,,,25_plus,25_plus,True,25_plus,pick_to_3,team_has_rp_edge
2024,3,2024-09-15T02:30:00.000Z,401635541,California,San Diego State,Favorite,-18.666666666666668,W,2.333333333333332,0.0,27.0,36.0,17.0,25_plus,ACC,Mountain West,P4,G6,P4_vs_G6,True,False,Pac-12,Mountain West,0.0,,25_plus,15_to_25,True,25_plus,fav_14_plus,team_has_rp_edge
2024,4,2024-09-20T23:30:00.000Z,401634766,Syracuse,Stanford,Favorite,-8.833333333333334,L,-10.833333333333334,-2.0,7.0,16.0,-2.0,5_to_15,ACC,ACC,P4,P4,P4_vs_P4,False,True,ACC,Pac-12,,0.0,15_to_25,neutral,True,5_to_15,fav_7_14,team_has_rp_edge
2024,4,2024-09-21T00:00:00.000Z,401628485,Nebraska,Illinois,Favorite,-8.833333333333334,L,-15.833333333333334,-1.0,15.0,11.0,20.0,15_to_25,Big Ten,Big Ten,P4,P4,P4_vs_P4,False,False,Big Ten,Big Ten,,,5_to_15,15_to_25,True,15_to_25,fav_7_14,team_has_rp_edge
2024,4,2024-09-21T16:00:00.000Z,401643791,Louisiana,Tulane,Underdog,1.5,L,-6.5,,23.0,20.0,26.0,15_to_25,Sun Belt,American,G6,G6,G6_vs_G6,False,False,Sun Belt,American,,,15_to_25,25_plus,True,15_to_25,pick_to_3,team_has_rp_edge
2024,4,2024-09-21T16:00:00.000Z,401636879,West Virginia,Kansas,Favorite,-1.3333333333333333,W,2.666666666666667,,11.0,33.0,-10.0,5_to_15,Big 12,Big 12,P4,P4,P4_vs_P4,False,False,Big 12,Big 12,,,25_plus,minus_5_to_15,True,5_to_15,pick_to_3,team_has_rp_edge
2024,4,2024-09-21T16:00:00.000Z,401636879,Kansas,West Virginia,Underdog,1.3333333333333333,L,-2.666666666666667,,-11.0,10.0,-33.0,minus_5_to_15,Big 12,Big 12,P4,P4,P4_vs_P4,False,False,Big 12,Big 12,,,5_to_15,minus_25,True,5_to_15,pick_to_3,opponent_has_rp_edge
2024,4,2024-09-21T16:00:00.000Z,401628486,Charlotte,Indiana,Underdog,28.5,L,-9.5,,5.0,12.0,-2.0,5_to_15,American,Big Ten,G6,P4,G6_vs_P4,False,False,American,Big Ten,,,5_to_15,neutral,True,5_to_15,dog_14_plus,team_has_rp_edge
2024,4,2024-09-21T16:00:00.000Z,401645328,Rice,Army,Underdog,7.333333333333333,L,-15.666666666666668,,26.0,25.0,26.0,25_plus,American,American,G6,G6,G6_vs_G6,False,True,American,Independent,,0.0,25_plus,25_plus,True,25_plus,dog_3_7,team_has_rp_edge
2024,4,2024-09-21T16:45:00.000Z,401628364,Kentucky,Ohio,Favorite,-20.666666666666668,W,14.333333333333332,,22.0,12.0,30.0,15_to_25,SEC,MAC,P4,G6,P4_vs_G6,False,False,SEC,MAC,,,5_to_15,25_plus,True,15_to_25,fav_14_plus,team_has_rp_edge
2024,4,2024-09-21T18:00:00.000Z,401635558,Virginia,Coastal Carolina,Favorite,-3.5,W,15.5,0.5,31.0,39.0,24.0,25_plus,ACC,Sun Belt,P4,G6,P4_vs_G6,False,False,ACC,Sun Belt,,,25_plus,15_to_25,True,25_plus,fav_3_7,team_has_rp_edge
2024,4,2024-09-21T19:30:00.000Z,401628363,Auburn,Arkansas,Favorite,-2.5,L,-12.5,-1.0,19.0,33.0,5.0,15_to_25,SEC,SEC,P4,P4,P4_vs_P4,False,False,SEC,SEC,,,25_plus,5_to_15,True,15_to_25,pick_to_3,team_has_rp_edge
2024,4,2024-09-21T19:30:00.000Z,401628979,Miami (OH),Notre Dame,Underdog,27.333333333333332,W,2.333333333333332,-1.0,14.0,19.0,9.0,5_to_15,MAC,Independent,G6,Independent,Other,False,False,MAC,Independent,,,15_to_25,5_to_15,True,5_to_15,dog_14_plus,team_has_rp_edge
2024,4,2024-09-21T19:30:00.000Z,401628494,Virginia Tech,Rutgers,Favorite,-3.25,L,-6.25,0.0,12.0,16.0,8.0,5_to_15,ACC,Big Ten,P4,P4,P4_vs_P4,False,False,ACC,Big Ten,,,15_to_25,5_to_15,True,5_to_15,pick_to_3,team_has_rp_edge
2024,4,2024-09-21T20:00:00.000Z,401635553,Duke,Middle Tennessee,Favorite,-14.666666666666666,W,13.333333333333334,0.5,10.0,21.0,0.0,5_to_15,ACC,Conference USA,P4,G6,P4_vs_G6,False,False,ACC,Conference USA,,,15_to_25,neutral,True,5_to_15,fav_14_plus,team_has_rp_edge
2024,4,2024-09-21T20:15:00.000Z,401628368,Missouri,Vanderbilt,Favorite,-18.0,L,-15.0,-2.5,8.0,14.0,4.0,5_to_15,SEC,SEC,P4,P4,P4_vs_P4,False,False,SEC,SEC,,,5_to_15,neutral,True,5_to_15,fav_14_plus,team_has_rp_edge
2024,4,2024-09-21T22:00:00.000Z,401640991,Liberty,East Carolina,Favorite,-7.5,W,3.5,0.0,-5.0,11.0,-20.0,minus_5_to_15,Conference USA,American,G6,G6,G6_vs_G6,False,False,Conference USA,American,,,5_to_15,minus_15_to_25,True,5_to_15,fav_7_14,opponent_has_rp_edge
2024,4,2024-09-21T22:00:00.000Z,401640991,East Carolina,Liberty,Underdog,7.5,L,-3.5,0.0,5.0,20.0,-11.0,5_to_15,American,Conference USA,G6,G6,G6_vs_G6,False,False,American,Conference USA,,,15_to_25,minus_5_to_15,True,5_to_15,dog_7_14,team_has_rp_edge
2024,4,2024-09-21T23:00:00.000Z,401635555,South Florida,Miami,Underdog,16.333333333333332,L,-18.666666666666668,2.0,6.0,34.0,-21.0,5_to_15,American,ACC,G6,P4,G6_vs_P4,False,False,American,ACC,,,25_plus,minus_15_to_25,True,5_to_15,dog_14_plus,team_has_rp_edge
2024,4,2024-09-21T23:00:00.000Z,401635555,Miami,South Florida,Favorite,-16.333333333333332,W,18.666666666666668,-2.0,-6.0,21.0,-34.0,minus_5_to_15,ACC,American,P4,G6,P4_vs_G6,False,False,ACC,American,,,15_to_25,minus_25,True,5_to_15,fav_14_plus,opponent_has_rp_edge
2024,4,2024-09-21T23:00:00.000Z,401635551,California,Florida State,Underdog,2.8333333333333335,L,-2.1666666666666665,-0.5,15.0,19.0,10.0,15_to_25,ACC,ACC,P4,P4,P4_vs_P4,True,False,Pac-12,ACC,0.0,,15_to_25,5_to_15,True,15_to_25,pick_to_3,team_has_rp_edge
2024,4,2024-09-21T23:00:00.000Z,401628491,Northwestern,Washington,Underdog,11.833333333333334,L,-7.166666666666666,-1.5,40.0,12.0,69.0,25_plus,Big Ten,Big Ten,P4,P4,P4_vs_P4,False,True,Big Ten,Pac-12,,0.0,5_to_15,25_plus,True,25_plus,dog_7_14,team_has_rp_edge
2024,4,2024-09-21T23:00:00.000Z,401641034,Sam Houston,New Mexico State,Favorite,-15.0,W,5.0,0.5,16.0,28.0,3.0,15_to_25,Conference USA,Conference USA,G6,G6,G6_vs_G6,False,False,Conference USA,Conference USA,,,25_plus,neutral,True,15_to_25,fav_14_plus,team_has_rp_edge
2024,4,2024-09-21T23:00:00.000Z,401641008,Tulsa,Louisiana Tech,Underdog,2.3333333333333335,W,5.333333333333334,1.0,3.0,15.0,-8.0,neutral,American,Conference USA,G6,G6,G6_vs_G6,False,False,American,Conference USA,,,15_to_25,minus_5_to_15,True,neutral,pick_to_3,team_has_rp_edge
2024,4,2024-09-21T23:30:00.000Z,401628487,Minnesota,Iowa,Underdog,2.8333333333333335,L,-14.166666666666666,0.0,2.0,10.0,-6.0,neutral,Big Ten,Big Ten,P4,P4,P4_vs_P4,False,False,Big Ten,Big Ten,,,5_to_15,minus_5_to_15,True,neutral,pick_to_3,team_has_rp_edge
2024,4,2024-09-21T23:30:00.000Z,401628372,Texas A&M,Bowling Green,Favorite,-21.166666666666668,L,-15.166666666666668,-2.0,24.0,32.0,15.0,15_to_25,SEC,MAC,P4,G6,P4_vs_G6,False,False,SEC,MAC,,,25_plus,15_to_25,True,15_to_25,fav_14_plus,team_has_rp_edge
2024,4,2024-09-22T00:00:00.000Z,401628371,Texas,UL Monroe,Favorite,-43.0,W,5.0,-3.5,30.0,33.0,27.0,25_plus,SEC,Sun Belt,P4,G6,P4_vs_G6,True,False,Big 12,Sun Belt,0.0,,25_plus,25_plus,True,25_plus,fav_14_plus,team_has_rp_edge
2024,4,2024-09-22T00:30:00.000Z,401643717,Purdue,Oregon State,Underdog,1.8333333333333333,L,-15.166666666666666,4.0,11.0,30.0,-8.0,5_to_15,,,,,,,,,,,,25_plus,minus_5_to_15,True,5_to_15,pick_to_3,team_has_rp_edge
2025,1,2025-08-23T23:00:00.000Z,401757218,Western Kentucky,Sam Houston,Favorite,-9.833333333333334,W,7.166666666666666,2.5,-6.0,16.0,-27.0,minus_5_to_15,Conference USA,Conference USA,G6,G6,G6_vs_G6,False,False,Conference USA,Conference USA,,,15_to_25,minus_25,True,5_to_15,fav_7_14,opponent_has_rp_edge
2025,1,2025-08-23T23:00:00.000Z,401757218,Sam Houston,Western Kentucky,Underdog,9.833333333333334,L,-7.166666666666666,-2.5,6.0,27.0,-16.0,5_to_15,Conference USA,Conference USA,G6,G6,G6_vs_G6,False,False,Conference USA,Conference USA,,,25_plus,minus_15_to_25,True,5_to_15,dog_7_14,team_has_rp_edge
2025,1,2025-08-28T22:00:00.000Z,401752794,Rutgers,Ohio,Favorite,-14.166666666666666,L,-11.166666666666666,5.0,12.0,18.0,7.0,5_to_15,Big Ten,MAC,P4,G6,P4_vs_G6,False,False,Big Ten,MAC,,,15_to_25,5_to_15,True,5_to_15,fav_7_14,team_has_rp_edge
2025,1,2025-08-28T23:00:00.000Z,401762789,Akron,Wyoming,Underdog,6.0,L,-4.0,4.5,-15.0,12.0,-41.0,minus_15_to_25,MAC,Mountain West,G6,G6,G6_vs_G6,False,False,MAC,Mountain West,,,5_to_15,minus_25,True,15_to_25,dog_3_7,opponent_has_rp_edge
2025,1,2025-08-28T23:00:00.000Z,401762789,Wyoming,Akron,Favorite,-6.0,W,4.0,-4.5,15.0,41.0,-12.0,15_to_25,Mountain West,MAC,G6,G6,G6_vs_G6,False,False,Mountain West,MAC,,,25_plus,minus_5_to_15,True,15_to_25,fav_3_7,team_has_rp_edge
2025,1,2025-08-28T23:00:00.000Z,401756848,UCF,Jacksonville State,Favorite,-19.166666666666668,L,-12.166666666666668,4.0,17.0,22.0,11.0,15_to_25,Big 12,Conference USA,P4,G6,P4_vs_G6,False,False,Big 12,Conference USA,,,15_to_25,5_to_15,True,15_to_25,fav_14_plus,team_has_rp_edge
2025,1,2025-08-29T01:00:00.000Z,401752796,Cincinnati,Nebraska,Underdog,6.0,W,3.0,0.5,8.0,12.0,3.0,5_to_15,Big 12,Big Ten,P4,P4,P4_vs_P4,False,False,Big 12,Big Ten,,,5_to_15,neutral,True,5_to_15,dog_3_7,team_has_rp_edge
2025,1,2025-08-29T01:00:00.000Z,401762791,Wisconsin,Miami (OH),Favorite,-18.0,L,-1.0,0.5,32.0,18.0,47.0,25_plus,Big Ten,MAC,P4,G6,P4_vs_G6,False,False,Big Ten,MAC,,,15_to_25,25_plus,True,25_plus,fav_14_plus,team_has_rp_edge
2025,1,2025-08-30T00:00:00.000Z,401752667,Baylor,Auburn,Underdog,0.3333333333333333,L,-13.666666666666666,0.5,3.0,13.0,-5.0,neutral,Big 12,SEC,P4,P4,P4_vs_P4,False,False,Big 12,SEC,,,5_to_15,minus_5_to_15,True,neutral,pick_to_3,team_has_rp_edge
2025,1,2025-08-30T01:30:00.000Z,401757224,Sam Houston,UNLV,Underdog,10.333333333333334,L,-6.666666666666666,4.5,8.0,30.0,-14.0,5_to_15,Conference USA,Mountain West,G6,G6,G6_vs_G6,False,False,Conference USA,Mountain West,,,25_plus,minus_5_to_15,True,5_to_15,dog_7_14,team_has_rp_edge
2025,1,2025-08-30T01:30:00.000Z,401757224,UNLV,Sam Houston,Favorite,-10.333333333333334,W,6.666666666666666,-4.5,-8.0,14.0,-30.0,minus_5_to_15,Mountain West,Conference USA,G6,G6,G6_vs_G6,False,False,Mountain West,Conference USA,,,5_to_15,minus_25,True,5_to_15,fav_7_14,opponent_has_rp_edge
2025,1,2025-08-30T19:30:00.000Z,401752807,Penn State,Nevada,Favorite,-44.166666666666664,L,-9.166666666666664,0.0,34.0,46.0,20.0,25_plus,Big Ten,Mountain West,P4,G6,P4_vs_G6,False,False,Big Ten,Mountain West,,,25_plus,15_to_25,True,25_plus,fav_14_plus,team_has_rp_edge
2025,1,2025-08-30T22:00:00.000Z,401754616,Virginia,Coastal Carolina,Favorite,-13.166666666666666,W,27.833333333333336,1.0,14.0,29.0,-1.0,5_to_15,ACC,Sun Belt,P4,G6,P4_vs_G6,False,False,ACC,Sun Belt,,,25_plus,neutral,True,5_to_15,fav_7_14,team_has_rp_edge
2025,1,2025-08-30T23:00:00.000Z,401752678,Texas A&M,UTSA,Favorite,-23.0,L,-5.0,3.0,8.0,21.0,-4.0,5_to_15,SEC,American,P4,G6,P4_vs_G6,False,False,SEC,American,,,15_to_25,neutral,True,5_to_15,fav_14_plus,team_has_rp_edge
2025,1,2025-08-30T23:30:00.000Z,401752671,Clemson,LSU,Favorite,-4.833333333333333,L,-11.833333333333332,3.0,19.0,27.0,10.0,15_to_25,ACC,SEC,P4,P4,P4_vs_P4,False,False,ACC,SEC,,,25_plus,5_to_15,True,15_to_25,fav_3_7,team_has_rp_edge
2025,1,2025-08-30T23:30:00.000Z,401752808,Michigan,New Mexico,Favorite,-35.166666666666664,L,-18.166666666666664,0.0,37.0,38.0,35.0,25_plus,Big Ten,Mountain West,P4,G6,P4_vs_G6,False,False,Big Ten,Mountain West,,,25_plus,25_plus,True,25_plus,fav_14_plus,team_has_rp_edge
2025,1,2025-08-31T02:30:00.000Z,401756849,Arizona,Hawai'i,Favorite,-14.833333333333334,W,19.166666666666664,5.0,8.0,12.0,4.0,5_to_15,Big 12,Mountain West,P4,G6,P4_vs_G6,False,False,Big 12,Mountain West,,,5_to_15,neutral,True,5_to_15,fav_14_plus,team_has_rp_edge
2025,1,2025-08-31T03:00:00.000Z,401752800,Utah,UCLA,Favorite,-6.5,W,26.5,3.5,18.0,39.0,-2.0,15_to_25,Big 12,Big Ten,P4,P4,P4_vs_P4,False,False,Big 12,Big Ten,,,25_plus,neutral,True,15_to_25,fav_3_7,team_has_rp_edge
2025,1,2025-09-02T00:00:00.000Z,401754523,TCU,North Carolina,Favorite,-3.3333333333333335,W,30.666666666666668,6.0,7.0,10.0,5.0,5_to_15,Big 12,ACC,P4,P4,P4_vs_P4,False,False,Big 12,ACC,,,5_to_15,5_to_15,True,5_to_15,pick_to_3,team_has_rp_edge
2025,2,2025-09-05T23:00:00.000Z,401754528,James Madison,Louisville,Underdog,15.25,W,1.25,-1.0,1.0,10.0,-7.0,neutral,Sun Belt,ACC,G6,P4,G6_vs_P4,False,False,Sun Belt,ACC,,,5_to_15,minus_5_to_15,True,neutral,dog_14_plus,team_has_rp_edge
2025,2,2025-09-06T16:00:00.000Z,401754525,Baylor,SMU,Underdog,2.75,W,5.75,2.0,15.0,21.0,9.0,15_to_25,Big 12,ACC,P4,P4,P4_vs_P4,False,False,Big 12,ACC,,,15_to_25,5_to_15,True,15_to_25,pick_to_3,team_has_rp_edge
2025,2,2025-09-06T16:00:00.000Z,401752825,Illinois,Duke,Favorite,-2.5,W,23.5,0.0,18.0,22.0,15.0,15_to_25,Big Ten,ACC,P4,P4,P4_vs_P4,False,False,Big Ten,ACC,,,15_to_25,15_to_25,True,15_to_25,pick_to_3,team_has_rp_edge
2025,2,2025-09-06T16:00:00.000Z,401757227,Liberty,Jacksonville State,Favorite,-6.25,L,-16.25,1.0,38.0,42.0,35.0,25_plus,Conference USA,Conference USA,G6,G6,G6_vs_G6,False,False,Conference USA,Conference USA,,,25_plus,25_plus,True,25_plus,fav_3_7,team_has_rp_edge
2025,2,2025-09-06T19:30:00.000Z,401752818,Rutgers,Miami (OH),Favorite,-15.5,W,12.5,2.0,39.0,31.0,47.0,25_plus,Big Ten,MAC,P4,G6,P4_vs_G6,False,False,Big Ten,MAC,,,25_plus,25_plus,True,25_plus,fav_14_plus,team_has_rp_edge
2025,2,2025-09-06T19:30:00.000Z,401756880,Cincinnati,Bowling Green,Favorite,-22.0,L,-8.0,4.5,30.0,35.0,26.0,25_plus,Big 12,MAC,P4,G6,P4_vs_G6,False,False,Big 12,MAC,,,25_plus,25_plus,True,25_plus,fav_14_plus,team_has_rp_edge
2025,2,2025-09-06T19:30:00.000Z,401752686,Kentucky,Ole Miss,Underdog,7.75,W,0.75,2.0,18.0,18.0,17.0,15_to_25,SEC,SEC,P4,P4,P4_vs_P4,False,False,SEC,SEC,,,15_to_25,15_to_25,True,15_to_25,dog_7_14,team_has_rp_edge
2025,2,2025-09-06T19:30:00.000Z,401754637,Clemson,Troy,Favorite,-30.25,L,-19.25,-2.0,15.0,18.0,11.0,15_to_25,ACC,Sun Belt,P4,G6,P4_vs_G6,False,False,ACC,Sun Belt,,,15_to_25,5_to_15,True,15_to_25,fav_14_plus,team_has_rp_edge
2025,2,2025-09-06T19:30:00.000Z,401762458,Navy,UAB,Favorite,-21.5,L,-7.5,1.0,24.0,33.0,14.0,15_to_25,American,American,G6,G6,G6_vs_G6,False,False,American,American,,,25_plus,5_to_15,True,15_to_25,fav_14_plus,team_has_rp_edge
2025,2,2025-09-06T20:00:00.000Z,401752820,Wisconsin,Middle Tennessee,Favorite,-28.5,W,3.5,0.0,8.0,12.0,4.0,5_to_15,Big Ten,Conference USA,P4,G6,P4_vs_G6,False,False,Big Ten,Conference USA,,,5_to_15,neutral,True,5_to_15,fav_14_plus,team_has_rp_edge
2025,2,2025-09-06T23:00:00.000Z,401754527,North Carolina,Charlotte,Favorite,-15.75,W,1.25,2.0,23.0,11.0,36.0,15_to_25,ACC,American,P4,G6,P4_vs_G6,False,False,ACC,American,,,5_to_15,25_plus,True,15_to_25,fav_14_plus,team_has_rp_edge
2025,2,2025-09-06T23:00:00.000Z,401757232,Toledo,Western Kentucky,Favorite,-8.0,W,16.0,1.0,26.0,42.0,10.0,25_plus,MAC,Conference USA,G6,G6,G6_vs_G6,False,False,MAC,Conference USA,,,25_plus,5_to_15,True,25_plus,fav_7_14,team_has_rp_edge
2025,2,2025-09-06T23:00:00.000Z,401756884,Houston,Rice,Favorite,-13.5,W,12.5,1.0,26.0,18.0,32.0,25_plus,Big 12,American,P4,G6,P4_vs_G6,False,False,Big 12,American,,,15_to_25,25_plus,True,25_plus,fav_7_14,team_has_rp_edge
2025,2,2025-09-06T23:30:00.000Z,401752690,Oklahoma,Michigan,Favorite,-3.5,W,7.5,1.0,5.0,14.0,-3.0,5_to_15,SEC,Big Ten,P4,P4,P4_vs_P4,False,False,SEC,Big Ten,,,5_to_15,neutral,True,5_to_15,fav_3_7,team_has_rp_edge
2025,2,2025-09-06T23:30:00.000Z,401752687,LSU,Louisiana Tech,Favorite,-36.5,L,-20.5,4.0,14.0,20.0,9.0,5_to_15,SEC,Conference USA,P4,G6,P4_vs_G6,False,False,SEC,Conference USA,,,15_to_25,5_to_15,True,5_to_15,fav_14_plus,team_has_rp_edge
2025,2,2025-09-06T23:30:00.000Z,401752810,Nebraska,Akron,Favorite,-33.75,W,34.25,0.0,11.0,30.0,-7.0,5_to_15,Big Ten,MAC,P4,G6,P4_vs_G6,False,False,Big Ten,MAC,,,25_plus,minus_5_to_15,True,5_to_15,fav_14_plus,team_has_rp_edge
2025,2,2025-09-06T23:30:00.000Z,401752695,Vanderbilt,Virginia Tech,Underdog,2.0,W,26.0,-0.5,16.0,12.0,21.0,15_to_25,SEC,ACC,P4,P4,P4_vs_P4,False,False,SEC,ACC,,,5_to_15,15_to_25,True,15_to_25,pick_to_3,team_has_rp_edge
2025,2,2025-09-07T00:00:00.000Z,401752823,UCLA,UNLV,Favorite,-2.5,L,-9.5,0.0,11.0,23.0,-1.0,5_to_15,Big Ten,Mountain West,P4,G6,P4_vs_G6,False,False,Big Ten,Mountain West,,,15_to_25,neutral,True,5_to_15,pick_to_3,team_has_rp_edge
2025,2,2025-09-07T01:00:00.000Z,401757229,New Mexico State,Tulsa,Underdog,3.25,W,10.25,0.0,18.0,17.0,19.0,15_to_25,Conference USA,American,G6,G6,G6_vs_G6,False,False,Conference USA,American,,,15_to_25,15_to_25,True,15_to_25,pick_to_3,team_has_rp_edge
2025,2,2025-09-07T03:59:00.000Z,401757230,Hawai'i,Sam Houston,Favorite,-7.25,W,9.75,0.0,18.0,38.0,-2.0,15_to_25,Mountain West,Conference USA,G6,G6,G6_vs_G6,False,False,Mountain West,Conference USA,,,25_plus,neutral,True,15_to_25,fav_3_7,team_has_rp_edge
2025,3,2025-09-12T23:30:00.000Z,401756893,Houston,Colorado,Favorite,-3.8333333333333335,W,12.166666666666666,-0.5,15.0,13.0,17.0,15_to_25,Big 12,Big 12,P4,P4,P4_vs_P4,False,False,Big 12,Big 12,,,5_to_15,15_to_25,True,15_to_25,fav_3_7,team_has_rp_edge
2025,3,2025-09-13T02:00:00.000Z,401752837,UCLA,New Mexico,Favorite,-15.5,L,-40.5,0.5,16.0,28.0,4.0,15_to_25,Big Ten,Mountain West,P4,G6,P4_vs_G6,False,False,Big Ten,Mountain West,,,25_plus,neutral,True,15_to_25,fav_14_plus,team_has_rp_edge
2025,3,2025-09-13T16:00:00.000Z,401754623,Clemson,Georgia Tech,Favorite,-2.8333333333333335,L,-5.833333333333334,-3.5,17.0,21.0,11.0,15_to_25,ACC,ACC,P4,P4,P4_vs_P4,False,False,ACC,ACC,,,15_to_25,5_to_15,True,15_to_25,pick_to_3,team_has_rp_edge
2025,3,2025-09-13T16:00:00.000Z,401761608,Troy,Memphis,Underdog,4.5,L,-16.5,,27.0,31.0,23.0,25_plus,Sun Belt,American,G6,G6,G6_vs_G6,False,False,Sun Belt,American,,,25_plus,15_to_25,True,25_plus,dog_3_7,team_has_rp_edge
2025,3,2025-09-13T16:00:00.000Z,401752703,Oklahoma,Temple,Favorite,-23.833333333333332,W,15.166666666666668,-1.0,18.0,35.0,1.0,15_to_25,SEC,American,P4,G6,P4_vs_G6,False,False,SEC,American,,,25_plus,neutral,True,15_to_25,fav_14_plus,team_has_rp_edge
2025,3,2025-09-13T16:45:00.000Z,401752697,Auburn,South Alabama,Favorite,-26.333333333333332,L,-10.333333333333332,1.0,8.0,19.0,-4.0,5_to_15,SEC,Sun Belt,P4,G6,P4_vs_G6,False,False,SEC,Sun Belt,,,15_to_25,neutral,True,5_to_15,fav_14_plus,team_has_rp_edge
2025,3,2025-09-13T19:00:00.000Z,401757168,Delaware,UConn,Underdog,8.666666666666666,W,11.666666666666666,1.0,10.0,12.0,8.0,5_to_15,Conference USA,Independent,G6,Independent,Other,False,False,,Independent,,,5_to_15,5_to_15,True,5_to_15,dog_7_14,team_has_rp_edge
2025,3,2025-09-13T19:30:00.000Z,401754638,Pittsburgh,West Virginia,Favorite,-6.833333333333333,L,-13.833333333333332,2.5,18.0,12.0,23.0,15_to_25,ACC,Big 12,P4,P4,P4_vs_P4,False,False,ACC,Big 12,,,5_to_15,15_to_25,True,15_to_25,fav_3_7,team_has_rp_edge
2025,3,2025-09-13T19:30:00.000Z,401752832,USC,Purdue,Favorite,-20.5,L,-4.5,-1.0,14.0,13.0,16.0,5_to_15,Big Ten,Big Ten,P4,P4,P4_vs_P4,False,False,Big Ten,Big Ten,,,5_to_15,15_to_25,True,5_to_15,fav_14_plus,team_has_rp_edge
2025,3,2025-09-13T19:30:00.000Z,401752949,North Texas,Washington State,Favorite,-6.5,W,42.5,1.0,26.0,17.0,35.0,25_plus,,,,,,,,,,,,15_to_25,25_plus,True,25_plus,fav_3_7,team_has_rp_edge
2025,3,2025-09-13T20:15:00.000Z,401752706,UTEP,Texas,Underdog,39.833333333333336,W,22.833333333333336,-4.0,16.0,14.0,18.0,15_to_25,Conference USA,SEC,G6,P4,G6_vs_P4,False,False,Conference USA,SEC,,,5_to_15,15_to_25,True,15_to_25,dog_14_plus,team_has_rp_edge
2025,3,2025-09-13T21:00:00.000Z,401757256,Liberty,Bowling Green,Favorite,-6.0,L,-16.0,-1.0,28.0,31.0,27.0,25_plus,Conference USA,MAC,G6,G6,G6_vs_G6,False,False,Conference USA,MAC,,,25_plus,25_plus,True,25_plus,fav_3_7,team_has_rp_edge
2025,3,2025-09-13T21:00:00.000Z,401757258,Middle Tennessee,Nevada,Underdog,9.333333333333334,W,10.333333333333334,0.0,27.0,32.0,22.0,25_plus,Conference USA,Mountain West,G6,G6,G6_vs_G6,False,False,Conference USA,Mountain West,,,25_plus,15_to_25,True,25_plus,dog_7_14,team_has_rp_edge
2025,3,2025-09-13T23:00:00.000Z,401752827,Ohio,Ohio State,Underdog,28.333333333333332,W,0.3333333333333321,-3.0,13.0,10.0,15.0,5_to_15,MAC,Big Ten,G6,P4,G6_vs_P4,False,False,MAC,Big Ten,,,5_to_15,15_to_25,True,5_to_15,dog_14_plus,team_has_rp_edge
2025,3,2025-09-13T23:00:00.000Z,401752829,Illinois,Western Michigan,Favorite,-27.5,W,10.5,-1.0,39.0,29.0,51.0,25_plus,Big Ten,MAC,P4,G6,P4_vs_G6,False,False,Big Ten,MAC,,,25_plus,25_plus,True,25_plus,fav_14_plus,team_has_rp_edge
2025,3,2025-09-13T23:00:00.000Z,401752700,Arkansas,Ole Miss,Underdog,3.8333333333333335,L,-2.1666666666666665,4.0,15.0,20.0,10.0,15_to_25,SEC,SEC,P4,P4,P4_vs_P4,False,False,SEC,SEC,,,15_to_25,5_to_15,True,15_to_25,dog_3_7,team_has_rp_edge
2025,3,2025-09-13T23:30:00.000Z,401761604,Coastal Carolina,East Carolina,Underdog,7.166666666666667,L,-30.833333333333332,-1.0,3.0,32.0,-26.0,neutral,Sun Belt,American,G6,G6,G6_vs_G6,False,False,Sun Belt,American,,,25_plus,minus_25,True,neutral,dog_3_7,team_has_rp_edge
2025,3,2025-09-13T23:30:00.000Z,401761604,East Carolina,Coastal Carolina,Favorite,-7.166666666666667,W,30.833333333333332,1.0,-3.0,26.0,-32.0,neutral,American,Sun Belt,G6,G6,G6_vs_G6,False,False,American,Sun Belt,,,25_plus,minus_25,True,neutral,fav_3_7,opponent_has_rp_edge
2025,3,2025-09-13T23:30:00.000Z,401752698,Kentucky,Eastern Michigan,Favorite,-26.666666666666668,L,-1.666666666666668,1.0,13.0,12.0,13.0,5_to_15,SEC,MAC,P4,G6,P4_vs_G6,False,False,SEC,MAC,,,5_to_15,5_to_15,True,5_to_15,fav_14_plus,team_has_rp_edge
2025,3,2025-09-13T23:30:00.000Z,401757257,New Mexico State,Louisiana Tech,Underdog,10.166666666666666,L,-24.833333333333336,2.0,17.0,24.0,11.0,15_to_25,Conference USA,Conference USA,G6,G6,G6_vs_G6,False,False,Conference USA,Conference USA,,,15_to_25,5_to_15,True,15_to_25,dog_7_14,team_has_rp_edge
2025,3,2025-09-14T00:00:00.000Z,401756895,Wyoming,Utah,Underdog,24.5,L,-0.5,-2.0,3.0,28.0,-24.0,neutral,Mountain West,Big 12,G6,P4,G6_vs_P4,False,False,Mountain West,Big 12,,,25_plus,minus_15_to_25,True,neutral,dog_14_plus,team_has_rp_edge
2025,3,2025-09-14T00:00:00.000Z,401756895,Utah,Wyoming,Favorite,-24.5,W,0.5,2.0,-3.0,24.0,-28.0,neutral,Big 12,Mountain West,P4,G6,P4_vs_G6,False,False,Big 12,Mountain West,,,15_to_25,minus_25,True,neutral,fav_14_plus,opponent_has_rp_edge
2025,3,2025-09-14T00:00:00.000Z,401762465,Navy,Tulsa,Favorite,-13.666666666666666,W,5.333333333333334,-1.0,16.0,21.0,10.0,15_to_25,American,American,G6,G6,G6_vs_G6,False,False,American,American,,,15_to_25,5_to_15,True,15_to_25,fav_7_14,team_has_rp_edge
2025,3,2025-09-14T00:30:00.000Z,401762463,Akron,UAB,Underdog,12.666666666666666,W,9.666666666666666,-2.0,10.0,20.0,0.0,5_to_15,MAC,American,G6,G6,G6_vs_G6,False,False,MAC,American,,,15_to_25,neutral,True,5_to_15,dog_7_14,team_has_rp_edge
2025,4,2025-09-20T00:00:00.000Z,401752844,Rutgers,Iowa,Underdog,2.3333333333333335,L,-7.666666666666666,0.0,14.0,32.0,-5.0,5_to_15,Big Ten,Big Ten,P4,P4,P4_vs_P4,False,False,Big Ten,Big Ten,,,25_plus,minus_5_to_15,True,5_to_15,pick_to_3,team_has_rp_edge
2025,4,2025-09-20T16:00:00.000Z,401754636,TCU,SMU,Favorite,-6.5,W,4.5,0.0,7.0,13.0,1.0,5_to_15,Big 12,ACC,P4,P4,P4_vs_P4,False,False,Big 12,ACC,,,5_to_15,neutral,True,5_to_15,fav_3_7,team_has_rp_edge
2025,4,2025-09-20T16:00:00.000Z,401756901,Texas Tech,Utah,Underdog,3.5,W,27.5,1.0,14.0,17.0,10.0,5_to_15,Big 12,Big 12,P4,P4,P4_vs_P4,False,False,Big 12,Big 12,,,15_to_25,5_to_15,True,5_to_15,dog_3_7,team_has_rp_edge
2025,4,2025-09-20T16:00:00.000Z,401754537,Clemson,Syracuse,Favorite,-17.5,L,-30.5,1.0,31.0,24.0,38.0,25_plus,ACC,ACC,P4,P4,P4_vs_P4,False,False,ACC,ACC,,,15_to_25,25_plus,True,25_plus,fav_14_plus,team_has_rp_edge
2025,4,2025-09-20T16:00:00.000Z,401752708,Arkansas,Memphis,Favorite,-7.166666666666667,L,-8.166666666666668,0.5,18.0,32.0,4.0,15_to_25,SEC,American,P4,G6,P4_vs_G6,False,False,SEC,American,,,25_plus,neutral,True,15_to_25,fav_3_7,team_has_rp_edge
2025,4,2025-09-20T16:00:00.000Z,401754642,Louisville,Bowling Green,Favorite,-26.166666666666668,L,-3.166666666666668,-2.0,20.0,28.0,12.0,15_to_25,ACC,MAC,P4,G6,P4_vs_G6,False,False,ACC,MAC,,,25_plus,5_to_15,True,15_to_25,fav_14_plus,team_has_rp_edge
2025,4,2025-09-20T16:00:00.000Z,401752845,Wisconsin,Maryland,Favorite,-10.5,L,-27.5,4.0,13.0,13.0,14.0,5_to_15,Big Ten,Big Ten,P4,P4,P4_vs_P4,False,False,Big Ten,Big Ten,,,5_to_15,5_to_15,True,5_to_15,fav_7_14,team_has_rp_edge
2025,4,2025-09-20T19:00:00.000Z,401752841,Oregon State,Oregon,Underdog,34.0,P,0.0,0.0,19.0,11.0,25.0,15_to_25,,,,,,,,,,,,5_to_15,25_plus,True,15_to_25,dog_14_plus,team_has_rp_edge
2025,4,2025-09-20T19:30:00.000Z,401752848,Notre Dame,Purdue,Favorite,-24.5,W,1.5,-2.0,25.0,12.0,39.0,25_plus,Independent,Big Ten,Independent,P4,Other,False,False,Independent,Big Ten,,,5_to_15,25_plus,True,25_plus,fav_14_plus,team_has_rp_edge
2025,4,2025-09-20T19:30:00.000Z,401752846,Michigan,Nebraska,Favorite,-0.6666666666666666,W,2.3333333333333335,-2.5,4.0,10.0,-4.0,neutral,Big Ten,Big Ten,P4,P4,P4_vs_P4,False,False,Big Ten,Big Ten,,,5_to_15,neutral,True,neutral,pick_to_3,team_has_rp_edge
2025,4,2025-09-20T19:30:00.000Z,401752714,Oklahoma,Auburn,Favorite,-6.5,W,0.5,0.0,4.0,19.0,-10.0,neutral,SEC,SEC,P4,P4,P4_vs_P4,False,False,SEC,SEC,,,15_to_25,minus_5_to_15,True,neutral,fav_3_7,team_has_rp_edge
2025,4,2025-09-20T19:30:00.000Z,401752714,Auburn,Oklahoma,Underdog,6.5,L,-0.5,0.0,-4.0,10.0,-19.0,neutral,SEC,SEC,P4,P4,P4_vs_P4,False,False,SEC,SEC,,,5_to_15,minus_15_to_25,True,neutral,dog_3_7,opponent_has_rp_edge
2025,4,2025-09-20T19:30:00.000Z,401762820,Toledo,Western Michigan,Favorite,-12.666666666666666,L,-13.666666666666666,-2.0,23.0,26.0,22.0,15_to_25,MAC,MAC,G6,G6,G6_vs_G6,False,False,MAC,MAC,,,25_plus,15_to_25,True,15_to_25,fav_7_14,team_has_rp_edge
2025,4,2025-09-20T19:30:00.000Z,401757262,Liberty,James Madison,Underdog,7.5,L,-10.5,4.0,7.0,10.0,5.0,5_to_15,Conference USA,Sun Belt,G6,G6,G6_vs_G6,False,False,Conference USA,Sun Belt,,,5_to_15,5_to_15,True,5_to_15,dog_7_14,team_has_rp_edge
2025,4,2025-09-20T20:30:00.000Z,401754542,Georgia Tech,Temple,Favorite,-24.5,L,-3.5,1.0,13.0,21.0,6.0,5_to_15,ACC,American,P4,G6,P4_vs_G6,False,False,ACC,American,,,15_to_25,5_to_15,True,5_to_15,fav_14_plus,team_has_rp_edge
2025,4,2025-09-20T23:00:00.000Z,401757268,Western Kentucky,Nevada,Favorite,-7.833333333333333,W,7.166666666666667,-3.0,5.0,10.0,0.0,5_to_15,Conference USA,Mountain West,G6,G6,G6_vs_G6,False,False,Conference USA,Mountain West,,,5_to_15,neutral,True,5_to_15,fav_7_14,team_has_rp_edge
2025,4,2025-09-20T23:00:00.000Z,401757264,Middle Tennessee,Marshall,Underdog,2.5,L,-11.5,1.0,24.0,25.0,24.0,15_to_25,Conference USA,Sun Belt,G6,G6,G6_vs_G6,False,False,Conference USA,Sun Belt,,,25_plus,15_to_25,True,15_to_25,pick_to_3,team_has_rp_edge
2025,4,2025-09-20T23:00:00.000Z,401761611,South Alabama,Coastal Carolina,Favorite,-14.666666666666666,L,-32.666666666666664,0.0,10.0,32.0,-12.0,5_to_15,Sun Belt,Sun Belt,G6,G6,G6_vs_G6,False,False,Sun Belt,Sun Belt,,,25_plus,minus_5_to_15,True,5_to_15,fav_14_plus,team_has_rp_edge
2025,4,2025-09-20T23:00:00.000Z,401761611,Coastal Carolina,South Alabama,Underdog,14.666666666666666,W,32.666666666666664,0.0,-10.0,12.0,-32.0,minus_5_to_15,Sun Belt,Sun Belt,G6,G6,G6_vs_G6,False,False,Sun Belt,Sun Belt,,,5_to_15,minus_25,True,5_to_15,dog_14_plus,opponent_has_rp_edge
2025,4,2025-09-20T23:00:00.000Z,401760372,Boise State,Air Force,Favorite,-11.0,W,1.0,3.0,13.0,32.0,-4.0,5_to_15,Mountain West,Mountain West,G6,G6,G6_vs_G6,False,False,Mountain West,Mountain West,,,25_plus,neutral,True,5_to_15,fav_7_14,team_has_rp_edge
2025,4,2025-09-20T23:30:00.000Z,401752842,Washington,Washington State,Favorite,-20.833333333333332,W,14.166666666666668,0.0,25.0,22.0,26.0,25_plus,,,,,,,,,,,,15_to_25,25_plus,True,25_plus,fav_14_plus,team_has_rp_edge
2025,4,2025-09-20T23:30:00.000Z,401757263,Louisiana Tech,Southern Miss,Favorite,-3.1666666666666665,W,6.833333333333334,1.0,-7.0,13.0,-28.0,minus_5_to_15,Conference USA,Sun Belt,G6,G6,G6_vs_G6,False,False,Conference USA,Sun Belt,,,5_to_15,minus_25,True,5_to_15,pick_to_3,opponent_has_rp_edge
2025,4,2025-09-20T23:30:00.000Z,401757263,Southern Miss,Louisiana Tech,Underdog,3.1666666666666665,L,-6.833333333333334,-1.0,7.0,28.0,-13.0,5_to_15,Sun Belt,Conference USA,G6,G6,G6_vs_G6,False,False,Sun Belt,Conference USA,,,25_plus,minus_5_to_15,True,5_to_15,pick_to_3,team_has_rp_edge
2025,4,2025-09-20T23:30:00.000Z,401752843,Illinois,Indiana,Underdog,7.0,L,-46.0,-3.0,15.0,18.0,14.0,15_to_25,Big Ten,Big Ten,P4,P4,P4_vs_P4,False,False,Big Ten,Big Ten,,,15_to_25,5_to_15,True,15_to_25,dog_3_7,team_has_rp_edge
2025,4,2025-09-20T23:30:00.000Z,401756898,BYU,East Carolina,Favorite,-6.166666666666667,W,14.833333333333332,-2.0,17.0,38.0,-4.0,15_to_25,Big 12,American,P4,G6,P4_vs_G6,False,False,Big 12,American,,,25_plus,neutral,True,15_to_25,fav_3_7,team_has_rp_edge
2025,4,2025-09-21T01:00:00.000Z,401757267,UL Monroe,UTEP,Underdog,5.333333333333333,W,11.333333333333332,-1.0,3.0,10.0,-3.0,neutral,Sun Belt,Conference USA,G6,G6,G6_vs_G6,False,False,Sun Belt,Conference USA,,,5_to_15,neutral,True,neutral,dog_3_7,team_has_rp_edge
2025,4,2025-09-21T02:15:00.000Z,401756897,Wyoming,Colorado,Underdog,12.333333333333334,L,-4.666666666666666,1.0,14.0,24.0,4.0,5_to_15,Mountain West,Big 12,G6,P4,G6_vs_P4,False,False,Mountain West,Big 12,,,15_to_25,neutral,True,5_to_15,dog_7_14,team_has_rp_edge
2023,1,2023-08-26T23:00:00.000Z,401532392,San Diego State,Ohio,Favorite,-2.9,W,4.1,,4.0,45.0,-38.0,neutral,Mountain West,MAC,G6,G6,G6_vs_G6,False,False,Mountain West,MAC,,,25_plus,minus_25,True,neutral,pick_to_3,team_has_rp_edge
2023,1,2023-08-26T23:00:00.000Z,401532392,Ohio,San Diego State,Underdog,2.9,L,-4.1,,-4.0,38.0,-45.0,neutral,MAC,Mountain West,G6,G6,G6_vs_G6,False,False,MAC,Mountain West,,,25_plus,minus_25,True,neutral,pick_to_3,opponent_has_rp_edge
2023,1,2023-08-26T23:30:00.000Z,401520147,Vanderbilt,Hawai'i,Favorite,-17.625,L,-10.625,,18.0,24.0,11.0,15_to_25,SEC,Mountain West,P4,G6,P4_vs_G6,False,False,SEC,Mountain West,,,15_to_25,5_to_15,True,15_to_25,fav_14_plus,team_has_rp_edge
2023,1,2023-09-01T00:00:00.000Z,401520176,Utah,Florida,Favorite,-6.3,W,6.7,,22.0,30.0,14.0,15_to_25,,,,,,,,,,,,25_plus,5_to_15,True,15_to_25,fav_3_7,team_has_rp_edge
2023,1,2023-09-01T00:00:00.000Z,401520148,Nebraska,Minnesota,Underdog,7.3,W,4.3,,11.0,15.0,7.0,5_to_15,Big Ten,Big Ten,P4,P4,P4_vs_P4,False,False,Big Ten,Big Ten,,,15_to_25,5_to_15,True,5_to_15,dog_3_7,team_has_rp_edge
2023,1,2023-09-01T23:30:00.000Z,401525462,Georgia Tech,Louisville,Underdog,7.6,W,2.5999999999999996,,11.0,19.0,5.0,5_to_15,ACC,ACC,P4,P4,P4_vs_P4,False,False,ACC,ACC,,,15_to_25,5_to_15,True,5_to_15,dog_7_14,team_has_rp_edge
2023,1,2023-09-02T16:00:00.000Z,401520160,Bowling Green,Liberty,Underdog,9.25,L,-0.75,,4.0,16.0,-9.0,neutral,MAC,Conference USA,G6,G6,G6_vs_G6,False,True,MAC,Independent,,0.0,15_to_25,minus_5_to_15,True,neutral,dog_7_14,team_has_rp_edge
2023,1,2023-09-02T16:00:00.000Z,401520162,Michigan,East Carolina,Favorite,-35.4,L,-8.399999999999999,,47.0,45.0,48.0,25_plus,Big Ten,American,P4,G6,P4_vs_G6,False,False,Big Ten,American,,,25_plus,25_plus,True,25_plus,fav_14_plus,team_has_rp_edge
2023,1,2023-09-02T18:00:00.000Z,401531387,Temple,Akron,Favorite,-9.875,L,-6.875,,14.0,31.0,-2.0,5_to_15,American,MAC,G6,G6,G6_vs_G6,False,False,American,MAC,,,25_plus,neutral,True,5_to_15,fav_7_14,team_has_rp_edge
2023,1,2023-09-02T19:30:00.000Z,401523997,Washington,Boise State,Favorite,-14.3,W,22.7,,6.0,19.0,-5.0,5_to_15,,,,,,,,,,,,15_to_25,minus_5_to_15,True,5_to_15,fav_7_14,team_has_rp_edge
2023,1,2023-09-02T19:30:00.000Z,401520180,Wisconsin,Buffalo,Favorite,-27.0,L,-6.0,,19.0,26.0,11.0,15_to_25,Big Ten,MAC,P4,G6,P4_vs_G6,False,False,Big Ten,MAC,,,25_plus,5_to_15,True,15_to_25,fav_14_plus,team_has_rp_edge
2023,1,2023-09-02T22:30:00.000Z,401523996,USC,Nevada,Favorite,-37.875,W,14.125,,23.0,21.0,25.0,15_to_25,,,,,,,,,,,,15_to_25,25_plus,True,15_to_25,fav_14_plus,team_has_rp_edge
2023,1,2023-09-02T23:00:00.000Z,401525819,Houston,UTSA,Underdog,1.5,W,4.5,,8.0,29.0,-13.0,5_to_15,Big 12,American,P4,G6,P4_vs_G6,True,True,American,Conference USA,0.0,0.0,25_plus,minus_5_to_15,True,5_to_15,pick_to_3,team_has_rp_edge
2023,1,2023-09-02T23:00:00.000Z,401520173,Texas A&M,New Mexico,Favorite,-37.875,W,4.125,,16.0,33.0,-1.0,15_to_25,SEC,Mountain West,P4,G6,P4_vs_G6,False,False,SEC,Mountain West,,,25_plus,neutral,True,15_to_25,fav_14_plus,team_has_rp_edge
2023,1,2023-09-02T23:30:00.000Z,401525825,Wyoming,Texas Tech,Underdog,13.6,W,15.6,,19.0,30.0,9.0,15_to_25,Mountain West,Big 12,G6,P4,G6_vs_P4,False,False,Mountain West,Big 12,,,25_plus,5_to_15,True,15_to_25,dog_7_14,team_has_rp_edge
2023,1,2023-09-02T23:30:00.000Z,401520155,Toledo,Illinois,Underdog,8.6,W,6.6,,14.0,20.0,8.0,5_to_15,MAC,Big Ten,G6,P4,G6_vs_P4,False,False,MAC,Big Ten,,,15_to_25,5_to_15,True,5_to_15,dog_7_14,team_has_rp_edge
2023,1,2023-09-03T00:00:00.000Z,401525467,Virginia Tech,Old Dominion,Favorite,-15.75,W,3.25,,12.0,27.0,-4.0,5_to_15,ACC,Sun Belt,P4,G6,P4_vs_G6,False,False,ACC,Sun Belt,,,25_plus,neutral,True,5_to_15,fav_14_plus,team_has_rp_edge
2023,1,2023-09-03T23:30:00.000Z,401520182,Florida State,LSU,Underdog,2.2,W,23.2,,16.0,20.0,13.0,15_to_25,ACC,SEC,P4,P4,P4_vs_P4,False,False,ACC,SEC,,,15_to_25,5_to_15,True,15_to_25,pick_to_3,team_has_rp_edge
2023,2,2023-09-08T23:30:00.000Z,401520195,Kansas,Illinois,Favorite,-3.6666666666666665,W,7.333333333333334,,22.0,29.0,16.0,15_to_25,Big 12,Big Ten,P4,P4,P4_vs_P4,False,False,Big 12,Big Ten,,,25_plus,15_to_25,True,15_to_25,fav_3_7,team_has_rp_edge
2023,2,2023-09-09T16:00:00.000Z,401523999,Utah,Baylor,Favorite,-7.0,P,0.0,,21.0,32.0,9.0,15_to_25,,,,,,,,,,,,25_plus,5_to_15,True,15_to_25,fav_3_7,team_has_rp_edge
2023,2,2023-09-09T16:00:00.000Z,401520188,Nebraska,Colorado,Underdog,2.8333333333333335,L,-19.166666666666668,,12.0,15.0,9.0,5_to_15,,,,,,,,,,,,15_to_25,5_to_15,True,5_to_15,pick_to_3,team_has_rp_edge
2023,2,2023-09-09T19:30:00.000Z,401525497,Syracuse,Western Michigan,Favorite,-24.666666666666668,W,16.333333333333332,,24.0,42.0,5.0,15_to_25,ACC,MAC,P4,G6,P4_vs_G6,False,False,ACC,MAC,,,25_plus,5_to_15,True,15_to_25,fav_14_plus,team_has_rp_edge
2023,2,2023-09-09T19:30:00.000Z,401520202,Michigan,UNLV,Favorite,-37.833333333333336,L,-9.833333333333336,,12.0,18.0,7.0,5_to_15,Big Ten,Mountain West,P4,G6,P4_vs_G6,False,False,Big Ten,Mountain West,,,15_to_25,5_to_15,True,5_to_15,fav_14_plus,team_has_rp_edge
2023,2,2023-09-09T20:00:00.000Z,401531411,Marshall,East Carolina,Favorite,-2.8333333333333335,W,15.166666666666666,,27.0,26.0,28.0,25_plus,Sun Belt,American,G6,G6,G6_vs_G6,False,False,Sun Belt,American,,,25_plus,25_plus,True,25_plus,pick_to_3,team_has_rp_edge
2023,2,2023-09-09T21:00:00.000Z,401524004,Washington,Tulsa,Favorite,-33.666666666666664,L,-0.6666666666666643,,33.0,36.0,32.0,25_plus,,,,,,,,,,,,25_plus,25_plus,True,25_plus,fav_14_plus,team_has_rp_edge
2023,2,2023-09-09T22:00:00.000Z,401520198,New Mexico State,Liberty,Underdog,9.333333333333334,L,-6.666666666666666,,9.0,30.0,-12.0,5_to_15,Conference USA,Conference USA,G6,G6,G6_vs_G6,True,True,Independent,Independent,0.0,0.0,25_plus,minus_5_to_15,True,5_to_15,dog_7_14,team_has_rp_edge
2023,2,2023-09-09T22:00:00.000Z,401531842,Old Dominion,Louisiana,Underdog,6.0,W,13.0,,-9.0,15.0,-32.0,minus_5_to_15,Sun Belt,Sun Belt,G6,G6,G6_vs_G6,False,False,Sun Belt,Sun Belt,,,15_to_25,minus_25,True,5_to_15,dog_3_7,opponent_has_rp_edge
2023,2,2023-09-09T22:00:00.000Z,401531842,Louisiana,Old Dominion,Favorite,-6.0,L,-13.0,,9.0,32.0,-15.0,5_to_15,Sun Belt,Sun Belt,G6,G6,G6_vs_G6,False,False,Sun Belt,Sun Belt,,,25_plus,minus_15_to_25,True,5_to_15,fav_3_7,team_has_rp_edge
2023,2,2023-09-09T23:00:00.000Z,401525831,Rice,Houston,Underdog,7.166666666666667,W,9.166666666666668,,13.0,29.0,-3.0,5_to_15,American,Big 12,G6,P4,G6_vs_P4,True,True,Conference USA,American,0.0,0.0,25_plus,neutral,True,5_to_15,dog_3_7,team_has_rp_edge
2023,2,2023-09-09T23:00:00.000Z,401520187,Coastal Carolina,Jacksonville State,Favorite,-13.666666666666666,W,0.3333333333333339,,9.0,15.0,3.0,5_to_15,Sun Belt,Conference USA,G6,G6,G6_vs_G6,False,False,Sun Belt,,,,15_to_25,neutral,True,5_to_15,fav_7_14,team_has_rp_edge
2023,2,2023-09-09T23:00:00.000Z,401520183,Texas,Alabama,Underdog,7.166666666666667,W,17.166666666666668,,34.0,47.0,20.0,25_plus,Big 12,SEC,P4,P4,P4_vs_P4,False,False,Big 12,SEC,,,25_plus,15_to_25,True,25_plus,dog_3_7,team_has_rp_edge
2023,2,2023-09-09T23:30:00.000Z,401520200,Maryland,Charlotte,Favorite,-24.5,L,-6.5,,14.0,16.0,11.0,5_to_15,Big Ten,American,P4,G6,P4_vs_G6,False,True,Big Ten,Conference USA,,0.0,15_to_25,5_to_15,True,5_to_15,fav_14_plus,team_has_rp_edge
2023,2,2023-09-09T23:30:00.000Z,401520217,Wisconsin,Washington State,Favorite,-5.333333333333333,L,-14.333333333333332,,10.0,25.0,-5.0,5_to_15,,,,,,,,,,,,25_plus,minus_5_to_15,True,5_to_15,fav_3_7,team_has_rp_edge
2023,2,2023-09-10T00:30:00.000Z,401525493,Florida State,Southern Miss,Favorite,-31.0,W,22.0,,27.0,27.0,26.0,25_plus,ACC,Sun Belt,P4,G6,P4_vs_G6,False,False,ACC,Sun Belt,,,25_plus,25_plus,True,25_plus,fav_14_plus,team_has_rp_edge
2023,2,2023-09-10T02:30:00.000Z,401524003,USC,Stanford,Favorite,-28.666666666666668,W,17.333333333333332,,41.0,39.0,44.0,25_plus,,,,,,,,,,,,25_plus,25_plus,True,25_plus,fav_14_plus,team_has_rp_edge
2023,3,2023-09-14T23:30:00.000Z,401531428,Navy,Memphis,Underdog,12.25,W,8.25,,12.0,17.0,7.0,5_to_15,American,American,G6,G6,G6_vs_G6,False,False,American,American,,,15_to_25,5_to_15,True,5_to_15,dog_7_14,team_has_rp_edge
2023,3,2023-09-15T23:00:00.000Z,401531396,Army,UTSA,Underdog,7.0,W,15.0,,12.0,16.0,8.0,5_to_15,Independent,American,Independent,G6,Other,False,True,Independent,Conference USA,,0.0,15_to_25,5_to_15,True,5_to_15,dog_3_7,team_has_rp_edge
2023,3,2023-09-16T16:00:00.000Z,401520230,Indiana,Louisville,Underdog,10.0,W,3.0,,13.0,15.0,11.0,5_to_15,Big Ten,ACC,P4,P4,P4_vs_P4,False,False,Big Ten,ACC,,,15_to_25,5_to_15,True,5_to_15,dog_7_14,team_has_rp_edge
2023,3,2023-09-16T19:30:00.000Z,401520223,Duke,Northwestern,Favorite,-17.0,W,7.0,,15.0,16.0,14.0,15_to_25,ACC,Big Ten,P4,P4,P4_vs_P4,False,False,ACC,Big Ten,,,15_to_25,5_to_15,True,15_to_25,fav_14_plus,team_has_rp_edge
2023,3,2023-09-16T19:30:00.000Z,401525842,Oklahoma,Tulsa,Favorite,-28.0,W,21.0,,22.0,24.0,22.0,15_to_25,Big 12,American,P4,G6,P4_vs_G6,False,False,Big 12,American,,,15_to_25,15_to_25,True,15_to_25,fav_14_plus,team_has_rp_edge
2023,3,2023-09-16T19:30:00.000Z,401520227,Iowa,Western Michigan,Favorite,-28.5,W,2.5,,8.0,33.0,-18.0,5_to_15,Big Ten,MAC,P4,G6,P4_vs_G6,False,False,Big Ten,MAC,,,25_plus,minus_15_to_25,True,5_to_15,fav_14_plus,team_has_rp_edge
2023,3,2023-09-16T19:30:00.000Z,401520227,Western Michigan,Iowa,Underdog,28.5,L,-2.5,,-8.0,18.0,-33.0,minus_5_to_15,MAC,Big Ten,G6,P4,G6_vs_P4,False,False,MAC,Big Ten,,,15_to_25,minus_25,True,5_to_15,dog_14_plus,opponent_has_rp_edge
2023,3,2023-09-16T19:30:00.000Z,401524009,Oregon State,San Diego State,Favorite,-24.5,L,-7.5,,9.0,38.0,-19.0,5_to_15,,,,,,,,,,,,25_plus,minus_15_to_25,True,5_to_15,fav_14_plus,team_has_rp_edge
2023,3,2023-09-16T19:30:00.000Z,401524009,San Diego State,Oregon State,Underdog,24.5,W,7.5,,-9.0,19.0,-38.0,minus_5_to_15,,,,,,,,,,,,15_to_25,minus_25,True,5_to_15,dog_14_plus,opponent_has_rp_edge
2023,3,2023-09-16T20:00:00.000Z,401531348,Tulane,Southern Miss,Favorite,-7.75,W,10.25,,11.0,20.0,0.0,5_to_15,American,Sun Belt,G6,G6,G6_vs_G6,False,False,American,Sun Belt,,,15_to_25,neutral,True,5_to_15,fav_7_14,team_has_rp_edge
2023,3,2023-09-16T20:00:00.000Z,401520245,Texas A&M,UL Monroe,Favorite,-36.5,W,7.5,,28.0,16.0,38.0,25_plus,SEC,Sun Belt,P4,G6,P4_vs_G6,False,False,SEC,Sun Belt,,,15_to_25,25_plus,True,25_plus,fav_14_plus,team_has_rp_edge
2023,3,2023-09-16T20:00:00.000Z,401520240,Ohio State,Western Kentucky,Favorite,-29.5,W,23.5,,12.0,16.0,9.0,5_to_15,Big Ten,Conference USA,P4,G6,P4_vs_G6,False,False,Big Ten,Conference USA,,,15_to_25,5_to_15,True,5_to_15,fav_14_plus,team_has_rp_edge
2023,3,2023-09-16T23:00:00.000Z,401520247,UNLV,Vanderbilt,Underdog,4.5,W,7.5,,4.0,15.0,-7.0,neutral,Mountain West,SEC,G6,P4,G6_vs_P4,False,False,Mountain West,SEC,,,15_to_25,minus_5_to_15,True,neutral,dog_3_7,team_has_rp_edge
2023,3,2023-09-16T23:00:00.000Z,401531379,Louisiana,UAB,Underdog,2.0,W,22.0,,27.0,36.0,18.0,25_plus,Sun Belt,American,G6,G6,G6_vs_G6,False,True,Sun Belt,Conference USA,,0.0,25_plus,15_to_25,True,25_plus,pick_to_3,team_has_rp_edge
2023,3,2023-09-16T23:30:00.000Z,401520232,Michigan,Bowling Green,Favorite,-40.75,L,-15.75,,22.0,30.0,15.0,15_to_25,Big Ten,MAC,P4,G6,P4_vs_G6,False,False,Big Ten,MAC,,,25_plus,15_to_25,True,15_to_25,fav_14_plus,team_has_rp_edge
2023,3,2023-09-17T00:00:00.000Z,401524008,Oregon,Hawai'i,Favorite,-38.25,W,6.75,,18.0,16.0,20.0,15_to_25,,,,,,,,,,,,15_to_25,15_to_25,True,15_to_25,fav_14_plus,team_has_rp_edge
2023,3,2023-09-17T00:00:00.000Z,401525840,Wyoming,Texas,Underdog,31.0,W,10.0,,9.0,19.0,-1.0,5_to_15,Mountain West,Big 12,G6,P4,G6_vs_P4,False,False,Mountain West,Big 12,,,15_to_25,neutral,True,5_to_15,dog_14_plus,team_has_rp_edge
2023,3,2023-09-17T02:30:00.000Z,401525837,Kansas,Nevada,Favorite,-28.5,L,-21.5,,32.0,37.0,27.0,25_plus,Big 12,Mountain West,P4,G6,P4_vs_G6,False,False,Big 12,Mountain West,,,25_plus,25_plus,True,25_plus,fav_14_plus,team_has_rp_edge
2023,3,2023-09-17T03:00:00.000Z,401520219,UTEP,Arizona,Underdog,18.25,L,-2.75,,8.0,25.0,-9.0,5_to_15,,,,,,,,,,,,25_plus,minus_5_to_15,True,5_to_15,dog_14_plus,team_has_rp_edge
2023,4,2023-09-22T23:00:00.000Z,401520266,Wisconsin,Purdue,Favorite,-6.0,W,15.0,,7.0,16.0,-3.0,5_to_15,Big Ten,Big Ten,P4,P4,P4_vs_P4,False,False,Big Ten,Big Ten,,,15_to_25,neutral,True,5_to_15,fav_3_7,team_has_rp_edge
2023,4,2023-09-23T02:30:00.000Z,401532583,San Diego State,Boise State,Underdog,5.833333333333333,W,2.833333333333333,,-11.0,16.0,-38.0,minus_5_to_15,Mountain West,Mountain West,G6,G6,G6_vs_G6,False,False,Mountain West,Mountain West,,,15_to_25,minus_25,True,5_to_15,dog_3_7,opponent_has_rp_edge
2023,4,2023-09-23T02:30:00.000Z,401532583,Boise State,San Diego State,Favorite,-5.833333333333333,L,-2.833333333333333,,11.0,38.0,-16.0,5_to_15,Mountain West,Mountain West,G6,G6,G6_vs_G6,False,False,Mountain West,Mountain West,,,25_plus,minus_15_to_25,True,5_to_15,fav_3_7,team_has_rp_edge
2023,4,2023-09-23T16:00:00.000Z,401525511,Virginia Tech,Marshall,Underdog,5.333333333333333,L,-1.666666666666667,,8.0,15.0,0.0,5_to_15,ACC,Sun Belt,P4,G6,P4_vs_G6,False,False,ACC,Sun Belt,,,15_to_25,neutral,True,5_to_15,dog_3_7,team_has_rp_edge
2023,4,2023-09-23T16:00:00.000Z,401520271,Troy,Western Kentucky,Favorite,-3.5,L,-0.5,,5.0,23.0,-13.0,5_to_15,Sun Belt,Conference USA,G6,G6,G6_vs_G6,False,False,Sun Belt,Conference USA,,,15_to_25,minus_5_to_15,True,5_to_15,fav_3_7,team_has_rp_edge
2023,4,2023-09-23T16:00:00.000Z,401520274,Vanderbilt,Kentucky,Underdog,13.333333333333334,L,-3.666666666666666,,2.0,18.0,-15.0,neutral,SEC,SEC,P4,P4,P4_vs_P4,False,False,SEC,SEC,,,15_to_25,minus_15_to_25,True,neutral,dog_7_14,team_has_rp_edge
2023,4,2023-09-23T16:00:00.000Z,401520274,Kentucky,Vanderbilt,Favorite,-13.333333333333334,W,3.666666666666666,,-2.0,15.0,-18.0,neutral,SEC,SEC,P4,P4,P4_vs_P4,False,False,SEC,SEC,,,15_to_25,minus_15_to_25,True,neutral,fav_7_14,opponent_has_rp_edge
2023,4,2023-09-23T17:30:00.000Z,401532406,Toledo,Western Michigan,Favorite,-21.5,L,-3.5,,28.0,51.0,5.0,25_plus,MAC,MAC,G6,G6,G6_vs_G6,False,False,MAC,MAC,,,25_plus,5_to_15,True,25_plus,fav_14_plus,team_has_rp_edge
2023,4,2023-09-23T19:30:00.000Z,401525506,Boston College,Louisville,Underdog,13.833333333333334,L,-14.166666666666666,,22.0,28.0,18.0,15_to_25,ACC,ACC,P4,P4,P4_vs_P4,False,False,ACC,ACC,,,25_plus,15_to_25,True,15_to_25,dog_7_14,team_has_rp_edge
2023,4,2023-09-23T19:30:00.000Z,401520250,Ole Miss,Alabama,Underdog,7.0,L,-7.0,,31.0,42.0,19.0,25_plus,SEC,SEC,P4,P4,P4_vs_P4,False,False,SEC,SEC,,,25_plus,15_to_25,True,25_plus,dog_3_7,team_has_rp_edge
2023,4,2023-09-23T19:30:00.000Z,401532405,Bowling Green,Ohio,Underdog,13.0,L,-18.0,,7.0,37.0,-24.0,5_to_15,MAC,MAC,G6,G6,G6_vs_G6,False,False,MAC,MAC,,,25_plus,minus_15_to_25,True,5_to_15,dog_7_14,team_has_rp_edge
2023,4,2023-09-23T19:30:00.000Z,401532405,Ohio,Bowling Green,Favorite,-13.0,W,18.0,,-7.0,24.0,-37.0,minus_5_to_15,MAC,MAC,G6,G6,G6_vs_G6,False,False,MAC,MAC,,,15_to_25,minus_25,True,5_to_15,fav_7_14,opponent_has_rp_edge
2023,4,2023-09-23T19:30:00.000Z,401520272,UConn,Duke,Underdog,22.166666666666668,L,-11.833333333333332,,9.0,29.0,-11.0,5_to_15,Independent,ACC,Independent,P4,Other,False,False,Independent,ACC,,,25_plus,minus_5_to_15,True,5_to_15,dog_14_plus,team_has_rp_edge
2023,4,2023-09-23T19:30:00.000Z,401525847,Kansas,BYU,Favorite,-9.333333333333334,W,1.666666666666666,,22.0,26.0,18.0,15_to_25,Big 12,Big 12,P4,P4,P4_vs_P4,False,True,Big 12,Independent,,0.0,25_plus,15_to_25,True,15_to_25,fav_7_14,team_has_rp_edge
2023,4,2023-09-23T23:00:00.000Z,401524016,Arizona,Stanford,Favorite,-12.833333333333334,L,-11.833333333333334,,22.0,36.0,8.0,15_to_25,,,,,,,,,,,,25_plus,5_to_15,True,15_to_25,fav_7_14,team_has_rp_edge
2023,4,2023-09-23T23:00:00.000Z,401520254,Sam Houston,Houston,Underdog,11.5,L,-19.5,,11.0,25.0,-2.0,5_to_15,Conference USA,Big 12,G6,P4,G6_vs_P4,False,True,,American,,0.0,25_plus,neutral,True,5_to_15,dog_7_14,team_has_rp_edge
2023,4,2023-09-23T23:00:00.000Z,401524019,Washington State,Oregon State,Underdog,3.0,W,6.0,,-3.0,21.0,-28.0,neutral,,,,,,,,,,,,15_to_25,minus_25,True,neutral,pick_to_3,opponent_has_rp_edge
2023,4,2023-09-23T23:00:00.000Z,401524019,Oregon State,Washington State,Favorite,-3.0,L,-6.0,,3.0,28.0,-21.0,neutral,,,,,,,,,,,,25_plus,minus_15_to_25,True,neutral,pick_to_3,team_has_rp_edge
2023,4,2023-09-23T23:00:00.000Z,401520258,LSU,Arkansas,Favorite,-17.666666666666668,L,-14.666666666666668,,17.0,30.0,2.0,15_to_25,SEC,SEC,P4,P4,P4_vs_P4,False,False,SEC,SEC,,,25_plus,neutral,True,15_to_25,fav_14_plus,team_has_rp_edge
2023,4,2023-09-23T23:30:00.000Z,401520259,Missouri,Memphis,Favorite,-6.5,W,0.5,,15.0,18.0,13.0,15_to_25,SEC,American,P4,G6,P4_vs_G6,False,False,SEC,American,,,15_to_25,5_to_15,True,15_to_25,fav_3_7,team_has_rp_edge
2023,4,2023-09-23T23:30:00.000Z,401531875,Louisiana,Buffalo,Favorite,-10.333333333333334,L,-3.333333333333334,,13.0,29.0,-3.0,5_to_15,Sun Belt,MAC,G6,G6,G6_vs_G6,False,False,Sun Belt,MAC,,,25_plus,neutral,True,5_to_15,fav_7_14,team_has_rp_edge
2023,4,2023-09-23T23:30:00.000Z,401525844,Texas,Baylor,Favorite,-16.5,W,15.5,,19.0,34.0,3.0,15_to_25,Big 12,Big 12,P4,P4,P4_vs_P4,False,False,Big 12,Big 12,,,25_plus,neutral,True,15_to_25,fav_14_plus,team_has_rp_edge
2023,4,2023-09-23T23:30:00.000Z,401520256,Indiana,Akron,Favorite,-16.5,L,-14.5,,6.0,17.0,-6.0,5_to_15,Big Ten,MAC,P4,G6,P4_vs_G6,False,False,Big Ten,MAC,,,15_to_25,minus_5_to_15,True,5_to_15,fav_14_plus,team_has_rp_edge
2023,4,2023-09-24T00:00:00.000Z,401525510,North Carolina,Pittsburgh,Favorite,-7.166666666666667,W,9.833333333333332,,17.0,20.0,16.0,15_to_25,ACC,ACC,P4,P4,P4_vs_P4,False,False,ACC,ACC,,,15_to_25,15_to_25,True,15_to_25,fav_3_7,team_has_rp_edge
2023,4,2023-09-24T03:59:00.000Z,401520253,New Mexico State,Hawai'i,Underdog,3.6666666666666665,W,0.6666666666666665,,17.0,28.0,6.0,15_to_25,Conference USA,Mountain West,G6,G6,G6_vs_G6,True,False,Independent,Mountain West,0.0,,25_plus,5_to_15,True,15_to_25,dog_3_7,team_has_rp_edge
2024,1,2024-08-24T16:00:00.000Z,401635525,Georgia Tech,Florida State,Underdog,10.666666666666666,W,13.666666666666666,,8.0,23.0,-7.0,5_to_15,ACC,ACC,P4,P4,P4_vs_P4,False,False,ACC,ACC,,,15_to_25,minus_5_to_15,True,5_to_15,dog_7_14,team_has_rp_edge
2024,1,2024-08-30T00:00:00.000Z,401640998,Jacksonville State,Coastal Carolina,Favorite,-3.5,L,-31.5,,24.0,15.0,33.0,15_to_25,Conference USA,Sun Belt,G6,G6,G6_vs_G6,False,False,Conference USA,Sun Belt,,,15_to_25,25_plus,True,15_to_25,fav_3_7,team_has_rp_edge
2024,1,2024-08-30T00:00:00.000Z,401628448,Minnesota,North Carolina,Underdog,0.3333333333333333,L,-1.6666666666666667,,34.0,32.0,37.0,25_plus,Big Ten,ACC,P4,P4,P4_vs_P4,False,False,Big Ten,ACC,,,25_plus,25_plus,True,25_plus,pick_to_3,team_has_rp_edge
2024,1,2024-08-31T01:00:00.000Z,401628461,Wisconsin,Western Michigan,Favorite,-24.166666666666668,L,-10.166666666666668,,8.0,16.0,-1.0,5_to_15,Big Ten,MAC,P4,G6,P4_vs_G6,False,False,Big Ten,MAC,,,15_to_25,neutral,True,5_to_15,fav_14_plus,team_has_rp_edge
2024,1,2024-08-31T16:00:00.000Z,401628323,Georgia,Clemson,Favorite,-11.666666666666666,W,19.333333333333336,,1.0,27.0,-24.0,neutral,SEC,ACC,P4,P4,P4_vs_P4,False,False,SEC,ACC,,,25_plus,minus_15_to_25,True,neutral,fav_7_14,team_has_rp_edge
2024,1,2024-08-31T16:00:00.000Z,401628323,Clemson,Georgia,Underdog,11.666666666666666,L,-19.333333333333336,,-1.0,24.0,-27.0,neutral,ACC,SEC,P4,P4,P4_vs_P4,False,False,ACC,SEC,,,15_to_25,minus_25,True,neutral,dog_7_14,opponent_has_rp_edge
2024,1,2024-08-31T16:00:00.000Z,401628333,Virginia Tech,Vanderbilt,Favorite,-13.333333333333334,L,-20.333333333333336,,26.0,30.0,23.0,25_plus,ACC,SEC,P4,P4,P4_vs_P4,False,False,ACC,SEC,,,25_plus,15_to_25,True,25_plus,fav_7_14,team_has_rp_edge
2024,1,2024-08-31T19:30:00.000Z,401628322,Florida,Miami,Underdog,2.5,L,-21.5,,2.0,17.0,-13.0,neutral,SEC,ACC,P4,P4,P4_vs_P4,False,False,SEC,ACC,,,15_to_25,minus_5_to_15,True,neutral,pick_to_3,team_has_rp_edge
2024,1,2024-08-31T19:30:00.000Z,401628454,Nebraska,UTEP,Favorite,-27.5,W,5.5,0.5,32.0,28.0,36.0,25_plus,Big Ten,Conference USA,P4,G6,P4_vs_G6,False,False,Big Ten,Conference USA,,,25_plus,25_plus,True,25_plus,fav_14_plus,team_has_rp_edge
2024,1,2024-08-31T19:30:00.000Z,401634304,Syracuse,Ohio,Favorite,-17.333333333333332,L,-1.333333333333332,,47.0,48.0,45.0,25_plus,ACC,MAC,P4,G6,P4_vs_G6,False,False,ACC,MAC,,,25_plus,25_plus,True,25_plus,fav_14_plus,team_has_rp_edge
2024,1,2024-08-31T23:00:00.000Z,401643701,Nevada,Troy,Underdog,10.166666666666666,W,12.166666666666666,,23.0,33.0,13.0,15_to_25,Mountain West,Sun Belt,G6,G6,G6_vs_G6,False,False,Mountain West,Sun Belt,,,25_plus,5_to_15,True,15_to_25,dog_7_14,team_has_rp_edge
2024,1,2024-08-31T23:00:00.000Z,401628319,Western Kentucky,Alabama,Underdog,34.166666666666664,L,-28.833333333333336,,17.0,26.0,8.0,15_to_25,Conference USA,SEC,G6,P4,G6_vs_P4,False,False,Conference USA,SEC,,,25_plus,5_to_15,True,15_to_25,dog_14_plus,team_has_rp_edge
2024,1,2024-08-31T23:30:00.000Z,401628332,Texas A&M,Notre Dame,Favorite,-2.6666666666666665,L,-12.666666666666666,,12.0,17.0,6.0,5_to_15,SEC,Independent,P4,Independent,Other,False,False,SEC,Independent,,,15_to_25,5_to_15,True,5_to_15,pick_to_3,team_has_rp_edge
2024,1,2024-09-01T00:00:00.000Z,401643774,Charlotte,James Madison,Underdog,7.0,L,-16.0,1.5,22.0,27.0,17.0,15_to_25,American,Sun Belt,G6,G6,G6_vs_G6,False,False,American,Sun Belt,,,25_plus,15_to_25,True,15_to_25,dog_3_7,team_has_rp_edge
2024,1,2024-09-01T02:30:00.000Z,401636608,Arizona,New Mexico,Favorite,-29.166666666666668,L,-7.166666666666668,,26.0,16.0,36.0,25_plus,Big 12,Mountain West,P4,G6,P4_vs_G6,True,False,Pac-12,Mountain West,0.0,,15_to_25,25_plus,True,25_plus,fav_14_plus,team_has_rp_edge
2024,1,2024-09-02T23:30:00.000Z,401634306,Boston College,Florida State,Underdog,16.5,W,31.5,0.0,9.0,20.0,-3.0,5_to_15,ACC,ACC,P4,P4,P4_vs_P4,False,False,ACC,ACC,,,15_to_25,neutral,True,5_to_15,dog_14_plus,team_has_rp_edge
2024,2,2024-09-07T16:00:00.000Z,401643784,Memphis,Troy,Favorite,-18.666666666666668,W,2.333333333333332,1.5,33.0,45.0,23.0,25_plus,American,Sun Belt,G6,G6,G6_vs_G6,False,False,American,Sun Belt,,,25_plus,15_to_25,True,25_plus,fav_14_plus,team_has_rp_edge
2024,2,2024-09-07T16:00:00.000Z,401628470,Penn State,Bowling Green,Favorite,-34.833333333333336,L,-27.833333333333336,3.0,22.0,29.0,14.0,15_to_25,Big Ten,MAC,P4,G6,P4_vs_G6,False,False,Big Ten,MAC,,,25_plus,5_to_15,True,15_to_25,fav_14_plus,team_has_rp_edge
2024,2,2024-09-07T16:00:00.000Z,401628347,Texas,Michigan,Favorite,-6.666666666666667,W,12.333333333333332,-1.0,34.0,27.0,42.0,25_plus,SEC,Big Ten,P4,P4,P4_vs_P4,True,False,Big 12,Big Ten,0.0,,25_plus,25_plus,True,25_plus,fav_3_7,team_has_rp_edge
2024,2,2024-09-07T16:00:00.000Z,401635534,Syracuse,Georgia Tech,Underdog,2.8333333333333335,W,5.833333333333334,-0.5,8.0,32.0,-16.0,5_to_15,ACC,ACC,P4,P4,P4_vs_P4,False,False,ACC,ACC,,,25_plus,minus_15_to_25,True,5_to_15,pick_to_3,team_has_rp_edge
2024,2,2024-09-07T16:00:00.000Z,401635534,Georgia Tech,Syracuse,Favorite,-2.8333333333333335,L,-5.833333333333334,0.5,-8.0,16.0,-32.0,minus_5_to_15,ACC,ACC,P4,P4,P4_vs_P4,False,False,ACC,ACC,,,15_to_25,minus_25,True,5_to_15,pick_to_3,opponent_has_rp_edge
2024,2,2024-09-07T19:30:00.000Z,401635537,Charlotte,North Carolina,Underdog,21.5,W,3.5,0.5,24.0,29.0,20.0,15_to_25,American,ACC,G6,P4,G6_vs_P4,False,False,American,ACC,,,25_plus,15_to_25,True,15_to_25,dog_14_plus,team_has_rp_edge
2024,2,2024-09-07T19:30:00.000Z,401628337,California,Auburn,Underdog,12.333333333333334,W,19.333333333333336,-0.5,8.0,24.0,-8.0,5_to_15,ACC,SEC,P4,P4,P4_vs_P4,True,False,Pac-12,SEC,0.0,,15_to_25,minus_5_to_15,True,5_to_15,dog_7_14,team_has_rp_edge
2024,2,2024-09-07T20:15:00.000Z,401628342,Ole Miss,Middle Tennessee,Favorite,-42.5,W,6.5,2.5,16.0,39.0,-5.0,15_to_25,SEC,Conference USA,P4,G6,P4_vs_G6,False,False,SEC,Conference USA,,,25_plus,minus_5_to_15,True,15_to_25,fav_14_plus,team_has_rp_edge
2024,2,2024-09-07T20:30:00.000Z,401635540,Virginia Tech,Marshall,Favorite,-20.666666666666668,L,-3.666666666666668,4.0,24.0,38.0,10.0,15_to_25,ACC,Sun Belt,P4,G6,P4_vs_G6,False,False,ACC,Sun Belt,,,25_plus,5_to_15,True,15_to_25,fav_14_plus,team_has_rp_edge
2024,2,2024-09-07T22:00:00.000Z,401643778,Old Dominion,East Carolina,Favorite,-1.6666666666666667,L,-7.666666666666667,-1.0,5.0,33.0,-21.0,5_to_15,Sun Belt,American,G6,G6,G6_vs_G6,False,False,Sun Belt,American,,,25_plus,minus_15_to_25,True,5_to_15,pick_to_3,team_has_rp_edge
2024,2,2024-09-07T22:00:00.000Z,401643778,East Carolina,Old Dominion,Underdog,1.6666666666666667,W,7.666666666666667,1.0,-5.0,21.0,-33.0,minus_5_to_15,American,Sun Belt,G6,G6,G6_vs_G6,False,False,American,Sun Belt,,,15_to_25,minus_25,True,5_to_15,pick_to_3,opponent_has_rp_edge
2024,2,2024-09-07T23:00:00.000Z,401628335,South Florida,Alabama,Underdog,31.666666666666668,W,5.666666666666668,0.5,28.0,54.0,2.0,25_plus,American,SEC,G6,P4,G6_vs_P4,False,False,American,SEC,,,25_plus,neutral,True,25_plus,dog_14_plus,team_has_rp_edge
2024,2,2024-09-07T23:00:00.000Z,401628344,Missouri,Buffalo,Favorite,-33.666666666666664,W,4.333333333333336,-2.0,39.0,51.0,27.0,25_plus,SEC,MAC,P4,G6,P4_vs_G6,False,False,SEC,MAC,,,25_plus,25_plus,True,25_plus,fav_14_plus,team_has_rp_edge
2024,2,2024-09-07T23:00:00.000Z,401643780,UAB,UL Monroe,Favorite,-11.5,L,-37.5,-0.5,26.0,40.0,13.0,25_plus,American,Sun Belt,G6,G6,G6_vs_G6,False,False,American,Sun Belt,,,25_plus,5_to_15,True,25_plus,fav_7_14,team_has_rp_edge
2024,2,2024-09-08T02:15:00.000Z,401640989,Liberty,New Mexico State,Favorite,-22.166666666666668,L,-16.166666666666668,1.5,12.0,28.0,-4.0,5_to_15,Conference USA,Conference USA,G6,G6,G6_vs_G6,False,False,Conference USA,Conference USA,,,25_plus,neutral,True,5_to_15,fav_14_plus,team_has_rp_edge
2024,2,2024-09-08T02:30:00.000Z,401643709,San Diego State,Oregon State,Underdog,5.666666666666667,L,-15.333333333333332,-0.5,6.0,23.0,-11.0,5_to_15,,,,,,,,,,,,15_to_25,minus_5_to_15,True,5_to_15,dog_3_7,team_has_rp_edge
2024,3,2024-09-14T16:00:00.000Z,401636865,Miami (OH),Cincinnati,Underdog,3.0,L,-8.0,0.0,12.0,22.0,2.0,5_to_15,MAC,Big 12,G6,P4,G6_vs_P4,False,False,MAC,Big 12,,,15_to_25,neutral,True,5_to_15,pick_to_3,team_has_rp_edge
2024,3,2024-09-14T16:00:00.000Z,401628350,Wisconsin,Alabama,Underdog,15.166666666666666,L,-16.833333333333336,-6.0,27.0,37.0,15.0,25_plus,Big Ten,SEC,P4,P4,P4_vs_P4,False,False,Big Ten,SEC,,,25_plus,15_to_25,True,25_plus,dog_14_plus,team_has_rp_edge
2024,3,2024-09-14T16:45:00.000Z,401628357,Missouri,Boston College,Favorite,-15.166666666666666,L,-9.166666666666666,-2.5,1.0,26.0,-22.0,neutral,SEC,ACC,P4,P4,P4_vs_P4,False,False,SEC,ACC,,,25_plus,minus_15_to_25,True,neutral,fav_14_plus,team_has_rp_edge
2024,3,2024-09-14T16:45:00.000Z,401628357,Boston College,Missouri,Underdog,15.166666666666666,W,9.166666666666666,2.5,-1.0,22.0,-26.0,neutral,ACC,SEC,P4,P4,P4_vs_P4,False,False,ACC,SEC,,,15_to_25,minus_25,True,neutral,dog_14_plus,opponent_has_rp_edge
2024,3,2024-09-14T19:30:00.000Z,401635547,West Virginia,Pittsburgh,Favorite,-2.0,L,-6.0,-4.0,6.0,27.0,-13.0,5_to_15,Big 12,ACC,P4,P4,P4_vs_P4,False,False,Big 12,ACC,,,25_plus,minus_5_to_15,True,5_to_15,pick_to_3,team_has_rp_edge
2024,3,2024-09-14T19:30:00.000Z,401628978,Notre Dame,Purdue,Favorite,-8.666666666666666,W,50.333333333333336,-3.5,9.0,15.0,4.0,5_to_15,Independent,Big Ten,Independent,P4,Other,False,False,Independent,Big Ten,,,15_to_25,neutral,True,5_to_15,fav_7_14,team_has_rp_edge
2024,3,2024-09-14T19:30:00.000Z,401628483,Oregon,Oregon State,Favorite,-17.666666666666668,W,17.333333333333332,-2.5,29.0,42.0,16.0,25_plus,,,,,,,,,,,,25_plus,15_to_25,True,25_plus,fav_14_plus,team_has_rp_edge
2024,3,2024-09-14T20:00:00.000Z,401628477,Iowa,Troy,Favorite,-23.333333333333332,L,-6.333333333333332,0.0,33.0,51.0,16.0,25_plus,Big Ten,Sun Belt,P4,G6,P4_vs_G6,False,False,Big Ten,Sun Belt,,,25_plus,15_to_25,True,25_plus,fav_14_plus,team_has_rp_edge
2024,3,2024-09-14T20:15:00.000Z,401628351,UAB,Arkansas,Underdog,23.666666666666668,W,13.666666666666668,0.0,20.0,40.0,2.0,15_to_25,American,SEC,G6,P4,G6_vs_P4,False,False,American,SEC,,,25_plus,neutral,True,15_to_25,dog_14_plus,team_has_rp_edge
2024,3,2024-09-14T22:00:00.000Z,401635548,Virginia Tech,Old Dominion,Favorite,-15.333333333333334,W,4.666666666666666,0.0,16.0,39.0,-8.0,15_to_25,ACC,Sun Belt,P4,G6,P4_vs_G6,False,False,ACC,Sun Belt,,,25_plus,minus_5_to_15,True,15_to_25,fav_14_plus,team_has_rp_edge
2024,3,2024-09-14T22:00:00.000Z,401640990,Liberty,UTEP,Favorite,-23.666666666666668,L,-5.666666666666668,0.0,15.0,15.0,15.0,15_to_25,Conference USA,Conference USA,G6,G6,G6_vs_G6,False,False,Conference USA,Conference USA,,,15_to_25,15_to_25,True,15_to_25,fav_14_plus,team_has_rp_edge
2024,3,2024-09-14T23:00:00.000Z,401643789,South Florida,Southern Miss,Favorite,-11.666666666666666,W,13.333333333333334,0.0,16.0,24.0,9.0,15_to_25,American,Sun Belt,G6,G6,G6_vs_G6,False,False,American,Sun Belt,,,15_to_25,5_to_15,True,15_to_25,fav_7_14,team_has_rp_edge
2024,3,2024-09-14T23:00:00.000Z,401641024,Western Kentucky,Middle Tennessee,Favorite,-8.5,W,19.5,0.0,16.0,27.0,7.0,15_to_25,Conference USA,Conference USA,G6,G6,G6_vs_G6,False,False,Conference USA,Conference USA,,,25_plus,5_to_15,True,15_to_25,fav_7_14,team_has_rp_edge
2024,3,2024-09-14T23:00:00.000Z,401628361,Texas,UTSA,Favorite,-35.5,W,13.5,0.0,25.0,35.0,15.0,25_plus,SEC,American,P4,G6,P4_vs_G6,True,False,Big 12,American,0.0,,25_plus,15_to_25,True,25_plus,fav_14_plus,team_has_rp_edge
2024,3,2024-09-14T23:30:00.000Z,401628354,Georgia,Kentucky,Favorite,-22.5,L,-21.5,-1.5,16.0,24.0,10.0,15_to_25,SEC,SEC,P4,P4,P4_vs_P4,False,False,SEC,SEC,,,15_to_25,5_to_15,True,15_to_25,fav_14_plus,team_has_rp_edge
2024,3,2024-09-14T23:30:00.000Z,401636860,Baylor,Air Force,Favorite,-16.666666666666668,W,11.333333333333332,0.0,41.0,48.0,34.0,25_plus,Big 12,Mountain West,P4,G6,P4_vs_G6,False,False,Big 12,Mountain West,,,25_plus,25_plus,True,25_plus,fav_14_plus,team_has_rp_edge
2024,3,2024-09-14T23:30:00.000Z,401628352,Auburn,New Mexico,Favorite,-25.833333333333332,W,0.1666666666666678,-4.0,25.0,20.0,29.0,25_plus,SEC,Mountain West,P4,G6,P4_vs_G6,False,False,SEC,Mountain West,,,15_to_25,25_plus,True,25_plus,fav_14_plus,team_has_rp_edge
2024,3,2024-09-15T00:00:00.000Z,401628478,Virginia,Maryland,Favorite,-1.1666666666666667,L,-15.166666666666666,0.0,31.0,34.0,28.0,25_plus,ACC,Big Ten,P4,P4,P4_vs_P4,False,False,ACC,Big Ten,,,25_plus,25_plus,True,25_plus,pick_to_3,team_has_rp_edge
2024,3,2024-09-15T02:30:00.000Z,401635541,California,San Diego State,Favorite,-18.666666666666668,W,2.333333333333332,0.0,27.0,36.0,17.0,25_plus,ACC,Mountain West,P4,G6,P4_vs_G6,True,False,Pac-12,Mountain West,0.0,,25_plus,15_to_25,True,25_plus,fav_14_plus,team_has_rp_edge
2024,4,2024-09-20T23:30:00.000Z,401634766,Syracuse,Stanford,Favorite,-8.833333333333334,L,-10.833333333333334,-2.0,7.0,16.0,-2.0,5_to_15,ACC,ACC,P4,P4,P4_vs_P4,False,True,ACC,Pac-12,,0.0,15_to_25,neutral,True,5_to_15,fav_7_14,team_has_rp_edge
2024,4,2024-09-21T16:00:00.000Z,401643791,Louisiana,Tulane,Underdog,1.5,L,-6.5,,23.0,20.0,26.0,15_to_25,Sun Belt,American,G6,G6,G6_vs_G6,False,False,Sun Belt,American,,,15_to_25,25_plus,True,15_to_25,pick_to_3,team_has_rp_edge
2024,4,2024-09-21T16:00:00.000Z,401636879,West Virginia,Kansas,Favorite,-1.3333333333333333,W,2.666666666666667,,11.0,33.0,-10.0,5_to_15,Big 12,Big 12,P4,P4,P4_vs_P4,False,False,Big 12,Big 12,,,25_plus,minus_5_to_15,True,5_to_15,pick_to_3,team_has_rp_edge
2024,4,2024-09-21T16:00:00.000Z,401645328,Rice,Army,Underdog,7.333333333333333,L,-15.666666666666668,,26.0,25.0,26.0,25_plus,American,American,G6,G6,G6_vs_G6,False,True,American,Independent,,0.0,25_plus,25_plus,True,25_plus,dog_3_7,team_has_rp_edge
2024,4,2024-09-21T18:00:00.000Z,401635558,Virginia,Coastal Carolina,Favorite,-3.5,W,15.5,0.5,31.0,39.0,24.0,25_plus,ACC,Sun Belt,P4,G6,P4_vs_G6,False,False,ACC,Sun Belt,,,25_plus,15_to_25,True,25_plus,fav_3_7,team_has_rp_edge
2024,4,2024-09-21T19:30:00.000Z,401628363,Auburn,Arkansas,Favorite,-2.5,L,-12.5,-1.0,19.0,33.0,5.0,15_to_25,SEC,SEC,P4,P4,P4_vs_P4,False,False,SEC,SEC,,,25_plus,5_to_15,True,15_to_25,pick_to_3,team_has_rp_edge
2024,4,2024-09-21T19:30:00.000Z,401628979,Miami (OH),Notre Dame,Underdog,27.333333333333332,W,2.333333333333332,-1.0,14.0,19.0,9.0,5_to_15,MAC,Independent,G6,Independent,Other,False,False,MAC,Independent,,,15_to_25,5_to_15,True,5_to_15,dog_14_plus,team_has_rp_edge
2024,4,2024-09-21T19:30:00.000Z,401628494,Virginia Tech,Rutgers,Favorite,-3.25,L,-6.25,0.0,12.0,16.0,8.0,5_to_15,ACC,Big Ten,P4,P4,P4_vs_P4,False,False,ACC,Big Ten,,,15_to_25,5_to_15,True,5_to_15,pick_to_3,team_has_rp_edge
2024,4,2024-09-21T20:00:00.000Z,401635553,Duke,Middle Tennessee,Favorite,-14.666666666666666,W,13.333333333333334,0.5,10.0,21.0,0.0,5_to_15,ACC,Conference USA,P4,G6,P4_vs_G6,False,False,ACC,Conference USA,,,15_to_25,neutral,True,5_to_15,fav_14_plus,team_has_rp_edge
2024,4,2024-09-21T22:00:00.000Z,401640991,East Carolina,Liberty,Underdog,7.5,L,-3.5,0.0,5.0,20.0,-11.0,5_to_15,American,Conference USA,G6,G6,G6_vs_G6,False,False,American,Conference USA,,,15_to_25,minus_5_to_15,True,5_to_15,dog_7_14,team_has_rp_edge
2024,4,2024-09-21T23:00:00.000Z,401635555,South Florida,Miami,Underdog,16.333333333333332,L,-18.666666666666668,2.0,6.0,34.0,-21.0,5_to_15,American,ACC,G6,P4,G6_vs_P4,False,False,American,ACC,,,25_plus,minus_15_to_25,True,5_to_15,dog_14_plus,team_has_rp_edge
2024,4,2024-09-21T23:00:00.000Z,401635555,Miami,South Florida,Favorite,-16.333333333333332,W,18.666666666666668,-2.0,-6.0,21.0,-34.0,minus_5_to_15,ACC,American,P4,G6,P4_vs_G6,False,False,ACC,American,,,15_to_25,minus_25,True,5_to_15,fav_14_plus,opponent_has_rp_edge
2024,4,2024-09-21T23:00:00.000Z,401635551,California,Florida State,Underdog,2.8333333333333335,L,-2.1666666666666665,-0.5,15.0,19.0,10.0,15_to_25,ACC,ACC,P4,P4,P4_vs_P4,True,False,Pac-12,ACC,0.0,,15_to_25,5_to_15,True,15_to_25,pick_to_3,team_has_rp_edge
2024,4,2024-09-21T23:00:00.000Z,401641034,Sam Houston,New Mexico State,Favorite,-15.0,W,5.0,0.5,16.0,28.0,3.0,15_to_25,Conference USA,Conference USA,G6,G6,G6_vs_G6,False,False,Conference USA,Conference USA,,,25_plus,neutral,True,15_to_25,fav_14_plus,team_has_rp_edge
2024,4,2024-09-21T23:00:00.000Z,401641008,Tulsa,Louisiana Tech,Underdog,2.3333333333333335,W,5.333333333333334,1.0,3.0,15.0,-8.0,neutral,American,Conference USA,G6,G6,G6_vs_G6,False,False,American,Conference USA,,,15_to_25,minus_5_to_15,True,neutral,pick_to_3,team_has_rp_edge
2024,4,2024-09-21T23:30:00.000Z,401628372,Texas A&M,Bowling Green,Favorite,-21.166666666666668,L,-15.166666666666668,-2.0,24.0,32.0,15.0,15_to_25,SEC,MAC,P4,G6,P4_vs_G6,False,False,SEC,MAC,,,25_plus,15_to_25,True,15_to_25,fav_14_plus,team_has_rp_edge
2024,4,2024-09-22T00:00:00.000Z,401628371,Texas,UL Monroe,Favorite,-43.0,W,5.0,-3.5,30.0,33.0,27.0,25_plus,SEC,Sun Belt,P4,G6,P4_vs_G6,True,False,Big 12,Sun Belt,0.0,,25_plus,25_plus,True,25_plus,fav_14_plus,team_has_rp_edge
2024,4,2024-09-22T00:30:00.000Z,401643717,Purdue,Oregon State,Underdog,1.8333333333333333,L,-15.166666666666666,4.0,11.0,30.0,-8.0,5_to_15,,,,,,,,,,,,25_plus,minus_5_to_15,True,5_to_15,pick_to_3,team_has_rp_edge
2025,1,2025-08-23T23:00:00.000Z,401757218,Western Kentucky,Sam Houston,Favorite,-9.833333333333334,W,7.166666666666666,2.5,-6.0,16.0,-27.0,minus_5_to_15,Conference USA,Conference USA,G6,G6,G6_vs_G6,False,False,Conference USA,Conference USA,,,15_to_25,minus_25,True,5_to_15,fav_7_14,opponent_has_rp_edge
2025,1,2025-08-23T23:00:00.000Z,401757218,Sam Houston,Western Kentucky,Underdog,9.833333333333334,L,-7.166666666666666,-2.5,6.0,27.0,-16.0,5_to_15,Conference USA,Conference USA,G6,G6,G6_vs_G6,False,False,Conference USA,Conference USA,,,25_plus,minus_15_to_25,True,5_to_15,dog_7_14,team_has_rp_edge
2025,1,2025-08-28T22:00:00.000Z,401752794,Rutgers,Ohio,Favorite,-14.166666666666666,L,-11.166666666666666,5.0,12.0,18.0,7.0,5_to_15,Big Ten,MAC,P4,G6,P4_vs_G6,False,False,Big Ten,MAC,,,15_to_25,5_to_15,True,5_to_15,fav_7_14,team_has_rp_edge
2025,1,2025-08-28T23:00:00.000Z,401762789,Wyoming,Akron,Favorite,-6.0,W,4.0,-4.5,15.0,41.0,-12.0,15_to_25,Mountain West,MAC,G6,G6,G6_vs_G6,False,False,Mountain West,MAC,,,25_plus,minus_5_to_15,True,15_to_25,fav_3_7,team_has_rp_edge
2025,1,2025-08-28T23:00:00.000Z,401756848,UCF,Jacksonville State,Favorite,-19.166666666666668,L,-12.166666666666668,4.0,17.0,22.0,11.0,15_to_25,Big 12,Conference USA,P4,G6,P4_vs_G6,False,False,Big 12,Conference USA,,,15_to_25,5_to_15,True,15_to_25,fav_14_plus,team_has_rp_edge
2025,1,2025-08-29T01:00:00.000Z,401762791,Wisconsin,Miami (OH),Favorite,-18.0,L,-1.0,0.5,32.0,18.0,47.0,25_plus,Big Ten,MAC,P4,G6,P4_vs_G6,False,False,Big Ten,MAC,,,15_to_25,25_plus,True,25_plus,fav_14_plus,team_has_rp_edge
2025,1,2025-08-30T01:30:00.000Z,401757224,Sam Houston,UNLV,Underdog,10.333333333333334,L,-6.666666666666666,4.5,8.0,30.0,-14.0,5_to_15,Conference USA,Mountain West,G6,G6,G6_vs_G6,False,False,Conference USA,Mountain West,,,25_plus,minus_5_to_15,True,5_to_15,dog_7_14,team_has_rp_edge
2025,1,2025-08-30T19:30:00.000Z,401752807,Penn State,Nevada,Favorite,-44.166666666666664,L,-9.166666666666664,0.0,34.0,46.0,20.0,25_plus,Big Ten,Mountain West,P4,G6,P4_vs_G6,False,False,Big Ten,Mountain West,,,25_plus,15_to_25,True,25_plus,fav_14_plus,team_has_rp_edge
2025,1,2025-08-30T22:00:00.000Z,401754616,Virginia,Coastal Carolina,Favorite,-13.166666666666666,W,27.833333333333336,1.0,14.0,29.0,-1.0,5_to_15,ACC,Sun Belt,P4,G6,P4_vs_G6,False,False,ACC,Sun Belt,,,25_plus,neutral,True,5_to_15,fav_7_14,team_has_rp_edge
2025,1,2025-08-30T23:00:00.000Z,401752678,Texas A&M,UTSA,Favorite,-23.0,L,-5.0,3.0,8.0,21.0,-4.0,5_to_15,SEC,American,P4,G6,P4_vs_G6,False,False,SEC,American,,,15_to_25,neutral,True,5_to_15,fav_14_plus,team_has_rp_edge
2025,1,2025-08-30T23:30:00.000Z,401752671,Clemson,LSU,Favorite,-4.833333333333333,L,-11.833333333333332,3.0,19.0,27.0,10.0,15_to_25,ACC,SEC,P4,P4,P4_vs_P4,False,False,ACC,SEC,,,25_plus,5_to_15,True,15_to_25,fav_3_7,team_has_rp_edge
2025,1,2025-08-30T23:30:00.000Z,401752808,Michigan,New Mexico,Favorite,-35.166666666666664,L,-18.166666666666664,0.0,37.0,38.0,35.0,25_plus,Big Ten,Mountain West,P4,G6,P4_vs_G6,False,False,Big Ten,Mountain West,,,25_plus,25_plus,True,25_plus,fav_14_plus,team_has_rp_edge
2025,1,2025-08-31T03:00:00.000Z,401752800,Utah,UCLA,Favorite,-6.5,W,26.5,3.5,18.0,39.0,-2.0,15_to_25,Big 12,Big Ten,P4,P4,P4_vs_P4,False,False,Big 12,Big Ten,,,25_plus,neutral,True,15_to_25,fav_3_7,team_has_rp_edge
2025,2,2025-09-06T16:00:00.000Z,401754525,Baylor,SMU,Underdog,2.75,W,5.75,2.0,15.0,21.0,9.0,15_to_25,Big 12,ACC,P4,P4,P4_vs_P4,False,False,Big 12,ACC,,,15_to_25,5_to_15,True,15_to_25,pick_to_3,team_has_rp_edge
2025,2,2025-09-06T16:00:00.000Z,401752825,Illinois,Duke,Favorite,-2.5,W,23.5,0.0,18.0,22.0,15.0,15_to_25,Big Ten,ACC,P4,P4,P4_vs_P4,False,False,Big Ten,ACC,,,15_to_25,15_to_25,True,15_to_25,pick_to_3,team_has_rp_edge
2025,2,2025-09-06T16:00:00.000Z,401757227,Liberty,Jacksonville State,Favorite,-6.25,L,-16.25,1.0,38.0,42.0,35.0,25_plus,Conference USA,Conference USA,G6,G6,G6_vs_G6,False,False,Conference USA,Conference USA,,,25_plus,25_plus,True,25_plus,fav_3_7,team_has_rp_edge
2025,2,2025-09-06T19:30:00.000Z,401752818,Rutgers,Miami (OH),Favorite,-15.5,W,12.5,2.0,39.0,31.0,47.0,25_plus,Big Ten,MAC,P4,G6,P4_vs_G6,False,False,Big Ten,MAC,,,25_plus,25_plus,True,25_plus,fav_14_plus,team_has_rp_edge
2025,2,2025-09-06T19:30:00.000Z,401756880,Cincinnati,Bowling Green,Favorite,-22.0,L,-8.0,4.5,30.0,35.0,26.0,25_plus,Big 12,MAC,P4,G6,P4_vs_G6,False,False,Big 12,MAC,,,25_plus,25_plus,True,25_plus,fav_14_plus,team_has_rp_edge
2025,2,2025-09-06T19:30:00.000Z,401752686,Kentucky,Ole Miss,Underdog,7.75,W,0.75,2.0,18.0,18.0,17.0,15_to_25,SEC,SEC,P4,P4,P4_vs_P4,False,False,SEC,SEC,,,15_to_25,15_to_25,True,15_to_25,dog_7_14,team_has_rp_edge
2025,2,2025-09-06T19:30:00.000Z,401754637,Clemson,Troy,Favorite,-30.25,L,-19.25,-2.0,15.0,18.0,11.0,15_to_25,ACC,Sun Belt,P4,G6,P4_vs_G6,False,False,ACC,Sun Belt,,,15_to_25,5_to_15,True,15_to_25,fav_14_plus,team_has_rp_edge
2025,2,2025-09-06T19:30:00.000Z,401762458,Navy,UAB,Favorite,-21.5,L,-7.5,1.0,24.0,33.0,14.0,15_to_25,American,American,G6,G6,G6_vs_G6,False,False,American,American,,,25_plus,5_to_15,True,15_to_25,fav_14_plus,team_has_rp_edge
2025,2,2025-09-06T23:00:00.000Z,401757232,Toledo,Western Kentucky,Favorite,-8.0,W,16.0,1.0,26.0,42.0,10.0,25_plus,MAC,Conference USA,G6,G6,G6_vs_G6,False,False,MAC,Conference USA,,,25_plus,5_to_15,True,25_plus,fav_7_14,team_has_rp_edge
2025,2,2025-09-06T23:00:00.000Z,401756884,Houston,Rice,Favorite,-13.5,W,12.5,1.0,26.0,18.0,32.0,25_plus,Big 12,American,P4,G6,P4_vs_G6,False,False,Big 12,American,,,15_to_25,25_plus,True,25_plus,fav_7_14,team_has_rp_edge
2025,2,2025-09-06T23:30:00.000Z,401752687,LSU,Louisiana Tech,Favorite,-36.5,L,-20.5,4.0,14.0,20.0,9.0,5_to_15,SEC,Conference USA,P4,G6,P4_vs_G6,False,False,SEC,Conference USA,,,15_to_25,5_to_15,True,5_to_15,fav_14_plus,team_has_rp_edge
2025,2,2025-09-06T23:30:00.000Z,401752810,Nebraska,Akron,Favorite,-33.75,W,34.25,0.0,11.0,30.0,-7.0,5_to_15,Big Ten,MAC,P4,G6,P4_vs_G6,False,False,Big Ten,MAC,,,25_plus,minus_5_to_15,True,5_to_15,fav_14_plus,team_has_rp_edge
2025,2,2025-09-07T00:00:00.000Z,401752823,UCLA,UNLV,Favorite,-2.5,L,-9.5,0.0,11.0,23.0,-1.0,5_to_15,Big Ten,Mountain West,P4,G6,P4_vs_G6,False,False,Big Ten,Mountain West,,,15_to_25,neutral,True,5_to_15,pick_to_3,team_has_rp_edge
2025,2,2025-09-07T01:00:00.000Z,401757229,New Mexico State,Tulsa,Underdog,3.25,W,10.25,0.0,18.0,17.0,19.0,15_to_25,Conference USA,American,G6,G6,G6_vs_G6,False,False,Conference USA,American,,,15_to_25,15_to_25,True,15_to_25,pick_to_3,team_has_rp_edge
2025,2,2025-09-07T03:59:00.000Z,401757230,Hawai'i,Sam Houston,Favorite,-7.25,W,9.75,0.0,18.0,38.0,-2.0,15_to_25,Mountain West,Conference USA,G6,G6,G6_vs_G6,False,False,Mountain West,Conference USA,,,25_plus,neutral,True,15_to_25,fav_3_7,team_has_rp_edge
2025,3,2025-09-13T02:00:00.000Z,401752837,UCLA,New Mexico,Favorite,-15.5,L,-40.5,0.5,16.0,28.0,4.0,15_to_25,Big Ten,Mountain West,P4,G6,P4_vs_G6,False,False,Big Ten,Mountain West,,,25_plus,neutral,True,15_to_25,fav_14_plus,team_has_rp_edge
2025,3,2025-09-13T16:00:00.000Z,401754623,Clemson,Georgia Tech,Favorite,-2.8333333333333335,L,-5.833333333333334,-3.5,17.0,21.0,11.0,15_to_25,ACC,ACC,P4,P4,P4_vs_P4,False,False,ACC,ACC,,,15_to_25,5_to_15,True,15_to_25,pick_to_3,team_has_rp_edge
2025,3,2025-09-13T16:00:00.000Z,401761608,Troy,Memphis,Underdog,4.5,L,-16.5,,27.0,31.0,23.0,25_plus,Sun Belt,American,G6,G6,G6_vs_G6,False,False,Sun Belt,American,,,25_plus,15_to_25,True,25_plus,dog_3_7,team_has_rp_edge
2025,3,2025-09-13T16:00:00.000Z,401752703,Oklahoma,Temple,Favorite,-23.833333333333332,W,15.166666666666668,-1.0,18.0,35.0,1.0,15_to_25,SEC,American,P4,G6,P4_vs_G6,False,False,SEC,American,,,25_plus,neutral,True,15_to_25,fav_14_plus,team_has_rp_edge
2025,3,2025-09-13T16:45:00.000Z,401752697,Auburn,South Alabama,Favorite,-26.333333333333332,L,-10.333333333333332,1.0,8.0,19.0,-4.0,5_to_15,SEC,Sun Belt,P4,G6,P4_vs_G6,False,False,SEC,Sun Belt,,,15_to_25,neutral,True,5_to_15,fav_14_plus,team_has_rp_edge
2025,3,2025-09-13T19:30:00.000Z,401752949,North Texas,Washington State,Favorite,-6.5,W,42.5,1.0,26.0,17.0,35.0,25_plus,,,,,,,,,,,,15_to_25,25_plus,True,25_plus,fav_3_7,team_has_rp_edge
2025,3,2025-09-13T21:00:00.000Z,401757256,Liberty,Bowling Green,Favorite,-6.0,L,-16.0,-1.0,28.0,31.0,27.0,25_plus,Conference USA,MAC,G6,G6,G6_vs_G6,False,False,Conference USA,MAC,,,25_plus,25_plus,True,25_plus,fav_3_7,team_has_rp_edge
2025,3,2025-09-13T21:00:00.000Z,401757258,Middle Tennessee,Nevada,Underdog,9.333333333333334,W,10.333333333333334,0.0,27.0,32.0,22.0,25_plus,Conference USA,Mountain West,G6,G6,G6_vs_G6,False,False,Conference USA,Mountain West,,,25_plus,15_to_25,True,25_plus,dog_7_14,team_has_rp_edge
2025,3,2025-09-13T23:00:00.000Z,401752829,Illinois,Western Michigan,Favorite,-27.5,W,10.5,-1.0,39.0,29.0,51.0,25_plus,Big Ten,MAC,P4,G6,P4_vs_G6,False,False,Big Ten,MAC,,,25_plus,25_plus,True,25_plus,fav_14_plus,team_has_rp_edge
2025,3,2025-09-13T23:00:00.000Z,401752700,Arkansas,Ole Miss,Underdog,3.8333333333333335,L,-2.1666666666666665,4.0,15.0,20.0,10.0,15_to_25,SEC,SEC,P4,P4,P4_vs_P4,False,False,SEC,SEC,,,15_to_25,5_to_15,True,15_to_25,dog_3_7,team_has_rp_edge
2025,3,2025-09-13T23:30:00.000Z,401761604,Coastal Carolina,East Carolina,Underdog,7.166666666666667,L,-30.833333333333332,-1.0,3.0,32.0,-26.0,neutral,Sun Belt,American,G6,G6,G6_vs_G6,False,False,Sun Belt,American,,,25_plus,minus_25,True,neutral,dog_3_7,team_has_rp_edge
2025,3,2025-09-13T23:30:00.000Z,401761604,East Carolina,Coastal Carolina,Favorite,-7.166666666666667,W,30.833333333333332,1.0,-3.0,26.0,-32.0,neutral,American,Sun Belt,G6,G6,G6_vs_G6,False,False,American,Sun Belt,,,25_plus,minus_25,True,neutral,fav_3_7,opponent_has_rp_edge
2025,3,2025-09-13T23:30:00.000Z,401757257,New Mexico State,Louisiana Tech,Underdog,10.166666666666666,L,-24.833333333333336,2.0,17.0,24.0,11.0,15_to_25,Conference USA,Conference USA,G6,G6,G6_vs_G6,False,False,Conference USA,Conference USA,,,15_to_25,5_to_15,True,15_to_25,dog_7_14,team_has_rp_edge
2025,3,2025-09-14T00:00:00.000Z,401756895,Wyoming,Utah,Underdog,24.5,L,-0.5,-2.0,3.0,28.0,-24.0,neutral,Mountain West,Big 12,G6,P4,G6_vs_P4,False,False,Mountain West,Big 12,,,25_plus,minus_15_to_25,True,neutral,dog_14_plus,team_has_rp_edge
2025,3,2025-09-14T00:00:00.000Z,401756895,Utah,Wyoming,Favorite,-24.5,W,0.5,2.0,-3.0,24.0,-28.0,neutral,Big 12,Mountain West,P4,G6,P4_vs_G6,False,False,Big 12,Mountain West,,,15_to_25,minus_25,True,neutral,fav_14_plus,opponent_has_rp_edge
2025,3,2025-09-14T00:00:00.000Z,401762465,Navy,Tulsa,Favorite,-13.666666666666666,W,5.333333333333334,-1.0,16.0,21.0,10.0,15_to_25,American,American,G6,G6,G6_vs_G6,False,False,American,American,,,15_to_25,5_to_15,True,15_to_25,fav_7_14,team_has_rp_edge
2025,3,2025-09-14T00:30:00.000Z,401762463,Akron,UAB,Underdog,12.666666666666666,W,9.666666666666666,-2.0,10.0,20.0,0.0,5_to_15,MAC,American,G6,G6,G6_vs_G6,False,False,MAC,American,,,15_to_25,neutral,True,5_to_15,dog_7_14,team_has_rp_edge
2025,4,2025-09-20T00:00:00.000Z,401752844,Rutgers,Iowa,Underdog,2.3333333333333335,L,-7.666666666666666,0.0,14.0,32.0,-5.0,5_to_15,Big Ten,Big Ten,P4,P4,P4_vs_P4,False,False,Big Ten,Big Ten,,,25_plus,minus_5_to_15,True,5_to_15,pick_to_3,team_has_rp_edge
2025,4,2025-09-20T16:00:00.000Z,401756901,Texas Tech,Utah,Underdog,3.5,W,27.5,1.0,14.0,17.0,10.0,5_to_15,Big 12,Big 12,P4,P4,P4_vs_P4,False,False,Big 12,Big 12,,,15_to_25,5_to_15,True,5_to_15,dog_3_7,team_has_rp_edge
2025,4,2025-09-20T16:00:00.000Z,401754537,Clemson,Syracuse,Favorite,-17.5,L,-30.5,1.0,31.0,24.0,38.0,25_plus,ACC,ACC,P4,P4,P4_vs_P4,False,False,ACC,ACC,,,15_to_25,25_plus,True,25_plus,fav_14_plus,team_has_rp_edge
2025,4,2025-09-20T16:00:00.000Z,401752708,Arkansas,Memphis,Favorite,-7.166666666666667,L,-8.166666666666668,0.5,18.0,32.0,4.0,15_to_25,SEC,American,P4,G6,P4_vs_G6,False,False,SEC,American,,,25_plus,neutral,True,15_to_25,fav_3_7,team_has_rp_edge
2025,4,2025-09-20T16:00:00.000Z,401754642,Louisville,Bowling Green,Favorite,-26.166666666666668,L,-3.166666666666668,-2.0,20.0,28.0,12.0,15_to_25,ACC,MAC,P4,G6,P4_vs_G6,False,False,ACC,MAC,,,25_plus,5_to_15,True,15_to_25,fav_14_plus,team_has_rp_edge
2025,4,2025-09-20T19:30:00.000Z,401752714,Oklahoma,Auburn,Favorite,-6.5,W,0.5,0.0,4.0,19.0,-10.0,neutral,SEC,SEC,P4,P4,P4_vs_P4,False,False,SEC,SEC,,,15_to_25,minus_5_to_15,True,neutral,fav_3_7,team_has_rp_edge
2025,4,2025-09-20T19:30:00.000Z,401762820,Toledo,Western Michigan,Favorite,-12.666666666666666,L,-13.666666666666666,-2.0,23.0,26.0,22.0,15_to_25,MAC,MAC,G6,G6,G6_vs_G6,False,False,MAC,MAC,,,25_plus,15_to_25,True,15_to_25,fav_7_14,team_has_rp_edge
2025,4,2025-09-20T20:30:00.000Z,401754542,Georgia Tech,Temple,Favorite,-24.5,L,-3.5,1.0,13.0,21.0,6.0,5_to_15,ACC,American,P4,G6,P4_vs_G6,False,False,ACC,American,,,15_to_25,5_to_15,True,5_to_15,fav_14_plus,team_has_rp_edge
2025,4,2025-09-20T23:00:00.000Z,401757264,Middle Tennessee,Marshall,Underdog,2.5,L,-11.5,1.0,24.0,25.0,24.0,15_to_25,Conference USA,Sun Belt,G6,G6,G6_vs_G6,False,False,Conference USA,Sun Belt,,,25_plus,15_to_25,True,15_to_25,pick_to_3,team_has_rp_edge
2025,4,2025-09-20T23:00:00.000Z,401761611,South Alabama,Coastal Carolina,Favorite,-14.666666666666666,L,-32.666666666666664,0.0,10.0,32.0,-12.0,5_to_15,Sun Belt,Sun Belt,G6,G6,G6_vs_G6,False,False,Sun Belt,Sun Belt,,,25_plus,minus_5_to_15,True,5_to_15,fav_14_plus,team_has_rp_edge
2025,4,2025-09-20T23:00:00.000Z,401760372,Boise State,Air Force,Favorite,-11.0,W,1.0,3.0,13.0,32.0,-4.0,5_to_15,Mountain West,Mountain West,G6,G6,G6_vs_G6,False,False,Mountain West,Mountain West,,,25_plus,neutral,True,5_to_15,fav_7_14,team_has_rp_edge
2025,4,2025-09-20T23:30:00.000Z,401752842,Washington,Washington State,Favorite,-20.833333333333332,W,14.166666666666668,0.0,25.0,22.0,26.0,25_plus,,,,,,,,,,,,15_to_25,25_plus,True,25_plus,fav_14_plus,team_has_rp_edge
2025,4,2025-09-20T23:30:00.000Z,401757263,Southern Miss,Louisiana Tech,Underdog,3.1666666666666665,L,-6.833333333333334,-1.0,7.0,28.0,-13.0,5_to_15,Sun Belt,Conference USA,G6,G6,G6_vs_G6,False,False,Sun Belt,Conference USA,,,25_plus,minus_5_to_15,True,5_to_15,pick_to_3,team_has_rp_edge
2025,4,2025-09-20T23:30:00.000Z,401752843,Illinois,Indiana,Underdog,7.0,L,-46.0,-3.0,15.0,18.0,14.0,15_to_25,Big Ten,Big Ten,P4,P4,P4_vs_P4,False,False,Big Ten,Big Ten,,,15_to_25,5_to_15,True,15_to_25,dog_3_7,team_has_rp_edge
2025,4,2025-09-20T23:30:00.000Z,401756898,BYU,East Carolina,Favorite,-6.166666666666667,W,14.833333333333332,-2.0,17.0,38.0,-4.0,15_to_25,Big 12,American,P4,G6,P4_vs_G6,False,False,Big 12,American,,,25_plus,neutral,True,15_to_25,fav_3_7,team_has_rp_edge
2025,4,2025-09-21T02:15:00.000Z,401756897,Wyoming,Colorado,Underdog,12.333333333333334,L,-4.666666666666666,1.0,14.0,24.0,4.0,5_to_15,Mountain West,Big 12,G6,P4,G6_vs_P4,False,False,Mountain West,Big 12,,,15_to_25,neutral,True,5_to_15,dog_7_14,team_has_rp_edge
2023,1,2023-08-26T23:00:00.000Z,401532392,San Diego State,Ohio,Favorite,-2.9,W,4.1,,4.0,45.0,-38.0,neutral,Mountain West,MAC,G6,G6,G6_vs_G6,False,False,Mountain West,MAC,,,25_plus,minus_25,True,neutral,pick_to_3,team_has_rp_edge
2023,1,2023-08-26T23:00:00.000Z,401532392,Ohio,San Diego State,Underdog,2.9,L,-4.1,,-4.0,38.0,-45.0,neutral,MAC,Mountain West,G6,G6,G6_vs_G6,False,False,MAC,Mountain West,,,25_plus,minus_25,True,neutral,pick_to_3,opponent_has_rp_edge
2023,1,2023-08-26T23:30:00.000Z,401520147,Vanderbilt,Hawai'i,Favorite,-17.625,L,-10.625,,18.0,24.0,11.0,15_to_25,SEC,Mountain West,P4,G6,P4_vs_G6,False,False,SEC,Mountain West,,,15_to_25,5_to_15,True,15_to_25,fav_14_plus,team_has_rp_edge
2023,1,2023-09-01T00:00:00.000Z,401520176,Utah,Florida,Favorite,-6.3,W,6.7,,22.0,30.0,14.0,15_to_25,,,,,,,,,,,,25_plus,5_to_15,True,15_to_25,fav_3_7,team_has_rp_edge
2023,1,2023-09-02T16:00:00.000Z,401520162,Michigan,East Carolina,Favorite,-35.4,L,-8.399999999999999,,47.0,45.0,48.0,25_plus,Big Ten,American,P4,G6,P4_vs_G6,False,False,Big Ten,American,,,25_plus,25_plus,True,25_plus,fav_14_plus,team_has_rp_edge
2023,1,2023-09-02T18:00:00.000Z,401531387,Temple,Akron,Favorite,-9.875,L,-6.875,,14.0,31.0,-2.0,5_to_15,American,MAC,G6,G6,G6_vs_G6,False,False,American,MAC,,,25_plus,neutral,True,5_to_15,fav_7_14,team_has_rp_edge
2023,1,2023-09-02T19:30:00.000Z,401520180,Wisconsin,Buffalo,Favorite,-27.0,L,-6.0,,19.0,26.0,11.0,15_to_25,Big Ten,MAC,P4,G6,P4_vs_G6,False,False,Big Ten,MAC,,,25_plus,5_to_15,True,15_to_25,fav_14_plus,team_has_rp_edge
2023,1,2023-09-02T22:30:00.000Z,401523996,USC,Nevada,Favorite,-37.875,W,14.125,,23.0,21.0,25.0,15_to_25,,,,,,,,,,,,15_to_25,25_plus,True,15_to_25,fav_14_plus,team_has_rp_edge
2023,1,2023-09-02T23:00:00.000Z,401525819,Houston,UTSA,Underdog,1.5,W,4.5,,8.0,29.0,-13.0,5_to_15,Big 12,American,P4,G6,P4_vs_G6,True,True,American,Conference USA,0.0,0.0,25_plus,minus_5_to_15,True,5_to_15,pick_to_3,team_has_rp_edge
2023,1,2023-09-02T23:00:00.000Z,401520173,Texas A&M,New Mexico,Favorite,-37.875,W,4.125,,16.0,33.0,-1.0,15_to_25,SEC,Mountain West,P4,G6,P4_vs_G6,False,False,SEC,Mountain West,,,25_plus,neutral,True,15_to_25,fav_14_plus,team_has_rp_edge
2023,1,2023-09-02T23:30:00.000Z,401525825,Wyoming,Texas Tech,Underdog,13.6,W,15.6,,19.0,30.0,9.0,15_to_25,Mountain West,Big 12,G6,P4,G6_vs_P4,False,False,Mountain West,Big 12,,,25_plus,5_to_15,True,15_to_25,dog_7_14,team_has_rp_edge
2023,1,2023-09-02T23:30:00.000Z,401520155,Toledo,Illinois,Underdog,8.6,W,6.6,,14.0,20.0,8.0,5_to_15,MAC,Big Ten,G6,P4,G6_vs_P4,False,False,MAC,Big Ten,,,15_to_25,5_to_15,True,5_to_15,dog_7_14,team_has_rp_edge
2023,1,2023-09-03T00:00:00.000Z,401525467,Virginia Tech,Old Dominion,Favorite,-15.75,W,3.25,,12.0,27.0,-4.0,5_to_15,ACC,Sun Belt,P4,G6,P4_vs_G6,False,False,ACC,Sun Belt,,,25_plus,neutral,True,5_to_15,fav_14_plus,team_has_rp_edge
2023,1,2023-09-03T23:30:00.000Z,401520182,Florida State,LSU,Underdog,2.2,W,23.2,,16.0,20.0,13.0,15_to_25,ACC,SEC,P4,P4,P4_vs_P4,False,False,ACC,SEC,,,15_to_25,5_to_15,True,15_to_25,pick_to_3,team_has_rp_edge
2023,2,2023-09-08T23:30:00.000Z,401520195,Kansas,Illinois,Favorite,-3.6666666666666665,W,7.333333333333334,,22.0,29.0,16.0,15_to_25,Big 12,Big Ten,P4,P4,P4_vs_P4,False,False,Big 12,Big Ten,,,25_plus,15_to_25,True,15_to_25,fav_3_7,team_has_rp_edge
2023,2,2023-09-09T16:00:00.000Z,401523999,Utah,Baylor,Favorite,-7.0,P,0.0,,21.0,32.0,9.0,15_to_25,,,,,,,,,,,,25_plus,5_to_15,True,15_to_25,fav_3_7,team_has_rp_edge
2023,2,2023-09-09T19:30:00.000Z,401525497,Syracuse,Western Michigan,Favorite,-24.666666666666668,W,16.333333333333332,,24.0,42.0,5.0,15_to_25,ACC,MAC,P4,G6,P4_vs_G6,False,False,ACC,MAC,,,25_plus,5_to_15,True,15_to_25,fav_14_plus,team_has_rp_edge
2023,2,2023-09-09T20:00:00.000Z,401531411,Marshall,East Carolina,Favorite,-2.8333333333333335,W,15.166666666666666,,27.0,26.0,28.0,25_plus,Sun Belt,American,G6,G6,G6_vs_G6,False,False,Sun Belt,American,,,25_plus,25_plus,True,25_plus,pick_to_3,team_has_rp_edge
2023,2,2023-09-09T21:00:00.000Z,401524004,Washington,Tulsa,Favorite,-33.666666666666664,L,-0.6666666666666643,,33.0,36.0,32.0,25_plus,,,,,,,,,,,,25_plus,25_plus,True,25_plus,fav_14_plus,team_has_rp_edge
2023,2,2023-09-09T22:00:00.000Z,401520198,New Mexico State,Liberty,Underdog,9.333333333333334,L,-6.666666666666666,,9.0,30.0,-12.0,5_to_15,Conference USA,Conference USA,G6,G6,G6_vs_G6,True,True,Independent,Independent,0.0,0.0,25_plus,minus_5_to_15,True,5_to_15,dog_7_14,team_has_rp_edge
2023,2,2023-09-09T22:00:00.000Z,401531842,Louisiana,Old Dominion,Favorite,-6.0,L,-13.0,,9.0,32.0,-15.0,5_to_15,Sun Belt,Sun Belt,G6,G6,G6_vs_G6,False,False,Sun Belt,Sun Belt,,,25_plus,minus_15_to_25,True,5_to_15,fav_3_7,team_has_rp_edge
2023,2,2023-09-09T23:00:00.000Z,401525831,Rice,Houston,Underdog,7.166666666666667,W,9.166666666666668,,13.0,29.0,-3.0,5_to_15,American,Big 12,G6,P4,G6_vs_P4,True,True,Conference USA,American,0.0,0.0,25_plus,neutral,True,5_to_15,dog_3_7,team_has_rp_edge
2023,2,2023-09-09T23:00:00.000Z,401520183,Texas,Alabama,Underdog,7.166666666666667,W,17.166666666666668,,34.0,47.0,20.0,25_plus,Big 12,SEC,P4,P4,P4_vs_P4,False,False,Big 12,SEC,,,25_plus,15_to_25,True,25_plus,dog_3_7,team_has_rp_edge
2023,2,2023-09-09T23:30:00.000Z,401520217,Wisconsin,Washington State,Favorite,-5.333333333333333,L,-14.333333333333332,,10.0,25.0,-5.0,5_to_15,,,,,,,,,,,,25_plus,minus_5_to_15,True,5_to_15,fav_3_7,team_has_rp_edge
2023,2,2023-09-10T00:30:00.000Z,401525493,Florida State,Southern Miss,Favorite,-31.0,W,22.0,,27.0,27.0,26.0,25_plus,ACC,Sun Belt,P4,G6,P4_vs_G6,False,False,ACC,Sun Belt,,,25_plus,25_plus,True,25_plus,fav_14_plus,team_has_rp_edge
2023,2,2023-09-10T02:30:00.000Z,401524003,USC,Stanford,Favorite,-28.666666666666668,W,17.333333333333332,,41.0,39.0,44.0,25_plus,,,,,,,,,,,,25_plus,25_plus,True,25_plus,fav_14_plus,team_has_rp_edge
2023,3,2023-09-16T19:30:00.000Z,401525842,Oklahoma,Tulsa,Favorite,-28.0,W,21.0,,22.0,24.0,22.0,15_to_25,Big 12,American,P4,G6,P4_vs_G6,False,False,Big 12,American,,,15_to_25,15_to_25,True,15_to_25,fav_14_plus,team_has_rp_edge
2023,3,2023-09-16T19:30:00.000Z,401520227,Iowa,Western Michigan,Favorite,-28.5,W,2.5,,8.0,33.0,-18.0,5_to_15,Big Ten,MAC,P4,G6,P4_vs_G6,False,False,Big Ten,MAC,,,25_plus,minus_15_to_25,True,5_to_15,fav_14_plus,team_has_rp_edge
2023,3,2023-09-16T19:30:00.000Z,401524009,Oregon State,San Diego State,Favorite,-24.5,L,-7.5,,9.0,38.0,-19.0,5_to_15,,,,,,,,,,,,25_plus,minus_15_to_25,True,5_to_15,fav_14_plus,team_has_rp_edge
2023,3,2023-09-16T20:00:00.000Z,401531348,Tulane,Southern Miss,Favorite,-7.75,W,10.25,,11.0,20.0,0.0,5_to_15,American,Sun Belt,G6,G6,G6_vs_G6,False,False,American,Sun Belt,,,15_to_25,neutral,True,5_to_15,fav_7_14,team_has_rp_edge
2023,3,2023-09-16T23:00:00.000Z,401531379,Louisiana,UAB,Underdog,2.0,W,22.0,,27.0,36.0,18.0,25_plus,Sun Belt,American,G6,G6,G6_vs_G6,False,True,Sun Belt,Conference USA,,0.0,25_plus,15_to_25,True,25_plus,pick_to_3,team_has_rp_edge
2023,3,2023-09-16T23:30:00.000Z,401520232,Michigan,Bowling Green,Favorite,-40.75,L,-15.75,,22.0,30.0,15.0,15_to_25,Big Ten,MAC,P4,G6,P4_vs_G6,False,False,Big Ten,MAC,,,25_plus,15_to_25,True,15_to_25,fav_14_plus,team_has_rp_edge
2023,3,2023-09-17T02:30:00.000Z,401525837,Kansas,Nevada,Favorite,-28.5,L,-21.5,,32.0,37.0,27.0,25_plus,Big 12,Mountain West,P4,G6,P4_vs_G6,False,False,Big 12,Mountain West,,,25_plus,25_plus,True,25_plus,fav_14_plus,team_has_rp_edge
2023,3,2023-09-17T03:00:00.000Z,401520219,UTEP,Arizona,Underdog,18.25,L,-2.75,,8.0,25.0,-9.0,5_to_15,,,,,,,,,,,,25_plus,minus_5_to_15,True,5_to_15,dog_14_plus,team_has_rp_edge
2023,4,2023-09-23T02:30:00.000Z,401532583,Boise State,San Diego State,Favorite,-5.833333333333333,L,-2.833333333333333,,11.0,38.0,-16.0,5_to_15,Mountain West,Mountain West,G6,G6,G6_vs_G6,False,False,Mountain West,Mountain West,,,25_plus,minus_15_to_25,True,5_to_15,fav_3_7,team_has_rp_edge
2023,4,2023-09-23T16:00:00.000Z,401520271,Troy,Western Kentucky,Favorite,-3.5,L,-0.5,,5.0,23.0,-13.0,5_to_15,Sun Belt,Conference USA,G6,G6,G6_vs_G6,False,False,Sun Belt,Conference USA,,,15_to_25,minus_5_to_15,True,5_to_15,fav_3_7,team_has_rp_edge
2023,4,2023-09-23T17:30:00.000Z,401532406,Toledo,Western Michigan,Favorite,-21.5,L,-3.5,,28.0,51.0,5.0,25_plus,MAC,MAC,G6,G6,G6_vs_G6,False,False,MAC,MAC,,,25_plus,5_to_15,True,25_plus,fav_14_plus,team_has_rp_edge
2023,4,2023-09-23T19:30:00.000Z,401525506,Boston College,Louisville,Underdog,13.833333333333334,L,-14.166666666666666,,22.0,28.0,18.0,15_to_25,ACC,ACC,P4,P4,P4_vs_P4,False,False,ACC,ACC,,,25_plus,15_to_25,True,15_to_25,dog_7_14,team_has_rp_edge
2023,4,2023-09-23T19:30:00.000Z,401520250,Ole Miss,Alabama,Underdog,7.0,L,-7.0,,31.0,42.0,19.0,25_plus,SEC,SEC,P4,P4,P4_vs_P4,False,False,SEC,SEC,,,25_plus,15_to_25,True,25_plus,dog_3_7,team_has_rp_edge
2023,4,2023-09-23T19:30:00.000Z,401532405,Bowling Green,Ohio,Underdog,13.0,L,-18.0,,7.0,37.0,-24.0,5_to_15,MAC,MAC,G6,G6,G6_vs_G6,False,False,MAC,MAC,,,25_plus,minus_15_to_25,True,5_to_15,dog_7_14,team_has_rp_edge
2023,4,2023-09-23T19:30:00.000Z,401532405,Ohio,Bowling Green,Favorite,-13.0,W,18.0,,-7.0,24.0,-37.0,minus_5_to_15,MAC,MAC,G6,G6,G6_vs_G6,False,False,MAC,MAC,,,15_to_25,minus_25,True,5_to_15,fav_7_14,opponent_has_rp_edge
2023,4,2023-09-23T19:30:00.000Z,401520272,UConn,Duke,Underdog,22.166666666666668,L,-11.833333333333332,,9.0,29.0,-11.0,5_to_15,Independent,ACC,Independent,P4,Other,False,False,Independent,ACC,,,25_plus,minus_5_to_15,True,5_to_15,dog_14_plus,team_has_rp_edge
2023,4,2023-09-23T19:30:00.000Z,401525847,Kansas,BYU,Favorite,-9.333333333333334,W,1.666666666666666,,22.0,26.0,18.0,15_to_25,Big 12,Big 12,P4,P4,P4_vs_P4,False,True,Big 12,Independent,,0.0,25_plus,15_to_25,True,15_to_25,fav_7_14,team_has_rp_edge
2023,4,2023-09-23T23:00:00.000Z,401524016,Arizona,Stanford,Favorite,-12.833333333333334,L,-11.833333333333334,,22.0,36.0,8.0,15_to_25,,,,,,,,,,,,25_plus,5_to_15,True,15_to_25,fav_7_14,team_has_rp_edge
2023,4,2023-09-23T23:00:00.000Z,401520254,Sam Houston,Houston,Underdog,11.5,L,-19.5,,11.0,25.0,-2.0,5_to_15,Conference USA,Big 12,G6,P4,G6_vs_P4,False,True,,American,,0.0,25_plus,neutral,True,5_to_15,dog_7_14,team_has_rp_edge
2023,4,2023-09-23T23:00:00.000Z,401524019,Washington State,Oregon State,Underdog,3.0,W,6.0,,-3.0,21.0,-28.0,neutral,,,,,,,,,,,,15_to_25,minus_25,True,neutral,pick_to_3,opponent_has_rp_edge
2023,4,2023-09-23T23:00:00.000Z,401524019,Oregon State,Washington State,Favorite,-3.0,L,-6.0,,3.0,28.0,-21.0,neutral,,,,,,,,,,,,25_plus,minus_15_to_25,True,neutral,pick_to_3,team_has_rp_edge
2023,4,2023-09-23T23:00:00.000Z,401520258,LSU,Arkansas,Favorite,-17.666666666666668,L,-14.666666666666668,,17.0,30.0,2.0,15_to_25,SEC,SEC,P4,P4,P4_vs_P4,False,False,SEC,SEC,,,25_plus,neutral,True,15_to_25,fav_14_plus,team_has_rp_edge
2023,4,2023-09-23T23:30:00.000Z,401531875,Louisiana,Buffalo,Favorite,-10.333333333333334,L,-3.333333333333334,,13.0,29.0,-3.0,5_to_15,Sun Belt,MAC,G6,G6,G6_vs_G6,False,False,Sun Belt,MAC,,,25_plus,neutral,True,5_to_15,fav_7_14,team_has_rp_edge
2023,4,2023-09-23T23:30:00.000Z,401525844,Texas,Baylor,Favorite,-16.5,W,15.5,,19.0,34.0,3.0,15_to_25,Big 12,Big 12,P4,P4,P4_vs_P4,False,False,Big 12,Big 12,,,25_plus,neutral,True,15_to_25,fav_14_plus,team_has_rp_edge
2023,4,2023-09-24T00:00:00.000Z,401525510,North Carolina,Pittsburgh,Favorite,-7.166666666666667,W,9.833333333333332,,17.0,20.0,16.0,15_to_25,ACC,ACC,P4,P4,P4_vs_P4,False,False,ACC,ACC,,,15_to_25,15_to_25,True,15_to_25,fav_3_7,team_has_rp_edge
2023,4,2023-09-24T03:59:00.000Z,401520253,New Mexico State,Hawai'i,Underdog,3.6666666666666665,W,0.6666666666666665,,17.0,28.0,6.0,15_to_25,Conference USA,Mountain West,G6,G6,G6_vs_G6,True,False,Independent,Mountain West,0.0,,25_plus,5_to_15,True,15_to_25,dog_3_7,team_has_rp_edge
2024,1,2024-08-24T16:00:00.000Z,401635525,Georgia Tech,Florida State,Underdog,10.666666666666666,W,13.666666666666666,,8.0,23.0,-7.0,5_to_15,ACC,ACC,P4,P4,P4_vs_P4,False,False,ACC,ACC,,,15_to_25,minus_5_to_15,True,5_to_15,dog_7_14,team_has_rp_edge
2024,1,2024-08-30T00:00:00.000Z,401628448,Minnesota,North Carolina,Underdog,0.3333333333333333,L,-1.6666666666666667,,34.0,32.0,37.0,25_plus,Big Ten,ACC,P4,P4,P4_vs_P4,False,False,Big Ten,ACC,,,25_plus,25_plus,True,25_plus,pick_to_3,team_has_rp_edge
2024,1,2024-08-31T16:00:00.000Z,401628323,Georgia,Clemson,Favorite,-11.666666666666666,W,19.333333333333336,,1.0,27.0,-24.0,neutral,SEC,ACC,P4,P4,P4_vs_P4,False,False,SEC,ACC,,,25_plus,minus_15_to_25,True,neutral,fav_7_14,team_has_rp_edge
2024,1,2024-08-31T16:00:00.000Z,401628323,Clemson,Georgia,Underdog,11.666666666666666,L,-19.333333333333336,,-1.0,24.0,-27.0,neutral,ACC,SEC,P4,P4,P4_vs_P4,False,False,ACC,SEC,,,15_to_25,minus_25,True,neutral,dog_7_14,opponent_has_rp_edge
2024,1,2024-08-31T16:00:00.000Z,401628333,Virginia Tech,Vanderbilt,Favorite,-13.333333333333334,L,-20.333333333333336,,26.0,30.0,23.0,25_plus,ACC,SEC,P4,P4,P4_vs_P4,False,False,ACC,SEC,,,25_plus,15_to_25,True,25_plus,fav_7_14,team_has_rp_edge
2024,1,2024-08-31T19:30:00.000Z,401628454,Nebraska,UTEP,Favorite,-27.5,W,5.5,0.5,32.0,28.0,36.0,25_plus,Big Ten,Conference USA,P4,G6,P4_vs_G6,False,False,Big Ten,Conference USA,,,25_plus,25_plus,True,25_plus,fav_14_plus,team_has_rp_edge
2024,1,2024-08-31T19:30:00.000Z,401634304,Syracuse,Ohio,Favorite,-17.333333333333332,L,-1.333333333333332,,47.0,48.0,45.0,25_plus,ACC,MAC,P4,G6,P4_vs_G6,False,False,ACC,MAC,,,25_plus,25_plus,True,25_plus,fav_14_plus,team_has_rp_edge
2024,1,2024-08-31T23:00:00.000Z,401643701,Nevada,Troy,Underdog,10.166666666666666,W,12.166666666666666,,23.0,33.0,13.0,15_to_25,Mountain West,Sun Belt,G6,G6,G6_vs_G6,False,False,Mountain West,Sun Belt,,,25_plus,5_to_15,True,15_to_25,dog_7_14,team_has_rp_edge
2024,1,2024-08-31T23:00:00.000Z,401628319,Western Kentucky,Alabama,Underdog,34.166666666666664,L,-28.833333333333336,,17.0,26.0,8.0,15_to_25,Conference USA,SEC,G6,P4,G6_vs_P4,False,False,Conference USA,SEC,,,25_plus,5_to_15,True,15_to_25,dog_14_plus,team_has_rp_edge
2024,1,2024-09-01T00:00:00.000Z,401643774,Charlotte,James Madison,Underdog,7.0,L,-16.0,1.5,22.0,27.0,17.0,15_to_25,American,Sun Belt,G6,G6,G6_vs_G6,False,False,American,Sun Belt,,,25_plus,15_to_25,True,15_to_25,dog_3_7,team_has_rp_edge
2024,1,2024-09-02T23:30:00.000Z,401634306,Boston College,Florida State,Underdog,16.5,W,31.5,0.0,9.0,20.0,-3.0,5_to_15,ACC,ACC,P4,P4,P4_vs_P4,False,False,ACC,ACC,,,15_to_25,neutral,True,5_to_15,dog_14_plus,team_has_rp_edge
2024,2,2024-09-07T16:00:00.000Z,401643784,Memphis,Troy,Favorite,-18.666666666666668,W,2.333333333333332,1.5,33.0,45.0,23.0,25_plus,American,Sun Belt,G6,G6,G6_vs_G6,False,False,American,Sun Belt,,,25_plus,15_to_25,True,25_plus,fav_14_plus,team_has_rp_edge
2024,2,2024-09-07T16:00:00.000Z,401628470,Penn State,Bowling Green,Favorite,-34.833333333333336,L,-27.833333333333336,3.0,22.0,29.0,14.0,15_to_25,Big Ten,MAC,P4,G6,P4_vs_G6,False,False,Big Ten,MAC,,,25_plus,5_to_15,True,15_to_25,fav_14_plus,team_has_rp_edge
2024,2,2024-09-07T16:00:00.000Z,401628347,Texas,Michigan,Favorite,-6.666666666666667,W,12.333333333333332,-1.0,34.0,27.0,42.0,25_plus,SEC,Big Ten,P4,P4,P4_vs_P4,True,False,Big 12,Big Ten,0.0,,25_plus,25_plus,True,25_plus,fav_3_7,team_has_rp_edge
2024,2,2024-09-07T16:00:00.000Z,401635534,Syracuse,Georgia Tech,Underdog,2.8333333333333335,W,5.833333333333334,-0.5,8.0,32.0,-16.0,5_to_15,ACC,ACC,P4,P4,P4_vs_P4,False,False,ACC,ACC,,,25_plus,minus_15_to_25,True,5_to_15,pick_to_3,team_has_rp_edge
2024,2,2024-09-07T19:30:00.000Z,401635537,Charlotte,North Carolina,Underdog,21.5,W,3.5,0.5,24.0,29.0,20.0,15_to_25,American,ACC,G6,P4,G6_vs_P4,False,False,American,ACC,,,25_plus,15_to_25,True,15_to_25,dog_14_plus,team_has_rp_edge
2024,2,2024-09-07T19:30:00.000Z,401628337,California,Auburn,Underdog,12.333333333333334,W,19.333333333333336,-0.5,8.0,24.0,-8.0,5_to_15,ACC,SEC,P4,P4,P4_vs_P4,True,False,Pac-12,SEC,0.0,,15_to_25,minus_5_to_15,True,5_to_15,dog_7_14,team_has_rp_edge
2024,2,2024-09-07T20:15:00.000Z,401628342,Ole Miss,Middle Tennessee,Favorite,-42.5,W,6.5,2.5,16.0,39.0,-5.0,15_to_25,SEC,Conference USA,P4,G6,P4_vs_G6,False,False,SEC,Conference USA,,,25_plus,minus_5_to_15,True,15_to_25,fav_14_plus,team_has_rp_edge
2024,2,2024-09-07T20:30:00.000Z,401635540,Virginia Tech,Marshall,Favorite,-20.666666666666668,L,-3.666666666666668,4.0,24.0,38.0,10.0,15_to_25,ACC,Sun Belt,P4,G6,P4_vs_G6,False,False,ACC,Sun Belt,,,25_plus,5_to_15,True,15_to_25,fav_14_plus,team_has_rp_edge
2024,2,2024-09-07T22:00:00.000Z,401643778,Old Dominion,East Carolina,Favorite,-1.6666666666666667,L,-7.666666666666667,-1.0,5.0,33.0,-21.0,5_to_15,Sun Belt,American,G6,G6,G6_vs_G6,False,False,Sun Belt,American,,,25_plus,minus_15_to_25,True,5_to_15,pick_to_3,team_has_rp_edge
2024,2,2024-09-07T22:00:00.000Z,401643778,East Carolina,Old Dominion,Underdog,1.6666666666666667,W,7.666666666666667,1.0,-5.0,21.0,-33.0,minus_5_to_15,American,Sun Belt,G6,G6,G6_vs_G6,False,False,American,Sun Belt,,,15_to_25,minus_25,True,5_to_15,pick_to_3,opponent_has_rp_edge
2024,2,2024-09-07T23:00:00.000Z,401628335,South Florida,Alabama,Underdog,31.666666666666668,W,5.666666666666668,0.5,28.0,54.0,2.0,25_plus,American,SEC,G6,P4,G6_vs_P4,False,False,American,SEC,,,25_plus,neutral,True,25_plus,dog_14_plus,team_has_rp_edge
2024,2,2024-09-07T23:00:00.000Z,401628344,Missouri,Buffalo,Favorite,-33.666666666666664,W,4.333333333333336,-2.0,39.0,51.0,27.0,25_plus,SEC,MAC,P4,G6,P4_vs_G6,False,False,SEC,MAC,,,25_plus,25_plus,True,25_plus,fav_14_plus,team_has_rp_edge
2024,2,2024-09-07T23:00:00.000Z,401643780,UAB,UL Monroe,Favorite,-11.5,L,-37.5,-0.5,26.0,40.0,13.0,25_plus,American,Sun Belt,G6,G6,G6_vs_G6,False,False,American,Sun Belt,,,25_plus,5_to_15,True,25_plus,fav_7_14,team_has_rp_edge
2024,2,2024-09-08T02:15:00.000Z,401640989,Liberty,New Mexico State,Favorite,-22.166666666666668,L,-16.166666666666668,1.5,12.0,28.0,-4.0,5_to_15,Conference USA,Conference USA,G6,G6,G6_vs_G6,False,False,Conference USA,Conference USA,,,25_plus,neutral,True,5_to_15,fav_14_plus,team_has_rp_edge
2024,2,2024-09-08T02:30:00.000Z,401643709,San Diego State,Oregon State,Underdog,5.666666666666667,L,-15.333333333333332,-0.5,6.0,23.0,-11.0,5_to_15,,,,,,,,,,,,15_to_25,minus_5_to_15,True,5_to_15,dog_3_7,team_has_rp_edge
2024,3,2024-09-14T16:00:00.000Z,401636865,Miami (OH),Cincinnati,Underdog,3.0,L,-8.0,0.0,12.0,22.0,2.0,5_to_15,MAC,Big 12,G6,P4,G6_vs_P4,False,False,MAC,Big 12,,,15_to_25,neutral,True,5_to_15,pick_to_3,team_has_rp_edge
2024,3,2024-09-14T16:00:00.000Z,401628350,Wisconsin,Alabama,Underdog,15.166666666666666,L,-16.833333333333336,-6.0,27.0,37.0,15.0,25_plus,Big Ten,SEC,P4,P4,P4_vs_P4,False,False,Big Ten,SEC,,,25_plus,15_to_25,True,25_plus,dog_14_plus,team_has_rp_edge
2024,3,2024-09-14T16:45:00.000Z,401628357,Missouri,Boston College,Favorite,-15.166666666666666,L,-9.166666666666666,-2.5,1.0,26.0,-22.0,neutral,SEC,ACC,P4,P4,P4_vs_P4,False,False,SEC,ACC,,,25_plus,minus_15_to_25,True,neutral,fav_14_plus,team_has_rp_edge
2024,3,2024-09-14T16:45:00.000Z,401628357,Boston College,Missouri,Underdog,15.166666666666666,W,9.166666666666666,2.5,-1.0,22.0,-26.0,neutral,ACC,SEC,P4,P4,P4_vs_P4,False,False,ACC,SEC,,,15_to_25,minus_25,True,neutral,dog_14_plus,opponent_has_rp_edge
2024,3,2024-09-14T19:30:00.000Z,401635547,West Virginia,Pittsburgh,Favorite,-2.0,L,-6.0,-4.0,6.0,27.0,-13.0,5_to_15,Big 12,ACC,P4,P4,P4_vs_P4,False,False,Big 12,ACC,,,25_plus,minus_5_to_15,True,5_to_15,pick_to_3,team_has_rp_edge
2024,3,2024-09-14T19:30:00.000Z,401628483,Oregon,Oregon State,Favorite,-17.666666666666668,W,17.333333333333332,-2.5,29.0,42.0,16.0,25_plus,,,,,,,,,,,,25_plus,15_to_25,True,25_plus,fav_14_plus,team_has_rp_edge
2024,3,2024-09-14T20:00:00.000Z,401628477,Iowa,Troy,Favorite,-23.333333333333332,L,-6.333333333333332,0.0,33.0,51.0,16.0,25_plus,Big Ten,Sun Belt,P4,G6,P4_vs_G6,False,False,Big Ten,Sun Belt,,,25_plus,15_to_25,True,25_plus,fav_14_plus,team_has_rp_edge
2024,3,2024-09-14T20:15:00.000Z,401628351,UAB,Arkansas,Underdog,23.666666666666668,W,13.666666666666668,0.0,20.0,40.0,2.0,15_to_25,American,SEC,G6,P4,G6_vs_P4,False,False,American,SEC,,,25_plus,neutral,True,15_to_25,dog_14_plus,team_has_rp_edge
2024,3,2024-09-14T22:00:00.000Z,401635548,Virginia Tech,Old Dominion,Favorite,-15.333333333333334,W,4.666666666666666,0.0,16.0,39.0,-8.0,15_to_25,ACC,Sun Belt,P4,G6,P4_vs_G6,False,False,ACC,Sun Belt,,,25_plus,minus_5_to_15,True,15_to_25,fav_14_plus,team_has_rp_edge
2024,3,2024-09-14T23:00:00.000Z,401643789,South Florida,Southern Miss,Favorite,-11.666666666666666,W,13.333333333333334,0.0,16.0,24.0,9.0,15_to_25,American,Sun Belt,G6,G6,G6_vs_G6,False,False,American,Sun Belt,,,15_to_25,5_to_15,True,15_to_25,fav_7_14,team_has_rp_edge
2024,3,2024-09-14T23:00:00.000Z,401641024,Western Kentucky,Middle Tennessee,Favorite,-8.5,W,19.5,0.0,16.0,27.0,7.0,15_to_25,Conference USA,Conference USA,G6,G6,G6_vs_G6,False,False,Conference USA,Conference USA,,,25_plus,5_to_15,True,15_to_25,fav_7_14,team_has_rp_edge
2024,3,2024-09-14T23:00:00.000Z,401628361,Texas,UTSA,Favorite,-35.5,W,13.5,0.0,25.0,35.0,15.0,25_plus,SEC,American,P4,G6,P4_vs_G6,True,False,Big 12,American,0.0,,25_plus,15_to_25,True,25_plus,fav_14_plus,team_has_rp_edge
2024,3,2024-09-14T23:30:00.000Z,401628354,Georgia,Kentucky,Favorite,-22.5,L,-21.5,-1.5,16.0,24.0,10.0,15_to_25,SEC,SEC,P4,P4,P4_vs_P4,False,False,SEC,SEC,,,15_to_25,5_to_15,True,15_to_25,fav_14_plus,team_has_rp_edge
2024,3,2024-09-14T23:30:00.000Z,401636860,Baylor,Air Force,Favorite,-16.666666666666668,W,11.333333333333332,0.0,41.0,48.0,34.0,25_plus,Big 12,Mountain West,P4,G6,P4_vs_G6,False,False,Big 12,Mountain West,,,25_plus,25_plus,True,25_plus,fav_14_plus,team_has_rp_edge
2024,3,2024-09-14T23:30:00.000Z,401628352,Auburn,New Mexico,Favorite,-25.833333333333332,W,0.1666666666666678,-4.0,25.0,20.0,29.0,25_plus,SEC,Mountain West,P4,G6,P4_vs_G6,False,False,SEC,Mountain West,,,15_to_25,25_plus,True,25_plus,fav_14_plus,team_has_rp_edge
2024,3,2024-09-15T00:00:00.000Z,401628478,Virginia,Maryland,Favorite,-1.1666666666666667,L,-15.166666666666666,0.0,31.0,34.0,28.0,25_plus,ACC,Big Ten,P4,P4,P4_vs_P4,False,False,ACC,Big Ten,,,25_plus,25_plus,True,25_plus,pick_to_3,team_has_rp_edge
2024,3,2024-09-15T02:30:00.000Z,401635541,California,San Diego State,Favorite,-18.666666666666668,W,2.333333333333332,0.0,27.0,36.0,17.0,25_plus,ACC,Mountain West,P4,G6,P4_vs_G6,True,False,Pac-12,Mountain West,0.0,,25_plus,15_to_25,True,25_plus,fav_14_plus,team_has_rp_edge
2024,4,2024-09-21T16:00:00.000Z,401643791,Louisiana,Tulane,Underdog,1.5,L,-6.5,,23.0,20.0,26.0,15_to_25,Sun Belt,American,G6,G6,G6_vs_G6,False,False,Sun Belt,American,,,15_to_25,25_plus,True,15_to_25,pick_to_3,team_has_rp_edge
2024,4,2024-09-21T16:00:00.000Z,401636879,West Virginia,Kansas,Favorite,-1.3333333333333333,W,2.666666666666667,,11.0,33.0,-10.0,5_to_15,Big 12,Big 12,P4,P4,P4_vs_P4,False,False,Big 12,Big 12,,,25_plus,minus_5_to_15,True,5_to_15,pick_to_3,team_has_rp_edge
2024,4,2024-09-21T16:00:00.000Z,401645328,Rice,Army,Underdog,7.333333333333333,L,-15.666666666666668,,26.0,25.0,26.0,25_plus,American,American,G6,G6,G6_vs_G6,False,True,American,Independent,,0.0,25_plus,25_plus,True,25_plus,dog_3_7,team_has_rp_edge
2024,4,2024-09-21T18:00:00.000Z,401635558,Virginia,Coastal Carolina,Favorite,-3.5,W,15.5,0.5,31.0,39.0,24.0,25_plus,ACC,Sun Belt,P4,G6,P4_vs_G6,False,False,ACC,Sun Belt,,,25_plus,15_to_25,True,25_plus,fav_3_7,team_has_rp_edge
2024,4,2024-09-21T19:30:00.000Z,401628363,Auburn,Arkansas,Favorite,-2.5,L,-12.5,-1.0,19.0,33.0,5.0,15_to_25,SEC,SEC,P4,P4,P4_vs_P4,False,False,SEC,SEC,,,25_plus,5_to_15,True,15_to_25,pick_to_3,team_has_rp_edge
2024,4,2024-09-21T20:00:00.000Z,401635553,Duke,Middle Tennessee,Favorite,-14.666666666666666,W,13.333333333333334,0.5,10.0,21.0,0.0,5_to_15,ACC,Conference USA,P4,G6,P4_vs_G6,False,False,ACC,Conference USA,,,15_to_25,neutral,True,5_to_15,fav_14_plus,team_has_rp_edge
2024,4,2024-09-21T22:00:00.000Z,401640991,East Carolina,Liberty,Underdog,7.5,L,-3.5,0.0,5.0,20.0,-11.0,5_to_15,American,Conference USA,G6,G6,G6_vs_G6,False,False,American,Conference USA,,,15_to_25,minus_5_to_15,True,5_to_15,dog_7_14,team_has_rp_edge
2024,4,2024-09-21T23:00:00.000Z,401635555,South Florida,Miami,Underdog,16.333333333333332,L,-18.666666666666668,2.0,6.0,34.0,-21.0,5_to_15,American,ACC,G6,P4,G6_vs_P4,False,False,American,ACC,,,25_plus,minus_15_to_25,True,5_to_15,dog_14_plus,team_has_rp_edge
2024,4,2024-09-21T23:00:00.000Z,401635555,Miami,South Florida,Favorite,-16.333333333333332,W,18.666666666666668,-2.0,-6.0,21.0,-34.0,minus_5_to_15,ACC,American,P4,G6,P4_vs_G6,False,False,ACC,American,,,15_to_25,minus_25,True,5_to_15,fav_14_plus,opponent_has_rp_edge
2024,4,2024-09-21T23:00:00.000Z,401641034,Sam Houston,New Mexico State,Favorite,-15.0,W,5.0,0.5,16.0,28.0,3.0,15_to_25,Conference USA,Conference USA,G6,G6,G6_vs_G6,False,False,Conference USA,Conference USA,,,25_plus,neutral,True,15_to_25,fav_14_plus,team_has_rp_edge
2024,4,2024-09-21T23:30:00.000Z,401628372,Texas A&M,Bowling Green,Favorite,-21.166666666666668,L,-15.166666666666668,-2.0,24.0,32.0,15.0,15_to_25,SEC,MAC,P4,G6,P4_vs_G6,False,False,SEC,MAC,,,25_plus,15_to_25,True,15_to_25,fav_14_plus,team_has_rp_edge
2024,4,2024-09-22T00:00:00.000Z,401628371,Texas,UL Monroe,Favorite,-43.0,W,5.0,-3.5,30.0,33.0,27.0,25_plus,SEC,Sun Belt,P4,G6,P4_vs_G6,True,False,Big 12,Sun Belt,0.0,,25_plus,25_plus,True,25_plus,fav_14_plus,team_has_rp_edge
2024,4,2024-09-22T00:30:00.000Z,401643717,Purdue,Oregon State,Underdog,1.8333333333333333,L,-15.166666666666666,4.0,11.0,30.0,-8.0,5_to_15,,,,,,,,,,,,25_plus,minus_5_to_15,True,5_to_15,pick_to_3,team_has_rp_edge
2025,1,2025-08-23T23:00:00.000Z,401757218,Sam Houston,Western Kentucky,Underdog,9.833333333333334,L,-7.166666666666666,-2.5,6.0,27.0,-16.0,5_to_15,Conference USA,Conference USA,G6,G6,G6_vs_G6,False,False,Conference USA,Conference USA,,,25_plus,minus_15_to_25,True,5_to_15,dog_7_14,team_has_rp_edge
2025,1,2025-08-28T23:00:00.000Z,401762789,Wyoming,Akron,Favorite,-6.0,W,4.0,-4.5,15.0,41.0,-12.0,15_to_25,Mountain West,MAC,G6,G6,G6_vs_G6,False,False,Mountain West,MAC,,,25_plus,minus_5_to_15,True,15_to_25,fav_3_7,team_has_rp_edge
2025,1,2025-08-28T23:00:00.000Z,401756848,UCF,Jacksonville State,Favorite,-19.166666666666668,L,-12.166666666666668,4.0,17.0,22.0,11.0,15_to_25,Big 12,Conference USA,P4,G6,P4_vs_G6,False,False,Big 12,Conference USA,,,15_to_25,5_to_15,True,15_to_25,fav_14_plus,team_has_rp_edge
2025,1,2025-08-30T01:30:00.000Z,401757224,Sam Houston,UNLV,Underdog,10.333333333333334,L,-6.666666666666666,4.5,8.0,30.0,-14.0,5_to_15,Conference USA,Mountain West,G6,G6,G6_vs_G6,False,False,Conference USA,Mountain West,,,25_plus,minus_5_to_15,True,5_to_15,dog_7_14,team_has_rp_edge
2025,1,2025-08-30T19:30:00.000Z,401752807,Penn State,Nevada,Favorite,-44.166666666666664,L,-9.166666666666664,0.0,34.0,46.0,20.0,25_plus,Big Ten,Mountain West,P4,G6,P4_vs_G6,False,False,Big Ten,Mountain West,,,25_plus,15_to_25,True,25_plus,fav_14_plus,team_has_rp_edge
2025,1,2025-08-30T22:00:00.000Z,401754616,Virginia,Coastal Carolina,Favorite,-13.166666666666666,W,27.833333333333336,1.0,14.0,29.0,-1.0,5_to_15,ACC,Sun Belt,P4,G6,P4_vs_G6,False,False,ACC,Sun Belt,,,25_plus,neutral,True,5_to_15,fav_7_14,team_has_rp_edge
2025,1,2025-08-30T23:00:00.000Z,401752678,Texas A&M,UTSA,Favorite,-23.0,L,-5.0,3.0,8.0,21.0,-4.0,5_to_15,SEC,American,P4,G6,P4_vs_G6,False,False,SEC,American,,,15_to_25,neutral,True,5_to_15,fav_14_plus,team_has_rp_edge
2025,1,2025-08-30T23:30:00.000Z,401752671,Clemson,LSU,Favorite,-4.833333333333333,L,-11.833333333333332,3.0,19.0,27.0,10.0,15_to_25,ACC,SEC,P4,P4,P4_vs_P4,False,False,ACC,SEC,,,25_plus,5_to_15,True,15_to_25,fav_3_7,team_has_rp_edge
2025,1,2025-08-30T23:30:00.000Z,401752808,Michigan,New Mexico,Favorite,-35.166666666666664,L,-18.166666666666664,0.0,37.0,38.0,35.0,25_plus,Big Ten,Mountain West,P4,G6,P4_vs_G6,False,False,Big Ten,Mountain West,,,25_plus,25_plus,True,25_plus,fav_14_plus,team_has_rp_edge
2025,1,2025-08-31T03:00:00.000Z,401752800,Utah,UCLA,Favorite,-6.5,W,26.5,3.5,18.0,39.0,-2.0,15_to_25,Big 12,Big Ten,P4,P4,P4_vs_P4,False,False,Big 12,Big Ten,,,25_plus,neutral,True,15_to_25,fav_3_7,team_has_rp_edge
2025,2,2025-09-06T16:00:00.000Z,401754525,Baylor,SMU,Underdog,2.75,W,5.75,2.0,15.0,21.0,9.0,15_to_25,Big 12,ACC,P4,P4,P4_vs_P4,False,False,Big 12,ACC,,,15_to_25,5_to_15,True,15_to_25,pick_to_3,team_has_rp_edge
2025,2,2025-09-06T16:00:00.000Z,401752825,Illinois,Duke,Favorite,-2.5,W,23.5,0.0,18.0,22.0,15.0,15_to_25,Big Ten,ACC,P4,P4,P4_vs_P4,False,False,Big Ten,ACC,,,15_to_25,15_to_25,True,15_to_25,pick_to_3,team_has_rp_edge
2025,2,2025-09-06T16:00:00.000Z,401757227,Liberty,Jacksonville State,Favorite,-6.25,L,-16.25,1.0,38.0,42.0,35.0,25_plus,Conference USA,Conference USA,G6,G6,G6_vs_G6,False,False,Conference USA,Conference USA,,,25_plus,25_plus,True,25_plus,fav_3_7,team_has_rp_edge
2025,2,2025-09-06T19:30:00.000Z,401752818,Rutgers,Miami (OH),Favorite,-15.5,W,12.5,2.0,39.0,31.0,47.0,25_plus,Big Ten,MAC,P4,G6,P4_vs_G6,False,False,Big Ten,MAC,,,25_plus,25_plus,True,25_plus,fav_14_plus,team_has_rp_edge
2025,2,2025-09-06T19:30:00.000Z,401756880,Cincinnati,Bowling Green,Favorite,-22.0,L,-8.0,4.5,30.0,35.0,26.0,25_plus,Big 12,MAC,P4,G6,P4_vs_G6,False,False,Big 12,MAC,,,25_plus,25_plus,True,25_plus,fav_14_plus,team_has_rp_edge
2025,2,2025-09-06T19:30:00.000Z,401762458,Navy,UAB,Favorite,-21.5,L,-7.5,1.0,24.0,33.0,14.0,15_to_25,American,American,G6,G6,G6_vs_G6,False,False,American,American,,,25_plus,5_to_15,True,15_to_25,fav_14_plus,team_has_rp_edge
2025,2,2025-09-06T23:00:00.000Z,401757232,Toledo,Western Kentucky,Favorite,-8.0,W,16.0,1.0,26.0,42.0,10.0,25_plus,MAC,Conference USA,G6,G6,G6_vs_G6,False,False,MAC,Conference USA,,,25_plus,5_to_15,True,25_plus,fav_7_14,team_has_rp_edge
2025,2,2025-09-06T23:30:00.000Z,401752687,LSU,Louisiana Tech,Favorite,-36.5,L,-20.5,4.0,14.0,20.0,9.0,5_to_15,SEC,Conference USA,P4,G6,P4_vs_G6,False,False,SEC,Conference USA,,,15_to_25,5_to_15,True,5_to_15,fav_14_plus,team_has_rp_edge
2025,2,2025-09-06T23:30:00.000Z,401752810,Nebraska,Akron,Favorite,-33.75,W,34.25,0.0,11.0,30.0,-7.0,5_to_15,Big Ten,MAC,P4,G6,P4_vs_G6,False,False,Big Ten,MAC,,,25_plus,minus_5_to_15,True,5_to_15,fav_14_plus,team_has_rp_edge
2025,2,2025-09-07T00:00:00.000Z,401752823,UCLA,UNLV,Favorite,-2.5,L,-9.5,0.0,11.0,23.0,-1.0,5_to_15,Big Ten,Mountain West,P4,G6,P4_vs_G6,False,False,Big Ten,Mountain West,,,15_to_25,neutral,True,5_to_15,pick_to_3,team_has_rp_edge
2025,2,2025-09-07T03:59:00.000Z,401757230,Hawai'i,Sam Houston,Favorite,-7.25,W,9.75,0.0,18.0,38.0,-2.0,15_to_25,Mountain West,Conference USA,G6,G6,G6_vs_G6,False,False,Mountain West,Conference USA,,,25_plus,neutral,True,15_to_25,fav_3_7,team_has_rp_edge
2025,3,2025-09-13T02:00:00.000Z,401752837,UCLA,New Mexico,Favorite,-15.5,L,-40.5,0.5,16.0,28.0,4.0,15_to_25,Big Ten,Mountain West,P4,G6,P4_vs_G6,False,False,Big Ten,Mountain West,,,25_plus,neutral,True,15_to_25,fav_14_plus,team_has_rp_edge
2025,3,2025-09-13T16:00:00.000Z,401754623,Clemson,Georgia Tech,Favorite,-2.8333333333333335,L,-5.833333333333334,-3.5,17.0,21.0,11.0,15_to_25,ACC,ACC,P4,P4,P4_vs_P4,False,False,ACC,ACC,,,15_to_25,5_to_15,True,15_to_25,pick_to_3,team_has_rp_edge
2025,3,2025-09-13T16:00:00.000Z,401761608,Troy,Memphis,Underdog,4.5,L,-16.5,,27.0,31.0,23.0,25_plus,Sun Belt,American,G6,G6,G6_vs_G6,False,False,Sun Belt,American,,,25_plus,15_to_25,True,25_plus,dog_3_7,team_has_rp_edge
2025,3,2025-09-13T16:00:00.000Z,401752703,Oklahoma,Temple,Favorite,-23.833333333333332,W,15.166666666666668,-1.0,18.0,35.0,1.0,15_to_25,SEC,American,P4,G6,P4_vs_G6,False,False,SEC,American,,,25_plus,neutral,True,15_to_25,fav_14_plus,team_has_rp_edge
2025,3,2025-09-13T21:00:00.000Z,401757256,Liberty,Bowling Green,Favorite,-6.0,L,-16.0,-1.0,28.0,31.0,27.0,25_plus,Conference USA,MAC,G6,G6,G6_vs_G6,False,False,Conference USA,MAC,,,25_plus,25_plus,True,25_plus,fav_3_7,team_has_rp_edge
2025,3,2025-09-13T21:00:00.000Z,401757258,Middle Tennessee,Nevada,Underdog,9.333333333333334,W,10.333333333333334,0.0,27.0,32.0,22.0,25_plus,Conference USA,Mountain West,G6,G6,G6_vs_G6,False,False,Conference USA,Mountain West,,,25_plus,15_to_25,True,25_plus,dog_7_14,team_has_rp_edge
2025,3,2025-09-13T23:00:00.000Z,401752829,Illinois,Western Michigan,Favorite,-27.5,W,10.5,-1.0,39.0,29.0,51.0,25_plus,Big Ten,MAC,P4,G6,P4_vs_G6,False,False,Big Ten,MAC,,,25_plus,25_plus,True,25_plus,fav_14_plus,team_has_rp_edge
2025,3,2025-09-13T23:00:00.000Z,401752700,Arkansas,Ole Miss,Underdog,3.8333333333333335,L,-2.1666666666666665,4.0,15.0,20.0,10.0,15_to_25,SEC,SEC,P4,P4,P4_vs_P4,False,False,SEC,SEC,,,15_to_25,5_to_15,True,15_to_25,dog_3_7,team_has_rp_edge
2025,3,2025-09-13T23:30:00.000Z,401761604,Coastal Carolina,East Carolina,Underdog,7.166666666666667,L,-30.833333333333332,-1.0,3.0,32.0,-26.0,neutral,Sun Belt,American,G6,G6,G6_vs_G6,False,False,Sun Belt,American,,,25_plus,minus_25,True,neutral,dog_3_7,team_has_rp_edge
2025,3,2025-09-13T23:30:00.000Z,401761604,East Carolina,Coastal Carolina,Favorite,-7.166666666666667,W,30.833333333333332,1.0,-3.0,26.0,-32.0,neutral,American,Sun Belt,G6,G6,G6_vs_G6,False,False,American,Sun Belt,,,25_plus,minus_25,True,neutral,fav_3_7,opponent_has_rp_edge
2025,3,2025-09-13T23:30:00.000Z,401757257,New Mexico State,Louisiana Tech,Underdog,10.166666666666666,L,-24.833333333333336,2.0,17.0,24.0,11.0,15_to_25,Conference USA,Conference USA,G6,G6,G6_vs_G6,False,False,Conference USA,Conference USA,,,15_to_25,5_to_15,True,15_to_25,dog_7_14,team_has_rp_edge
2025,3,2025-09-14T00:00:00.000Z,401756895,Wyoming,Utah,Underdog,24.5,L,-0.5,-2.0,3.0,28.0,-24.0,neutral,Mountain West,Big 12,G6,P4,G6_vs_P4,False,False,Mountain West,Big 12,,,25_plus,minus_15_to_25,True,neutral,dog_14_plus,team_has_rp_edge
2025,3,2025-09-14T00:00:00.000Z,401756895,Utah,Wyoming,Favorite,-24.5,W,0.5,2.0,-3.0,24.0,-28.0,neutral,Big 12,Mountain West,P4,G6,P4_vs_G6,False,False,Big 12,Mountain West,,,15_to_25,minus_25,True,neutral,fav_14_plus,opponent_has_rp_edge
2025,3,2025-09-14T00:00:00.000Z,401762465,Navy,Tulsa,Favorite,-13.666666666666666,W,5.333333333333334,-1.0,16.0,21.0,10.0,15_to_25,American,American,G6,G6,G6_vs_G6,False,False,American,American,,,15_to_25,5_to_15,True,15_to_25,fav_7_14,team_has_rp_edge
2025,3,2025-09-14T00:30:00.000Z,401762463,Akron,UAB,Underdog,12.666666666666666,W,9.666666666666666,-2.0,10.0,20.0,0.0,5_to_15,MAC,American,G6,G6,G6_vs_G6,False,False,MAC,American,,,15_to_25,neutral,True,5_to_15,dog_7_14,team_has_rp_edge
2025,4,2025-09-20T00:00:00.000Z,401752844,Rutgers,Iowa,Underdog,2.3333333333333335,L,-7.666666666666666,0.0,14.0,32.0,-5.0,5_to_15,Big Ten,Big Ten,P4,P4,P4_vs_P4,False,False,Big Ten,Big Ten,,,25_plus,minus_5_to_15,True,5_to_15,pick_to_3,team_has_rp_edge
2025,4,2025-09-20T16:00:00.000Z,401754537,Clemson,Syracuse,Favorite,-17.5,L,-30.5,1.0,31.0,24.0,38.0,25_plus,ACC,ACC,P4,P4,P4_vs_P4,False,False,ACC,ACC,,,15_to_25,25_plus,True,25_plus,fav_14_plus,team_has_rp_edge
2025,4,2025-09-20T16:00:00.000Z,401752708,Arkansas,Memphis,Favorite,-7.166666666666667,L,-8.166666666666668,0.5,18.0,32.0,4.0,15_to_25,SEC,American,P4,G6,P4_vs_G6,False,False,SEC,American,,,25_plus,neutral,True,15_to_25,fav_3_7,team_has_rp_edge
2025,4,2025-09-20T16:00:00.000Z,401754642,Louisville,Bowling Green,Favorite,-26.166666666666668,L,-3.166666666666668,-2.0,20.0,28.0,12.0,15_to_25,ACC,MAC,P4,G6,P4_vs_G6,False,False,ACC,MAC,,,25_plus,5_to_15,True,15_to_25,fav_14_plus,team_has_rp_edge
2025,4,2025-09-20T19:30:00.000Z,401762820,Toledo,Western Michigan,Favorite,-12.666666666666666,L,-13.666666666666666,-2.0,23.0,26.0,22.0,15_to_25,MAC,MAC,G6,G6,G6_vs_G6,False,False,MAC,MAC,,,25_plus,15_to_25,True,15_to_25,fav_7_14,team_has_rp_edge
2025,4,2025-09-20T20:30:00.000Z,401754542,Georgia Tech,Temple,Favorite,-24.5,L,-3.5,1.0,13.0,21.0,6.0,5_to_15,ACC,American,P4,G6,P4_vs_G6,False,False,ACC,American,,,15_to_25,5_to_15,True,5_to_15,fav_14_plus,team_has_rp_edge
2025,4,2025-09-20T23:00:00.000Z,401757264,Middle Tennessee,Marshall,Underdog,2.5,L,-11.5,1.0,24.0,25.0,24.0,15_to_25,Conference USA,Sun Belt,G6,G6,G6_vs_G6,False,False,Conference USA,Sun Belt,,,25_plus,15_to_25,True,15_to_25,pick_to_3,team_has_rp_edge
2025,4,2025-09-20T23:00:00.000Z,401761611,South Alabama,Coastal Carolina,Favorite,-14.666666666666666,L,-32.666666666666664,0.0,10.0,32.0,-12.0,5_to_15,Sun Belt,Sun Belt,G6,G6,G6_vs_G6,False,False,Sun Belt,Sun Belt,,,25_plus,minus_5_to_15,True,5_to_15,fav_14_plus,team_has_rp_edge
2025,4,2025-09-20T23:00:00.000Z,401760372,Boise State,Air Force,Favorite,-11.0,W,1.0,3.0,13.0,32.0,-4.0,5_to_15,Mountain West,Mountain West,G6,G6,G6_vs_G6,False,False,Mountain West,Mountain West,,,25_plus,neutral,True,5_to_15,fav_7_14,team_has_rp_edge
2025,4,2025-09-20T23:30:00.000Z,401752842,Washington,Washington State,Favorite,-20.833333333333332,W,14.166666666666668,0.0,25.0,22.0,26.0,25_plus,,,,,,,,,,,,15_to_25,25_plus,True,25_plus,fav_14_plus,team_has_rp_edge
2025,4,2025-09-20T23:30:00.000Z,401757263,Southern Miss,Louisiana Tech,Underdog,3.1666666666666665,L,-6.833333333333334,-1.0,7.0,28.0,-13.0,5_to_15,Sun Belt,Conference USA,G6,G6,G6_vs_G6,False,False,Sun Belt,Conference USA,,,25_plus,minus_5_to_15,True,5_to_15,pick_to_3,team_has_rp_edge
2025,4,2025-09-20T23:30:00.000Z,401756898,BYU,East Carolina,Favorite,-6.166666666666667,W,14.833333333333332,-2.0,17.0,38.0,-4.0,15_to_25,Big 12,American,P4,G6,P4_vs_G6,False,False,Big 12,American,,,25_plus,neutral,True,15_to_25,fav_3_7,team_has_rp_edge
2025,4,2025-09-21T02:15:00.000Z,401756897,Wyoming,Colorado,Underdog,12.333333333333334,L,-4.666666666666666,1.0,14.0,24.0,4.0,5_to_15,Mountain West,Big 12,G6,P4,G6_vs_P4,False,False,Mountain West,Big 12,,,15_to_25,neutral,True,5_to_15,dog_7_14,team_has_rp_edge
2023,1,2023-08-26T23:00:00.000Z,401532392,San Diego State,Ohio,Favorite,-2.9,W,4.1,,4.0,45.0,-38.0,neutral,Mountain West,MAC,G6,G6,G6_vs_G6,False,False,Mountain West,MAC,,,25_plus,minus_25,True,neutral,pick_to_3,team_has_rp_edge
2023,1,2023-08-26T23:00:00.000Z,401532392,Ohio,San Diego State,Underdog,2.9,L,-4.1,,-4.0,38.0,-45.0,neutral,MAC,Mountain West,G6,G6,G6_vs_G6,False,False,MAC,Mountain West,,,25_plus,minus_25,True,neutral,pick_to_3,opponent_has_rp_edge
2023,1,2023-09-01T00:00:00.000Z,401520176,Utah,Florida,Favorite,-6.3,W,6.7,,22.0,30.0,14.0,15_to_25,,,,,,,,,,,,25_plus,5_to_15,True,15_to_25,fav_3_7,team_has_rp_edge
2023,1,2023-09-02T16:00:00.000Z,401520162,Michigan,East Carolina,Favorite,-35.4,L,-8.399999999999999,,47.0,45.0,48.0,25_plus,Big Ten,American,P4,G6,P4_vs_G6,False,False,Big Ten,American,,,25_plus,25_plus,True,25_plus,fav_14_plus,team_has_rp_edge
2023,1,2023-09-02T18:00:00.000Z,401531387,Temple,Akron,Favorite,-9.875,L,-6.875,,14.0,31.0,-2.0,5_to_15,American,MAC,G6,G6,G6_vs_G6,False,False,American,MAC,,,25_plus,neutral,True,5_to_15,fav_7_14,team_has_rp_edge
2023,1,2023-09-02T19:30:00.000Z,401520180,Wisconsin,Buffalo,Favorite,-27.0,L,-6.0,,19.0,26.0,11.0,15_to_25,Big Ten,MAC,P4,G6,P4_vs_G6,False,False,Big Ten,MAC,,,25_plus,5_to_15,True,15_to_25,fav_14_plus,team_has_rp_edge
2023,1,2023-09-02T23:00:00.000Z,401525819,Houston,UTSA,Underdog,1.5,W,4.5,,8.0,29.0,-13.0,5_to_15,Big 12,American,P4,G6,P4_vs_G6,True,True,American,Conference USA,0.0,0.0,25_plus,minus_5_to_15,True,5_to_15,pick_to_3,team_has_rp_edge
2023,1,2023-09-02T23:00:00.000Z,401520173,Texas A&M,New Mexico,Favorite,-37.875,W,4.125,,16.0,33.0,-1.0,15_to_25,SEC,Mountain West,P4,G6,P4_vs_G6,False,False,SEC,Mountain West,,,25_plus,neutral,True,15_to_25,fav_14_plus,team_has_rp_edge
2023,1,2023-09-02T23:30:00.000Z,401525825,Wyoming,Texas Tech,Underdog,13.6,W,15.6,,19.0,30.0,9.0,15_to_25,Mountain West,Big 12,G6,P4,G6_vs_P4,False,False,Mountain West,Big 12,,,25_plus,5_to_15,True,15_to_25,dog_7_14,team_has_rp_edge
2023,1,2023-09-03T00:00:00.000Z,401525467,Virginia Tech,Old Dominion,Favorite,-15.75,W,3.25,,12.0,27.0,-4.0,5_to_15,ACC,Sun Belt,P4,G6,P4_vs_G6,False,False,ACC,Sun Belt,,,25_plus,neutral,True,5_to_15,fav_14_plus,team_has_rp_edge
2023,2,2023-09-08T23:30:00.000Z,401520195,Kansas,Illinois,Favorite,-3.6666666666666665,W,7.333333333333334,,22.0,29.0,16.0,15_to_25,Big 12,Big Ten,P4,P4,P4_vs_P4,False,False,Big 12,Big Ten,,,25_plus,15_to_25,True,15_to_25,fav_3_7,team_has_rp_edge
2023,2,2023-09-09T16:00:00.000Z,401523999,Utah,Baylor,Favorite,-7.0,P,0.0,,21.0,32.0,9.0,15_to_25,,,,,,,,,,,,25_plus,5_to_15,True,15_to_25,fav_3_7,team_has_rp_edge
2023,2,2023-09-09T19:30:00.000Z,401525497,Syracuse,Western Michigan,Favorite,-24.666666666666668,W,16.333333333333332,,24.0,42.0,5.0,15_to_25,ACC,MAC,P4,G6,P4_vs_G6,False,False,ACC,MAC,,,25_plus,5_to_15,True,15_to_25,fav_14_plus,team_has_rp_edge
2023,2,2023-09-09T20:00:00.000Z,401531411,Marshall,East Carolina,Favorite,-2.8333333333333335,W,15.166666666666666,,27.0,26.0,28.0,25_plus,Sun Belt,American,G6,G6,G6_vs_G6,False,False,Sun Belt,American,,,25_plus,25_plus,True,25_plus,pick_to_3,team_has_rp_edge
2023,2,2023-09-09T21:00:00.000Z,401524004,Washington,Tulsa,Favorite,-33.666666666666664,L,-0.6666666666666643,,33.0,36.0,32.0,25_plus,,,,,,,,,,,,25_plus,25_plus,True,25_plus,fav_14_plus,team_has_rp_edge
2023,2,2023-09-09T22:00:00.000Z,401520198,New Mexico State,Liberty,Underdog,9.333333333333334,L,-6.666666666666666,,9.0,30.0,-12.0,5_to_15,Conference USA,Conference USA,G6,G6,G6_vs_G6,True,True,Independent,Independent,0.0,0.0,25_plus,minus_5_to_15,True,5_to_15,dog_7_14,team_has_rp_edge
2023,2,2023-09-09T22:00:00.000Z,401531842,Louisiana,Old Dominion,Favorite,-6.0,L,-13.0,,9.0,32.0,-15.0,5_to_15,Sun Belt,Sun Belt,G6,G6,G6_vs_G6,False,False,Sun Belt,Sun Belt,,,25_plus,minus_15_to_25,True,5_to_15,fav_3_7,team_has_rp_edge
2023,2,2023-09-09T23:00:00.000Z,401525831,Rice,Houston,Underdog,7.166666666666667,W,9.166666666666668,,13.0,29.0,-3.0,5_to_15,American,Big 12,G6,P4,G6_vs_P4,True,True,Conference USA,American,0.0,0.0,25_plus,neutral,True,5_to_15,dog_3_7,team_has_rp_edge
2023,2,2023-09-09T23:00:00.000Z,401520183,Texas,Alabama,Underdog,7.166666666666667,W,17.166666666666668,,34.0,47.0,20.0,25_plus,Big 12,SEC,P4,P4,P4_vs_P4,False,False,Big 12,SEC,,,25_plus,15_to_25,True,25_plus,dog_3_7,team_has_rp_edge
2023,2,2023-09-09T23:30:00.000Z,401520217,Wisconsin,Washington State,Favorite,-5.333333333333333,L,-14.333333333333332,,10.0,25.0,-5.0,5_to_15,,,,,,,,,,,,25_plus,minus_5_to_15,True,5_to_15,fav_3_7,team_has_rp_edge
2023,2,2023-09-10T00:30:00.000Z,401525493,Florida State,Southern Miss,Favorite,-31.0,W,22.0,,27.0,27.0,26.0,25_plus,ACC,Sun Belt,P4,G6,P4_vs_G6,False,False,ACC,Sun Belt,,,25_plus,25_plus,True,25_plus,fav_14_plus,team_has_rp_edge
2023,2,2023-09-10T02:30:00.000Z,401524003,USC,Stanford,Favorite,-28.666666666666668,W,17.333333333333332,,41.0,39.0,44.0,25_plus,,,,,,,,,,,,25_plus,25_plus,True,25_plus,fav_14_plus,team_has_rp_edge
2023,3,2023-09-16T19:30:00.000Z,401520227,Iowa,Western Michigan,Favorite,-28.5,W,2.5,,8.0,33.0,-18.0,5_to_15,Big Ten,MAC,P4,G6,P4_vs_G6,False,False,Big Ten,MAC,,,25_plus,minus_15_to_25,True,5_to_15,fav_14_plus,team_has_rp_edge
2023,3,2023-09-16T19:30:00.000Z,401524009,Oregon State,San Diego State,Favorite,-24.5,L,-7.5,,9.0,38.0,-19.0,5_to_15,,,,,,,,,,,,25_plus,minus_15_to_25,True,5_to_15,fav_14_plus,team_has_rp_edge
2023,3,2023-09-16T23:00:00.000Z,401531379,Louisiana,UAB,Underdog,2.0,W,22.0,,27.0,36.0,18.0,25_plus,Sun Belt,American,G6,G6,G6_vs_G6,False,True,Sun Belt,Conference USA,,0.0,25_plus,15_to_25,True,25_plus,pick_to_3,team_has_rp_edge
2023,3,2023-09-16T23:30:00.000Z,401520232,Michigan,Bowling Green,Favorite,-40.75,L,-15.75,,22.0,30.0,15.0,15_to_25,Big Ten,MAC,P4,G6,P4_vs_G6,False,False,Big Ten,MAC,,,25_plus,15_to_25,True,15_to_25,fav_14_plus,team_has_rp_edge
2023,3,2023-09-17T02:30:00.000Z,401525837,Kansas,Nevada,Favorite,-28.5,L,-21.5,,32.0,37.0,27.0,25_plus,Big 12,Mountain West,P4,G6,P4_vs_G6,False,False,Big 12,Mountain West,,,25_plus,25_plus,True,25_plus,fav_14_plus,team_has_rp_edge
2023,3,2023-09-17T03:00:00.000Z,401520219,UTEP,Arizona,Underdog,18.25,L,-2.75,,8.0,25.0,-9.0,5_to_15,,,,,,,,,,,,25_plus,minus_5_to_15,True,5_to_15,dog_14_plus,team_has_rp_edge
2023,4,2023-09-23T02:30:00.000Z,401532583,Boise State,San Diego State,Favorite,-5.833333333333333,L,-2.833333333333333,,11.0,38.0,-16.0,5_to_15,Mountain West,Mountain West,G6,G6,G6_vs_G6,False,False,Mountain West,Mountain West,,,25_plus,minus_15_to_25,True,5_to_15,fav_3_7,team_has_rp_edge
2023,4,2023-09-23T17:30:00.000Z,401532406,Toledo,Western Michigan,Favorite,-21.5,L,-3.5,,28.0,51.0,5.0,25_plus,MAC,MAC,G6,G6,G6_vs_G6,False,False,MAC,MAC,,,25_plus,5_to_15,True,25_plus,fav_14_plus,team_has_rp_edge
2023,4,2023-09-23T19:30:00.000Z,401525506,Boston College,Louisville,Underdog,13.833333333333334,L,-14.166666666666666,,22.0,28.0,18.0,15_to_25,ACC,ACC,P4,P4,P4_vs_P4,False,False,ACC,ACC,,,25_plus,15_to_25,True,15_to_25,dog_7_14,team_has_rp_edge
2023,4,2023-09-23T19:30:00.000Z,401520250,Ole Miss,Alabama,Underdog,7.0,L,-7.0,,31.0,42.0,19.0,25_plus,SEC,SEC,P4,P4,P4_vs_P4,False,False,SEC,SEC,,,25_plus,15_to_25,True,25_plus,dog_3_7,team_has_rp_edge
2023,4,2023-09-23T19:30:00.000Z,401532405,Bowling Green,Ohio,Underdog,13.0,L,-18.0,,7.0,37.0,-24.0,5_to_15,MAC,MAC,G6,G6,G6_vs_G6,False,False,MAC,MAC,,,25_plus,minus_15_to_25,True,5_to_15,dog_7_14,team_has_rp_edge
2023,4,2023-09-23T19:30:00.000Z,401520272,UConn,Duke,Underdog,22.166666666666668,L,-11.833333333333332,,9.0,29.0,-11.0,5_to_15,Independent,ACC,Independent,P4,Other,False,False,Independent,ACC,,,25_plus,minus_5_to_15,True,5_to_15,dog_14_plus,team_has_rp_edge
2023,4,2023-09-23T19:30:00.000Z,401525847,Kansas,BYU,Favorite,-9.333333333333334,W,1.666666666666666,,22.0,26.0,18.0,15_to_25,Big 12,Big 12,P4,P4,P4_vs_P4,False,True,Big 12,Independent,,0.0,25_plus,15_to_25,True,15_to_25,fav_7_14,team_has_rp_edge
2023,4,2023-09-23T23:00:00.000Z,401524016,Arizona,Stanford,Favorite,-12.833333333333334,L,-11.833333333333334,,22.0,36.0,8.0,15_to_25,,,,,,,,,,,,25_plus,5_to_15,True,15_to_25,fav_7_14,team_has_rp_edge
2023,4,2023-09-23T23:00:00.000Z,401520254,Sam Houston,Houston,Underdog,11.5,L,-19.5,,11.0,25.0,-2.0,5_to_15,Conference USA,Big 12,G6,P4,G6_vs_P4,False,True,,American,,0.0,25_plus,neutral,True,5_to_15,dog_7_14,team_has_rp_edge
2023,4,2023-09-23T23:00:00.000Z,401524019,Oregon State,Washington State,Favorite,-3.0,L,-6.0,,3.0,28.0,-21.0,neutral,,,,,,,,,,,,25_plus,minus_15_to_25,True,neutral,pick_to_3,team_has_rp_edge
2023,4,2023-09-23T23:00:00.000Z,401520258,LSU,Arkansas,Favorite,-17.666666666666668,L,-14.666666666666668,,17.0,30.0,2.0,15_to_25,SEC,SEC,P4,P4,P4_vs_P4,False,False,SEC,SEC,,,25_plus,neutral,True,15_to_25,fav_14_plus,team_has_rp_edge
2023,4,2023-09-23T23:30:00.000Z,401531875,Louisiana,Buffalo,Favorite,-10.333333333333334,L,-3.333333333333334,,13.0,29.0,-3.0,5_to_15,Sun Belt,MAC,G6,G6,G6_vs_G6,False,False,Sun Belt,MAC,,,25_plus,neutral,True,5_to_15,fav_7_14,team_has_rp_edge
2023,4,2023-09-23T23:30:00.000Z,401525844,Texas,Baylor,Favorite,-16.5,W,15.5,,19.0,34.0,3.0,15_to_25,Big 12,Big 12,P4,P4,P4_vs_P4,False,False,Big 12,Big 12,,,25_plus,neutral,True,15_to_25,fav_14_plus,team_has_rp_edge
2023,4,2023-09-24T03:59:00.000Z,401520253,New Mexico State,Hawai'i,Underdog,3.6666666666666665,W,0.6666666666666665,,17.0,28.0,6.0,15_to_25,Conference USA,Mountain West,G6,G6,G6_vs_G6,True,False,Independent,Mountain West,0.0,,25_plus,5_to_15,True,15_to_25,dog_3_7,team_has_rp_edge
2024,1,2024-08-30T00:00:00.000Z,401628448,Minnesota,North Carolina,Underdog,0.3333333333333333,L,-1.6666666666666667,,34.0,32.0,37.0,25_plus,Big Ten,ACC,P4,P4,P4_vs_P4,False,False,Big Ten,ACC,,,25_plus,25_plus,True,25_plus,pick_to_3,team_has_rp_edge
2024,1,2024-08-31T16:00:00.000Z,401628323,Georgia,Clemson,Favorite,-11.666666666666666,W,19.333333333333336,,1.0,27.0,-24.0,neutral,SEC,ACC,P4,P4,P4_vs_P4,False,False,SEC,ACC,,,25_plus,minus_15_to_25,True,neutral,fav_7_14,team_has_rp_edge
2024,1,2024-08-31T16:00:00.000Z,401628333,Virginia Tech,Vanderbilt,Favorite,-13.333333333333334,L,-20.333333333333336,,26.0,30.0,23.0,25_plus,ACC,SEC,P4,P4,P4_vs_P4,False,False,ACC,SEC,,,25_plus,15_to_25,True,25_plus,fav_7_14,team_has_rp_edge
2024,1,2024-08-31T19:30:00.000Z,401628454,Nebraska,UTEP,Favorite,-27.5,W,5.5,0.5,32.0,28.0,36.0,25_plus,Big Ten,Conference USA,P4,G6,P4_vs_G6,False,False,Big Ten,Conference USA,,,25_plus,25_plus,True,25_plus,fav_14_plus,team_has_rp_edge
2024,1,2024-08-31T19:30:00.000Z,401634304,Syracuse,Ohio,Favorite,-17.333333333333332,L,-1.333333333333332,,47.0,48.0,45.0,25_plus,ACC,MAC,P4,G6,P4_vs_G6,False,False,ACC,MAC,,,25_plus,25_plus,True,25_plus,fav_14_plus,team_has_rp_edge
2024,1,2024-08-31T23:00:00.000Z,401643701,Nevada,Troy,Underdog,10.166666666666666,W,12.166666666666666,,23.0,33.0,13.0,15_to_25,Mountain West,Sun Belt,G6,G6,G6_vs_G6,False,False,Mountain West,Sun Belt,,,25_plus,5_to_15,True,15_to_25,dog_7_14,team_has_rp_edge
2024,1,2024-08-31T23:00:00.000Z,401628319,Western Kentucky,Alabama,Underdog,34.166666666666664,L,-28.833333333333336,,17.0,26.0,8.0,15_to_25,Conference USA,SEC,G6,P4,G6_vs_P4,False,False,Conference USA,SEC,,,25_plus,5_to_15,True,15_to_25,dog_14_plus,team_has_rp_edge
2024,1,2024-09-01T00:00:00.000Z,401643774,Charlotte,James Madison,Underdog,7.0,L,-16.0,1.5,22.0,27.0,17.0,15_to_25,American,Sun Belt,G6,G6,G6_vs_G6,False,False,American,Sun Belt,,,25_plus,15_to_25,True,15_to_25,dog_3_7,team_has_rp_edge
2024,2,2024-09-07T16:00:00.000Z,401643784,Memphis,Troy,Favorite,-18.666666666666668,W,2.333333333333332,1.5,33.0,45.0,23.0,25_plus,American,Sun Belt,G6,G6,G6_vs_G6,False,False,American,Sun Belt,,,25_plus,15_to_25,True,25_plus,fav_14_plus,team_has_rp_edge
2024,2,2024-09-07T16:00:00.000Z,401628470,Penn State,Bowling Green,Favorite,-34.833333333333336,L,-27.833333333333336,3.0,22.0,29.0,14.0,15_to_25,Big Ten,MAC,P4,G6,P4_vs_G6,False,False,Big Ten,MAC,,,25_plus,5_to_15,True,15_to_25,fav_14_plus,team_has_rp_edge
2024,2,2024-09-07T16:00:00.000Z,401628347,Texas,Michigan,Favorite,-6.666666666666667,W,12.333333333333332,-1.0,34.0,27.0,42.0,25_plus,SEC,Big Ten,P4,P4,P4_vs_P4,True,False,Big 12,Big Ten,0.0,,25_plus,25_plus,True,25_plus,fav_3_7,team_has_rp_edge
2024,2,2024-09-07T16:00:00.000Z,401635534,Syracuse,Georgia Tech,Underdog,2.8333333333333335,W,5.833333333333334,-0.5,8.0,32.0,-16.0,5_to_15,ACC,ACC,P4,P4,P4_vs_P4,False,False,ACC,ACC,,,25_plus,minus_15_to_25,True,5_to_15,pick_to_3,team_has_rp_edge
2024,2,2024-09-07T19:30:00.000Z,401635537,Charlotte,North Carolina,Underdog,21.5,W,3.5,0.5,24.0,29.0,20.0,15_to_25,American,ACC,G6,P4,G6_vs_P4,False,False,American,ACC,,,25_plus,15_to_25,True,15_to_25,dog_14_plus,team_has_rp_edge
2024,2,2024-09-07T20:15:00.000Z,401628342,Ole Miss,Middle Tennessee,Favorite,-42.5,W,6.5,2.5,16.0,39.0,-5.0,15_to_25,SEC,Conference USA,P4,G6,P4_vs_G6,False,False,SEC,Conference USA,,,25_plus,minus_5_to_15,True,15_to_25,fav_14_plus,team_has_rp_edge
2024,2,2024-09-07T20:30:00.000Z,401635540,Virginia Tech,Marshall,Favorite,-20.666666666666668,L,-3.666666666666668,4.0,24.0,38.0,10.0,15_to_25,ACC,Sun Belt,P4,G6,P4_vs_G6,False,False,ACC,Sun Belt,,,25_plus,5_to_15,True,15_to_25,fav_14_plus,team_has_rp_edge
2024,2,2024-09-07T22:00:00.000Z,401643778,Old Dominion,East Carolina,Favorite,-1.6666666666666667,L,-7.666666666666667,-1.0,5.0,33.0,-21.0,5_to_15,Sun Belt,American,G6,G6,G6_vs_G6,False,False,Sun Belt,American,,,25_plus,minus_15_to_25,True,5_to_15,pick_to_3,team_has_rp_edge
2024,2,2024-09-07T23:00:00.000Z,401628335,South Florida,Alabama,Underdog,31.666666666666668,W,5.666666666666668,0.5,28.0,54.0,2.0,25_plus,American,SEC,G6,P4,G6_vs_P4,False,False,American,SEC,,,25_plus,neutral,True,25_plus,dog_14_plus,team_has_rp_edge
2024,2,2024-09-07T23:00:00.000Z,401628344,Missouri,Buffalo,Favorite,-33.666666666666664,W,4.333333333333336,-2.0,39.0,51.0,27.0,25_plus,SEC,MAC,P4,G6,P4_vs_G6,False,False,SEC,MAC,,,25_plus,25_plus,True,25_plus,fav_14_plus,team_has_rp_edge
2024,2,2024-09-07T23:00:00.000Z,401643780,UAB,UL Monroe,Favorite,-11.5,L,-37.5,-0.5,26.0,40.0,13.0,25_plus,American,Sun Belt,G6,G6,G6_vs_G6,False,False,American,Sun Belt,,,25_plus,5_to_15,True,25_plus,fav_7_14,team_has_rp_edge
2024,2,2024-09-08T02:15:00.000Z,401640989,Liberty,New Mexico State,Favorite,-22.166666666666668,L,-16.166666666666668,1.5,12.0,28.0,-4.0,5_to_15,Conference USA,Conference USA,G6,G6,G6_vs_G6,False,False,Conference USA,Conference USA,,,25_plus,neutral,True,5_to_15,fav_14_plus,team_has_rp_edge
2024,3,2024-09-14T16:00:00.000Z,401628350,Wisconsin,Alabama,Underdog,15.166666666666666,L,-16.833333333333336,-6.0,27.0,37.0,15.0,25_plus,Big Ten,SEC,P4,P4,P4_vs_P4,False,False,Big Ten,SEC,,,25_plus,15_to_25,True,25_plus,dog_14_plus,team_has_rp_edge
2024,3,2024-09-14T16:45:00.000Z,401628357,Missouri,Boston College,Favorite,-15.166666666666666,L,-9.166666666666666,-2.5,1.0,26.0,-22.0,neutral,SEC,ACC,P4,P4,P4_vs_P4,False,False,SEC,ACC,,,25_plus,minus_15_to_25,True,neutral,fav_14_plus,team_has_rp_edge
2024,3,2024-09-14T19:30:00.000Z,401635547,West Virginia,Pittsburgh,Favorite,-2.0,L,-6.0,-4.0,6.0,27.0,-13.0,5_to_15,Big 12,ACC,P4,P4,P4_vs_P4,False,False,Big 12,ACC,,,25_plus,minus_5_to_15,True,5_to_15,pick_to_3,team_has_rp_edge
2024,3,2024-09-14T19:30:00.000Z,401628483,Oregon,Oregon State,Favorite,-17.666666666666668,W,17.333333333333332,-2.5,29.0,42.0,16.0,25_plus,,,,,,,,,,,,25_plus,15_to_25,True,25_plus,fav_14_plus,team_has_rp_edge
2024,3,2024-09-14T20:00:00.000Z,401628477,Iowa,Troy,Favorite,-23.333333333333332,L,-6.333333333333332,0.0,33.0,51.0,16.0,25_plus,Big Ten,Sun Belt,P4,G6,P4_vs_G6,False,False,Big Ten,Sun Belt,,,25_plus,15_to_25,True,25_plus,fav_14_plus,team_has_rp_edge
2024,3,2024-09-14T20:15:00.000Z,401628351,UAB,Arkansas,Underdog,23.666666666666668,W,13.666666666666668,0.0,20.0,40.0,2.0,15_to_25,American,SEC,G6,P4,G6_vs_P4,False,False,American,SEC,,,25_plus,neutral,True,15_to_25,dog_14_plus,team_has_rp_edge
2024,3,2024-09-14T22:00:00.000Z,401635548,Virginia Tech,Old Dominion,Favorite,-15.333333333333334,W,4.666666666666666,0.0,16.0,39.0,-8.0,15_to_25,ACC,Sun Belt,P4,G6,P4_vs_G6,False,False,ACC,Sun Belt,,,25_plus,minus_5_to_15,True,15_to_25,fav_14_plus,team_has_rp_edge
2024,3,2024-09-14T23:00:00.000Z,401641024,Western Kentucky,Middle Tennessee,Favorite,-8.5,W,19.5,0.0,16.0,27.0,7.0,15_to_25,Conference USA,Conference USA,G6,G6,G6_vs_G6,False,False,Conference USA,Conference USA,,,25_plus,5_to_15,True,15_to_25,fav_7_14,team_has_rp_edge
2024,3,2024-09-14T23:00:00.000Z,401628361,Texas,UTSA,Favorite,-35.5,W,13.5,0.0,25.0,35.0,15.0,25_plus,SEC,American,P4,G6,P4_vs_G6,True,False,Big 12,American,0.0,,25_plus,15_to_25,True,25_plus,fav_14_plus,team_has_rp_edge
2024,3,2024-09-14T23:30:00.000Z,401636860,Baylor,Air Force,Favorite,-16.666666666666668,W,11.333333333333332,0.0,41.0,48.0,34.0,25_plus,Big 12,Mountain West,P4,G6,P4_vs_G6,False,False,Big 12,Mountain West,,,25_plus,25_plus,True,25_plus,fav_14_plus,team_has_rp_edge
2024,3,2024-09-15T00:00:00.000Z,401628478,Virginia,Maryland,Favorite,-1.1666666666666667,L,-15.166666666666666,0.0,31.0,34.0,28.0,25_plus,ACC,Big Ten,P4,P4,P4_vs_P4,False,False,ACC,Big Ten,,,25_plus,25_plus,True,25_plus,pick_to_3,team_has_rp_edge
2024,3,2024-09-15T02:30:00.000Z,401635541,California,San Diego State,Favorite,-18.666666666666668,W,2.333333333333332,0.0,27.0,36.0,17.0,25_plus,ACC,Mountain West,P4,G6,P4_vs_G6,True,False,Pac-12,Mountain West,0.0,,25_plus,15_to_25,True,25_plus,fav_14_plus,team_has_rp_edge
2024,4,2024-09-21T16:00:00.000Z,401636879,West Virginia,Kansas,Favorite,-1.3333333333333333,W,2.666666666666667,,11.0,33.0,-10.0,5_to_15,Big 12,Big 12,P4,P4,P4_vs_P4,False,False,Big 12,Big 12,,,25_plus,minus_5_to_15,True,5_to_15,pick_to_3,team_has_rp_edge
2024,4,2024-09-21T16:00:00.000Z,401645328,Rice,Army,Underdog,7.333333333333333,L,-15.666666666666668,,26.0,25.0,26.0,25_plus,American,American,G6,G6,G6_vs_G6,False,True,American,Independent,,0.0,25_plus,25_plus,True,25_plus,dog_3_7,team_has_rp_edge
2024,4,2024-09-21T18:00:00.000Z,401635558,Virginia,Coastal Carolina,Favorite,-3.5,W,15.5,0.5,31.0,39.0,24.0,25_plus,ACC,Sun Belt,P4,G6,P4_vs_G6,False,False,ACC,Sun Belt,,,25_plus,15_to_25,True,25_plus,fav_3_7,team_has_rp_edge
2024,4,2024-09-21T19:30:00.000Z,401628363,Auburn,Arkansas,Favorite,-2.5,L,-12.5,-1.0,19.0,33.0,5.0,15_to_25,SEC,SEC,P4,P4,P4_vs_P4,False,False,SEC,SEC,,,25_plus,5_to_15,True,15_to_25,pick_to_3,team_has_rp_edge
2024,4,2024-09-21T23:00:00.000Z,401635555,South Florida,Miami,Underdog,16.333333333333332,L,-18.666666666666668,2.0,6.0,34.0,-21.0,5_to_15,American,ACC,G6,P4,G6_vs_P4,False,False,American,ACC,,,25_plus,minus_15_to_25,True,5_to_15,dog_14_plus,team_has_rp_edge
2024,4,2024-09-21T23:00:00.000Z,401641034,Sam Houston,New Mexico State,Favorite,-15.0,W,5.0,0.5,16.0,28.0,3.0,15_to_25,Conference USA,Conference USA,G6,G6,G6_vs_G6,False,False,Conference USA,Conference USA,,,25_plus,neutral,True,15_to_25,fav_14_plus,team_has_rp_edge
2024,4,2024-09-21T23:30:00.000Z,401628372,Texas A&M,Bowling Green,Favorite,-21.166666666666668,L,-15.166666666666668,-2.0,24.0,32.0,15.0,15_to_25,SEC,MAC,P4,G6,P4_vs_G6,False,False,SEC,MAC,,,25_plus,15_to_25,True,15_to_25,fav_14_plus,team_has_rp_edge
2024,4,2024-09-22T00:00:00.000Z,401628371,Texas,UL Monroe,Favorite,-43.0,W,5.0,-3.5,30.0,33.0,27.0,25_plus,SEC,Sun Belt,P4,G6,P4_vs_G6,True,False,Big 12,Sun Belt,0.0,,25_plus,25_plus,True,25_plus,fav_14_plus,team_has_rp_edge
2024,4,2024-09-22T00:30:00.000Z,401643717,Purdue,Oregon State,Underdog,1.8333333333333333,L,-15.166666666666666,4.0,11.0,30.0,-8.0,5_to_15,,,,,,,,,,,,25_plus,minus_5_to_15,True,5_to_15,pick_to_3,team_has_rp_edge
2025,1,2025-08-23T23:00:00.000Z,401757218,Sam Houston,Western Kentucky,Underdog,9.833333333333334,L,-7.166666666666666,-2.5,6.0,27.0,-16.0,5_to_15,Conference USA,Conference USA,G6,G6,G6_vs_G6,False,False,Conference USA,Conference USA,,,25_plus,minus_15_to_25,True,5_to_15,dog_7_14,team_has_rp_edge
2025,1,2025-08-28T23:00:00.000Z,401762789,Wyoming,Akron,Favorite,-6.0,W,4.0,-4.5,15.0,41.0,-12.0,15_to_25,Mountain West,MAC,G6,G6,G6_vs_G6,False,False,Mountain West,MAC,,,25_plus,minus_5_to_15,True,15_to_25,fav_3_7,team_has_rp_edge
2025,1,2025-08-30T01:30:00.000Z,401757224,Sam Houston,UNLV,Underdog,10.333333333333334,L,-6.666666666666666,4.5,8.0,30.0,-14.0,5_to_15,Conference USA,Mountain West,G6,G6,G6_vs_G6,False,False,Conference USA,Mountain West,,,25_plus,minus_5_to_15,True,5_to_15,dog_7_14,team_has_rp_edge
2025,1,2025-08-30T19:30:00.000Z,401752807,Penn State,Nevada,Favorite,-44.166666666666664,L,-9.166666666666664,0.0,34.0,46.0,20.0,25_plus,Big Ten,Mountain West,P4,G6,P4_vs_G6,False,False,Big Ten,Mountain West,,,25_plus,15_to_25,True,25_plus,fav_14_plus,team_has_rp_edge
2025,1,2025-08-30T22:00:00.000Z,401754616,Virginia,Coastal Carolina,Favorite,-13.166666666666666,W,27.833333333333336,1.0,14.0,29.0,-1.0,5_to_15,ACC,Sun Belt,P4,G6,P4_vs_G6,False,False,ACC,Sun Belt,,,25_plus,neutral,True,5_to_15,fav_7_14,team_has_rp_edge
2025,1,2025-08-30T23:30:00.000Z,401752671,Clemson,LSU,Favorite,-4.833333333333333,L,-11.833333333333332,3.0,19.0,27.0,10.0,15_to_25,ACC,SEC,P4,P4,P4_vs_P4,False,False,ACC,SEC,,,25_plus,5_to_15,True,15_to_25,fav_3_7,team_has_rp_edge
2025,1,2025-08-30T23:30:00.000Z,401752808,Michigan,New Mexico,Favorite,-35.166666666666664,L,-18.166666666666664,0.0,37.0,38.0,35.0,25_plus,Big Ten,Mountain West,P4,G6,P4_vs_G6,False,False,Big Ten,Mountain West,,,25_plus,25_plus,True,25_plus,fav_14_plus,team_has_rp_edge
2025,1,2025-08-31T03:00:00.000Z,401752800,Utah,UCLA,Favorite,-6.5,W,26.5,3.5,18.0,39.0,-2.0,15_to_25,Big 12,Big Ten,P4,P4,P4_vs_P4,False,False,Big 12,Big Ten,,,25_plus,neutral,True,15_to_25,fav_3_7,team_has_rp_edge
2025,2,2025-09-06T16:00:00.000Z,401757227,Liberty,Jacksonville State,Favorite,-6.25,L,-16.25,1.0,38.0,42.0,35.0,25_plus,Conference USA,Conference USA,G6,G6,G6_vs_G6,False,False,Conference USA,Conference USA,,,25_plus,25_plus,True,25_plus,fav_3_7,team_has_rp_edge
2025,2,2025-09-06T19:30:00.000Z,401752818,Rutgers,Miami (OH),Favorite,-15.5,W,12.5,2.0,39.0,31.0,47.0,25_plus,Big Ten,MAC,P4,G6,P4_vs_G6,False,False,Big Ten,MAC,,,25_plus,25_plus,True,25_plus,fav_14_plus,team_has_rp_edge
2025,2,2025-09-06T19:30:00.000Z,401756880,Cincinnati,Bowling Green,Favorite,-22.0,L,-8.0,4.5,30.0,35.0,26.0,25_plus,Big 12,MAC,P4,G6,P4_vs_G6,False,False,Big 12,MAC,,,25_plus,25_plus,True,25_plus,fav_14_plus,team_has_rp_edge
2025,2,2025-09-06T19:30:00.000Z,401762458,Navy,UAB,Favorite,-21.5,L,-7.5,1.0,24.0,33.0,14.0,15_to_25,American,American,G6,G6,G6_vs_G6,False,False,American,American,,,25_plus,5_to_15,True,15_to_25,fav_14_plus,team_has_rp_edge
2025,2,2025-09-06T23:00:00.000Z,401757232,Toledo,Western Kentucky,Favorite,-8.0,W,16.0,1.0,26.0,42.0,10.0,25_plus,MAC,Conference USA,G6,G6,G6_vs_G6,False,False,MAC,Conference USA,,,25_plus,5_to_15,True,25_plus,fav_7_14,team_has_rp_edge
2025,2,2025-09-06T23:30:00.000Z,401752810,Nebraska,Akron,Favorite,-33.75,W,34.25,0.0,11.0,30.0,-7.0,5_to_15,Big Ten,MAC,P4,G6,P4_vs_G6,False,False,Big Ten,MAC,,,25_plus,minus_5_to_15,True,5_to_15,fav_14_plus,team_has_rp_edge
2025,2,2025-09-07T03:59:00.000Z,401757230,Hawai'i,Sam Houston,Favorite,-7.25,W,9.75,0.0,18.0,38.0,-2.0,15_to_25,Mountain West,Conference USA,G6,G6,G6_vs_G6,False,False,Mountain West,Conference USA,,,25_plus,neutral,True,15_to_25,fav_3_7,team_has_rp_edge
2025,3,2025-09-13T02:00:00.000Z,401752837,UCLA,New Mexico,Favorite,-15.5,L,-40.5,0.5,16.0,28.0,4.0,15_to_25,Big Ten,Mountain West,P4,G6,P4_vs_G6,False,False,Big Ten,Mountain West,,,25_plus,neutral,True,15_to_25,fav_14_plus,team_has_rp_edge
2025,3,2025-09-13T16:00:00.000Z,401761608,Troy,Memphis,Underdog,4.5,L,-16.5,,27.0,31.0,23.0,25_plus,Sun Belt,American,G6,G6,G6_vs_G6,False,False,Sun Belt,American,,,25_plus,15_to_25,True,25_plus,dog_3_7,team_has_rp_edge
2025,3,2025-09-13T16:00:00.000Z,401752703,Oklahoma,Temple,Favorite,-23.833333333333332,W,15.166666666666668,-1.0,18.0,35.0,1.0,15_to_25,SEC,American,P4,G6,P4_vs_G6,False,False,SEC,American,,,25_plus,neutral,True,15_to_25,fav_14_plus,team_has_rp_edge
2025,3,2025-09-13T21:00:00.000Z,401757256,Liberty,Bowling Green,Favorite,-6.0,L,-16.0,-1.0,28.0,31.0,27.0,25_plus,Conference USA,MAC,G6,G6,G6_vs_G6,False,False,Conference USA,MAC,,,25_plus,25_plus,True,25_plus,fav_3_7,team_has_rp_edge
2025,3,2025-09-13T21:00:00.000Z,401757258,Middle Tennessee,Nevada,Underdog,9.333333333333334,W,10.333333333333334,0.0,27.0,32.0,22.0,25_plus,Conference USA,Mountain West,G6,G6,G6_vs_G6,False,False,Conference USA,Mountain West,,,25_plus,15_to_25,True,25_plus,dog_7_14,team_has_rp_edge
2025,3,2025-09-13T23:00:00.000Z,401752829,Illinois,Western Michigan,Favorite,-27.5,W,10.5,-1.0,39.0,29.0,51.0,25_plus,Big Ten,MAC,P4,G6,P4_vs_G6,False,False,Big Ten,MAC,,,25_plus,25_plus,True,25_plus,fav_14_plus,team_has_rp_edge
2025,3,2025-09-13T23:30:00.000Z,401761604,Coastal Carolina,East Carolina,Underdog,7.166666666666667,L,-30.833333333333332,-1.0,3.0,32.0,-26.0,neutral,Sun Belt,American,G6,G6,G6_vs_G6,False,False,Sun Belt,American,,,25_plus,minus_25,True,neutral,dog_3_7,team_has_rp_edge
2025,3,2025-09-13T23:30:00.000Z,401761604,East Carolina,Coastal Carolina,Favorite,-7.166666666666667,W,30.833333333333332,1.0,-3.0,26.0,-32.0,neutral,American,Sun Belt,G6,G6,G6_vs_G6,False,False,American,Sun Belt,,,25_plus,minus_25,True,neutral,fav_3_7,opponent_has_rp_edge
2025,3,2025-09-14T00:00:00.000Z,401756895,Wyoming,Utah,Underdog,24.5,L,-0.5,-2.0,3.0,28.0,-24.0,neutral,Mountain West,Big 12,G6,P4,G6_vs_P4,False,False,Mountain West,Big 12,,,25_plus,minus_15_to_25,True,neutral,dog_14_plus,team_has_rp_edge
2025,4,2025-09-20T00:00:00.000Z,401752844,Rutgers,Iowa,Underdog,2.3333333333333335,L,-7.666666666666666,0.0,14.0,32.0,-5.0,5_to_15,Big Ten,Big Ten,P4,P4,P4_vs_P4,False,False,Big Ten,Big Ten,,,25_plus,minus_5_to_15,True,5_to_15,pick_to_3,team_has_rp_edge
2025,4,2025-09-20T16:00:00.000Z,401752708,Arkansas,Memphis,Favorite,-7.166666666666667,L,-8.166666666666668,0.5,18.0,32.0,4.0,15_to_25,SEC,American,P4,G6,P4_vs_G6,False,False,SEC,American,,,25_plus,neutral,True,15_to_25,fav_3_7,team_has_rp_edge
2025,4,2025-09-20T16:00:00.000Z,401754642,Louisville,Bowling Green,Favorite,-26.166666666666668,L,-3.166666666666668,-2.0,20.0,28.0,12.0,15_to_25,ACC,MAC,P4,G6,P4_vs_G6,False,False,ACC,MAC,,,25_plus,5_to_15,True,15_to_25,fav_14_plus,team_has_rp_edge
2025,4,2025-09-20T19:30:00.000Z,401762820,Toledo,Western Michigan,Favorite,-12.666666666666666,L,-13.666666666666666,-2.0,23.0,26.0,22.0,15_to_25,MAC,MAC,G6,G6,G6_vs_G6,False,False,MAC,MAC,,,25_plus,15_to_25,True,15_to_25,fav_7_14,team_has_rp_edge
2025,4,2025-09-20T23:00:00.000Z,401757264,Middle Tennessee,Marshall,Underdog,2.5,L,-11.5,1.0,24.0,25.0,24.0,15_to_25,Conference USA,Sun Belt,G6,G6,G6_vs_G6,False,False,Conference USA,Sun Belt,,,25_plus,15_to_25,True,15_to_25,pick_to_3,team_has_rp_edge
2025,4,2025-09-20T23:00:00.000Z,401761611,South Alabama,Coastal Carolina,Favorite,-14.666666666666666,L,-32.666666666666664,0.0,10.0,32.0,-12.0,5_to_15,Sun Belt,Sun Belt,G6,G6,G6_vs_G6,False,False,Sun Belt,Sun Belt,,,25_plus,minus_5_to_15,True,5_to_15,fav_14_plus,team_has_rp_edge
2025,4,2025-09-20T23:00:00.000Z,401760372,Boise State,Air Force,Favorite,-11.0,W,1.0,3.0,13.0,32.0,-4.0,5_to_15,Mountain West,Mountain West,G6,G6,G6_vs_G6,False,False,Mountain West,Mountain West,,,25_plus,neutral,True,5_to_15,fav_7_14,team_has_rp_edge
2025,4,2025-09-20T23:30:00.000Z,401757263,Southern Miss,Louisiana Tech,Underdog,3.1666666666666665,L,-6.833333333333334,-1.0,7.0,28.0,-13.0,5_to_15,Sun Belt,Conference USA,G6,G6,G6_vs_G6,False,False,Sun Belt,Conference USA,,,25_plus,minus_5_to_15,True,5_to_15,pick_to_3,team_has_rp_edge
2025,4,2025-09-20T23:30:00.000Z,401756898,BYU,East Carolina,Favorite,-6.166666666666667,W,14.833333333333332,-2.0,17.0,38.0,-4.0,15_to_25,Big 12,American,P4,G6,P4_vs_G6,False,False,Big 12,American,,,25_plus,neutral,True,15_to_25,fav_3_7,team_has_rp_edge
2023,1,2023-08-26T23:00:00.000Z,401532392,San Diego State,Ohio,Favorite,-2.9,W,4.1,,4.0,45.0,-38.0,neutral,Mountain West,MAC,G6,G6,G6_vs_G6,False,False,Mountain West,MAC,,,25_plus,minus_25,True,neutral,pick_to_3,team_has_rp_edge
2023,1,2023-08-26T23:00:00.000Z,401532392,Ohio,San Diego State,Underdog,2.9,L,-4.1,,-4.0,38.0,-45.0,neutral,MAC,Mountain West,G6,G6,G6_vs_G6,False,False,MAC,Mountain West,,,25_plus,minus_25,True,neutral,pick_to_3,opponent_has_rp_edge
2023,1,2023-09-01T00:00:00.000Z,401520176,Utah,Florida,Favorite,-6.3,W,6.7,,22.0,30.0,14.0,15_to_25,,,,,,,,,,,,25_plus,5_to_15,True,15_to_25,fav_3_7,team_has_rp_edge
2023,1,2023-09-02T16:00:00.000Z,401520162,Michigan,East Carolina,Favorite,-35.4,L,-8.399999999999999,,47.0,45.0,48.0,25_plus,Big Ten,American,P4,G6,P4_vs_G6,False,False,Big Ten,American,,,25_plus,25_plus,True,25_plus,fav_14_plus,team_has_rp_edge
2023,1,2023-09-02T18:00:00.000Z,401531387,Temple,Akron,Favorite,-9.875,L,-6.875,,14.0,31.0,-2.0,5_to_15,American,MAC,G6,G6,G6_vs_G6,False,False,American,MAC,,,25_plus,neutral,True,5_to_15,fav_7_14,team_has_rp_edge
2023,1,2023-09-02T23:00:00.000Z,401520173,Texas A&M,New Mexico,Favorite,-37.875,W,4.125,,16.0,33.0,-1.0,15_to_25,SEC,Mountain West,P4,G6,P4_vs_G6,False,False,SEC,Mountain West,,,25_plus,neutral,True,15_to_25,fav_14_plus,team_has_rp_edge
2023,1,2023-09-02T23:30:00.000Z,401525825,Wyoming,Texas Tech,Underdog,13.6,W,15.6,,19.0,30.0,9.0,15_to_25,Mountain West,Big 12,G6,P4,G6_vs_P4,False,False,Mountain West,Big 12,,,25_plus,5_to_15,True,15_to_25,dog_7_14,team_has_rp_edge
2023,2,2023-09-09T16:00:00.000Z,401523999,Utah,Baylor,Favorite,-7.0,P,0.0,,21.0,32.0,9.0,15_to_25,,,,,,,,,,,,25_plus,5_to_15,True,15_to_25,fav_3_7,team_has_rp_edge
2023,2,2023-09-09T19:30:00.000Z,401525497,Syracuse,Western Michigan,Favorite,-24.666666666666668,W,16.333333333333332,,24.0,42.0,5.0,15_to_25,ACC,MAC,P4,G6,P4_vs_G6,False,False,ACC,MAC,,,25_plus,5_to_15,True,15_to_25,fav_14_plus,team_has_rp_edge
2023,2,2023-09-09T21:00:00.000Z,401524004,Washington,Tulsa,Favorite,-33.666666666666664,L,-0.6666666666666643,,33.0,36.0,32.0,25_plus,,,,,,,,,,,,25_plus,25_plus,True,25_plus,fav_14_plus,team_has_rp_edge
2023,2,2023-09-09T22:00:00.000Z,401520198,New Mexico State,Liberty,Underdog,9.333333333333334,L,-6.666666666666666,,9.0,30.0,-12.0,5_to_15,Conference USA,Conference USA,G6,G6,G6_vs_G6,True,True,Independent,Independent,0.0,0.0,25_plus,minus_5_to_15,True,5_to_15,dog_7_14,team_has_rp_edge
2023,2,2023-09-09T22:00:00.000Z,401531842,Louisiana,Old Dominion,Favorite,-6.0,L,-13.0,,9.0,32.0,-15.0,5_to_15,Sun Belt,Sun Belt,G6,G6,G6_vs_G6,False,False,Sun Belt,Sun Belt,,,25_plus,minus_15_to_25,True,5_to_15,fav_3_7,team_has_rp_edge
2023,2,2023-09-09T23:00:00.000Z,401520183,Texas,Alabama,Underdog,7.166666666666667,W,17.166666666666668,,34.0,47.0,20.0,25_plus,Big 12,SEC,P4,P4,P4_vs_P4,False,False,Big 12,SEC,,,25_plus,15_to_25,True,25_plus,dog_3_7,team_has_rp_edge
2023,2,2023-09-10T02:30:00.000Z,401524003,USC,Stanford,Favorite,-28.666666666666668,W,17.333333333333332,,41.0,39.0,44.0,25_plus,,,,,,,,,,,,25_plus,25_plus,True,25_plus,fav_14_plus,team_has_rp_edge
2023,3,2023-09-16T19:30:00.000Z,401520227,Iowa,Western Michigan,Favorite,-28.5,W,2.5,,8.0,33.0,-18.0,5_to_15,Big Ten,MAC,P4,G6,P4_vs_G6,False,False,Big Ten,MAC,,,25_plus,minus_15_to_25,True,5_to_15,fav_14_plus,team_has_rp_edge
2023,3,2023-09-16T19:30:00.000Z,401524009,Oregon State,San Diego State,Favorite,-24.5,L,-7.5,,9.0,38.0,-19.0,5_to_15,,,,,,,,,,,,25_plus,minus_15_to_25,True,5_to_15,fav_14_plus,team_has_rp_edge
2023,3,2023-09-16T23:00:00.000Z,401531379,Louisiana,UAB,Underdog,2.0,W,22.0,,27.0,36.0,18.0,25_plus,Sun Belt,American,G6,G6,G6_vs_G6,False,True,Sun Belt,Conference USA,,0.0,25_plus,15_to_25,True,25_plus,pick_to_3,team_has_rp_edge
2023,3,2023-09-16T23:30:00.000Z,401520232,Michigan,Bowling Green,Favorite,-40.75,L,-15.75,,22.0,30.0,15.0,15_to_25,Big Ten,MAC,P4,G6,P4_vs_G6,False,False,Big Ten,MAC,,,25_plus,15_to_25,True,15_to_25,fav_14_plus,team_has_rp_edge
2023,3,2023-09-17T02:30:00.000Z,401525837,Kansas,Nevada,Favorite,-28.5,L,-21.5,,32.0,37.0,27.0,25_plus,Big 12,Mountain West,P4,G6,P4_vs_G6,False,False,Big 12,Mountain West,,,25_plus,25_plus,True,25_plus,fav_14_plus,team_has_rp_edge
2023,4,2023-09-23T02:30:00.000Z,401532583,Boise State,San Diego State,Favorite,-5.833333333333333,L,-2.833333333333333,,11.0,38.0,-16.0,5_to_15,Mountain West,Mountain West,G6,G6,G6_vs_G6,False,False,Mountain West,Mountain West,,,25_plus,minus_15_to_25,True,5_to_15,fav_3_7,team_has_rp_edge
2023,4,2023-09-23T17:30:00.000Z,401532406,Toledo,Western Michigan,Favorite,-21.5,L,-3.5,,28.0,51.0,5.0,25_plus,MAC,MAC,G6,G6,G6_vs_G6,False,False,MAC,MAC,,,25_plus,5_to_15,True,25_plus,fav_14_plus,team_has_rp_edge
2023,4,2023-09-23T19:30:00.000Z,401520250,Ole Miss,Alabama,Underdog,7.0,L,-7.0,,31.0,42.0,19.0,25_plus,SEC,SEC,P4,P4,P4_vs_P4,False,False,SEC,SEC,,,25_plus,15_to_25,True,25_plus,dog_3_7,team_has_rp_edge
2023,4,2023-09-23T19:30:00.000Z,401532405,Bowling Green,Ohio,Underdog,13.0,L,-18.0,,7.0,37.0,-24.0,5_to_15,MAC,MAC,G6,G6,G6_vs_G6,False,False,MAC,MAC,,,25_plus,minus_15_to_25,True,5_to_15,dog_7_14,team_has_rp_edge
2023,4,2023-09-23T23:00:00.000Z,401524016,Arizona,Stanford,Favorite,-12.833333333333334,L,-11.833333333333334,,22.0,36.0,8.0,15_to_25,,,,,,,,,,,,25_plus,5_to_15,True,15_to_25,fav_7_14,team_has_rp_edge
2023,4,2023-09-23T23:00:00.000Z,401520258,LSU,Arkansas,Favorite,-17.666666666666668,L,-14.666666666666668,,17.0,30.0,2.0,15_to_25,SEC,SEC,P4,P4,P4_vs_P4,False,False,SEC,SEC,,,25_plus,neutral,True,15_to_25,fav_14_plus,team_has_rp_edge
2023,4,2023-09-23T23:30:00.000Z,401525844,Texas,Baylor,Favorite,-16.5,W,15.5,,19.0,34.0,3.0,15_to_25,Big 12,Big 12,P4,P4,P4_vs_P4,False,False,Big 12,Big 12,,,25_plus,neutral,True,15_to_25,fav_14_plus,team_has_rp_edge
2024,1,2024-08-30T00:00:00.000Z,401628448,Minnesota,North Carolina,Underdog,0.3333333333333333,L,-1.6666666666666667,,34.0,32.0,37.0,25_plus,Big Ten,ACC,P4,P4,P4_vs_P4,False,False,Big Ten,ACC,,,25_plus,25_plus,True,25_plus,pick_to_3,team_has_rp_edge
2024,1,2024-08-31T16:00:00.000Z,401628333,Virginia Tech,Vanderbilt,Favorite,-13.333333333333334,L,-20.333333333333336,,26.0,30.0,23.0,25_plus,ACC,SEC,P4,P4,P4_vs_P4,False,False,ACC,SEC,,,25_plus,15_to_25,True,25_plus,fav_7_14,team_has_rp_edge
2024,1,2024-08-31T19:30:00.000Z,401634304,Syracuse,Ohio,Favorite,-17.333333333333332,L,-1.333333333333332,,47.0,48.0,45.0,25_plus,ACC,MAC,P4,G6,P4_vs_G6,False,False,ACC,MAC,,,25_plus,25_plus,True,25_plus,fav_14_plus,team_has_rp_edge
2024,1,2024-08-31T23:00:00.000Z,401643701,Nevada,Troy,Underdog,10.166666666666666,W,12.166666666666666,,23.0,33.0,13.0,15_to_25,Mountain West,Sun Belt,G6,G6,G6_vs_G6,False,False,Mountain West,Sun Belt,,,25_plus,5_to_15,True,15_to_25,dog_7_14,team_has_rp_edge
2024,2,2024-09-07T16:00:00.000Z,401643784,Memphis,Troy,Favorite,-18.666666666666668,W,2.333333333333332,1.5,33.0,45.0,23.0,25_plus,American,Sun Belt,G6,G6,G6_vs_G6,False,False,American,Sun Belt,,,25_plus,15_to_25,True,25_plus,fav_14_plus,team_has_rp_edge
2024,2,2024-09-07T16:00:00.000Z,401635534,Syracuse,Georgia Tech,Underdog,2.8333333333333335,W,5.833333333333334,-0.5,8.0,32.0,-16.0,5_to_15,ACC,ACC,P4,P4,P4_vs_P4,False,False,ACC,ACC,,,25_plus,minus_15_to_25,True,5_to_15,pick_to_3,team_has_rp_edge
2024,2,2024-09-07T20:15:00.000Z,401628342,Ole Miss,Middle Tennessee,Favorite,-42.5,W,6.5,2.5,16.0,39.0,-5.0,15_to_25,SEC,Conference USA,P4,G6,P4_vs_G6,False,False,SEC,Conference USA,,,25_plus,minus_5_to_15,True,15_to_25,fav_14_plus,team_has_rp_edge
2024,2,2024-09-07T20:30:00.000Z,401635540,Virginia Tech,Marshall,Favorite,-20.666666666666668,L,-3.666666666666668,4.0,24.0,38.0,10.0,15_to_25,ACC,Sun Belt,P4,G6,P4_vs_G6,False,False,ACC,Sun Belt,,,25_plus,5_to_15,True,15_to_25,fav_14_plus,team_has_rp_edge
2024,2,2024-09-07T22:00:00.000Z,401643778,Old Dominion,East Carolina,Favorite,-1.6666666666666667,L,-7.666666666666667,-1.0,5.0,33.0,-21.0,5_to_15,Sun Belt,American,G6,G6,G6_vs_G6,False,False,Sun Belt,American,,,25_plus,minus_15_to_25,True,5_to_15,pick_to_3,team_has_rp_edge
2024,2,2024-09-07T23:00:00.000Z,401628335,South Florida,Alabama,Underdog,31.666666666666668,W,5.666666666666668,0.5,28.0,54.0,2.0,25_plus,American,SEC,G6,P4,G6_vs_P4,False,False,American,SEC,,,25_plus,neutral,True,25_plus,dog_14_plus,team_has_rp_edge
2024,2,2024-09-07T23:00:00.000Z,401628344,Missouri,Buffalo,Favorite,-33.666666666666664,W,4.333333333333336,-2.0,39.0,51.0,27.0,25_plus,SEC,MAC,P4,G6,P4_vs_G6,False,False,SEC,MAC,,,25_plus,25_plus,True,25_plus,fav_14_plus,team_has_rp_edge
2024,2,2024-09-07T23:00:00.000Z,401643780,UAB,UL Monroe,Favorite,-11.5,L,-37.5,-0.5,26.0,40.0,13.0,25_plus,American,Sun Belt,G6,G6,G6_vs_G6,False,False,American,Sun Belt,,,25_plus,5_to_15,True,25_plus,fav_7_14,team_has_rp_edge
2024,3,2024-09-14T16:00:00.000Z,401628350,Wisconsin,Alabama,Underdog,15.166666666666666,L,-16.833333333333336,-6.0,27.0,37.0,15.0,25_plus,Big Ten,SEC,P4,P4,P4_vs_P4,False,False,Big Ten,SEC,,,25_plus,15_to_25,True,25_plus,dog_14_plus,team_has_rp_edge
2024,3,2024-09-14T19:30:00.000Z,401628483,Oregon,Oregon State,Favorite,-17.666666666666668,W,17.333333333333332,-2.5,29.0,42.0,16.0,25_plus,,,,,,,,,,,,25_plus,15_to_25,True,25_plus,fav_14_plus,team_has_rp_edge
2024,3,2024-09-14T20:00:00.000Z,401628477,Iowa,Troy,Favorite,-23.333333333333332,L,-6.333333333333332,0.0,33.0,51.0,16.0,25_plus,Big Ten,Sun Belt,P4,G6,P4_vs_G6,False,False,Big Ten,Sun Belt,,,25_plus,15_to_25,True,25_plus,fav_14_plus,team_has_rp_edge
2024,3,2024-09-14T20:15:00.000Z,401628351,UAB,Arkansas,Underdog,23.666666666666668,W,13.666666666666668,0.0,20.0,40.0,2.0,15_to_25,American,SEC,G6,P4,G6_vs_P4,False,False,American,SEC,,,25_plus,neutral,True,15_to_25,dog_14_plus,team_has_rp_edge
2024,3,2024-09-14T22:00:00.000Z,401635548,Virginia Tech,Old Dominion,Favorite,-15.333333333333334,W,4.666666666666666,0.0,16.0,39.0,-8.0,15_to_25,ACC,Sun Belt,P4,G6,P4_vs_G6,False,False,ACC,Sun Belt,,,25_plus,minus_5_to_15,True,15_to_25,fav_14_plus,team_has_rp_edge
2024,3,2024-09-14T23:00:00.000Z,401628361,Texas,UTSA,Favorite,-35.5,W,13.5,0.0,25.0,35.0,15.0,25_plus,SEC,American,P4,G6,P4_vs_G6,True,False,Big 12,American,0.0,,25_plus,15_to_25,True,25_plus,fav_14_plus,team_has_rp_edge
2024,3,2024-09-14T23:30:00.000Z,401636860,Baylor,Air Force,Favorite,-16.666666666666668,W,11.333333333333332,0.0,41.0,48.0,34.0,25_plus,Big 12,Mountain West,P4,G6,P4_vs_G6,False,False,Big 12,Mountain West,,,25_plus,25_plus,True,25_plus,fav_14_plus,team_has_rp_edge
2024,3,2024-09-15T00:00:00.000Z,401628478,Virginia,Maryland,Favorite,-1.1666666666666667,L,-15.166666666666666,0.0,31.0,34.0,28.0,25_plus,ACC,Big Ten,P4,P4,P4_vs_P4,False,False,ACC,Big Ten,,,25_plus,25_plus,True,25_plus,pick_to_3,team_has_rp_edge
2024,3,2024-09-15T02:30:00.000Z,401635541,California,San Diego State,Favorite,-18.666666666666668,W,2.333333333333332,0.0,27.0,36.0,17.0,25_plus,ACC,Mountain West,P4,G6,P4_vs_G6,True,False,Pac-12,Mountain West,0.0,,25_plus,15_to_25,True,25_plus,fav_14_plus,team_has_rp_edge
2024,4,2024-09-21T16:00:00.000Z,401636879,West Virginia,Kansas,Favorite,-1.3333333333333333,W,2.666666666666667,,11.0,33.0,-10.0,5_to_15,Big 12,Big 12,P4,P4,P4_vs_P4,False,False,Big 12,Big 12,,,25_plus,minus_5_to_15,True,5_to_15,pick_to_3,team_has_rp_edge
2024,4,2024-09-21T18:00:00.000Z,401635558,Virginia,Coastal Carolina,Favorite,-3.5,W,15.5,0.5,31.0,39.0,24.0,25_plus,ACC,Sun Belt,P4,G6,P4_vs_G6,False,False,ACC,Sun Belt,,,25_plus,15_to_25,True,25_plus,fav_3_7,team_has_rp_edge
2024,4,2024-09-21T19:30:00.000Z,401628363,Auburn,Arkansas,Favorite,-2.5,L,-12.5,-1.0,19.0,33.0,5.0,15_to_25,SEC,SEC,P4,P4,P4_vs_P4,False,False,SEC,SEC,,,25_plus,5_to_15,True,15_to_25,pick_to_3,team_has_rp_edge
2024,4,2024-09-21T23:00:00.000Z,401635555,South Florida,Miami,Underdog,16.333333333333332,L,-18.666666666666668,2.0,6.0,34.0,-21.0,5_to_15,American,ACC,G6,P4,G6_vs_P4,False,False,American,ACC,,,25_plus,minus_15_to_25,True,5_to_15,dog_14_plus,team_has_rp_edge
2024,4,2024-09-21T23:30:00.000Z,401628372,Texas A&M,Bowling Green,Favorite,-21.166666666666668,L,-15.166666666666668,-2.0,24.0,32.0,15.0,15_to_25,SEC,MAC,P4,G6,P4_vs_G6,False,False,SEC,MAC,,,25_plus,15_to_25,True,15_to_25,fav_14_plus,team_has_rp_edge
2024,4,2024-09-22T00:00:00.000Z,401628371,Texas,UL Monroe,Favorite,-43.0,W,5.0,-3.5,30.0,33.0,27.0,25_plus,SEC,Sun Belt,P4,G6,P4_vs_G6,True,False,Big 12,Sun Belt,0.0,,25_plus,25_plus,True,25_plus,fav_14_plus,team_has_rp_edge
2024,4,2024-09-22T00:30:00.000Z,401643717,Purdue,Oregon State,Underdog,1.8333333333333333,L,-15.166666666666666,4.0,11.0,30.0,-8.0,5_to_15,,,,,,,,,,,,25_plus,minus_5_to_15,True,5_to_15,pick_to_3,team_has_rp_edge
2025,1,2025-08-28T23:00:00.000Z,401762789,Wyoming,Akron,Favorite,-6.0,W,4.0,-4.5,15.0,41.0,-12.0,15_to_25,Mountain West,MAC,G6,G6,G6_vs_G6,False,False,Mountain West,MAC,,,25_plus,minus_5_to_15,True,15_to_25,fav_3_7,team_has_rp_edge
2025,1,2025-08-30T01:30:00.000Z,401757224,Sam Houston,UNLV,Underdog,10.333333333333334,L,-6.666666666666666,4.5,8.0,30.0,-14.0,5_to_15,Conference USA,Mountain West,G6,G6,G6_vs_G6,False,False,Conference USA,Mountain West,,,25_plus,minus_5_to_15,True,5_to_15,dog_7_14,team_has_rp_edge
2025,1,2025-08-30T19:30:00.000Z,401752807,Penn State,Nevada,Favorite,-44.166666666666664,L,-9.166666666666664,0.0,34.0,46.0,20.0,25_plus,Big Ten,Mountain West,P4,G6,P4_vs_G6,False,False,Big Ten,Mountain West,,,25_plus,15_to_25,True,25_plus,fav_14_plus,team_has_rp_edge
2025,1,2025-08-30T23:30:00.000Z,401752808,Michigan,New Mexico,Favorite,-35.166666666666664,L,-18.166666666666664,0.0,37.0,38.0,35.0,25_plus,Big Ten,Mountain West,P4,G6,P4_vs_G6,False,False,Big Ten,Mountain West,,,25_plus,25_plus,True,25_plus,fav_14_plus,team_has_rp_edge
2025,1,2025-08-31T03:00:00.000Z,401752800,Utah,UCLA,Favorite,-6.5,W,26.5,3.5,18.0,39.0,-2.0,15_to_25,Big 12,Big Ten,P4,P4,P4_vs_P4,False,False,Big 12,Big Ten,,,25_plus,neutral,True,15_to_25,fav_3_7,team_has_rp_edge
2025,2,2025-09-06T16:00:00.000Z,401757227,Liberty,Jacksonville State,Favorite,-6.25,L,-16.25,1.0,38.0,42.0,35.0,25_plus,Conference USA,Conference USA,G6,G6,G6_vs_G6,False,False,Conference USA,Conference USA,,,25_plus,25_plus,True,25_plus,fav_3_7,team_has_rp_edge
2025,2,2025-09-06T19:30:00.000Z,401752818,Rutgers,Miami (OH),Favorite,-15.5,W,12.5,2.0,39.0,31.0,47.0,25_plus,Big Ten,MAC,P4,G6,P4_vs_G6,False,False,Big Ten,MAC,,,25_plus,25_plus,True,25_plus,fav_14_plus,team_has_rp_edge
2025,2,2025-09-06T19:30:00.000Z,401756880,Cincinnati,Bowling Green,Favorite,-22.0,L,-8.0,4.5,30.0,35.0,26.0,25_plus,Big 12,MAC,P4,G6,P4_vs_G6,False,False,Big 12,MAC,,,25_plus,25_plus,True,25_plus,fav_14_plus,team_has_rp_edge
2025,2,2025-09-06T19:30:00.000Z,401762458,Navy,UAB,Favorite,-21.5,L,-7.5,1.0,24.0,33.0,14.0,15_to_25,American,American,G6,G6,G6_vs_G6,False,False,American,American,,,25_plus,5_to_15,True,15_to_25,fav_14_plus,team_has_rp_edge
2025,2,2025-09-06T23:00:00.000Z,401757232,Toledo,Western Kentucky,Favorite,-8.0,W,16.0,1.0,26.0,42.0,10.0,25_plus,MAC,Conference USA,G6,G6,G6_vs_G6,False,False,MAC,Conference USA,,,25_plus,5_to_15,True,25_plus,fav_7_14,team_has_rp_edge
2025,2,2025-09-06T23:30:00.000Z,401752810,Nebraska,Akron,Favorite,-33.75,W,34.25,0.0,11.0,30.0,-7.0,5_to_15,Big Ten,MAC,P4,G6,P4_vs_G6,False,False,Big Ten,MAC,,,25_plus,minus_5_to_15,True,5_to_15,fav_14_plus,team_has_rp_edge
2025,2,2025-09-07T03:59:00.000Z,401757230,Hawai'i,Sam Houston,Favorite,-7.25,W,9.75,0.0,18.0,38.0,-2.0,15_to_25,Mountain West,Conference USA,G6,G6,G6_vs_G6,False,False,Mountain West,Conference USA,,,25_plus,neutral,True,15_to_25,fav_3_7,team_has_rp_edge
2025,3,2025-09-13T16:00:00.000Z,401761608,Troy,Memphis,Underdog,4.5,L,-16.5,,27.0,31.0,23.0,25_plus,Sun Belt,American,G6,G6,G6_vs_G6,False,False,Sun Belt,American,,,25_plus,15_to_25,True,25_plus,dog_3_7,team_has_rp_edge
2025,3,2025-09-13T16:00:00.000Z,401752703,Oklahoma,Temple,Favorite,-23.833333333333332,W,15.166666666666668,-1.0,18.0,35.0,1.0,15_to_25,SEC,American,P4,G6,P4_vs_G6,False,False,SEC,American,,,25_plus,neutral,True,15_to_25,fav_14_plus,team_has_rp_edge
2025,3,2025-09-13T21:00:00.000Z,401757256,Liberty,Bowling Green,Favorite,-6.0,L,-16.0,-1.0,28.0,31.0,27.0,25_plus,Conference USA,MAC,G6,G6,G6_vs_G6,False,False,Conference USA,MAC,,,25_plus,25_plus,True,25_plus,fav_3_7,team_has_rp_edge
2025,3,2025-09-13T21:00:00.000Z,401757258,Middle Tennessee,Nevada,Underdog,9.333333333333334,W,10.333333333333334,0.0,27.0,32.0,22.0,25_plus,Conference USA,Mountain West,G6,G6,G6_vs_G6,False,False,Conference USA,Mountain West,,,25_plus,15_to_25,True,25_plus,dog_7_14,team_has_rp_edge
2025,3,2025-09-13T23:30:00.000Z,401761604,Coastal Carolina,East Carolina,Underdog,7.166666666666667,L,-30.833333333333332,-1.0,3.0,32.0,-26.0,neutral,Sun Belt,American,G6,G6,G6_vs_G6,False,False,Sun Belt,American,,,25_plus,minus_25,True,neutral,dog_3_7,team_has_rp_edge
2025,4,2025-09-20T00:00:00.000Z,401752844,Rutgers,Iowa,Underdog,2.3333333333333335,L,-7.666666666666666,0.0,14.0,32.0,-5.0,5_to_15,Big Ten,Big Ten,P4,P4,P4_vs_P4,False,False,Big Ten,Big Ten,,,25_plus,minus_5_to_15,True,5_to_15,pick_to_3,team_has_rp_edge
2025,4,2025-09-20T16:00:00.000Z,401752708,Arkansas,Memphis,Favorite,-7.166666666666667,L,-8.166666666666668,0.5,18.0,32.0,4.0,15_to_25,SEC,American,P4,G6,P4_vs_G6,False,False,SEC,American,,,25_plus,neutral,True,15_to_25,fav_3_7,team_has_rp_edge
2025,4,2025-09-20T23:00:00.000Z,401761611,South Alabama,Coastal Carolina,Favorite,-14.666666666666666,L,-32.666666666666664,0.0,10.0,32.0,-12.0,5_to_15,Sun Belt,Sun Belt,G6,G6,G6_vs_G6,False,False,Sun Belt,Sun Belt,,,25_plus,minus_5_to_15,True,5_to_15,fav_14_plus,team_has_rp_edge
2025,4,2025-09-20T23:00:00.000Z,401760372,Boise State,Air Force,Favorite,-11.0,W,1.0,3.0,13.0,32.0,-4.0,5_to_15,Mountain West,Mountain West,G6,G6,G6_vs_G6,False,False,Mountain West,Mountain West,,,25_plus,neutral,True,5_to_15,fav_7_14,team_has_rp_edge
2025,4,2025-09-20T23:30:00.000Z,401756898,BYU,East Carolina,Favorite,-6.166666666666667,W,14.833333333333332,-2.0,17.0,38.0,-4.0,15_to_25,Big 12,American,P4,G6,P4_vs_G6,False,False,Big 12,American,,,25_plus,neutral,True,15_to_25,fav_3_7,team_has_rp_edge
2023,1,2023-08-26T23:30:00.000Z,401520147,Vanderbilt,Hawai'i,Favorite,-17.625,L,-10.625,,18.0,24.0,11.0,15_to_25,SEC,Mountain West,P4,G6,P4_vs_G6,False,False,SEC,Mountain West,,,15_to_25,5_to_15,True,15_to_25,fav_14_plus,team_has_rp_edge
2023,1,2023-09-01T00:00:00.000Z,401520176,Utah,Florida,Favorite,-6.3,W,6.7,,22.0,30.0,14.0,15_to_25,,,,,,,,,,,,25_plus,5_to_15,True,15_to_25,fav_3_7,team_has_rp_edge
2023,1,2023-09-01T23:00:00.000Z,401525463,Miami,Miami (OH),Favorite,-16.625,W,18.375,,1.0,-14.0,16.0,neutral,ACC,MAC,P4,G6,P4_vs_G6,False,False,ACC,MAC,,,minus_5_to_15,15_to_25,True,neutral,fav_14_plus,team_has_rp_edge
2023,1,2023-09-01T23:00:00.000Z,401525463,Miami (OH),Miami,Underdog,16.625,L,-18.375,,-1.0,-16.0,14.0,neutral,MAC,ACC,G6,P4,G6_vs_P4,False,False,MAC,ACC,,,minus_15_to_25,5_to_15,True,neutral,dog_14_plus,opponent_has_rp_edge
2023,1,2023-09-02T03:00:00.000Z,401523988,Hawai'i,Stanford,Underdog,3.625,L,-9.375,,12.0,9.0,15.0,5_to_15,,,,,,,,,,,,5_to_15,15_to_25,True,5_to_15,dog_3_7,team_has_rp_edge
2023,1,2023-09-02T16:00:00.000Z,401520172,Louisiana Tech,SMU,Underdog,20.125,L,-3.875,,20.0,14.0,25.0,15_to_25,Conference USA,American,G6,G6,G6_vs_G6,False,False,Conference USA,American,,,5_to_15,25_plus,True,15_to_25,dog_14_plus,team_has_rp_edge
2023,1,2023-09-02T16:00:00.000Z,401520162,Michigan,East Carolina,Favorite,-35.4,L,-8.399999999999999,,47.0,45.0,48.0,25_plus,Big Ten,American,P4,G6,P4_vs_G6,False,False,Big Ten,American,,,25_plus,25_plus,True,25_plus,fav_14_plus,team_has_rp_edge
2023,1,2023-09-02T16:00:00.000Z,401523994,TCU,Colorado,Favorite,-20.6,L,-23.6,,-5.0,-24.0,14.0,minus_5_to_15,,,,,,,,,,,,minus_15_to_25,5_to_15,True,5_to_15,fav_14_plus,opponent_has_rp_edge
2023,1,2023-09-02T16:00:00.000Z,401523994,Colorado,TCU,Underdog,20.6,W,23.6,,5.0,-14.0,24.0,5_to_15,,,,,,,,,,,,minus_5_to_15,15_to_25,True,5_to_15,dog_14_plus,team_has_rp_edge
2023,1,2023-09-02T16:00:00.000Z,401520179,Tennessee,Virginia,Favorite,-27.7,W,8.3,,11.0,-7.0,29.0,5_to_15,SEC,ACC,P4,P4,P4_vs_P4,False,False,SEC,ACC,,,minus_5_to_15,25_plus,True,5_to_15,fav_14_plus,team_has_rp_edge
2023,1,2023-09-02T19:30:00.000Z,401520156,Indiana,Ohio State,Underdog,29.1,W,9.1,,2.0,-12.0,15.0,neutral,Big Ten,Big Ten,P4,P4,P4_vs_P4,False,False,Big Ten,Big Ten,,,minus_5_to_15,15_to_25,True,neutral,dog_14_plus,team_has_rp_edge
2023,1,2023-09-02T19:30:00.000Z,401520156,Ohio State,Indiana,Favorite,-29.1,L,-9.1,,-2.0,-15.0,12.0,neutral,Big Ten,Big Ten,P4,P4,P4_vs_P4,False,False,Big Ten,Big Ten,,,minus_15_to_25,5_to_15,True,neutral,fav_14_plus,opponent_has_rp_edge
2023,1,2023-09-02T19:30:00.000Z,401520180,Wisconsin,Buffalo,Favorite,-27.0,L,-6.0,,19.0,26.0,11.0,15_to_25,Big Ten,MAC,P4,G6,P4_vs_G6,False,False,Big Ten,MAC,,,25_plus,5_to_15,True,15_to_25,fav_14_plus,team_has_rp_edge
2023,1,2023-09-02T20:00:00.000Z,401523991,North Texas,California,Underdog,6.5,L,-30.5,,6.0,-2.0,13.0,5_to_15,,,,,,,,,,,,neutral,5_to_15,True,5_to_15,dog_3_7,team_has_rp_edge
2023,1,2023-09-02T22:30:00.000Z,401523996,USC,Nevada,Favorite,-37.875,W,14.125,,23.0,21.0,25.0,15_to_25,,,,,,,,,,,,15_to_25,25_plus,True,15_to_25,fav_14_plus,team_has_rp_edge
2023,1,2023-09-02T23:00:00.000Z,401520175,Army,UL Monroe,Favorite,-8.375,L,-12.375,,12.0,-2.0,25.0,5_to_15,Independent,Sun Belt,Independent,G6,Other,False,False,Independent,Sun Belt,,,neutral,25_plus,True,5_to_15,fav_7_14,team_has_rp_edge
2023,1,2023-09-02T23:30:00.000Z,401520169,Penn State,West Virginia,Favorite,-20.6,W,2.3999999999999986,,1.0,-13.0,15.0,neutral,Big Ten,Big 12,P4,P4,P4_vs_P4,False,False,Big Ten,Big 12,,,minus_5_to_15,15_to_25,True,neutral,fav_14_plus,team_has_rp_edge
2023,1,2023-09-02T23:30:00.000Z,401520169,West Virginia,Penn State,Underdog,20.6,L,-2.3999999999999986,,-1.0,-15.0,13.0,neutral,Big 12,Big Ten,P4,P4,P4_vs_P4,False,False,Big 12,Big Ten,,,minus_15_to_25,5_to_15,True,neutral,dog_14_plus,opponent_has_rp_edge
2023,1,2023-09-02T23:30:00.000Z,401520149,Middle Tennessee,Alabama,Underdog,39.375,L,-9.625,,29.0,14.0,43.0,25_plus,Conference USA,SEC,G6,P4,G6_vs_P4,False,False,Conference USA,SEC,,,5_to_15,25_plus,True,25_plus,dog_14_plus,team_has_rp_edge
2023,1,2023-09-03T02:15:00.000Z,401520152,Sam Houston,BYU,Underdog,20.375,W,6.375,,8.0,3.0,13.0,5_to_15,Conference USA,Big 12,G6,P4,G6_vs_P4,False,True,,Independent,,0.0,neutral,5_to_15,True,5_to_15,dog_14_plus,team_has_rp_edge
2023,1,2023-09-03T02:30:00.000Z,401523995,Coastal Carolina,UCLA,Underdog,15.375,W,1.375,,8.0,4.0,11.0,5_to_15,,,,,,,,,,,,neutral,5_to_15,True,5_to_15,dog_14_plus,team_has_rp_edge
2023,1,2023-09-03T16:00:00.000Z,401520171,Rutgers,Northwestern,Favorite,-6.1,W,10.9,,17.0,7.0,26.0,15_to_25,Big Ten,Big Ten,P4,P4,P4_vs_P4,False,False,Big Ten,Big Ten,,,5_to_15,25_plus,True,15_to_25,fav_3_7,team_has_rp_edge
2023,1,2023-09-03T23:30:00.000Z,401520182,Florida State,LSU,Underdog,2.2,W,23.2,,16.0,20.0,13.0,15_to_25,ACC,SEC,P4,P4,P4_vs_P4,False,False,ACC,SEC,,,15_to_25,5_to_15,True,15_to_25,pick_to_3,team_has_rp_edge
2023,2,2023-09-08T23:30:00.000Z,401520195,Kansas,Illinois,Favorite,-3.6666666666666665,W,7.333333333333334,,22.0,29.0,16.0,15_to_25,Big 12,Big Ten,P4,P4,P4_vs_P4,False,False,Big 12,Big Ten,,,25_plus,15_to_25,True,15_to_25,fav_3_7,team_has_rp_edge
2023,2,2023-09-09T15:00:00.000Z,401520216,Vanderbilt,Wake Forest,Underdog,9.666666666666666,L,-6.333333333333334,,13.0,14.0,10.0,5_to_15,SEC,ACC,P4,P4,P4_vs_P4,False,False,SEC,ACC,,,5_to_15,5_to_15,True,5_to_15,dog_7_14,team_has_rp_edge
2023,2,2023-09-09T16:00:00.000Z,401525498,James Madison,Virginia,Favorite,-6.0,L,-5.0,,18.0,-4.0,41.0,15_to_25,Sun Belt,ACC,G6,P4,G6_vs_P4,False,False,Sun Belt,ACC,,,neutral,25_plus,True,15_to_25,fav_3_7,team_has_rp_edge
2023,2,2023-09-09T19:30:00.000Z,401520201,Texas A&M,Miami,Favorite,-2.8333333333333335,L,-17.833333333333332,,10.0,5.0,15.0,5_to_15,SEC,ACC,P4,P4,P4_vs_P4,False,False,SEC,ACC,,,5_to_15,15_to_25,True,5_to_15,pick_to_3,team_has_rp_edge
2023,2,2023-09-09T19:30:00.000Z,401520207,UTEP,Northwestern,Underdog,1.0,L,-30.0,,9.0,1.0,17.0,5_to_15,Conference USA,Big Ten,G6,P4,G6_vs_P4,False,False,Conference USA,Big Ten,,,neutral,15_to_25,True,5_to_15,pick_to_3,team_has_rp_edge
2023,2,2023-09-09T20:00:00.000Z,401531411,Marshall,East Carolina,Favorite,-2.8333333333333335,W,15.166666666666666,,27.0,26.0,28.0,25_plus,Sun Belt,American,G6,G6,G6_vs_G6,False,False,Sun Belt,American,,,25_plus,25_plus,True,25_plus,pick_to_3,team_has_rp_edge
2023,2,2023-09-09T21:00:00.000Z,401524004,Washington,Tulsa,Favorite,-33.666666666666664,L,-0.6666666666666643,,33.0,36.0,32.0,25_plus,,,,,,,,,,,,25_plus,25_plus,True,25_plus,fav_14_plus,team_has_rp_edge
2023,2,2023-09-09T23:00:00.000Z,401520183,Texas,Alabama,Underdog,7.166666666666667,W,17.166666666666668,,34.0,47.0,20.0,25_plus,Big 12,SEC,P4,P4,P4_vs_P4,False,False,Big 12,SEC,,,25_plus,15_to_25,True,25_plus,dog_3_7,team_has_rp_edge
2023,2,2023-09-09T23:00:00.000Z,401520206,Missouri,Middle Tennessee,Favorite,-21.0,L,-17.0,,9.0,-9.0,28.0,5_to_15,SEC,Conference USA,P4,G6,P4_vs_G6,False,False,SEC,Conference USA,,,minus_5_to_15,25_plus,True,5_to_15,fav_14_plus,team_has_rp_edge
2023,2,2023-09-09T23:30:00.000Z,401520200,Maryland,Charlotte,Favorite,-24.5,L,-6.5,,14.0,16.0,11.0,5_to_15,Big Ten,American,P4,G6,P4_vs_G6,False,True,Big Ten,Conference USA,,0.0,15_to_25,5_to_15,True,5_to_15,fav_14_plus,team_has_rp_edge
2023,2,2023-09-09T23:30:00.000Z,401520204,Minnesota,Eastern Michigan,Favorite,-19.666666666666668,L,-0.6666666666666679,,-5.0,-20.0,10.0,minus_5_to_15,Big Ten,MAC,P4,G6,P4_vs_G6,False,False,Big Ten,MAC,,,minus_15_to_25,5_to_15,True,5_to_15,fav_14_plus,opponent_has_rp_edge
2023,2,2023-09-09T23:30:00.000Z,401520204,Eastern Michigan,Minnesota,Underdog,19.666666666666668,W,0.6666666666666679,,5.0,-10.0,20.0,5_to_15,MAC,Big Ten,G6,P4,G6_vs_P4,False,False,MAC,Big Ten,,,minus_5_to_15,15_to_25,True,5_to_15,dog_14_plus,team_has_rp_edge
2023,2,2023-09-10T00:00:00.000Z,401520211,Sam Houston,Air Force,Underdog,13.166666666666666,W,3.166666666666666,,12.0,-2.0,28.0,5_to_15,Conference USA,Mountain West,G6,G6,G6_vs_G6,False,False,,Mountain West,,,neutral,25_plus,True,5_to_15,dog_7_14,team_has_rp_edge
2023,2,2023-09-10T00:30:00.000Z,401525493,Florida State,Southern Miss,Favorite,-31.0,W,22.0,,27.0,27.0,26.0,25_plus,ACC,Sun Belt,P4,G6,P4_vs_G6,False,False,ACC,Sun Belt,,,25_plus,25_plus,True,25_plus,fav_14_plus,team_has_rp_edge
2023,2,2023-09-10T02:30:00.000Z,401524003,USC,Stanford,Favorite,-28.666666666666668,W,17.333333333333332,,41.0,39.0,44.0,25_plus,,,,,,,,,,,,25_plus,25_plus,True,25_plus,fav_14_plus,team_has_rp_edge
2023,2,2023-09-10T02:30:00.000Z,401520186,Auburn,California,Favorite,-4.833333333333333,L,-0.833333333333333,,3.0,-6.0,13.0,neutral,,,,,,,,,,,,minus_5_to_15,5_to_15,True,neutral,fav_3_7,team_has_rp_edge
2023,3,2023-09-15T23:00:00.000Z,401520231,Maryland,Virginia,Favorite,-16.25,W,11.75,,12.0,0.0,23.0,5_to_15,Big Ten,ACC,P4,P4,P4_vs_P4,False,False,Big Ten,ACC,,,neutral,15_to_25,True,5_to_15,fav_14_plus,team_has_rp_edge
2023,3,2023-09-16T16:00:00.000Z,401520226,Penn State,Illinois,Favorite,-13.5,W,3.5,,2.0,-7.0,11.0,neutral,Big Ten,Big Ten,P4,P4,P4_vs_P4,False,False,Big Ten,Big Ten,,,minus_5_to_15,5_to_15,True,neutral,fav_7_14,team_has_rp_edge
2023,3,2023-09-16T16:00:00.000Z,401525500,Florida State,Boston College,Favorite,-25.25,L,-23.25,,9.0,1.0,16.0,5_to_15,ACC,ACC,P4,P4,P4_vs_P4,False,False,ACC,ACC,,,neutral,15_to_25,True,5_to_15,fav_14_plus,team_has_rp_edge
2023,3,2023-09-16T16:00:00.000Z,401520230,Indiana,Louisville,Underdog,10.0,W,3.0,,13.0,15.0,11.0,5_to_15,Big Ten,ACC,P4,P4,P4_vs_P4,False,False,Big Ten,ACC,,,15_to_25,5_to_15,True,5_to_15,dog_7_14,team_has_rp_edge
2023,3,2023-09-16T18:30:00.000Z,401525437,Notre Dame,Central Michigan,Favorite,-34.75,L,-10.75,,2.0,-15.0,21.0,neutral,Independent,MAC,Independent,G6,Other,False,False,Independent,MAC,,,minus_15_to_25,15_to_25,True,neutral,fav_14_plus,team_has_rp_edge
2023,3,2023-09-16T18:30:00.000Z,401525437,Central Michigan,Notre Dame,Underdog,34.75,W,10.75,,-2.0,-21.0,15.0,neutral,MAC,Independent,G6,Independent,Other,False,False,MAC,Independent,,,minus_15_to_25,15_to_25,True,neutral,dog_14_plus,opponent_has_rp_edge
2023,3,2023-09-16T19:30:00.000Z,401520223,Duke,Northwestern,Favorite,-17.0,W,7.0,,15.0,16.0,14.0,15_to_25,ACC,Big Ten,P4,P4,P4_vs_P4,False,False,ACC,Big Ten,,,15_to_25,5_to_15,True,15_to_25,fav_14_plus,team_has_rp_edge
2023,3,2023-09-16T19:30:00.000Z,401525842,Oklahoma,Tulsa,Favorite,-28.0,W,21.0,,22.0,24.0,22.0,15_to_25,Big 12,American,P4,G6,P4_vs_G6,False,False,Big 12,American,,,15_to_25,15_to_25,True,15_to_25,fav_14_plus,team_has_rp_edge
2023,3,2023-09-16T19:30:00.000Z,401520244,South Florida,Alabama,Underdog,34.25,W,20.25,,16.0,8.0,24.0,15_to_25,American,SEC,G6,P4,G6_vs_P4,False,False,American,SEC,,,5_to_15,15_to_25,True,15_to_25,dog_14_plus,team_has_rp_edge
2023,3,2023-09-16T20:00:00.000Z,401520245,Texas A&M,UL Monroe,Favorite,-36.5,W,7.5,,28.0,16.0,38.0,25_plus,SEC,Sun Belt,P4,G6,P4_vs_G6,False,False,SEC,Sun Belt,,,15_to_25,25_plus,True,25_plus,fav_14_plus,team_has_rp_edge
2023,3,2023-09-16T23:00:00.000Z,401525835,Miami (OH),Cincinnati,Underdog,14.25,W,21.25,,23.0,12.0,34.0,15_to_25,MAC,Big 12,G6,P4,G6_vs_P4,False,True,MAC,American,,0.0,5_to_15,25_plus,True,15_to_25,dog_7_14,team_has_rp_edge
2023,3,2023-09-16T23:00:00.000Z,401531848,James Madison,Troy,Underdog,2.8333333333333335,W,4.833333333333334,,10.0,5.0,17.0,5_to_15,Sun Belt,Sun Belt,G6,G6,G6_vs_G6,False,False,Sun Belt,Sun Belt,,,5_to_15,15_to_25,True,5_to_15,pick_to_3,team_has_rp_edge
2023,3,2023-09-16T23:00:00.000Z,401520224,Tennessee,Florida,Favorite,-5.666666666666667,L,-18.666666666666668,,9.0,4.0,14.0,5_to_15,SEC,SEC,P4,P4,P4_vs_P4,False,False,SEC,SEC,,,neutral,5_to_15,True,5_to_15,fav_3_7,team_has_rp_edge
2023,3,2023-09-16T23:00:00.000Z,401531379,Louisiana,UAB,Underdog,2.0,W,22.0,,27.0,36.0,18.0,25_plus,Sun Belt,American,G6,G6,G6_vs_G6,False,True,Sun Belt,Conference USA,,0.0,25_plus,15_to_25,True,25_plus,pick_to_3,team_has_rp_edge
2023,3,2023-09-16T23:30:00.000Z,401525503,West Virginia,Pittsburgh,Favorite,-1.0,W,10.0,,13.0,11.0,16.0,5_to_15,Big 12,ACC,P4,P4,P4_vs_P4,False,False,Big 12,ACC,,,5_to_15,15_to_25,True,5_to_15,pick_to_3,team_has_rp_edge
2023,3,2023-09-16T23:30:00.000Z,401520232,Michigan,Bowling Green,Favorite,-40.75,L,-15.75,,22.0,30.0,15.0,15_to_25,Big Ten,MAC,P4,G6,P4_vs_G6,False,False,Big Ten,MAC,,,25_plus,15_to_25,True,15_to_25,fav_14_plus,team_has_rp_edge
2023,3,2023-09-17T00:00:00.000Z,401524008,Oregon,Hawai'i,Favorite,-38.25,W,6.75,,18.0,16.0,20.0,15_to_25,,,,,,,,,,,,15_to_25,15_to_25,True,15_to_25,fav_14_plus,team_has_rp_edge
2023,3,2023-09-17T00:00:00.000Z,401525836,Houston,TCU,Underdog,7.25,L,-15.75,,8.0,6.0,10.0,5_to_15,Big 12,Big 12,P4,P4,P4_vs_P4,True,False,American,Big 12,0.0,,5_to_15,5_to_15,True,5_to_15,dog_3_7,team_has_rp_edge
2023,3,2023-09-17T02:30:00.000Z,401525837,Kansas,Nevada,Favorite,-28.5,L,-21.5,,32.0,37.0,27.0,25_plus,Big 12,Mountain West,P4,G6,P4_vs_G6,False,False,Big 12,Mountain West,,,25_plus,25_plus,True,25_plus,fav_14_plus,team_has_rp_edge
2023,4,2023-09-23T16:00:00.000Z,401525845,Oklahoma,Cincinnati,Favorite,-13.666666666666666,W,0.3333333333333339,,16.0,13.0,21.0,15_to_25,Big 12,Big 12,P4,P4,P4_vs_P4,False,True,Big 12,American,,0.0,5_to_15,15_to_25,True,15_to_25,fav_7_14,team_has_rp_edge
2023,4,2023-09-23T16:00:00.000Z,401525507,Florida State,Clemson,Favorite,-2.0,W,5.0,,18.0,5.0,30.0,15_to_25,ACC,ACC,P4,P4,P4_vs_P4,False,False,ACC,ACC,,,5_to_15,25_plus,True,15_to_25,pick_to_3,team_has_rp_edge
2023,4,2023-09-23T19:30:00.000Z,401525506,Boston College,Louisville,Underdog,13.833333333333334,L,-14.166666666666666,,22.0,28.0,18.0,15_to_25,ACC,ACC,P4,P4,P4_vs_P4,False,False,ACC,ACC,,,25_plus,15_to_25,True,15_to_25,dog_7_14,team_has_rp_edge
2023,4,2023-09-23T19:30:00.000Z,401520250,Ole Miss,Alabama,Underdog,7.0,L,-7.0,,31.0,42.0,19.0,25_plus,SEC,SEC,P4,P4,P4_vs_P4,False,False,SEC,SEC,,,25_plus,15_to_25,True,25_plus,dog_3_7,team_has_rp_edge
2023,4,2023-09-23T19:30:00.000Z,401525509,Temple,Miami,Underdog,23.333333333333332,L,-10.666666666666668,,7.0,2.0,14.0,5_to_15,American,ACC,G6,P4,G6_vs_P4,False,False,American,ACC,,,neutral,5_to_15,True,5_to_15,dog_14_plus,team_has_rp_edge
2023,4,2023-09-23T19:30:00.000Z,401525847,Kansas,BYU,Favorite,-9.333333333333334,W,1.666666666666666,,22.0,26.0,18.0,15_to_25,Big 12,Big 12,P4,P4,P4_vs_P4,False,True,Big 12,Independent,,0.0,25_plus,15_to_25,True,15_to_25,fav_7_14,team_has_rp_edge
2023,4,2023-09-23T19:30:00.000Z,401524017,Utah,UCLA,Favorite,-3.8333333333333335,W,3.1666666666666665,,12.0,8.0,15.0,5_to_15,,,,,,,,,,,,5_to_15,15_to_25,True,5_to_15,fav_3_7,team_has_rp_edge
2023,4,2023-09-23T20:00:00.000Z,401520269,Tennessee,UTSA,Favorite,-23.333333333333332,W,7.666666666666668,,11.0,9.0,13.0,5_to_15,SEC,American,P4,G6,P4_vs_G6,False,True,SEC,Conference USA,,0.0,5_to_15,5_to_15,True,5_to_15,fav_14_plus,team_has_rp_edge
2023,4,2023-09-23T20:00:00.000Z,401531423,Rice,South Florida,Favorite,-2.5,L,-15.5,,17.0,5.0,28.0,15_to_25,American,American,G6,G6,G6_vs_G6,True,False,Conference USA,American,0.0,,5_to_15,25_plus,True,15_to_25,pick_to_3,team_has_rp_edge
2023,4,2023-09-23T21:00:00.000Z,401531876,South Alabama,Central Michigan,Favorite,-16.166666666666668,L,-20.166666666666668,,11.0,-9.0,31.0,5_to_15,Sun Belt,MAC,G6,G6,G6_vs_G6,False,False,Sun Belt,MAC,,,minus_5_to_15,25_plus,True,5_to_15,fav_14_plus,team_has_rp_edge
2023,4,2023-09-23T22:30:00.000Z,401525508,Georgia Tech,Wake Forest,Underdog,3.6666666666666665,W,17.666666666666668,,15.0,10.0,20.0,15_to_25,ACC,ACC,P4,P4,P4_vs_P4,False,False,ACC,ACC,,,5_to_15,15_to_25,True,15_to_25,dog_3_7,team_has_rp_edge
2023,4,2023-09-23T23:30:00.000Z,401520264,Minnesota,Northwestern,Favorite,-11.166666666666666,L,-14.166666666666666,,2.0,-7.0,11.0,neutral,Big Ten,Big Ten,P4,P4,P4_vs_P4,False,False,Big Ten,Big Ten,,,minus_5_to_15,5_to_15,True,neutral,fav_7_14,team_has_rp_edge
2023,4,2023-09-23T23:30:00.000Z,401521330,Notre Dame,Ohio State,Underdog,3.1666666666666665,W,0.1666666666666665,,1.0,-12.0,15.0,neutral,Independent,Big Ten,Independent,P4,Other,False,False,Independent,Big Ten,,,minus_5_to_15,15_to_25,True,neutral,pick_to_3,team_has_rp_edge
2023,4,2023-09-23T23:30:00.000Z,401521330,Ohio State,Notre Dame,Favorite,-3.1666666666666665,L,-0.1666666666666665,,-1.0,-15.0,12.0,neutral,Big Ten,Independent,P4,Independent,Other,False,False,Big Ten,Independent,,,minus_15_to_25,5_to_15,True,neutral,pick_to_3,opponent_has_rp_edge
2023,4,2023-09-23T23:30:00.000Z,401520259,Missouri,Memphis,Favorite,-6.5,W,0.5,,15.0,18.0,13.0,15_to_25,SEC,American,P4,G6,P4_vs_G6,False,False,SEC,American,,,15_to_25,5_to_15,True,15_to_25,fav_3_7,team_has_rp_edge
2023,4,2023-09-23T23:30:00.000Z,401520252,Georgia,UAB,Favorite,-40.833333333333336,L,-12.833333333333336,,22.0,10.0,34.0,15_to_25,SEC,American,P4,G6,P4_vs_G6,False,True,SEC,Conference USA,,0.0,5_to_15,25_plus,True,15_to_25,fav_14_plus,team_has_rp_edge
2023,4,2023-09-23T23:30:00.000Z,401520265,Penn State,Iowa,Favorite,-14.166666666666666,W,16.833333333333336,,8.0,6.0,11.0,5_to_15,Big Ten,Big Ten,P4,P4,P4_vs_P4,False,False,Big Ten,Big Ten,,,5_to_15,5_to_15,True,5_to_15,fav_7_14,team_has_rp_edge
2023,4,2023-09-24T00:00:00.000Z,401525510,North Carolina,Pittsburgh,Favorite,-7.166666666666667,W,9.833333333333332,,17.0,20.0,16.0,15_to_25,ACC,ACC,P4,P4,P4_vs_P4,False,False,ACC,ACC,,,15_to_25,15_to_25,True,15_to_25,fav_3_7,team_has_rp_edge
2023,4,2023-09-24T02:30:00.000Z,401524018,Washington,California,Favorite,-20.5,W,6.5,,5.0,-4.0,15.0,5_to_15,,,,,,,,,,,,neutral,15_to_25,True,5_to_15,fav_14_plus,team_has_rp_edge
2024,1,2024-08-30T00:00:00.000Z,401640998,Jacksonville State,Coastal Carolina,Favorite,-3.5,L,-31.5,,24.0,15.0,33.0,15_to_25,Conference USA,Sun Belt,G6,G6,G6_vs_G6,False,False,Conference USA,Sun Belt,,,15_to_25,25_plus,True,15_to_25,fav_3_7,team_has_rp_edge
2024,1,2024-08-30T00:00:00.000Z,401628448,Minnesota,North Carolina,Underdog,0.3333333333333333,L,-1.6666666666666667,,34.0,32.0,37.0,25_plus,Big Ten,ACC,P4,P4,P4_vs_P4,False,False,Big Ten,ACC,,,25_plus,25_plus,True,25_plus,pick_to_3,team_has_rp_edge
2024,1,2024-08-30T23:00:00.000Z,401628328,Oklahoma,Temple,Favorite,-43.0,W,5.0,,8.0,-18.0,33.0,5_to_15,SEC,American,P4,G6,P4_vs_G6,True,False,Big 12,American,0.0,,minus_15_to_25,25_plus,True,5_to_15,fav_14_plus,team_has_rp_edge
2024,1,2024-08-30T23:00:00.000Z,401628328,Temple,Oklahoma,Underdog,43.0,L,-5.0,,-8.0,-33.0,18.0,minus_5_to_15,American,SEC,G6,P4,G6_vs_P4,False,True,American,Big 12,,0.0,minus_25,15_to_25,True,5_to_15,dog_14_plus,opponent_has_rp_edge
2024,1,2024-08-31T16:00:00.000Z,401628451,UConn,Maryland,Underdog,19.333333333333332,L,-23.666666666666668,,10.0,3.0,17.0,5_to_15,Independent,Big Ten,Independent,P4,Other,False,False,Independent,Big Ten,,,neutral,15_to_25,True,5_to_15,dog_14_plus,team_has_rp_edge
2024,1,2024-08-31T16:00:00.000Z,401628333,Virginia Tech,Vanderbilt,Favorite,-13.333333333333334,L,-20.333333333333336,,26.0,30.0,23.0,25_plus,ACC,SEC,P4,P4,P4_vs_P4,False,False,ACC,SEC,,,25_plus,15_to_25,True,25_plus,fav_7_14,team_has_rp_edge
2024,1,2024-08-31T19:30:00.000Z,401628454,Nebraska,UTEP,Favorite,-27.5,W,5.5,0.5,32.0,28.0,36.0,25_plus,Big Ten,Conference USA,P4,G6,P4_vs_G6,False,False,Big Ten,Conference USA,,,25_plus,25_plus,True,25_plus,fav_14_plus,team_has_rp_edge
2024,1,2024-08-31T19:30:00.000Z,401634304,Syracuse,Ohio,Favorite,-17.333333333333332,L,-1.333333333333332,,47.0,48.0,45.0,25_plus,ACC,MAC,P4,G6,P4_vs_G6,False,False,ACC,MAC,,,25_plus,25_plus,True,25_plus,fav_14_plus,team_has_rp_edge
2024,1,2024-08-31T19:30:00.000Z,401628455,Ohio State,Akron,Favorite,-49.5,L,-3.5,,8.0,-2.0,18.0,5_to_15,Big Ten,MAC,P4,G6,P4_vs_G6,False,False,Big Ten,MAC,,,neutral,15_to_25,True,5_to_15,fav_14_plus,team_has_rp_edge
2024,1,2024-08-31T21:00:00.000Z,401643775,North Texas,South Alabama,Underdog,5.833333333333333,W,19.833333333333332,,13.0,-2.0,27.0,5_to_15,American,Sun Belt,G6,G6,G6_vs_G6,False,False,American,Sun Belt,,,neutral,25_plus,True,5_to_15,dog_3_7,team_has_rp_edge
2024,1,2024-08-31T23:00:00.000Z,401643701,Nevada,Troy,Underdog,10.166666666666666,W,12.166666666666666,,23.0,33.0,13.0,15_to_25,Mountain West,Sun Belt,G6,G6,G6_vs_G6,False,False,Mountain West,Sun Belt,,,25_plus,5_to_15,True,15_to_25,dog_7_14,team_has_rp_edge
2024,1,2024-08-31T23:00:00.000Z,401641039,Rice,Sam Houston,Favorite,-9.833333333333334,L,-29.833333333333336,,9.0,-2.0,21.0,5_to_15,American,Conference USA,G6,G6,G6_vs_G6,False,False,American,Conference USA,,,neutral,15_to_25,True,5_to_15,fav_7_14,team_has_rp_edge
2024,1,2024-08-31T23:45:00.000Z,401628324,Southern Miss,Kentucky,Underdog,25.5,L,-5.5,,7.0,-3.0,18.0,5_to_15,Sun Belt,SEC,G6,P4,G6_vs_P4,False,False,Sun Belt,SEC,,,neutral,15_to_25,True,5_to_15,dog_14_plus,team_has_rp_edge
2024,1,2024-09-01T00:00:00.000Z,401643774,Charlotte,James Madison,Underdog,7.0,L,-16.0,1.5,22.0,27.0,17.0,15_to_25,American,Sun Belt,G6,G6,G6_vs_G6,False,False,American,Sun Belt,,,25_plus,15_to_25,True,15_to_25,dog_3_7,team_has_rp_edge
2024,1,2024-09-01T02:30:00.000Z,401636608,Arizona,New Mexico,Favorite,-29.166666666666668,L,-7.166666666666668,,26.0,16.0,36.0,25_plus,Big 12,Mountain West,P4,G6,P4_vs_G6,True,False,Pac-12,Mountain West,0.0,,15_to_25,25_plus,True,25_plus,fav_14_plus,team_has_rp_edge
2024,1,2024-09-01T23:30:00.000Z,401628334,LSU,USC,Favorite,-3.8333333333333335,L,-10.833333333333334,-0.5,13.0,6.0,20.0,5_to_15,SEC,Big Ten,P4,P4,P4_vs_P4,False,True,SEC,Pac-12,,0.0,5_to_15,15_to_25,True,5_to_15,fav_3_7,team_has_rp_edge
2024,2,2024-09-07T01:00:00.000Z,401635533,Northwestern,Duke,Favorite,-2.1666666666666665,L,-8.166666666666666,-1.0,21.0,7.0,35.0,15_to_25,Big Ten,ACC,P4,P4,P4_vs_P4,False,False,Big Ten,ACC,,,5_to_15,25_plus,True,15_to_25,pick_to_3,team_has_rp_edge
2024,2,2024-09-07T16:00:00.000Z,401643784,Memphis,Troy,Favorite,-18.666666666666668,W,2.333333333333332,1.5,33.0,45.0,23.0,25_plus,American,Sun Belt,G6,G6,G6_vs_G6,False,False,American,Sun Belt,,,25_plus,15_to_25,True,25_plus,fav_14_plus,team_has_rp_edge
2024,2,2024-09-07T16:00:00.000Z,401628470,Penn State,Bowling Green,Favorite,-34.833333333333336,L,-27.833333333333336,3.0,22.0,29.0,14.0,15_to_25,Big Ten,MAC,P4,G6,P4_vs_G6,False,False,Big Ten,MAC,,,25_plus,5_to_15,True,15_to_25,fav_14_plus,team_has_rp_edge
2024,2,2024-09-07T16:00:00.000Z,401628471,Rutgers,Akron,Favorite,-24.5,W,7.5,1.5,21.0,6.0,36.0,15_to_25,Big Ten,MAC,P4,G6,P4_vs_G6,False,False,Big Ten,MAC,,,5_to_15,25_plus,True,15_to_25,fav_14_plus,team_has_rp_edge
2024,2,2024-09-07T16:00:00.000Z,401628347,Texas,Michigan,Favorite,-6.666666666666667,W,12.333333333333332,-1.0,34.0,27.0,42.0,25_plus,SEC,Big Ten,P4,P4,P4_vs_P4,True,False,Big 12,Big Ten,0.0,,25_plus,25_plus,True,25_plus,fav_3_7,team_has_rp_edge
2024,2,2024-09-07T19:30:00.000Z,401645324,Navy,Temple,Favorite,-12.166666666666666,W,14.833333333333334,0.5,14.0,1.0,27.0,5_to_15,American,American,G6,G6,G6_vs_G6,False,False,American,American,,,neutral,25_plus,True,5_to_15,fav_7_14,team_has_rp_edge
2024,2,2024-09-07T19:30:00.000Z,401635537,Charlotte,North Carolina,Underdog,21.5,W,3.5,0.5,24.0,29.0,20.0,15_to_25,American,ACC,G6,P4,G6_vs_P4,False,False,American,ACC,,,25_plus,15_to_25,True,15_to_25,dog_14_plus,team_has_rp_edge
2024,2,2024-09-07T19:30:00.000Z,401635535,Louisville,Jacksonville State,Favorite,-28.5,W,6.5,2.0,-3.0,-24.0,18.0,neutral,ACC,Conference USA,P4,G6,P4_vs_G6,False,False,ACC,Conference USA,,,minus_15_to_25,15_to_25,True,neutral,fav_14_plus,opponent_has_rp_edge
2024,2,2024-09-07T19:30:00.000Z,401635535,Jacksonville State,Louisville,Underdog,28.5,L,-6.5,-2.0,3.0,-18.0,24.0,neutral,Conference USA,ACC,G6,P4,G6_vs_P4,False,False,Conference USA,ACC,,,minus_15_to_25,15_to_25,True,neutral,dog_14_plus,team_has_rp_edge
2024,2,2024-09-07T19:30:00.000Z,401628473,Eastern Michigan,Washington,Underdog,24.833333333333332,W,3.833333333333332,-0.5,10.0,-7.0,28.0,5_to_15,MAC,Big Ten,G6,P4,G6_vs_P4,False,True,MAC,Pac-12,,0.0,minus_5_to_15,25_plus,True,5_to_15,dog_14_plus,team_has_rp_edge
2024,2,2024-09-07T20:30:00.000Z,401635540,Virginia Tech,Marshall,Favorite,-20.666666666666668,L,-3.666666666666668,4.0,24.0,38.0,10.0,15_to_25,ACC,Sun Belt,P4,G6,P4_vs_G6,False,False,ACC,Sun Belt,,,25_plus,5_to_15,True,15_to_25,fav_14_plus,team_has_rp_edge
2024,2,2024-09-07T22:00:00.000Z,401643781,South Alabama,Ohio,Favorite,-0.8333333333333334,L,-7.833333333333333,1.0,14.0,6.0,22.0,5_to_15,Sun Belt,MAC,G6,G6,G6_vs_G6,False,False,Sun Belt,MAC,,,5_to_15,15_to_25,True,5_to_15,pick_to_3,team_has_rp_edge
2024,2,2024-09-07T22:30:00.000Z,401636617,Sam Houston,UCF,Underdog,21.5,L,-9.5,2.0,15.0,3.0,26.0,15_to_25,Conference USA,Big 12,G6,P4,G6_vs_P4,False,False,Conference USA,Big 12,,,neutral,25_plus,True,15_to_25,dog_14_plus,team_has_rp_edge
2024,2,2024-09-07T23:00:00.000Z,401628344,Missouri,Buffalo,Favorite,-33.666666666666664,W,4.333333333333336,-2.0,39.0,51.0,27.0,25_plus,SEC,MAC,P4,G6,P4_vs_G6,False,False,SEC,MAC,,,25_plus,25_plus,True,25_plus,fav_14_plus,team_has_rp_edge
2024,2,2024-09-07T23:00:00.000Z,401643780,UAB,UL Monroe,Favorite,-11.5,L,-37.5,-0.5,26.0,40.0,13.0,25_plus,American,Sun Belt,G6,G6,G6_vs_G6,False,False,American,Sun Belt,,,25_plus,5_to_15,True,25_plus,fav_7_14,team_has_rp_edge
2024,2,2024-09-07T23:45:00.000Z,401628345,Oklahoma,Houston,Favorite,-27.666666666666668,L,-23.666666666666668,1.0,1.0,-19.0,20.0,neutral,SEC,Big 12,P4,P4,P4_vs_P4,True,False,Big 12,Big 12,0.0,,minus_15_to_25,15_to_25,True,neutral,fav_14_plus,team_has_rp_edge
2024,2,2024-09-07T23:45:00.000Z,401628345,Houston,Oklahoma,Underdog,27.666666666666668,W,23.666666666666668,-1.0,-1.0,-20.0,19.0,neutral,Big 12,SEC,P4,P4,P4_vs_P4,False,True,Big 12,Big 12,,0.0,minus_15_to_25,15_to_25,True,neutral,dog_14_plus,opponent_has_rp_edge
2024,2,2024-09-08T02:00:00.000Z,401628469,Oregon,Boise State,Favorite,-18.833333333333332,L,-15.833333333333332,0.0,10.0,-3.0,24.0,5_to_15,Big Ten,Mountain West,P4,G6,P4_vs_G6,True,False,Pac-12,Mountain West,0.0,,neutral,15_to_25,True,5_to_15,fav_14_plus,team_has_rp_edge
2024,3,2024-09-14T16:00:00.000Z,401628350,Wisconsin,Alabama,Underdog,15.166666666666666,L,-16.833333333333336,-6.0,27.0,37.0,15.0,25_plus,Big Ten,SEC,P4,P4,P4_vs_P4,False,False,Big Ten,SEC,,,25_plus,15_to_25,True,25_plus,dog_14_plus,team_has_rp_edge
2024,3,2024-09-14T16:00:00.000Z,401628475,Central Michigan,Illinois,Underdog,20.833333333333332,L,-0.1666666666666678,0.0,3.0,-2.0,10.0,neutral,MAC,Big Ten,G6,P4,G6_vs_P4,False,False,MAC,Big Ten,,,neutral,5_to_15,True,neutral,dog_14_plus,team_has_rp_edge
2024,3,2024-09-14T16:00:00.000Z,401636868,North Texas,Texas Tech,Underdog,10.333333333333334,L,-34.666666666666664,0.0,2.0,-8.0,12.0,neutral,American,Big 12,G6,P4,G6_vs_P4,False,False,American,Big 12,,,minus_5_to_15,5_to_15,True,neutral,dog_7_14,team_has_rp_edge
2024,3,2024-09-14T18:00:00.000Z,401643786,Temple,Coastal Carolina,Underdog,17.333333333333332,W,9.333333333333332,1.5,9.0,0.0,18.0,5_to_15,American,Sun Belt,G6,G6,G6_vs_G6,False,False,American,Sun Belt,,,neutral,15_to_25,True,5_to_15,dog_14_plus,team_has_rp_edge
2024,3,2024-09-14T19:30:00.000Z,401628358,Oklahoma,Tulane,Favorite,-13.333333333333334,W,1.666666666666666,0.0,12.0,-9.0,32.0,5_to_15,SEC,American,P4,G6,P4_vs_G6,True,False,Big 12,American,0.0,,minus_5_to_15,25_plus,True,5_to_15,fav_7_14,team_has_rp_edge
2024,3,2024-09-14T19:30:00.000Z,401628481,Minnesota,Nevada,Favorite,-16.833333333333332,W,10.166666666666668,-0.5,12.0,13.0,12.0,5_to_15,Big Ten,Mountain West,P4,G6,P4_vs_G6,False,False,Big Ten,Mountain West,,,5_to_15,5_to_15,True,5_to_15,fav_14_plus,team_has_rp_edge
2024,3,2024-09-14T19:30:00.000Z,401628484,Washington State,Washington,Underdog,5.166666666666667,W,10.166666666666668,2.0,19.0,5.0,34.0,15_to_25,,,,,,,,,,,,5_to_15,25_plus,True,15_to_25,dog_3_7,team_has_rp_edge
2024,3,2024-09-14T19:30:00.000Z,401628483,Oregon,Oregon State,Favorite,-17.666666666666668,W,17.333333333333332,-2.5,29.0,42.0,16.0,25_plus,,,,,,,,,,,,25_plus,15_to_25,True,25_plus,fav_14_plus,team_has_rp_edge
2024,3,2024-09-14T20:00:00.000Z,401628477,Iowa,Troy,Favorite,-23.333333333333332,L,-6.333333333333332,0.0,33.0,51.0,16.0,25_plus,Big Ten,Sun Belt,P4,G6,P4_vs_G6,False,False,Big Ten,Sun Belt,,,25_plus,15_to_25,True,25_plus,fav_14_plus,team_has_rp_edge
2024,3,2024-09-14T22:00:00.000Z,401640990,Liberty,UTEP,Favorite,-23.666666666666668,L,-5.666666666666668,0.0,15.0,15.0,15.0,15_to_25,Conference USA,Conference USA,G6,G6,G6_vs_G6,False,False,Conference USA,Conference USA,,,15_to_25,15_to_25,True,15_to_25,fav_14_plus,team_has_rp_edge
2024,3,2024-09-14T23:00:00.000Z,401628361,Texas,UTSA,Favorite,-35.5,W,13.5,0.0,25.0,35.0,15.0,25_plus,SEC,American,P4,G6,P4_vs_G6,True,False,Big 12,American,0.0,,25_plus,15_to_25,True,25_plus,fav_14_plus,team_has_rp_edge
2024,3,2024-09-14T23:00:00.000Z,401640999,Jacksonville State,Eastern Michigan,Favorite,-1.0,L,-4.0,0.0,23.0,14.0,32.0,15_to_25,Conference USA,MAC,G6,G6,G6_vs_G6,False,False,Conference USA,MAC,,,5_to_15,25_plus,True,15_to_25,pick_to_3,team_has_rp_edge
2024,3,2024-09-14T23:30:00.000Z,401628354,Georgia,Kentucky,Favorite,-22.5,L,-21.5,-1.5,16.0,24.0,10.0,15_to_25,SEC,SEC,P4,P4,P4_vs_P4,False,False,SEC,SEC,,,15_to_25,5_to_15,True,15_to_25,fav_14_plus,team_has_rp_edge
2024,3,2024-09-14T23:30:00.000Z,401636860,Baylor,Air Force,Favorite,-16.666666666666668,W,11.333333333333332,0.0,41.0,48.0,34.0,25_plus,Big 12,Mountain West,P4,G6,P4_vs_G6,False,False,Big 12,Mountain West,,,25_plus,25_plus,True,25_plus,fav_14_plus,team_has_rp_edge
2024,3,2024-09-14T23:30:00.000Z,401628352,Auburn,New Mexico,Favorite,-25.833333333333332,W,0.1666666666666678,-4.0,25.0,20.0,29.0,25_plus,SEC,Mountain West,P4,G6,P4_vs_G6,False,False,SEC,Mountain West,,,15_to_25,25_plus,True,25_plus,fav_14_plus,team_has_rp_edge
2024,3,2024-09-14T23:30:00.000Z,401636866,TCU,UCF,Favorite,-2.1666666666666665,L,-3.1666666666666665,4.5,22.0,3.0,40.0,15_to_25,Big 12,Big 12,P4,P4,P4_vs_P4,False,False,Big 12,Big 12,,,neutral,25_plus,True,15_to_25,pick_to_3,team_has_rp_edge
2024,3,2024-09-15T00:00:00.000Z,401636862,Rice,Houston,Underdog,4.333333333333333,L,-21.666666666666668,0.0,12.0,-1.0,25.0,5_to_15,American,Big 12,G6,P4,G6_vs_P4,False,False,American,Big 12,,,neutral,25_plus,True,5_to_15,dog_3_7,team_has_rp_edge
2024,3,2024-09-15T00:00:00.000Z,401628478,Virginia,Maryland,Favorite,-1.1666666666666667,L,-15.166666666666666,0.0,31.0,34.0,28.0,25_plus,ACC,Big Ten,P4,P4,P4_vs_P4,False,False,ACC,Big Ten,,,25_plus,25_plus,True,25_plus,pick_to_3,team_has_rp_edge
2024,3,2024-09-15T02:30:00.000Z,401635541,California,San Diego State,Favorite,-18.666666666666668,W,2.333333333333332,0.0,27.0,36.0,17.0,25_plus,ACC,Mountain West,P4,G6,P4_vs_G6,True,False,Pac-12,Mountain West,0.0,,25_plus,15_to_25,True,25_plus,fav_14_plus,team_has_rp_edge
2024,4,2024-09-21T00:00:00.000Z,401628485,Nebraska,Illinois,Favorite,-8.833333333333334,L,-15.833333333333334,-1.0,15.0,11.0,20.0,15_to_25,Big Ten,Big Ten,P4,P4,P4_vs_P4,False,False,Big Ten,Big Ten,,,5_to_15,15_to_25,True,15_to_25,fav_7_14,team_has_rp_edge
2024,4,2024-09-21T16:00:00.000Z,401643791,Louisiana,Tulane,Underdog,1.5,L,-6.5,,23.0,20.0,26.0,15_to_25,Sun Belt,American,G6,G6,G6_vs_G6,False,False,Sun Belt,American,,,15_to_25,25_plus,True,15_to_25,pick_to_3,team_has_rp_edge
2024,4,2024-09-21T16:00:00.000Z,401645328,Rice,Army,Underdog,7.333333333333333,L,-15.666666666666668,,26.0,25.0,26.0,25_plus,American,American,G6,G6,G6_vs_G6,False,True,American,Independent,,0.0,25_plus,25_plus,True,25_plus,dog_3_7,team_has_rp_edge
2024,4,2024-09-21T16:45:00.000Z,401628364,Kentucky,Ohio,Favorite,-20.666666666666668,W,14.333333333333332,,22.0,12.0,30.0,15_to_25,SEC,MAC,P4,G6,P4_vs_G6,False,False,SEC,MAC,,,5_to_15,25_plus,True,15_to_25,fav_14_plus,team_has_rp_edge
2024,4,2024-09-21T18:00:00.000Z,401635558,Virginia,Coastal Carolina,Favorite,-3.5,W,15.5,0.5,31.0,39.0,24.0,25_plus,ACC,Sun Belt,P4,G6,P4_vs_G6,False,False,ACC,Sun Belt,,,25_plus,15_to_25,True,25_plus,fav_3_7,team_has_rp_edge
2024,4,2024-09-21T19:00:00.000Z,401641000,Jacksonville State,Southern Miss,Favorite,-6.166666666666667,W,30.833333333333332,0.0,13.0,-2.0,28.0,5_to_15,Conference USA,Sun Belt,G6,G6,G6_vs_G6,False,False,Conference USA,Sun Belt,,,neutral,25_plus,True,5_to_15,fav_3_7,team_has_rp_edge
2024,4,2024-09-21T19:30:00.000Z,401628365,LSU,UCLA,Favorite,-21.5,L,-4.5,-1.5,12.0,4.0,20.0,5_to_15,SEC,Big Ten,P4,P4,P4_vs_P4,False,True,SEC,Pac-12,,0.0,neutral,15_to_25,True,5_to_15,fav_14_plus,team_has_rp_edge
2024,4,2024-09-21T19:30:00.000Z,401628489,USC,Michigan,Favorite,-4.166666666666667,L,-7.166666666666667,-1.0,14.0,4.0,25.0,5_to_15,Big Ten,Big Ten,P4,P4,P4_vs_P4,True,False,Pac-12,Big Ten,0.0,,neutral,25_plus,True,5_to_15,fav_3_7,team_has_rp_edge
2024,4,2024-09-21T21:00:00.000Z,401635557,TCU,SMU,Favorite,-1.6666666666666667,L,-25.666666666666668,-1.0,9.0,3.0,14.0,5_to_15,Big 12,ACC,P4,P4,P4_vs_P4,False,True,Big 12,American,,0.0,neutral,5_to_15,True,5_to_15,pick_to_3,team_has_rp_edge
2024,4,2024-09-21T23:00:00.000Z,401635551,California,Florida State,Underdog,2.8333333333333335,L,-2.1666666666666665,-0.5,15.0,19.0,10.0,15_to_25,ACC,ACC,P4,P4,P4_vs_P4,True,False,Pac-12,ACC,0.0,,15_to_25,5_to_15,True,15_to_25,pick_to_3,team_has_rp_edge
2024,4,2024-09-21T23:00:00.000Z,401628491,Northwestern,Washington,Underdog,11.833333333333334,L,-7.166666666666666,-1.5,40.0,12.0,69.0,25_plus,Big Ten,Big Ten,P4,P4,P4_vs_P4,False,True,Big Ten,Pac-12,,0.0,5_to_15,25_plus,True,25_plus,dog_7_14,team_has_rp_edge
2024,4,2024-09-21T23:00:00.000Z,401643716,Wyoming,North Texas,Underdog,7.0,L,-20.0,2.0,8.0,-9.0,25.0,5_to_15,Mountain West,American,G6,G6,G6_vs_G6,False,False,Mountain West,American,,,minus_5_to_15,25_plus,True,5_to_15,dog_3_7,team_has_rp_edge
2024,4,2024-09-21T23:00:00.000Z,401641037,Western Kentucky,Toledo,Underdog,2.3333333333333335,W,7.333333333333334,-3.5,19.0,8.0,32.0,15_to_25,Conference USA,MAC,G6,G6,G6_vs_G6,False,False,Conference USA,MAC,,,5_to_15,25_plus,True,15_to_25,pick_to_3,team_has_rp_edge
2024,4,2024-09-21T23:30:00.000Z,401628369,Oklahoma,Tennessee,Underdog,6.0,L,-4.0,2.0,10.0,-14.0,33.0,5_to_15,SEC,SEC,P4,P4,P4_vs_P4,True,False,Big 12,SEC,0.0,,minus_5_to_15,25_plus,True,5_to_15,dog_3_7,team_has_rp_edge
2024,4,2024-09-21T23:30:00.000Z,401628369,Tennessee,Oklahoma,Favorite,-6.0,W,4.0,-2.0,-10.0,-33.0,14.0,minus_5_to_15,SEC,SEC,P4,P4,P4_vs_P4,False,True,SEC,Big 12,,0.0,minus_25,5_to_15,True,5_to_15,fav_3_7,opponent_has_rp_edge
2024,4,2024-09-21T23:30:00.000Z,401628372,Texas A&M,Bowling Green,Favorite,-21.166666666666668,L,-15.166666666666668,-2.0,24.0,32.0,15.0,15_to_25,SEC,MAC,P4,G6,P4_vs_G6,False,False,SEC,MAC,,,25_plus,15_to_25,True,15_to_25,fav_14_plus,team_has_rp_edge
2024,4,2024-09-22T00:00:00.000Z,401628371,Texas,UL Monroe,Favorite,-43.0,W,5.0,-3.5,30.0,33.0,27.0,25_plus,SEC,Sun Belt,P4,G6,P4_vs_G6,True,False,Big 12,Sun Belt,0.0,,25_plus,25_plus,True,25_plus,fav_14_plus,team_has_rp_edge
2025,1,2025-08-23T23:30:00.000Z,401754516,Stanford,Hawai'i,Underdog,1.6666666666666667,L,-1.3333333333333333,-4.5,9.0,1.0,18.0,5_to_15,ACC,Mountain West,P4,G6,P4_vs_G6,False,False,ACC,Mountain West,,,neutral,15_to_25,True,5_to_15,pick_to_3,team_has_rp_edge
2025,1,2025-08-28T23:00:00.000Z,401756848,UCF,Jacksonville State,Favorite,-19.166666666666668,L,-12.166666666666668,4.0,17.0,22.0,11.0,15_to_25,Big 12,Conference USA,P4,G6,P4_vs_G6,False,False,Big 12,Conference USA,,,15_to_25,5_to_15,True,15_to_25,fav_14_plus,team_has_rp_edge
2025,1,2025-08-29T00:00:00.000Z,401752793,Minnesota,Buffalo,Favorite,-17.166666666666668,L,-4.166666666666668,0.0,5.0,-23.0,32.0,5_to_15,Big Ten,MAC,P4,G6,P4_vs_G6,False,False,Big Ten,MAC,,,minus_15_to_25,25_plus,True,5_to_15,fav_14_plus,team_has_rp_edge
2025,1,2025-08-29T00:00:00.000Z,401752793,Buffalo,Minnesota,Underdog,17.166666666666668,W,4.166666666666668,0.0,-5.0,-32.0,23.0,minus_5_to_15,MAC,Big Ten,G6,P4,G6_vs_P4,False,False,MAC,Big Ten,,,minus_25,15_to_25,True,5_to_15,dog_14_plus,opponent_has_rp_edge
2025,1,2025-08-29T01:00:00.000Z,401762791,Wisconsin,Miami (OH),Favorite,-18.0,L,-1.0,0.5,32.0,18.0,47.0,25_plus,Big Ten,MAC,P4,G6,P4_vs_G6,False,False,Big Ten,MAC,,,15_to_25,25_plus,True,25_plus,fav_14_plus,team_has_rp_edge
2025,1,2025-08-30T00:00:00.000Z,401754375,Georgia Tech,Colorado,Favorite,-3.6666666666666665,W,3.3333333333333335,0.0,14.0,9.0,21.0,5_to_15,ACC,Big 12,P4,P4,P4_vs_P4,False,False,ACC,Big 12,,,5_to_15,15_to_25,True,5_to_15,fav_3_7,team_has_rp_edge
2025,1,2025-08-30T16:00:00.000Z,401752803,Northwestern,Tulane,Underdog,6.0,L,-14.0,2.5,2.0,-9.0,14.0,neutral,Big Ten,American,P4,G6,P4_vs_G6,False,False,Big Ten,American,,,minus_5_to_15,5_to_15,True,neutral,dog_3_7,team_has_rp_edge
2025,1,2025-08-30T16:00:00.000Z,401752676,Tennessee,Syracuse,Favorite,-13.5,W,5.5,-1.0,8.0,-13.0,30.0,5_to_15,SEC,ACC,P4,P4,P4_vs_P4,False,False,SEC,ACC,,,minus_5_to_15,25_plus,True,5_to_15,fav_7_14,team_has_rp_edge
2025,1,2025-08-30T16:00:00.000Z,401752676,Syracuse,Tennessee,Underdog,13.5,L,-5.5,1.0,-8.0,-30.0,13.0,minus_5_to_15,ACC,SEC,P4,P4,P4_vs_P4,False,False,ACC,SEC,,,minus_25,5_to_15,True,5_to_15,dog_7_14,opponent_has_rp_edge
2025,1,2025-08-30T16:00:00.000Z,401752677,Ohio State,Texas,Favorite,-2.1666666666666665,W,4.833333333333334,-1.0,1.0,-14.0,16.0,neutral,Big Ten,SEC,P4,P4,P4_vs_P4,False,False,Big Ten,SEC,,,minus_5_to_15,15_to_25,True,neutral,pick_to_3,team_has_rp_edge
2025,1,2025-08-30T16:00:00.000Z,401752677,Texas,Ohio State,Underdog,2.1666666666666665,L,-4.833333333333334,1.0,-1.0,-16.0,14.0,neutral,SEC,Big Ten,P4,P4,P4_vs_P4,False,False,SEC,Big Ten,,,minus_15_to_25,5_to_15,True,neutral,pick_to_3,opponent_has_rp_edge
2025,1,2025-08-30T18:30:00.000Z,401752806,Indiana,Old Dominion,Favorite,-23.333333333333332,L,-10.333333333333332,-0.5,4.0,-7.0,14.0,neutral,Big Ten,Sun Belt,P4,G6,P4_vs_G6,False,False,Big Ten,Sun Belt,,,minus_5_to_15,5_to_15,True,neutral,fav_14_plus,team_has_rp_edge
2025,1,2025-08-30T19:30:00.000Z,401752807,Penn State,Nevada,Favorite,-44.166666666666664,L,-9.166666666666664,0.0,34.0,46.0,20.0,25_plus,Big Ten,Mountain West,P4,G6,P4_vs_G6,False,False,Big Ten,Mountain West,,,25_plus,15_to_25,True,25_plus,fav_14_plus,team_has_rp_edge
2025,1,2025-08-30T19:30:00.000Z,401752669,Georgia,Marshall,Favorite,-38.833333333333336,L,-0.8333333333333357,0.0,13.0,8.0,17.0,5_to_15,SEC,Sun Belt,P4,G6,P4_vs_G6,False,False,SEC,Sun Belt,,,5_to_15,15_to_25,True,5_to_15,fav_14_plus,team_has_rp_edge
2025,1,2025-08-30T23:30:00.000Z,401752671,Clemson,LSU,Favorite,-4.833333333333333,L,-11.833333333333332,3.0,19.0,27.0,10.0,15_to_25,ACC,SEC,P4,P4,P4_vs_P4,False,False,ACC,SEC,,,25_plus,5_to_15,True,15_to_25,fav_3_7,team_has_rp_edge
2025,1,2025-08-30T23:30:00.000Z,401752808,Michigan,New Mexico,Favorite,-35.166666666666664,L,-18.166666666666664,0.0,37.0,38.0,35.0,25_plus,Big Ten,Mountain West,P4,G6,P4_vs_G6,False,False,Big Ten,Mountain West,,,25_plus,25_plus,True,25_plus,fav_14_plus,team_has_rp_edge
2025,1,2025-08-31T00:00:00.000Z,401761592,Louisiana,Rice,Favorite,-11.166666666666666,L,-13.166666666666666,-5.0,2.0,-9.0,12.0,neutral,Sun Belt,American,G6,G6,G6_vs_G6,False,False,Sun Belt,American,,,minus_5_to_15,5_to_15,True,neutral,fav_7_14,team_has_rp_edge
2025,1,2025-08-31T02:30:00.000Z,401752936,Oregon State,California,Underdog,0.8333333333333334,L,-18.166666666666668,-4.5,10.0,8.0,10.0,5_to_15,,,,,,,,,,,,5_to_15,5_to_15,True,5_to_15,pick_to_3,team_has_rp_edge
2025,1,2025-08-31T23:30:00.000Z,401754522,Notre Dame,Miami,Favorite,-2.6666666666666665,L,-5.666666666666666,0.5,2.0,-9.0,15.0,neutral,Independent,ACC,Independent,P4,Other,False,False,Independent,ACC,,,minus_5_to_15,15_to_25,True,neutral,pick_to_3,team_has_rp_edge
2025,2,2025-09-06T16:00:00.000Z,401752825,Illinois,Duke,Favorite,-2.5,W,23.5,0.0,18.0,22.0,15.0,15_to_25,Big Ten,ACC,P4,P4,P4_vs_P4,False,False,Big Ten,ACC,,,15_to_25,15_to_25,True,15_to_25,pick_to_3,team_has_rp_edge
2025,2,2025-09-06T16:00:00.000Z,401757227,Liberty,Jacksonville State,Favorite,-6.25,L,-16.25,1.0,38.0,42.0,35.0,25_plus,Conference USA,Conference USA,G6,G6,G6_vs_G6,False,False,Conference USA,Conference USA,,,25_plus,25_plus,True,25_plus,fav_3_7,team_has_rp_edge
2025,2,2025-09-06T19:30:00.000Z,401752818,Rutgers,Miami (OH),Favorite,-15.5,W,12.5,2.0,39.0,31.0,47.0,25_plus,Big Ten,MAC,P4,G6,P4_vs_G6,False,False,Big Ten,MAC,,,25_plus,25_plus,True,25_plus,fav_14_plus,team_has_rp_edge
2025,2,2025-09-06T19:30:00.000Z,401756880,Cincinnati,Bowling Green,Favorite,-22.0,L,-8.0,4.5,30.0,35.0,26.0,25_plus,Big 12,MAC,P4,G6,P4_vs_G6,False,False,Big 12,MAC,,,25_plus,25_plus,True,25_plus,fav_14_plus,team_has_rp_edge
2025,2,2025-09-06T19:30:00.000Z,401752686,Kentucky,Ole Miss,Underdog,7.75,W,0.75,2.0,18.0,18.0,17.0,15_to_25,SEC,SEC,P4,P4,P4_vs_P4,False,False,SEC,SEC,,,15_to_25,15_to_25,True,15_to_25,dog_7_14,team_has_rp_edge
2025,2,2025-09-06T19:30:00.000Z,401754637,Clemson,Troy,Favorite,-30.25,L,-19.25,-2.0,15.0,18.0,11.0,15_to_25,ACC,Sun Belt,P4,G6,P4_vs_G6,False,False,ACC,Sun Belt,,,15_to_25,5_to_15,True,15_to_25,fav_14_plus,team_has_rp_edge
2025,2,2025-09-06T19:30:00.000Z,401756881,Delaware,Colorado,Underdog,23.5,L,-0.5,1.0,15.0,-1.0,32.0,15_to_25,Conference USA,Big 12,G6,P4,G6_vs_P4,False,False,,Big 12,,,neutral,25_plus,True,15_to_25,dog_14_plus,team_has_rp_edge
2025,2,2025-09-06T19:30:00.000Z,401762461,North Texas,Western Michigan,Favorite,-12.25,L,-9.25,2.0,16.0,-6.0,40.0,15_to_25,American,MAC,G6,G6,G6_vs_G6,False,False,American,MAC,,,minus_5_to_15,25_plus,True,15_to_25,fav_7_14,team_has_rp_edge
2025,2,2025-09-06T19:30:00.000Z,401752689,Missouri,Kansas,Favorite,-6.333333333333333,W,4.666666666666667,0.0,6.0,-3.0,15.0,5_to_15,SEC,Big 12,P4,P4,P4_vs_P4,False,False,SEC,Big 12,,,neutral,15_to_25,True,5_to_15,fav_3_7,team_has_rp_edge
2025,2,2025-09-06T19:30:00.000Z,401762458,Navy,UAB,Favorite,-21.5,L,-7.5,1.0,24.0,33.0,14.0,15_to_25,American,American,G6,G6,G6_vs_G6,False,False,American,American,,,25_plus,5_to_15,True,15_to_25,fav_14_plus,team_has_rp_edge
2025,2,2025-09-06T20:00:00.000Z,401756883,Ohio,West Virginia,Underdog,3.5,W,10.5,-0.5,13.0,0.0,24.0,5_to_15,MAC,Big 12,G6,P4,G6_vs_P4,False,False,MAC,Big 12,,,neutral,15_to_25,True,5_to_15,dog_3_7,team_has_rp_edge
2025,2,2025-09-06T23:00:00.000Z,401754527,North Carolina,Charlotte,Favorite,-15.75,W,1.25,2.0,23.0,11.0,36.0,15_to_25,ACC,American,P4,G6,P4_vs_G6,False,False,ACC,American,,,5_to_15,25_plus,True,15_to_25,fav_14_plus,team_has_rp_edge
2025,2,2025-09-06T23:00:00.000Z,401757232,Toledo,Western Kentucky,Favorite,-8.0,W,16.0,1.0,26.0,42.0,10.0,25_plus,MAC,Conference USA,G6,G6,G6_vs_G6,False,False,MAC,Conference USA,,,25_plus,5_to_15,True,25_plus,fav_7_14,team_has_rp_edge
2025,2,2025-09-06T23:00:00.000Z,401756884,Houston,Rice,Favorite,-13.5,W,12.5,1.0,26.0,18.0,32.0,25_plus,Big 12,American,P4,G6,P4_vs_G6,False,False,Big 12,American,,,15_to_25,25_plus,True,25_plus,fav_7_14,team_has_rp_edge
2025,2,2025-09-06T23:30:00.000Z,401752695,Vanderbilt,Virginia Tech,Underdog,2.0,W,26.0,-0.5,16.0,12.0,21.0,15_to_25,SEC,ACC,P4,P4,P4_vs_P4,False,False,SEC,ACC,,,5_to_15,15_to_25,True,15_to_25,pick_to_3,team_has_rp_edge
2025,2,2025-09-07T01:00:00.000Z,401757229,New Mexico State,Tulsa,Underdog,3.25,W,10.25,0.0,18.0,17.0,19.0,15_to_25,Conference USA,American,G6,G6,G6_vs_G6,False,False,Conference USA,American,,,15_to_25,15_to_25,True,15_to_25,pick_to_3,team_has_rp_edge
2025,2,2025-09-07T02:15:00.000Z,401752948,San Diego State,Washington State,Underdog,2.25,L,-20.75,-1.0,25.0,7.0,43.0,25_plus,,,,,,,,,,,,5_to_15,25_plus,True,25_plus,pick_to_3,team_has_rp_edge
2025,3,2025-09-12T23:30:00.000Z,401756893,Houston,Colorado,Favorite,-3.8333333333333335,W,12.166666666666666,-0.5,15.0,13.0,17.0,15_to_25,Big 12,Big 12,P4,P4,P4_vs_P4,False,False,Big 12,Big 12,,,5_to_15,15_to_25,True,15_to_25,fav_3_7,team_has_rp_edge
2025,3,2025-09-13T16:00:00.000Z,401754623,Clemson,Georgia Tech,Favorite,-2.8333333333333335,L,-5.833333333333334,-3.5,17.0,21.0,11.0,15_to_25,ACC,ACC,P4,P4,P4_vs_P4,False,False,ACC,ACC,,,15_to_25,5_to_15,True,15_to_25,pick_to_3,team_has_rp_edge
2025,3,2025-09-13T16:00:00.000Z,401761608,Troy,Memphis,Underdog,4.5,L,-16.5,,27.0,31.0,23.0,25_plus,Sun Belt,American,G6,G6,G6_vs_G6,False,False,Sun Belt,American,,,25_plus,15_to_25,True,25_plus,dog_3_7,team_has_rp_edge
2025,3,2025-09-13T16:00:00.000Z,401752831,Northwestern,Oregon,Underdog,25.5,W,5.5,3.0,15.0,8.0,21.0,15_to_25,Big Ten,Big Ten,P4,P4,P4_vs_P4,False,False,Big Ten,Big Ten,,,5_to_15,15_to_25,True,15_to_25,dog_14_plus,team_has_rp_edge
2025,3,2025-09-13T17:00:00.000Z,401752702,Missouri,Louisiana,Favorite,-27.5,W,14.5,5.0,19.0,3.0,35.0,15_to_25,SEC,Sun Belt,P4,G6,P4_vs_G6,False,False,SEC,Sun Belt,,,neutral,25_plus,True,15_to_25,fav_14_plus,team_has_rp_edge
2025,3,2025-09-13T19:30:00.000Z,401752938,Texas Tech,Oregon State,Favorite,-24.0,W,7.0,-1.0,13.0,2.0,25.0,5_to_15,,,,,,,,,,,,neutral,25_plus,True,5_to_15,fav_14_plus,team_has_rp_edge
2025,3,2025-09-13T19:30:00.000Z,401754638,Pittsburgh,West Virginia,Favorite,-6.833333333333333,L,-13.833333333333332,2.5,18.0,12.0,23.0,15_to_25,ACC,Big 12,P4,P4,P4_vs_P4,False,False,ACC,Big 12,,,5_to_15,15_to_25,True,15_to_25,fav_3_7,team_has_rp_edge
2025,3,2025-09-13T19:30:00.000Z,401752832,USC,Purdue,Favorite,-20.5,L,-4.5,-1.0,14.0,13.0,16.0,5_to_15,Big Ten,Big Ten,P4,P4,P4_vs_P4,False,False,Big Ten,Big Ten,,,5_to_15,15_to_25,True,5_to_15,fav_14_plus,team_has_rp_edge
2025,3,2025-09-13T19:30:00.000Z,401752705,Tennessee,Georgia,Underdog,3.5,W,0.5,3.0,13.0,1.0,26.0,5_to_15,SEC,SEC,P4,P4,P4_vs_P4,False,False,SEC,SEC,,,neutral,25_plus,True,5_to_15,dog_3_7,team_has_rp_edge
2025,3,2025-09-13T19:30:00.000Z,401752949,North Texas,Washington State,Favorite,-6.5,W,42.5,1.0,26.0,17.0,35.0,25_plus,,,,,,,,,,,,15_to_25,25_plus,True,25_plus,fav_3_7,team_has_rp_edge
2025,3,2025-09-13T20:15:00.000Z,401752706,UTEP,Texas,Underdog,39.833333333333336,W,22.833333333333336,-4.0,16.0,14.0,18.0,15_to_25,Conference USA,SEC,G6,P4,G6_vs_P4,False,False,Conference USA,SEC,,,5_to_15,15_to_25,True,15_to_25,dog_14_plus,team_has_rp_edge
2025,3,2025-09-13T20:30:00.000Z,401754535,South Florida,Miami,Underdog,17.666666666666668,L,-19.333333333333332,-2.0,12.0,8.0,17.0,5_to_15,American,ACC,G6,P4,G6_vs_P4,False,False,American,ACC,,,5_to_15,15_to_25,True,5_to_15,dog_14_plus,team_has_rp_edge
2025,3,2025-09-13T21:00:00.000Z,401757256,Liberty,Bowling Green,Favorite,-6.0,L,-16.0,-1.0,28.0,31.0,27.0,25_plus,Conference USA,MAC,G6,G6,G6_vs_G6,False,False,Conference USA,MAC,,,25_plus,25_plus,True,25_plus,fav_3_7,team_has_rp_edge
2025,3,2025-09-13T21:00:00.000Z,401757258,Middle Tennessee,Nevada,Underdog,9.333333333333334,W,10.333333333333334,0.0,27.0,32.0,22.0,25_plus,Conference USA,Mountain West,G6,G6,G6_vs_G6,False,False,Conference USA,Mountain West,,,25_plus,15_to_25,True,25_plus,dog_7_14,team_has_rp_edge
2025,3,2025-09-13T23:00:00.000Z,401754536,Virginia Tech,Old Dominion,Favorite,-5.5,L,-24.5,-1.0,-3.0,-16.0,10.0,neutral,ACC,Sun Belt,P4,G6,P4_vs_G6,False,False,ACC,Sun Belt,,,minus_15_to_25,5_to_15,True,neutral,fav_3_7,opponent_has_rp_edge
2025,3,2025-09-13T23:00:00.000Z,401754536,Old Dominion,Virginia Tech,Underdog,5.5,W,24.5,1.0,3.0,-10.0,16.0,neutral,Sun Belt,ACC,G6,P4,G6_vs_P4,False,False,Sun Belt,ACC,,,minus_5_to_15,15_to_25,True,neutral,dog_3_7,team_has_rp_edge
2025,3,2025-09-13T23:00:00.000Z,401752827,Ohio,Ohio State,Underdog,28.333333333333332,W,0.3333333333333321,-3.0,13.0,10.0,15.0,5_to_15,MAC,Big Ten,G6,P4,G6_vs_P4,False,False,MAC,Big Ten,,,5_to_15,15_to_25,True,5_to_15,dog_14_plus,team_has_rp_edge
2025,3,2025-09-13T23:00:00.000Z,401752829,Illinois,Western Michigan,Favorite,-27.5,W,10.5,-1.0,39.0,29.0,51.0,25_plus,Big Ten,MAC,P4,G6,P4_vs_G6,False,False,Big Ten,MAC,,,25_plus,25_plus,True,25_plus,fav_14_plus,team_has_rp_edge
2025,3,2025-09-13T23:00:00.000Z,401752700,Arkansas,Ole Miss,Underdog,3.8333333333333335,L,-2.1666666666666665,4.0,15.0,20.0,10.0,15_to_25,SEC,SEC,P4,P4,P4_vs_P4,False,False,SEC,SEC,,,15_to_25,5_to_15,True,15_to_25,dog_3_7,team_has_rp_edge
2025,3,2025-09-13T23:30:00.000Z,401752698,Kentucky,Eastern Michigan,Favorite,-26.666666666666668,L,-1.666666666666668,1.0,13.0,12.0,13.0,5_to_15,SEC,MAC,P4,G6,P4_vs_G6,False,False,SEC,MAC,,,5_to_15,5_to_15,True,5_to_15,fav_14_plus,team_has_rp_edge
2025,3,2025-09-13T23:30:00.000Z,401757257,New Mexico State,Louisiana Tech,Underdog,10.166666666666666,L,-24.833333333333336,2.0,17.0,24.0,11.0,15_to_25,Conference USA,Conference USA,G6,G6,G6_vs_G6,False,False,Conference USA,Conference USA,,,15_to_25,5_to_15,True,15_to_25,dog_7_14,team_has_rp_edge
2025,3,2025-09-13T23:30:00.000Z,401752707,Texas A&M,Notre Dame,Underdog,6.833333333333333,W,7.833333333333333,0.0,14.0,4.0,24.0,5_to_15,SEC,Independent,P4,Independent,Other,False,False,SEC,Independent,,,neutral,15_to_25,True,5_to_15,dog_3_7,team_has_rp_edge
2025,3,2025-09-14T00:00:00.000Z,401762465,Navy,Tulsa,Favorite,-13.666666666666666,W,5.333333333333334,-1.0,16.0,21.0,10.0,15_to_25,American,American,G6,G6,G6_vs_G6,False,False,American,American,,,15_to_25,5_to_15,True,15_to_25,fav_7_14,team_has_rp_edge
2025,3,2025-09-14T02:30:00.000Z,401754533,Stanford,Boston College,Underdog,13.833333333333334,W,23.833333333333336,-3.0,4.0,-5.0,14.0,neutral,ACC,ACC,P4,P4,P4_vs_P4,False,False,ACC,ACC,,,minus_5_to_15,5_to_15,True,neutral,dog_7_14,team_has_rp_edge
2025,3,2025-09-14T02:30:00.000Z,401752840,Minnesota,California,Favorite,-3.1666666666666665,L,-16.166666666666668,1.0,10.0,1.0,17.0,5_to_15,Big Ten,ACC,P4,P4,P4_vs_P4,False,False,Big Ten,ACC,,,neutral,15_to_25,True,5_to_15,pick_to_3,team_has_rp_edge
2025,4,2025-09-18T23:30:00.000Z,401762468,Charlotte,Rice,Underdog,1.6666666666666667,L,-9.333333333333334,2.5,-9.0,-32.0,12.0,minus_5_to_15,American,American,G6,G6,G6_vs_G6,False,False,American,American,,,minus_25,5_to_15,True,5_to_15,pick_to_3,opponent_has_rp_edge
2025,4,2025-09-18T23:30:00.000Z,401762468,Rice,Charlotte,Favorite,-1.6666666666666667,W,9.333333333333334,-2.5,9.0,-12.0,32.0,5_to_15,American,American,G6,G6,G6_vs_G6,False,False,American,American,,,minus_5_to_15,25_plus,True,5_to_15,pick_to_3,team_has_rp_edge
2025,4,2025-09-20T16:00:00.000Z,401762469,Army,North Texas,Underdog,2.5,L,-4.5,-1.5,-2.0,-30.0,24.0,neutral,American,American,G6,G6,G6_vs_G6,False,False,American,American,,,minus_25,15_to_25,True,neutral,pick_to_3,opponent_has_rp_edge
2025,4,2025-09-20T16:00:00.000Z,401762469,North Texas,Army,Favorite,-2.5,W,4.5,1.5,2.0,-24.0,30.0,neutral,American,American,G6,G6,G6_vs_G6,False,False,American,American,,,minus_15_to_25,25_plus,True,neutral,pick_to_3,team_has_rp_edge
2025,4,2025-09-20T16:00:00.000Z,401756901,Texas Tech,Utah,Underdog,3.5,W,27.5,1.0,14.0,17.0,10.0,5_to_15,Big 12,Big 12,P4,P4,P4_vs_P4,False,False,Big 12,Big 12,,,15_to_25,5_to_15,True,5_to_15,dog_3_7,team_has_rp_edge
2025,4,2025-09-20T16:00:00.000Z,401754537,Clemson,Syracuse,Favorite,-17.5,L,-30.5,1.0,31.0,24.0,38.0,25_plus,ACC,ACC,P4,P4,P4_vs_P4,False,False,ACC,ACC,,,15_to_25,25_plus,True,25_plus,fav_14_plus,team_has_rp_edge
2025,4,2025-09-20T16:00:00.000Z,401754642,Louisville,Bowling Green,Favorite,-26.166666666666668,L,-3.166666666666668,-2.0,20.0,28.0,12.0,15_to_25,ACC,MAC,P4,G6,P4_vs_G6,False,False,ACC,MAC,,,25_plus,5_to_15,True,15_to_25,fav_14_plus,team_has_rp_edge
2025,4,2025-09-20T16:00:00.000Z,401752845,Wisconsin,Maryland,Favorite,-10.5,L,-27.5,4.0,13.0,13.0,14.0,5_to_15,Big Ten,Big Ten,P4,P4,P4_vs_P4,False,False,Big Ten,Big Ten,,,5_to_15,5_to_15,True,5_to_15,fav_7_14,team_has_rp_edge
2025,4,2025-09-20T16:45:00.000Z,401752715,Tennessee,UAB,Favorite,-39.0,L,-7.0,1.0,19.0,9.0,29.0,15_to_25,SEC,American,P4,G6,P4_vs_G6,False,False,SEC,American,,,5_to_15,25_plus,True,15_to_25,fav_14_plus,team_has_rp_edge
2025,4,2025-09-20T19:00:00.000Z,401752841,Oregon State,Oregon,Underdog,34.0,P,0.0,0.0,19.0,11.0,25.0,15_to_25,,,,,,,,,,,,5_to_15,25_plus,True,15_to_25,dog_14_plus,team_has_rp_edge
2025,4,2025-09-20T19:30:00.000Z,401752848,Notre Dame,Purdue,Favorite,-24.5,W,1.5,-2.0,25.0,12.0,39.0,25_plus,Independent,Big Ten,Independent,P4,Other,False,False,Independent,Big Ten,,,5_to_15,25_plus,True,25_plus,fav_14_plus,team_has_rp_edge
2025,4,2025-09-20T19:30:00.000Z,401761613,Troy,Buffalo,Underdog,5.833333333333333,W,9.833333333333332,0.0,9.0,-9.0,27.0,5_to_15,Sun Belt,MAC,G6,G6,G6_vs_G6,False,False,Sun Belt,MAC,,,minus_5_to_15,25_plus,True,5_to_15,dog_3_7,team_has_rp_edge
2025,4,2025-09-20T19:30:00.000Z,401762820,Toledo,Western Michigan,Favorite,-12.666666666666666,L,-13.666666666666666,-2.0,23.0,26.0,22.0,15_to_25,MAC,MAC,G6,G6,G6_vs_G6,False,False,MAC,MAC,,,25_plus,15_to_25,True,15_to_25,fav_7_14,team_has_rp_edge
2025,4,2025-09-20T19:30:00.000Z,401754640,North Carolina,UCF,Underdog,7.166666666666667,L,-17.833333333333332,-1.0,8.0,4.0,13.0,5_to_15,ACC,Big 12,P4,P4,P4_vs_P4,False,False,ACC,Big 12,,,neutral,5_to_15,True,5_to_15,dog_3_7,team_has_rp_edge
2025,4,2025-09-20T19:30:00.000Z,401752711,Tulane,Ole Miss,Underdog,12.166666666666666,L,-22.833333333333336,1.0,14.0,3.0,24.0,5_to_15,American,SEC,G6,P4,G6_vs_P4,False,False,American,SEC,,,neutral,15_to_25,True,5_to_15,dog_7_14,team_has_rp_edge
2025,4,2025-09-20T19:30:00.000Z,401761610,Eastern Michigan,Louisiana,Underdog,2.1666666666666665,W,5.166666666666666,1.0,6.0,2.0,10.0,5_to_15,MAC,Sun Belt,G6,G6,G6_vs_G6,False,False,MAC,Sun Belt,,,neutral,5_to_15,True,5_to_15,pick_to_3,team_has_rp_edge
2025,4,2025-09-20T23:00:00.000Z,401757264,Middle Tennessee,Marshall,Underdog,2.5,L,-11.5,1.0,24.0,25.0,24.0,15_to_25,Conference USA,Sun Belt,G6,G6,G6_vs_G6,False,False,Conference USA,Sun Belt,,,25_plus,15_to_25,True,15_to_25,pick_to_3,team_has_rp_edge
2025,4,2025-09-20T23:30:00.000Z,401752842,Washington,Washington State,Favorite,-20.833333333333332,W,14.166666666666668,0.0,25.0,22.0,26.0,25_plus,,,,,,,,,,,,15_to_25,25_plus,True,25_plus,fav_14_plus,team_has_rp_edge
2025,4,2025-09-20T23:30:00.000Z,401752843,Illinois,Indiana,Underdog,7.0,L,-46.0,-3.0,15.0,18.0,14.0,15_to_25,Big Ten,Big Ten,P4,P4,P4_vs_P4,False,False,Big Ten,Big Ten,,,15_to_25,5_to_15,True,15_to_25,dog_3_7,team_has_rp_edge
2025,4,2025-09-20T23:30:00.000Z,401754539,Stanford,Virginia,Underdog,16.166666666666668,L,-11.833333333333332,0.0,6.0,-3.0,16.0,5_to_15,ACC,ACC,P4,P4,P4_vs_P4,False,False,ACC,ACC,,,neutral,15_to_25,True,5_to_15,dog_14_plus,team_has_rp_edge
2025,4,2025-09-20T23:30:00.000Z,401752709,Florida,Miami,Underdog,8.5,L,-10.5,1.0,11.0,8.0,14.0,5_to_15,SEC,ACC,P4,P4,P4_vs_P4,False,False,SEC,ACC,,,5_to_15,5_to_15,True,5_to_15,dog_7_14,team_has_rp_edge
2023,1,2023-09-01T23:00:00.000Z,401525463,Miami,Miami (OH),Favorite,-16.625,W,18.375,,1.0,-14.0,16.0,neutral,ACC,MAC,P4,G6,P4_vs_G6,False,False,ACC,MAC,,,minus_5_to_15,15_to_25,True,neutral,fav_14_plus,team_has_rp_edge
2023,1,2023-09-02T03:00:00.000Z,401523988,Hawai'i,Stanford,Underdog,3.625,L,-9.375,,12.0,9.0,15.0,5_to_15,,,,,,,,,,,,5_to_15,15_to_25,True,5_to_15,dog_3_7,team_has_rp_edge
2023,1,2023-09-02T16:00:00.000Z,401520172,Louisiana Tech,SMU,Underdog,20.125,L,-3.875,,20.0,14.0,25.0,15_to_25,Conference USA,American,G6,G6,G6_vs_G6,False,False,Conference USA,American,,,5_to_15,25_plus,True,15_to_25,dog_14_plus,team_has_rp_edge
2023,1,2023-09-02T16:00:00.000Z,401520162,Michigan,East Carolina,Favorite,-35.4,L,-8.399999999999999,,47.0,45.0,48.0,25_plus,Big Ten,American,P4,G6,P4_vs_G6,False,False,Big Ten,American,,,25_plus,25_plus,True,25_plus,fav_14_plus,team_has_rp_edge
2023,1,2023-09-02T16:00:00.000Z,401523994,Colorado,TCU,Underdog,20.6,W,23.6,,5.0,-14.0,24.0,5_to_15,,,,,,,,,,,,minus_5_to_15,15_to_25,True,5_to_15,dog_14_plus,team_has_rp_edge
2023,1,2023-09-02T16:00:00.000Z,401520179,Tennessee,Virginia,Favorite,-27.7,W,8.3,,11.0,-7.0,29.0,5_to_15,SEC,ACC,P4,P4,P4_vs_P4,False,False,SEC,ACC,,,minus_5_to_15,25_plus,True,5_to_15,fav_14_plus,team_has_rp_edge
2023,1,2023-09-02T19:30:00.000Z,401520156,Indiana,Ohio State,Underdog,29.1,W,9.1,,2.0,-12.0,15.0,neutral,Big Ten,Big Ten,P4,P4,P4_vs_P4,False,False,Big Ten,Big Ten,,,minus_5_to_15,15_to_25,True,neutral,dog_14_plus,team_has_rp_edge
2023,1,2023-09-02T22:30:00.000Z,401523996,USC,Nevada,Favorite,-37.875,W,14.125,,23.0,21.0,25.0,15_to_25,,,,,,,,,,,,15_to_25,25_plus,True,15_to_25,fav_14_plus,team_has_rp_edge
2023,1,2023-09-02T23:00:00.000Z,401520175,Army,UL Monroe,Favorite,-8.375,L,-12.375,,12.0,-2.0,25.0,5_to_15,Independent,Sun Belt,Independent,G6,Other,False,False,Independent,Sun Belt,,,neutral,25_plus,True,5_to_15,fav_7_14,team_has_rp_edge
2023,1,2023-09-02T23:30:00.000Z,401520169,Penn State,West Virginia,Favorite,-20.6,W,2.3999999999999986,,1.0,-13.0,15.0,neutral,Big Ten,Big 12,P4,P4,P4_vs_P4,False,False,Big Ten,Big 12,,,minus_5_to_15,15_to_25,True,neutral,fav_14_plus,team_has_rp_edge
2023,1,2023-09-02T23:30:00.000Z,401520149,Middle Tennessee,Alabama,Underdog,39.375,L,-9.625,,29.0,14.0,43.0,25_plus,Conference USA,SEC,G6,P4,G6_vs_P4,False,False,Conference USA,SEC,,,5_to_15,25_plus,True,25_plus,dog_14_plus,team_has_rp_edge
2023,1,2023-09-03T16:00:00.000Z,401520171,Rutgers,Northwestern,Favorite,-6.1,W,10.9,,17.0,7.0,26.0,15_to_25,Big Ten,Big Ten,P4,P4,P4_vs_P4,False,False,Big Ten,Big Ten,,,5_to_15,25_plus,True,15_to_25,fav_3_7,team_has_rp_edge
2023,2,2023-09-08T23:30:00.000Z,401520195,Kansas,Illinois,Favorite,-3.6666666666666665,W,7.333333333333334,,22.0,29.0,16.0,15_to_25,Big 12,Big Ten,P4,P4,P4_vs_P4,False,False,Big 12,Big Ten,,,25_plus,15_to_25,True,15_to_25,fav_3_7,team_has_rp_edge
2023,2,2023-09-09T16:00:00.000Z,401525498,James Madison,Virginia,Favorite,-6.0,L,-5.0,,18.0,-4.0,41.0,15_to_25,Sun Belt,ACC,G6,P4,G6_vs_P4,False,False,Sun Belt,ACC,,,neutral,25_plus,True,15_to_25,fav_3_7,team_has_rp_edge
2023,2,2023-09-09T19:30:00.000Z,401520201,Texas A&M,Miami,Favorite,-2.8333333333333335,L,-17.833333333333332,,10.0,5.0,15.0,5_to_15,SEC,ACC,P4,P4,P4_vs_P4,False,False,SEC,ACC,,,5_to_15,15_to_25,True,5_to_15,pick_to_3,team_has_rp_edge
2023,2,2023-09-09T19:30:00.000Z,401520207,UTEP,Northwestern,Underdog,1.0,L,-30.0,,9.0,1.0,17.0,5_to_15,Conference USA,Big Ten,G6,P4,G6_vs_P4,False,False,Conference USA,Big Ten,,,neutral,15_to_25,True,5_to_15,pick_to_3,team_has_rp_edge
2023,2,2023-09-09T20:00:00.000Z,401531411,Marshall,East Carolina,Favorite,-2.8333333333333335,W,15.166666666666666,,27.0,26.0,28.0,25_plus,Sun Belt,American,G6,G6,G6_vs_G6,False,False,Sun Belt,American,,,25_plus,25_plus,True,25_plus,pick_to_3,team_has_rp_edge
2023,2,2023-09-09T21:00:00.000Z,401524004,Washington,Tulsa,Favorite,-33.666666666666664,L,-0.6666666666666643,,33.0,36.0,32.0,25_plus,,,,,,,,,,,,25_plus,25_plus,True,25_plus,fav_14_plus,team_has_rp_edge
2023,2,2023-09-09T23:00:00.000Z,401520183,Texas,Alabama,Underdog,7.166666666666667,W,17.166666666666668,,34.0,47.0,20.0,25_plus,Big 12,SEC,P4,P4,P4_vs_P4,False,False,Big 12,SEC,,,25_plus,15_to_25,True,25_plus,dog_3_7,team_has_rp_edge
2023,2,2023-09-09T23:00:00.000Z,401520206,Missouri,Middle Tennessee,Favorite,-21.0,L,-17.0,,9.0,-9.0,28.0,5_to_15,SEC,Conference USA,P4,G6,P4_vs_G6,False,False,SEC,Conference USA,,,minus_5_to_15,25_plus,True,5_to_15,fav_14_plus,team_has_rp_edge
2023,2,2023-09-09T23:30:00.000Z,401520204,Eastern Michigan,Minnesota,Underdog,19.666666666666668,W,0.6666666666666679,,5.0,-10.0,20.0,5_to_15,MAC,Big Ten,G6,P4,G6_vs_P4,False,False,MAC,Big Ten,,,minus_5_to_15,15_to_25,True,5_to_15,dog_14_plus,team_has_rp_edge
2023,2,2023-09-10T00:00:00.000Z,401520211,Sam Houston,Air Force,Underdog,13.166666666666666,W,3.166666666666666,,12.0,-2.0,28.0,5_to_15,Conference USA,Mountain West,G6,G6,G6_vs_G6,False,False,,Mountain West,,,neutral,25_plus,True,5_to_15,dog_7_14,team_has_rp_edge
2023,2,2023-09-10T00:30:00.000Z,401525493,Florida State,Southern Miss,Favorite,-31.0,W,22.0,,27.0,27.0,26.0,25_plus,ACC,Sun Belt,P4,G6,P4_vs_G6,False,False,ACC,Sun Belt,,,25_plus,25_plus,True,25_plus,fav_14_plus,team_has_rp_edge
2023,2,2023-09-10T02:30:00.000Z,401524003,USC,Stanford,Favorite,-28.666666666666668,W,17.333333333333332,,41.0,39.0,44.0,25_plus,,,,,,,,,,,,25_plus,25_plus,True,25_plus,fav_14_plus,team_has_rp_edge
2023,3,2023-09-15T23:00:00.000Z,401520231,Maryland,Virginia,Favorite,-16.25,W,11.75,,12.0,0.0,23.0,5_to_15,Big Ten,ACC,P4,P4,P4_vs_P4,False,False,Big Ten,ACC,,,neutral,15_to_25,True,5_to_15,fav_14_plus,team_has_rp_edge
2023,3,2023-09-16T16:00:00.000Z,401525500,Florida State,Boston College,Favorite,-25.25,L,-23.25,,9.0,1.0,16.0,5_to_15,ACC,ACC,P4,P4,P4_vs_P4,False,False,ACC,ACC,,,neutral,15_to_25,True,5_to_15,fav_14_plus,team_has_rp_edge
2023,3,2023-09-16T18:30:00.000Z,401525437,Notre Dame,Central Michigan,Favorite,-34.75,L,-10.75,,2.0,-15.0,21.0,neutral,Independent,MAC,Independent,G6,Other,False,False,Independent,MAC,,,minus_15_to_25,15_to_25,True,neutral,fav_14_plus,team_has_rp_edge
2023,3,2023-09-16T18:30:00.000Z,401525437,Central Michigan,Notre Dame,Underdog,34.75,W,10.75,,-2.0,-21.0,15.0,neutral,MAC,Independent,G6,Independent,Other,False,False,MAC,Independent,,,minus_15_to_25,15_to_25,True,neutral,dog_14_plus,opponent_has_rp_edge
2023,3,2023-09-16T19:30:00.000Z,401525842,Oklahoma,Tulsa,Favorite,-28.0,W,21.0,,22.0,24.0,22.0,15_to_25,Big 12,American,P4,G6,P4_vs_G6,False,False,Big 12,American,,,15_to_25,15_to_25,True,15_to_25,fav_14_plus,team_has_rp_edge
2023,3,2023-09-16T19:30:00.000Z,401520244,South Florida,Alabama,Underdog,34.25,W,20.25,,16.0,8.0,24.0,15_to_25,American,SEC,G6,P4,G6_vs_P4,False,False,American,SEC,,,5_to_15,15_to_25,True,15_to_25,dog_14_plus,team_has_rp_edge
2023,3,2023-09-16T20:00:00.000Z,401520245,Texas A&M,UL Monroe,Favorite,-36.5,W,7.5,,28.0,16.0,38.0,25_plus,SEC,Sun Belt,P4,G6,P4_vs_G6,False,False,SEC,Sun Belt,,,15_to_25,25_plus,True,25_plus,fav_14_plus,team_has_rp_edge
2023,3,2023-09-16T23:00:00.000Z,401525835,Miami (OH),Cincinnati,Underdog,14.25,W,21.25,,23.0,12.0,34.0,15_to_25,MAC,Big 12,G6,P4,G6_vs_P4,False,True,MAC,American,,0.0,5_to_15,25_plus,True,15_to_25,dog_7_14,team_has_rp_edge
2023,3,2023-09-16T23:00:00.000Z,401531848,James Madison,Troy,Underdog,2.8333333333333335,W,4.833333333333334,,10.0,5.0,17.0,5_to_15,Sun Belt,Sun Belt,G6,G6,G6_vs_G6,False,False,Sun Belt,Sun Belt,,,5_to_15,15_to_25,True,5_to_15,pick_to_3,team_has_rp_edge
2023,3,2023-09-16T23:00:00.000Z,401531379,Louisiana,UAB,Underdog,2.0,W,22.0,,27.0,36.0,18.0,25_plus,Sun Belt,American,G6,G6,G6_vs_G6,False,True,Sun Belt,Conference USA,,0.0,25_plus,15_to_25,True,25_plus,pick_to_3,team_has_rp_edge
2023,3,2023-09-16T23:30:00.000Z,401525503,West Virginia,Pittsburgh,Favorite,-1.0,W,10.0,,13.0,11.0,16.0,5_to_15,Big 12,ACC,P4,P4,P4_vs_P4,False,False,Big 12,ACC,,,5_to_15,15_to_25,True,5_to_15,pick_to_3,team_has_rp_edge
2023,3,2023-09-16T23:30:00.000Z,401520232,Michigan,Bowling Green,Favorite,-40.75,L,-15.75,,22.0,30.0,15.0,15_to_25,Big Ten,MAC,P4,G6,P4_vs_G6,False,False,Big Ten,MAC,,,25_plus,15_to_25,True,15_to_25,fav_14_plus,team_has_rp_edge
2023,3,2023-09-17T00:00:00.000Z,401524008,Oregon,Hawai'i,Favorite,-38.25,W,6.75,,18.0,16.0,20.0,15_to_25,,,,,,,,,,,,15_to_25,15_to_25,True,15_to_25,fav_14_plus,team_has_rp_edge
2023,3,2023-09-17T02:30:00.000Z,401525837,Kansas,Nevada,Favorite,-28.5,L,-21.5,,32.0,37.0,27.0,25_plus,Big 12,Mountain West,P4,G6,P4_vs_G6,False,False,Big 12,Mountain West,,,25_plus,25_plus,True,25_plus,fav_14_plus,team_has_rp_edge
2023,4,2023-09-23T16:00:00.000Z,401525845,Oklahoma,Cincinnati,Favorite,-13.666666666666666,W,0.3333333333333339,,16.0,13.0,21.0,15_to_25,Big 12,Big 12,P4,P4,P4_vs_P4,False,True,Big 12,American,,0.0,5_to_15,15_to_25,True,15_to_25,fav_7_14,team_has_rp_edge
2023,4,2023-09-23T16:00:00.000Z,401525507,Florida State,Clemson,Favorite,-2.0,W,5.0,,18.0,5.0,30.0,15_to_25,ACC,ACC,P4,P4,P4_vs_P4,False,False,ACC,ACC,,,5_to_15,25_plus,True,15_to_25,pick_to_3,team_has_rp_edge
2023,4,2023-09-23T19:30:00.000Z,401525506,Boston College,Louisville,Underdog,13.833333333333334,L,-14.166666666666666,,22.0,28.0,18.0,15_to_25,ACC,ACC,P4,P4,P4_vs_P4,False,False,ACC,ACC,,,25_plus,15_to_25,True,15_to_25,dog_7_14,team_has_rp_edge
2023,4,2023-09-23T19:30:00.000Z,401520250,Ole Miss,Alabama,Underdog,7.0,L,-7.0,,31.0,42.0,19.0,25_plus,SEC,SEC,P4,P4,P4_vs_P4,False,False,SEC,SEC,,,25_plus,15_to_25,True,25_plus,dog_3_7,team_has_rp_edge
2023,4,2023-09-23T19:30:00.000Z,401525847,Kansas,BYU,Favorite,-9.333333333333334,W,1.666666666666666,,22.0,26.0,18.0,15_to_25,Big 12,Big 12,P4,P4,P4_vs_P4,False,True,Big 12,Independent,,0.0,25_plus,15_to_25,True,15_to_25,fav_7_14,team_has_rp_edge
2023,4,2023-09-23T19:30:00.000Z,401524017,Utah,UCLA,Favorite,-3.8333333333333335,W,3.1666666666666665,,12.0,8.0,15.0,5_to_15,,,,,,,,,,,,5_to_15,15_to_25,True,5_to_15,fav_3_7,team_has_rp_edge
2023,4,2023-09-23T20:00:00.000Z,401531423,Rice,South Florida,Favorite,-2.5,L,-15.5,,17.0,5.0,28.0,15_to_25,American,American,G6,G6,G6_vs_G6,True,False,Conference USA,American,0.0,,5_to_15,25_plus,True,15_to_25,pick_to_3,team_has_rp_edge
2023,4,2023-09-23T21:00:00.000Z,401531876,South Alabama,Central Michigan,Favorite,-16.166666666666668,L,-20.166666666666668,,11.0,-9.0,31.0,5_to_15,Sun Belt,MAC,G6,G6,G6_vs_G6,False,False,Sun Belt,MAC,,,minus_5_to_15,25_plus,True,5_to_15,fav_14_plus,team_has_rp_edge
2023,4,2023-09-23T22:30:00.000Z,401525508,Georgia Tech,Wake Forest,Underdog,3.6666666666666665,W,17.666666666666668,,15.0,10.0,20.0,15_to_25,ACC,ACC,P4,P4,P4_vs_P4,False,False,ACC,ACC,,,5_to_15,15_to_25,True,15_to_25,dog_3_7,team_has_rp_edge
2023,4,2023-09-23T23:30:00.000Z,401521330,Notre Dame,Ohio State,Underdog,3.1666666666666665,W,0.1666666666666665,,1.0,-12.0,15.0,neutral,Independent,Big Ten,Independent,P4,Other,False,False,Independent,Big Ten,,,minus_5_to_15,15_to_25,True,neutral,pick_to_3,team_has_rp_edge
2023,4,2023-09-23T23:30:00.000Z,401520252,Georgia,UAB,Favorite,-40.833333333333336,L,-12.833333333333336,,22.0,10.0,34.0,15_to_25,SEC,American,P4,G6,P4_vs_G6,False,True,SEC,Conference USA,,0.0,5_to_15,25_plus,True,15_to_25,fav_14_plus,team_has_rp_edge
2023,4,2023-09-24T00:00:00.000Z,401525510,North Carolina,Pittsburgh,Favorite,-7.166666666666667,W,9.833333333333332,,17.0,20.0,16.0,15_to_25,ACC,ACC,P4,P4,P4_vs_P4,False,False,ACC,ACC,,,15_to_25,15_to_25,True,15_to_25,fav_3_7,team_has_rp_edge
2023,4,2023-09-24T02:30:00.000Z,401524018,Washington,California,Favorite,-20.5,W,6.5,,5.0,-4.0,15.0,5_to_15,,,,,,,,,,,,neutral,15_to_25,True,5_to_15,fav_14_plus,team_has_rp_edge
2024,1,2024-08-30T00:00:00.000Z,401640998,Jacksonville State,Coastal Carolina,Favorite,-3.5,L,-31.5,,24.0,15.0,33.0,15_to_25,Conference USA,Sun Belt,G6,G6,G6_vs_G6,False,False,Conference USA,Sun Belt,,,15_to_25,25_plus,True,15_to_25,fav_3_7,team_has_rp_edge
2024,1,2024-08-30T00:00:00.000Z,401628448,Minnesota,North Carolina,Underdog,0.3333333333333333,L,-1.6666666666666667,,34.0,32.0,37.0,25_plus,Big Ten,ACC,P4,P4,P4_vs_P4,False,False,Big Ten,ACC,,,25_plus,25_plus,True,25_plus,pick_to_3,team_has_rp_edge
2024,1,2024-08-30T23:00:00.000Z,401628328,Oklahoma,Temple,Favorite,-43.0,W,5.0,,8.0,-18.0,33.0,5_to_15,SEC,American,P4,G6,P4_vs_G6,True,False,Big 12,American,0.0,,minus_15_to_25,25_plus,True,5_to_15,fav_14_plus,team_has_rp_edge
2024,1,2024-08-30T23:00:00.000Z,401628328,Temple,Oklahoma,Underdog,43.0,L,-5.0,,-8.0,-33.0,18.0,minus_5_to_15,American,SEC,G6,P4,G6_vs_P4,False,True,American,Big 12,,0.0,minus_25,15_to_25,True,5_to_15,dog_14_plus,opponent_has_rp_edge
2024,1,2024-08-31T16:00:00.000Z,401628451,UConn,Maryland,Underdog,19.333333333333332,L,-23.666666666666668,,10.0,3.0,17.0,5_to_15,Independent,Big Ten,Independent,P4,Other,False,False,Independent,Big Ten,,,neutral,15_to_25,True,5_to_15,dog_14_plus,team_has_rp_edge
2024,1,2024-08-31T16:00:00.000Z,401628333,Virginia Tech,Vanderbilt,Favorite,-13.333333333333334,L,-20.333333333333336,,26.0,30.0,23.0,25_plus,ACC,SEC,P4,P4,P4_vs_P4,False,False,ACC,SEC,,,25_plus,15_to_25,True,25_plus,fav_7_14,team_has_rp_edge
2024,1,2024-08-31T19:30:00.000Z,401628454,Nebraska,UTEP,Favorite,-27.5,W,5.5,0.5,32.0,28.0,36.0,25_plus,Big Ten,Conference USA,P4,G6,P4_vs_G6,False,False,Big Ten,Conference USA,,,25_plus,25_plus,True,25_plus,fav_14_plus,team_has_rp_edge
2024,1,2024-08-31T19:30:00.000Z,401634304,Syracuse,Ohio,Favorite,-17.333333333333332,L,-1.333333333333332,,47.0,48.0,45.0,25_plus,ACC,MAC,P4,G6,P4_vs_G6,False,False,ACC,MAC,,,25_plus,25_plus,True,25_plus,fav_14_plus,team_has_rp_edge
2024,1,2024-08-31T19:30:00.000Z,401628455,Ohio State,Akron,Favorite,-49.5,L,-3.5,,8.0,-2.0,18.0,5_to_15,Big Ten,MAC,P4,G6,P4_vs_G6,False,False,Big Ten,MAC,,,neutral,15_to_25,True,5_to_15,fav_14_plus,team_has_rp_edge
2024,1,2024-08-31T21:00:00.000Z,401643775,North Texas,South Alabama,Underdog,5.833333333333333,W,19.833333333333332,,13.0,-2.0,27.0,5_to_15,American,Sun Belt,G6,G6,G6_vs_G6,False,False,American,Sun Belt,,,neutral,25_plus,True,5_to_15,dog_3_7,team_has_rp_edge
2024,1,2024-08-31T23:00:00.000Z,401641039,Rice,Sam Houston,Favorite,-9.833333333333334,L,-29.833333333333336,,9.0,-2.0,21.0,5_to_15,American,Conference USA,G6,G6,G6_vs_G6,False,False,American,Conference USA,,,neutral,15_to_25,True,5_to_15,fav_7_14,team_has_rp_edge
2024,1,2024-08-31T23:45:00.000Z,401628324,Southern Miss,Kentucky,Underdog,25.5,L,-5.5,,7.0,-3.0,18.0,5_to_15,Sun Belt,SEC,G6,P4,G6_vs_P4,False,False,Sun Belt,SEC,,,neutral,15_to_25,True,5_to_15,dog_14_plus,team_has_rp_edge
2024,1,2024-09-01T00:00:00.000Z,401643774,Charlotte,James Madison,Underdog,7.0,L,-16.0,1.5,22.0,27.0,17.0,15_to_25,American,Sun Belt,G6,G6,G6_vs_G6,False,False,American,Sun Belt,,,25_plus,15_to_25,True,15_to_25,dog_3_7,team_has_rp_edge
2024,1,2024-09-01T02:30:00.000Z,401636608,Arizona,New Mexico,Favorite,-29.166666666666668,L,-7.166666666666668,,26.0,16.0,36.0,25_plus,Big 12,Mountain West,P4,G6,P4_vs_G6,True,False,Pac-12,Mountain West,0.0,,15_to_25,25_plus,True,25_plus,fav_14_plus,team_has_rp_edge
2024,1,2024-09-01T23:30:00.000Z,401628334,LSU,USC,Favorite,-3.8333333333333335,L,-10.833333333333334,-0.5,13.0,6.0,20.0,5_to_15,SEC,Big Ten,P4,P4,P4_vs_P4,False,True,SEC,Pac-12,,0.0,5_to_15,15_to_25,True,5_to_15,fav_3_7,team_has_rp_edge
2024,2,2024-09-07T01:00:00.000Z,401635533,Northwestern,Duke,Favorite,-2.1666666666666665,L,-8.166666666666666,-1.0,21.0,7.0,35.0,15_to_25,Big Ten,ACC,P4,P4,P4_vs_P4,False,False,Big Ten,ACC,,,5_to_15,25_plus,True,15_to_25,pick_to_3,team_has_rp_edge
2024,2,2024-09-07T16:00:00.000Z,401643784,Memphis,Troy,Favorite,-18.666666666666668,W,2.333333333333332,1.5,33.0,45.0,23.0,25_plus,American,Sun Belt,G6,G6,G6_vs_G6,False,False,American,Sun Belt,,,25_plus,15_to_25,True,25_plus,fav_14_plus,team_has_rp_edge
2024,2,2024-09-07T16:00:00.000Z,401628471,Rutgers,Akron,Favorite,-24.5,W,7.5,1.5,21.0,6.0,36.0,15_to_25,Big Ten,MAC,P4,G6,P4_vs_G6,False,False,Big Ten,MAC,,,5_to_15,25_plus,True,15_to_25,fav_14_plus,team_has_rp_edge
2024,2,2024-09-07T16:00:00.000Z,401628347,Texas,Michigan,Favorite,-6.666666666666667,W,12.333333333333332,-1.0,34.0,27.0,42.0,25_plus,SEC,Big Ten,P4,P4,P4_vs_P4,True,False,Big 12,Big Ten,0.0,,25_plus,25_plus,True,25_plus,fav_3_7,team_has_rp_edge
2024,2,2024-09-07T19:30:00.000Z,401645324,Navy,Temple,Favorite,-12.166666666666666,W,14.833333333333334,0.5,14.0,1.0,27.0,5_to_15,American,American,G6,G6,G6_vs_G6,False,False,American,American,,,neutral,25_plus,True,5_to_15,fav_7_14,team_has_rp_edge
2024,2,2024-09-07T19:30:00.000Z,401635537,Charlotte,North Carolina,Underdog,21.5,W,3.5,0.5,24.0,29.0,20.0,15_to_25,American,ACC,G6,P4,G6_vs_P4,False,False,American,ACC,,,25_plus,15_to_25,True,15_to_25,dog_14_plus,team_has_rp_edge
2024,2,2024-09-07T19:30:00.000Z,401635535,Louisville,Jacksonville State,Favorite,-28.5,W,6.5,2.0,-3.0,-24.0,18.0,neutral,ACC,Conference USA,P4,G6,P4_vs_G6,False,False,ACC,Conference USA,,,minus_15_to_25,15_to_25,True,neutral,fav_14_plus,opponent_has_rp_edge
2024,2,2024-09-07T19:30:00.000Z,401635535,Jacksonville State,Louisville,Underdog,28.5,L,-6.5,-2.0,3.0,-18.0,24.0,neutral,Conference USA,ACC,G6,P4,G6_vs_P4,False,False,Conference USA,ACC,,,minus_15_to_25,15_to_25,True,neutral,dog_14_plus,team_has_rp_edge
2024,2,2024-09-07T19:30:00.000Z,401628473,Eastern Michigan,Washington,Underdog,24.833333333333332,W,3.833333333333332,-0.5,10.0,-7.0,28.0,5_to_15,MAC,Big Ten,G6,P4,G6_vs_P4,False,True,MAC,Pac-12,,0.0,minus_5_to_15,25_plus,True,5_to_15,dog_14_plus,team_has_rp_edge
2024,2,2024-09-07T22:00:00.000Z,401643781,South Alabama,Ohio,Favorite,-0.8333333333333334,L,-7.833333333333333,1.0,14.0,6.0,22.0,5_to_15,Sun Belt,MAC,G6,G6,G6_vs_G6,False,False,Sun Belt,MAC,,,5_to_15,15_to_25,True,5_to_15,pick_to_3,team_has_rp_edge
2024,2,2024-09-07T22:30:00.000Z,401636617,Sam Houston,UCF,Underdog,21.5,L,-9.5,2.0,15.0,3.0,26.0,15_to_25,Conference USA,Big 12,G6,P4,G6_vs_P4,False,False,Conference USA,Big 12,,,neutral,25_plus,True,15_to_25,dog_14_plus,team_has_rp_edge
2024,2,2024-09-07T23:00:00.000Z,401628344,Missouri,Buffalo,Favorite,-33.666666666666664,W,4.333333333333336,-2.0,39.0,51.0,27.0,25_plus,SEC,MAC,P4,G6,P4_vs_G6,False,False,SEC,MAC,,,25_plus,25_plus,True,25_plus,fav_14_plus,team_has_rp_edge
2024,2,2024-09-07T23:45:00.000Z,401628345,Oklahoma,Houston,Favorite,-27.666666666666668,L,-23.666666666666668,1.0,1.0,-19.0,20.0,neutral,SEC,Big 12,P4,P4,P4_vs_P4,True,False,Big 12,Big 12,0.0,,minus_15_to_25,15_to_25,True,neutral,fav_14_plus,team_has_rp_edge
2024,2,2024-09-07T23:45:00.000Z,401628345,Houston,Oklahoma,Underdog,27.666666666666668,W,23.666666666666668,-1.0,-1.0,-20.0,19.0,neutral,Big 12,SEC,P4,P4,P4_vs_P4,False,True,Big 12,Big 12,,0.0,minus_15_to_25,15_to_25,True,neutral,dog_14_plus,opponent_has_rp_edge
2024,2,2024-09-08T02:00:00.000Z,401628469,Oregon,Boise State,Favorite,-18.833333333333332,L,-15.833333333333332,0.0,10.0,-3.0,24.0,5_to_15,Big Ten,Mountain West,P4,G6,P4_vs_G6,True,False,Pac-12,Mountain West,0.0,,neutral,15_to_25,True,5_to_15,fav_14_plus,team_has_rp_edge
2024,3,2024-09-14T16:00:00.000Z,401628350,Wisconsin,Alabama,Underdog,15.166666666666666,L,-16.833333333333336,-6.0,27.0,37.0,15.0,25_plus,Big Ten,SEC,P4,P4,P4_vs_P4,False,False,Big Ten,SEC,,,25_plus,15_to_25,True,25_plus,dog_14_plus,team_has_rp_edge
2024,3,2024-09-14T18:00:00.000Z,401643786,Temple,Coastal Carolina,Underdog,17.333333333333332,W,9.333333333333332,1.5,9.0,0.0,18.0,5_to_15,American,Sun Belt,G6,G6,G6_vs_G6,False,False,American,Sun Belt,,,neutral,15_to_25,True,5_to_15,dog_14_plus,team_has_rp_edge
2024,3,2024-09-14T19:30:00.000Z,401628358,Oklahoma,Tulane,Favorite,-13.333333333333334,W,1.666666666666666,0.0,12.0,-9.0,32.0,5_to_15,SEC,American,P4,G6,P4_vs_G6,True,False,Big 12,American,0.0,,minus_5_to_15,25_plus,True,5_to_15,fav_7_14,team_has_rp_edge
2024,3,2024-09-14T19:30:00.000Z,401628484,Washington State,Washington,Underdog,5.166666666666667,W,10.166666666666668,2.0,19.0,5.0,34.0,15_to_25,,,,,,,,,,,,5_to_15,25_plus,True,15_to_25,dog_3_7,team_has_rp_edge
2024,3,2024-09-14T19:30:00.000Z,401628483,Oregon,Oregon State,Favorite,-17.666666666666668,W,17.333333333333332,-2.5,29.0,42.0,16.0,25_plus,,,,,,,,,,,,25_plus,15_to_25,True,25_plus,fav_14_plus,team_has_rp_edge
2024,3,2024-09-14T20:00:00.000Z,401628477,Iowa,Troy,Favorite,-23.333333333333332,L,-6.333333333333332,0.0,33.0,51.0,16.0,25_plus,Big Ten,Sun Belt,P4,G6,P4_vs_G6,False,False,Big Ten,Sun Belt,,,25_plus,15_to_25,True,25_plus,fav_14_plus,team_has_rp_edge
2024,3,2024-09-14T22:00:00.000Z,401640990,Liberty,UTEP,Favorite,-23.666666666666668,L,-5.666666666666668,0.0,15.0,15.0,15.0,15_to_25,Conference USA,Conference USA,G6,G6,G6_vs_G6,False,False,Conference USA,Conference USA,,,15_to_25,15_to_25,True,15_to_25,fav_14_plus,team_has_rp_edge
2024,3,2024-09-14T23:00:00.000Z,401628361,Texas,UTSA,Favorite,-35.5,W,13.5,0.0,25.0,35.0,15.0,25_plus,SEC,American,P4,G6,P4_vs_G6,True,False,Big 12,American,0.0,,25_plus,15_to_25,True,25_plus,fav_14_plus,team_has_rp_edge
2024,3,2024-09-14T23:00:00.000Z,401640999,Jacksonville State,Eastern Michigan,Favorite,-1.0,L,-4.0,0.0,23.0,14.0,32.0,15_to_25,Conference USA,MAC,G6,G6,G6_vs_G6,False,False,Conference USA,MAC,,,5_to_15,25_plus,True,15_to_25,pick_to_3,team_has_rp_edge
2024,3,2024-09-14T23:30:00.000Z,401636860,Baylor,Air Force,Favorite,-16.666666666666668,W,11.333333333333332,0.0,41.0,48.0,34.0,25_plus,Big 12,Mountain West,P4,G6,P4_vs_G6,False,False,Big 12,Mountain West,,,25_plus,25_plus,True,25_plus,fav_14_plus,team_has_rp_edge
2024,3,2024-09-14T23:30:00.000Z,401628352,Auburn,New Mexico,Favorite,-25.833333333333332,W,0.1666666666666678,-4.0,25.0,20.0,29.0,25_plus,SEC,Mountain West,P4,G6,P4_vs_G6,False,False,SEC,Mountain West,,,15_to_25,25_plus,True,25_plus,fav_14_plus,team_has_rp_edge
2024,3,2024-09-14T23:30:00.000Z,401636866,TCU,UCF,Favorite,-2.1666666666666665,L,-3.1666666666666665,4.5,22.0,3.0,40.0,15_to_25,Big 12,Big 12,P4,P4,P4_vs_P4,False,False,Big 12,Big 12,,,neutral,25_plus,True,15_to_25,pick_to_3,team_has_rp_edge
2024,3,2024-09-15T00:00:00.000Z,401636862,Rice,Houston,Underdog,4.333333333333333,L,-21.666666666666668,0.0,12.0,-1.0,25.0,5_to_15,American,Big 12,G6,P4,G6_vs_P4,False,False,American,Big 12,,,neutral,25_plus,True,5_to_15,dog_3_7,team_has_rp_edge
2024,3,2024-09-15T00:00:00.000Z,401628478,Virginia,Maryland,Favorite,-1.1666666666666667,L,-15.166666666666666,0.0,31.0,34.0,28.0,25_plus,ACC,Big Ten,P4,P4,P4_vs_P4,False,False,ACC,Big Ten,,,25_plus,25_plus,True,25_plus,pick_to_3,team_has_rp_edge
2024,3,2024-09-15T02:30:00.000Z,401635541,California,San Diego State,Favorite,-18.666666666666668,W,2.333333333333332,0.0,27.0,36.0,17.0,25_plus,ACC,Mountain West,P4,G6,P4_vs_G6,True,False,Pac-12,Mountain West,0.0,,25_plus,15_to_25,True,25_plus,fav_14_plus,team_has_rp_edge
2024,4,2024-09-21T00:00:00.000Z,401628485,Nebraska,Illinois,Favorite,-8.833333333333334,L,-15.833333333333334,-1.0,15.0,11.0,20.0,15_to_25,Big Ten,Big Ten,P4,P4,P4_vs_P4,False,False,Big Ten,Big Ten,,,5_to_15,15_to_25,True,15_to_25,fav_7_14,team_has_rp_edge
2024,4,2024-09-21T16:00:00.000Z,401643791,Louisiana,Tulane,Underdog,1.5,L,-6.5,,23.0,20.0,26.0,15_to_25,Sun Belt,American,G6,G6,G6_vs_G6,False,False,Sun Belt,American,,,15_to_25,25_plus,True,15_to_25,pick_to_3,team_has_rp_edge
2024,4,2024-09-21T16:00:00.000Z,401645328,Rice,Army,Underdog,7.333333333333333,L,-15.666666666666668,,26.0,25.0,26.0,25_plus,American,American,G6,G6,G6_vs_G6,False,True,American,Independent,,0.0,25_plus,25_plus,True,25_plus,dog_3_7,team_has_rp_edge
2024,4,2024-09-21T16:45:00.000Z,401628364,Kentucky,Ohio,Favorite,-20.666666666666668,W,14.333333333333332,,22.0,12.0,30.0,15_to_25,SEC,MAC,P4,G6,P4_vs_G6,False,False,SEC,MAC,,,5_to_15,25_plus,True,15_to_25,fav_14_plus,team_has_rp_edge
2024,4,2024-09-21T18:00:00.000Z,401635558,Virginia,Coastal Carolina,Favorite,-3.5,W,15.5,0.5,31.0,39.0,24.0,25_plus,ACC,Sun Belt,P4,G6,P4_vs_G6,False,False,ACC,Sun Belt,,,25_plus,15_to_25,True,25_plus,fav_3_7,team_has_rp_edge
2024,4,2024-09-21T19:00:00.000Z,401641000,Jacksonville State,Southern Miss,Favorite,-6.166666666666667,W,30.833333333333332,0.0,13.0,-2.0,28.0,5_to_15,Conference USA,Sun Belt,G6,G6,G6_vs_G6,False,False,Conference USA,Sun Belt,,,neutral,25_plus,True,5_to_15,fav_3_7,team_has_rp_edge
2024,4,2024-09-21T19:30:00.000Z,401628365,LSU,UCLA,Favorite,-21.5,L,-4.5,-1.5,12.0,4.0,20.0,5_to_15,SEC,Big Ten,P4,P4,P4_vs_P4,False,True,SEC,Pac-12,,0.0,neutral,15_to_25,True,5_to_15,fav_14_plus,team_has_rp_edge
2024,4,2024-09-21T19:30:00.000Z,401628489,USC,Michigan,Favorite,-4.166666666666667,L,-7.166666666666667,-1.0,14.0,4.0,25.0,5_to_15,Big Ten,Big Ten,P4,P4,P4_vs_P4,True,False,Pac-12,Big Ten,0.0,,neutral,25_plus,True,5_to_15,fav_3_7,team_has_rp_edge
2024,4,2024-09-21T23:00:00.000Z,401628491,Northwestern,Washington,Underdog,11.833333333333334,L,-7.166666666666666,-1.5,40.0,12.0,69.0,25_plus,Big Ten,Big Ten,P4,P4,P4_vs_P4,False,True,Big Ten,Pac-12,,0.0,5_to_15,25_plus,True,25_plus,dog_7_14,team_has_rp_edge
2024,4,2024-09-21T23:00:00.000Z,401643716,Wyoming,North Texas,Underdog,7.0,L,-20.0,2.0,8.0,-9.0,25.0,5_to_15,Mountain West,American,G6,G6,G6_vs_G6,False,False,Mountain West,American,,,minus_5_to_15,25_plus,True,5_to_15,dog_3_7,team_has_rp_edge
2024,4,2024-09-21T23:00:00.000Z,401641037,Western Kentucky,Toledo,Underdog,2.3333333333333335,W,7.333333333333334,-3.5,19.0,8.0,32.0,15_to_25,Conference USA,MAC,G6,G6,G6_vs_G6,False,False,Conference USA,MAC,,,5_to_15,25_plus,True,15_to_25,pick_to_3,team_has_rp_edge
2024,4,2024-09-21T23:30:00.000Z,401628369,Oklahoma,Tennessee,Underdog,6.0,L,-4.0,2.0,10.0,-14.0,33.0,5_to_15,SEC,SEC,P4,P4,P4_vs_P4,True,False,Big 12,SEC,0.0,,minus_5_to_15,25_plus,True,5_to_15,dog_3_7,team_has_rp_edge
2024,4,2024-09-21T23:30:00.000Z,401628372,Texas A&M,Bowling Green,Favorite,-21.166666666666668,L,-15.166666666666668,-2.0,24.0,32.0,15.0,15_to_25,SEC,MAC,P4,G6,P4_vs_G6,False,False,SEC,MAC,,,25_plus,15_to_25,True,15_to_25,fav_14_plus,team_has_rp_edge
2024,4,2024-09-22T00:00:00.000Z,401628371,Texas,UL Monroe,Favorite,-43.0,W,5.0,-3.5,30.0,33.0,27.0,25_plus,SEC,Sun Belt,P4,G6,P4_vs_G6,True,False,Big 12,Sun Belt,0.0,,25_plus,25_plus,True,25_plus,fav_14_plus,team_has_rp_edge
2025,1,2025-08-23T23:30:00.000Z,401754516,Stanford,Hawai'i,Underdog,1.6666666666666667,L,-1.3333333333333333,-4.5,9.0,1.0,18.0,5_to_15,ACC,Mountain West,P4,G6,P4_vs_G6,False,False,ACC,Mountain West,,,neutral,15_to_25,True,5_to_15,pick_to_3,team_has_rp_edge
2025,1,2025-08-29T00:00:00.000Z,401752793,Minnesota,Buffalo,Favorite,-17.166666666666668,L,-4.166666666666668,0.0,5.0,-23.0,32.0,5_to_15,Big Ten,MAC,P4,G6,P4_vs_G6,False,False,Big Ten,MAC,,,minus_15_to_25,25_plus,True,5_to_15,fav_14_plus,team_has_rp_edge
2025,1,2025-08-29T00:00:00.000Z,401752793,Buffalo,Minnesota,Underdog,17.166666666666668,W,4.166666666666668,0.0,-5.0,-32.0,23.0,minus_5_to_15,MAC,Big Ten,G6,P4,G6_vs_P4,False,False,MAC,Big Ten,,,minus_25,15_to_25,True,5_to_15,dog_14_plus,opponent_has_rp_edge
2025,1,2025-08-29T01:00:00.000Z,401762791,Wisconsin,Miami (OH),Favorite,-18.0,L,-1.0,0.5,32.0,18.0,47.0,25_plus,Big Ten,MAC,P4,G6,P4_vs_G6,False,False,Big Ten,MAC,,,15_to_25,25_plus,True,25_plus,fav_14_plus,team_has_rp_edge
2025,1,2025-08-30T00:00:00.000Z,401754375,Georgia Tech,Colorado,Favorite,-3.6666666666666665,W,3.3333333333333335,0.0,14.0,9.0,21.0,5_to_15,ACC,Big 12,P4,P4,P4_vs_P4,False,False,ACC,Big 12,,,5_to_15,15_to_25,True,5_to_15,fav_3_7,team_has_rp_edge
2025,1,2025-08-30T16:00:00.000Z,401752676,Tennessee,Syracuse,Favorite,-13.5,W,5.5,-1.0,8.0,-13.0,30.0,5_to_15,SEC,ACC,P4,P4,P4_vs_P4,False,False,SEC,ACC,,,minus_5_to_15,25_plus,True,5_to_15,fav_7_14,team_has_rp_edge
2025,1,2025-08-30T16:00:00.000Z,401752677,Ohio State,Texas,Favorite,-2.1666666666666665,W,4.833333333333334,-1.0,1.0,-14.0,16.0,neutral,Big Ten,SEC,P4,P4,P4_vs_P4,False,False,Big Ten,SEC,,,minus_5_to_15,15_to_25,True,neutral,pick_to_3,team_has_rp_edge
2025,1,2025-08-30T19:30:00.000Z,401752807,Penn State,Nevada,Favorite,-44.166666666666664,L,-9.166666666666664,0.0,34.0,46.0,20.0,25_plus,Big Ten,Mountain West,P4,G6,P4_vs_G6,False,False,Big Ten,Mountain West,,,25_plus,15_to_25,True,25_plus,fav_14_plus,team_has_rp_edge
2025,1,2025-08-30T19:30:00.000Z,401752669,Georgia,Marshall,Favorite,-38.833333333333336,L,-0.8333333333333357,0.0,13.0,8.0,17.0,5_to_15,SEC,Sun Belt,P4,G6,P4_vs_G6,False,False,SEC,Sun Belt,,,5_to_15,15_to_25,True,5_to_15,fav_14_plus,team_has_rp_edge
2025,1,2025-08-30T23:30:00.000Z,401752808,Michigan,New Mexico,Favorite,-35.166666666666664,L,-18.166666666666664,0.0,37.0,38.0,35.0,25_plus,Big Ten,Mountain West,P4,G6,P4_vs_G6,False,False,Big Ten,Mountain West,,,25_plus,25_plus,True,25_plus,fav_14_plus,team_has_rp_edge
2025,1,2025-08-31T23:30:00.000Z,401754522,Notre Dame,Miami,Favorite,-2.6666666666666665,L,-5.666666666666666,0.5,2.0,-9.0,15.0,neutral,Independent,ACC,Independent,P4,Other,False,False,Independent,ACC,,,minus_5_to_15,15_to_25,True,neutral,pick_to_3,team_has_rp_edge
2025,2,2025-09-06T16:00:00.000Z,401752825,Illinois,Duke,Favorite,-2.5,W,23.5,0.0,18.0,22.0,15.0,15_to_25,Big Ten,ACC,P4,P4,P4_vs_P4,False,False,Big Ten,ACC,,,15_to_25,15_to_25,True,15_to_25,pick_to_3,team_has_rp_edge
2025,2,2025-09-06T16:00:00.000Z,401757227,Liberty,Jacksonville State,Favorite,-6.25,L,-16.25,1.0,38.0,42.0,35.0,25_plus,Conference USA,Conference USA,G6,G6,G6_vs_G6,False,False,Conference USA,Conference USA,,,25_plus,25_plus,True,25_plus,fav_3_7,team_has_rp_edge
2025,2,2025-09-06T19:30:00.000Z,401752818,Rutgers,Miami (OH),Favorite,-15.5,W,12.5,2.0,39.0,31.0,47.0,25_plus,Big Ten,MAC,P4,G6,P4_vs_G6,False,False,Big Ten,MAC,,,25_plus,25_plus,True,25_plus,fav_14_plus,team_has_rp_edge
2025,2,2025-09-06T19:30:00.000Z,401756880,Cincinnati,Bowling Green,Favorite,-22.0,L,-8.0,4.5,30.0,35.0,26.0,25_plus,Big 12,MAC,P4,G6,P4_vs_G6,False,False,Big 12,MAC,,,25_plus,25_plus,True,25_plus,fav_14_plus,team_has_rp_edge
2025,2,2025-09-06T19:30:00.000Z,401752686,Kentucky,Ole Miss,Underdog,7.75,W,0.75,2.0,18.0,18.0,17.0,15_to_25,SEC,SEC,P4,P4,P4_vs_P4,False,False,SEC,SEC,,,15_to_25,15_to_25,True,15_to_25,dog_7_14,team_has_rp_edge
2025,2,2025-09-06T19:30:00.000Z,401756881,Delaware,Colorado,Underdog,23.5,L,-0.5,1.0,15.0,-1.0,32.0,15_to_25,Conference USA,Big 12,G6,P4,G6_vs_P4,False,False,,Big 12,,,neutral,25_plus,True,15_to_25,dog_14_plus,team_has_rp_edge
2025,2,2025-09-06T19:30:00.000Z,401762461,North Texas,Western Michigan,Favorite,-12.25,L,-9.25,2.0,16.0,-6.0,40.0,15_to_25,American,MAC,G6,G6,G6_vs_G6,False,False,American,MAC,,,minus_5_to_15,25_plus,True,15_to_25,fav_7_14,team_has_rp_edge
2025,2,2025-09-06T19:30:00.000Z,401752689,Missouri,Kansas,Favorite,-6.333333333333333,W,4.666666666666667,0.0,6.0,-3.0,15.0,5_to_15,SEC,Big 12,P4,P4,P4_vs_P4,False,False,SEC,Big 12,,,neutral,15_to_25,True,5_to_15,fav_3_7,team_has_rp_edge
2025,2,2025-09-06T20:00:00.000Z,401756883,Ohio,West Virginia,Underdog,3.5,W,10.5,-0.5,13.0,0.0,24.0,5_to_15,MAC,Big 12,G6,P4,G6_vs_P4,False,False,MAC,Big 12,,,neutral,15_to_25,True,5_to_15,dog_3_7,team_has_rp_edge
2025,2,2025-09-06T23:00:00.000Z,401754527,North Carolina,Charlotte,Favorite,-15.75,W,1.25,2.0,23.0,11.0,36.0,15_to_25,ACC,American,P4,G6,P4_vs_G6,False,False,ACC,American,,,5_to_15,25_plus,True,15_to_25,fav_14_plus,team_has_rp_edge
2025,2,2025-09-06T23:00:00.000Z,401756884,Houston,Rice,Favorite,-13.5,W,12.5,1.0,26.0,18.0,32.0,25_plus,Big 12,American,P4,G6,P4_vs_G6,False,False,Big 12,American,,,15_to_25,25_plus,True,25_plus,fav_7_14,team_has_rp_edge
2025,2,2025-09-06T23:30:00.000Z,401752695,Vanderbilt,Virginia Tech,Underdog,2.0,W,26.0,-0.5,16.0,12.0,21.0,15_to_25,SEC,ACC,P4,P4,P4_vs_P4,False,False,SEC,ACC,,,5_to_15,15_to_25,True,15_to_25,pick_to_3,team_has_rp_edge
2025,2,2025-09-07T01:00:00.000Z,401757229,New Mexico State,Tulsa,Underdog,3.25,W,10.25,0.0,18.0,17.0,19.0,15_to_25,Conference USA,American,G6,G6,G6_vs_G6,False,False,Conference USA,American,,,15_to_25,15_to_25,True,15_to_25,pick_to_3,team_has_rp_edge
2025,2,2025-09-07T02:15:00.000Z,401752948,San Diego State,Washington State,Underdog,2.25,L,-20.75,-1.0,25.0,7.0,43.0,25_plus,,,,,,,,,,,,5_to_15,25_plus,True,25_plus,pick_to_3,team_has_rp_edge
2025,3,2025-09-12T23:30:00.000Z,401756893,Houston,Colorado,Favorite,-3.8333333333333335,W,12.166666666666666,-0.5,15.0,13.0,17.0,15_to_25,Big 12,Big 12,P4,P4,P4_vs_P4,False,False,Big 12,Big 12,,,5_to_15,15_to_25,True,15_to_25,fav_3_7,team_has_rp_edge
2025,3,2025-09-13T16:00:00.000Z,401761608,Troy,Memphis,Underdog,4.5,L,-16.5,,27.0,31.0,23.0,25_plus,Sun Belt,American,G6,G6,G6_vs_G6,False,False,Sun Belt,American,,,25_plus,15_to_25,True,25_plus,dog_3_7,team_has_rp_edge
2025,3,2025-09-13T16:00:00.000Z,401752831,Northwestern,Oregon,Underdog,25.5,W,5.5,3.0,15.0,8.0,21.0,15_to_25,Big Ten,Big Ten,P4,P4,P4_vs_P4,False,False,Big Ten,Big Ten,,,5_to_15,15_to_25,True,15_to_25,dog_14_plus,team_has_rp_edge
2025,3,2025-09-13T17:00:00.000Z,401752702,Missouri,Louisiana,Favorite,-27.5,W,14.5,5.0,19.0,3.0,35.0,15_to_25,SEC,Sun Belt,P4,G6,P4_vs_G6,False,False,SEC,Sun Belt,,,neutral,25_plus,True,15_to_25,fav_14_plus,team_has_rp_edge
2025,3,2025-09-13T19:30:00.000Z,401752938,Texas Tech,Oregon State,Favorite,-24.0,W,7.0,-1.0,13.0,2.0,25.0,5_to_15,,,,,,,,,,,,neutral,25_plus,True,5_to_15,fav_14_plus,team_has_rp_edge
2025,3,2025-09-13T19:30:00.000Z,401754638,Pittsburgh,West Virginia,Favorite,-6.833333333333333,L,-13.833333333333332,2.5,18.0,12.0,23.0,15_to_25,ACC,Big 12,P4,P4,P4_vs_P4,False,False,ACC,Big 12,,,5_to_15,15_to_25,True,15_to_25,fav_3_7,team_has_rp_edge
2025,3,2025-09-13T19:30:00.000Z,401752832,USC,Purdue,Favorite,-20.5,L,-4.5,-1.0,14.0,13.0,16.0,5_to_15,Big Ten,Big Ten,P4,P4,P4_vs_P4,False,False,Big Ten,Big Ten,,,5_to_15,15_to_25,True,5_to_15,fav_14_plus,team_has_rp_edge
2025,3,2025-09-13T19:30:00.000Z,401752705,Tennessee,Georgia,Underdog,3.5,W,0.5,3.0,13.0,1.0,26.0,5_to_15,SEC,SEC,P4,P4,P4_vs_P4,False,False,SEC,SEC,,,neutral,25_plus,True,5_to_15,dog_3_7,team_has_rp_edge
2025,3,2025-09-13T19:30:00.000Z,401752949,North Texas,Washington State,Favorite,-6.5,W,42.5,1.0,26.0,17.0,35.0,25_plus,,,,,,,,,,,,15_to_25,25_plus,True,25_plus,fav_3_7,team_has_rp_edge
2025,3,2025-09-13T20:15:00.000Z,401752706,UTEP,Texas,Underdog,39.833333333333336,W,22.833333333333336,-4.0,16.0,14.0,18.0,15_to_25,Conference USA,SEC,G6,P4,G6_vs_P4,False,False,Conference USA,SEC,,,5_to_15,15_to_25,True,15_to_25,dog_14_plus,team_has_rp_edge
2025,3,2025-09-13T20:30:00.000Z,401754535,South Florida,Miami,Underdog,17.666666666666668,L,-19.333333333333332,-2.0,12.0,8.0,17.0,5_to_15,American,ACC,G6,P4,G6_vs_P4,False,False,American,ACC,,,5_to_15,15_to_25,True,5_to_15,dog_14_plus,team_has_rp_edge
2025,3,2025-09-13T21:00:00.000Z,401757256,Liberty,Bowling Green,Favorite,-6.0,L,-16.0,-1.0,28.0,31.0,27.0,25_plus,Conference USA,MAC,G6,G6,G6_vs_G6,False,False,Conference USA,MAC,,,25_plus,25_plus,True,25_plus,fav_3_7,team_has_rp_edge
2025,3,2025-09-13T21:00:00.000Z,401757258,Middle Tennessee,Nevada,Underdog,9.333333333333334,W,10.333333333333334,0.0,27.0,32.0,22.0,25_plus,Conference USA,Mountain West,G6,G6,G6_vs_G6,False,False,Conference USA,Mountain West,,,25_plus,15_to_25,True,25_plus,dog_7_14,team_has_rp_edge
2025,3,2025-09-13T23:00:00.000Z,401754536,Old Dominion,Virginia Tech,Underdog,5.5,W,24.5,1.0,3.0,-10.0,16.0,neutral,Sun Belt,ACC,G6,P4,G6_vs_P4,False,False,Sun Belt,ACC,,,minus_5_to_15,15_to_25,True,neutral,dog_3_7,team_has_rp_edge
2025,3,2025-09-13T23:00:00.000Z,401752827,Ohio,Ohio State,Underdog,28.333333333333332,W,0.3333333333333321,-3.0,13.0,10.0,15.0,5_to_15,MAC,Big Ten,G6,P4,G6_vs_P4,False,False,MAC,Big Ten,,,5_to_15,15_to_25,True,5_to_15,dog_14_plus,team_has_rp_edge
2025,3,2025-09-13T23:00:00.000Z,401752829,Illinois,Western Michigan,Favorite,-27.5,W,10.5,-1.0,39.0,29.0,51.0,25_plus,Big Ten,MAC,P4,G6,P4_vs_G6,False,False,Big Ten,MAC,,,25_plus,25_plus,True,25_plus,fav_14_plus,team_has_rp_edge
2025,3,2025-09-13T23:30:00.000Z,401752707,Texas A&M,Notre Dame,Underdog,6.833333333333333,W,7.833333333333333,0.0,14.0,4.0,24.0,5_to_15,SEC,Independent,P4,Independent,Other,False,False,SEC,Independent,,,neutral,15_to_25,True,5_to_15,dog_3_7,team_has_rp_edge
2025,3,2025-09-14T02:30:00.000Z,401752840,Minnesota,California,Favorite,-3.1666666666666665,L,-16.166666666666668,1.0,10.0,1.0,17.0,5_to_15,Big Ten,ACC,P4,P4,P4_vs_P4,False,False,Big Ten,ACC,,,neutral,15_to_25,True,5_to_15,pick_to_3,team_has_rp_edge
2025,4,2025-09-18T23:30:00.000Z,401762468,Rice,Charlotte,Favorite,-1.6666666666666667,W,9.333333333333334,-2.5,9.0,-12.0,32.0,5_to_15,American,American,G6,G6,G6_vs_G6,False,False,American,American,,,minus_5_to_15,25_plus,True,5_to_15,pick_to_3,team_has_rp_edge
2025,4,2025-09-20T16:00:00.000Z,401762469,Army,North Texas,Underdog,2.5,L,-4.5,-1.5,-2.0,-30.0,24.0,neutral,American,American,G6,G6,G6_vs_G6,False,False,American,American,,,minus_25,15_to_25,True,neutral,pick_to_3,opponent_has_rp_edge
2025,4,2025-09-20T16:00:00.000Z,401762469,North Texas,Army,Favorite,-2.5,W,4.5,1.5,2.0,-24.0,30.0,neutral,American,American,G6,G6,G6_vs_G6,False,False,American,American,,,minus_15_to_25,25_plus,True,neutral,pick_to_3,team_has_rp_edge
2025,4,2025-09-20T16:00:00.000Z,401754537,Clemson,Syracuse,Favorite,-17.5,L,-30.5,1.0,31.0,24.0,38.0,25_plus,ACC,ACC,P4,P4,P4_vs_P4,False,False,ACC,ACC,,,15_to_25,25_plus,True,25_plus,fav_14_plus,team_has_rp_edge
2025,4,2025-09-20T16:45:00.000Z,401752715,Tennessee,UAB,Favorite,-39.0,L,-7.0,1.0,19.0,9.0,29.0,15_to_25,SEC,American,P4,G6,P4_vs_G6,False,False,SEC,American,,,5_to_15,25_plus,True,15_to_25,fav_14_plus,team_has_rp_edge
2025,4,2025-09-20T19:00:00.000Z,401752841,Oregon State,Oregon,Underdog,34.0,P,0.0,0.0,19.0,11.0,25.0,15_to_25,,,,,,,,,,,,5_to_15,25_plus,True,15_to_25,dog_14_plus,team_has_rp_edge
2025,4,2025-09-20T19:30:00.000Z,401752848,Notre Dame,Purdue,Favorite,-24.5,W,1.5,-2.0,25.0,12.0,39.0,25_plus,Independent,Big Ten,Independent,P4,Other,False,False,Independent,Big Ten,,,5_to_15,25_plus,True,25_plus,fav_14_plus,team_has_rp_edge
2025,4,2025-09-20T19:30:00.000Z,401761613,Troy,Buffalo,Underdog,5.833333333333333,W,9.833333333333332,0.0,9.0,-9.0,27.0,5_to_15,Sun Belt,MAC,G6,G6,G6_vs_G6,False,False,Sun Belt,MAC,,,minus_5_to_15,25_plus,True,5_to_15,dog_3_7,team_has_rp_edge
2025,4,2025-09-20T19:30:00.000Z,401762820,Toledo,Western Michigan,Favorite,-12.666666666666666,L,-13.666666666666666,-2.0,23.0,26.0,22.0,15_to_25,MAC,MAC,G6,G6,G6_vs_G6,False,False,MAC,MAC,,,25_plus,15_to_25,True,15_to_25,fav_7_14,team_has_rp_edge
2025,4,2025-09-20T19:30:00.000Z,401752711,Tulane,Ole Miss,Underdog,12.166666666666666,L,-22.833333333333336,1.0,14.0,3.0,24.0,5_to_15,American,SEC,G6,P4,G6_vs_P4,False,False,American,SEC,,,neutral,15_to_25,True,5_to_15,dog_7_14,team_has_rp_edge
2025,4,2025-09-20T23:00:00.000Z,401757264,Middle Tennessee,Marshall,Underdog,2.5,L,-11.5,1.0,24.0,25.0,24.0,15_to_25,Conference USA,Sun Belt,G6,G6,G6_vs_G6,False,False,Conference USA,Sun Belt,,,25_plus,15_to_25,True,15_to_25,pick_to_3,team_has_rp_edge
2025,4,2025-09-20T23:30:00.000Z,401752842,Washington,Washington State,Favorite,-20.833333333333332,W,14.166666666666668,0.0,25.0,22.0,26.0,25_plus,,,,,,,,,,,,15_to_25,25_plus,True,25_plus,fav_14_plus,team_has_rp_edge
2025,4,2025-09-20T23:30:00.000Z,401754539,Stanford,Virginia,Underdog,16.166666666666668,L,-11.833333333333332,0.0,6.0,-3.0,16.0,5_to_15,ACC,ACC,P4,P4,P4_vs_P4,False,False,ACC,ACC,,,neutral,15_to_25,True,5_to_15,dog_14_plus,team_has_rp_edge
2023,1,2023-09-02T16:00:00.000Z,401520172,Louisiana Tech,SMU,Underdog,20.125,L,-3.875,,20.0,14.0,25.0,15_to_25,Conference USA,American,G6,G6,G6_vs_G6,False,False,Conference USA,American,,,5_to_15,25_plus,True,15_to_25,dog_14_plus,team_has_rp_edge
2023,1,2023-09-02T16:00:00.000Z,401520162,Michigan,East Carolina,Favorite,-35.4,L,-8.399999999999999,,47.0,45.0,48.0,25_plus,Big Ten,American,P4,G6,P4_vs_G6,False,False,Big Ten,American,,,25_plus,25_plus,True,25_plus,fav_14_plus,team_has_rp_edge
2023,1,2023-09-02T16:00:00.000Z,401523994,Colorado,TCU,Underdog,20.6,W,23.6,,5.0,-14.0,24.0,5_to_15,,,,,,,,,,,,minus_5_to_15,15_to_25,True,5_to_15,dog_14_plus,team_has_rp_edge
2023,1,2023-09-02T16:00:00.000Z,401520179,Tennessee,Virginia,Favorite,-27.7,W,8.3,,11.0,-7.0,29.0,5_to_15,SEC,ACC,P4,P4,P4_vs_P4,False,False,SEC,ACC,,,minus_5_to_15,25_plus,True,5_to_15,fav_14_plus,team_has_rp_edge
2023,1,2023-09-02T22:30:00.000Z,401523996,USC,Nevada,Favorite,-37.875,W,14.125,,23.0,21.0,25.0,15_to_25,,,,,,,,,,,,15_to_25,25_plus,True,15_to_25,fav_14_plus,team_has_rp_edge
2023,1,2023-09-02T23:00:00.000Z,401520175,Army,UL Monroe,Favorite,-8.375,L,-12.375,,12.0,-2.0,25.0,5_to_15,Independent,Sun Belt,Independent,G6,Other,False,False,Independent,Sun Belt,,,neutral,25_plus,True,5_to_15,fav_7_14,team_has_rp_edge
2023,1,2023-09-02T23:30:00.000Z,401520149,Middle Tennessee,Alabama,Underdog,39.375,L,-9.625,,29.0,14.0,43.0,25_plus,Conference USA,SEC,G6,P4,G6_vs_P4,False,False,Conference USA,SEC,,,5_to_15,25_plus,True,25_plus,dog_14_plus,team_has_rp_edge
2023,1,2023-09-03T16:00:00.000Z,401520171,Rutgers,Northwestern,Favorite,-6.1,W,10.9,,17.0,7.0,26.0,15_to_25,Big Ten,Big Ten,P4,P4,P4_vs_P4,False,False,Big Ten,Big Ten,,,5_to_15,25_plus,True,15_to_25,fav_3_7,team_has_rp_edge
2023,2,2023-09-09T16:00:00.000Z,401525498,James Madison,Virginia,Favorite,-6.0,L,-5.0,,18.0,-4.0,41.0,15_to_25,Sun Belt,ACC,G6,P4,G6_vs_P4,False,False,Sun Belt,ACC,,,neutral,25_plus,True,15_to_25,fav_3_7,team_has_rp_edge
2023,2,2023-09-09T20:00:00.000Z,401531411,Marshall,East Carolina,Favorite,-2.8333333333333335,W,15.166666666666666,,27.0,26.0,28.0,25_plus,Sun Belt,American,G6,G6,G6_vs_G6,False,False,Sun Belt,American,,,25_plus,25_plus,True,25_plus,pick_to_3,team_has_rp_edge
2023,2,2023-09-09T21:00:00.000Z,401524004,Washington,Tulsa,Favorite,-33.666666666666664,L,-0.6666666666666643,,33.0,36.0,32.0,25_plus,,,,,,,,,,,,25_plus,25_plus,True,25_plus,fav_14_plus,team_has_rp_edge
2023,2,2023-09-09T23:00:00.000Z,401520183,Texas,Alabama,Underdog,7.166666666666667,W,17.166666666666668,,34.0,47.0,20.0,25_plus,Big 12,SEC,P4,P4,P4_vs_P4,False,False,Big 12,SEC,,,25_plus,15_to_25,True,25_plus,dog_3_7,team_has_rp_edge
2023,2,2023-09-09T23:00:00.000Z,401520206,Missouri,Middle Tennessee,Favorite,-21.0,L,-17.0,,9.0,-9.0,28.0,5_to_15,SEC,Conference USA,P4,G6,P4_vs_G6,False,False,SEC,Conference USA,,,minus_5_to_15,25_plus,True,5_to_15,fav_14_plus,team_has_rp_edge
2023,2,2023-09-09T23:30:00.000Z,401520204,Eastern Michigan,Minnesota,Underdog,19.666666666666668,W,0.6666666666666679,,5.0,-10.0,20.0,5_to_15,MAC,Big Ten,G6,P4,G6_vs_P4,False,False,MAC,Big Ten,,,minus_5_to_15,15_to_25,True,5_to_15,dog_14_plus,team_has_rp_edge
2023,2,2023-09-10T00:00:00.000Z,401520211,Sam Houston,Air Force,Underdog,13.166666666666666,W,3.166666666666666,,12.0,-2.0,28.0,5_to_15,Conference USA,Mountain West,G6,G6,G6_vs_G6,False,False,,Mountain West,,,neutral,25_plus,True,5_to_15,dog_7_14,team_has_rp_edge
2023,2,2023-09-10T00:30:00.000Z,401525493,Florida State,Southern Miss,Favorite,-31.0,W,22.0,,27.0,27.0,26.0,25_plus,ACC,Sun Belt,P4,G6,P4_vs_G6,False,False,ACC,Sun Belt,,,25_plus,25_plus,True,25_plus,fav_14_plus,team_has_rp_edge
2023,2,2023-09-10T02:30:00.000Z,401524003,USC,Stanford,Favorite,-28.666666666666668,W,17.333333333333332,,41.0,39.0,44.0,25_plus,,,,,,,,,,,,25_plus,25_plus,True,25_plus,fav_14_plus,team_has_rp_edge
2023,3,2023-09-15T23:00:00.000Z,401520231,Maryland,Virginia,Favorite,-16.25,W,11.75,,12.0,0.0,23.0,5_to_15,Big Ten,ACC,P4,P4,P4_vs_P4,False,False,Big Ten,ACC,,,neutral,15_to_25,True,5_to_15,fav_14_plus,team_has_rp_edge
2023,3,2023-09-16T18:30:00.000Z,401525437,Notre Dame,Central Michigan,Favorite,-34.75,L,-10.75,,2.0,-15.0,21.0,neutral,Independent,MAC,Independent,G6,Other,False,False,Independent,MAC,,,minus_15_to_25,15_to_25,True,neutral,fav_14_plus,team_has_rp_edge
2023,3,2023-09-16T19:30:00.000Z,401525842,Oklahoma,Tulsa,Favorite,-28.0,W,21.0,,22.0,24.0,22.0,15_to_25,Big 12,American,P4,G6,P4_vs_G6,False,False,Big 12,American,,,15_to_25,15_to_25,True,15_to_25,fav_14_plus,team_has_rp_edge
2023,3,2023-09-16T19:30:00.000Z,401520244,South Florida,Alabama,Underdog,34.25,W,20.25,,16.0,8.0,24.0,15_to_25,American,SEC,G6,P4,G6_vs_P4,False,False,American,SEC,,,5_to_15,15_to_25,True,15_to_25,dog_14_plus,team_has_rp_edge
2023,3,2023-09-16T20:00:00.000Z,401520245,Texas A&M,UL Monroe,Favorite,-36.5,W,7.5,,28.0,16.0,38.0,25_plus,SEC,Sun Belt,P4,G6,P4_vs_G6,False,False,SEC,Sun Belt,,,15_to_25,25_plus,True,25_plus,fav_14_plus,team_has_rp_edge
2023,3,2023-09-16T23:00:00.000Z,401525835,Miami (OH),Cincinnati,Underdog,14.25,W,21.25,,23.0,12.0,34.0,15_to_25,MAC,Big 12,G6,P4,G6_vs_P4,False,True,MAC,American,,0.0,5_to_15,25_plus,True,15_to_25,dog_7_14,team_has_rp_edge
2023,3,2023-09-17T00:00:00.000Z,401524008,Oregon,Hawai'i,Favorite,-38.25,W,6.75,,18.0,16.0,20.0,15_to_25,,,,,,,,,,,,15_to_25,15_to_25,True,15_to_25,fav_14_plus,team_has_rp_edge
2023,3,2023-09-17T02:30:00.000Z,401525837,Kansas,Nevada,Favorite,-28.5,L,-21.5,,32.0,37.0,27.0,25_plus,Big 12,Mountain West,P4,G6,P4_vs_G6,False,False,Big 12,Mountain West,,,25_plus,25_plus,True,25_plus,fav_14_plus,team_has_rp_edge
2023,4,2023-09-23T16:00:00.000Z,401525845,Oklahoma,Cincinnati,Favorite,-13.666666666666666,W,0.3333333333333339,,16.0,13.0,21.0,15_to_25,Big 12,Big 12,P4,P4,P4_vs_P4,False,True,Big 12,American,,0.0,5_to_15,15_to_25,True,15_to_25,fav_7_14,team_has_rp_edge
2023,4,2023-09-23T16:00:00.000Z,401525507,Florida State,Clemson,Favorite,-2.0,W,5.0,,18.0,5.0,30.0,15_to_25,ACC,ACC,P4,P4,P4_vs_P4,False,False,ACC,ACC,,,5_to_15,25_plus,True,15_to_25,pick_to_3,team_has_rp_edge
2023,4,2023-09-23T20:00:00.000Z,401531423,Rice,South Florida,Favorite,-2.5,L,-15.5,,17.0,5.0,28.0,15_to_25,American,American,G6,G6,G6_vs_G6,True,False,Conference USA,American,0.0,,5_to_15,25_plus,True,15_to_25,pick_to_3,team_has_rp_edge
2023,4,2023-09-23T21:00:00.000Z,401531876,South Alabama,Central Michigan,Favorite,-16.166666666666668,L,-20.166666666666668,,11.0,-9.0,31.0,5_to_15,Sun Belt,MAC,G6,G6,G6_vs_G6,False,False,Sun Belt,MAC,,,minus_5_to_15,25_plus,True,5_to_15,fav_14_plus,team_has_rp_edge
2023,4,2023-09-23T22:30:00.000Z,401525508,Georgia Tech,Wake Forest,Underdog,3.6666666666666665,W,17.666666666666668,,15.0,10.0,20.0,15_to_25,ACC,ACC,P4,P4,P4_vs_P4,False,False,ACC,ACC,,,5_to_15,15_to_25,True,15_to_25,dog_3_7,team_has_rp_edge
2023,4,2023-09-23T23:30:00.000Z,401520252,Georgia,UAB,Favorite,-40.833333333333336,L,-12.833333333333336,,22.0,10.0,34.0,15_to_25,SEC,American,P4,G6,P4_vs_G6,False,True,SEC,Conference USA,,0.0,5_to_15,25_plus,True,15_to_25,fav_14_plus,team_has_rp_edge
2024,1,2024-08-30T00:00:00.000Z,401640998,Jacksonville State,Coastal Carolina,Favorite,-3.5,L,-31.5,,24.0,15.0,33.0,15_to_25,Conference USA,Sun Belt,G6,G6,G6_vs_G6,False,False,Conference USA,Sun Belt,,,15_to_25,25_plus,True,15_to_25,fav_3_7,team_has_rp_edge
2024,1,2024-08-30T00:00:00.000Z,401628448,Minnesota,North Carolina,Underdog,0.3333333333333333,L,-1.6666666666666667,,34.0,32.0,37.0,25_plus,Big Ten,ACC,P4,P4,P4_vs_P4,False,False,Big Ten,ACC,,,25_plus,25_plus,True,25_plus,pick_to_3,team_has_rp_edge
2024,1,2024-08-30T23:00:00.000Z,401628328,Oklahoma,Temple,Favorite,-43.0,W,5.0,,8.0,-18.0,33.0,5_to_15,SEC,American,P4,G6,P4_vs_G6,True,False,Big 12,American,0.0,,minus_15_to_25,25_plus,True,5_to_15,fav_14_plus,team_has_rp_edge
2024,1,2024-08-31T16:00:00.000Z,401628333,Virginia Tech,Vanderbilt,Favorite,-13.333333333333334,L,-20.333333333333336,,26.0,30.0,23.0,25_plus,ACC,SEC,P4,P4,P4_vs_P4,False,False,ACC,SEC,,,25_plus,15_to_25,True,25_plus,fav_7_14,team_has_rp_edge
2024,1,2024-08-31T19:30:00.000Z,401628454,Nebraska,UTEP,Favorite,-27.5,W,5.5,0.5,32.0,28.0,36.0,25_plus,Big Ten,Conference USA,P4,G6,P4_vs_G6,False,False,Big Ten,Conference USA,,,25_plus,25_plus,True,25_plus,fav_14_plus,team_has_rp_edge
2024,1,2024-08-31T19:30:00.000Z,401634304,Syracuse,Ohio,Favorite,-17.333333333333332,L,-1.333333333333332,,47.0,48.0,45.0,25_plus,ACC,MAC,P4,G6,P4_vs_G6,False,False,ACC,MAC,,,25_plus,25_plus,True,25_plus,fav_14_plus,team_has_rp_edge
2024,1,2024-08-31T21:00:00.000Z,401643775,North Texas,South Alabama,Underdog,5.833333333333333,W,19.833333333333332,,13.0,-2.0,27.0,5_to_15,American,Sun Belt,G6,G6,G6_vs_G6,False,False,American,Sun Belt,,,neutral,25_plus,True,5_to_15,dog_3_7,team_has_rp_edge
2024,1,2024-08-31T23:00:00.000Z,401641039,Rice,Sam Houston,Favorite,-9.833333333333334,L,-29.833333333333336,,9.0,-2.0,21.0,5_to_15,American,Conference USA,G6,G6,G6_vs_G6,False,False,American,Conference USA,,,neutral,15_to_25,True,5_to_15,fav_7_14,team_has_rp_edge
2024,1,2024-09-01T02:30:00.000Z,401636608,Arizona,New Mexico,Favorite,-29.166666666666668,L,-7.166666666666668,,26.0,16.0,36.0,25_plus,Big 12,Mountain West,P4,G6,P4_vs_G6,True,False,Pac-12,Mountain West,0.0,,15_to_25,25_plus,True,25_plus,fav_14_plus,team_has_rp_edge
2024,1,2024-09-01T23:30:00.000Z,401628334,LSU,USC,Favorite,-3.8333333333333335,L,-10.833333333333334,-0.5,13.0,6.0,20.0,5_to_15,SEC,Big Ten,P4,P4,P4_vs_P4,False,True,SEC,Pac-12,,0.0,5_to_15,15_to_25,True,5_to_15,fav_3_7,team_has_rp_edge
2024,2,2024-09-07T01:00:00.000Z,401635533,Northwestern,Duke,Favorite,-2.1666666666666665,L,-8.166666666666666,-1.0,21.0,7.0,35.0,15_to_25,Big Ten,ACC,P4,P4,P4_vs_P4,False,False,Big Ten,ACC,,,5_to_15,25_plus,True,15_to_25,pick_to_3,team_has_rp_edge
2024,2,2024-09-07T16:00:00.000Z,401643784,Memphis,Troy,Favorite,-18.666666666666668,W,2.333333333333332,1.5,33.0,45.0,23.0,25_plus,American,Sun Belt,G6,G6,G6_vs_G6,False,False,American,Sun Belt,,,25_plus,15_to_25,True,25_plus,fav_14_plus,team_has_rp_edge
2024,2,2024-09-07T16:00:00.000Z,401628471,Rutgers,Akron,Favorite,-24.5,W,7.5,1.5,21.0,6.0,36.0,15_to_25,Big Ten,MAC,P4,G6,P4_vs_G6,False,False,Big Ten,MAC,,,5_to_15,25_plus,True,15_to_25,fav_14_plus,team_has_rp_edge
2024,2,2024-09-07T16:00:00.000Z,401628347,Texas,Michigan,Favorite,-6.666666666666667,W,12.333333333333332,-1.0,34.0,27.0,42.0,25_plus,SEC,Big Ten,P4,P4,P4_vs_P4,True,False,Big 12,Big Ten,0.0,,25_plus,25_plus,True,25_plus,fav_3_7,team_has_rp_edge
2024,2,2024-09-07T19:30:00.000Z,401645324,Navy,Temple,Favorite,-12.166666666666666,W,14.833333333333334,0.5,14.0,1.0,27.0,5_to_15,American,American,G6,G6,G6_vs_G6,False,False,American,American,,,neutral,25_plus,True,5_to_15,fav_7_14,team_has_rp_edge
2024,2,2024-09-07T19:30:00.000Z,401635537,Charlotte,North Carolina,Underdog,21.5,W,3.5,0.5,24.0,29.0,20.0,15_to_25,American,ACC,G6,P4,G6_vs_P4,False,False,American,ACC,,,25_plus,15_to_25,True,15_to_25,dog_14_plus,team_has_rp_edge
2024,2,2024-09-07T19:30:00.000Z,401635535,Jacksonville State,Louisville,Underdog,28.5,L,-6.5,-2.0,3.0,-18.0,24.0,neutral,Conference USA,ACC,G6,P4,G6_vs_P4,False,False,Conference USA,ACC,,,minus_15_to_25,15_to_25,True,neutral,dog_14_plus,team_has_rp_edge
2024,2,2024-09-07T19:30:00.000Z,401628473,Eastern Michigan,Washington,Underdog,24.833333333333332,W,3.833333333333332,-0.5,10.0,-7.0,28.0,5_to_15,MAC,Big Ten,G6,P4,G6_vs_P4,False,True,MAC,Pac-12,,0.0,minus_5_to_15,25_plus,True,5_to_15,dog_14_plus,team_has_rp_edge
2024,2,2024-09-07T22:00:00.000Z,401643781,South Alabama,Ohio,Favorite,-0.8333333333333334,L,-7.833333333333333,1.0,14.0,6.0,22.0,5_to_15,Sun Belt,MAC,G6,G6,G6_vs_G6,False,False,Sun Belt,MAC,,,5_to_15,15_to_25,True,5_to_15,pick_to_3,team_has_rp_edge
2024,2,2024-09-07T22:30:00.000Z,401636617,Sam Houston,UCF,Underdog,21.5,L,-9.5,2.0,15.0,3.0,26.0,15_to_25,Conference USA,Big 12,G6,P4,G6_vs_P4,False,False,Conference USA,Big 12,,,neutral,25_plus,True,15_to_25,dog_14_plus,team_has_rp_edge
2024,2,2024-09-07T23:00:00.000Z,401628344,Missouri,Buffalo,Favorite,-33.666666666666664,W,4.333333333333336,-2.0,39.0,51.0,27.0,25_plus,SEC,MAC,P4,G6,P4_vs_G6,False,False,SEC,MAC,,,25_plus,25_plus,True,25_plus,fav_14_plus,team_has_rp_edge
2024,2,2024-09-07T23:45:00.000Z,401628345,Oklahoma,Houston,Favorite,-27.666666666666668,L,-23.666666666666668,1.0,1.0,-19.0,20.0,neutral,SEC,Big 12,P4,P4,P4_vs_P4,True,False,Big 12,Big 12,0.0,,minus_15_to_25,15_to_25,True,neutral,fav_14_plus,team_has_rp_edge
2024,2,2024-09-08T02:00:00.000Z,401628469,Oregon,Boise State,Favorite,-18.833333333333332,L,-15.833333333333332,0.0,10.0,-3.0,24.0,5_to_15,Big Ten,Mountain West,P4,G6,P4_vs_G6,True,False,Pac-12,Mountain West,0.0,,neutral,15_to_25,True,5_to_15,fav_14_plus,team_has_rp_edge
2024,3,2024-09-14T19:30:00.000Z,401628358,Oklahoma,Tulane,Favorite,-13.333333333333334,W,1.666666666666666,0.0,12.0,-9.0,32.0,5_to_15,SEC,American,P4,G6,P4_vs_G6,True,False,Big 12,American,0.0,,minus_5_to_15,25_plus,True,5_to_15,fav_7_14,team_has_rp_edge
2024,3,2024-09-14T19:30:00.000Z,401628484,Washington State,Washington,Underdog,5.166666666666667,W,10.166666666666668,2.0,19.0,5.0,34.0,15_to_25,,,,,,,,,,,,5_to_15,25_plus,True,15_to_25,dog_3_7,team_has_rp_edge
2024,3,2024-09-14T23:00:00.000Z,401640999,Jacksonville State,Eastern Michigan,Favorite,-1.0,L,-4.0,0.0,23.0,14.0,32.0,15_to_25,Conference USA,MAC,G6,G6,G6_vs_G6,False,False,Conference USA,MAC,,,5_to_15,25_plus,True,15_to_25,pick_to_3,team_has_rp_edge
2024,3,2024-09-14T23:30:00.000Z,401636860,Baylor,Air Force,Favorite,-16.666666666666668,W,11.333333333333332,0.0,41.0,48.0,34.0,25_plus,Big 12,Mountain West,P4,G6,P4_vs_G6,False,False,Big 12,Mountain West,,,25_plus,25_plus,True,25_plus,fav_14_plus,team_has_rp_edge
2024,3,2024-09-14T23:30:00.000Z,401628352,Auburn,New Mexico,Favorite,-25.833333333333332,W,0.1666666666666678,-4.0,25.0,20.0,29.0,25_plus,SEC,Mountain West,P4,G6,P4_vs_G6,False,False,SEC,Mountain West,,,15_to_25,25_plus,True,25_plus,fav_14_plus,team_has_rp_edge
2024,3,2024-09-14T23:30:00.000Z,401636866,TCU,UCF,Favorite,-2.1666666666666665,L,-3.1666666666666665,4.5,22.0,3.0,40.0,15_to_25,Big 12,Big 12,P4,P4,P4_vs_P4,False,False,Big 12,Big 12,,,neutral,25_plus,True,15_to_25,pick_to_3,team_has_rp_edge
2024,3,2024-09-15T00:00:00.000Z,401636862,Rice,Houston,Underdog,4.333333333333333,L,-21.666666666666668,0.0,12.0,-1.0,25.0,5_to_15,American,Big 12,G6,P4,G6_vs_P4,False,False,American,Big 12,,,neutral,25_plus,True,5_to_15,dog_3_7,team_has_rp_edge
2024,3,2024-09-15T00:00:00.000Z,401628478,Virginia,Maryland,Favorite,-1.1666666666666667,L,-15.166666666666666,0.0,31.0,34.0,28.0,25_plus,ACC,Big Ten,P4,P4,P4_vs_P4,False,False,ACC,Big Ten,,,25_plus,25_plus,True,25_plus,pick_to_3,team_has_rp_edge
2024,4,2024-09-21T00:00:00.000Z,401628485,Nebraska,Illinois,Favorite,-8.833333333333334,L,-15.833333333333334,-1.0,15.0,11.0,20.0,15_to_25,Big Ten,Big Ten,P4,P4,P4_vs_P4,False,False,Big Ten,Big Ten,,,5_to_15,15_to_25,True,15_to_25,fav_7_14,team_has_rp_edge
2024,4,2024-09-21T16:00:00.000Z,401643791,Louisiana,Tulane,Underdog,1.5,L,-6.5,,23.0,20.0,26.0,15_to_25,Sun Belt,American,G6,G6,G6_vs_G6,False,False,Sun Belt,American,,,15_to_25,25_plus,True,15_to_25,pick_to_3,team_has_rp_edge
2024,4,2024-09-21T16:00:00.000Z,401645328,Rice,Army,Underdog,7.333333333333333,L,-15.666666666666668,,26.0,25.0,26.0,25_plus,American,American,G6,G6,G6_vs_G6,False,True,American,Independent,,0.0,25_plus,25_plus,True,25_plus,dog_3_7,team_has_rp_edge
2024,4,2024-09-21T16:45:00.000Z,401628364,Kentucky,Ohio,Favorite,-20.666666666666668,W,14.333333333333332,,22.0,12.0,30.0,15_to_25,SEC,MAC,P4,G6,P4_vs_G6,False,False,SEC,MAC,,,5_to_15,25_plus,True,15_to_25,fav_14_plus,team_has_rp_edge
2024,4,2024-09-21T18:00:00.000Z,401635558,Virginia,Coastal Carolina,Favorite,-3.5,W,15.5,0.5,31.0,39.0,24.0,25_plus,ACC,Sun Belt,P4,G6,P4_vs_G6,False,False,ACC,Sun Belt,,,25_plus,15_to_25,True,25_plus,fav_3_7,team_has_rp_edge
2024,4,2024-09-21T19:00:00.000Z,401641000,Jacksonville State,Southern Miss,Favorite,-6.166666666666667,W,30.833333333333332,0.0,13.0,-2.0,28.0,5_to_15,Conference USA,Sun Belt,G6,G6,G6_vs_G6,False,False,Conference USA,Sun Belt,,,neutral,25_plus,True,5_to_15,fav_3_7,team_has_rp_edge
2024,4,2024-09-21T19:30:00.000Z,401628365,LSU,UCLA,Favorite,-21.5,L,-4.5,-1.5,12.0,4.0,20.0,5_to_15,SEC,Big Ten,P4,P4,P4_vs_P4,False,True,SEC,Pac-12,,0.0,neutral,15_to_25,True,5_to_15,fav_14_plus,team_has_rp_edge
2024,4,2024-09-21T19:30:00.000Z,401628489,USC,Michigan,Favorite,-4.166666666666667,L,-7.166666666666667,-1.0,14.0,4.0,25.0,5_to_15,Big Ten,Big Ten,P4,P4,P4_vs_P4,True,False,Pac-12,Big Ten,0.0,,neutral,25_plus,True,5_to_15,fav_3_7,team_has_rp_edge
2024,4,2024-09-21T23:00:00.000Z,401628491,Northwestern,Washington,Underdog,11.833333333333334,L,-7.166666666666666,-1.5,40.0,12.0,69.0,25_plus,Big Ten,Big Ten,P4,P4,P4_vs_P4,False,True,Big Ten,Pac-12,,0.0,5_to_15,25_plus,True,25_plus,dog_7_14,team_has_rp_edge
2024,4,2024-09-21T23:00:00.000Z,401643716,Wyoming,North Texas,Underdog,7.0,L,-20.0,2.0,8.0,-9.0,25.0,5_to_15,Mountain West,American,G6,G6,G6_vs_G6,False,False,Mountain West,American,,,minus_5_to_15,25_plus,True,5_to_15,dog_3_7,team_has_rp_edge
2024,4,2024-09-21T23:00:00.000Z,401641037,Western Kentucky,Toledo,Underdog,2.3333333333333335,W,7.333333333333334,-3.5,19.0,8.0,32.0,15_to_25,Conference USA,MAC,G6,G6,G6_vs_G6,False,False,Conference USA,MAC,,,5_to_15,25_plus,True,15_to_25,pick_to_3,team_has_rp_edge
2024,4,2024-09-21T23:30:00.000Z,401628369,Oklahoma,Tennessee,Underdog,6.0,L,-4.0,2.0,10.0,-14.0,33.0,5_to_15,SEC,SEC,P4,P4,P4_vs_P4,True,False,Big 12,SEC,0.0,,minus_5_to_15,25_plus,True,5_to_15,dog_3_7,team_has_rp_edge
2024,4,2024-09-22T00:00:00.000Z,401628371,Texas,UL Monroe,Favorite,-43.0,W,5.0,-3.5,30.0,33.0,27.0,25_plus,SEC,Sun Belt,P4,G6,P4_vs_G6,True,False,Big 12,Sun Belt,0.0,,25_plus,25_plus,True,25_plus,fav_14_plus,team_has_rp_edge
2025,1,2025-08-29T00:00:00.000Z,401752793,Minnesota,Buffalo,Favorite,-17.166666666666668,L,-4.166666666666668,0.0,5.0,-23.0,32.0,5_to_15,Big Ten,MAC,P4,G6,P4_vs_G6,False,False,Big Ten,MAC,,,minus_15_to_25,25_plus,True,5_to_15,fav_14_plus,team_has_rp_edge
2025,1,2025-08-29T00:00:00.000Z,401752793,Buffalo,Minnesota,Underdog,17.166666666666668,W,4.166666666666668,0.0,-5.0,-32.0,23.0,minus_5_to_15,MAC,Big Ten,G6,P4,G6_vs_P4,False,False,MAC,Big Ten,,,minus_25,15_to_25,True,5_to_15,dog_14_plus,opponent_has_rp_edge
2025,1,2025-08-29T01:00:00.000Z,401762791,Wisconsin,Miami (OH),Favorite,-18.0,L,-1.0,0.5,32.0,18.0,47.0,25_plus,Big Ten,MAC,P4,G6,P4_vs_G6,False,False,Big Ten,MAC,,,15_to_25,25_plus,True,25_plus,fav_14_plus,team_has_rp_edge
2025,1,2025-08-30T00:00:00.000Z,401754375,Georgia Tech,Colorado,Favorite,-3.6666666666666665,W,3.3333333333333335,0.0,14.0,9.0,21.0,5_to_15,ACC,Big 12,P4,P4,P4_vs_P4,False,False,ACC,Big 12,,,5_to_15,15_to_25,True,5_to_15,fav_3_7,team_has_rp_edge
2025,1,2025-08-30T16:00:00.000Z,401752676,Tennessee,Syracuse,Favorite,-13.5,W,5.5,-1.0,8.0,-13.0,30.0,5_to_15,SEC,ACC,P4,P4,P4_vs_P4,False,False,SEC,ACC,,,minus_5_to_15,25_plus,True,5_to_15,fav_7_14,team_has_rp_edge
2025,1,2025-08-30T19:30:00.000Z,401752807,Penn State,Nevada,Favorite,-44.166666666666664,L,-9.166666666666664,0.0,34.0,46.0,20.0,25_plus,Big Ten,Mountain West,P4,G6,P4_vs_G6,False,False,Big Ten,Mountain West,,,25_plus,15_to_25,True,25_plus,fav_14_plus,team_has_rp_edge
2025,1,2025-08-30T23:30:00.000Z,401752808,Michigan,New Mexico,Favorite,-35.166666666666664,L,-18.166666666666664,0.0,37.0,38.0,35.0,25_plus,Big Ten,Mountain West,P4,G6,P4_vs_G6,False,False,Big Ten,Mountain West,,,25_plus,25_plus,True,25_plus,fav_14_plus,team_has_rp_edge
2025,2,2025-09-06T16:00:00.000Z,401757227,Liberty,Jacksonville State,Favorite,-6.25,L,-16.25,1.0,38.0,42.0,35.0,25_plus,Conference USA,Conference USA,G6,G6,G6_vs_G6,False,False,Conference USA,Conference USA,,,25_plus,25_plus,True,25_plus,fav_3_7,team_has_rp_edge
2025,2,2025-09-06T19:30:00.000Z,401752818,Rutgers,Miami (OH),Favorite,-15.5,W,12.5,2.0,39.0,31.0,47.0,25_plus,Big Ten,MAC,P4,G6,P4_vs_G6,False,False,Big Ten,MAC,,,25_plus,25_plus,True,25_plus,fav_14_plus,team_has_rp_edge
2025,2,2025-09-06T19:30:00.000Z,401756880,Cincinnati,Bowling Green,Favorite,-22.0,L,-8.0,4.5,30.0,35.0,26.0,25_plus,Big 12,MAC,P4,G6,P4_vs_G6,False,False,Big 12,MAC,,,25_plus,25_plus,True,25_plus,fav_14_plus,team_has_rp_edge
2025,2,2025-09-06T19:30:00.000Z,401756881,Delaware,Colorado,Underdog,23.5,L,-0.5,1.0,15.0,-1.0,32.0,15_to_25,Conference USA,Big 12,G6,P4,G6_vs_P4,False,False,,Big 12,,,neutral,25_plus,True,15_to_25,dog_14_plus,team_has_rp_edge
2025,2,2025-09-06T19:30:00.000Z,401762461,North Texas,Western Michigan,Favorite,-12.25,L,-9.25,2.0,16.0,-6.0,40.0,15_to_25,American,MAC,G6,G6,G6_vs_G6,False,False,American,MAC,,,minus_5_to_15,25_plus,True,15_to_25,fav_7_14,team_has_rp_edge
2025,2,2025-09-06T20:00:00.000Z,401756883,Ohio,West Virginia,Underdog,3.5,W,10.5,-0.5,13.0,0.0,24.0,5_to_15,MAC,Big 12,G6,P4,G6_vs_P4,False,False,MAC,Big 12,,,neutral,15_to_25,True,5_to_15,dog_3_7,team_has_rp_edge
2025,2,2025-09-06T23:00:00.000Z,401754527,North Carolina,Charlotte,Favorite,-15.75,W,1.25,2.0,23.0,11.0,36.0,15_to_25,ACC,American,P4,G6,P4_vs_G6,False,False,ACC,American,,,5_to_15,25_plus,True,15_to_25,fav_14_plus,team_has_rp_edge
2025,2,2025-09-06T23:00:00.000Z,401756884,Houston,Rice,Favorite,-13.5,W,12.5,1.0,26.0,18.0,32.0,25_plus,Big 12,American,P4,G6,P4_vs_G6,False,False,Big 12,American,,,15_to_25,25_plus,True,25_plus,fav_7_14,team_has_rp_edge
2025,2,2025-09-06T23:30:00.000Z,401752695,Vanderbilt,Virginia Tech,Underdog,2.0,W,26.0,-0.5,16.0,12.0,21.0,15_to_25,SEC,ACC,P4,P4,P4_vs_P4,False,False,SEC,ACC,,,5_to_15,15_to_25,True,15_to_25,pick_to_3,team_has_rp_edge
2025,2,2025-09-07T02:15:00.000Z,401752948,San Diego State,Washington State,Underdog,2.25,L,-20.75,-1.0,25.0,7.0,43.0,25_plus,,,,,,,,,,,,5_to_15,25_plus,True,25_plus,pick_to_3,team_has_rp_edge
2025,3,2025-09-13T16:00:00.000Z,401761608,Troy,Memphis,Underdog,4.5,L,-16.5,,27.0,31.0,23.0,25_plus,Sun Belt,American,G6,G6,G6_vs_G6,False,False,Sun Belt,American,,,25_plus,15_to_25,True,25_plus,dog_3_7,team_has_rp_edge
2025,3,2025-09-13T16:00:00.000Z,401752831,Northwestern,Oregon,Underdog,25.5,W,5.5,3.0,15.0,8.0,21.0,15_to_25,Big Ten,Big Ten,P4,P4,P4_vs_P4,False,False,Big Ten,Big Ten,,,5_to_15,15_to_25,True,15_to_25,dog_14_plus,team_has_rp_edge
2025,3,2025-09-13T17:00:00.000Z,401752702,Missouri,Louisiana,Favorite,-27.5,W,14.5,5.0,19.0,3.0,35.0,15_to_25,SEC,Sun Belt,P4,G6,P4_vs_G6,False,False,SEC,Sun Belt,,,neutral,25_plus,True,15_to_25,fav_14_plus,team_has_rp_edge
2025,3,2025-09-13T19:30:00.000Z,401752938,Texas Tech,Oregon State,Favorite,-24.0,W,7.0,-1.0,13.0,2.0,25.0,5_to_15,,,,,,,,,,,,neutral,25_plus,True,5_to_15,fav_14_plus,team_has_rp_edge
2025,3,2025-09-13T19:30:00.000Z,401754638,Pittsburgh,West Virginia,Favorite,-6.833333333333333,L,-13.833333333333332,2.5,18.0,12.0,23.0,15_to_25,ACC,Big 12,P4,P4,P4_vs_P4,False,False,ACC,Big 12,,,5_to_15,15_to_25,True,15_to_25,fav_3_7,team_has_rp_edge
2025,3,2025-09-13T19:30:00.000Z,401752705,Tennessee,Georgia,Underdog,3.5,W,0.5,3.0,13.0,1.0,26.0,5_to_15,SEC,SEC,P4,P4,P4_vs_P4,False,False,SEC,SEC,,,neutral,25_plus,True,5_to_15,dog_3_7,team_has_rp_edge
2025,3,2025-09-13T19:30:00.000Z,401752949,North Texas,Washington State,Favorite,-6.5,W,42.5,1.0,26.0,17.0,35.0,25_plus,,,,,,,,,,,,15_to_25,25_plus,True,25_plus,fav_3_7,team_has_rp_edge
2025,3,2025-09-13T21:00:00.000Z,401757256,Liberty,Bowling Green,Favorite,-6.0,L,-16.0,-1.0,28.0,31.0,27.0,25_plus,Conference USA,MAC,G6,G6,G6_vs_G6,False,False,Conference USA,MAC,,,25_plus,25_plus,True,25_plus,fav_3_7,team_has_rp_edge
2025,3,2025-09-13T21:00:00.000Z,401757258,Middle Tennessee,Nevada,Underdog,9.333333333333334,W,10.333333333333334,0.0,27.0,32.0,22.0,25_plus,Conference USA,Mountain West,G6,G6,G6_vs_G6,False,False,Conference USA,Mountain West,,,25_plus,15_to_25,True,25_plus,dog_7_14,team_has_rp_edge
2025,3,2025-09-13T23:00:00.000Z,401752829,Illinois,Western Michigan,Favorite,-27.5,W,10.5,-1.0,39.0,29.0,51.0,25_plus,Big Ten,MAC,P4,G6,P4_vs_G6,False,False,Big Ten,MAC,,,25_plus,25_plus,True,25_plus,fav_14_plus,team_has_rp_edge
2025,3,2025-09-13T23:30:00.000Z,401752707,Texas A&M,Notre Dame,Underdog,6.833333333333333,W,7.833333333333333,0.0,14.0,4.0,24.0,5_to_15,SEC,Independent,P4,Independent,Other,False,False,SEC,Independent,,,neutral,15_to_25,True,5_to_15,dog_3_7,team_has_rp_edge
2025,4,2025-09-18T23:30:00.000Z,401762468,Rice,Charlotte,Favorite,-1.6666666666666667,W,9.333333333333334,-2.5,9.0,-12.0,32.0,5_to_15,American,American,G6,G6,G6_vs_G6,False,False,American,American,,,minus_5_to_15,25_plus,True,5_to_15,pick_to_3,team_has_rp_edge
2025,4,2025-09-20T16:00:00.000Z,401762469,Army,North Texas,Underdog,2.5,L,-4.5,-1.5,-2.0,-30.0,24.0,neutral,American,American,G6,G6,G6_vs_G6,False,False,American,American,,,minus_25,15_to_25,True,neutral,pick_to_3,opponent_has_rp_edge
2025,4,2025-09-20T16:00:00.000Z,401762469,North Texas,Army,Favorite,-2.5,W,4.5,1.5,2.0,-24.0,30.0,neutral,American,American,G6,G6,G6_vs_G6,False,False,American,American,,,minus_15_to_25,25_plus,True,neutral,pick_to_3,team_has_rp_edge
2025,4,2025-09-20T16:00:00.000Z,401754537,Clemson,Syracuse,Favorite,-17.5,L,-30.5,1.0,31.0,24.0,38.0,25_plus,ACC,ACC,P4,P4,P4_vs_P4,False,False,ACC,ACC,,,15_to_25,25_plus,True,25_plus,fav_14_plus,team_has_rp_edge
2025,4,2025-09-20T16:45:00.000Z,401752715,Tennessee,UAB,Favorite,-39.0,L,-7.0,1.0,19.0,9.0,29.0,15_to_25,SEC,American,P4,G6,P4_vs_G6,False,False,SEC,American,,,5_to_15,25_plus,True,15_to_25,fav_14_plus,team_has_rp_edge
2025,4,2025-09-20T19:00:00.000Z,401752841,Oregon State,Oregon,Underdog,34.0,P,0.0,0.0,19.0,11.0,25.0,15_to_25,,,,,,,,,,,,5_to_15,25_plus,True,15_to_25,dog_14_plus,team_has_rp_edge
2025,4,2025-09-20T19:30:00.000Z,401752848,Notre Dame,Purdue,Favorite,-24.5,W,1.5,-2.0,25.0,12.0,39.0,25_plus,Independent,Big Ten,Independent,P4,Other,False,False,Independent,Big Ten,,,5_to_15,25_plus,True,25_plus,fav_14_plus,team_has_rp_edge
2025,4,2025-09-20T19:30:00.000Z,401761613,Troy,Buffalo,Underdog,5.833333333333333,W,9.833333333333332,0.0,9.0,-9.0,27.0,5_to_15,Sun Belt,MAC,G6,G6,G6_vs_G6,False,False,Sun Belt,MAC,,,minus_5_to_15,25_plus,True,5_to_15,dog_3_7,team_has_rp_edge
2025,4,2025-09-20T19:30:00.000Z,401762820,Toledo,Western Michigan,Favorite,-12.666666666666666,L,-13.666666666666666,-2.0,23.0,26.0,22.0,15_to_25,MAC,MAC,G6,G6,G6_vs_G6,False,False,MAC,MAC,,,25_plus,15_to_25,True,15_to_25,fav_7_14,team_has_rp_edge
2025,4,2025-09-20T19:30:00.000Z,401752711,Tulane,Ole Miss,Underdog,12.166666666666666,L,-22.833333333333336,1.0,14.0,3.0,24.0,5_to_15,American,SEC,G6,P4,G6_vs_P4,False,False,American,SEC,,,neutral,15_to_25,True,5_to_15,dog_7_14,team_has_rp_edge
2025,4,2025-09-20T23:00:00.000Z,401757264,Middle Tennessee,Marshall,Underdog,2.5,L,-11.5,1.0,24.0,25.0,24.0,15_to_25,Conference USA,Sun Belt,G6,G6,G6_vs_G6,False,False,Conference USA,Sun Belt,,,25_plus,15_to_25,True,15_to_25,pick_to_3,team_has_rp_edge
2025,4,2025-09-20T23:30:00.000Z,401752842,Washington,Washington State,Favorite,-20.833333333333332,W,14.166666666666668,0.0,25.0,22.0,26.0,25_plus,,,,,,,,,,,,15_to_25,25_plus,True,25_plus,fav_14_plus,team_has_rp_edge
2023,1,2023-09-02T16:00:00.000Z,401520172,Louisiana Tech,SMU,Underdog,20.125,L,-3.875,,20.0,14.0,25.0,15_to_25,Conference USA,American,G6,G6,G6_vs_G6,False,False,Conference USA,American,,,5_to_15,25_plus,True,15_to_25,dog_14_plus,team_has_rp_edge
2023,1,2023-09-02T16:00:00.000Z,401520162,Michigan,East Carolina,Favorite,-35.4,L,-8.399999999999999,,47.0,45.0,48.0,25_plus,Big Ten,American,P4,G6,P4_vs_G6,False,False,Big Ten,American,,,25_plus,25_plus,True,25_plus,fav_14_plus,team_has_rp_edge
2023,1,2023-09-02T16:00:00.000Z,401520179,Tennessee,Virginia,Favorite,-27.7,W,8.3,,11.0,-7.0,29.0,5_to_15,SEC,ACC,P4,P4,P4_vs_P4,False,False,SEC,ACC,,,minus_5_to_15,25_plus,True,5_to_15,fav_14_plus,team_has_rp_edge
2023,1,2023-09-02T22:30:00.000Z,401523996,USC,Nevada,Favorite,-37.875,W,14.125,,23.0,21.0,25.0,15_to_25,,,,,,,,,,,,15_to_25,25_plus,True,15_to_25,fav_14_plus,team_has_rp_edge
2023,1,2023-09-02T23:00:00.000Z,401520175,Army,UL Monroe,Favorite,-8.375,L,-12.375,,12.0,-2.0,25.0,5_to_15,Independent,Sun Belt,Independent,G6,Other,False,False,Independent,Sun Belt,,,neutral,25_plus,True,5_to_15,fav_7_14,team_has_rp_edge
2023,1,2023-09-02T23:30:00.000Z,401520149,Middle Tennessee,Alabama,Underdog,39.375,L,-9.625,,29.0,14.0,43.0,25_plus,Conference USA,SEC,G6,P4,G6_vs_P4,False,False,Conference USA,SEC,,,5_to_15,25_plus,True,25_plus,dog_14_plus,team_has_rp_edge
2023,1,2023-09-03T16:00:00.000Z,401520171,Rutgers,Northwestern,Favorite,-6.1,W,10.9,,17.0,7.0,26.0,15_to_25,Big Ten,Big Ten,P4,P4,P4_vs_P4,False,False,Big Ten,Big Ten,,,5_to_15,25_plus,True,15_to_25,fav_3_7,team_has_rp_edge
2023,2,2023-09-09T16:00:00.000Z,401525498,James Madison,Virginia,Favorite,-6.0,L,-5.0,,18.0,-4.0,41.0,15_to_25,Sun Belt,ACC,G6,P4,G6_vs_P4,False,False,Sun Belt,ACC,,,neutral,25_plus,True,15_to_25,fav_3_7,team_has_rp_edge
2023,2,2023-09-09T20:00:00.000Z,401531411,Marshall,East Carolina,Favorite,-2.8333333333333335,W,15.166666666666666,,27.0,26.0,28.0,25_plus,Sun Belt,American,G6,G6,G6_vs_G6,False,False,Sun Belt,American,,,25_plus,25_plus,True,25_plus,pick_to_3,team_has_rp_edge
2023,2,2023-09-09T21:00:00.000Z,401524004,Washington,Tulsa,Favorite,-33.666666666666664,L,-0.6666666666666643,,33.0,36.0,32.0,25_plus,,,,,,,,,,,,25_plus,25_plus,True,25_plus,fav_14_plus,team_has_rp_edge
2023,2,2023-09-09T23:00:00.000Z,401520206,Missouri,Middle Tennessee,Favorite,-21.0,L,-17.0,,9.0,-9.0,28.0,5_to_15,SEC,Conference USA,P4,G6,P4_vs_G6,False,False,SEC,Conference USA,,,minus_5_to_15,25_plus,True,5_to_15,fav_14_plus,team_has_rp_edge
2023,2,2023-09-10T00:00:00.000Z,401520211,Sam Houston,Air Force,Underdog,13.166666666666666,W,3.166666666666666,,12.0,-2.0,28.0,5_to_15,Conference USA,Mountain West,G6,G6,G6_vs_G6,False,False,,Mountain West,,,neutral,25_plus,True,5_to_15,dog_7_14,team_has_rp_edge
2023,2,2023-09-10T00:30:00.000Z,401525493,Florida State,Southern Miss,Favorite,-31.0,W,22.0,,27.0,27.0,26.0,25_plus,ACC,Sun Belt,P4,G6,P4_vs_G6,False,False,ACC,Sun Belt,,,25_plus,25_plus,True,25_plus,fav_14_plus,team_has_rp_edge
2023,2,2023-09-10T02:30:00.000Z,401524003,USC,Stanford,Favorite,-28.666666666666668,W,17.333333333333332,,41.0,39.0,44.0,25_plus,,,,,,,,,,,,25_plus,25_plus,True,25_plus,fav_14_plus,team_has_rp_edge
2023,3,2023-09-16T20:00:00.000Z,401520245,Texas A&M,UL Monroe,Favorite,-36.5,W,7.5,,28.0,16.0,38.0,25_plus,SEC,Sun Belt,P4,G6,P4_vs_G6,False,False,SEC,Sun Belt,,,15_to_25,25_plus,True,25_plus,fav_14_plus,team_has_rp_edge
2023,3,2023-09-16T23:00:00.000Z,401525835,Miami (OH),Cincinnati,Underdog,14.25,W,21.25,,23.0,12.0,34.0,15_to_25,MAC,Big 12,G6,P4,G6_vs_P4,False,True,MAC,American,,0.0,5_to_15,25_plus,True,15_to_25,dog_7_14,team_has_rp_edge
2023,3,2023-09-17T02:30:00.000Z,401525837,Kansas,Nevada,Favorite,-28.5,L,-21.5,,32.0,37.0,27.0,25_plus,Big 12,Mountain West,P4,G6,P4_vs_G6,False,False,Big 12,Mountain West,,,25_plus,25_plus,True,25_plus,fav_14_plus,team_has_rp_edge
2023,4,2023-09-23T16:00:00.000Z,401525507,Florida State,Clemson,Favorite,-2.0,W,5.0,,18.0,5.0,30.0,15_to_25,ACC,ACC,P4,P4,P4_vs_P4,False,False,ACC,ACC,,,5_to_15,25_plus,True,15_to_25,pick_to_3,team_has_rp_edge
2023,4,2023-09-23T20:00:00.000Z,401531423,Rice,South Florida,Favorite,-2.5,L,-15.5,,17.0,5.0,28.0,15_to_25,American,American,G6,G6,G6_vs_G6,True,False,Conference USA,American,0.0,,5_to_15,25_plus,True,15_to_25,pick_to_3,team_has_rp_edge
2023,4,2023-09-23T21:00:00.000Z,401531876,South Alabama,Central Michigan,Favorite,-16.166666666666668,L,-20.166666666666668,,11.0,-9.0,31.0,5_to_15,Sun Belt,MAC,G6,G6,G6_vs_G6,False,False,Sun Belt,MAC,,,minus_5_to_15,25_plus,True,5_to_15,fav_14_plus,team_has_rp_edge
2023,4,2023-09-23T23:30:00.000Z,401520252,Georgia,UAB,Favorite,-40.833333333333336,L,-12.833333333333336,,22.0,10.0,34.0,15_to_25,SEC,American,P4,G6,P4_vs_G6,False,True,SEC,Conference USA,,0.0,5_to_15,25_plus,True,15_to_25,fav_14_plus,team_has_rp_edge
2024,1,2024-08-30T00:00:00.000Z,401640998,Jacksonville State,Coastal Carolina,Favorite,-3.5,L,-31.5,,24.0,15.0,33.0,15_to_25,Conference USA,Sun Belt,G6,G6,G6_vs_G6,False,False,Conference USA,Sun Belt,,,15_to_25,25_plus,True,15_to_25,fav_3_7,team_has_rp_edge
2024,1,2024-08-30T00:00:00.000Z,401628448,Minnesota,North Carolina,Underdog,0.3333333333333333,L,-1.6666666666666667,,34.0,32.0,37.0,25_plus,Big Ten,ACC,P4,P4,P4_vs_P4,False,False,Big Ten,ACC,,,25_plus,25_plus,True,25_plus,pick_to_3,team_has_rp_edge
2024,1,2024-08-30T23:00:00.000Z,401628328,Oklahoma,Temple,Favorite,-43.0,W,5.0,,8.0,-18.0,33.0,5_to_15,SEC,American,P4,G6,P4_vs_G6,True,False,Big 12,American,0.0,,minus_15_to_25,25_plus,True,5_to_15,fav_14_plus,team_has_rp_edge
2024,1,2024-08-31T19:30:00.000Z,401628454,Nebraska,UTEP,Favorite,-27.5,W,5.5,0.5,32.0,28.0,36.0,25_plus,Big Ten,Conference USA,P4,G6,P4_vs_G6,False,False,Big Ten,Conference USA,,,25_plus,25_plus,True,25_plus,fav_14_plus,team_has_rp_edge
2024,1,2024-08-31T19:30:00.000Z,401634304,Syracuse,Ohio,Favorite,-17.333333333333332,L,-1.333333333333332,,47.0,48.0,45.0,25_plus,ACC,MAC,P4,G6,P4_vs_G6,False,False,ACC,MAC,,,25_plus,25_plus,True,25_plus,fav_14_plus,team_has_rp_edge
2024,1,2024-08-31T21:00:00.000Z,401643775,North Texas,South Alabama,Underdog,5.833333333333333,W,19.833333333333332,,13.0,-2.0,27.0,5_to_15,American,Sun Belt,G6,G6,G6_vs_G6,False,False,American,Sun Belt,,,neutral,25_plus,True,5_to_15,dog_3_7,team_has_rp_edge
2024,1,2024-09-01T02:30:00.000Z,401636608,Arizona,New Mexico,Favorite,-29.166666666666668,L,-7.166666666666668,,26.0,16.0,36.0,25_plus,Big 12,Mountain West,P4,G6,P4_vs_G6,True,False,Pac-12,Mountain West,0.0,,15_to_25,25_plus,True,25_plus,fav_14_plus,team_has_rp_edge
2024,2,2024-09-07T01:00:00.000Z,401635533,Northwestern,Duke,Favorite,-2.1666666666666665,L,-8.166666666666666,-1.0,21.0,7.0,35.0,15_to_25,Big Ten,ACC,P4,P4,P4_vs_P4,False,False,Big Ten,ACC,,,5_to_15,25_plus,True,15_to_25,pick_to_3,team_has_rp_edge
2024,2,2024-09-07T16:00:00.000Z,401628471,Rutgers,Akron,Favorite,-24.5,W,7.5,1.5,21.0,6.0,36.0,15_to_25,Big Ten,MAC,P4,G6,P4_vs_G6,False,False,Big Ten,MAC,,,5_to_15,25_plus,True,15_to_25,fav_14_plus,team_has_rp_edge
2024,2,2024-09-07T16:00:00.000Z,401628347,Texas,Michigan,Favorite,-6.666666666666667,W,12.333333333333332,-1.0,34.0,27.0,42.0,25_plus,SEC,Big Ten,P4,P4,P4_vs_P4,True,False,Big 12,Big Ten,0.0,,25_plus,25_plus,True,25_plus,fav_3_7,team_has_rp_edge
2024,2,2024-09-07T19:30:00.000Z,401645324,Navy,Temple,Favorite,-12.166666666666666,W,14.833333333333334,0.5,14.0,1.0,27.0,5_to_15,American,American,G6,G6,G6_vs_G6,False,False,American,American,,,neutral,25_plus,True,5_to_15,fav_7_14,team_has_rp_edge
2024,2,2024-09-07T19:30:00.000Z,401628473,Eastern Michigan,Washington,Underdog,24.833333333333332,W,3.833333333333332,-0.5,10.0,-7.0,28.0,5_to_15,MAC,Big Ten,G6,P4,G6_vs_P4,False,True,MAC,Pac-12,,0.0,minus_5_to_15,25_plus,True,5_to_15,dog_14_plus,team_has_rp_edge
2024,2,2024-09-07T22:30:00.000Z,401636617,Sam Houston,UCF,Underdog,21.5,L,-9.5,2.0,15.0,3.0,26.0,15_to_25,Conference USA,Big 12,G6,P4,G6_vs_P4,False,False,Conference USA,Big 12,,,neutral,25_plus,True,15_to_25,dog_14_plus,team_has_rp_edge
2024,2,2024-09-07T23:00:00.000Z,401628344,Missouri,Buffalo,Favorite,-33.666666666666664,W,4.333333333333336,-2.0,39.0,51.0,27.0,25_plus,SEC,MAC,P4,G6,P4_vs_G6,False,False,SEC,MAC,,,25_plus,25_plus,True,25_plus,fav_14_plus,team_has_rp_edge
2024,3,2024-09-14T19:30:00.000Z,401628358,Oklahoma,Tulane,Favorite,-13.333333333333334,W,1.666666666666666,0.0,12.0,-9.0,32.0,5_to_15,SEC,American,P4,G6,P4_vs_G6,True,False,Big 12,American,0.0,,minus_5_to_15,25_plus,True,5_to_15,fav_7_14,team_has_rp_edge
2024,3,2024-09-14T19:30:00.000Z,401628484,Washington State,Washington,Underdog,5.166666666666667,W,10.166666666666668,2.0,19.0,5.0,34.0,15_to_25,,,,,,,,,,,,5_to_15,25_plus,True,15_to_25,dog_3_7,team_has_rp_edge
2024,3,2024-09-14T23:00:00.000Z,401640999,Jacksonville State,Eastern Michigan,Favorite,-1.0,L,-4.0,0.0,23.0,14.0,32.0,15_to_25,Conference USA,MAC,G6,G6,G6_vs_G6,False,False,Conference USA,MAC,,,5_to_15,25_plus,True,15_to_25,pick_to_3,team_has_rp_edge
2024,3,2024-09-14T23:30:00.000Z,401636860,Baylor,Air Force,Favorite,-16.666666666666668,W,11.333333333333332,0.0,41.0,48.0,34.0,25_plus,Big 12,Mountain West,P4,G6,P4_vs_G6,False,False,Big 12,Mountain West,,,25_plus,25_plus,True,25_plus,fav_14_plus,team_has_rp_edge
2024,3,2024-09-14T23:30:00.000Z,401628352,Auburn,New Mexico,Favorite,-25.833333333333332,W,0.1666666666666678,-4.0,25.0,20.0,29.0,25_plus,SEC,Mountain West,P4,G6,P4_vs_G6,False,False,SEC,Mountain West,,,15_to_25,25_plus,True,25_plus,fav_14_plus,team_has_rp_edge
2024,3,2024-09-14T23:30:00.000Z,401636866,TCU,UCF,Favorite,-2.1666666666666665,L,-3.1666666666666665,4.5,22.0,3.0,40.0,15_to_25,Big 12,Big 12,P4,P4,P4_vs_P4,False,False,Big 12,Big 12,,,neutral,25_plus,True,15_to_25,pick_to_3,team_has_rp_edge
2024,3,2024-09-15T00:00:00.000Z,401636862,Rice,Houston,Underdog,4.333333333333333,L,-21.666666666666668,0.0,12.0,-1.0,25.0,5_to_15,American,Big 12,G6,P4,G6_vs_P4,False,False,American,Big 12,,,neutral,25_plus,True,5_to_15,dog_3_7,team_has_rp_edge
2024,3,2024-09-15T00:00:00.000Z,401628478,Virginia,Maryland,Favorite,-1.1666666666666667,L,-15.166666666666666,0.0,31.0,34.0,28.0,25_plus,ACC,Big Ten,P4,P4,P4_vs_P4,False,False,ACC,Big Ten,,,25_plus,25_plus,True,25_plus,pick_to_3,team_has_rp_edge
2024,4,2024-09-21T16:00:00.000Z,401643791,Louisiana,Tulane,Underdog,1.5,L,-6.5,,23.0,20.0,26.0,15_to_25,Sun Belt,American,G6,G6,G6_vs_G6,False,False,Sun Belt,American,,,15_to_25,25_plus,True,15_to_25,pick_to_3,team_has_rp_edge
2024,4,2024-09-21T16:00:00.000Z,401645328,Rice,Army,Underdog,7.333333333333333,L,-15.666666666666668,,26.0,25.0,26.0,25_plus,American,American,G6,G6,G6_vs_G6,False,True,American,Independent,,0.0,25_plus,25_plus,True,25_plus,dog_3_7,team_has_rp_edge
2024,4,2024-09-21T16:45:00.000Z,401628364,Kentucky,Ohio,Favorite,-20.666666666666668,W,14.333333333333332,,22.0,12.0,30.0,15_to_25,SEC,MAC,P4,G6,P4_vs_G6,False,False,SEC,MAC,,,5_to_15,25_plus,True,15_to_25,fav_14_plus,team_has_rp_edge
2024,4,2024-09-21T19:00:00.000Z,401641000,Jacksonville State,Southern Miss,Favorite,-6.166666666666667,W,30.833333333333332,0.0,13.0,-2.0,28.0,5_to_15,Conference USA,Sun Belt,G6,G6,G6_vs_G6,False,False,Conference USA,Sun Belt,,,neutral,25_plus,True,5_to_15,fav_3_7,team_has_rp_edge
2024,4,2024-09-21T19:30:00.000Z,401628489,USC,Michigan,Favorite,-4.166666666666667,L,-7.166666666666667,-1.0,14.0,4.0,25.0,5_to_15,Big Ten,Big Ten,P4,P4,P4_vs_P4,True,False,Pac-12,Big Ten,0.0,,neutral,25_plus,True,5_to_15,fav_3_7,team_has_rp_edge
2024,4,2024-09-21T23:00:00.000Z,401628491,Northwestern,Washington,Underdog,11.833333333333334,L,-7.166666666666666,-1.5,40.0,12.0,69.0,25_plus,Big Ten,Big Ten,P4,P4,P4_vs_P4,False,True,Big Ten,Pac-12,,0.0,5_to_15,25_plus,True,25_plus,dog_7_14,team_has_rp_edge
2024,4,2024-09-21T23:00:00.000Z,401643716,Wyoming,North Texas,Underdog,7.0,L,-20.0,2.0,8.0,-9.0,25.0,5_to_15,Mountain West,American,G6,G6,G6_vs_G6,False,False,Mountain West,American,,,minus_5_to_15,25_plus,True,5_to_15,dog_3_7,team_has_rp_edge
2024,4,2024-09-21T23:00:00.000Z,401641037,Western Kentucky,Toledo,Underdog,2.3333333333333335,W,7.333333333333334,-3.5,19.0,8.0,32.0,15_to_25,Conference USA,MAC,G6,G6,G6_vs_G6,False,False,Conference USA,MAC,,,5_to_15,25_plus,True,15_to_25,pick_to_3,team_has_rp_edge
2024,4,2024-09-21T23:30:00.000Z,401628369,Oklahoma,Tennessee,Underdog,6.0,L,-4.0,2.0,10.0,-14.0,33.0,5_to_15,SEC,SEC,P4,P4,P4_vs_P4,True,False,Big 12,SEC,0.0,,minus_5_to_15,25_plus,True,5_to_15,dog_3_7,team_has_rp_edge
2024,4,2024-09-22T00:00:00.000Z,401628371,Texas,UL Monroe,Favorite,-43.0,W,5.0,-3.5,30.0,33.0,27.0,25_plus,SEC,Sun Belt,P4,G6,P4_vs_G6,True,False,Big 12,Sun Belt,0.0,,25_plus,25_plus,True,25_plus,fav_14_plus,team_has_rp_edge
2025,1,2025-08-29T00:00:00.000Z,401752793,Minnesota,Buffalo,Favorite,-17.166666666666668,L,-4.166666666666668,0.0,5.0,-23.0,32.0,5_to_15,Big Ten,MAC,P4,G6,P4_vs_G6,False,False,Big Ten,MAC,,,minus_15_to_25,25_plus,True,5_to_15,fav_14_plus,team_has_rp_edge
2025,1,2025-08-29T01:00:00.000Z,401762791,Wisconsin,Miami (OH),Favorite,-18.0,L,-1.0,0.5,32.0,18.0,47.0,25_plus,Big Ten,MAC,P4,G6,P4_vs_G6,False,False,Big Ten,MAC,,,15_to_25,25_plus,True,25_plus,fav_14_plus,team_has_rp_edge
2025,1,2025-08-30T16:00:00.000Z,401752676,Tennessee,Syracuse,Favorite,-13.5,W,5.5,-1.0,8.0,-13.0,30.0,5_to_15,SEC,ACC,P4,P4,P4_vs_P4,False,False,SEC,ACC,,,minus_5_to_15,25_plus,True,5_to_15,fav_7_14,team_has_rp_edge
2025,1,2025-08-30T23:30:00.000Z,401752808,Michigan,New Mexico,Favorite,-35.166666666666664,L,-18.166666666666664,0.0,37.0,38.0,35.0,25_plus,Big Ten,Mountain West,P4,G6,P4_vs_G6,False,False,Big Ten,Mountain West,,,25_plus,25_plus,True,25_plus,fav_14_plus,team_has_rp_edge
2025,2,2025-09-06T16:00:00.000Z,401757227,Liberty,Jacksonville State,Favorite,-6.25,L,-16.25,1.0,38.0,42.0,35.0,25_plus,Conference USA,Conference USA,G6,G6,G6_vs_G6,False,False,Conference USA,Conference USA,,,25_plus,25_plus,True,25_plus,fav_3_7,team_has_rp_edge
2025,2,2025-09-06T19:30:00.000Z,401752818,Rutgers,Miami (OH),Favorite,-15.5,W,12.5,2.0,39.0,31.0,47.0,25_plus,Big Ten,MAC,P4,G6,P4_vs_G6,False,False,Big Ten,MAC,,,25_plus,25_plus,True,25_plus,fav_14_plus,team_has_rp_edge
2025,2,2025-09-06T19:30:00.000Z,401756880,Cincinnati,Bowling Green,Favorite,-22.0,L,-8.0,4.5,30.0,35.0,26.0,25_plus,Big 12,MAC,P4,G6,P4_vs_G6,False,False,Big 12,MAC,,,25_plus,25_plus,True,25_plus,fav_14_plus,team_has_rp_edge
2025,2,2025-09-06T19:30:00.000Z,401756881,Delaware,Colorado,Underdog,23.5,L,-0.5,1.0,15.0,-1.0,32.0,15_to_25,Conference USA,Big 12,G6,P4,G6_vs_P4,False,False,,Big 12,,,neutral,25_plus,True,15_to_25,dog_14_plus,team_has_rp_edge
2025,2,2025-09-06T19:30:00.000Z,401762461,North Texas,Western Michigan,Favorite,-12.25,L,-9.25,2.0,16.0,-6.0,40.0,15_to_25,American,MAC,G6,G6,G6_vs_G6,False,False,American,MAC,,,minus_5_to_15,25_plus,True,15_to_25,fav_7_14,team_has_rp_edge
2025,2,2025-09-06T23:00:00.000Z,401754527,North Carolina,Charlotte,Favorite,-15.75,W,1.25,2.0,23.0,11.0,36.0,15_to_25,ACC,American,P4,G6,P4_vs_G6,False,False,ACC,American,,,5_to_15,25_plus,True,15_to_25,fav_14_plus,team_has_rp_edge
2025,2,2025-09-06T23:00:00.000Z,401756884,Houston,Rice,Favorite,-13.5,W,12.5,1.0,26.0,18.0,32.0,25_plus,Big 12,American,P4,G6,P4_vs_G6,False,False,Big 12,American,,,15_to_25,25_plus,True,25_plus,fav_7_14,team_has_rp_edge
2025,2,2025-09-07T02:15:00.000Z,401752948,San Diego State,Washington State,Underdog,2.25,L,-20.75,-1.0,25.0,7.0,43.0,25_plus,,,,,,,,,,,,5_to_15,25_plus,True,25_plus,pick_to_3,team_has_rp_edge
2025,3,2025-09-13T17:00:00.000Z,401752702,Missouri,Louisiana,Favorite,-27.5,W,14.5,5.0,19.0,3.0,35.0,15_to_25,SEC,Sun Belt,P4,G6,P4_vs_G6,False,False,SEC,Sun Belt,,,neutral,25_plus,True,15_to_25,fav_14_plus,team_has_rp_edge
2025,3,2025-09-13T19:30:00.000Z,401752938,Texas Tech,Oregon State,Favorite,-24.0,W,7.0,-1.0,13.0,2.0,25.0,5_to_15,,,,,,,,,,,,neutral,25_plus,True,5_to_15,fav_14_plus,team_has_rp_edge
2025,3,2025-09-13T19:30:00.000Z,401752705,Tennessee,Georgia,Underdog,3.5,W,0.5,3.0,13.0,1.0,26.0,5_to_15,SEC,SEC,P4,P4,P4_vs_P4,False,False,SEC,SEC,,,neutral,25_plus,True,5_to_15,dog_3_7,team_has_rp_edge
2025,3,2025-09-13T19:30:00.000Z,401752949,North Texas,Washington State,Favorite,-6.5,W,42.5,1.0,26.0,17.0,35.0,25_plus,,,,,,,,,,,,15_to_25,25_plus,True,25_plus,fav_3_7,team_has_rp_edge
2025,3,2025-09-13T21:00:00.000Z,401757256,Liberty,Bowling Green,Favorite,-6.0,L,-16.0,-1.0,28.0,31.0,27.0,25_plus,Conference USA,MAC,G6,G6,G6_vs_G6,False,False,Conference USA,MAC,,,25_plus,25_plus,True,25_plus,fav_3_7,team_has_rp_edge
2025,3,2025-09-13T23:00:00.000Z,401752829,Illinois,Western Michigan,Favorite,-27.5,W,10.5,-1.0,39.0,29.0,51.0,25_plus,Big Ten,MAC,P4,G6,P4_vs_G6,False,False,Big Ten,MAC,,,25_plus,25_plus,True,25_plus,fav_14_plus,team_has_rp_edge
2025,4,2025-09-18T23:30:00.000Z,401762468,Rice,Charlotte,Favorite,-1.6666666666666667,W,9.333333333333334,-2.5,9.0,-12.0,32.0,5_to_15,American,American,G6,G6,G6_vs_G6,False,False,American,American,,,minus_5_to_15,25_plus,True,5_to_15,pick_to_3,team_has_rp_edge
2025,4,2025-09-20T16:00:00.000Z,401762469,North Texas,Army,Favorite,-2.5,W,4.5,1.5,2.0,-24.0,30.0,neutral,American,American,G6,G6,G6_vs_G6,False,False,American,American,,,minus_15_to_25,25_plus,True,neutral,pick_to_3,team_has_rp_edge
2025,4,2025-09-20T16:00:00.000Z,401754537,Clemson,Syracuse,Favorite,-17.5,L,-30.5,1.0,31.0,24.0,38.0,25_plus,ACC,ACC,P4,P4,P4_vs_P4,False,False,ACC,ACC,,,15_to_25,25_plus,True,25_plus,fav_14_plus,team_has_rp_edge
2025,4,2025-09-20T16:45:00.000Z,401752715,Tennessee,UAB,Favorite,-39.0,L,-7.0,1.0,19.0,9.0,29.0,15_to_25,SEC,American,P4,G6,P4_vs_G6,False,False,SEC,American,,,5_to_15,25_plus,True,15_to_25,fav_14_plus,team_has_rp_edge
2025,4,2025-09-20T19:00:00.000Z,401752841,Oregon State,Oregon,Underdog,34.0,P,0.0,0.0,19.0,11.0,25.0,15_to_25,,,,,,,,,,,,5_to_15,25_plus,True,15_to_25,dog_14_plus,team_has_rp_edge
2025,4,2025-09-20T19:30:00.000Z,401752848,Notre Dame,Purdue,Favorite,-24.5,W,1.5,-2.0,25.0,12.0,39.0,25_plus,Independent,Big Ten,Independent,P4,Other,False,False,Independent,Big Ten,,,5_to_15,25_plus,True,25_plus,fav_14_plus,team_has_rp_edge
2025,4,2025-09-20T19:30:00.000Z,401761613,Troy,Buffalo,Underdog,5.833333333333333,W,9.833333333333332,0.0,9.0,-9.0,27.0,5_to_15,Sun Belt,MAC,G6,G6,G6_vs_G6,False,False,Sun Belt,MAC,,,minus_5_to_15,25_plus,True,5_to_15,dog_3_7,team_has_rp_edge
2025,4,2025-09-20T23:30:00.000Z,401752842,Washington,Washington State,Favorite,-20.833333333333332,W,14.166666666666668,0.0,25.0,22.0,26.0,25_plus,,,,,,,,,,,,15_to_25,25_plus,True,25_plus,fav_14_plus,team_has_rp_edge
2023,1,2023-09-02T16:00:00.000Z,401520162,Michigan,East Carolina,Favorite,-35.4,L,-8.399999999999999,,47.0,45.0,48.0,25_plus,Big Ten,American,P4,G6,P4_vs_G6,False,False,Big Ten,American,,,25_plus,25_plus,True,25_plus,fav_14_plus,team_has_rp_edge
2023,1,2023-09-02T23:30:00.000Z,401520149,Middle Tennessee,Alabama,Underdog,39.375,L,-9.625,,29.0,14.0,43.0,25_plus,Conference USA,SEC,G6,P4,G6_vs_P4,False,False,Conference USA,SEC,,,5_to_15,25_plus,True,25_plus,dog_14_plus,team_has_rp_edge
2023,2,2023-09-09T16:00:00.000Z,401525498,James Madison,Virginia,Favorite,-6.0,L,-5.0,,18.0,-4.0,41.0,15_to_25,Sun Belt,ACC,G6,P4,G6_vs_P4,False,False,Sun Belt,ACC,,,neutral,25_plus,True,15_to_25,fav_3_7,team_has_rp_edge
2023,2,2023-09-09T21:00:00.000Z,401524004,Washington,Tulsa,Favorite,-33.666666666666664,L,-0.6666666666666643,,33.0,36.0,32.0,25_plus,,,,,,,,,,,,25_plus,25_plus,True,25_plus,fav_14_plus,team_has_rp_edge
2023,2,2023-09-10T02:30:00.000Z,401524003,USC,Stanford,Favorite,-28.666666666666668,W,17.333333333333332,,41.0,39.0,44.0,25_plus,,,,,,,,,,,,25_plus,25_plus,True,25_plus,fav_14_plus,team_has_rp_edge
2023,3,2023-09-16T20:00:00.000Z,401520245,Texas A&M,UL Monroe,Favorite,-36.5,W,7.5,,28.0,16.0,38.0,25_plus,SEC,Sun Belt,P4,G6,P4_vs_G6,False,False,SEC,Sun Belt,,,15_to_25,25_plus,True,25_plus,fav_14_plus,team_has_rp_edge
2023,3,2023-09-16T23:00:00.000Z,401525835,Miami (OH),Cincinnati,Underdog,14.25,W,21.25,,23.0,12.0,34.0,15_to_25,MAC,Big 12,G6,P4,G6_vs_P4,False,True,MAC,American,,0.0,5_to_15,25_plus,True,15_to_25,dog_7_14,team_has_rp_edge
2023,4,2023-09-23T16:00:00.000Z,401525507,Florida State,Clemson,Favorite,-2.0,W,5.0,,18.0,5.0,30.0,15_to_25,ACC,ACC,P4,P4,P4_vs_P4,False,False,ACC,ACC,,,5_to_15,25_plus,True,15_to_25,pick_to_3,team_has_rp_edge
2023,4,2023-09-23T21:00:00.000Z,401531876,South Alabama,Central Michigan,Favorite,-16.166666666666668,L,-20.166666666666668,,11.0,-9.0,31.0,5_to_15,Sun Belt,MAC,G6,G6,G6_vs_G6,False,False,Sun Belt,MAC,,,minus_5_to_15,25_plus,True,5_to_15,fav_14_plus,team_has_rp_edge
2023,4,2023-09-23T23:30:00.000Z,401520252,Georgia,UAB,Favorite,-40.833333333333336,L,-12.833333333333336,,22.0,10.0,34.0,15_to_25,SEC,American,P4,G6,P4_vs_G6,False,True,SEC,Conference USA,,0.0,5_to_15,25_plus,True,15_to_25,fav_14_plus,team_has_rp_edge
2024,1,2024-08-30T00:00:00.000Z,401640998,Jacksonville State,Coastal Carolina,Favorite,-3.5,L,-31.5,,24.0,15.0,33.0,15_to_25,Conference USA,Sun Belt,G6,G6,G6_vs_G6,False,False,Conference USA,Sun Belt,,,15_to_25,25_plus,True,15_to_25,fav_3_7,team_has_rp_edge
2024,1,2024-08-30T00:00:00.000Z,401628448,Minnesota,North Carolina,Underdog,0.3333333333333333,L,-1.6666666666666667,,34.0,32.0,37.0,25_plus,Big Ten,ACC,P4,P4,P4_vs_P4,False,False,Big Ten,ACC,,,25_plus,25_plus,True,25_plus,pick_to_3,team_has_rp_edge
2024,1,2024-08-30T23:00:00.000Z,401628328,Oklahoma,Temple,Favorite,-43.0,W,5.0,,8.0,-18.0,33.0,5_to_15,SEC,American,P4,G6,P4_vs_G6,True,False,Big 12,American,0.0,,minus_15_to_25,25_plus,True,5_to_15,fav_14_plus,team_has_rp_edge
2024,1,2024-08-31T19:30:00.000Z,401628454,Nebraska,UTEP,Favorite,-27.5,W,5.5,0.5,32.0,28.0,36.0,25_plus,Big Ten,Conference USA,P4,G6,P4_vs_G6,False,False,Big Ten,Conference USA,,,25_plus,25_plus,True,25_plus,fav_14_plus,team_has_rp_edge
2024,1,2024-08-31T19:30:00.000Z,401634304,Syracuse,Ohio,Favorite,-17.333333333333332,L,-1.333333333333332,,47.0,48.0,45.0,25_plus,ACC,MAC,P4,G6,P4_vs_G6,False,False,ACC,MAC,,,25_plus,25_plus,True,25_plus,fav_14_plus,team_has_rp_edge
2024,1,2024-09-01T02:30:00.000Z,401636608,Arizona,New Mexico,Favorite,-29.166666666666668,L,-7.166666666666668,,26.0,16.0,36.0,25_plus,Big 12,Mountain West,P4,G6,P4_vs_G6,True,False,Pac-12,Mountain West,0.0,,15_to_25,25_plus,True,25_plus,fav_14_plus,team_has_rp_edge
2024,2,2024-09-07T01:00:00.000Z,401635533,Northwestern,Duke,Favorite,-2.1666666666666665,L,-8.166666666666666,-1.0,21.0,7.0,35.0,15_to_25,Big Ten,ACC,P4,P4,P4_vs_P4,False,False,Big Ten,ACC,,,5_to_15,25_plus,True,15_to_25,pick_to_3,team_has_rp_edge
2024,2,2024-09-07T16:00:00.000Z,401628471,Rutgers,Akron,Favorite,-24.5,W,7.5,1.5,21.0,6.0,36.0,15_to_25,Big Ten,MAC,P4,G6,P4_vs_G6,False,False,Big Ten,MAC,,,5_to_15,25_plus,True,15_to_25,fav_14_plus,team_has_rp_edge
2024,2,2024-09-07T16:00:00.000Z,401628347,Texas,Michigan,Favorite,-6.666666666666667,W,12.333333333333332,-1.0,34.0,27.0,42.0,25_plus,SEC,Big Ten,P4,P4,P4_vs_P4,True,False,Big 12,Big Ten,0.0,,25_plus,25_plus,True,25_plus,fav_3_7,team_has_rp_edge
2024,3,2024-09-14T19:30:00.000Z,401628358,Oklahoma,Tulane,Favorite,-13.333333333333334,W,1.666666666666666,0.0,12.0,-9.0,32.0,5_to_15,SEC,American,P4,G6,P4_vs_G6,True,False,Big 12,American,0.0,,minus_5_to_15,25_plus,True,5_to_15,fav_7_14,team_has_rp_edge
2024,3,2024-09-14T19:30:00.000Z,401628484,Washington State,Washington,Underdog,5.166666666666667,W,10.166666666666668,2.0,19.0,5.0,34.0,15_to_25,,,,,,,,,,,,5_to_15,25_plus,True,15_to_25,dog_3_7,team_has_rp_edge
2024,3,2024-09-14T23:00:00.000Z,401640999,Jacksonville State,Eastern Michigan,Favorite,-1.0,L,-4.0,0.0,23.0,14.0,32.0,15_to_25,Conference USA,MAC,G6,G6,G6_vs_G6,False,False,Conference USA,MAC,,,5_to_15,25_plus,True,15_to_25,pick_to_3,team_has_rp_edge
2024,3,2024-09-14T23:30:00.000Z,401636860,Baylor,Air Force,Favorite,-16.666666666666668,W,11.333333333333332,0.0,41.0,48.0,34.0,25_plus,Big 12,Mountain West,P4,G6,P4_vs_G6,False,False,Big 12,Mountain West,,,25_plus,25_plus,True,25_plus,fav_14_plus,team_has_rp_edge
2024,3,2024-09-14T23:30:00.000Z,401636866,TCU,UCF,Favorite,-2.1666666666666665,L,-3.1666666666666665,4.5,22.0,3.0,40.0,15_to_25,Big 12,Big 12,P4,P4,P4_vs_P4,False,False,Big 12,Big 12,,,neutral,25_plus,True,15_to_25,pick_to_3,team_has_rp_edge
2024,4,2024-09-21T16:45:00.000Z,401628364,Kentucky,Ohio,Favorite,-20.666666666666668,W,14.333333333333332,,22.0,12.0,30.0,15_to_25,SEC,MAC,P4,G6,P4_vs_G6,False,False,SEC,MAC,,,5_to_15,25_plus,True,15_to_25,fav_14_plus,team_has_rp_edge
2024,4,2024-09-21T23:00:00.000Z,401628491,Northwestern,Washington,Underdog,11.833333333333334,L,-7.166666666666666,-1.5,40.0,12.0,69.0,25_plus,Big Ten,Big Ten,P4,P4,P4_vs_P4,False,True,Big Ten,Pac-12,,0.0,5_to_15,25_plus,True,25_plus,dog_7_14,team_has_rp_edge
2024,4,2024-09-21T23:00:00.000Z,401641037,Western Kentucky,Toledo,Underdog,2.3333333333333335,W,7.333333333333334,-3.5,19.0,8.0,32.0,15_to_25,Conference USA,MAC,G6,G6,G6_vs_G6,False,False,Conference USA,MAC,,,5_to_15,25_plus,True,15_to_25,pick_to_3,team_has_rp_edge
2024,4,2024-09-21T23:30:00.000Z,401628369,Oklahoma,Tennessee,Underdog,6.0,L,-4.0,2.0,10.0,-14.0,33.0,5_to_15,SEC,SEC,P4,P4,P4_vs_P4,True,False,Big 12,SEC,0.0,,minus_5_to_15,25_plus,True,5_to_15,dog_3_7,team_has_rp_edge
2025,1,2025-08-29T00:00:00.000Z,401752793,Minnesota,Buffalo,Favorite,-17.166666666666668,L,-4.166666666666668,0.0,5.0,-23.0,32.0,5_to_15,Big Ten,MAC,P4,G6,P4_vs_G6,False,False,Big Ten,MAC,,,minus_15_to_25,25_plus,True,5_to_15,fav_14_plus,team_has_rp_edge
2025,1,2025-08-29T01:00:00.000Z,401762791,Wisconsin,Miami (OH),Favorite,-18.0,L,-1.0,0.5,32.0,18.0,47.0,25_plus,Big Ten,MAC,P4,G6,P4_vs_G6,False,False,Big Ten,MAC,,,15_to_25,25_plus,True,25_plus,fav_14_plus,team_has_rp_edge
2025,1,2025-08-30T16:00:00.000Z,401752676,Tennessee,Syracuse,Favorite,-13.5,W,5.5,-1.0,8.0,-13.0,30.0,5_to_15,SEC,ACC,P4,P4,P4_vs_P4,False,False,SEC,ACC,,,minus_5_to_15,25_plus,True,5_to_15,fav_7_14,team_has_rp_edge
2025,1,2025-08-30T23:30:00.000Z,401752808,Michigan,New Mexico,Favorite,-35.166666666666664,L,-18.166666666666664,0.0,37.0,38.0,35.0,25_plus,Big Ten,Mountain West,P4,G6,P4_vs_G6,False,False,Big Ten,Mountain West,,,25_plus,25_plus,True,25_plus,fav_14_plus,team_has_rp_edge
2025,2,2025-09-06T16:00:00.000Z,401757227,Liberty,Jacksonville State,Favorite,-6.25,L,-16.25,1.0,38.0,42.0,35.0,25_plus,Conference USA,Conference USA,G6,G6,G6_vs_G6,False,False,Conference USA,Conference USA,,,25_plus,25_plus,True,25_plus,fav_3_7,team_has_rp_edge
2025,2,2025-09-06T19:30:00.000Z,401752818,Rutgers,Miami (OH),Favorite,-15.5,W,12.5,2.0,39.0,31.0,47.0,25_plus,Big Ten,MAC,P4,G6,P4_vs_G6,False,False,Big Ten,MAC,,,25_plus,25_plus,True,25_plus,fav_14_plus,team_has_rp_edge
2025,2,2025-09-06T19:30:00.000Z,401756881,Delaware,Colorado,Underdog,23.5,L,-0.5,1.0,15.0,-1.0,32.0,15_to_25,Conference USA,Big 12,G6,P4,G6_vs_P4,False,False,,Big 12,,,neutral,25_plus,True,15_to_25,dog_14_plus,team_has_rp_edge
2025,2,2025-09-06T19:30:00.000Z,401762461,North Texas,Western Michigan,Favorite,-12.25,L,-9.25,2.0,16.0,-6.0,40.0,15_to_25,American,MAC,G6,G6,G6_vs_G6,False,False,American,MAC,,,minus_5_to_15,25_plus,True,15_to_25,fav_7_14,team_has_rp_edge
2025,2,2025-09-06T23:00:00.000Z,401754527,North Carolina,Charlotte,Favorite,-15.75,W,1.25,2.0,23.0,11.0,36.0,15_to_25,ACC,American,P4,G6,P4_vs_G6,False,False,ACC,American,,,5_to_15,25_plus,True,15_to_25,fav_14_plus,team_has_rp_edge
2025,2,2025-09-06T23:00:00.000Z,401756884,Houston,Rice,Favorite,-13.5,W,12.5,1.0,26.0,18.0,32.0,25_plus,Big 12,American,P4,G6,P4_vs_G6,False,False,Big 12,American,,,15_to_25,25_plus,True,25_plus,fav_7_14,team_has_rp_edge
2025,2,2025-09-07T02:15:00.000Z,401752948,San Diego State,Washington State,Underdog,2.25,L,-20.75,-1.0,25.0,7.0,43.0,25_plus,,,,,,,,,,,,5_to_15,25_plus,True,25_plus,pick_to_3,team_has_rp_edge
2025,3,2025-09-13T17:00:00.000Z,401752702,Missouri,Louisiana,Favorite,-27.5,W,14.5,5.0,19.0,3.0,35.0,15_to_25,SEC,Sun Belt,P4,G6,P4_vs_G6,False,False,SEC,Sun Belt,,,neutral,25_plus,True,15_to_25,fav_14_plus,team_has_rp_edge
2025,3,2025-09-13T19:30:00.000Z,401752949,North Texas,Washington State,Favorite,-6.5,W,42.5,1.0,26.0,17.0,35.0,25_plus,,,,,,,,,,,,15_to_25,25_plus,True,25_plus,fav_3_7,team_has_rp_edge
2025,3,2025-09-13T23:00:00.000Z,401752829,Illinois,Western Michigan,Favorite,-27.5,W,10.5,-1.0,39.0,29.0,51.0,25_plus,Big Ten,MAC,P4,G6,P4_vs_G6,False,False,Big Ten,MAC,,,25_plus,25_plus,True,25_plus,fav_14_plus,team_has_rp_edge
2025,4,2025-09-18T23:30:00.000Z,401762468,Rice,Charlotte,Favorite,-1.6666666666666667,W,9.333333333333334,-2.5,9.0,-12.0,32.0,5_to_15,American,American,G6,G6,G6_vs_G6,False,False,American,American,,,minus_5_to_15,25_plus,True,5_to_15,pick_to_3,team_has_rp_edge
2025,4,2025-09-20T16:00:00.000Z,401762469,North Texas,Army,Favorite,-2.5,W,4.5,1.5,2.0,-24.0,30.0,neutral,American,American,G6,G6,G6_vs_G6,False,False,American,American,,,minus_15_to_25,25_plus,True,neutral,pick_to_3,team_has_rp_edge
2025,4,2025-09-20T16:00:00.000Z,401754537,Clemson,Syracuse,Favorite,-17.5,L,-30.5,1.0,31.0,24.0,38.0,25_plus,ACC,ACC,P4,P4,P4_vs_P4,False,False,ACC,ACC,,,15_to_25,25_plus,True,25_plus,fav_14_plus,team_has_rp_edge
2025,4,2025-09-20T19:30:00.000Z,401752848,Notre Dame,Purdue,Favorite,-24.5,W,1.5,-2.0,25.0,12.0,39.0,25_plus,Independent,Big Ten,Independent,P4,Other,False,False,Independent,Big Ten,,,5_to_15,25_plus,True,25_plus,fav_14_plus,team_has_rp_edge
