season,week,date,game_id,opponent,team_conference,opponent_conference,team_tier,opponent_tier,conference_matchup_type,team_changed_conference,opponent_changed_conference,team_previous_conference,opponent_previous_conference,team_years_since_move,opponent_years_since_move,spread,favorite_status,ats_margin,ats_result,team_closing_spread,team_clv
2023,1,2023-09-01T00:00:00.000Z,401520176,Florida,,SEC,,P4,Other,,False,,SEC,,,-6.3,Favorite,6.7,W,-5.5,
2023,1,2023-09-02T16:00:00.000Z,401520172,SMU,Conference USA,American,G6,G6,G6_vs_G6,False,False,Conference USA,American,,,20.125,Underdog,-3.875,L,21.0,
2023,1,2023-09-02T16:00:00.000Z,401520162,East Carolina,Big Ten,American,P4,G6,P4_vs_G6,False,False,Big Ten,American,,,-35.4,Favorite,-8.399999999999999,L,-36.0,
2023,1,2023-09-02T19:30:00.000Z,401520180,Buffalo,Big Ten,MAC,P4,G6,P4_vs_G6,False,False,Big Ten,MAC,,,-27.0,Favorite,-6.0,L,-29.0,
2023,1,2023-09-02T22:30:00.000Z,401523996,Nevada,,Mountain West,,G6,Other,,False,,Mountain West,,,-37.875,Favorite,14.125,W,-37.5,
2023,1,2023-09-03T16:00:00.000Z,401520171,Northwestern,Big Ten,Big Ten,P4,P4,P4_vs_P4,False,False,Big Ten,Big Ten,,,-6.1,Favorite,10.9,W,-5.0,
2023,2,2023-09-09T16:00:00.000Z,401523999,Baylor,,Big 12,,P4,Other,,False,,Big 12,,,-7.0,Favorite,0.0,P,-7.0,
2023,2,2023-09-09T19:30:00.000Z,401525497,Western Michigan,ACC,MAC,P4,G6,P4_vs_G6,False,False,ACC,MAC,,,-24.666666666666668,Favorite,16.333333333333332,W,-24.5,
2023,2,2023-09-09T21:00:00.000Z,401524004,Tulsa,,American,,G6,Other,,False,,American,,,-33.666666666666664,Favorite,-0.6666666666666643,L,-34.0,
2023,2,2023-09-09T23:00:00.000Z,401520183,Alabama,Big 12,SEC,P4,P4,P4_vs_P4,False,False,Big 12,SEC,,,7.166666666666667,Underdog,17.166666666666668,W,7.0,
2023,2,2023-09-10T02:30:00.000Z,401524003,Stanford,,,,,Other,,,,,,,-28.666666666666668,Favorite,17.333333333333332,W,-28.5,
2023,3,2023-09-16T19:30:00.000Z,401520223,Northwestern,ACC,Big Ten,P4,P4,P4_vs_P4,False,False,ACC,Big Ten,,,-17.0,Favorite,7.0,W,-17.0,
2023,3,2023-09-16T20:00:00.000Z,401520245,UL Monroe,SEC,Sun Belt,P4,G6,P4_vs_G6,False,False,SEC,Sun Belt,,,-36.5,Favorite,7.5,W,-36.5,
2023,3,2023-09-17T02:30:00.000Z,401525837,Nevada,Big 12,Mountain West,P4,G6,P4_vs_G6,False,False,Big 12,Mountain West,,,-28.5,Favorite,-21.5,L,-28.5,
2023,4,2023-09-23T17:30:00.000Z,401532406,Western Michigan,MAC,MAC,G6,G6,G6_vs_G6,False,False,MAC,MAC,,,-21.5,Favorite,-3.5,L,-21.5,
2023,4,2023-09-23T19:30:00.000Z,401525506,Louisville,ACC,ACC,P4,P4,P4_vs_P4,False,False,ACC,ACC,,,13.833333333333334,Underdog,-14.166666666666666,L,14.0,
2023,4,2023-09-23T19:30:00.000Z,401520250,Alabama,SEC,SEC,P4,P4,P4_vs_P4,False,False,SEC,SEC,,,7.0,Underdog,-7.0,L,7.0,
2023,4,2023-09-23T20:00:00.000Z,401531423,South Florida,American,American,G6,G6,G6_vs_G6,True,False,Conference USA,American,0.0,,-2.5,Favorite,-15.5,L,-2.5,
2023,4,2023-09-23T23:00:00.000Z,401520258,Arkansas,SEC,SEC,P4,P4,P4_vs_P4,False,False,SEC,SEC,,,-17.666666666666668,Favorite,-14.666666666666668,L,-17.5,
2023,4,2023-09-23T23:30:00.000Z,401525844,Baylor,Big 12,Big 12,P4,P4,P4_vs_P4,False,False,Big 12,Big 12,,,-16.5,Favorite,15.5,W,-17.5,
2024,1,2024-08-30T00:00:00.000Z,401640998,Coastal Carolina,Conference USA,Sun Belt,G6,G6,G6_vs_G6,False,False,Conference USA,Sun Belt,,,-3.5,Favorite,-31.5,L,-3.5,
2024,1,2024-08-30T00:00:00.000Z,401628448,North Carolina,Big Ten,ACC,P4,P4,P4_vs_P4,False,False,Big Ten,ACC,,,0.3333333333333333,Underdog,-1.6666666666666667,L,1.5,
2024,1,2024-08-31T19:30:00.000Z,401628454,UTEP,Big Ten,Conference USA,P4,G6,P4_vs_G6,False,False,Big Ten,Conference USA,,,-27.5,Favorite,5.5,W,-27.5,0.5
2024,1,2024-08-31T19:30:00.000Z,401634304,Ohio,ACC,MAC,P4,G6,P4_vs_G6,False,False,ACC,MAC,,,-17.333333333333332,Favorite,-1.333333333333332,L,-17.5,
2024,2,2024-09-07T16:00:00.000Z,401643784,Troy,American,Sun Belt,G6,G6,G6_vs_G6,False,False,American,Sun Belt,,,-18.666666666666668,Favorite,2.333333333333332,W,-18.5,1.5
2024,2,2024-09-07T16:00:00.000Z,401628470,Bowling Green,Big Ten,MAC,P4,G6,P4_vs_G6,False,False,Big Ten,MAC,,,-34.833333333333336,Favorite,-27.833333333333336,L,-35.0,3.0
2024,2,2024-09-07T16:00:00.000Z,401628347,Michigan,SEC,Big Ten,P4,P4,P4_vs_P4,True,False,Big 12,Big Ten,0.0,,-6.666666666666667,Favorite,12.333333333333332,W,-6.5,-1.0
2024,2,2024-09-07T23:00:00.000Z,401628335,Alabama,American,SEC,G6,P4,G6_vs_P4,False,False,American,SEC,,,31.666666666666668,Underdog,5.666666666666668,W,30.5,0.5
2024,3,2024-09-14T16:00:00.000Z,401628350,Alabama,Big Ten,SEC,P4,P4,P4_vs_P4,False,False,Big Ten,SEC,,,15.166666666666666,Underdog,-16.833333333333336,L,15.5,-6.0
2024,3,2024-09-14T19:30:00.000Z,401628483,Oregon State,Big Ten,,P4,,Other,True,,Pac-12,,0.0,,-17.666666666666668,Favorite,17.333333333333332,W,-18.0,-2.5
2024,3,2024-09-14T20:00:00.000Z,401628477,Troy,Big Ten,Sun Belt,P4,G6,P4_vs_G6,False,False,Big Ten,Sun Belt,,,-23.333333333333332,Favorite,-6.333333333333332,L,-22.5,0.0
2024,3,2024-09-14T23:00:00.000Z,401628361,UTSA,SEC,American,P4,G6,P4_vs_G6,True,False,Big 12,American,0.0,,-35.5,Favorite,13.5,W,-34.5,0.0
2024,3,2024-09-14T23:00:00.000Z,401640999,Eastern Michigan,Conference USA,MAC,G6,G6,G6_vs_G6,False,False,Conference USA,MAC,,,-1.0,Favorite,-4.0,L,2.0,0.0
2024,3,2024-09-14T23:30:00.000Z,401636866,UCF,Big 12,Big 12,P4,P4,P4_vs_P4,False,False,Big 12,Big 12,,,-2.1666666666666665,Favorite,-3.1666666666666665,L,-2.5,4.5
2024,3,2024-09-15T00:00:00.000Z,401628478,Maryland,ACC,Big Ten,P4,P4,P4_vs_P4,False,False,ACC,Big Ten,,,-1.1666666666666667,Favorite,-15.166666666666666,L,2.0,0.0
2024,3,2024-09-15T02:30:00.000Z,401635541,San Diego State,ACC,Mountain West,P4,G6,P4_vs_G6,True,False,Pac-12,Mountain West,0.0,,-18.666666666666668,Favorite,2.333333333333332,W,-18.0,0.0
2024,4,2024-09-21T16:00:00.000Z,401643791,Tulane,Sun Belt,American,G6,G6,G6_vs_G6,False,False,Sun Belt,American,,,1.5,Underdog,-6.5,L,1.5,
2024,4,2024-09-21T16:00:00.000Z,401645328,Army,American,American,G6,G6,G6_vs_G6,False,True,American,Independent,,0.0,7.333333333333333,Underdog,-15.666666666666668,L,7.5,
2024,4,2024-09-21T18:00:00.000Z,401635558,Coastal Carolina,ACC,Sun Belt,P4,G6,P4_vs_G6,False,False,ACC,Sun Belt,,,-3.5,Favorite,15.5,W,-3.5,0.5
2024,4,2024-09-21T23:00:00.000Z,401628491,Washington,Big Ten,Big Ten,P4,P4,P4_vs_P4,False,True,Big Ten,Pac-12,,0.0,11.833333333333334,Underdog,-7.166666666666666,L,12.0,-1.5
2024,4,2024-09-21T23:30:00.000Z,401628372,Bowling Green,SEC,MAC,P4,G6,P4_vs_G6,False,False,SEC,MAC,,,-21.166666666666668,Favorite,-15.166666666666668,L,-21.0,-2.0
2024,4,2024-09-22T00:00:00.000Z,401628371,UL Monroe,SEC,Sun Belt,P4,G6,P4_vs_G6,True,False,Big 12,Sun Belt,0.0,,-43.0,Favorite,5.0,W,-41.5,-3.5
2025,1,2025-08-29T01:00:00.000Z,401762791,Miami (OH),Big Ten,MAC,P4,G6,P4_vs_G6,False,False,Big Ten,MAC,,,-18.0,Favorite,-1.0,L,-18.0,0.5
2025,1,2025-08-30T23:30:00.000Z,401752808,New Mexico,Big Ten,Mountain West,P4,G6,P4_vs_G6,False,False,Big Ten,Mountain West,,,-35.166666666666664,Favorite,-18.166666666666664,L,-34.5,0.0
2025,2,2025-09-06T16:00:00.000Z,401757227,Jacksonville State,Conference USA,Conference USA,G6,G6,G6_vs_G6,False,False,Conference USA,Conference USA,,,-6.25,Favorite,-16.25,L,-6.5,1.0
2025,2,2025-09-06T19:30:00.000Z,401752818,Miami (OH),Big Ten,MAC,P4,G6,P4_vs_G6,False,False,Big Ten,MAC,,,-15.5,Favorite,12.5,W,-15.5,2.0
2025,2,2025-09-06T19:30:00.000Z,401756880,Bowling Green,Big 12,MAC,P4,G6,P4_vs_G6,False,False,Big 12,MAC,,,-22.0,Favorite,-8.0,L,-22.5,4.5
2025,2,2025-09-06T23:00:00.000Z,401756884,Rice,Big 12,American,P4,G6,P4_vs_G6,False,False,Big 12,American,,,-13.5,Favorite,12.5,W,-13.5,1.0
2025,3,2025-09-13T16:00:00.000Z,401761608,Memphis,Sun Belt,American,G6,G6,G6_vs_G6,False,False,Sun Belt,American,,,4.5,Underdog,-16.5,L,4.5,
2025,3,2025-09-13T21:00:00.000Z,401757256,Bowling Green,Conference USA,MAC,G6,G6,G6_vs_G6,False,False,Conference USA,MAC,,,-6.0,Favorite,-16.0,L,-6.5,-1.0
2025,3,2025-09-13T23:00:00.000Z,401752829,Western Michigan,Big Ten,MAC,P4,G6,P4_vs_G6,False,False,Big Ten,MAC,,,-27.5,Favorite,10.5,W,-27.5,-1.0
2023,1,2023-08-26T23:00:00.000Z,401532392,San Diego State,MAC,Mountain West,G6,G6,G6_vs_G6,False,False,MAC,Mountain West,,,2.9,Underdog,-4.1,L,2.0,
2023,1,2023-09-02T16:00:00.000Z,401520162,East Carolina,Big Ten,American,P4,G6,P4_vs_G6,False,False,Big Ten,American,,,-35.4,Favorite,-8.399999999999999,L,-36.0,
2023,1,2023-09-02T18:00:00.000Z,401531387,Akron,American,MAC,G6,G6,G6_vs_G6,False,False,American,MAC,,,-9.875,Favorite,-6.875,L,-9.5,
2023,1,2023-09-02T19:30:00.000Z,401520180,Buffalo,Big Ten,MAC,P4,G6,P4_vs_G6,False,False,Big Ten,MAC,,,-27.0,Favorite,-6.0,L,-29.0,
2023,1,2023-09-02T23:00:00.000Z,401525819,UTSA,Big 12,American,P4,G6,P4_vs_G6,True,True,American,Conference USA,0.0,0.0,1.5,Underdog,4.5,W,2.5,
2023,1,2023-09-02T23:00:00.000Z,401520173,New Mexico,SEC,Mountain West,P4,G6,P4_vs_G6,False,False,SEC,Mountain West,,,-37.875,Favorite,4.125,W,-37.5,
2023,2,2023-09-09T16:00:00.000Z,401523999,Baylor,,Big 12,,P4,Other,,False,,Big 12,,,-7.0,Favorite,0.0,P,-7.0,
2023,2,2023-09-09T22:00:00.000Z,401520198,Liberty,Conference USA,Conference USA,G6,G6,G6_vs_G6,True,True,Independent,Independent,0.0,0.0,9.333333333333334,Underdog,-6.666666666666666,L,9.0,
2023,2,2023-09-09T22:00:00.000Z,401531842,Old Dominion,Sun Belt,Sun Belt,G6,G6,G6_vs_G6,False,False,Sun Belt,Sun Belt,,,-6.0,Favorite,-13.0,L,-6.0,
2023,2,2023-09-09T23:00:00.000Z,401520183,Alabama,Big 12,SEC,P4,P4,P4_vs_P4,False,False,Big 12,SEC,,,7.166666666666667,Underdog,17.166666666666668,W,7.0,
2023,2,2023-09-09T23:30:00.000Z,401520217,Washington State,Big Ten,,P4,,Other,False,,Big Ten,,,,-5.333333333333333,Favorite,-14.333333333333332,L,-5.0,
2023,2,2023-09-10T02:30:00.000Z,401524003,Stanford,,,,,Other,,,,,,,-28.666666666666668,Favorite,17.333333333333332,W,-28.5,
2023,3,2023-09-16T19:30:00.000Z,401524009,San Diego State,,Mountain West,,G6,Other,,False,,Mountain West,,,-24.5,Favorite,-7.5,L,-24.5,
2023,3,2023-09-16T23:00:00.000Z,401531379,UAB,Sun Belt,American,G6,G6,G6_vs_G6,False,True,Sun Belt,Conference USA,,0.0,2.0,Underdog,22.0,W,2.0,
2023,3,2023-09-17T00:00:00.000Z,401520238,New Mexico State,Mountain West,Conference USA,G6,G6,G6_vs_G6,False,True,Mountain West,Independent,,0.0,-2.75,Favorite,-12.75,L,-2.5,
2023,3,2023-09-17T00:00:00.000Z,401520238,New Mexico,Conference USA,Mountain West,G6,G6,G6_vs_G6,True,False,Independent,Mountain West,0.0,,2.75,Underdog,12.75,W,2.5,
2023,4,2023-09-23T02:30:00.000Z,401532583,San Diego State,Mountain West,Mountain West,G6,G6,G6_vs_G6,False,False,Mountain West,Mountain West,,,-5.833333333333333,Favorite,-2.833333333333333,L,-6.5,
2023,4,2023-09-23T17:30:00.000Z,401532406,Western Michigan,MAC,MAC,G6,G6,G6_vs_G6,False,False,MAC,MAC,,,-21.5,Favorite,-3.5,L,-21.5,
2023,4,2023-09-23T19:30:00.000Z,401525506,Louisville,ACC,ACC,P4,P4,P4_vs_P4,False,False,ACC,ACC,,,13.833333333333334,Underdog,-14.166666666666666,L,14.0,
2023,4,2023-09-23T19:30:00.000Z,401520250,Alabama,SEC,SEC,P4,P4,P4_vs_P4,False,False,SEC,SEC,,,7.0,Underdog,-7.0,L,7.0,
2023,4,2023-09-23T23:00:00.000Z,401524019,Washington State,,,,,Other,,,,,,,-3.0,Favorite,-6.0,L,-3.0,
2023,4,2023-09-23T23:00:00.000Z,401520258,Arkansas,SEC,SEC,P4,P4,P4_vs_P4,False,False,SEC,SEC,,,-17.666666666666668,Favorite,-14.666666666666668,L,-17.5,
2023,4,2023-09-23T23:30:00.000Z,401531875,Buffalo,Sun Belt,MAC,G6,G6,G6_vs_G6,False,False,Sun Belt,MAC,,,-10.333333333333334,Favorite,-3.333333333333334,L,-10.5,
2023,4,2023-09-23T23:30:00.000Z,401525844,Baylor,Big 12,Big 12,P4,P4,P4_vs_P4,False,False,Big 12,Big 12,,,-16.5,Favorite,15.5,W,-17.5,
2023,4,2023-09-24T03:59:00.000Z,401520253,Hawai'i,Conference USA,Mountain West,G6,G6,G6_vs_G6,True,False,Independent,Mountain West,0.0,,3.6666666666666665,Underdog,0.6666666666666665,W,4.0,
2024,1,2024-08-31T16:00:00.000Z,401628323,Clemson,SEC,ACC,P4,P4,P4_vs_P4,False,False,SEC,ACC,,,-11.666666666666666,Favorite,19.333333333333336,W,-10.5,
2024,1,2024-08-31T19:30:00.000Z,401628454,UTEP,Big Ten,Conference USA,P4,G6,P4_vs_G6,False,False,Big Ten,Conference USA,,,-27.5,Favorite,5.5,W,-27.5,0.5
2024,1,2024-08-31T19:30:00.000Z,401634304,Ohio,ACC,MAC,P4,G6,P4_vs_G6,False,False,ACC,MAC,,,-17.333333333333332,Favorite,-1.333333333333332,L,-17.5,
2024,2,2024-09-07T16:00:00.000Z,401643784,Troy,American,Sun Belt,G6,G6,G6_vs_G6,False,False,American,Sun Belt,,,-18.666666666666668,Favorite,2.333333333333332,W,-18.5,1.5
2024,2,2024-09-07T16:00:00.000Z,401628470,Bowling Green,Big Ten,MAC,P4,G6,P4_vs_G6,False,False,Big Ten,MAC,,,-34.833333333333336,Favorite,-27.833333333333336,L,-35.0,3.0
2024,2,2024-09-07T16:00:00.000Z,401628347,Michigan,SEC,Big Ten,P4,P4,P4_vs_P4,True,False,Big 12,Big Ten,0.0,,-6.666666666666667,Favorite,12.333333333333332,W,-6.5,-1.0
2024,2,2024-09-07T16:00:00.000Z,401635534,Georgia Tech,ACC,ACC,P4,P4,P4_vs_P4,False,False,ACC,ACC,,,2.8333333333333335,Underdog,5.833333333333334,W,3.0,-0.5
2024,2,2024-09-07T23:00:00.000Z,401628335,Alabama,American,SEC,G6,P4,G6_vs_P4,False,False,American,SEC,,,31.666666666666668,Underdog,5.666666666666668,W,30.5,0.5
2024,2,2024-09-07T23:00:00.000Z,401628344,Buffalo,SEC,MAC,P4,G6,P4_vs_G6,False,False,SEC,MAC,,,-33.666666666666664,Favorite,4.333333333333336,W,-32.0,-2.0
2024,2,2024-09-07T23:00:00.000Z,401643780,UL Monroe,American,Sun Belt,G6,G6,G6_vs_G6,False,False,American,Sun Belt,,,-11.5,Favorite,-37.5,L,-11.0,-0.5
2024,3,2024-09-14T20:00:00.000Z,401628477,Troy,Big Ten,Sun Belt,P4,G6,P4_vs_G6,False,False,Big Ten,Sun Belt,,,-23.333333333333332,Favorite,-6.333333333333332,L,-22.5,0.0
2024,3,2024-09-14T20:15:00.000Z,401628351,Arkansas,American,SEC,G6,P4,G6_vs_P4,False,False,American,SEC,,,23.666666666666668,Underdog,13.666666666666668,W,24.0,0.0
2024,3,2024-09-14T23:00:00.000Z,401628361,UTSA,SEC,American,P4,G6,P4_vs_G6,True,False,Big 12,American,0.0,,-35.5,Favorite,13.5,W,-34.5,0.0
2024,3,2024-09-15T00:00:00.000Z,401628478,Maryland,ACC,Big Ten,P4,P4,P4_vs_P4,False,False,ACC,Big Ten,,,-1.1666666666666667,Favorite,-15.166666666666666,L,2.0,0.0
2024,3,2024-09-15T02:30:00.000Z,401635541,San Diego State,ACC,Mountain West,P4,G6,P4_vs_G6,True,False,Pac-12,Mountain West,0.0,,-18.666666666666668,Favorite,2.333333333333332,W,-18.0,0.0
2024,4,2024-09-21T18:00:00.000Z,401635558,Coastal Carolina,ACC,Sun Belt,P4,G6,P4_vs_G6,False,False,ACC,Sun Belt,,,-3.5,Favorite,15.5,W,-3.5,0.5
2024,4,2024-09-21T19:30:00.000Z,401628363,Arkansas,SEC,SEC,P4,P4,P4_vs_P4,False,False,SEC,SEC,,,-2.5,Favorite,-12.5,L,-2.5,-1.0
2024,4,2024-09-21T23:30:00.000Z,401628372,Bowling Green,SEC,MAC,P4,G6,P4_vs_G6,False,False,SEC,MAC,,,-21.166666666666668,Favorite,-15.166666666666668,L,-21.0,-2.0
2024,4,2024-09-22T00:00:00.000Z,401628371,UL Monroe,SEC,Sun Belt,P4,G6,P4_vs_G6,True,False,Big 12,Sun Belt,0.0,,-43.0,Favorite,5.0,W,-41.5,-3.5
2025,1,2025-08-28T23:00:00.000Z,401762789,Akron,Mountain West,MAC,G6,G6,G6_vs_G6,False,False,Mountain West,MAC,,,-6.0,Favorite,4.0,W,-5.0,-4.5
2025,1,2025-08-30T19:30:00.000Z,401752807,Nevada,Big Ten,Mountain West,P4,G6,P4_vs_G6,False,False,Big Ten,Mountain West,,,-44.166666666666664,Favorite,-9.166666666666664,L,-43.5,0.0
2025,1,2025-08-31T03:00:00.000Z,401752800,UCLA,Big 12,Big Ten,P4,P4,P4_vs_P4,False,False,Big 12,Big Ten,,,-6.5,Favorite,26.5,W,-6.5,3.5
2025,2,2025-09-06T19:30:00.000Z,401762458,UAB,American,American,G6,G6,G6_vs_G6,False,False,American,American,,,-21.5,Favorite,-7.5,L,-22.5,1.0
2025,2,2025-09-06T23:00:00.000Z,401757232,Western Kentucky,MAC,Conference USA,G6,G6,G6_vs_G6,False,False,MAC,Conference USA,,,-8.0,Favorite,16.0,W,-7.5,1.0
2025,2,2025-09-06T23:30:00.000Z,401752810,Akron,Big Ten,MAC,P4,G6,P4_vs_G6,False,False,Big Ten,MAC,,,-33.75,Favorite,34.25,W,-33.5,0.0
2025,3,2025-09-13T16:00:00.000Z,401752703,Temple,SEC,American,P4,G6,P4_vs_G6,False,False,SEC,American,,,-23.833333333333332,Favorite,15.166666666666668,W,-24.5,-1.0
2025,3,2025-09-13T23:30:00.000Z,401757257,Louisiana Tech,Conference USA,Conference USA,G6,G6,G6_vs_G6,False,False,Conference USA,Conference USA,,,10.166666666666666,Underdog,-24.833333333333336,L,10.5,2.0
2025,4,2025-09-20T23:00:00.000Z,401760372,Air Force,Mountain West,Mountain West,G6,G6,G6_vs_G6,False,False,Mountain West,Mountain West,,,-11.0,Favorite,1.0,W,-11.5,3.0
2025,4,2025-09-20T23:30:00.000Z,401757263,Louisiana Tech,Sun Belt,Conference USA,G6,G6,G6_vs_G6,False,False,Sun Belt,Conference USA,,,3.1666666666666665,Underdog,-6.833333333333334,L,3.5,-1.0
2025,4,2025-09-20T23:30:00.000Z,401756898,East Carolina,Big 12,American,P4,G6,P4_vs_G6,False,False,Big 12,American,,,-6.166666666666667,Favorite,14.833333333333332,W,-5.5,-2.0
2023,1,2023-09-02T16:00:00.000Z,401520172,SMU,Conference USA,American,G6,G6,G6_vs_G6,False,False,Conference USA,American,,,20.125,Underdog,-3.875,L,21.0,
2023,1,2023-09-02T16:00:00.000Z,401520162,East Carolina,Big Ten,American,P4,G6,P4_vs_G6,False,False,Big Ten,American,,,-35.4,Favorite,-8.399999999999999,L,-36.0,
2023,1,2023-09-02T22:30:00.000Z,401523996,Nevada,,Mountain West,,G6,Other,,False,,Mountain West,,,-37.875,Favorite,14.125,W,-37.5,
2023,1,2023-09-02T23:30:00.000Z,401520149,Alabama,Conference USA,SEC,G6,P4,G6_vs_P4,False,False,Conference USA,SEC,,,39.375,Underdog,-9.625,L,39.5,
2023,2,2023-09-09T16:00:00.000Z,401525498,Virginia,Sun Belt,ACC,G6,P4,G6_vs_P4,False,False,Sun Belt,ACC,,,-6.0,Favorite,-5.0,L,-6.0,
2023,2,2023-09-09T21:00:00.000Z,401524004,Tulsa,,American,,G6,Other,,False,,American,,,-33.666666666666664,Favorite,-0.6666666666666643,L,-34.0,
2023,2,2023-09-09T23:00:00.000Z,401520206,Middle Tennessee,SEC,Conference USA,P4,G6,P4_vs_G6,False,False,SEC,Conference USA,,,-21.0,Favorite,-17.0,L,-21.0,
2023,2,2023-09-10T00:00:00.000Z,401520211,Air Force,Conference USA,Mountain West,G6,G6,G6_vs_G6,False,False,,Mountain West,,,13.166666666666666,Underdog,3.166666666666666,W,13.5,
2023,2,2023-09-10T02:30:00.000Z,401524003,Stanford,,,,,Other,,,,,,,-28.666666666666668,Favorite,17.333333333333332,W,-28.5,
2023,3,2023-09-16T20:00:00.000Z,401520245,UL Monroe,SEC,Sun Belt,P4,G6,P4_vs_G6,False,False,SEC,Sun Belt,,,-36.5,Favorite,7.5,W,-36.5,
2023,3,2023-09-16T23:00:00.000Z,401525835,Cincinnati,MAC,Big 12,G6,P4,G6_vs_P4,False,True,MAC,American,,0.0,14.25,Underdog,21.25,W,14.5,
2023,3,2023-09-17T02:30:00.000Z,401525837,Nevada,Big 12,Mountain West,P4,G6,P4_vs_G6,False,False,Big 12,Mountain West,,,-28.5,Favorite,-21.5,L,-28.5,
2023,4,2023-09-23T20:00:00.000Z,401531423,South Florida,American,American,G6,G6,G6_vs_G6,True,False,Conference USA,American,0.0,,-2.5,Favorite,-15.5,L,-2.5,
2023,4,2023-09-23T21:00:00.000Z,401531876,Central Michigan,Sun Belt,MAC,G6,G6,G6_vs_G6,False,False,Sun Belt,MAC,,,-16.166666666666668,Favorite,-20.166666666666668,L,-16.5,
2024,1,2024-08-30T00:00:00.000Z,401640998,Coastal Carolina,Conference USA,Sun Belt,G6,G6,G6_vs_G6,False,False,Conference USA,Sun Belt,,,-3.5,Favorite,-31.5,L,-3.5,
2024,1,2024-08-30T00:00:00.000Z,401628448,North Carolina,Big Ten,ACC,P4,P4,P4_vs_P4,False,False,Big Ten,ACC,,,0.3333333333333333,Underdog,-1.6666666666666667,L,1.5,
2024,1,2024-08-30T23:00:00.000Z,401628328,Temple,SEC,American,P4,G6,P4_vs_G6,True,False,Big 12,American,0.0,,-43.0,Favorite,5.0,W,-43.5,
2024,1,2024-08-31T19:30:00.000Z,401628454,UTEP,Big Ten,Conference USA,P4,G6,P4_vs_G6,False,False,Big Ten,Conference USA,,,-27.5,Favorite,5.5,W,-27.5,0.5
2024,1,2024-08-31T19:30:00.000Z,401634304,Ohio,ACC,MAC,P4,G6,P4_vs_G6,False,False,ACC,MAC,,,-17.333333333333332,Favorite,-1.333333333333332,L,-17.5,
2024,2,2024-09-07T16:00:00.000Z,401628471,Akron,Big Ten,MAC,P4,G6,P4_vs_G6,False,False,Big Ten,MAC,,,-24.5,Favorite,7.5,W,-24.5,1.5
2024,2,2024-09-07T19:30:00.000Z,401645324,Temple,American,American,G6,G6,G6_vs_G6,False,False,American,American,,,-12.166666666666666,Favorite,14.833333333333334,W,-13.5,0.5
2024,2,2024-09-08T02:00:00.000Z,401628469,Boise State,Big Ten,Mountain West,P4,G6,P4_vs_G6,True,False,Pac-12,Mountain West,0.0,,-18.833333333333332,Favorite,-15.833333333333332,L,-18.0,0.0
2024,3,2024-09-14T19:30:00.000Z,401628358,Tulane,SEC,American,P4,G6,P4_vs_G6,True,False,Big 12,American,0.0,,-13.333333333333334,Favorite,1.666666666666666,W,-13.5,0.0
2024,3,2024-09-14T23:00:00.000Z,401640999,Eastern Michigan,Conference USA,MAC,G6,G6,G6_vs_G6,False,False,Conference USA,MAC,,,-1.0,Favorite,-4.0,L,2.0,0.0
2024,3,2024-09-14T23:30:00.000Z,401636866,UCF,Big 12,Big 12,P4,P4,P4_vs_P4,False,False,Big 12,Big 12,,,-2.1666666666666665,Favorite,-3.1666666666666665,L,-2.5,4.5
2024,3,2024-09-15T00:00:00.000Z,401628478,Maryland,ACC,Big Ten,P4,P4,P4_vs_P4,False,False,ACC,Big Ten,,,-1.1666666666666667,Favorite,-15.166666666666666,L,2.0,0.0
2024,4,2024-09-21T16:00:00.000Z,401643791,Tulane,Sun Belt,American,G6,G6,G6_vs_G6,False,False,Sun Belt,American,,,1.5,Underdog,-6.5,L,1.5,
2024,4,2024-09-21T18:00:00.000Z,401635558,Coastal Carolina,ACC,Sun Belt,P4,G6,P4_vs_G6,False,False,ACC,Sun Belt,,,-3.5,Favorite,15.5,W,-3.5,0.5
2024,4,2024-09-21T19:00:00.000Z,401641000,Southern Miss,Conference USA,Sun Belt,G6,G6,G6_vs_G6,False,False,Conference USA,Sun Belt,,,-6.166666666666667,Favorite,30.833333333333332,W,-6.5,0.0
2024,4,2024-09-21T23:00:00.000Z,401628491,Washington,Big Ten,Big Ten,P4,P4,P4_vs_P4,False,True,Big Ten,Pac-12,,0.0,11.833333333333334,Underdog,-7.166666666666666,L,12.0,-1.5
2024,4,2024-09-21T23:00:00.000Z,401643716,North Texas,Mountain West,American,G6,G6,G6_vs_G6,False,False,Mountain West,American,,,7.0,Underdog,-20.0,L,7.5,2.0
2024,4,2024-09-21T23:30:00.000Z,401628369,Tennessee,SEC,SEC,P4,P4,P4_vs_P4,True,False,Big 12,SEC,0.0,,6.0,Underdog,-4.0,L,5.5,2.0
2025,1,2025-08-29T00:00:00.000Z,401752793,Buffalo,Big Ten,MAC,P4,G6,P4_vs_G6,False,False,Big Ten,MAC,,,-17.166666666666668,Favorite,-4.166666666666668,L,-18.5,0.0
2025,1,2025-08-30T16:00:00.000Z,401752676,Syracuse,SEC,ACC,P4,P4,P4_vs_P4,False,False,SEC,ACC,,,-13.5,Favorite,5.5,W,-13.5,-1.0
2025,1,2025-08-30T23:30:00.000Z,401752808,New Mexico,Big Ten,Mountain West,P4,G6,P4_vs_G6,False,False,Big Ten,Mountain West,,,-35.166666666666664,Favorite,-18.166666666666664,L,-34.5,0.0
2025,2,2025-09-06T16:00:00.000Z,401757227,Jacksonville State,Conference USA,Conference USA,G6,G6,G6_vs_G6,False,False,Conference USA,Conference USA,,,-6.25,Favorite,-16.25,L,-6.5,1.0
2025,2,2025-09-06T19:30:00.000Z,401762461,Western Michigan,American,MAC,G6,G6,G6_vs_G6,False,False,American,MAC,,,-12.25,Favorite,-9.25,L,-12.5,2.0
2025,2,2025-09-07T02:15:00.000Z,401752948,Washington State,Mountain West,,G6,,Other,False,,Mountain West,,,,2.25,Underdog,-20.75,L,2.5,-1.0
2025,3,2025-09-13T17:00:00.000Z,401752702,Louisiana,SEC,Sun Belt,P4,G6,P4_vs_G6,False,False,SEC,Sun Belt,,,-27.5,Favorite,14.5,W,-27.5,5.0
2025,3,2025-09-13T19:30:00.000Z,401752705,Georgia,SEC,SEC,P4,P4,P4_vs_P4,False,False,SEC,SEC,,,3.5,Underdog,0.5,W,3.5,3.0
2025,3,2025-09-13T19:30:00.000Z,401752949,Washington State,American,,G6,,Other,False,,American,,,,-6.5,Favorite,42.5,W,-6.5,1.0
2025,3,2025-09-13T23:00:00.000Z,401752829,Western Michigan,Big Ten,MAC,P4,G6,P4_vs_G6,False,False,Big Ten,MAC,,,-27.5,Favorite,10.5,W,-27.5,-1.0
2025,4,2025-09-20T16:00:00.000Z,401762469,North Texas,American,American,G6,G6,G6_vs_G6,False,False,American,American,,,2.5,Underdog,-4.5,L,2.5,-1.5
2025,4,2025-09-20T16:00:00.000Z,401762469,Army,American,American,G6,G6,G6_vs_G6,False,False,American,American,,,-2.5,Favorite,4.5,W,-2.5,1.5
2025,4,2025-09-20T16:00:00.000Z,401754537,Syracuse,ACC,ACC,P4,P4,P4_vs_P4,False,False,ACC,ACC,,,-17.5,Favorite,-30.5,L,-17.5,1.0
2025,4,2025-09-20T16:45:00.000Z,401752715,UAB,SEC,American,P4,G6,P4_vs_G6,False,False,SEC,American,,,-39.0,Favorite,-7.0,L,-38.5,1.0
2025,4,2025-09-20T19:00:00.000Z,401752841,Oregon,,Big Ten,,P4,Other,,False,,Big Ten,,,34.0,Underdog,0.0,P,34.5,0.0
2025,4,2025-09-20T19:30:00.000Z,401752848,Purdue,Independent,Big Ten,Independent,P4,Other,False,False,Independent,Big Ten,,,-24.5,Favorite,1.5,W,-24.5,-2.0
2025,4,2025-09-20T19:30:00.000Z,401761613,Buffalo,Sun Belt,MAC,G6,G6,G6_vs_G6,False,False,Sun Belt,MAC,,,5.833333333333333,Underdog,9.833333333333332,W,6.5,0.0
2023,1,2023-09-01T00:00:00.000Z,401520176,Florida,,SEC,,P4,Other,,False,,SEC,,,-6.3,Favorite,6.7,W,-5.5,
2023,1,2023-09-02T16:00:00.000Z,401520172,SMU,Conference USA,American,G6,G6,G6_vs_G6,False,False,Conference USA,American,,,20.125,Underdog,-3.875,L,21.0,
2023,1,2023-09-02T16:00:00.000Z,401520162,East Carolina,Big Ten,American,P4,G6,P4_vs_G6,False,False,Big Ten,American,,,-35.4,Favorite,-8.399999999999999,L,-36.0,
2023,1,2023-09-02T19:30:00.000Z,401520180,Buffalo,Big Ten,MAC,P4,G6,P4_vs_G6,False,False,Big Ten,MAC,,,-27.0,Favorite,-6.0,L,-29.0,
2023,1,2023-09-02T22:30:00.000Z,401523996,Nevada,,Mountain West,,G6,Other,,False,,Mountain West,,,-37.875,Favorite,14.125,W,-37.5,
2023,1,2023-09-03T16:00:00.000Z,401520171,Northwestern,Big Ten,Big Ten,P4,P4,P4_vs_P4,False,False,Big Ten,Big Ten,,,-6.1,Favorite,10.9,W,-5.0,
2023,2,2023-09-09T16:00:00.000Z,401523999,Baylor,,Big 12,,P4,Other,,False,,Big 12,,,-7.0,Favorite,0.0,P,-7.0,
2023,2,2023-09-09T16:00:00.000Z,401525498,Virginia,Sun Belt,ACC,G6,P4,G6_vs_P4,False,False,Sun Belt,ACC,,,-6.0,Favorite,-5.0,L,-6.0,
2023,2,2023-09-09T19:30:00.000Z,401525497,Western Michigan,ACC,MAC,P4,G6,P4_vs_G6,False,False,ACC,MAC,,,-24.666666666666668,Favorite,16.333333333333332,W,-24.5,
2023,2,2023-09-09T21:00:00.000Z,401524004,Tulsa,,American,,G6,Other,,False,,American,,,-33.666666666666664,Favorite,-0.6666666666666643,L,-34.0,
2023,2,2023-09-09T23:00:00.000Z,401520183,Alabama,Big 12,SEC,P4,P4,P4_vs_P4,False,False,Big 12,SEC,,,7.166666666666667,Underdog,17.166666666666668,W,7.0,
2023,2,2023-09-10T02:30:00.000Z,401524003,Stanford,,,,,Other,,,,,,,-28.666666666666668,Favorite,17.333333333333332,W,-28.5,
2023,3,2023-09-16T19:30:00.000Z,401520223,Northwestern,ACC,Big Ten,P4,P4,P4_vs_P4,False,False,ACC,Big Ten,,,-17.0,Favorite,7.0,W,-17.0,
2023,3,2023-09-16T20:00:00.000Z,401520245,UL Monroe,SEC,Sun Belt,P4,G6,P4_vs_G6,False,False,SEC,Sun Belt,,,-36.5,Favorite,7.5,W,-36.5,
2023,3,2023-09-17T02:30:00.000Z,401525837,Nevada,Big 12,Mountain West,P4,G6,P4_vs_G6,False,False,Big 12,Mountain West,,,-28.5,Favorite,-21.5,L,-28.5,
2023,4,2023-09-23T17:30:00.000Z,401532406,Western Michigan,MAC,MAC,G6,G6,G6_vs_G6,False,False,MAC,MAC,,,-21.5,Favorite,-3.5,L,-21.5,
2023,4,2023-09-23T19:30:00.000Z,401525506,Louisville,ACC,ACC,P4,P4,P4_vs_P4,False,False,ACC,ACC,,,13.833333333333334,Underdog,-14.166666666666666,L,14.0,
2023,4,2023-09-23T19:30:00.000Z,401520250,Alabama,SEC,SEC,P4,P4,P4_vs_P4,False,False,SEC,SEC,,,7.0,Underdog,-7.0,L,7.0,
2023,4,2023-09-23T20:00:00.000Z,401531423,South Florida,American,American,G6,G6,G6_vs_G6,True,False,Conference USA,American,0.0,,-2.5,Favorite,-15.5,L,-2.5,
2023,4,2023-09-23T23:00:00.000Z,401520258,Arkansas,SEC,SEC,P4,P4,P4_vs_P4,False,False,SEC,SEC,,,-17.666666666666668,Favorite,-14.666666666666668,L,-17.5,
2023,4,2023-09-23T23:30:00.000Z,401525844,Baylor,Big 12,Big 12,P4,P4,P4_vs_P4,False,False,Big 12,Big 12,,,-16.5,Favorite,15.5,W,-17.5,
2024,1,2024-08-30T00:00:00.000Z,401640998,Coastal Carolina,Conference USA,Sun Belt,G6,G6,G6_vs_G6,False,False,Conference USA,Sun Belt,,,-3.5,Favorite,-31.5,L,-3.5,
2024,1,2024-08-30T00:00:00.000Z,401628448,North Carolina,Big Ten,ACC,P4,P4,P4_vs_P4,False,False,Big Ten,ACC,,,0.3333333333333333,Underdog,-1.6666666666666667,L,1.5,
2024,1,2024-08-31T19:30:00.000Z,401628454,UTEP,Big Ten,Conference USA,P4,G6,P4_vs_G6,False,False,Big Ten,Conference USA,,,-27.5,Favorite,5.5,W,-27.5,0.5
2024,1,2024-08-31T19:30:00.000Z,401634304,Ohio,ACC,MAC,P4,G6,P4_vs_G6,False,False,ACC,MAC,,,-17.333333333333332,Favorite,-1.333333333333332,L,-17.5,
2024,2,2024-09-07T16:00:00.000Z,401643784,Troy,American,Sun Belt,G6,G6,G6_vs_G6,False,False,American,Sun Belt,,,-18.666666666666668,Favorite,2.333333333333332,W,-18.5,1.5
2024,2,2024-09-07T16:00:00.000Z,401628470,Bowling Green,Big Ten,MAC,P4,G6,P4_vs_G6,False,False,Big Ten,MAC,,,-34.833333333333336,Favorite,-27.833333333333336,L,-35.0,3.0
2024,2,2024-09-07T16:00:00.000Z,401628471,Akron,Big Ten,MAC,P4,G6,P4_vs_G6,False,False,Big Ten,MAC,,,-24.5,Favorite,7.5,W,-24.5,1.5
2024,2,2024-09-07T16:00:00.000Z,401628347,Michigan,SEC,Big Ten,P4,P4,P4_vs_P4,True,False,Big 12,Big Ten,0.0,,-6.666666666666667,Favorite,12.333333333333332,W,-6.5,-1.0
2024,2,2024-09-07T19:30:00.000Z,401645324,Temple,American,American,G6,G6,G6_vs_G6,False,False,American,American,,,-12.166666666666666,Favorite,14.833333333333334,W,-13.5,0.5
2024,2,2024-09-07T23:00:00.000Z,401628335,Alabama,American,SEC,G6,P4,G6_vs_P4,False,False,American,SEC,,,31.666666666666668,Underdog,5.666666666666668,W,30.5,0.5
2024,2,2024-09-07T23:00:00.000Z,401628344,Buffalo,SEC,MAC,P4,G6,P4_vs_G6,False,False,SEC,MAC,,,-33.666666666666664,Favorite,4.333333333333336,W,-32.0,-2.0
2024,3,2024-09-14T16:00:00.000Z,401628350,Alabama,Big Ten,SEC,P4,P4,P4_vs_P4,False,False,Big Ten,SEC,,,15.166666666666666,Underdog,-16.833333333333336,L,15.5,-6.0
2024,3,2024-09-14T19:30:00.000Z,401628483,Oregon State,Big Ten,,P4,,Other,True,,Pac-12,,0.0,,-17.666666666666668,Favorite,17.333333333333332,W,-18.0,-2.5
2024,3,2024-09-14T20:00:00.000Z,401628477,Troy,Big Ten,Sun Belt,P4,G6,P4_vs_G6,False,False,Big Ten,Sun Belt,,,-23.333333333333332,Favorite,-6.333333333333332,L,-22.5,0.0
2024,3,2024-09-14T23:00:00.000Z,401628361,UTSA,SEC,American,P4,G6,P4_vs_G6,True,False,Big 12,American,0.0,,-35.5,Favorite,13.5,W,-34.5,0.0
2024,3,2024-09-14T23:00:00.000Z,401640999,Eastern Michigan,Conference USA,MAC,G6,G6,G6_vs_G6,False,False,Conference USA,MAC,,,-1.0,Favorite,-4.0,L,2.0,0.0
2024,3,2024-09-14T23:30:00.000Z,401636866,UCF,Big 12,Big 12,P4,P4,P4_vs_P4,False,False,Big 12,Big 12,,,-2.1666666666666665,Favorite,-3.1666666666666665,L,-2.5,4.5
2024,3,2024-09-15T00:00:00.000Z,401628478,Maryland,ACC,Big Ten,P4,P4,P4_vs_P4,False,False,ACC,Big Ten,,,-1.1666666666666667,Favorite,-15.166666666666666,L,2.0,0.0
2024,3,2024-09-15T02:30:00.000Z,401635541,San Diego State,ACC,Mountain West,P4,G6,P4_vs_G6,True,False,Pac-12,Mountain West,0.0,,-18.666666666666668,Favorite,2.333333333333332,W,-18.0,0.0
2024,4,2024-09-21T16:00:00.000Z,401643791,Tulane,Sun Belt,American,G6,G6,G6_vs_G6,False,False,Sun Belt,American,,,1.5,Underdog,-6.5,L,1.5,
2024,4,2024-09-21T16:00:00.000Z,401645328,Army,American,American,G6,G6,G6_vs_G6,False,True,American,Independent,,0.0,7.333333333333333,Underdog,-15.666666666666668,L,7.5,
2024,4,2024-09-21T18:00:00.000Z,401635558,Coastal Carolina,ACC,Sun Belt,P4,G6,P4_vs_G6,False,False,ACC,Sun Belt,,,-3.5,Favorite,15.5,W,-3.5,0.5
2024,4,2024-09-21T23:00:00.000Z,401628491,Washington,Big Ten,Big Ten,P4,P4,P4_vs_P4,False,True,Big Ten,Pac-12,,0.0,11.833333333333334,Underdog,-7.166666666666666,L,12.0,-1.5
2024,4,2024-09-21T23:30:00.000Z,401628372,Bowling Green,SEC,MAC,P4,G6,P4_vs_G6,False,False,SEC,MAC,,,-21.166666666666668,Favorite,-15.166666666666668,L,-21.0,-2.0
2024,4,2024-09-22T00:00:00.000Z,401628371,UL Monroe,SEC,Sun Belt,P4,G6,P4_vs_G6,True,False,Big 12,Sun Belt,0.0,,-43.0,Favorite,5.0,W,-41.5,-3.5
2025,1,2025-08-29T01:00:00.000Z,401762791,Miami (OH),Big Ten,MAC,P4,G6,P4_vs_G6,False,False,Big Ten,MAC,,,-18.0,Favorite,-1.0,L,-18.0,0.5
2025,1,2025-08-30T19:30:00.000Z,401752807,Nevada,Big Ten,Mountain West,P4,G6,P4_vs_G6,False,False,Big Ten,Mountain West,,,-44.166666666666664,Favorite,-9.166666666666664,L,-43.5,0.0
2025,1,2025-08-30T23:30:00.000Z,401752808,New Mexico,Big Ten,Mountain West,P4,G6,P4_vs_G6,False,False,Big Ten,Mountain West,,,-35.166666666666664,Favorite,-18.166666666666664,L,-34.5,0.0
2025,2,2025-09-06T16:00:00.000Z,401757227,Jacksonville State,Conference USA,Conference USA,G6,G6,G6_vs_G6,False,False,Conference USA,Conference USA,,,-6.25,Favorite,-16.25,L,-6.5,1.0
2025,2,2025-09-06T19:30:00.000Z,401752818,Miami (OH),Big Ten,MAC,P4,G6,P4_vs_G6,False,False,Big Ten,MAC,,,-15.5,Favorite,12.5,W,-15.5,2.0
2025,2,2025-09-06T19:30:00.000Z,401756880,Bowling Green,Big 12,MAC,P4,G6,P4_vs_G6,False,False,Big 12,MAC,,,-22.0,Favorite,-8.0,L,-22.5,4.5
2025,2,2025-09-06T19:30:00.000Z,401762458,UAB,American,American,G6,G6,G6_vs_G6,False,False,American,American,,,-21.5,Favorite,-7.5,L,-22.5,1.0
2025,2,2025-09-06T23:00:00.000Z,401756884,Rice,Big 12,American,P4,G6,P4_vs_G6,False,False,Big 12,American,,,-13.5,Favorite,12.5,W,-13.5,1.0
2025,2,2025-09-06T23:30:00.000Z,401752687,Louisiana Tech,SEC,Conference USA,P4,G6,P4_vs_G6,False,False,SEC,Conference USA,,,-36.5,Favorite,-20.5,L,-36.5,4.0
2025,2,2025-09-07T01:00:00.000Z,401757229,Tulsa,Conference USA,American,G6,G6,G6_vs_G6,False,False,Conference USA,American,,,3.25,Underdog,10.25,W,3.5,0.0
2025,3,2025-09-13T16:00:00.000Z,401761608,Memphis,Sun Belt,American,G6,G6,G6_vs_G6,False,False,Sun Belt,American,,,4.5,Underdog,-16.5,L,4.5,
2025,3,2025-09-13T19:30:00.000Z,401754638,West Virginia,ACC,Big 12,P4,P4,P4_vs_P4,False,False,ACC,Big 12,,,-6.833333333333333,Favorite,-13.833333333333332,L,-7.0,2.5
2025,3,2025-09-13T21:00:00.000Z,401757256,Bowling Green,Conference USA,MAC,G6,G6,G6_vs_G6,False,False,Conference USA,MAC,,,-6.0,Favorite,-16.0,L,-6.5,-1.0
2025,3,2025-09-13T23:00:00.000Z,401752829,Western Michigan,Big Ten,MAC,P4,G6,P4_vs_G6,False,False,Big Ten,MAC,,,-27.5,Favorite,10.5,W,-27.5,-1.0
2025,3,2025-09-13T23:30:00.000Z,401757257,Louisiana Tech,Conference USA,Conference USA,G6,G6,G6_vs_G6,False,False,Conference USA,Conference USA,,,10.166666666666666,Underdog,-24.833333333333336,L,10.5,2.0
2025,3,2025-09-14T00:00:00.000Z,401762465,Tulsa,American,American,G6,G6,G6_vs_G6,False,False,American,American,,,-13.666666666666666,Favorite,5.333333333333334,W,-13.5,-1.0
2025,4,2025-09-20T19:00:00.000Z,401752841,Oregon,,Big Ten,,P4,Other,,False,,Big Ten,,,34.0,Underdog,0.0,P,34.5,0.0
2023,1,2023-08-26T23:00:00.000Z,401532392,San Diego State,MAC,Mountain West,G6,G6,G6_vs_G6,False,False,MAC,Mountain West,,,2.9,Underdog,-4.1,L,2.0,
2023,1,2023-09-01T00:00:00.000Z,401520176,Florida,,SEC,,P4,Other,,False,,SEC,,,-6.3,Favorite,6.7,W,-5.5,
2023,1,2023-09-02T16:00:00.000Z,401520162,East Carolina,Big Ten,American,P4,G6,P4_vs_G6,False,False,Big Ten,American,,,-35.4,Favorite,-8.399999999999999,L,-36.0,
2023,1,2023-09-02T18:00:00.000Z,401531387,Akron,American,MAC,G6,G6,G6_vs_G6,False,False,American,MAC,,,-9.875,Favorite,-6.875,L,-9.5,
2023,1,2023-09-02T19:30:00.000Z,401520180,Buffalo,Big Ten,MAC,P4,G6,P4_vs_G6,False,False,Big Ten,MAC,,,-27.0,Favorite,-6.0,L,-29.0,
2023,1,2023-09-02T23:00:00.000Z,401525819,UTSA,Big 12,American,P4,G6,P4_vs_G6,True,True,American,Conference USA,0.0,0.0,1.5,Underdog,4.5,W,2.5,
2023,1,2023-09-02T23:00:00.000Z,401520173,New Mexico,SEC,Mountain West,P4,G6,P4_vs_G6,False,False,SEC,Mountain West,,,-37.875,Favorite,4.125,W,-37.5,
2023,1,2023-09-02T23:30:00.000Z,401525825,Texas Tech,Mountain West,Big 12,G6,P4,G6_vs_P4,False,False,Mountain West,Big 12,,,13.6,Underdog,15.6,W,13.0,
2023,2,2023-09-09T16:00:00.000Z,401523999,Baylor,,Big 12,,P4,Other,,False,,Big 12,,,-7.0,Favorite,0.0,P,-7.0,
2023,2,2023-09-09T21:00:00.000Z,401524004,Tulsa,,American,,G6,Other,,False,,American,,,-33.666666666666664,Favorite,-0.6666666666666643,L,-34.0,
2023,2,2023-09-09T22:00:00.000Z,401520198,Liberty,Conference USA,Conference USA,G6,G6,G6_vs_G6,True,True,Independent,Independent,0.0,0.0,9.333333333333334,Underdog,-6.666666666666666,L,9.0,
2023,2,2023-09-09T22:00:00.000Z,401531842,Old Dominion,Sun Belt,Sun Belt,G6,G6,G6_vs_G6,False,False,Sun Belt,Sun Belt,,,-6.0,Favorite,-13.0,L,-6.0,
2023,2,2023-09-09T23:00:00.000Z,401520183,Alabama,Big 12,SEC,P4,P4,P4_vs_P4,False,False,Big 12,SEC,,,7.166666666666667,Underdog,17.166666666666668,W,7.0,
2023,2,2023-09-09T23:30:00.000Z,401520217,Washington State,Big Ten,,P4,,Other,False,,Big Ten,,,,-5.333333333333333,Favorite,-14.333333333333332,L,-5.0,
2023,2,2023-09-10T00:30:00.000Z,401525493,Southern Miss,ACC,Sun Belt,P4,G6,P4_vs_G6,False,False,ACC,Sun Belt,,,-31.0,Favorite,22.0,W,-31.0,
2023,2,2023-09-10T02:30:00.000Z,401524003,Stanford,,,,,Other,,,,,,,-28.666666666666668,Favorite,17.333333333333332,W,-28.5,
2023,3,2023-09-16T19:30:00.000Z,401524009,San Diego State,,Mountain West,,G6,Other,,False,,Mountain West,,,-24.5,Favorite,-7.5,L,-24.5,
2023,3,2023-09-16T23:00:00.000Z,401531379,UAB,Sun Belt,American,G6,G6,G6_vs_G6,False,True,Sun Belt,Conference USA,,0.0,2.0,Underdog,22.0,W,2.0,
2023,3,2023-09-17T00:00:00.000Z,401520238,New Mexico State,Mountain West,Conference USA,G6,G6,G6_vs_G6,False,True,Mountain West,Independent,,0.0,-2.75,Favorite,-12.75,L,-2.5,
2023,3,2023-09-17T00:00:00.000Z,401520238,New Mexico,Conference USA,Mountain West,G6,G6,G6_vs_G6,True,False,Independent,Mountain West,0.0,,2.75,Underdog,12.75,W,2.5,
2023,4,2023-09-23T02:30:00.000Z,401532583,San Diego State,Mountain West,Mountain West,G6,G6,G6_vs_G6,False,False,Mountain West,Mountain West,,,-5.833333333333333,Favorite,-2.833333333333333,L,-6.5,
2023,4,2023-09-23T17:30:00.000Z,401532406,Western Michigan,MAC,MAC,G6,G6,G6_vs_G6,False,False,MAC,MAC,,,-21.5,Favorite,-3.5,L,-21.5,
2023,4,2023-09-23T19:30:00.000Z,401525506,Louisville,ACC,ACC,P4,P4,P4_vs_P4,False,False,ACC,ACC,,,13.833333333333334,Underdog,-14.166666666666666,L,14.0,
2023,4,2023-09-23T19:30:00.000Z,401520250,Alabama,SEC,SEC,P4,P4,P4_vs_P4,False,False,SEC,SEC,,,7.0,Underdog,-7.0,L,7.0,
2023,4,2023-09-23T23:00:00.000Z,401524019,Washington State,,,,,Other,,,,,,,-3.0,Favorite,-6.0,L,-3.0,
2023,4,2023-09-23T23:00:00.000Z,401520258,Arkansas,SEC,SEC,P4,P4,P4_vs_P4,False,False,SEC,SEC,,,-17.666666666666668,Favorite,-14.666666666666668,L,-17.5,
2023,4,2023-09-23T23:30:00.000Z,401531875,Buffalo,Sun Belt,MAC,G6,G6,G6_vs_G6,False,False,Sun Belt,MAC,,,-10.333333333333334,Favorite,-3.333333333333334,L,-10.5,
2023,4,2023-09-23T23:30:00.000Z,401525844,Baylor,Big 12,Big 12,P4,P4,P4_vs_P4,False,False,Big 12,Big 12,,,-16.5,Favorite,15.5,W,-17.5,
2023,4,2023-09-24T03:59:00.000Z,401520253,Hawai'i,Conference USA,Mountain West,G6,G6,G6_vs_G6,True,False,Independent,Mountain West,0.0,,3.6666666666666665,Underdog,0.6666666666666665,W,4.0,
2024,1,2024-08-31T16:00:00.000Z,401628323,Clemson,SEC,ACC,P4,P4,P4_vs_P4,False,False,SEC,ACC,,,-11.666666666666666,Favorite,19.333333333333336,W,-10.5,
2024,1,2024-08-31T16:00:00.000Z,401628457,West Virginia,Big Ten,Big 12,P4,P4,P4_vs_P4,False,False,Big Ten,Big 12,,,-8.333333333333334,Favorite,13.666666666666666,W,-7.5,
2024,1,2024-08-31T19:30:00.000Z,401628454,UTEP,Big Ten,Conference USA,P4,G6,P4_vs_G6,False,False,Big Ten,Conference USA,,,-27.5,Favorite,5.5,W,-27.5,0.5
2024,1,2024-08-31T19:30:00.000Z,401634304,Ohio,ACC,MAC,P4,G6,P4_vs_G6,False,False,ACC,MAC,,,-17.333333333333332,Favorite,-1.333333333333332,L,-17.5,
2024,2,2024-09-07T16:00:00.000Z,401643784,Troy,American,Sun Belt,G6,G6,G6_vs_G6,False,False,American,Sun Belt,,,-18.666666666666668,Favorite,2.333333333333332,W,-18.5,1.5
2024,2,2024-09-07T16:00:00.000Z,401628470,Bowling Green,Big Ten,MAC,P4,G6,P4_vs_G6,False,False,Big Ten,MAC,,,-34.833333333333336,Favorite,-27.833333333333336,L,-35.0,3.0
2024,2,2024-09-07T16:00:00.000Z,401628347,Michigan,SEC,Big Ten,P4,P4,P4_vs_P4,True,False,Big 12,Big Ten,0.0,,-6.666666666666667,Favorite,12.333333333333332,W,-6.5,-1.0
2024,2,2024-09-07T16:00:00.000Z,401635534,Georgia Tech,ACC,ACC,P4,P4,P4_vs_P4,False,False,ACC,ACC,,,2.8333333333333335,Underdog,5.833333333333334,W,3.0,-0.5
2024,2,2024-09-07T20:15:00.000Z,401628342,Middle Tennessee,SEC,Conference USA,P4,G6,P4_vs_G6,False,False,SEC,Conference USA,,,-42.5,Favorite,6.5,W,-43.0,2.5
2024,2,2024-09-07T22:00:00.000Z,401643778,East Carolina,Sun Belt,American,G6,G6,G6_vs_G6,False,False,Sun Belt,American,,,-1.6666666666666667,Favorite,-7.666666666666667,L,-1.5,-1.0
2024,2,2024-09-07T23:00:00.000Z,401628335,Alabama,American,SEC,G6,P4,G6_vs_P4,False,False,American,SEC,,,31.666666666666668,Underdog,5.666666666666668,W,30.5,0.5
2024,2,2024-09-07T23:00:00.000Z,401628344,Buffalo,SEC,MAC,P4,G6,P4_vs_G6,False,False,SEC,MAC,,,-33.666666666666664,Favorite,4.333333333333336,W,-32.0,-2.0
2024,2,2024-09-07T23:00:00.000Z,401643780,UL Monroe,American,Sun Belt,G6,G6,G6_vs_G6,False,False,American,Sun Belt,,,-11.5,Favorite,-37.5,L,-11.0,-0.5
2024,3,2024-09-14T16:00:00.000Z,401628350,Alabama,Big Ten,SEC,P4,P4,P4_vs_P4,False,False,Big Ten,SEC,,,15.166666666666666,Underdog,-16.833333333333336,L,15.5,-6.0
2024,3,2024-09-14T20:00:00.000Z,401628477,Troy,Big Ten,Sun Belt,P4,G6,P4_vs_G6,False,False,Big Ten,Sun Belt,,,-23.333333333333332,Favorite,-6.333333333333332,L,-22.5,0.0
2024,3,2024-09-14T20:15:00.000Z,401628351,Arkansas,American,SEC,G6,P4,G6_vs_P4,False,False,American,SEC,,,23.666666666666668,Underdog,13.666666666666668,W,24.0,0.0
2024,3,2024-09-14T23:00:00.000Z,401628361,UTSA,SEC,American,P4,G6,P4_vs_G6,True,False,Big 12,American,0.0,,-35.5,Favorite,13.5,W,-34.5,0.0
2024,3,2024-09-14T23:30:00.000Z,401628354,Kentucky,SEC,SEC,P4,P4,P4_vs_P4,False,False,SEC,SEC,,,-22.5,Favorite,-21.5,L,-22.0,-1.5
2024,3,2024-09-14T23:30:00.000Z,401636860,Air Force,Big 12,Mountain West,P4,G6,P4_vs_G6,False,False,Big 12,Mountain West,,,-16.666666666666668,Favorite,11.333333333333332,W,-15.5,0.0
2024,3,2024-09-15T00:00:00.000Z,401628478,Maryland,ACC,Big Ten,P4,P4,P4_vs_P4,False,False,ACC,Big Ten,,,-1.1666666666666667,Favorite,-15.166666666666666,L,2.0,0.0
2024,3,2024-09-15T02:30:00.000Z,401635541,San Diego State,ACC,Mountain West,P4,G6,P4_vs_G6,True,False,Pac-12,Mountain West,0.0,,-18.666666666666668,Favorite,2.333333333333332,W,-18.0,0.0
2024,4,2024-09-21T18:00:00.000Z,401635558,Coastal Carolina,ACC,Sun Belt,P4,G6,P4_vs_G6,False,False,ACC,Sun Belt,,,-3.5,Favorite,15.5,W,-3.5,0.5
2024,4,2024-09-21T19:30:00.000Z,401628363,Arkansas,SEC,SEC,P4,P4,P4_vs_P4,False,False,SEC,SEC,,,-2.5,Favorite,-12.5,L,-2.5,-1.0
2024,4,2024-09-21T23:30:00.000Z,401628372,Bowling Green,SEC,MAC,P4,G6,P4_vs_G6,False,False,SEC,MAC,,,-21.166666666666668,Favorite,-15.166666666666668,L,-21.0,-2.0
2024,4,2024-09-22T00:00:00.000Z,401628371,UL Monroe,SEC,Sun Belt,P4,G6,P4_vs_G6,True,False,Big 12,Sun Belt,0.0,,-43.0,Favorite,5.0,W,-41.5,-3.5
2025,1,2025-08-28T23:00:00.000Z,401762789,Akron,Mountain West,MAC,G6,G6,G6_vs_G6,False,False,Mountain West,MAC,,,-6.0,Favorite,4.0,W,-5.0,-4.5
2025,1,2025-08-30T19:30:00.000Z,401752807,Nevada,Big Ten,Mountain West,P4,G6,P4_vs_G6,False,False,Big Ten,Mountain West,,,-44.166666666666664,Favorite,-9.166666666666664,L,-43.5,0.0
2025,1,2025-08-31T03:00:00.000Z,401752800,UCLA,Big 12,Big Ten,P4,P4,P4_vs_P4,False,False,Big 12,Big Ten,,,-6.5,Favorite,26.5,W,-6.5,3.5
2025,2,2025-09-06T19:30:00.000Z,401756880,Bowling Green,Big 12,MAC,P4,G6,P4_vs_G6,False,False,Big 12,MAC,,,-22.0,Favorite,-8.0,L,-22.5,4.5
2025,2,2025-09-06T19:30:00.000Z,401762458,UAB,American,American,G6,G6,G6_vs_G6,False,False,American,American,,,-21.5,Favorite,-7.5,L,-22.5,1.0
2025,2,2025-09-06T23:00:00.000Z,401757232,Western Kentucky,MAC,Conference USA,G6,G6,G6_vs_G6,False,False,MAC,Conference USA,,,-8.0,Favorite,16.0,W,-7.5,1.0
2025,2,2025-09-06T23:30:00.000Z,401752687,Louisiana Tech,SEC,Conference USA,P4,G6,P4_vs_G6,False,False,SEC,Conference USA,,,-36.5,Favorite,-20.5,L,-36.5,4.0
2025,2,2025-09-06T23:30:00.000Z,401752810,Akron,Big Ten,MAC,P4,G6,P4_vs_G6,False,False,Big Ten,MAC,,,-33.75,Favorite,34.25,W,-33.5,0.0
2025,3,2025-09-13T16:00:00.000Z,401761608,Memphis,Sun Belt,American,G6,G6,G6_vs_G6,False,False,Sun Belt,American,,,4.5,Underdog,-16.5,L,4.5,
2025,3,2025-09-13T16:00:00.000Z,401752703,Temple,SEC,American,P4,G6,P4_vs_G6,False,False,SEC,American,,,-23.833333333333332,Favorite,15.166666666666668,W,-24.5,-1.0
2025,3,2025-09-13T23:00:00.000Z,401752700,Ole Miss,SEC,SEC,P4,P4,P4_vs_P4,False,False,SEC,SEC,,,3.8333333333333335,Underdog,-2.1666666666666665,L,4.5,4.0
2025,3,2025-09-13T23:30:00.000Z,401757257,Louisiana Tech,Conference USA,Conference USA,G6,G6,G6_vs_G6,False,False,Conference USA,Conference USA,,,10.166666666666666,Underdog,-24.833333333333336,L,10.5,2.0
2025,3,2025-09-14T00:00:00.000Z,401756895,Wyoming,Big 12,Mountain West,P4,G6,P4_vs_G6,False,False,Big 12,Mountain West,,,-24.5,Favorite,0.5,W,-24.5,2.0
2025,4,2025-09-20T00:00:00.000Z,401752844,Iowa,Big Ten,Big Ten,P4,P4,P4_vs_P4,False,False,Big Ten,Big Ten,,,2.3333333333333335,Underdog,-7.666666666666666,L,2.0,0.0
2025,4,2025-09-20T16:00:00.000Z,401752708,Memphis,SEC,American,P4,G6,P4_vs_G6,False,False,SEC,American,,,-7.166666666666667,Favorite,-8.166666666666668,L,-7.0,0.5
2025,4,2025-09-20T20:30:00.000Z,401754542,Temple,ACC,American,P4,G6,P4_vs_G6,False,False,ACC,American,,,-24.5,Favorite,-3.5,L,-24.5,1.0
2025,4,2025-09-20T23:00:00.000Z,401760372,Air Force,Mountain West,Mountain West,G6,G6,G6_vs_G6,False,False,Mountain West,Mountain West,,,-11.0,Favorite,1.0,W,-11.5,3.0
2025,4,2025-09-20T23:30:00.000Z,401757263,Louisiana Tech,Sun Belt,Conference USA,G6,G6,G6_vs_G6,False,False,Sun Belt,Conference USA,,,3.1666666666666665,Underdog,-6.833333333333334,L,3.5,-1.0
2025,4,2025-09-20T23:30:00.000Z,401756898,East Carolina,Big 12,American,P4,G6,P4_vs_G6,False,False,Big 12,American,,,-6.166666666666667,Favorite,14.833333333333332,W,-5.5,-2.0
2023,1,2023-09-02T16:00:00.000Z,401520172,SMU,Conference USA,American,G6,G6,G6_vs_G6,False,False,Conference USA,American,,,20.125,Underdog,-3.875,L,21.0,
2023,1,2023-09-02T16:00:00.000Z,401520162,East Carolina,Big Ten,American,P4,G6,P4_vs_G6,False,False,Big Ten,American,,,-35.4,Favorite,-8.399999999999999,L,-36.0,
2023,1,2023-09-02T16:00:00.000Z,401523994,Colorado,Big 12,,P4,,Other,False,,Big 12,,,,-20.6,Favorite,-23.6,L,-20.5,
2023,1,2023-09-02T19:30:00.000Z,401520156,Ohio State,Big Ten,Big Ten,P4,P4,P4_vs_P4,False,False,Big Ten,Big Ten,,,29.1,Underdog,9.1,W,30.0,
2023,1,2023-09-02T20:00:00.000Z,401523991,California,American,,G6,,Other,True,,Conference USA,,0.0,,6.5,Underdog,-30.5,L,5.0,
2023,1,2023-09-02T22:30:00.000Z,401523996,Nevada,,Mountain West,,G6,Other,,False,,Mountain West,,,-37.875,Favorite,14.125,W,-37.5,
2023,1,2023-09-02T23:30:00.000Z,401520149,Alabama,Conference USA,SEC,G6,P4,G6_vs_P4,False,False,Conference USA,SEC,,,39.375,Underdog,-9.625,L,39.5,
2023,1,2023-09-03T16:00:00.000Z,401520171,Northwestern,Big Ten,Big Ten,P4,P4,P4_vs_P4,False,False,Big Ten,Big Ten,,,-6.1,Favorite,10.9,W,-5.0,
2023,2,2023-09-09T16:00:00.000Z,401525498,Virginia,Sun Belt,ACC,G6,P4,G6_vs_P4,False,False,Sun Belt,ACC,,,-6.0,Favorite,-5.0,L,-6.0,
2023,2,2023-09-09T21:00:00.000Z,401524004,Tulsa,,American,,G6,Other,,False,,American,,,-33.666666666666664,Favorite,-0.6666666666666643,L,-34.0,
2023,2,2023-09-09T23:00:00.000Z,401520206,Middle Tennessee,SEC,Conference USA,P4,G6,P4_vs_G6,False,False,SEC,Conference USA,,,-21.0,Favorite,-17.0,L,-21.0,
2023,2,2023-09-09T23:30:00.000Z,401520204,Minnesota,MAC,Big Ten,G6,P4,G6_vs_P4,False,False,MAC,Big Ten,,,19.666666666666668,Underdog,0.6666666666666679,W,19.5,
2023,2,2023-09-10T00:00:00.000Z,401520211,Air Force,Conference USA,Mountain West,G6,G6,G6_vs_G6,False,False,,Mountain West,,,13.166666666666666,Underdog,3.166666666666666,W,13.5,
2023,2,2023-09-10T02:30:00.000Z,401524003,Stanford,,,,,Other,,,,,,,-28.666666666666668,Favorite,17.333333333333332,W,-28.5,
2023,2,2023-09-10T02:30:00.000Z,401520186,California,SEC,,P4,,Other,False,,SEC,,,,-4.833333333333333,Favorite,-0.833333333333333,L,-5.0,
2023,3,2023-09-16T18:30:00.000Z,401525437,Central Michigan,Independent,MAC,Independent,G6,Other,False,False,Independent,MAC,,,-34.75,Favorite,-10.75,L,-34.5,
2023,3,2023-09-16T20:00:00.000Z,401520245,UL Monroe,SEC,Sun Belt,P4,G6,P4_vs_G6,False,False,SEC,Sun Belt,,,-36.5,Favorite,7.5,W,-36.5,
2023,3,2023-09-16T23:00:00.000Z,401525835,Cincinnati,MAC,Big 12,G6,P4,G6_vs_P4,False,True,MAC,American,,0.0,14.25,Underdog,21.25,W,14.5,
2023,3,2023-09-17T02:30:00.000Z,401525837,Nevada,Big 12,Mountain West,P4,G6,P4_vs_G6,False,False,Big 12,Mountain West,,,-28.5,Favorite,-21.5,L,-28.5,
2023,4,2023-09-23T16:00:00.000Z,401525849,SMU,Big 12,American,P4,G6,P4_vs_G6,False,False,Big 12,American,,,-6.833333333333333,Favorite,10.166666666666668,W,-7.0,
2023,4,2023-09-23T20:00:00.000Z,401531423,South Florida,American,American,G6,G6,G6_vs_G6,True,False,Conference USA,American,0.0,,-2.5,Favorite,-15.5,L,-2.5,
2023,4,2023-09-23T21:00:00.000Z,401531876,Central Michigan,Sun Belt,MAC,G6,G6,G6_vs_G6,False,False,Sun Belt,MAC,,,-16.166666666666668,Favorite,-20.166666666666668,L,-16.5,
2023,4,2023-09-23T23:30:00.000Z,401521330,Ohio State,Independent,Big Ten,Independent,P4,Other,False,False,Independent,Big Ten,,,3.1666666666666665,Underdog,0.1666666666666665,W,3.0,
2023,4,2023-09-24T02:30:00.000Z,401524018,California,,,,,Other,,,,,,,-20.5,Favorite,6.5,W,-21.0,
2024,1,2024-08-30T00:00:00.000Z,401640998,Coastal Carolina,Conference USA,Sun Belt,G6,G6,G6_vs_G6,False,False,Conference USA,Sun Belt,,,-3.5,Favorite,-31.5,L,-3.5,
2024,1,2024-08-30T00:00:00.000Z,401628448,North Carolina,Big Ten,ACC,P4,P4,P4_vs_P4,False,False,Big Ten,ACC,,,0.3333333333333333,Underdog,-1.6666666666666667,L,1.5,
2024,1,2024-08-30T23:00:00.000Z,401628328,Temple,SEC,American,P4,G6,P4_vs_G6,True,False,Big 12,American,0.0,,-43.0,Favorite,5.0,W,-43.5,
2024,1,2024-08-31T19:30:00.000Z,401628454,UTEP,Big Ten,Conference USA,P4,G6,P4_vs_G6,False,False,Big Ten,Conference USA,,,-27.5,Favorite,5.5,W,-27.5,0.5
2024,1,2024-08-31T19:30:00.000Z,401634304,Ohio,ACC,MAC,P4,G6,P4_vs_G6,False,False,ACC,MAC,,,-17.333333333333332,Favorite,-1.333333333333332,L,-17.5,
2024,1,2024-08-31T21:00:00.000Z,401643775,South Alabama,American,Sun Belt,G6,G6,G6_vs_G6,False,False,American,Sun Belt,,,5.833333333333333,Underdog,19.833333333333332,W,5.5,
2024,1,2024-09-01T23:30:00.000Z,401628334,USC,SEC,Big Ten,P4,P4,P4_vs_P4,False,True,SEC,Pac-12,,0.0,-3.8333333333333335,Favorite,-10.833333333333334,L,-3.5,-0.5
2024,2,2024-09-07T01:00:00.000Z,401635533,Duke,Big Ten,ACC,P4,P4,P4_vs_P4,False,False,Big Ten,ACC,,,-2.1666666666666665,Favorite,-8.166666666666666,L,-1.5,-1.0
2024,2,2024-09-07T16:00:00.000Z,401628470,Bowling Green,Big Ten,MAC,P4,G6,P4_vs_G6,False,False,Big Ten,MAC,,,-34.833333333333336,Favorite,-27.833333333333336,L,-35.0,3.0
2024,2,2024-09-07T16:00:00.000Z,401628471,Akron,Big Ten,MAC,P4,G6,P4_vs_G6,False,False,Big Ten,MAC,,,-24.5,Favorite,7.5,W,-24.5,1.5
2024,2,2024-09-07T16:00:00.000Z,401628347,Michigan,SEC,Big Ten,P4,P4,P4_vs_P4,True,False,Big 12,Big Ten,0.0,,-6.666666666666667,Favorite,12.333333333333332,W,-6.5,-1.0
2024,2,2024-09-07T19:30:00.000Z,401645324,Temple,American,American,G6,G6,G6_vs_G6,False,False,American,American,,,-12.166666666666666,Favorite,14.833333333333334,W,-13.5,0.5
2024,2,2024-09-07T19:30:00.000Z,401635535,Louisville,Conference USA,ACC,G6,P4,G6_vs_P4,False,False,Conference USA,ACC,,,28.5,Underdog,-6.5,L,29.0,-2.0
2024,2,2024-09-08T02:00:00.000Z,401628469,Boise State,Big Ten,Mountain West,P4,G6,P4_vs_G6,True,False,Pac-12,Mountain West,0.0,,-18.833333333333332,Favorite,-15.833333333333332,L,-18.0,0.0
2024,3,2024-09-14T19:30:00.000Z,401628358,Tulane,SEC,American,P4,G6,P4_vs_G6,True,False,Big 12,American,0.0,,-13.333333333333334,Favorite,1.666666666666666,W,-13.5,0.0
2024,3,2024-09-14T23:00:00.000Z,401628361,UTSA,SEC,American,P4,G6,P4_vs_G6,True,False,Big 12,American,0.0,,-35.5,Favorite,13.5,W,-34.5,0.0
2024,3,2024-09-14T23:00:00.000Z,401640999,Eastern Michigan,Conference USA,MAC,G6,G6,G6_vs_G6,False,False,Conference USA,MAC,,,-1.0,Favorite,-4.0,L,2.0,0.0
2024,3,2024-09-14T23:30:00.000Z,401636866,UCF,Big 12,Big 12,P4,P4,P4_vs_P4,False,False,Big 12,Big 12,,,-2.1666666666666665,Favorite,-3.1666666666666665,L,-2.5,4.5
2024,3,2024-09-15T00:00:00.000Z,401628478,Maryland,ACC,Big Ten,P4,P4,P4_vs_P4,False,False,ACC,Big Ten,,,-1.1666666666666667,Favorite,-15.166666666666666,L,2.0,0.0
2024,3,2024-09-15T02:30:00.000Z,401635541,San Diego State,ACC,Mountain West,P4,G6,P4_vs_G6,True,False,Pac-12,Mountain West,0.0,,-18.666666666666668,Favorite,2.333333333333332,W,-18.0,0.0
2024,4,2024-09-21T16:00:00.000Z,401643791,Tulane,Sun Belt,American,G6,G6,G6_vs_G6,False,False,Sun Belt,American,,,1.5,Underdog,-6.5,L,1.5,
2024,4,2024-09-21T18:00:00.000Z,401635558,Coastal Carolina,ACC,Sun Belt,P4,G6,P4_vs_G6,False,False,ACC,Sun Belt,,,-3.5,Favorite,15.5,W,-3.5,0.5
2024,4,2024-09-21T19:00:00.000Z,401641000,Southern Miss,Conference USA,Sun Belt,G6,G6,G6_vs_G6,False,False,Conference USA,Sun Belt,,,-6.166666666666667,Favorite,30.833333333333332,W,-6.5,0.0
2024,4,2024-09-21T19:30:00.000Z,401628365,UCLA,SEC,Big Ten,P4,P4,P4_vs_P4,False,True,SEC,Pac-12,,0.0,-21.5,Favorite,-4.5,L,-21.5,-1.5
2024,4,2024-09-21T23:00:00.000Z,401628491,Washington,Big Ten,Big Ten,P4,P4,P4_vs_P4,False,True,Big Ten,Pac-12,,0.0,11.833333333333334,Underdog,-7.166666666666666,L,12.0,-1.5
2024,4,2024-09-21T23:00:00.000Z,401643716,North Texas,Mountain West,American,G6,G6,G6_vs_G6,False,False,Mountain West,American,,,7.0,Underdog,-20.0,L,7.5,2.0
2024,4,2024-09-21T23:30:00.000Z,401628369,Tennessee,SEC,SEC,P4,P4,P4_vs_P4,True,False,Big 12,SEC,0.0,,6.0,Underdog,-4.0,L,5.5,2.0
2024,4,2024-09-21T23:30:00.000Z,401628372,Bowling Green,SEC,MAC,P4,G6,P4_vs_G6,False,False,SEC,MAC,,,-21.166666666666668,Favorite,-15.166666666666668,L,-21.0,-2.0
2024,4,2024-09-22T00:00:00.000Z,401628371,UL Monroe,SEC,Sun Belt,P4,G6,P4_vs_G6,True,False,Big 12,Sun Belt,0.0,,-43.0,Favorite,5.0,W,-41.5,-3.5
2025,1,2025-08-29T00:00:00.000Z,401752793,Buffalo,Big Ten,MAC,P4,G6,P4_vs_G6,False,False,Big Ten,MAC,,,-17.166666666666668,Favorite,-4.166666666666668,L,-18.5,0.0
2025,1,2025-08-30T00:00:00.000Z,401754375,Colorado,ACC,Big 12,P4,P4,P4_vs_P4,False,False,ACC,Big 12,,,-3.6666666666666665,Favorite,3.3333333333333335,W,-3.5,0.0
2025,1,2025-08-30T16:00:00.000Z,401752676,Syracuse,SEC,ACC,P4,P4,P4_vs_P4,False,False,SEC,ACC,,,-13.5,Favorite,5.5,W,-13.5,-1.0
2025,1,2025-08-30T23:30:00.000Z,401752808,New Mexico,Big Ten,Mountain West,P4,G6,P4_vs_G6,False,False,Big Ten,Mountain West,,,-35.166666666666664,Favorite,-18.166666666666664,L,-34.5,0.0
2025,2,2025-09-06T16:00:00.000Z,401757227,Jacksonville State,Conference USA,Conference USA,G6,G6,G6_vs_G6,False,False,Conference USA,Conference USA,,,-6.25,Favorite,-16.25,L,-6.5,1.0
2025,2,2025-09-06T19:30:00.000Z,401756880,Bowling Green,Big 12,MAC,P4,G6,P4_vs_G6,False,False,Big 12,MAC,,,-22.0,Favorite,-8.0,L,-22.5,4.5
2025,2,2025-09-06T19:30:00.000Z,401756881,Colorado,Conference USA,Big 12,G6,P4,G6_vs_P4,False,False,,Big 12,,,23.5,Underdog,-0.5,L,23.5,1.0
2025,2,2025-09-06T19:30:00.000Z,401762461,Western Michigan,American,MAC,G6,G6,G6_vs_G6,False,False,American,MAC,,,-12.25,Favorite,-9.25,L,-12.5,2.0
2025,2,2025-09-07T02:15:00.000Z,401752948,Washington State,Mountain West,,G6,,Other,False,,Mountain West,,,,2.25,Underdog,-20.75,L,2.5,-1.0
2025,3,2025-09-13T16:00:00.000Z,401761608,Memphis,Sun Belt,American,G6,G6,G6_vs_G6,False,False,Sun Belt,American,,,4.5,Underdog,-16.5,L,4.5,
2025,3,2025-09-13T17:00:00.000Z,401752702,Louisiana,SEC,Sun Belt,P4,G6,P4_vs_G6,False,False,SEC,Sun Belt,,,-27.5,Favorite,14.5,W,-27.5,5.0
2025,3,2025-09-13T19:30:00.000Z,401752705,Georgia,SEC,SEC,P4,P4,P4_vs_P4,False,False,SEC,SEC,,,3.5,Underdog,0.5,W,3.5,3.0
2025,3,2025-09-13T19:30:00.000Z,401752949,Washington State,American,,G6,,Other,False,,American,,,,-6.5,Favorite,42.5,W,-6.5,1.0
2025,3,2025-09-13T21:00:00.000Z,401757256,Bowling Green,Conference USA,MAC,G6,G6,G6_vs_G6,False,False,Conference USA,MAC,,,-6.0,Favorite,-16.0,L,-6.5,-1.0
2025,3,2025-09-13T23:00:00.000Z,401752829,Western Michigan,Big Ten,MAC,P4,G6,P4_vs_G6,False,False,Big Ten,MAC,,,-27.5,Favorite,10.5,W,-27.5,-1.0
2025,4,2025-09-20T16:00:00.000Z,401762469,North Texas,American,American,G6,G6,G6_vs_G6,False,False,American,American,,,2.5,Underdog,-4.5,L,2.5,-1.5
2025,4,2025-09-20T16:00:00.000Z,401762469,Army,American,American,G6,G6,G6_vs_G6,False,False,American,American,,,-2.5,Favorite,4.5,W,-2.5,1.5
2025,4,2025-09-20T16:00:00.000Z,401754537,Syracuse,ACC,ACC,P4,P4,P4_vs_P4,False,False,ACC,ACC,,,-17.5,Favorite,-30.5,L,-17.5,1.0
2025,4,2025-09-20T16:45:00.000Z,401752715,UAB,SEC,American,P4,G6,P4_vs_G6,False,False,SEC,American,,,-39.0,Favorite,-7.0,L,-38.5,1.0
2025,4,2025-09-20T19:00:00.000Z,401752841,Oregon,,Big Ten,,P4,Other,,False,,Big Ten,,,34.0,Underdog,0.0,P,34.5,0.0
2025,4,2025-09-20T19:30:00.000Z,401752848,Purdue,Independent,Big Ten,Independent,P4,Other,False,False,Independent,Big Ten,,,-24.5,Favorite,1.5,W,-24.5,-2.0
2025,4,2025-09-20T19:30:00.000Z,401761613,Buffalo,Sun Belt,MAC,G6,G6,G6_vs_G6,False,False,Sun Belt,MAC,,,5.833333333333333,Underdog,9.833333333333332,W,6.5,0.0
2025,4,2025-09-20T19:30:00.000Z,401752711,Ole Miss,American,SEC,G6,P4,G6_vs_P4,False,False,American,SEC,,,12.166666666666666,Underdog,-22.833333333333336,L,11.5,1.0
2023,1,2023-09-01T00:00:00.000Z,401520176,Florida,,SEC,,P4,Other,,False,,SEC,,,-6.3,Favorite,6.7,W,-5.5,
2023,1,2023-09-01T00:00:00.000Z,401520148,Minnesota,Big Ten,Big Ten,P4,P4,P4_vs_P4,False,False,Big Ten,Big Ten,,,7.3,Underdog,4.3,W,7.5,
2023,1,2023-09-02T16:00:00.000Z,401520172,SMU,Conference USA,American,G6,G6,G6_vs_G6,False,False,Conference USA,American,,,20.125,Underdog,-3.875,L,21.0,
2023,1,2023-09-02T16:00:00.000Z,401520162,East Carolina,Big Ten,American,P4,G6,P4_vs_G6,False,False,Big Ten,American,,,-35.4,Favorite,-8.399999999999999,L,-36.0,
2023,1,2023-09-02T19:30:00.000Z,401520180,Buffalo,Big Ten,MAC,P4,G6,P4_vs_G6,False,False,Big Ten,MAC,,,-27.0,Favorite,-6.0,L,-29.0,
2023,1,2023-09-02T22:30:00.000Z,401523996,Nevada,,Mountain West,,G6,Other,,False,,Mountain West,,,-37.875,Favorite,14.125,W,-37.5,
2023,1,2023-09-02T23:30:00.000Z,401520149,Alabama,Conference USA,SEC,G6,P4,G6_vs_P4,False,False,Conference USA,SEC,,,39.375,Underdog,-9.625,L,39.5,
2023,1,2023-09-03T00:00:00.000Z,401525467,Old Dominion,ACC,Sun Belt,P4,G6,P4_vs_G6,False,False,ACC,Sun Belt,,,-15.75,Favorite,3.25,W,-16.0,
2023,1,2023-09-03T16:00:00.000Z,401520171,Northwestern,Big Ten,Big Ten,P4,P4,P4_vs_P4,False,False,Big Ten,Big Ten,,,-6.1,Favorite,10.9,W,-5.0,
2023,2,2023-09-09T16:00:00.000Z,401523999,Baylor,,Big 12,,P4,Other,,False,,Big 12,,,-7.0,Favorite,0.0,P,-7.0,
2023,2,2023-09-09T16:00:00.000Z,401525498,Virginia,Sun Belt,ACC,G6,P4,G6_vs_P4,False,False,Sun Belt,ACC,,,-6.0,Favorite,-5.0,L,-6.0,
2023,2,2023-09-09T16:00:00.000Z,401520188,Colorado,Big Ten,,P4,,Other,False,,Big Ten,,,,2.8333333333333335,Underdog,-19.166666666666668,L,2.5,
2023,2,2023-09-09T19:30:00.000Z,401525497,Western Michigan,ACC,MAC,P4,G6,P4_vs_G6,False,False,ACC,MAC,,,-24.666666666666668,Favorite,16.333333333333332,W,-24.5,
2023,2,2023-09-09T21:00:00.000Z,401524004,Tulsa,,American,,G6,Other,,False,,American,,,-33.666666666666664,Favorite,-0.6666666666666643,L,-34.0,
2023,2,2023-09-09T23:00:00.000Z,401520183,Alabama,Big 12,SEC,P4,P4,P4_vs_P4,False,False,Big 12,SEC,,,7.166666666666667,Underdog,17.166666666666668,W,7.0,
2023,2,2023-09-10T00:00:00.000Z,401520211,Air Force,Conference USA,Mountain West,G6,G6,G6_vs_G6,False,False,,Mountain West,,,13.166666666666666,Underdog,3.166666666666666,W,13.5,
2023,2,2023-09-10T02:30:00.000Z,401524003,Stanford,,,,,Other,,,,,,,-28.666666666666668,Favorite,17.333333333333332,W,-28.5,
2023,3,2023-09-16T16:00:00.000Z,401520230,Louisville,Big Ten,ACC,P4,P4,P4_vs_P4,False,False,Big Ten,ACC,,,10.0,Underdog,3.0,W,10.0,
2023,3,2023-09-16T19:30:00.000Z,401520223,Northwestern,ACC,Big Ten,P4,P4,P4_vs_P4,False,False,ACC,Big Ten,,,-17.0,Favorite,7.0,W,-17.0,
2023,3,2023-09-16T20:00:00.000Z,401520245,UL Monroe,SEC,Sun Belt,P4,G6,P4_vs_G6,False,False,SEC,Sun Belt,,,-36.5,Favorite,7.5,W,-36.5,
2023,3,2023-09-16T23:00:00.000Z,401525835,Cincinnati,MAC,Big 12,G6,P4,G6_vs_P4,False,True,MAC,American,,0.0,14.25,Underdog,21.25,W,14.5,
2023,3,2023-09-16T23:30:00.000Z,401520232,Bowling Green,Big Ten,MAC,P4,G6,P4_vs_G6,False,False,Big Ten,MAC,,,-40.75,Favorite,-15.75,L,-40.5,
2023,3,2023-09-17T02:30:00.000Z,401525837,Nevada,Big 12,Mountain West,P4,G6,P4_vs_G6,False,False,Big 12,Mountain West,,,-28.5,Favorite,-21.5,L,-28.5,
2023,4,2023-09-23T17:30:00.000Z,401532406,Western Michigan,MAC,MAC,G6,G6,G6_vs_G6,False,False,MAC,MAC,,,-21.5,Favorite,-3.5,L,-21.5,
2023,4,2023-09-23T19:30:00.000Z,401525506,Louisville,ACC,ACC,P4,P4,P4_vs_P4,False,False,ACC,ACC,,,13.833333333333334,Underdog,-14.166666666666666,L,14.0,
2023,4,2023-09-23T19:30:00.000Z,401520250,Alabama,SEC,SEC,P4,P4,P4_vs_P4,False,False,SEC,SEC,,,7.0,Underdog,-7.0,L,7.0,
2023,4,2023-09-23T20:00:00.000Z,401531423,South Florida,American,American,G6,G6,G6_vs_G6,True,False,Conference USA,American,0.0,,-2.5,Favorite,-15.5,L,-2.5,
2023,4,2023-09-23T23:00:00.000Z,401520258,Arkansas,SEC,SEC,P4,P4,P4_vs_P4,False,False,SEC,SEC,,,-17.666666666666668,Favorite,-14.666666666666668,L,-17.5,
2023,4,2023-09-23T23:30:00.000Z,401525844,Baylor,Big 12,Big 12,P4,P4,P4_vs_P4,False,False,Big 12,Big 12,,,-16.5,Favorite,15.5,W,-17.5,
2024,1,2024-08-30T00:00:00.000Z,401640998,Coastal Carolina,Conference USA,Sun Belt,G6,G6,G6_vs_G6,False,False,Conference USA,Sun Belt,,,-3.5,Favorite,-31.5,L,-3.5,
2024,1,2024-08-30T00:00:00.000Z,401628448,North Carolina,Big Ten,ACC,P4,P4,P4_vs_P4,False,False,Big Ten,ACC,,,0.3333333333333333,Underdog,-1.6666666666666667,L,1.5,
2024,1,2024-08-31T19:30:00.000Z,401628454,UTEP,Big Ten,Conference USA,P4,G6,P4_vs_G6,False,False,Big Ten,Conference USA,,,-27.5,Favorite,5.5,W,-27.5,0.5
2024,1,2024-08-31T19:30:00.000Z,401634304,Ohio,ACC,MAC,P4,G6,P4_vs_G6,False,False,ACC,MAC,,,-17.333333333333332,Favorite,-1.333333333333332,L,-17.5,
2024,1,2024-09-01T02:30:00.000Z,401636608,New Mexico,Big 12,Mountain West,P4,G6,P4_vs_G6,True,False,Pac-12,Mountain West,0.0,,-29.166666666666668,Favorite,-7.166666666666668,L,-29.0,
2024,2,2024-09-07T01:00:00.000Z,401635533,Duke,Big Ten,ACC,P4,P4,P4_vs_P4,False,False,Big Ten,ACC,,,-2.1666666666666665,Favorite,-8.166666666666666,L,-1.5,-1.0
2024,2,2024-09-07T16:00:00.000Z,401643784,Troy,American,Sun Belt,G6,G6,G6_vs_G6,False,False,American,Sun Belt,,,-18.666666666666668,Favorite,2.333333333333332,W,-18.5,1.5
2024,2,2024-09-07T16:00:00.000Z,401628470,Bowling Green,Big Ten,MAC,P4,G6,P4_vs_G6,False,False,Big Ten,MAC,,,-34.833333333333336,Favorite,-27.833333333333336,L,-35.0,3.0
2024,2,2024-09-07T16:00:00.000Z,401628471,Akron,Big Ten,MAC,P4,G6,P4_vs_G6,False,False,Big Ten,MAC,,,-24.5,Favorite,7.5,W,-24.5,1.5
2024,2,2024-09-07T16:00:00.000Z,401628347,Michigan,SEC,Big Ten,P4,P4,P4_vs_P4,True,False,Big 12,Big Ten,0.0,,-6.666666666666667,Favorite,12.333333333333332,W,-6.5,-1.0
2024,2,2024-09-07T19:30:00.000Z,401645324,Temple,American,American,G6,G6,G6_vs_G6,False,False,American,American,,,-12.166666666666666,Favorite,14.833333333333334,W,-13.5,0.5
2024,2,2024-09-07T23:00:00.000Z,401628335,Alabama,American,SEC,G6,P4,G6_vs_P4,False,False,American,SEC,,,31.666666666666668,Underdog,5.666666666666668,W,30.5,0.5
2024,2,2024-09-07T23:00:00.000Z,401628344,Buffalo,SEC,MAC,P4,G6,P4_vs_G6,False,False,SEC,MAC,,,-33.666666666666664,Favorite,4.333333333333336,W,-32.0,-2.0
2024,2,2024-09-07T23:00:00.000Z,401643780,UL Monroe,American,Sun Belt,G6,G6,G6_vs_G6,False,False,American,Sun Belt,,,-11.5,Favorite,-37.5,L,-11.0,-0.5
2024,3,2024-09-14T16:00:00.000Z,401628350,Alabama,Big Ten,SEC,P4,P4,P4_vs_P4,False,False,Big Ten,SEC,,,15.166666666666666,Underdog,-16.833333333333336,L,15.5,-6.0
2024,3,2024-09-14T19:30:00.000Z,401628483,Oregon State,Big Ten,,P4,,Other,True,,Pac-12,,0.0,,-17.666666666666668,Favorite,17.333333333333332,W,-18.0,-2.5
2024,3,2024-09-14T20:00:00.000Z,401628477,Troy,Big Ten,Sun Belt,P4,G6,P4_vs_G6,False,False,Big Ten,Sun Belt,,,-23.333333333333332,Favorite,-6.333333333333332,L,-22.5,0.0
2024,3,2024-09-14T20:15:00.000Z,401628351,Arkansas,American,SEC,G6,P4,G6_vs_P4,False,False,American,SEC,,,23.666666666666668,Underdog,13.666666666666668,W,24.0,0.0
2024,3,2024-09-14T23:00:00.000Z,401628361,UTSA,SEC,American,P4,G6,P4_vs_G6,True,False,Big 12,American,0.0,,-35.5,Favorite,13.5,W,-34.5,0.0
2024,3,2024-09-14T23:00:00.000Z,401640999,Eastern Michigan,Conference USA,MAC,G6,G6,G6_vs_G6,False,False,Conference USA,MAC,,,-1.0,Favorite,-4.0,L,2.0,0.0
2024,3,2024-09-14T23:30:00.000Z,401636860,Air Force,Big 12,Mountain West,P4,G6,P4_vs_G6,False,False,Big 12,Mountain West,,,-16.666666666666668,Favorite,11.333333333333332,W,-15.5,0.0
2024,3,2024-09-14T23:30:00.000Z,401636866,UCF,Big 12,Big 12,P4,P4,P4_vs_P4,False,False,Big 12,Big 12,,,-2.1666666666666665,Favorite,-3.1666666666666665,L,-2.5,4.5
2024,3,2024-09-15T00:00:00.000Z,401628478,Maryland,ACC,Big Ten,P4,P4,P4_vs_P4,False,False,ACC,Big Ten,,,-1.1666666666666667,Favorite,-15.166666666666666,L,2.0,0.0
2024,3,2024-09-15T02:30:00.000Z,401635541,San Diego State,ACC,Mountain West,P4,G6,P4_vs_G6,True,False,Pac-12,Mountain West,0.0,,-18.666666666666668,Favorite,2.333333333333332,W,-18.0,0.0
2024,4,2024-09-21T16:00:00.000Z,401643791,Tulane,Sun Belt,American,G6,G6,G6_vs_G6,False,False,Sun Belt,American,,,1.5,Underdog,-6.5,L,1.5,
2024,4,2024-09-21T16:00:00.000Z,401645328,Army,American,American,G6,G6,G6_vs_G6,False,True,American,Independent,,0.0,7.333333333333333,Underdog,-15.666666666666668,L,7.5,
2024,4,2024-09-21T18:00:00.000Z,401635558,Coastal Carolina,ACC,Sun Belt,P4,G6,P4_vs_G6,False,False,ACC,Sun Belt,,,-3.5,Favorite,15.5,W,-3.5,0.5
2024,4,2024-09-21T23:00:00.000Z,401628491,Washington,Big Ten,Big Ten,P4,P4,P4_vs_P4,False,True,Big Ten,Pac-12,,0.0,11.833333333333334,Underdog,-7.166666666666666,L,12.0,-1.5
2024,4,2024-09-21T23:30:00.000Z,401628372,Bowling Green,SEC,MAC,P4,G6,P4_vs_G6,False,False,SEC,MAC,,,-21.166666666666668,Favorite,-15.166666666666668,L,-21.0,-2.0
2024,4,2024-09-22T00:00:00.000Z,401628371,UL Monroe,SEC,Sun Belt,P4,G6,P4_vs_G6,True,False,Big 12,Sun Belt,0.0,,-43.0,Favorite,5.0,W,-41.5,-3.5
2025,1,2025-08-28T23:00:00.000Z,401762789,Akron,Mountain West,MAC,G6,G6,G6_vs_G6,False,False,Mountain West,MAC,,,-6.0,Favorite,4.0,W,-5.0,-4.5
2025,1,2025-08-29T01:00:00.000Z,401762791,Miami (OH),Big Ten,MAC,P4,G6,P4_vs_G6,False,False,Big Ten,MAC,,,-18.0,Favorite,-1.0,L,-18.0,0.5
2025,1,2025-08-30T00:00:00.000Z,401754375,Colorado,ACC,Big 12,P4,P4,P4_vs_P4,False,False,ACC,Big 12,,,-3.6666666666666665,Favorite,3.3333333333333335,W,-3.5,0.0
2025,1,2025-08-30T19:30:00.000Z,401752807,Nevada,Big Ten,Mountain West,P4,G6,P4_vs_G6,False,False,Big Ten,Mountain West,,,-44.166666666666664,Favorite,-9.166666666666664,L,-43.5,0.0
2025,1,2025-08-30T23:30:00.000Z,401752808,New Mexico,Big Ten,Mountain West,P4,G6,P4_vs_G6,False,False,Big Ten,Mountain West,,,-35.166666666666664,Favorite,-18.166666666666664,L,-34.5,0.0
2025,2,2025-09-06T16:00:00.000Z,401757227,Jacksonville State,Conference USA,Conference USA,G6,G6,G6_vs_G6,False,False,Conference USA,Conference USA,,,-6.25,Favorite,-16.25,L,-6.5,1.0
2025,2,2025-09-06T19:30:00.000Z,401752818,Miami (OH),Big Ten,MAC,P4,G6,P4_vs_G6,False,False,Big Ten,MAC,,,-15.5,Favorite,12.5,W,-15.5,2.0
2025,2,2025-09-06T19:30:00.000Z,401756880,Bowling Green,Big 12,MAC,P4,G6,P4_vs_G6,False,False,Big 12,MAC,,,-22.0,Favorite,-8.0,L,-22.5,4.5
2025,2,2025-09-06T19:30:00.000Z,401756881,Colorado,Conference USA,Big 12,G6,P4,G6_vs_P4,False,False,,Big 12,,,23.5,Underdog,-0.5,L,23.5,1.0
2025,2,2025-09-06T19:30:00.000Z,401762458,UAB,American,American,G6,G6,G6_vs_G6,False,False,American,American,,,-21.5,Favorite,-7.5,L,-22.5,1.0
2025,2,2025-09-06T23:00:00.000Z,401756884,Rice,Big 12,American,P4,G6,P4_vs_G6,False,False,Big 12,American,,,-13.5,Favorite,12.5,W,-13.5,1.0
2025,2,2025-09-06T23:30:00.000Z,401752687,Louisiana Tech,SEC,Conference USA,P4,G6,P4_vs_G6,False,False,SEC,Conference USA,,,-36.5,Favorite,-20.5,L,-36.5,4.0
2025,2,2025-09-07T01:00:00.000Z,401757229,Tulsa,Conference USA,American,G6,G6,G6_vs_G6,False,False,Conference USA,American,,,3.25,Underdog,10.25,W,3.5,0.0
2025,3,2025-09-12T23:30:00.000Z,401756893,Colorado,Big 12,Big 12,P4,P4,P4_vs_P4,False,False,Big 12,Big 12,,,-3.8333333333333335,Favorite,12.166666666666666,W,-4.0,-0.5
2025,3,2025-09-13T16:00:00.000Z,401761608,Memphis,Sun Belt,American,G6,G6,G6_vs_G6,False,False,Sun Belt,American,,,4.5,Underdog,-16.5,L,4.5,
2025,3,2025-09-13T19:30:00.000Z,401754638,West Virginia,ACC,Big 12,P4,P4,P4_vs_P4,False,False,ACC,Big 12,,,-6.833333333333333,Favorite,-13.833333333333332,L,-7.0,2.5
2025,3,2025-09-13T21:00:00.000Z,401757256,Bowling Green,Conference USA,MAC,G6,G6,G6_vs_G6,False,False,Conference USA,MAC,,,-6.0,Favorite,-16.0,L,-6.5,-1.0
2025,3,2025-09-13T23:00:00.000Z,401752829,Western Michigan,Big Ten,MAC,P4,G6,P4_vs_G6,False,False,Big Ten,MAC,,,-27.5,Favorite,10.5,W,-27.5,-1.0
2025,3,2025-09-13T23:30:00.000Z,401757257,Louisiana Tech,Conference USA,Conference USA,G6,G6,G6_vs_G6,False,False,Conference USA,Conference USA,,,10.166666666666666,Underdog,-24.833333333333336,L,10.5,2.0
2025,3,2025-09-14T00:00:00.000Z,401762465,Tulsa,American,American,G6,G6,G6_vs_G6,False,False,American,American,,,-13.666666666666666,Favorite,5.333333333333334,W,-13.5,-1.0
2025,4,2025-09-20T16:00:00.000Z,401754537,Syracuse,ACC,ACC,P4,P4,P4_vs_P4,False,False,ACC,ACC,,,-17.5,Favorite,-30.5,L,-17.5,1.0
2025,4,2025-09-20T19:00:00.000Z,401752841,Oregon,,Big Ten,,P4,Other,,False,,Big Ten,,,34.0,Underdog,0.0,P,34.5,0.0
2025,4,2025-09-21T02:15:00.000Z,401756897,Colorado,Mountain West,Big 12,G6,P4,G6_vs_P4,False,False,Mountain West,Big 12,,,12.333333333333334,Underdog,-4.666666666666666,L,12.5,1.0
2023,1,2023-08-26T23:00:00.000Z,401532392,San Diego State,MAC,Mountain West,G6,G6,G6_vs_G6,False,False,MAC,Mountain West,,,2.9,Underdog,-4.1,L,2.0,
2023,1,2023-08-26T23:30:00.000Z,401520147,Hawai'i,SEC,Mountain West,P4,G6,P4_vs_G6,False,False,SEC,Mountain West,,,-17.625,Favorite,-10.625,L,-17.0,
2023,1,2023-09-01T00:00:00.000Z,401520176,Florida,,SEC,,P4,Other,,False,,SEC,,,-6.3,Favorite,6.7,W,-5.5,
2023,1,2023-09-02T16:00:00.000Z,401520162,East Carolina,Big Ten,American,P4,G6,P4_vs_G6,False,False,Big Ten,American,,,-35.4,Favorite,-8.399999999999999,L,-36.0,
2023,1,2023-09-02T18:00:00.000Z,401531387,Akron,American,MAC,G6,G6,G6_vs_G6,False,False,American,MAC,,,-9.875,Favorite,-6.875,L,-9.5,
2023,1,2023-09-02T19:30:00.000Z,401520180,Buffalo,Big Ten,MAC,P4,G6,P4_vs_G6,False,False,Big Ten,MAC,,,-27.0,Favorite,-6.0,L,-29.0,
2023,1,2023-09-02T22:30:00.000Z,401523996,Nevada,,Mountain West,,G6,Other,,False,,Mountain West,,,-37.875,Favorite,14.125,W,-37.5,
2023,1,2023-09-02T23:00:00.000Z,401525819,UTSA,Big 12,American,P4,G6,P4_vs_G6,True,True,American,Conference USA,0.0,0.0,1.5,Underdog,4.5,W,2.5,
2023,1,2023-09-02T23:00:00.000Z,401520173,New Mexico,SEC,Mountain West,P4,G6,P4_vs_G6,False,False,SEC,Mountain West,,,-37.875,Favorite,4.125,W,-37.5,
2023,1,2023-09-02T23:30:00.000Z,401525825,Texas Tech,Mountain West,Big 12,G6,P4,G6_vs_P4,False,False,Mountain West,Big 12,,,13.6,Underdog,15.6,W,13.0,
2023,1,2023-09-03T00:00:00.000Z,401525467,Old Dominion,ACC,Sun Belt,P4,G6,P4_vs_G6,False,False,ACC,Sun Belt,,,-15.75,Favorite,3.25,W,-16.0,
2023,2,2023-09-09T16:00:00.000Z,401523999,Baylor,,Big 12,,P4,Other,,False,,Big 12,,,-7.0,Favorite,0.0,P,-7.0,
2023,2,2023-09-09T19:30:00.000Z,401525497,Western Michigan,ACC,MAC,P4,G6,P4_vs_G6,False,False,ACC,MAC,,,-24.666666666666668,Favorite,16.333333333333332,W,-24.5,
2023,2,2023-09-09T21:00:00.000Z,401524004,Tulsa,,American,,G6,Other,,False,,American,,,-33.666666666666664,Favorite,-0.6666666666666643,L,-34.0,
2023,2,2023-09-09T22:00:00.000Z,401520198,Liberty,Conference USA,Conference USA,G6,G6,G6_vs_G6,True,True,Independent,Independent,0.0,0.0,9.333333333333334,Underdog,-6.666666666666666,L,9.0,
2023,2,2023-09-09T22:00:00.000Z,401531842,Old Dominion,Sun Belt,Sun Belt,G6,G6,G6_vs_G6,False,False,Sun Belt,Sun Belt,,,-6.0,Favorite,-13.0,L,-6.0,
2023,2,2023-09-09T23:00:00.000Z,401520183,Alabama,Big 12,SEC,P4,P4,P4_vs_P4,False,False,Big 12,SEC,,,7.166666666666667,Underdog,17.166666666666668,W,7.0,
2023,2,2023-09-09T23:30:00.000Z,401520217,Washington State,Big Ten,,P4,,Other,False,,Big Ten,,,,-5.333333333333333,Favorite,-14.333333333333332,L,-5.0,
2023,2,2023-09-10T00:30:00.000Z,401525493,Southern Miss,ACC,Sun Belt,P4,G6,P4_vs_G6,False,False,ACC,Sun Belt,,,-31.0,Favorite,22.0,W,-31.0,
2023,2,2023-09-10T02:30:00.000Z,401524003,Stanford,,,,,Other,,,,,,,-28.666666666666668,Favorite,17.333333333333332,W,-28.5,
2023,3,2023-09-16T19:30:00.000Z,401524009,San Diego State,,Mountain West,,G6,Other,,False,,Mountain West,,,-24.5,Favorite,-7.5,L,-24.5,
2023,3,2023-09-16T20:00:00.000Z,401531348,Southern Miss,American,Sun Belt,G6,G6,G6_vs_G6,False,False,American,Sun Belt,,,-7.75,Favorite,10.25,W,-8.0,
2023,3,2023-09-16T23:00:00.000Z,401531379,UAB,Sun Belt,American,G6,G6,G6_vs_G6,False,True,Sun Belt,Conference USA,,0.0,2.0,Underdog,22.0,W,2.0,
2023,3,2023-09-16T23:30:00.000Z,401520232,Bowling Green,Big Ten,MAC,P4,G6,P4_vs_G6,False,False,Big Ten,MAC,,,-40.75,Favorite,-15.75,L,-40.5,
2023,3,2023-09-17T00:00:00.000Z,401520238,New Mexico State,Mountain West,Conference USA,G6,G6,G6_vs_G6,False,True,Mountain West,Independent,,0.0,-2.75,Favorite,-12.75,L,-2.5,
2023,3,2023-09-17T00:00:00.000Z,401520238,New Mexico,Conference USA,Mountain West,G6,G6,G6_vs_G6,True,False,Independent,Mountain West,0.0,,2.75,Underdog,12.75,W,2.5,
2023,3,2023-09-17T02:30:00.000Z,401525837,Nevada,Big 12,Mountain West,P4,G6,P4_vs_G6,False,False,Big 12,Mountain West,,,-28.5,Favorite,-21.5,L,-28.5,
2023,4,2023-09-23T02:30:00.000Z,401532583,San Diego State,Mountain West,Mountain West,G6,G6,G6_vs_G6,False,False,Mountain West,Mountain West,,,-5.833333333333333,Favorite,-2.833333333333333,L,-6.5,
2023,4,2023-09-23T17:30:00.000Z,401532406,Western Michigan,MAC,MAC,G6,G6,G6_vs_G6,False,False,MAC,MAC,,,-21.5,Favorite,-3.5,L,-21.5,
2023,4,2023-09-23T19:30:00.000Z,401525506,Louisville,ACC,ACC,P4,P4,P4_vs_P4,False,False,ACC,ACC,,,13.833333333333334,Underdog,-14.166666666666666,L,14.0,
2023,4,2023-09-23T19:30:00.000Z,401520250,Alabama,SEC,SEC,P4,P4,P4_vs_P4,False,False,SEC,SEC,,,7.0,Underdog,-7.0,L,7.0,
2023,4,2023-09-23T19:30:00.000Z,401532405,Bowling Green,MAC,MAC,G6,G6,G6_vs_G6,False,False,MAC,MAC,,,-13.0,Favorite,18.0,W,-13.0,
2023,4,2023-09-23T23:00:00.000Z,401524019,Oregon State,,,,,Other,,,,,,,3.0,Underdog,6.0,W,3.0,
2023,4,2023-09-23T23:00:00.000Z,401524019,Washington State,,,,,Other,,,,,,,-3.0,Favorite,-6.0,L,-3.0,
2023,4,2023-09-23T23:00:00.000Z,401520258,Arkansas,SEC,SEC,P4,P4,P4_vs_P4,False,False,SEC,SEC,,,-17.666666666666668,Favorite,-14.666666666666668,L,-17.5,
2023,4,2023-09-23T23:30:00.000Z,401531875,Buffalo,Sun Belt,MAC,G6,G6,G6_vs_G6,False,False,Sun Belt,MAC,,,-10.333333333333334,Favorite,-3.333333333333334,L,-10.5,
2023,4,2023-09-23T23:30:00.000Z,401525844,Baylor,Big 12,Big 12,P4,P4,P4_vs_P4,False,False,Big 12,Big 12,,,-16.5,Favorite,15.5,W,-17.5,
2023,4,2023-09-24T03:59:00.000Z,401520253,Hawai'i,Conference USA,Mountain West,G6,G6,G6_vs_G6,True,False,Independent,Mountain West,0.0,,3.6666666666666665,Underdog,0.6666666666666665,W,4.0,
2024,1,2024-08-30T00:00:00.000Z,401628448,North Carolina,Big Ten,ACC,P4,P4,P4_vs_P4,False,False,Big Ten,ACC,,,0.3333333333333333,Underdog,-1.6666666666666667,L,1.5,
2024,1,2024-08-31T16:00:00.000Z,401628323,Clemson,SEC,ACC,P4,P4,P4_vs_P4,False,False,SEC,ACC,,,-11.666666666666666,Favorite,19.333333333333336,W,-10.5,
2024,1,2024-08-31T16:00:00.000Z,401628457,West Virginia,Big Ten,Big 12,P4,P4,P4_vs_P4,False,False,Big Ten,Big 12,,,-8.333333333333334,Favorite,13.666666666666666,W,-7.5,
2024,1,2024-08-31T19:30:00.000Z,401628322,Miami,SEC,ACC,P4,P4,P4_vs_P4,False,False,SEC,ACC,,,2.5,Underdog,-21.5,L,2.5,
2024,1,2024-08-31T19:30:00.000Z,401628454,UTEP,Big Ten,Conference USA,P4,G6,P4_vs_G6,False,False,Big Ten,Conference USA,,,-27.5,Favorite,5.5,W,-27.5,0.5
2024,1,2024-08-31T19:30:00.000Z,401634304,Ohio,ACC,MAC,P4,G6,P4_vs_G6,False,False,ACC,MAC,,,-17.333333333333332,Favorite,-1.333333333333332,L,-17.5,
2024,2,2024-09-07T16:00:00.000Z,401643784,Troy,American,Sun Belt,G6,G6,G6_vs_G6,False,False,American,Sun Belt,,,-18.666666666666668,Favorite,2.333333333333332,W,-18.5,1.5
2024,2,2024-09-07T16:00:00.000Z,401628470,Bowling Green,Big Ten,MAC,P4,G6,P4_vs_G6,False,False,Big Ten,MAC,,,-34.833333333333336,Favorite,-27.833333333333336,L,-35.0,3.0
2024,2,2024-09-07T16:00:00.000Z,401628347,Michigan,SEC,Big Ten,P4,P4,P4_vs_P4,True,False,Big 12,Big Ten,0.0,,-6.666666666666667,Favorite,12.333333333333332,W,-6.5,-1.0
2024,2,2024-09-07T16:00:00.000Z,401635534,Georgia Tech,ACC,ACC,P4,P4,P4_vs_P4,False,False,ACC,ACC,,,2.8333333333333335,Underdog,5.833333333333334,W,3.0,-0.5
2024,2,2024-09-07T20:15:00.000Z,401628342,Middle Tennessee,SEC,Conference USA,P4,G6,P4_vs_G6,False,False,SEC,Conference USA,,,-42.5,Favorite,6.5,W,-43.0,2.5
2024,2,2024-09-07T22:00:00.000Z,401643778,East Carolina,Sun Belt,American,G6,G6,G6_vs_G6,False,False,Sun Belt,American,,,-1.6666666666666667,Favorite,-7.666666666666667,L,-1.5,-1.0
2024,2,2024-09-07T23:00:00.000Z,401628335,Alabama,American,SEC,G6,P4,G6_vs_P4,False,False,American,SEC,,,31.666666666666668,Underdog,5.666666666666668,W,30.5,0.5
2024,2,2024-09-07T23:00:00.000Z,401628344,Buffalo,SEC,MAC,P4,G6,P4_vs_G6,False,False,SEC,MAC,,,-33.666666666666664,Favorite,4.333333333333336,W,-32.0,-2.0
2024,2,2024-09-07T23:00:00.000Z,401643780,UL Monroe,American,Sun Belt,G6,G6,G6_vs_G6,False,False,American,Sun Belt,,,-11.5,Favorite,-37.5,L,-11.0,-0.5
2024,3,2024-09-14T16:00:00.000Z,401628350,Alabama,Big Ten,SEC,P4,P4,P4_vs_P4,False,False,Big Ten,SEC,,,15.166666666666666,Underdog,-16.833333333333336,L,15.5,-6.0
2024,3,2024-09-14T16:45:00.000Z,401628357,Boston College,SEC,ACC,P4,P4,P4_vs_P4,False,False,SEC,ACC,,,-15.166666666666666,Favorite,-9.166666666666666,L,-14.5,-2.5
2024,3,2024-09-14T19:30:00.000Z,401628483,Oregon State,Big Ten,,P4,,Other,True,,Pac-12,,0.0,,-17.666666666666668,Favorite,17.333333333333332,W,-18.0,-2.5
2024,3,2024-09-14T20:00:00.000Z,401628477,Troy,Big Ten,Sun Belt,P4,G6,P4_vs_G6,False,False,Big Ten,Sun Belt,,,-23.333333333333332,Favorite,-6.333333333333332,L,-22.5,0.0
2024,3,2024-09-14T20:15:00.000Z,401628351,Arkansas,American,SEC,G6,P4,G6_vs_P4,False,False,American,SEC,,,23.666666666666668,Underdog,13.666666666666668,W,24.0,0.0
2024,3,2024-09-14T23:00:00.000Z,401628361,UTSA,SEC,American,P4,G6,P4_vs_G6,True,False,Big 12,American,0.0,,-35.5,Favorite,13.5,W,-34.5,0.0
2024,3,2024-09-14T23:30:00.000Z,401628354,Kentucky,SEC,SEC,P4,P4,P4_vs_P4,False,False,SEC,SEC,,,-22.5,Favorite,-21.5,L,-22.0,-1.5
2024,3,2024-09-14T23:30:00.000Z,401636860,Air Force,Big 12,Mountain West,P4,G6,P4_vs_G6,False,False,Big 12,Mountain West,,,-16.666666666666668,Favorite,11.333333333333332,W,-15.5,0.0
2024,3,2024-09-15T00:00:00.000Z,401628478,Maryland,ACC,Big Ten,P4,P4,P4_vs_P4,False,False,ACC,Big Ten,,,-1.1666666666666667,Favorite,-15.166666666666666,L,2.0,0.0
2024,3,2024-09-15T02:30:00.000Z,401635541,San Diego State,ACC,Mountain West,P4,G6,P4_vs_G6,True,False,Pac-12,Mountain West,0.0,,-18.666666666666668,Favorite,2.333333333333332,W,-18.0,0.0
2024,4,2024-09-21T16:00:00.000Z,401643791,Tulane,Sun Belt,American,G6,G6,G6_vs_G6,False,False,Sun Belt,American,,,1.5,Underdog,-6.5,L,1.5,
2024,4,2024-09-21T18:00:00.000Z,401635558,Coastal Carolina,ACC,Sun Belt,P4,G6,P4_vs_G6,False,False,ACC,Sun Belt,,,-3.5,Favorite,15.5,W,-3.5,0.5
2024,4,2024-09-21T19:30:00.000Z,401628363,Arkansas,SEC,SEC,P4,P4,P4_vs_P4,False,False,SEC,SEC,,,-2.5,Favorite,-12.5,L,-2.5,-1.0
2024,4,2024-09-21T23:00:00.000Z,401635555,Miami,American,ACC,G6,P4,G6_vs_P4,False,False,American,ACC,,,16.333333333333332,Underdog,-18.666666666666668,L,15.5,2.0
2024,4,2024-09-21T23:30:00.000Z,401628372,Bowling Green,SEC,MAC,P4,G6,P4_vs_G6,False,False,SEC,MAC,,,-21.166666666666668,Favorite,-15.166666666666668,L,-21.0,-2.0
2024,4,2024-09-22T00:00:00.000Z,401628371,UL Monroe,SEC,Sun Belt,P4,G6,P4_vs_G6,True,False,Big 12,Sun Belt,0.0,,-43.0,Favorite,5.0,W,-41.5,-3.5
2025,1,2025-08-28T23:00:00.000Z,401762789,Akron,Mountain West,MAC,G6,G6,G6_vs_G6,False,False,Mountain West,MAC,,,-6.0,Favorite,4.0,W,-5.0,-4.5
2025,1,2025-08-30T19:30:00.000Z,401752807,Nevada,Big Ten,Mountain West,P4,G6,P4_vs_G6,False,False,Big Ten,Mountain West,,,-44.166666666666664,Favorite,-9.166666666666664,L,-43.5,0.0
2025,1,2025-08-31T03:00:00.000Z,401752800,UCLA,Big 12,Big Ten,P4,P4,P4_vs_P4,False,False,Big 12,Big Ten,,,-6.5,Favorite,26.5,W,-6.5,3.5
2025,2,2025-09-06T19:30:00.000Z,401756880,Bowling Green,Big 12,MAC,P4,G6,P4_vs_G6,False,False,Big 12,MAC,,,-22.0,Favorite,-8.0,L,-22.5,4.5
2025,2,2025-09-06T19:30:00.000Z,401762458,UAB,American,American,G6,G6,G6_vs_G6,False,False,American,American,,,-21.5,Favorite,-7.5,L,-22.5,1.0
2025,2,2025-09-06T23:00:00.000Z,401757232,Western Kentucky,MAC,Conference USA,G6,G6,G6_vs_G6,False,False,MAC,Conference USA,,,-8.0,Favorite,16.0,W,-7.5,1.0
2025,2,2025-09-06T23:30:00.000Z,401752687,Louisiana Tech,SEC,Conference USA,P4,G6,P4_vs_G6,False,False,SEC,Conference USA,,,-36.5,Favorite,-20.5,L,-36.5,4.0
2025,2,2025-09-06T23:30:00.000Z,401752810,Akron,Big Ten,MAC,P4,G6,P4_vs_G6,False,False,Big Ten,MAC,,,-33.75,Favorite,34.25,W,-33.5,0.0
2025,3,2025-09-13T16:00:00.000Z,401761608,Memphis,Sun Belt,American,G6,G6,G6_vs_G6,False,False,Sun Belt,American,,,4.5,Underdog,-16.5,L,4.5,
2025,3,2025-09-13T16:00:00.000Z,401752703,Temple,SEC,American,P4,G6,P4_vs_G6,False,False,SEC,American,,,-23.833333333333332,Favorite,15.166666666666668,W,-24.5,-1.0
2025,3,2025-09-13T23:00:00.000Z,401752700,Ole Miss,SEC,SEC,P4,P4,P4_vs_P4,False,False,SEC,SEC,,,3.8333333333333335,Underdog,-2.1666666666666665,L,4.5,4.0
2025,3,2025-09-13T23:30:00.000Z,401757257,Louisiana Tech,Conference USA,Conference USA,G6,G6,G6_vs_G6,False,False,Conference USA,Conference USA,,,10.166666666666666,Underdog,-24.833333333333336,L,10.5,2.0
2025,3,2025-09-14T00:00:00.000Z,401756895,Wyoming,Big 12,Mountain West,P4,G6,P4_vs_G6,False,False,Big 12,Mountain West,,,-24.5,Favorite,0.5,W,-24.5,2.0
2025,4,2025-09-20T00:00:00.000Z,401752844,Iowa,Big Ten,Big Ten,P4,P4,P4_vs_P4,False,False,Big Ten,Big Ten,,,2.3333333333333335,Underdog,-7.666666666666666,L,2.0,0.0
2025,4,2025-09-20T16:00:00.000Z,401752708,Memphis,SEC,American,P4,G6,P4_vs_G6,False,False,SEC,American,,,-7.166666666666667,Favorite,-8.166666666666668,L,-7.0,0.5
2025,4,2025-09-20T20:30:00.000Z,401754542,Temple,ACC,American,P4,G6,P4_vs_G6,False,False,ACC,American,,,-24.5,Favorite,-3.5,L,-24.5,1.0
2025,4,2025-09-20T23:00:00.000Z,401760372,Air Force,Mountain West,Mountain West,G6,G6,G6_vs_G6,False,False,Mountain West,Mountain West,,,-11.0,Favorite,1.0,W,-11.5,3.0
2025,4,2025-09-20T23:30:00.000Z,401757263,Louisiana Tech,Sun Belt,Conference USA,G6,G6,G6_vs_G6,False,False,Sun Belt,Conference USA,,,3.1666666666666665,Underdog,-6.833333333333334,L,3.5,-1.0
2025,4,2025-09-20T23:30:00.000Z,401756898,East Carolina,Big 12,American,P4,G6,P4_vs_G6,False,False,Big 12,American,,,-6.166666666666667,Favorite,14.833333333333332,W,-5.5,-2.0
2023,1,2023-09-01T00:00:00.000Z,401520176,Florida,,SEC,,P4,Other,,False,,SEC,,,-6.3,Favorite,6.7,W,-5.5,
2023,1,2023-09-02T16:00:00.000Z,401520172,SMU,Conference USA,American,G6,G6,G6_vs_G6,False,False,Conference USA,American,,,20.125,Underdog,-3.875,L,21.0,
2023,1,2023-09-02T16:00:00.000Z,401520162,East Carolina,Big Ten,American,P4,G6,P4_vs_G6,False,False,Big Ten,American,,,-35.4,Favorite,-8.399999999999999,L,-36.0,
2023,1,2023-09-02T16:00:00.000Z,401523994,Colorado,Big 12,,P4,,Other,False,,Big 12,,,,-20.6,Favorite,-23.6,L,-20.5,
2023,1,2023-09-02T16:00:00.000Z,401520179,Virginia,SEC,ACC,P4,P4,P4_vs_P4,False,False,SEC,ACC,,,-27.7,Favorite,8.3,W,-27.5,
2023,1,2023-09-02T19:30:00.000Z,401520156,Ohio State,Big Ten,Big Ten,P4,P4,P4_vs_P4,False,False,Big Ten,Big Ten,,,29.1,Underdog,9.1,W,30.0,
2023,1,2023-09-02T20:00:00.000Z,401523991,California,American,,G6,,Other,True,,Conference USA,,0.0,,6.5,Underdog,-30.5,L,5.0,
2023,1,2023-09-02T22:30:00.000Z,401523996,Nevada,,Mountain West,,G6,Other,,False,,Mountain West,,,-37.875,Favorite,14.125,W,-37.5,
2023,1,2023-09-02T23:30:00.000Z,401520169,West Virginia,Big Ten,Big 12,P4,P4,P4_vs_P4,False,False,Big Ten,Big 12,,,-20.6,Favorite,2.3999999999999986,W,-21.0,
2023,1,2023-09-02T23:30:00.000Z,401520149,Alabama,Conference USA,SEC,G6,P4,G6_vs_P4,False,False,Conference USA,SEC,,,39.375,Underdog,-9.625,L,39.5,
2023,1,2023-09-03T16:00:00.000Z,401520171,Northwestern,Big Ten,Big Ten,P4,P4,P4_vs_P4,False,False,Big Ten,Big Ten,,,-6.1,Favorite,10.9,W,-5.0,
2023,2,2023-09-09T16:00:00.000Z,401523999,Baylor,,Big 12,,P4,Other,,False,,Big 12,,,-7.0,Favorite,0.0,P,-7.0,
2023,2,2023-09-09T16:00:00.000Z,401525498,Virginia,Sun Belt,ACC,G6,P4,G6_vs_P4,False,False,Sun Belt,ACC,,,-6.0,Favorite,-5.0,L,-6.0,
2023,2,2023-09-09T21:00:00.000Z,401524004,Tulsa,,American,,G6,Other,,False,,American,,,-33.666666666666664,Favorite,-0.6666666666666643,L,-34.0,
2023,2,2023-09-09T23:00:00.000Z,401520206,Middle Tennessee,SEC,Conference USA,P4,G6,P4_vs_G6,False,False,SEC,Conference USA,,,-21.0,Favorite,-17.0,L,-21.0,
2023,2,2023-09-09T23:30:00.000Z,401520204,Minnesota,MAC,Big Ten,G6,P4,G6_vs_P4,False,False,MAC,Big Ten,,,19.666666666666668,Underdog,0.6666666666666679,W,19.5,
2023,2,2023-09-10T00:00:00.000Z,401520211,Air Force,Conference USA,Mountain West,G6,G6,G6_vs_G6,False,False,,Mountain West,,,13.166666666666666,Underdog,3.166666666666666,W,13.5,
2023,2,2023-09-10T02:30:00.000Z,401524003,Stanford,,,,,Other,,,,,,,-28.666666666666668,Favorite,17.333333333333332,W,-28.5,
2023,2,2023-09-10T02:30:00.000Z,401520186,California,SEC,,P4,,Other,False,,SEC,,,,-4.833333333333333,Favorite,-0.833333333333333,L,-5.0,
2023,3,2023-09-16T18:30:00.000Z,401525437,Central Michigan,Independent,MAC,Independent,G6,Other,False,False,Independent,MAC,,,-34.75,Favorite,-10.75,L,-34.5,
2023,3,2023-09-16T20:00:00.000Z,401520245,UL Monroe,SEC,Sun Belt,P4,G6,P4_vs_G6,False,False,SEC,Sun Belt,,,-36.5,Favorite,7.5,W,-36.5,
2023,3,2023-09-16T23:00:00.000Z,401525835,Cincinnati,MAC,Big 12,G6,P4,G6_vs_P4,False,True,MAC,American,,0.0,14.25,Underdog,21.25,W,14.5,
2023,3,2023-09-16T23:00:00.000Z,401520224,Florida,SEC,SEC,P4,P4,P4_vs_P4,False,False,SEC,SEC,,,-5.666666666666667,Favorite,-18.666666666666668,L,-5.0,
2023,3,2023-09-17T02:30:00.000Z,401525837,Nevada,Big 12,Mountain West,P4,G6,P4_vs_G6,False,False,Big 12,Mountain West,,,-28.5,Favorite,-21.5,L,-28.5,
2023,4,2023-09-23T16:00:00.000Z,401525849,SMU,Big 12,American,P4,G6,P4_vs_G6,False,False,Big 12,American,,,-6.833333333333333,Favorite,10.166666666666668,W,-7.0,
2023,4,2023-09-23T19:30:00.000Z,401524017,UCLA,,,,,Other,,,,,,,-3.8333333333333335,Favorite,3.1666666666666665,W,-3.0,
2023,4,2023-09-23T20:00:00.000Z,401520269,UTSA,SEC,American,P4,G6,P4_vs_G6,False,True,SEC,Conference USA,,0.0,-23.333333333333332,Favorite,7.666666666666668,W,-24.0,
2023,4,2023-09-23T20:00:00.000Z,401531423,South Florida,American,American,G6,G6,G6_vs_G6,True,False,Conference USA,American,0.0,,-2.5,Favorite,-15.5,L,-2.5,
2023,4,2023-09-23T21:00:00.000Z,401531876,Central Michigan,Sun Belt,MAC,G6,G6,G6_vs_G6,False,False,Sun Belt,MAC,,,-16.166666666666668,Favorite,-20.166666666666668,L,-16.5,
2023,4,2023-09-23T23:30:00.000Z,401521330,Ohio State,Independent,Big Ten,Independent,P4,Other,False,False,Independent,Big Ten,,,3.1666666666666665,Underdog,0.1666666666666665,W,3.0,
2023,4,2023-09-23T23:30:00.000Z,401520252,UAB,SEC,American,P4,G6,P4_vs_G6,False,True,SEC,Conference USA,,0.0,-40.833333333333336,Favorite,-12.833333333333336,L,-40.0,
2023,4,2023-09-24T02:30:00.000Z,401524018,California,,,,,Other,,,,,,,-20.5,Favorite,6.5,W,-21.0,
2024,1,2024-08-30T00:00:00.000Z,401640998,Coastal Carolina,Conference USA,Sun Belt,G6,G6,G6_vs_G6,False,False,Conference USA,Sun Belt,,,-3.5,Favorite,-31.5,L,-3.5,
2024,1,2024-08-30T00:00:00.000Z,401628448,North Carolina,Big Ten,ACC,P4,P4,P4_vs_P4,False,False,Big Ten,ACC,,,0.3333333333333333,Underdog,-1.6666666666666667,L,1.5,
2024,1,2024-08-30T23:00:00.000Z,401628328,Temple,SEC,American,P4,G6,P4_vs_G6,True,False,Big 12,American,0.0,,-43.0,Favorite,5.0,W,-43.5,
2024,1,2024-08-31T16:00:00.000Z,401628333,Vanderbilt,ACC,SEC,P4,P4,P4_vs_P4,False,False,ACC,SEC,,,-13.333333333333334,Favorite,-20.333333333333336,L,-13.5,
2024,1,2024-08-31T19:30:00.000Z,401628454,UTEP,Big Ten,Conference USA,P4,G6,P4_vs_G6,False,False,Big Ten,Conference USA,,,-27.5,Favorite,5.5,W,-27.5,0.5
2024,1,2024-08-31T19:30:00.000Z,401634304,Ohio,ACC,MAC,P4,G6,P4_vs_G6,False,False,ACC,MAC,,,-17.333333333333332,Favorite,-1.333333333333332,L,-17.5,
2024,1,2024-08-31T21:00:00.000Z,401643775,South Alabama,American,Sun Belt,G6,G6,G6_vs_G6,False,False,American,Sun Belt,,,5.833333333333333,Underdog,19.833333333333332,W,5.5,
2024,1,2024-09-01T23:30:00.000Z,401628334,USC,SEC,Big Ten,P4,P4,P4_vs_P4,False,True,SEC,Pac-12,,0.0,-3.8333333333333335,Favorite,-10.833333333333334,L,-3.5,-0.5
2024,2,2024-09-07T01:00:00.000Z,401635533,Duke,Big Ten,ACC,P4,P4,P4_vs_P4,False,False,Big Ten,ACC,,,-2.1666666666666665,Favorite,-8.166666666666666,L,-1.5,-1.0
2024,2,2024-09-07T16:00:00.000Z,401643784,Troy,American,Sun Belt,G6,G6,G6_vs_G6,False,False,American,Sun Belt,,,-18.666666666666668,Favorite,2.333333333333332,W,-18.5,1.5
2024,2,2024-09-07T16:00:00.000Z,401628470,Bowling Green,Big Ten,MAC,P4,G6,P4_vs_G6,False,False,Big Ten,MAC,,,-34.833333333333336,Favorite,-27.833333333333336,L,-35.0,3.0
2024,2,2024-09-07T16:00:00.000Z,401628471,Akron,Big Ten,MAC,P4,G6,P4_vs_G6,False,False,Big Ten,MAC,,,-24.5,Favorite,7.5,W,-24.5,1.5
2024,2,2024-09-07T16:00:00.000Z,401628347,Michigan,SEC,Big Ten,P4,P4,P4_vs_P4,True,False,Big 12,Big Ten,0.0,,-6.666666666666667,Favorite,12.333333333333332,W,-6.5,-1.0
2024,2,2024-09-07T19:30:00.000Z,401645324,Temple,American,American,G6,G6,G6_vs_G6,False,False,American,American,,,-12.166666666666666,Favorite,14.833333333333334,W,-13.5,0.5
2024,2,2024-09-07T19:30:00.000Z,401635535,Louisville,Conference USA,ACC,G6,P4,G6_vs_P4,False,False,Conference USA,ACC,,,28.5,Underdog,-6.5,L,29.0,-2.0
2024,2,2024-09-08T02:00:00.000Z,401628469,Boise State,Big Ten,Mountain West,P4,G6,P4_vs_G6,True,False,Pac-12,Mountain West,0.0,,-18.833333333333332,Favorite,-15.833333333333332,L,-18.0,0.0
2024,3,2024-09-14T16:00:00.000Z,401636868,Texas Tech,American,Big 12,G6,P4,G6_vs_P4,False,False,American,Big 12,,,10.333333333333334,Underdog,-34.666666666666664,L,9.5,0.0
2024,3,2024-09-14T19:30:00.000Z,401628358,Tulane,SEC,American,P4,G6,P4_vs_G6,True,False,Big 12,American,0.0,,-13.333333333333334,Favorite,1.666666666666666,W,-13.5,0.0
2024,3,2024-09-14T19:30:00.000Z,401628483,Oregon State,Big Ten,,P4,,Other,True,,Pac-12,,0.0,,-17.666666666666668,Favorite,17.333333333333332,W,-18.0,-2.5
2024,3,2024-09-14T23:00:00.000Z,401628361,UTSA,SEC,American,P4,G6,P4_vs_G6,True,False,Big 12,American,0.0,,-35.5,Favorite,13.5,W,-34.5,0.0
2024,3,2024-09-14T23:00:00.000Z,401640999,Eastern Michigan,Conference USA,MAC,G6,G6,G6_vs_G6,False,False,Conference USA,MAC,,,-1.0,Favorite,-4.0,L,2.0,0.0
2024,3,2024-09-14T23:30:00.000Z,401636866,UCF,Big 12,Big 12,P4,P4,P4_vs_P4,False,False,Big 12,Big 12,,,-2.1666666666666665,Favorite,-3.1666666666666665,L,-2.5,4.5
2024,3,2024-09-15T00:00:00.000Z,401628478,Maryland,ACC,Big Ten,P4,P4,P4_vs_P4,False,False,ACC,Big Ten,,,-1.1666666666666667,Favorite,-15.166666666666666,L,2.0,0.0
2024,3,2024-09-15T02:30:00.000Z,401635541,San Diego State,ACC,Mountain West,P4,G6,P4_vs_G6,True,False,Pac-12,Mountain West,0.0,,-18.666666666666668,Favorite,2.333333333333332,W,-18.0,0.0
2024,4,2024-09-21T16:00:00.000Z,401643791,Tulane,Sun Belt,American,G6,G6,G6_vs_G6,False,False,Sun Belt,American,,,1.5,Underdog,-6.5,L,1.5,
2024,4,2024-09-21T18:00:00.000Z,401635558,Coastal Carolina,ACC,Sun Belt,P4,G6,P4_vs_G6,False,False,ACC,Sun Belt,,,-3.5,Favorite,15.5,W,-3.5,0.5
2024,4,2024-09-21T19:00:00.000Z,401641000,Southern Miss,Conference USA,Sun Belt,G6,G6,G6_vs_G6,False,False,Conference USA,Sun Belt,,,-6.166666666666667,Favorite,30.833333333333332,W,-6.5,0.0
2024,4,2024-09-21T19:30:00.000Z,401628365,UCLA,SEC,Big Ten,P4,P4,P4_vs_P4,False,True,SEC,Pac-12,,0.0,-21.5,Favorite,-4.5,L,-21.5,-1.5
2024,4,2024-09-21T23:00:00.000Z,401628491,Washington,Big Ten,Big Ten,P4,P4,P4_vs_P4,False,True,Big Ten,Pac-12,,0.0,11.833333333333334,Underdog,-7.166666666666666,L,12.0,-1.5
2024,4,2024-09-21T23:00:00.000Z,401643716,North Texas,Mountain West,American,G6,G6,G6_vs_G6,False,False,Mountain West,American,,,7.0,Underdog,-20.0,L,7.5,2.0
2024,4,2024-09-21T23:30:00.000Z,401628369,Tennessee,SEC,SEC,P4,P4,P4_vs_P4,True,False,Big 12,SEC,0.0,,6.0,Underdog,-4.0,L,5.5,2.0
2024,4,2024-09-21T23:30:00.000Z,401628372,Bowling Green,SEC,MAC,P4,G6,P4_vs_G6,False,False,SEC,MAC,,,-21.166666666666668,Favorite,-15.166666666666668,L,-21.0,-2.0
2024,4,2024-09-22T00:00:00.000Z,401628371,UL Monroe,SEC,Sun Belt,P4,G6,P4_vs_G6,True,False,Big 12,Sun Belt,0.0,,-43.0,Favorite,5.0,W,-41.5,-3.5
2025,1,2025-08-29T00:00:00.000Z,401752793,Buffalo,Big Ten,MAC,P4,G6,P4_vs_G6,False,False,Big Ten,MAC,,,-17.166666666666668,Favorite,-4.166666666666668,L,-18.5,0.0
2025,1,2025-08-29T01:00:00.000Z,401762791,Miami (OH),Big Ten,MAC,P4,G6,P4_vs_G6,False,False,Big Ten,MAC,,,-18.0,Favorite,-1.0,L,-18.0,0.5
2025,1,2025-08-30T00:00:00.000Z,401754375,Colorado,ACC,Big 12,P4,P4,P4_vs_P4,False,False,ACC,Big 12,,,-3.6666666666666665,Favorite,3.3333333333333335,W,-3.5,0.0
2025,1,2025-08-30T16:00:00.000Z,401752803,Tulane,Big Ten,American,P4,G6,P4_vs_G6,False,False,Big Ten,American,,,6.0,Underdog,-14.0,L,5.0,2.5
2025,1,2025-08-30T16:00:00.000Z,401752676,Syracuse,SEC,ACC,P4,P4,P4_vs_P4,False,False,SEC,ACC,,,-13.5,Favorite,5.5,W,-13.5,-1.0
2025,1,2025-08-30T23:30:00.000Z,401752808,New Mexico,Big Ten,Mountain West,P4,G6,P4_vs_G6,False,False,Big Ten,Mountain West,,,-35.166666666666664,Favorite,-18.166666666666664,L,-34.5,0.0
2025,2,2025-09-06T16:00:00.000Z,401757227,Jacksonville State,Conference USA,Conference USA,G6,G6,G6_vs_G6,False,False,Conference USA,Conference USA,,,-6.25,Favorite,-16.25,L,-6.5,1.0
2025,2,2025-09-06T19:30:00.000Z,401752818,Miami (OH),Big Ten,MAC,P4,G6,P4_vs_G6,False,False,Big Ten,MAC,,,-15.5,Favorite,12.5,W,-15.5,2.0
2025,2,2025-09-06T19:30:00.000Z,401756880,Bowling Green,Big 12,MAC,P4,G6,P4_vs_G6,False,False,Big 12,MAC,,,-22.0,Favorite,-8.0,L,-22.5,4.5
2025,2,2025-09-06T19:30:00.000Z,401756881,Colorado,Conference USA,Big 12,G6,P4,G6_vs_P4,False,False,,Big 12,,,23.5,Underdog,-0.5,L,23.5,1.0
2025,2,2025-09-06T19:30:00.000Z,401762461,Western Michigan,American,MAC,G6,G6,G6_vs_G6,False,False,American,MAC,,,-12.25,Favorite,-9.25,L,-12.5,2.0
2025,2,2025-09-06T20:00:00.000Z,401756883,West Virginia,MAC,Big 12,G6,P4,G6_vs_P4,False,False,MAC,Big 12,,,3.5,Underdog,10.5,W,3.5,-0.5
2025,2,2025-09-07T02:15:00.000Z,401752948,Washington State,Mountain West,,G6,,Other,False,,Mountain West,,,,2.25,Underdog,-20.75,L,2.5,-1.0
2025,3,2025-09-13T16:00:00.000Z,401761608,Memphis,Sun Belt,American,G6,G6,G6_vs_G6,False,False,Sun Belt,American,,,4.5,Underdog,-16.5,L,4.5,
2025,3,2025-09-13T16:00:00.000Z,401752831,Oregon,Big Ten,Big Ten,P4,P4,P4_vs_P4,False,False,Big Ten,Big Ten,,,25.5,Underdog,5.5,W,24.5,3.0
2025,3,2025-09-13T17:00:00.000Z,401752702,Louisiana,SEC,Sun Belt,P4,G6,P4_vs_G6,False,False,SEC,Sun Belt,,,-27.5,Favorite,14.5,W,-27.5,5.0
2025,3,2025-09-13T19:30:00.000Z,401752705,Georgia,SEC,SEC,P4,P4,P4_vs_P4,False,False,SEC,SEC,,,3.5,Underdog,0.5,W,3.5,3.0
2025,3,2025-09-13T19:30:00.000Z,401752949,Washington State,American,,G6,,Other,False,,American,,,,-6.5,Favorite,42.5,W,-6.5,1.0
2025,3,2025-09-13T21:00:00.000Z,401757256,Bowling Green,Conference USA,MAC,G6,G6,G6_vs_G6,False,False,Conference USA,MAC,,,-6.0,Favorite,-16.0,L,-6.5,-1.0
2025,3,2025-09-13T23:00:00.000Z,401752827,Ohio State,MAC,Big Ten,G6,P4,G6_vs_P4,False,False,MAC,Big Ten,,,28.333333333333332,Underdog,0.3333333333333321,W,28.5,-3.0
2025,3,2025-09-13T23:00:00.000Z,401752829,Western Michigan,Big Ten,MAC,P4,G6,P4_vs_G6,False,False,Big Ten,MAC,,,-27.5,Favorite,10.5,W,-27.5,-1.0
2025,4,2025-09-20T16:00:00.000Z,401762469,North Texas,American,American,G6,G6,G6_vs_G6,False,False,American,American,,,2.5,Underdog,-4.5,L,2.5,-1.5
2025,4,2025-09-20T16:00:00.000Z,401762469,Army,American,American,G6,G6,G6_vs_G6,False,False,American,American,,,-2.5,Favorite,4.5,W,-2.5,1.5
2025,4,2025-09-20T16:00:00.000Z,401754537,Syracuse,ACC,ACC,P4,P4,P4_vs_P4,False,False,ACC,ACC,,,-17.5,Favorite,-30.5,L,-17.5,1.0
2025,4,2025-09-20T16:00:00.000Z,401752845,Maryland,Big Ten,Big Ten,P4,P4,P4_vs_P4,False,False,Big Ten,Big Ten,,,-10.5,Favorite,-27.5,L,-10.5,4.0
2025,4,2025-09-20T16:45:00.000Z,401752715,UAB,SEC,American,P4,G6,P4_vs_G6,False,False,SEC,American,,,-39.0,Favorite,-7.0,L,-38.5,1.0
2025,4,2025-09-20T19:00:00.000Z,401752841,Oregon,,Big Ten,,P4,Other,,False,,Big Ten,,,34.0,Underdog,0.0,P,34.5,0.0
2025,4,2025-09-20T19:30:00.000Z,401752848,Purdue,Independent,Big Ten,Independent,P4,Other,False,False,Independent,Big Ten,,,-24.5,Favorite,1.5,W,-24.5,-2.0
2025,4,2025-09-20T19:30:00.000Z,401761613,Buffalo,Sun Belt,MAC,G6,G6,G6_vs_G6,False,False,Sun Belt,MAC,,,5.833333333333333,Underdog,9.833333333333332,W,6.5,0.0
2025,4,2025-09-20T19:30:00.000Z,401752711,Ole Miss,American,SEC,G6,P4,G6_vs_P4,False,False,American,SEC,,,12.166666666666666,Underdog,-22.833333333333336,L,11.5,1.0
2023,1,2023-09-01T00:00:00.000Z,401520176,Florida,,SEC,,P4,Other,,False,,SEC,,,-6.3,Favorite,6.7,W,-5.5,
2023,1,2023-09-01T00:00:00.000Z,401520148,Minnesota,Big Ten,Big Ten,P4,P4,P4_vs_P4,False,False,Big Ten,Big Ten,,,7.3,Underdog,4.3,W,7.5,
2023,1,2023-09-02T16:00:00.000Z,401520172,SMU,Conference USA,American,G6,G6,G6_vs_G6,False,False,Conference USA,American,,,20.125,Underdog,-3.875,L,21.0,
2023,1,2023-09-02T16:00:00.000Z,401520162,East Carolina,Big Ten,American,P4,G6,P4_vs_G6,False,False,Big Ten,American,,,-35.4,Favorite,-8.399999999999999,L,-36.0,
2023,1,2023-09-02T19:30:00.000Z,401520180,Buffalo,Big Ten,MAC,P4,G6,P4_vs_G6,False,False,Big Ten,MAC,,,-27.0,Favorite,-6.0,L,-29.0,
2023,1,2023-09-02T22:30:00.000Z,401523996,Nevada,,Mountain West,,G6,Other,,False,,Mountain West,,,-37.875,Favorite,14.125,W,-37.5,
2023,1,2023-09-02T23:30:00.000Z,401520149,Alabama,Conference USA,SEC,G6,P4,G6_vs_P4,False,False,Conference USA,SEC,,,39.375,Underdog,-9.625,L,39.5,
2023,1,2023-09-03T00:00:00.000Z,401525467,Old Dominion,ACC,Sun Belt,P4,G6,P4_vs_G6,False,False,ACC,Sun Belt,,,-15.75,Favorite,3.25,W,-16.0,
2023,1,2023-09-03T16:00:00.000Z,401520171,Northwestern,Big Ten,Big Ten,P4,P4,P4_vs_P4,False,False,Big Ten,Big Ten,,,-6.1,Favorite,10.9,W,-5.0,
2023,2,2023-09-09T16:00:00.000Z,401523999,Baylor,,Big 12,,P4,Other,,False,,Big 12,,,-7.0,Favorite,0.0,P,-7.0,
2023,2,2023-09-09T16:00:00.000Z,401525498,Virginia,Sun Belt,ACC,G6,P4,G6_vs_P4,False,False,Sun Belt,ACC,,,-6.0,Favorite,-5.0,L,-6.0,
2023,2,2023-09-09T16:00:00.000Z,401520188,Colorado,Big Ten,,P4,,Other,False,,Big Ten,,,,2.8333333333333335,Underdog,-19.166666666666668,L,2.5,
2023,2,2023-09-09T19:30:00.000Z,401525497,Western Michigan,ACC,MAC,P4,G6,P4_vs_G6,False,False,ACC,MAC,,,-24.666666666666668,Favorite,16.333333333333332,W,-24.5,
2023,2,2023-09-09T21:00:00.000Z,401524004,Tulsa,,American,,G6,Other,,False,,American,,,-33.666666666666664,Favorite,-0.6666666666666643,L,-34.0,
2023,2,2023-09-09T23:00:00.000Z,401525831,Houston,American,Big 12,G6,P4,G6_vs_P4,True,True,Conference USA,American,0.0,0.0,7.166666666666667,Underdog,9.166666666666668,W,7.5,
2023,2,2023-09-09T23:00:00.000Z,401520183,Alabama,Big 12,SEC,P4,P4,P4_vs_P4,False,False,Big 12,SEC,,,7.166666666666667,Underdog,17.166666666666668,W,7.0,
2023,2,2023-09-10T00:00:00.000Z,401520211,Air Force,Conference USA,Mountain West,G6,G6,G6_vs_G6,False,False,,Mountain West,,,13.166666666666666,Underdog,3.166666666666666,W,13.5,
2023,2,2023-09-10T00:30:00.000Z,401525493,Southern Miss,ACC,Sun Belt,P4,G6,P4_vs_G6,False,False,ACC,Sun Belt,,,-31.0,Favorite,22.0,W,-31.0,
2023,2,2023-09-10T02:30:00.000Z,401524003,Stanford,,,,,Other,,,,,,,-28.666666666666668,Favorite,17.333333333333332,W,-28.5,
2023,3,2023-09-16T16:00:00.000Z,401520230,Louisville,Big Ten,ACC,P4,P4,P4_vs_P4,False,False,Big Ten,ACC,,,10.0,Underdog,3.0,W,10.0,
2023,3,2023-09-16T19:30:00.000Z,401520223,Northwestern,ACC,Big Ten,P4,P4,P4_vs_P4,False,False,ACC,Big Ten,,,-17.0,Favorite,7.0,W,-17.0,
2023,3,2023-09-16T20:00:00.000Z,401531348,Southern Miss,American,Sun Belt,G6,G6,G6_vs_G6,False,False,American,Sun Belt,,,-7.75,Favorite,10.25,W,-8.0,
2023,3,2023-09-16T20:00:00.000Z,401520245,UL Monroe,SEC,Sun Belt,P4,G6,P4_vs_G6,False,False,SEC,Sun Belt,,,-36.5,Favorite,7.5,W,-36.5,
2023,3,2023-09-16T23:00:00.000Z,401525835,Cincinnati,MAC,Big 12,G6,P4,G6_vs_P4,False,True,MAC,American,,0.0,14.25,Underdog,21.25,W,14.5,
2023,3,2023-09-16T23:00:00.000Z,401531848,Troy,Sun Belt,Sun Belt,G6,G6,G6_vs_G6,False,False,Sun Belt,Sun Belt,,,2.8333333333333335,Underdog,4.833333333333334,W,2.5,
2023,3,2023-09-16T23:30:00.000Z,401520232,Bowling Green,Big Ten,MAC,P4,G6,P4_vs_G6,False,False,Big Ten,MAC,,,-40.75,Favorite,-15.75,L,-40.5,
2023,3,2023-09-17T02:30:00.000Z,401525837,Nevada,Big 12,Mountain West,P4,G6,P4_vs_G6,False,False,Big 12,Mountain West,,,-28.5,Favorite,-21.5,L,-28.5,
2023,4,2023-09-23T17:30:00.000Z,401532406,Western Michigan,MAC,MAC,G6,G6,G6_vs_G6,False,False,MAC,MAC,,,-21.5,Favorite,-3.5,L,-21.5,
2023,4,2023-09-23T19:30:00.000Z,401525506,Louisville,ACC,ACC,P4,P4,P4_vs_P4,False,False,ACC,ACC,,,13.833333333333334,Underdog,-14.166666666666666,L,14.0,
2023,4,2023-09-23T19:30:00.000Z,401520250,Alabama,SEC,SEC,P4,P4,P4_vs_P4,False,False,SEC,SEC,,,7.0,Underdog,-7.0,L,7.0,
2023,4,2023-09-23T20:00:00.000Z,401531423,South Florida,American,American,G6,G6,G6_vs_G6,True,False,Conference USA,American,0.0,,-2.5,Favorite,-15.5,L,-2.5,
2023,4,2023-09-23T23:00:00.000Z,401520254,Houston,Conference USA,Big 12,G6,P4,G6_vs_P4,False,True,,American,,0.0,11.5,Underdog,-19.5,L,11.5,
2023,4,2023-09-23T23:00:00.000Z,401520258,Arkansas,SEC,SEC,P4,P4,P4_vs_P4,False,False,SEC,SEC,,,-17.666666666666668,Favorite,-14.666666666666668,L,-17.5,
2023,4,2023-09-23T23:30:00.000Z,401525844,Baylor,Big 12,Big 12,P4,P4,P4_vs_P4,False,False,Big 12,Big 12,,,-16.5,Favorite,15.5,W,-17.5,
2024,1,2024-08-30T00:00:00.000Z,401640998,Coastal Carolina,Conference USA,Sun Belt,G6,G6,G6_vs_G6,False,False,Conference USA,Sun Belt,,,-3.5,Favorite,-31.5,L,-3.5,
2024,1,2024-08-30T00:00:00.000Z,401628448,North Carolina,Big Ten,ACC,P4,P4,P4_vs_P4,False,False,Big Ten,ACC,,,0.3333333333333333,Underdog,-1.6666666666666667,L,1.5,
2024,1,2024-08-31T19:30:00.000Z,401628454,UTEP,Big Ten,Conference USA,P4,G6,P4_vs_G6,False,False,Big Ten,Conference USA,,,-27.5,Favorite,5.5,W,-27.5,0.5
2024,1,2024-08-31T19:30:00.000Z,401634304,Ohio,ACC,MAC,P4,G6,P4_vs_G6,False,False,ACC,MAC,,,-17.333333333333332,Favorite,-1.333333333333332,L,-17.5,
2024,1,2024-09-01T02:30:00.000Z,401636608,New Mexico,Big 12,Mountain West,P4,G6,P4_vs_G6,True,False,Pac-12,Mountain West,0.0,,-29.166666666666668,Favorite,-7.166666666666668,L,-29.0,
2024,2,2024-09-07T01:00:00.000Z,401635533,Duke,Big Ten,ACC,P4,P4,P4_vs_P4,False,False,Big Ten,ACC,,,-2.1666666666666665,Favorite,-8.166666666666666,L,-1.5,-1.0
2024,2,2024-09-07T16:00:00.000Z,401643784,Troy,American,Sun Belt,G6,G6,G6_vs_G6,False,False,American,Sun Belt,,,-18.666666666666668,Favorite,2.333333333333332,W,-18.5,1.5
2024,2,2024-09-07T16:00:00.000Z,401628470,Bowling Green,Big Ten,MAC,P4,G6,P4_vs_G6,False,False,Big Ten,MAC,,,-34.833333333333336,Favorite,-27.833333333333336,L,-35.0,3.0
2024,2,2024-09-07T16:00:00.000Z,401628471,Akron,Big Ten,MAC,P4,G6,P4_vs_G6,False,False,Big Ten,MAC,,,-24.5,Favorite,7.5,W,-24.5,1.5
2024,2,2024-09-07T16:00:00.000Z,401628347,Michigan,SEC,Big Ten,P4,P4,P4_vs_P4,True,False,Big 12,Big Ten,0.0,,-6.666666666666667,Favorite,12.333333333333332,W,-6.5,-1.0
2024,2,2024-09-07T19:30:00.000Z,401645324,Temple,American,American,G6,G6,G6_vs_G6,False,False,American,American,,,-12.166666666666666,Favorite,14.833333333333334,W,-13.5,0.5
2024,2,2024-09-07T23:00:00.000Z,401628335,Alabama,American,SEC,G6,P4,G6_vs_P4,False,False,American,SEC,,,31.666666666666668,Underdog,5.666666666666668,W,30.5,0.5
2024,2,2024-09-07T23:00:00.000Z,401628344,Buffalo,SEC,MAC,P4,G6,P4_vs_G6,False,False,SEC,MAC,,,-33.666666666666664,Favorite,4.333333333333336,W,-32.0,-2.0
2024,2,2024-09-07T23:00:00.000Z,401643780,UL Monroe,American,Sun Belt,G6,G6,G6_vs_G6,False,False,American,Sun Belt,,,-11.5,Favorite,-37.5,L,-11.0,-0.5
2024,3,2024-09-14T16:00:00.000Z,401628350,Alabama,Big Ten,SEC,P4,P4,P4_vs_P4,False,False,Big Ten,SEC,,,15.166666666666666,Underdog,-16.833333333333336,L,15.5,-6.0
2024,3,2024-09-14T19:30:00.000Z,401628483,Oregon State,Big Ten,,P4,,Other,True,,Pac-12,,0.0,,-17.666666666666668,Favorite,17.333333333333332,W,-18.0,-2.5
2024,3,2024-09-14T20:00:00.000Z,401628477,Troy,Big Ten,Sun Belt,P4,G6,P4_vs_G6,False,False,Big Ten,Sun Belt,,,-23.333333333333332,Favorite,-6.333333333333332,L,-22.5,0.0
2024,3,2024-09-14T20:15:00.000Z,401628351,Arkansas,American,SEC,G6,P4,G6_vs_P4,False,False,American,SEC,,,23.666666666666668,Underdog,13.666666666666668,W,24.0,0.0
2024,3,2024-09-14T23:00:00.000Z,401628361,UTSA,SEC,American,P4,G6,P4_vs_G6,True,False,Big 12,American,0.0,,-35.5,Favorite,13.5,W,-34.5,0.0
2024,3,2024-09-14T23:00:00.000Z,401640999,Eastern Michigan,Conference USA,MAC,G6,G6,G6_vs_G6,False,False,Conference USA,MAC,,,-1.0,Favorite,-4.0,L,2.0,0.0
2024,3,2024-09-14T23:30:00.000Z,401636860,Air Force,Big 12,Mountain West,P4,G6,P4_vs_G6,False,False,Big 12,Mountain West,,,-16.666666666666668,Favorite,11.333333333333332,W,-15.5,0.0
2024,3,2024-09-14T23:30:00.000Z,401636866,UCF,Big 12,Big 12,P4,P4,P4_vs_P4,False,False,Big 12,Big 12,,,-2.1666666666666665,Favorite,-3.1666666666666665,L,-2.5,4.5
2024,3,2024-09-15T00:00:00.000Z,401628478,Maryland,ACC,Big Ten,P4,P4,P4_vs_P4,False,False,ACC,Big Ten,,,-1.1666666666666667,Favorite,-15.166666666666666,L,2.0,0.0
2024,3,2024-09-15T02:30:00.000Z,401635541,San Diego State,ACC,Mountain West,P4,G6,P4_vs_G6,True,False,Pac-12,Mountain West,0.0,,-18.666666666666668,Favorite,2.333333333333332,W,-18.0,0.0
2024,4,2024-09-21T16:00:00.000Z,401643791,Tulane,Sun Belt,American,G6,G6,G6_vs_G6,False,False,Sun Belt,American,,,1.5,Underdog,-6.5,L,1.5,
2024,4,2024-09-21T16:00:00.000Z,401645328,Army,American,American,G6,G6,G6_vs_G6,False,True,American,Independent,,0.0,7.333333333333333,Underdog,-15.666666666666668,L,7.5,
2024,4,2024-09-21T18:00:00.000Z,401635558,Coastal Carolina,ACC,Sun Belt,P4,G6,P4_vs_G6,False,False,ACC,Sun Belt,,,-3.5,Favorite,15.5,W,-3.5,0.5
2024,4,2024-09-21T23:00:00.000Z,401628491,Washington,Big Ten,Big Ten,P4,P4,P4_vs_P4,False,True,Big Ten,Pac-12,,0.0,11.833333333333334,Underdog,-7.166666666666666,L,12.0,-1.5
2024,4,2024-09-21T23:30:00.000Z,401628372,Bowling Green,SEC,MAC,P4,G6,P4_vs_G6,False,False,SEC,MAC,,,-21.166666666666668,Favorite,-15.166666666666668,L,-21.0,-2.0
2024,4,2024-09-22T00:00:00.000Z,401628371,UL Monroe,SEC,Sun Belt,P4,G6,P4_vs_G6,True,False,Big 12,Sun Belt,0.0,,-43.0,Favorite,5.0,W,-41.5,-3.5
2025,1,2025-08-28T23:00:00.000Z,401762789,Akron,Mountain West,MAC,G6,G6,G6_vs_G6,False,False,Mountain West,MAC,,,-6.0,Favorite,4.0,W,-5.0,-4.5
2025,1,2025-08-29T01:00:00.000Z,401762791,Miami (OH),Big Ten,MAC,P4,G6,P4_vs_G6,False,False,Big Ten,MAC,,,-18.0,Favorite,-1.0,L,-18.0,0.5
2025,1,2025-08-30T00:00:00.000Z,401754375,Colorado,ACC,Big 12,P4,P4,P4_vs_P4,False,False,ACC,Big 12,,,-3.6666666666666665,Favorite,3.3333333333333335,W,-3.5,0.0
2025,1,2025-08-30T19:30:00.000Z,401752807,Nevada,Big Ten,Mountain West,P4,G6,P4_vs_G6,False,False,Big Ten,Mountain West,,,-44.166666666666664,Favorite,-9.166666666666664,L,-43.5,0.0
2025,1,2025-08-30T22:00:00.000Z,401754616,Coastal Carolina,ACC,Sun Belt,P4,G6,P4_vs_G6,False,False,ACC,Sun Belt,,,-13.166666666666666,Favorite,27.833333333333336,W,-13.5,1.0
2025,1,2025-08-30T23:30:00.000Z,401752808,New Mexico,Big Ten,Mountain West,P4,G6,P4_vs_G6,False,False,Big Ten,Mountain West,,,-35.166666666666664,Favorite,-18.166666666666664,L,-34.5,0.0
2025,1,2025-08-31T03:00:00.000Z,401752800,UCLA,Big 12,Big Ten,P4,P4,P4_vs_P4,False,False,Big 12,Big Ten,,,-6.5,Favorite,26.5,W,-6.5,3.5
2025,2,2025-09-06T16:00:00.000Z,401757227,Jacksonville State,Conference USA,Conference USA,G6,G6,G6_vs_G6,False,False,Conference USA,Conference USA,,,-6.25,Favorite,-16.25,L,-6.5,1.0
2025,2,2025-09-06T19:30:00.000Z,401752818,Miami (OH),Big Ten,MAC,P4,G6,P4_vs_G6,False,False,Big Ten,MAC,,,-15.5,Favorite,12.5,W,-15.5,2.0
2025,2,2025-09-06T19:30:00.000Z,401756880,Bowling Green,Big 12,MAC,P4,G6,P4_vs_G6,False,False,Big 12,MAC,,,-22.0,Favorite,-8.0,L,-22.5,4.5
2025,2,2025-09-06T19:30:00.000Z,401756881,Colorado,Conference USA,Big 12,G6,P4,G6_vs_P4,False,False,,Big 12,,,23.5,Underdog,-0.5,L,23.5,1.0
2025,2,2025-09-06T19:30:00.000Z,401762458,UAB,American,American,G6,G6,G6_vs_G6,False,False,American,American,,,-21.5,Favorite,-7.5,L,-22.5,1.0
2025,2,2025-09-06T23:00:00.000Z,401756884,Rice,Big 12,American,P4,G6,P4_vs_G6,False,False,Big 12,American,,,-13.5,Favorite,12.5,W,-13.5,1.0
2025,2,2025-09-06T23:30:00.000Z,401752687,Louisiana Tech,SEC,Conference USA,P4,G6,P4_vs_G6,False,False,SEC,Conference USA,,,-36.5,Favorite,-20.5,L,-36.5,4.0
2025,2,2025-09-07T01:00:00.000Z,401757229,Tulsa,Conference USA,American,G6,G6,G6_vs_G6,False,False,Conference USA,American,,,3.25,Underdog,10.25,W,3.5,0.0
2025,3,2025-09-12T23:30:00.000Z,401756893,Colorado,Big 12,Big 12,P4,P4,P4_vs_P4,False,False,Big 12,Big 12,,,-3.8333333333333335,Favorite,12.166666666666666,W,-4.0,-0.5
2025,3,2025-09-13T16:00:00.000Z,401761608,Memphis,Sun Belt,American,G6,G6,G6_vs_G6,False,False,Sun Belt,American,,,4.5,Underdog,-16.5,L,4.5,
2025,3,2025-09-13T16:00:00.000Z,401752703,Temple,SEC,American,P4,G6,P4_vs_G6,False,False,SEC,American,,,-23.833333333333332,Favorite,15.166666666666668,W,-24.5,-1.0
2025,3,2025-09-13T19:30:00.000Z,401754638,West Virginia,ACC,Big 12,P4,P4,P4_vs_P4,False,False,ACC,Big 12,,,-6.833333333333333,Favorite,-13.833333333333332,L,-7.0,2.5
2025,3,2025-09-13T20:15:00.000Z,401752706,Texas,Conference USA,SEC,G6,P4,G6_vs_P4,False,False,Conference USA,SEC,,,39.833333333333336,Underdog,22.833333333333336,W,40.5,-4.0
2025,3,2025-09-13T21:00:00.000Z,401757256,Bowling Green,Conference USA,MAC,G6,G6,G6_vs_G6,False,False,Conference USA,MAC,,,-6.0,Favorite,-16.0,L,-6.5,-1.0
2025,3,2025-09-13T23:00:00.000Z,401752829,Western Michigan,Big Ten,MAC,P4,G6,P4_vs_G6,False,False,Big Ten,MAC,,,-27.5,Favorite,10.5,W,-27.5,-1.0
2025,3,2025-09-13T23:30:00.000Z,401757257,Louisiana Tech,Conference USA,Conference USA,G6,G6,G6_vs_G6,False,False,Conference USA,Conference USA,,,10.166666666666666,Underdog,-24.833333333333336,L,10.5,2.0
2025,3,2025-09-14T00:00:00.000Z,401762465,Tulsa,American,American,G6,G6,G6_vs_G6,False,False,American,American,,,-13.666666666666666,Favorite,5.333333333333334,W,-13.5,-1.0
2025,4,2025-09-20T16:00:00.000Z,401754537,Syracuse,ACC,ACC,P4,P4,P4_vs_P4,False,False,ACC,ACC,,,-17.5,Favorite,-30.5,L,-17.5,1.0
2025,4,2025-09-20T16:00:00.000Z,401752845,Maryland,Big Ten,Big Ten,P4,P4,P4_vs_P4,False,False,Big Ten,Big Ten,,,-10.5,Favorite,-27.5,L,-10.5,4.0
2025,4,2025-09-20T19:00:00.000Z,401752841,Oregon,,Big Ten,,P4,Other,,False,,Big Ten,,,34.0,Underdog,0.0,P,34.5,0.0
2025,4,2025-09-20T20:30:00.000Z,401754542,Temple,ACC,American,P4,G6,P4_vs_G6,False,False,ACC,American,,,-24.5,Favorite,-3.5,L,-24.5,1.0
2025,4,2025-09-20T23:30:00.000Z,401756898,East Carolina,Big 12,American,P4,G6,P4_vs_G6,False,False,Big 12,American,,,-6.166666666666667,Favorite,14.833333333333332,W,-5.5,-2.0
2025,4,2025-09-21T02:15:00.000Z,401756897,Colorado,Mountain West,Big 12,G6,P4,G6_vs_P4,False,False,Mountain West,Big 12,,,12.333333333333334,Underdog,-4.666666666666666,L,12.5,1.0
2023,1,2023-08-26T23:00:00.000Z,401532392,San Diego State,MAC,Mountain West,G6,G6,G6_vs_G6,False,False,MAC,Mountain West,,,2.9,Underdog,-4.1,L,2.0,
2023,1,2023-08-26T23:30:00.000Z,401520147,Hawai'i,SEC,Mountain West,P4,G6,P4_vs_G6,False,False,SEC,Mountain West,,,-17.625,Favorite,-10.625,L,-17.0,
2023,1,2023-09-01T00:00:00.000Z,401520176,Florida,,SEC,,P4,Other,,False,,SEC,,,-6.3,Favorite,6.7,W,-5.5,
2023,1,2023-09-02T16:00:00.000Z,401520162,East Carolina,Big Ten,American,P4,G6,P4_vs_G6,False,False,Big Ten,American,,,-35.4,Favorite,-8.399999999999999,L,-36.0,
2023,1,2023-09-02T18:00:00.000Z,401531387,Akron,American,MAC,G6,G6,G6_vs_G6,False,False,American,MAC,,,-9.875,Favorite,-6.875,L,-9.5,
2023,1,2023-09-02T19:30:00.000Z,401523997,Boise State,,Mountain West,,G6,Other,,False,,Mountain West,,,-14.3,Favorite,22.7,W,-14.0,
2023,1,2023-09-02T19:30:00.000Z,401520180,Buffalo,Big Ten,MAC,P4,G6,P4_vs_G6,False,False,Big Ten,MAC,,,-27.0,Favorite,-6.0,L,-29.0,
2023,1,2023-09-02T22:30:00.000Z,401523996,Nevada,,Mountain West,,G6,Other,,False,,Mountain West,,,-37.875,Favorite,14.125,W,-37.5,
2023,1,2023-09-02T23:00:00.000Z,401525819,UTSA,Big 12,American,P4,G6,P4_vs_G6,True,True,American,Conference USA,0.0,0.0,1.5,Underdog,4.5,W,2.5,
2023,1,2023-09-02T23:00:00.000Z,401520173,New Mexico,SEC,Mountain West,P4,G6,P4_vs_G6,False,False,SEC,Mountain West,,,-37.875,Favorite,4.125,W,-37.5,
2023,1,2023-09-02T23:30:00.000Z,401525825,Texas Tech,Mountain West,Big 12,G6,P4,G6_vs_P4,False,False,Mountain West,Big 12,,,13.6,Underdog,15.6,W,13.0,
2023,1,2023-09-03T00:00:00.000Z,401525467,Old Dominion,ACC,Sun Belt,P4,G6,P4_vs_G6,False,False,ACC,Sun Belt,,,-15.75,Favorite,3.25,W,-16.0,
2023,2,2023-09-09T16:00:00.000Z,401523999,Baylor,,Big 12,,P4,Other,,False,,Big 12,,,-7.0,Favorite,0.0,P,-7.0,
2023,2,2023-09-09T19:30:00.000Z,401525497,Western Michigan,ACC,MAC,P4,G6,P4_vs_G6,False,False,ACC,MAC,,,-24.666666666666668,Favorite,16.333333333333332,W,-24.5,
2023,2,2023-09-09T21:00:00.000Z,401524004,Tulsa,,American,,G6,Other,,False,,American,,,-33.666666666666664,Favorite,-0.6666666666666643,L,-34.0,
2023,2,2023-09-09T22:00:00.000Z,401520198,Liberty,Conference USA,Conference USA,G6,G6,G6_vs_G6,True,True,Independent,Independent,0.0,0.0,9.333333333333334,Underdog,-6.666666666666666,L,9.0,
2023,2,2023-09-09T22:00:00.000Z,401531842,Old Dominion,Sun Belt,Sun Belt,G6,G6,G6_vs_G6,False,False,Sun Belt,Sun Belt,,,-6.0,Favorite,-13.0,L,-6.0,
2023,2,2023-09-09T23:00:00.000Z,401520183,Alabama,Big 12,SEC,P4,P4,P4_vs_P4,False,False,Big 12,SEC,,,7.166666666666667,Underdog,17.166666666666668,W,7.0,
2023,2,2023-09-09T23:30:00.000Z,401520217,Washington State,Big Ten,,P4,,Other,False,,Big Ten,,,,-5.333333333333333,Favorite,-14.333333333333332,L,-5.0,
2023,2,2023-09-10T00:30:00.000Z,401525493,Southern Miss,ACC,Sun Belt,P4,G6,P4_vs_G6,False,False,ACC,Sun Belt,,,-31.0,Favorite,22.0,W,-31.0,
2023,2,2023-09-10T02:30:00.000Z,401524003,Stanford,,,,,Other,,,,,,,-28.666666666666668,Favorite,17.333333333333332,W,-28.5,
2023,3,2023-09-16T19:30:00.000Z,401524009,San Diego State,,Mountain West,,G6,Other,,False,,Mountain West,,,-24.5,Favorite,-7.5,L,-24.5,
2023,3,2023-09-16T20:00:00.000Z,401531348,Southern Miss,American,Sun Belt,G6,G6,G6_vs_G6,False,False,American,Sun Belt,,,-7.75,Favorite,10.25,W,-8.0,
2023,3,2023-09-16T23:00:00.000Z,401531379,UAB,Sun Belt,American,G6,G6,G6_vs_G6,False,True,Sun Belt,Conference USA,,0.0,2.0,Underdog,22.0,W,2.0,
2023,3,2023-09-16T23:30:00.000Z,401520232,Bowling Green,Big Ten,MAC,P4,G6,P4_vs_G6,False,False,Big Ten,MAC,,,-40.75,Favorite,-15.75,L,-40.5,
2023,3,2023-09-16T23:30:00.000Z,401520228,Kentucky,MAC,SEC,G6,P4,G6_vs_P4,False,False,MAC,SEC,,,25.25,Underdog,-6.75,L,25.0,
2023,3,2023-09-17T00:00:00.000Z,401520238,New Mexico State,Mountain West,Conference USA,G6,G6,G6_vs_G6,False,True,Mountain West,Independent,,0.0,-2.75,Favorite,-12.75,L,-2.5,
2023,3,2023-09-17T00:00:00.000Z,401520238,New Mexico,Conference USA,Mountain West,G6,G6,G6_vs_G6,True,False,Independent,Mountain West,0.0,,2.75,Underdog,12.75,W,2.5,
2023,3,2023-09-17T02:30:00.000Z,401525837,Nevada,Big 12,Mountain West,P4,G6,P4_vs_G6,False,False,Big 12,Mountain West,,,-28.5,Favorite,-21.5,L,-28.5,
2023,4,2023-09-23T02:30:00.000Z,401532583,San Diego State,Mountain West,Mountain West,G6,G6,G6_vs_G6,False,False,Mountain West,Mountain West,,,-5.833333333333333,Favorite,-2.833333333333333,L,-6.5,
2023,4,2023-09-23T16:00:00.000Z,401520274,Kentucky,SEC,SEC,P4,P4,P4_vs_P4,False,False,SEC,SEC,,,13.333333333333334,Underdog,-3.666666666666666,L,13.5,
2023,4,2023-09-23T17:30:00.000Z,401532406,Western Michigan,MAC,MAC,G6,G6,G6_vs_G6,False,False,MAC,MAC,,,-21.5,Favorite,-3.5,L,-21.5,
2023,4,2023-09-23T19:30:00.000Z,401525506,Louisville,ACC,ACC,P4,P4,P4_vs_P4,False,False,ACC,ACC,,,13.833333333333334,Underdog,-14.166666666666666,L,14.0,
2023,4,2023-09-23T19:30:00.000Z,401520250,Alabama,SEC,SEC,P4,P4,P4_vs_P4,False,False,SEC,SEC,,,7.0,Underdog,-7.0,L,7.0,
2023,4,2023-09-23T19:30:00.000Z,401532405,Bowling Green,MAC,MAC,G6,G6,G6_vs_G6,False,False,MAC,MAC,,,-13.0,Favorite,18.0,W,-13.0,
2023,4,2023-09-23T23:00:00.000Z,401524019,Oregon State,,,,,Other,,,,,,,3.0,Underdog,6.0,W,3.0,
2023,4,2023-09-23T23:00:00.000Z,401524019,Washington State,,,,,Other,,,,,,,-3.0,Favorite,-6.0,L,-3.0,
2023,4,2023-09-23T23:00:00.000Z,401520258,Arkansas,SEC,SEC,P4,P4,P4_vs_P4,False,False,SEC,SEC,,,-17.666666666666668,Favorite,-14.666666666666668,L,-17.5,
2023,4,2023-09-23T23:30:00.000Z,401531875,Buffalo,Sun Belt,MAC,G6,G6,G6_vs_G6,False,False,Sun Belt,MAC,,,-10.333333333333334,Favorite,-3.333333333333334,L,-10.5,
2023,4,2023-09-23T23:30:00.000Z,401525844,Baylor,Big 12,Big 12,P4,P4,P4_vs_P4,False,False,Big 12,Big 12,,,-16.5,Favorite,15.5,W,-17.5,
2023,4,2023-09-24T03:59:00.000Z,401520253,Hawai'i,Conference USA,Mountain West,G6,G6,G6_vs_G6,True,False,Independent,Mountain West,0.0,,3.6666666666666665,Underdog,0.6666666666666665,W,4.0,
2024,1,2024-08-30T00:00:00.000Z,401628448,North Carolina,Big Ten,ACC,P4,P4,P4_vs_P4,False,False,Big Ten,ACC,,,0.3333333333333333,Underdog,-1.6666666666666667,L,1.5,
2024,1,2024-08-31T16:00:00.000Z,401628323,Clemson,SEC,ACC,P4,P4,P4_vs_P4,False,False,SEC,ACC,,,-11.666666666666666,Favorite,19.333333333333336,W,-10.5,
2024,1,2024-08-31T16:00:00.000Z,401628457,West Virginia,Big Ten,Big 12,P4,P4,P4_vs_P4,False,False,Big Ten,Big 12,,,-8.333333333333334,Favorite,13.666666666666666,W,-7.5,
2024,1,2024-08-31T19:30:00.000Z,401628322,Miami,SEC,ACC,P4,P4,P4_vs_P4,False,False,SEC,ACC,,,2.5,Underdog,-21.5,L,2.5,
2024,1,2024-08-31T19:30:00.000Z,401628454,UTEP,Big Ten,Conference USA,P4,G6,P4_vs_G6,False,False,Big Ten,Conference USA,,,-27.5,Favorite,5.5,W,-27.5,0.5
2024,1,2024-08-31T19:30:00.000Z,401634304,Ohio,ACC,MAC,P4,G6,P4_vs_G6,False,False,ACC,MAC,,,-17.333333333333332,Favorite,-1.333333333333332,L,-17.5,
2024,2,2024-09-07T16:00:00.000Z,401643784,Troy,American,Sun Belt,G6,G6,G6_vs_G6,False,False,American,Sun Belt,,,-18.666666666666668,Favorite,2.333333333333332,W,-18.5,1.5
2024,2,2024-09-07T16:00:00.000Z,401628470,Bowling Green,Big Ten,MAC,P4,G6,P4_vs_G6,False,False,Big Ten,MAC,,,-34.833333333333336,Favorite,-27.833333333333336,L,-35.0,3.0
2024,2,2024-09-07T16:00:00.000Z,401628347,Michigan,SEC,Big Ten,P4,P4,P4_vs_P4,True,False,Big 12,Big Ten,0.0,,-6.666666666666667,Favorite,12.333333333333332,W,-6.5,-1.0
2024,2,2024-09-07T16:00:00.000Z,401635534,Georgia Tech,ACC,ACC,P4,P4,P4_vs_P4,False,False,ACC,ACC,,,2.8333333333333335,Underdog,5.833333333333334,W,3.0,-0.5
2024,2,2024-09-07T20:15:00.000Z,401628342,Middle Tennessee,SEC,Conference USA,P4,G6,P4_vs_G6,False,False,SEC,Conference USA,,,-42.5,Favorite,6.5,W,-43.0,2.5
2024,2,2024-09-07T22:00:00.000Z,401643778,East Carolina,Sun Belt,American,G6,G6,G6_vs_G6,False,False,Sun Belt,American,,,-1.6666666666666667,Favorite,-7.666666666666667,L,-1.5,-1.0
2024,2,2024-09-07T23:00:00.000Z,401628335,Alabama,American,SEC,G6,P4,G6_vs_P4,False,False,American,SEC,,,31.666666666666668,Underdog,5.666666666666668,W,30.5,0.5
2024,2,2024-09-07T23:00:00.000Z,401628344,Buffalo,SEC,MAC,P4,G6,P4_vs_G6,False,False,SEC,MAC,,,-33.666666666666664,Favorite,4.333333333333336,W,-32.0,-2.0
2024,2,2024-09-07T23:00:00.000Z,401643780,UL Monroe,American,Sun Belt,G6,G6,G6_vs_G6,False,False,American,Sun Belt,,,-11.5,Favorite,-37.5,L,-11.0,-0.5
2024,3,2024-09-14T16:00:00.000Z,401628350,Alabama,Big Ten,SEC,P4,P4,P4_vs_P4,False,False,Big Ten,SEC,,,15.166666666666666,Underdog,-16.833333333333336,L,15.5,-6.0
2024,3,2024-09-14T16:45:00.000Z,401628357,Boston College,SEC,ACC,P4,P4,P4_vs_P4,False,False,SEC,ACC,,,-15.166666666666666,Favorite,-9.166666666666666,L,-14.5,-2.5
2024,3,2024-09-14T19:30:00.000Z,401628483,Oregon State,Big Ten,,P4,,Other,True,,Pac-12,,0.0,,-17.666666666666668,Favorite,17.333333333333332,W,-18.0,-2.5
2024,3,2024-09-14T20:00:00.000Z,401628477,Troy,Big Ten,Sun Belt,P4,G6,P4_vs_G6,False,False,Big Ten,Sun Belt,,,-23.333333333333332,Favorite,-6.333333333333332,L,-22.5,0.0
2024,3,2024-09-14T20:15:00.000Z,401628351,Arkansas,American,SEC,G6,P4,G6_vs_P4,False,False,American,SEC,,,23.666666666666668,Underdog,13.666666666666668,W,24.0,0.0
2024,3,2024-09-14T23:00:00.000Z,401628361,UTSA,SEC,American,P4,G6,P4_vs_G6,True,False,Big 12,American,0.0,,-35.5,Favorite,13.5,W,-34.5,0.0
2024,3,2024-09-14T23:30:00.000Z,401628354,Kentucky,SEC,SEC,P4,P4,P4_vs_P4,False,False,SEC,SEC,,,-22.5,Favorite,-21.5,L,-22.0,-1.5
2024,3,2024-09-14T23:30:00.000Z,401636860,Air Force,Big 12,Mountain West,P4,G6,P4_vs_G6,False,False,Big 12,Mountain West,,,-16.666666666666668,Favorite,11.333333333333332,W,-15.5,0.0
2024,3,2024-09-15T00:00:00.000Z,401628478,Maryland,ACC,Big Ten,P4,P4,P4_vs_P4,False,False,ACC,Big Ten,,,-1.1666666666666667,Favorite,-15.166666666666666,L,2.0,0.0
2024,3,2024-09-15T02:30:00.000Z,401635541,San Diego State,ACC,Mountain West,P4,G6,P4_vs_G6,True,False,Pac-12,Mountain West,0.0,,-18.666666666666668,Favorite,2.333333333333332,W,-18.0,0.0
2024,4,2024-09-21T16:00:00.000Z,401643791,Tulane,Sun Belt,American,G6,G6,G6_vs_G6,False,False,Sun Belt,American,,,1.5,Underdog,-6.5,L,1.5,
2024,4,2024-09-21T18:00:00.000Z,401635558,Coastal Carolina,ACC,Sun Belt,P4,G6,P4_vs_G6,False,False,ACC,Sun Belt,,,-3.5,Favorite,15.5,W,-3.5,0.5
2024,4,2024-09-21T19:30:00.000Z,401628363,Arkansas,SEC,SEC,P4,P4,P4_vs_P4,False,False,SEC,SEC,,,-2.5,Favorite,-12.5,L,-2.5,-1.0
2024,4,2024-09-21T23:00:00.000Z,401635555,Miami,American,ACC,G6,P4,G6_vs_P4,False,False,American,ACC,,,16.333333333333332,Underdog,-18.666666666666668,L,15.5,2.0
2024,4,2024-09-21T23:30:00.000Z,401628372,Bowling Green,SEC,MAC,P4,G6,P4_vs_G6,False,False,SEC,MAC,,,-21.166666666666668,Favorite,-15.166666666666668,L,-21.0,-2.0
2024,4,2024-09-22T00:00:00.000Z,401628371,UL Monroe,SEC,Sun Belt,P4,G6,P4_vs_G6,True,False,Big 12,Sun Belt,0.0,,-43.0,Favorite,5.0,W,-41.5,-3.5
2025,1,2025-08-28T23:00:00.000Z,401762789,Akron,Mountain West,MAC,G6,G6,G6_vs_G6,False,False,Mountain West,MAC,,,-6.0,Favorite,4.0,W,-5.0,-4.5
2025,1,2025-08-29T01:00:00.000Z,401762791,Miami (OH),Big Ten,MAC,P4,G6,P4_vs_G6,False,False,Big Ten,MAC,,,-18.0,Favorite,-1.0,L,-18.0,0.5
2025,1,2025-08-30T16:45:00.000Z,401752670,Toledo,SEC,MAC,P4,G6,P4_vs_G6,False,False,SEC,MAC,,,-9.833333333333334,Favorite,-1.833333333333334,L,-10.0,-2.5
2025,1,2025-08-30T19:30:00.000Z,401752807,Nevada,Big Ten,Mountain West,P4,G6,P4_vs_G6,False,False,Big Ten,Mountain West,,,-44.166666666666664,Favorite,-9.166666666666664,L,-43.5,0.0
2025,1,2025-08-30T23:00:00.000Z,401752678,UTSA,SEC,American,P4,G6,P4_vs_G6,False,False,SEC,American,,,-23.0,Favorite,-5.0,L,-24.0,3.0
2025,1,2025-08-30T23:30:00.000Z,401752808,New Mexico,Big Ten,Mountain West,P4,G6,P4_vs_G6,False,False,Big Ten,Mountain West,,,-35.166666666666664,Favorite,-18.166666666666664,L,-34.5,0.0
2025,1,2025-08-31T03:00:00.000Z,401752800,UCLA,Big 12,Big Ten,P4,P4,P4_vs_P4,False,False,Big 12,Big Ten,,,-6.5,Favorite,26.5,W,-6.5,3.5
2025,2,2025-09-06T19:30:00.000Z,401752818,Miami (OH),Big Ten,MAC,P4,G6,P4_vs_G6,False,False,Big Ten,MAC,,,-15.5,Favorite,12.5,W,-15.5,2.0
2025,2,2025-09-06T19:30:00.000Z,401756880,Bowling Green,Big 12,MAC,P4,G6,P4_vs_G6,False,False,Big 12,MAC,,,-22.0,Favorite,-8.0,L,-22.5,4.5
2025,2,2025-09-06T19:30:00.000Z,401752686,Ole Miss,SEC,SEC,P4,P4,P4_vs_P4,False,False,SEC,SEC,,,7.75,Underdog,0.75,W,7.5,2.0
2025,2,2025-09-06T19:30:00.000Z,401762458,UAB,American,American,G6,G6,G6_vs_G6,False,False,American,American,,,-21.5,Favorite,-7.5,L,-22.5,1.0
2025,2,2025-09-06T23:00:00.000Z,401757232,Western Kentucky,MAC,Conference USA,G6,G6,G6_vs_G6,False,False,MAC,Conference USA,,,-8.0,Favorite,16.0,W,-7.5,1.0
2025,2,2025-09-06T23:30:00.000Z,401752687,Louisiana Tech,SEC,Conference USA,P4,G6,P4_vs_G6,False,False,SEC,Conference USA,,,-36.5,Favorite,-20.5,L,-36.5,4.0
2025,2,2025-09-06T23:30:00.000Z,401752810,Akron,Big Ten,MAC,P4,G6,P4_vs_G6,False,False,Big Ten,MAC,,,-33.75,Favorite,34.25,W,-33.5,0.0
2025,3,2025-09-13T16:00:00.000Z,401761608,Memphis,Sun Belt,American,G6,G6,G6_vs_G6,False,False,Sun Belt,American,,,4.5,Underdog,-16.5,L,4.5,
2025,3,2025-09-13T16:00:00.000Z,401752703,Temple,SEC,American,P4,G6,P4_vs_G6,False,False,SEC,American,,,-23.833333333333332,Favorite,15.166666666666668,W,-24.5,-1.0
2025,3,2025-09-13T23:00:00.000Z,401752829,Western Michigan,Big Ten,MAC,P4,G6,P4_vs_G6,False,False,Big Ten,MAC,,,-27.5,Favorite,10.5,W,-27.5,-1.0
2025,3,2025-09-13T23:00:00.000Z,401752700,Ole Miss,SEC,SEC,P4,P4,P4_vs_P4,False,False,SEC,SEC,,,3.8333333333333335,Underdog,-2.1666666666666665,L,4.5,4.0
2025,3,2025-09-13T23:30:00.000Z,401761604,East Carolina,Sun Belt,American,G6,G6,G6_vs_G6,False,False,Sun Belt,American,,,7.166666666666667,Underdog,-30.833333333333332,L,7.5,-1.0
2025,3,2025-09-13T23:30:00.000Z,401757257,Louisiana Tech,Conference USA,Conference USA,G6,G6,G6_vs_G6,False,False,Conference USA,Conference USA,,,10.166666666666666,Underdog,-24.833333333333336,L,10.5,2.0
2025,3,2025-09-14T00:00:00.000Z,401756895,Wyoming,Big 12,Mountain West,P4,G6,P4_vs_G6,False,False,Big 12,Mountain West,,,-24.5,Favorite,0.5,W,-24.5,2.0
2025,4,2025-09-20T00:00:00.000Z,401752844,Iowa,Big Ten,Big Ten,P4,P4,P4_vs_P4,False,False,Big Ten,Big Ten,,,2.3333333333333335,Underdog,-7.666666666666666,L,2.0,0.0
2025,4,2025-09-20T16:00:00.000Z,401752708,Memphis,SEC,American,P4,G6,P4_vs_G6,False,False,SEC,American,,,-7.166666666666667,Favorite,-8.166666666666668,L,-7.0,0.5
2025,4,2025-09-20T19:30:00.000Z,401762820,Western Michigan,MAC,MAC,G6,G6,G6_vs_G6,False,False,MAC,MAC,,,-12.666666666666666,Favorite,-13.666666666666666,L,-11.5,-2.0
2025,4,2025-09-20T20:30:00.000Z,401754542,Temple,ACC,American,P4,G6,P4_vs_G6,False,False,ACC,American,,,-24.5,Favorite,-3.5,L,-24.5,1.0
2025,4,2025-09-20T23:00:00.000Z,401761611,Coastal Carolina,Sun Belt,Sun Belt,G6,G6,G6_vs_G6,False,False,Sun Belt,Sun Belt,,,-14.666666666666666,Favorite,-32.666666666666664,L,-14.5,0.0
2025,4,2025-09-20T23:00:00.000Z,401760372,Air Force,Mountain West,Mountain West,G6,G6,G6_vs_G6,False,False,Mountain West,Mountain West,,,-11.0,Favorite,1.0,W,-11.5,3.0
2025,4,2025-09-20T23:30:00.000Z,401757263,Louisiana Tech,Sun Belt,Conference USA,G6,G6,G6_vs_G6,False,False,Sun Belt,Conference USA,,,3.1666666666666665,Underdog,-6.833333333333334,L,3.5,-1.0
2025,4,2025-09-20T23:30:00.000Z,401756898,East Carolina,Big 12,American,P4,G6,P4_vs_G6,False,False,Big 12,American,,,-6.166666666666667,Favorite,14.833333333333332,W,-5.5,-2.0
2023,1,2023-09-01T00:00:00.000Z,401520176,Florida,,SEC,,P4,Other,,False,,SEC,,,-6.3,Favorite,6.7,W,-5.5,
2023,1,2023-09-01T23:00:00.000Z,401525463,Miami (OH),ACC,MAC,P4,G6,P4_vs_G6,False,False,ACC,MAC,,,-16.625,Favorite,18.375,W,-16.5,
2023,1,2023-09-02T16:00:00.000Z,401520172,SMU,Conference USA,American,G6,G6,G6_vs_G6,False,False,Conference USA,American,,,20.125,Underdog,-3.875,L,21.0,
2023,1,2023-09-02T16:00:00.000Z,401520162,East Carolina,Big Ten,American,P4,G6,P4_vs_G6,False,False,Big Ten,American,,,-35.4,Favorite,-8.399999999999999,L,-36.0,
2023,1,2023-09-02T16:00:00.000Z,401523994,Colorado,Big 12,,P4,,Other,False,,Big 12,,,,-20.6,Favorite,-23.6,L,-20.5,
2023,1,2023-09-02T16:00:00.000Z,401520179,Virginia,SEC,ACC,P4,P4,P4_vs_P4,False,False,SEC,ACC,,,-27.7,Favorite,8.3,W,-27.5,
2023,1,2023-09-02T19:30:00.000Z,401520156,Ohio State,Big Ten,Big Ten,P4,P4,P4_vs_P4,False,False,Big Ten,Big Ten,,,29.1,Underdog,9.1,W,30.0,
2023,1,2023-09-02T20:00:00.000Z,401523991,California,American,,G6,,Other,True,,Conference USA,,0.0,,6.5,Underdog,-30.5,L,5.0,
2023,1,2023-09-02T22:30:00.000Z,401523996,Nevada,,Mountain West,,G6,Other,,False,,Mountain West,,,-37.875,Favorite,14.125,W,-37.5,
2023,1,2023-09-02T23:30:00.000Z,401520169,West Virginia,Big Ten,Big 12,P4,P4,P4_vs_P4,False,False,Big Ten,Big 12,,,-20.6,Favorite,2.3999999999999986,W,-21.0,
2023,1,2023-09-02T23:30:00.000Z,401520149,Alabama,Conference USA,SEC,G6,P4,G6_vs_P4,False,False,Conference USA,SEC,,,39.375,Underdog,-9.625,L,39.5,
2023,1,2023-09-03T16:00:00.000Z,401520171,Northwestern,Big Ten,Big Ten,P4,P4,P4_vs_P4,False,False,Big Ten,Big Ten,,,-6.1,Favorite,10.9,W,-5.0,
2023,2,2023-09-09T16:00:00.000Z,401523999,Baylor,,Big 12,,P4,Other,,False,,Big 12,,,-7.0,Favorite,0.0,P,-7.0,
2023,2,2023-09-09T16:00:00.000Z,401525498,Virginia,Sun Belt,ACC,G6,P4,G6_vs_P4,False,False,Sun Belt,ACC,,,-6.0,Favorite,-5.0,L,-6.0,
2023,2,2023-09-09T21:00:00.000Z,401524004,Tulsa,,American,,G6,Other,,False,,American,,,-33.666666666666664,Favorite,-0.6666666666666643,L,-34.0,
2023,2,2023-09-09T23:00:00.000Z,401520206,Middle Tennessee,SEC,Conference USA,P4,G6,P4_vs_G6,False,False,SEC,Conference USA,,,-21.0,Favorite,-17.0,L,-21.0,
2023,2,2023-09-09T23:30:00.000Z,401520204,Minnesota,MAC,Big Ten,G6,P4,G6_vs_P4,False,False,MAC,Big Ten,,,19.666666666666668,Underdog,0.6666666666666679,W,19.5,
2023,2,2023-09-10T00:00:00.000Z,401520211,Air Force,Conference USA,Mountain West,G6,G6,G6_vs_G6,False,False,,Mountain West,,,13.166666666666666,Underdog,3.166666666666666,W,13.5,
2023,2,2023-09-10T02:30:00.000Z,401524003,Stanford,,,,,Other,,,,,,,-28.666666666666668,Favorite,17.333333333333332,W,-28.5,
2023,2,2023-09-10T02:30:00.000Z,401520186,California,SEC,,P4,,Other,False,,SEC,,,,-4.833333333333333,Favorite,-0.833333333333333,L,-5.0,
2023,3,2023-09-16T16:00:00.000Z,401520230,Louisville,Big Ten,ACC,P4,P4,P4_vs_P4,False,False,Big Ten,ACC,,,10.0,Underdog,3.0,W,10.0,
2023,3,2023-09-16T18:30:00.000Z,401525437,Central Michigan,Independent,MAC,Independent,G6,Other,False,False,Independent,MAC,,,-34.75,Favorite,-10.75,L,-34.5,
2023,3,2023-09-16T20:00:00.000Z,401520245,UL Monroe,SEC,Sun Belt,P4,G6,P4_vs_G6,False,False,SEC,Sun Belt,,,-36.5,Favorite,7.5,W,-36.5,
2023,3,2023-09-16T23:00:00.000Z,401525835,Cincinnati,MAC,Big 12,G6,P4,G6_vs_P4,False,True,MAC,American,,0.0,14.25,Underdog,21.25,W,14.5,
2023,3,2023-09-16T23:00:00.000Z,401520224,Florida,SEC,SEC,P4,P4,P4_vs_P4,False,False,SEC,SEC,,,-5.666666666666667,Favorite,-18.666666666666668,L,-5.0,
2023,3,2023-09-17T02:30:00.000Z,401525837,Nevada,Big 12,Mountain West,P4,G6,P4_vs_G6,False,False,Big 12,Mountain West,,,-28.5,Favorite,-21.5,L,-28.5,
2023,4,2023-09-23T16:00:00.000Z,401525849,SMU,Big 12,American,P4,G6,P4_vs_G6,False,False,Big 12,American,,,-6.833333333333333,Favorite,10.166666666666668,W,-7.0,
2023,4,2023-09-23T19:30:00.000Z,401525506,Louisville,ACC,ACC,P4,P4,P4_vs_P4,False,False,ACC,ACC,,,13.833333333333334,Underdog,-14.166666666666666,L,14.0,
2023,4,2023-09-23T19:30:00.000Z,401524017,UCLA,,,,,Other,,,,,,,-3.8333333333333335,Favorite,3.1666666666666665,W,-3.0,
2023,4,2023-09-23T20:00:00.000Z,401520269,UTSA,SEC,American,P4,G6,P4_vs_G6,False,True,SEC,Conference USA,,0.0,-23.333333333333332,Favorite,7.666666666666668,W,-24.0,
2023,4,2023-09-23T20:00:00.000Z,401531423,South Florida,American,American,G6,G6,G6_vs_G6,True,False,Conference USA,American,0.0,,-2.5,Favorite,-15.5,L,-2.5,
2023,4,2023-09-23T21:00:00.000Z,401531876,Central Michigan,Sun Belt,MAC,G6,G6,G6_vs_G6,False,False,Sun Belt,MAC,,,-16.166666666666668,Favorite,-20.166666666666668,L,-16.5,
2023,4,2023-09-23T23:30:00.000Z,401521330,Ohio State,Independent,Big Ten,Independent,P4,Other,False,False,Independent,Big Ten,,,3.1666666666666665,Underdog,0.1666666666666665,W,3.0,
2023,4,2023-09-23T23:30:00.000Z,401520252,UAB,SEC,American,P4,G6,P4_vs_G6,False,True,SEC,Conference USA,,0.0,-40.833333333333336,Favorite,-12.833333333333336,L,-40.0,
2023,4,2023-09-24T02:30:00.000Z,401524018,California,,,,,Other,,,,,,,-20.5,Favorite,6.5,W,-21.0,
2024,1,2024-08-30T00:00:00.000Z,401640998,Coastal Carolina,Conference USA,Sun Belt,G6,G6,G6_vs_G6,False,False,Conference USA,Sun Belt,,,-3.5,Favorite,-31.5,L,-3.5,
2024,1,2024-08-30T00:00:00.000Z,401628448,North Carolina,Big Ten,ACC,P4,P4,P4_vs_P4,False,False,Big Ten,ACC,,,0.3333333333333333,Underdog,-1.6666666666666667,L,1.5,
2024,1,2024-08-30T23:00:00.000Z,401628328,Temple,SEC,American,P4,G6,P4_vs_G6,True,False,Big 12,American,0.0,,-43.0,Favorite,5.0,W,-43.5,
2024,1,2024-08-31T16:00:00.000Z,401628333,Vanderbilt,ACC,SEC,P4,P4,P4_vs_P4,False,False,ACC,SEC,,,-13.333333333333334,Favorite,-20.333333333333336,L,-13.5,
2024,1,2024-08-31T19:30:00.000Z,401628454,UTEP,Big Ten,Conference USA,P4,G6,P4_vs_G6,False,False,Big Ten,Conference USA,,,-27.5,Favorite,5.5,W,-27.5,0.5
2024,1,2024-08-31T19:30:00.000Z,401634304,Ohio,ACC,MAC,P4,G6,P4_vs_G6,False,False,ACC,MAC,,,-17.333333333333332,Favorite,-1.333333333333332,L,-17.5,
2024,1,2024-08-31T21:00:00.000Z,401643775,South Alabama,American,Sun Belt,G6,G6,G6_vs_G6,False,False,American,Sun Belt,,,5.833333333333333,Underdog,19.833333333333332,W,5.5,
2024,1,2024-09-01T23:30:00.000Z,401628334,USC,SEC,Big Ten,P4,P4,P4_vs_P4,False,True,SEC,Pac-12,,0.0,-3.8333333333333335,Favorite,-10.833333333333334,L,-3.5,-0.5
2024,2,2024-09-07T01:00:00.000Z,401635533,Duke,Big Ten,ACC,P4,P4,P4_vs_P4,False,False,Big Ten,ACC,,,-2.1666666666666665,Favorite,-8.166666666666666,L,-1.5,-1.0
2024,2,2024-09-07T16:00:00.000Z,401643784,Troy,American,Sun Belt,G6,G6,G6_vs_G6,False,False,American,Sun Belt,,,-18.666666666666668,Favorite,2.333333333333332,W,-18.5,1.5
2024,2,2024-09-07T16:00:00.000Z,401628470,Bowling Green,Big Ten,MAC,P4,G6,P4_vs_G6,False,False,Big Ten,MAC,,,-34.833333333333336,Favorite,-27.833333333333336,L,-35.0,3.0
2024,2,2024-09-07T16:00:00.000Z,401628471,Akron,Big Ten,MAC,P4,G6,P4_vs_G6,False,False,Big Ten,MAC,,,-24.5,Favorite,7.5,W,-24.5,1.5
2024,2,2024-09-07T16:00:00.000Z,401628347,Michigan,SEC,Big Ten,P4,P4,P4_vs_P4,True,False,Big 12,Big Ten,0.0,,-6.666666666666667,Favorite,12.333333333333332,W,-6.5,-1.0
2024,2,2024-09-07T19:30:00.000Z,401645324,Temple,American,American,G6,G6,G6_vs_G6,False,False,American,American,,,-12.166666666666666,Favorite,14.833333333333334,W,-13.5,0.5
2024,2,2024-09-07T19:30:00.000Z,401635535,Louisville,Conference USA,ACC,G6,P4,G6_vs_P4,False,False,Conference USA,ACC,,,28.5,Underdog,-6.5,L,29.0,-2.0
2024,2,2024-09-07T22:30:00.000Z,401636617,UCF,Conference USA,Big 12,G6,P4,G6_vs_P4,False,False,Conference USA,Big 12,,,21.5,Underdog,-9.5,L,21.5,2.0
2024,2,2024-09-08T02:00:00.000Z,401628469,Boise State,Big Ten,Mountain West,P4,G6,P4_vs_G6,True,False,Pac-12,Mountain West,0.0,,-18.833333333333332,Favorite,-15.833333333333332,L,-18.0,0.0
2024,3,2024-09-14T16:00:00.000Z,401636868,Texas Tech,American,Big 12,G6,P4,G6_vs_P4,False,False,American,Big 12,,,10.333333333333334,Underdog,-34.666666666666664,L,9.5,0.0
2024,3,2024-09-14T19:30:00.000Z,401628358,Tulane,SEC,American,P4,G6,P4_vs_G6,True,False,Big 12,American,0.0,,-13.333333333333334,Favorite,1.666666666666666,W,-13.5,0.0
2024,3,2024-09-14T19:30:00.000Z,401628483,Oregon State,Big Ten,,P4,,Other,True,,Pac-12,,0.0,,-17.666666666666668,Favorite,17.333333333333332,W,-18.0,-2.5
2024,3,2024-09-14T23:00:00.000Z,401628361,UTSA,SEC,American,P4,G6,P4_vs_G6,True,False,Big 12,American,0.0,,-35.5,Favorite,13.5,W,-34.5,0.0
2024,3,2024-09-14T23:00:00.000Z,401640999,Eastern Michigan,Conference USA,MAC,G6,G6,G6_vs_G6,False,False,Conference USA,MAC,,,-1.0,Favorite,-4.0,L,2.0,0.0
2024,3,2024-09-14T23:30:00.000Z,401636866,UCF,Big 12,Big 12,P4,P4,P4_vs_P4,False,False,Big 12,Big 12,,,-2.1666666666666665,Favorite,-3.1666666666666665,L,-2.5,4.5
2024,3,2024-09-15T00:00:00.000Z,401628478,Maryland,ACC,Big Ten,P4,P4,P4_vs_P4,False,False,ACC,Big Ten,,,-1.1666666666666667,Favorite,-15.166666666666666,L,2.0,0.0
2024,3,2024-09-15T02:30:00.000Z,401635541,San Diego State,ACC,Mountain West,P4,G6,P4_vs_G6,True,False,Pac-12,Mountain West,0.0,,-18.666666666666668,Favorite,2.333333333333332,W,-18.0,0.0
2024,4,2024-09-21T16:00:00.000Z,401643791,Tulane,Sun Belt,American,G6,G6,G6_vs_G6,False,False,Sun Belt,American,,,1.5,Underdog,-6.5,L,1.5,
2024,4,2024-09-21T18:00:00.000Z,401635558,Coastal Carolina,ACC,Sun Belt,P4,G6,P4_vs_G6,False,False,ACC,Sun Belt,,,-3.5,Favorite,15.5,W,-3.5,0.5
2024,4,2024-09-21T19:00:00.000Z,401641000,Southern Miss,Conference USA,Sun Belt,G6,G6,G6_vs_G6,False,False,Conference USA,Sun Belt,,,-6.166666666666667,Favorite,30.833333333333332,W,-6.5,0.0
2024,4,2024-09-21T19:30:00.000Z,401628365,UCLA,SEC,Big Ten,P4,P4,P4_vs_P4,False,True,SEC,Pac-12,,0.0,-21.5,Favorite,-4.5,L,-21.5,-1.5
2024,4,2024-09-21T23:00:00.000Z,401628491,Washington,Big Ten,Big Ten,P4,P4,P4_vs_P4,False,True,Big Ten,Pac-12,,0.0,11.833333333333334,Underdog,-7.166666666666666,L,12.0,-1.5
2024,4,2024-09-21T23:00:00.000Z,401643716,North Texas,Mountain West,American,G6,G6,G6_vs_G6,False,False,Mountain West,American,,,7.0,Underdog,-20.0,L,7.5,2.0
2024,4,2024-09-21T23:00:00.000Z,401641037,Toledo,Conference USA,MAC,G6,G6,G6_vs_G6,False,False,Conference USA,MAC,,,2.3333333333333335,Underdog,7.333333333333334,W,2.5,-3.5
2024,4,2024-09-21T23:30:00.000Z,401628369,Tennessee,SEC,SEC,P4,P4,P4_vs_P4,True,False,Big 12,SEC,0.0,,6.0,Underdog,-4.0,L,5.5,2.0
2024,4,2024-09-21T23:30:00.000Z,401628372,Bowling Green,SEC,MAC,P4,G6,P4_vs_G6,False,False,SEC,MAC,,,-21.166666666666668,Favorite,-15.166666666666668,L,-21.0,-2.0
2024,4,2024-09-22T00:00:00.000Z,401628371,UL Monroe,SEC,Sun Belt,P4,G6,P4_vs_G6,True,False,Big 12,Sun Belt,0.0,,-43.0,Favorite,5.0,W,-41.5,-3.5
2025,1,2025-08-29T00:00:00.000Z,401752793,Buffalo,Big Ten,MAC,P4,G6,P4_vs_G6,False,False,Big Ten,MAC,,,-17.166666666666668,Favorite,-4.166666666666668,L,-18.5,0.0
2025,1,2025-08-29T01:00:00.000Z,401762791,Miami (OH),Big Ten,MAC,P4,G6,P4_vs_G6,False,False,Big Ten,MAC,,,-18.0,Favorite,-1.0,L,-18.0,0.5
2025,1,2025-08-30T00:00:00.000Z,401754375,Colorado,ACC,Big 12,P4,P4,P4_vs_P4,False,False,ACC,Big 12,,,-3.6666666666666665,Favorite,3.3333333333333335,W,-3.5,0.0
2025,1,2025-08-30T16:00:00.000Z,401752803,Tulane,Big Ten,American,P4,G6,P4_vs_G6,False,False,Big Ten,American,,,6.0,Underdog,-14.0,L,5.0,2.5
2025,1,2025-08-30T16:00:00.000Z,401752676,Syracuse,SEC,ACC,P4,P4,P4_vs_P4,False,False,SEC,ACC,,,-13.5,Favorite,5.5,W,-13.5,-1.0
2025,1,2025-08-30T16:00:00.000Z,401752676,Tennessee,ACC,SEC,P4,P4,P4_vs_P4,False,False,ACC,SEC,,,13.5,Underdog,-5.5,L,13.5,1.0
2025,1,2025-08-30T23:30:00.000Z,401752808,New Mexico,Big Ten,Mountain West,P4,G6,P4_vs_G6,False,False,Big Ten,Mountain West,,,-35.166666666666664,Favorite,-18.166666666666664,L,-34.5,0.0
2025,2,2025-09-06T16:00:00.000Z,401757227,Jacksonville State,Conference USA,Conference USA,G6,G6,G6_vs_G6,False,False,Conference USA,Conference USA,,,-6.25,Favorite,-16.25,L,-6.5,1.0
2025,2,2025-09-06T19:30:00.000Z,401752818,Miami (OH),Big Ten,MAC,P4,G6,P4_vs_G6,False,False,Big Ten,MAC,,,-15.5,Favorite,12.5,W,-15.5,2.0
2025,2,2025-09-06T19:30:00.000Z,401756880,Bowling Green,Big 12,MAC,P4,G6,P4_vs_G6,False,False,Big 12,MAC,,,-22.0,Favorite,-8.0,L,-22.5,4.5
2025,2,2025-09-06T19:30:00.000Z,401756881,Colorado,Conference USA,Big 12,G6,P4,G6_vs_P4,False,False,,Big 12,,,23.5,Underdog,-0.5,L,23.5,1.0
2025,2,2025-09-06T19:30:00.000Z,401762461,Western Michigan,American,MAC,G6,G6,G6_vs_G6,False,False,American,MAC,,,-12.25,Favorite,-9.25,L,-12.5,2.0
2025,2,2025-09-06T20:00:00.000Z,401756883,West Virginia,MAC,Big 12,G6,P4,G6_vs_P4,False,False,MAC,Big 12,,,3.5,Underdog,10.5,W,3.5,-0.5
2025,2,2025-09-07T02:15:00.000Z,401752948,Washington State,Mountain West,,G6,,Other,False,,Mountain West,,,,2.25,Underdog,-20.75,L,2.5,-1.0
2025,3,2025-09-13T16:00:00.000Z,401761608,Memphis,Sun Belt,American,G6,G6,G6_vs_G6,False,False,Sun Belt,American,,,4.5,Underdog,-16.5,L,4.5,
2025,3,2025-09-13T16:00:00.000Z,401752831,Oregon,Big Ten,Big Ten,P4,P4,P4_vs_P4,False,False,Big Ten,Big Ten,,,25.5,Underdog,5.5,W,24.5,3.0
2025,3,2025-09-13T17:00:00.000Z,401752702,Louisiana,SEC,Sun Belt,P4,G6,P4_vs_G6,False,False,SEC,Sun Belt,,,-27.5,Favorite,14.5,W,-27.5,5.0
2025,3,2025-09-13T19:30:00.000Z,401752705,Georgia,SEC,SEC,P4,P4,P4_vs_P4,False,False,SEC,SEC,,,3.5,Underdog,0.5,W,3.5,3.0
2025,3,2025-09-13T19:30:00.000Z,401752949,Washington State,American,,G6,,Other,False,,American,,,,-6.5,Favorite,42.5,W,-6.5,1.0
2025,3,2025-09-13T21:00:00.000Z,401757256,Bowling Green,Conference USA,MAC,G6,G6,G6_vs_G6,False,False,Conference USA,MAC,,,-6.0,Favorite,-16.0,L,-6.5,-1.0
2025,3,2025-09-13T23:00:00.000Z,401752827,Ohio State,MAC,Big Ten,G6,P4,G6_vs_P4,False,False,MAC,Big Ten,,,28.333333333333332,Underdog,0.3333333333333321,W,28.5,-3.0
2025,3,2025-09-13T23:00:00.000Z,401752829,Western Michigan,Big Ten,MAC,P4,G6,P4_vs_G6,False,False,Big Ten,MAC,,,-27.5,Favorite,10.5,W,-27.5,-1.0
2025,3,2025-09-13T23:30:00.000Z,401752707,Notre Dame,SEC,Independent,P4,Independent,Other,False,False,SEC,Independent,,,6.833333333333333,Underdog,7.833333333333333,W,6.5,0.0
2025,4,2025-09-20T16:00:00.000Z,401762469,North Texas,American,American,G6,G6,G6_vs_G6,False,False,American,American,,,2.5,Underdog,-4.5,L,2.5,-1.5
2025,4,2025-09-20T16:00:00.000Z,401762469,Army,American,American,G6,G6,G6_vs_G6,False,False,American,American,,,-2.5,Favorite,4.5,W,-2.5,1.5
2025,4,2025-09-20T16:00:00.000Z,401754537,Syracuse,ACC,ACC,P4,P4,P4_vs_P4,False,False,ACC,ACC,,,-17.5,Favorite,-30.5,L,-17.5,1.0
2025,4,2025-09-20T16:00:00.000Z,401752845,Maryland,Big Ten,Big Ten,P4,P4,P4_vs_P4,False,False,Big Ten,Big Ten,,,-10.5,Favorite,-27.5,L,-10.5,4.0
2025,4,2025-09-20T16:45:00.000Z,401752715,UAB,SEC,American,P4,G6,P4_vs_G6,False,False,SEC,American,,,-39.0,Favorite,-7.0,L,-38.5,1.0
2025,4,2025-09-20T19:00:00.000Z,401752841,Oregon,,Big Ten,,P4,Other,,False,,Big Ten,,,34.0,Underdog,0.0,P,34.5,0.0
2025,4,2025-09-20T19:30:00.000Z,401752848,Purdue,Independent,Big Ten,Independent,P4,Other,False,False,Independent,Big Ten,,,-24.5,Favorite,1.5,W,-24.5,-2.0
2025,4,2025-09-20T19:30:00.000Z,401761613,Buffalo,Sun Belt,MAC,G6,G6,G6_vs_G6,False,False,Sun Belt,MAC,,,5.833333333333333,Underdog,9.833333333333332,W,6.5,0.0
2025,4,2025-09-20T19:30:00.000Z,401752711,Ole Miss,American,SEC,G6,P4,G6_vs_P4,False,False,American,SEC,,,12.166666666666666,Underdog,-22.833333333333336,L,11.5,1.0
2023,1,2023-09-01T00:00:00.000Z,401520176,Florida,,SEC,,P4,Other,,False,,SEC,,,-6.3,Favorite,6.7,W,-5.5,
2023,1,2023-09-01T00:00:00.000Z,401520148,Minnesota,Big Ten,Big Ten,P4,P4,P4_vs_P4,False,False,Big Ten,Big Ten,,,7.3,Underdog,4.3,W,7.5,
2023,1,2023-09-01T23:30:00.000Z,401525462,Louisville,ACC,ACC,P4,P4,P4_vs_P4,False,False,ACC,ACC,,,7.6,Underdog,2.5999999999999996,W,7.0,
2023,1,2023-09-02T16:00:00.000Z,401520172,SMU,Conference USA,American,G6,G6,G6_vs_G6,False,False,Conference USA,American,,,20.125,Underdog,-3.875,L,21.0,
2023,1,2023-09-02T16:00:00.000Z,401520162,East Carolina,Big Ten,American,P4,G6,P4_vs_G6,False,False,Big Ten,American,,,-35.4,Favorite,-8.399999999999999,L,-36.0,
2023,1,2023-09-02T19:30:00.000Z,401520180,Buffalo,Big Ten,MAC,P4,G6,P4_vs_G6,False,False,Big Ten,MAC,,,-27.0,Favorite,-6.0,L,-29.0,
2023,1,2023-09-02T22:30:00.000Z,401523996,Nevada,,Mountain West,,G6,Other,,False,,Mountain West,,,-37.875,Favorite,14.125,W,-37.5,
2023,1,2023-09-02T23:30:00.000Z,401520149,Alabama,Conference USA,SEC,G6,P4,G6_vs_P4,False,False,Conference USA,SEC,,,39.375,Underdog,-9.625,L,39.5,
2023,1,2023-09-03T00:00:00.000Z,401525467,Old Dominion,ACC,Sun Belt,P4,G6,P4_vs_G6,False,False,ACC,Sun Belt,,,-15.75,Favorite,3.25,W,-16.0,
2023,1,2023-09-03T16:00:00.000Z,401520171,Northwestern,Big Ten,Big Ten,P4,P4,P4_vs_P4,False,False,Big Ten,Big Ten,,,-6.1,Favorite,10.9,W,-5.0,
2023,2,2023-09-09T16:00:00.000Z,401523999,Baylor,,Big 12,,P4,Other,,False,,Big 12,,,-7.0,Favorite,0.0,P,-7.0,
2023,2,2023-09-09T16:00:00.000Z,401525498,Virginia,Sun Belt,ACC,G6,P4,G6_vs_P4,False,False,Sun Belt,ACC,,,-6.0,Favorite,-5.0,L,-6.0,
2023,2,2023-09-09T16:00:00.000Z,401520188,Colorado,Big Ten,,P4,,Other,False,,Big Ten,,,,2.8333333333333335,Underdog,-19.166666666666668,L,2.5,
2023,2,2023-09-09T19:30:00.000Z,401525497,Western Michigan,ACC,MAC,P4,G6,P4_vs_G6,False,False,ACC,MAC,,,-24.666666666666668,Favorite,16.333333333333332,W,-24.5,
2023,2,2023-09-09T21:00:00.000Z,401524004,Tulsa,,American,,G6,Other,,False,,American,,,-33.666666666666664,Favorite,-0.6666666666666643,L,-34.0,
2023,2,2023-09-09T23:00:00.000Z,401525831,Houston,American,Big 12,G6,P4,G6_vs_P4,True,True,Conference USA,American,0.0,0.0,7.166666666666667,Underdog,9.166666666666668,W,7.5,
2023,2,2023-09-09T23:00:00.000Z,401520183,Alabama,Big 12,SEC,P4,P4,P4_vs_P4,False,False,Big 12,SEC,,,7.166666666666667,Underdog,17.166666666666668,W,7.0,
2023,2,2023-09-09T23:30:00.000Z,401520217,Washington State,Big Ten,,P4,,Other,False,,Big Ten,,,,-5.333333333333333,Favorite,-14.333333333333332,L,-5.0,
2023,2,2023-09-10T00:00:00.000Z,401520211,Air Force,Conference USA,Mountain West,G6,G6,G6_vs_G6,False,False,,Mountain West,,,13.166666666666666,Underdog,3.166666666666666,W,13.5,
2023,2,2023-09-10T00:30:00.000Z,401525493,Southern Miss,ACC,Sun Belt,P4,G6,P4_vs_G6,False,False,ACC,Sun Belt,,,-31.0,Favorite,22.0,W,-31.0,
2023,2,2023-09-10T02:30:00.000Z,401524003,Stanford,,,,,Other,,,,,,,-28.666666666666668,Favorite,17.333333333333332,W,-28.5,
2023,3,2023-09-16T16:00:00.000Z,401520230,Louisville,Big Ten,ACC,P4,P4,P4_vs_P4,False,False,Big Ten,ACC,,,10.0,Underdog,3.0,W,10.0,
2023,3,2023-09-16T19:30:00.000Z,401520223,Northwestern,ACC,Big Ten,P4,P4,P4_vs_P4,False,False,ACC,Big Ten,,,-17.0,Favorite,7.0,W,-17.0,
2023,3,2023-09-16T19:30:00.000Z,401520239,Minnesota,ACC,Big Ten,P4,P4,P4_vs_P4,False,False,ACC,Big Ten,,,-6.666666666666667,Favorite,11.333333333333332,W,-7.0,
2023,3,2023-09-16T20:00:00.000Z,401531348,Southern Miss,American,Sun Belt,G6,G6,G6_vs_G6,False,False,American,Sun Belt,,,-7.75,Favorite,10.25,W,-8.0,
2023,3,2023-09-16T20:00:00.000Z,401520245,UL Monroe,SEC,Sun Belt,P4,G6,P4_vs_G6,False,False,SEC,Sun Belt,,,-36.5,Favorite,7.5,W,-36.5,
2023,3,2023-09-16T20:00:00.000Z,401520240,Western Kentucky,Big Ten,Conference USA,P4,G6,P4_vs_G6,False,False,Big Ten,Conference USA,,,-29.5,Favorite,23.5,W,-29.5,
2023,3,2023-09-16T23:00:00.000Z,401525835,Cincinnati,MAC,Big 12,G6,P4,G6_vs_P4,False,True,MAC,American,,0.0,14.25,Underdog,21.25,W,14.5,
2023,3,2023-09-16T23:00:00.000Z,401531848,Troy,Sun Belt,Sun Belt,G6,G6,G6_vs_G6,False,False,Sun Belt,Sun Belt,,,2.8333333333333335,Underdog,4.833333333333334,W,2.5,
2023,3,2023-09-16T23:30:00.000Z,401520232,Bowling Green,Big Ten,MAC,P4,G6,P4_vs_G6,False,False,Big Ten,MAC,,,-40.75,Favorite,-15.75,L,-40.5,
2023,3,2023-09-17T02:30:00.000Z,401525837,Nevada,Big 12,Mountain West,P4,G6,P4_vs_G6,False,False,Big 12,Mountain West,,,-28.5,Favorite,-21.5,L,-28.5,
2023,4,2023-09-23T02:30:00.000Z,401532583,San Diego State,Mountain West,Mountain West,G6,G6,G6_vs_G6,False,False,Mountain West,Mountain West,,,-5.833333333333333,Favorite,-2.833333333333333,L,-6.5,
2023,4,2023-09-23T16:00:00.000Z,401525511,Marshall,ACC,Sun Belt,P4,G6,P4_vs_G6,False,False,ACC,Sun Belt,,,5.333333333333333,Underdog,-1.666666666666667,L,5.5,
2023,4,2023-09-23T17:30:00.000Z,401532406,Western Michigan,MAC,MAC,G6,G6,G6_vs_G6,False,False,MAC,MAC,,,-21.5,Favorite,-3.5,L,-21.5,
2023,4,2023-09-23T19:30:00.000Z,401525506,Louisville,ACC,ACC,P4,P4,P4_vs_P4,False,False,ACC,ACC,,,13.833333333333334,Underdog,-14.166666666666666,L,14.0,
2023,4,2023-09-23T19:30:00.000Z,401520250,Alabama,SEC,SEC,P4,P4,P4_vs_P4,False,False,SEC,SEC,,,7.0,Underdog,-7.0,L,7.0,
2023,4,2023-09-23T20:00:00.000Z,401531423,South Florida,American,American,G6,G6,G6_vs_G6,True,False,Conference USA,American,0.0,,-2.5,Favorite,-15.5,L,-2.5,
2023,4,2023-09-23T22:30:00.000Z,401525508,Wake Forest,ACC,ACC,P4,P4,P4_vs_P4,False,False,ACC,ACC,,,3.6666666666666665,Underdog,17.666666666666668,W,3.5,
2023,4,2023-09-23T23:00:00.000Z,401520254,Houston,Conference USA,Big 12,G6,P4,G6_vs_P4,False,True,,American,,0.0,11.5,Underdog,-19.5,L,11.5,
2023,4,2023-09-23T23:00:00.000Z,401520258,Arkansas,SEC,SEC,P4,P4,P4_vs_P4,False,False,SEC,SEC,,,-17.666666666666668,Favorite,-14.666666666666668,L,-17.5,
2023,4,2023-09-23T23:30:00.000Z,401525844,Baylor,Big 12,Big 12,P4,P4,P4_vs_P4,False,False,Big 12,Big 12,,,-16.5,Favorite,15.5,W,-17.5,
2023,4,2023-09-24T00:00:00.000Z,401525510,Pittsburgh,ACC,ACC,P4,P4,P4_vs_P4,False,False,ACC,ACC,,,-7.166666666666667,Favorite,9.833333333333332,W,-7.0,
2024,1,2024-08-24T16:00:00.000Z,401635525,Florida State,ACC,ACC,P4,P4,P4_vs_P4,False,False,ACC,ACC,,,10.666666666666666,Underdog,13.666666666666666,W,10.5,
2024,1,2024-08-30T00:00:00.000Z,401640998,Coastal Carolina,Conference USA,Sun Belt,G6,G6,G6_vs_G6,False,False,Conference USA,Sun Belt,,,-3.5,Favorite,-31.5,L,-3.5,
2024,1,2024-08-30T00:00:00.000Z,401628448,North Carolina,Big Ten,ACC,P4,P4,P4_vs_P4,False,False,Big Ten,ACC,,,0.3333333333333333,Underdog,-1.6666666666666667,L,1.5,
2024,1,2024-08-31T19:30:00.000Z,401628454,UTEP,Big Ten,Conference USA,P4,G6,P4_vs_G6,False,False,Big Ten,Conference USA,,,-27.5,Favorite,5.5,W,-27.5,0.5
2024,1,2024-08-31T19:30:00.000Z,401634304,Ohio,ACC,MAC,P4,G6,P4_vs_G6,False,False,ACC,MAC,,,-17.333333333333332,Favorite,-1.333333333333332,L,-17.5,
2024,1,2024-09-01T02:30:00.000Z,401636608,New Mexico,Big 12,Mountain West,P4,G6,P4_vs_G6,True,False,Pac-12,Mountain West,0.0,,-29.166666666666668,Favorite,-7.166666666666668,L,-29.0,
2024,1,2024-09-02T23:30:00.000Z,401634306,Florida State,ACC,ACC,P4,P4,P4_vs_P4,False,False,ACC,ACC,,,16.5,Underdog,31.5,W,16.5,0.0
2024,2,2024-09-07T01:00:00.000Z,401635533,Duke,Big Ten,ACC,P4,P4,P4_vs_P4,False,False,Big Ten,ACC,,,-2.1666666666666665,Favorite,-8.166666666666666,L,-1.5,-1.0
2024,2,2024-09-07T16:00:00.000Z,401643784,Troy,American,Sun Belt,G6,G6,G6_vs_G6,False,False,American,Sun Belt,,,-18.666666666666668,Favorite,2.333333333333332,W,-18.5,1.5
2024,2,2024-09-07T16:00:00.000Z,401628470,Bowling Green,Big Ten,MAC,P4,G6,P4_vs_G6,False,False,Big Ten,MAC,,,-34.833333333333336,Favorite,-27.833333333333336,L,-35.0,3.0
2024,2,2024-09-07T16:00:00.000Z,401628471,Akron,Big Ten,MAC,P4,G6,P4_vs_G6,False,False,Big Ten,MAC,,,-24.5,Favorite,7.5,W,-24.5,1.5
2024,2,2024-09-07T16:00:00.000Z,401628347,Michigan,SEC,Big Ten,P4,P4,P4_vs_P4,True,False,Big 12,Big Ten,0.0,,-6.666666666666667,Favorite,12.333333333333332,W,-6.5,-1.0
2024,2,2024-09-07T19:30:00.000Z,401645324,Temple,American,American,G6,G6,G6_vs_G6,False,False,American,American,,,-12.166666666666666,Favorite,14.833333333333334,W,-13.5,0.5
2024,2,2024-09-07T23:00:00.000Z,401628335,Alabama,American,SEC,G6,P4,G6_vs_P4,False,False,American,SEC,,,31.666666666666668,Underdog,5.666666666666668,W,30.5,0.5
2024,2,2024-09-07T23:00:00.000Z,401628344,Buffalo,SEC,MAC,P4,G6,P4_vs_G6,False,False,SEC,MAC,,,-33.666666666666664,Favorite,4.333333333333336,W,-32.0,-2.0
2024,2,2024-09-07T23:00:00.000Z,401643780,UL Monroe,American,Sun Belt,G6,G6,G6_vs_G6,False,False,American,Sun Belt,,,-11.5,Favorite,-37.5,L,-11.0,-0.5
2024,2,2024-09-08T02:00:00.000Z,401628469,Boise State,Big Ten,Mountain West,P4,G6,P4_vs_G6,True,False,Pac-12,Mountain West,0.0,,-18.833333333333332,Favorite,-15.833333333333332,L,-18.0,0.0
2024,3,2024-09-14T16:00:00.000Z,401628350,Alabama,Big Ten,SEC,P4,P4,P4_vs_P4,False,False,Big Ten,SEC,,,15.166666666666666,Underdog,-16.833333333333336,L,15.5,-6.0
2024,3,2024-09-14T16:00:00.000Z,401635542,Florida State,American,ACC,G6,P4,G6_vs_P4,False,False,American,ACC,,,6.833333333333333,Underdog,14.833333333333332,W,7.0,0.0
2024,3,2024-09-14T19:30:00.000Z,401628481,Nevada,Big Ten,Mountain West,P4,G6,P4_vs_G6,False,False,Big Ten,Mountain West,,,-16.833333333333332,Favorite,10.166666666666668,W,-17.0,-0.5
2024,3,2024-09-14T19:30:00.000Z,401628483,Oregon State,Big Ten,,P4,,Other,True,,Pac-12,,0.0,,-17.666666666666668,Favorite,17.333333333333332,W,-18.0,-2.5
2024,3,2024-09-14T20:00:00.000Z,401628477,Troy,Big Ten,Sun Belt,P4,G6,P4_vs_G6,False,False,Big Ten,Sun Belt,,,-23.333333333333332,Favorite,-6.333333333333332,L,-22.5,0.0
2024,3,2024-09-14T20:15:00.000Z,401628351,Arkansas,American,SEC,G6,P4,G6_vs_P4,False,False,American,SEC,,,23.666666666666668,Underdog,13.666666666666668,W,24.0,0.0
2024,3,2024-09-14T23:00:00.000Z,401643789,Southern Miss,American,Sun Belt,G6,G6,G6_vs_G6,False,False,American,Sun Belt,,,-11.666666666666666,Favorite,13.333333333333334,W,-11.5,0.0
2024,3,2024-09-14T23:00:00.000Z,401628361,UTSA,SEC,American,P4,G6,P4_vs_G6,True,False,Big 12,American,0.0,,-35.5,Favorite,13.5,W,-34.5,0.0
2024,3,2024-09-14T23:00:00.000Z,401640999,Eastern Michigan,Conference USA,MAC,G6,G6,G6_vs_G6,False,False,Conference USA,MAC,,,-1.0,Favorite,-4.0,L,2.0,0.0
2024,3,2024-09-14T23:30:00.000Z,401628354,Kentucky,SEC,SEC,P4,P4,P4_vs_P4,False,False,SEC,SEC,,,-22.5,Favorite,-21.5,L,-22.0,-1.5
2024,3,2024-09-14T23:30:00.000Z,401636860,Air Force,Big 12,Mountain West,P4,G6,P4_vs_G6,False,False,Big 12,Mountain West,,,-16.666666666666668,Favorite,11.333333333333332,W,-15.5,0.0
2024,3,2024-09-14T23:30:00.000Z,401628352,New Mexico,SEC,Mountain West,P4,G6,P4_vs_G6,False,False,SEC,Mountain West,,,-25.833333333333332,Favorite,0.1666666666666678,W,-24.0,-4.0
2024,3,2024-09-14T23:30:00.000Z,401636866,UCF,Big 12,Big 12,P4,P4,P4_vs_P4,False,False,Big 12,Big 12,,,-2.1666666666666665,Favorite,-3.1666666666666665,L,-2.5,4.5
2024,3,2024-09-15T00:00:00.000Z,401628478,Maryland,ACC,Big Ten,P4,P4,P4_vs_P4,False,False,ACC,Big Ten,,,-1.1666666666666667,Favorite,-15.166666666666666,L,2.0,0.0
2024,3,2024-09-15T02:30:00.000Z,401635541,San Diego State,ACC,Mountain West,P4,G6,P4_vs_G6,True,False,Pac-12,Mountain West,0.0,,-18.666666666666668,Favorite,2.333333333333332,W,-18.0,0.0
2024,4,2024-09-21T16:00:00.000Z,401643791,Tulane,Sun Belt,American,G6,G6,G6_vs_G6,False,False,Sun Belt,American,,,1.5,Underdog,-6.5,L,1.5,
2024,4,2024-09-21T16:00:00.000Z,401636879,Kansas,Big 12,Big 12,P4,P4,P4_vs_P4,False,False,Big 12,Big 12,,,-1.3333333333333333,Favorite,2.666666666666667,W,-1.0,
2024,4,2024-09-21T16:00:00.000Z,401645328,Army,American,American,G6,G6,G6_vs_G6,False,True,American,Independent,,0.0,7.333333333333333,Underdog,-15.666666666666668,L,7.5,
2024,4,2024-09-21T18:00:00.000Z,401635558,Coastal Carolina,ACC,Sun Belt,P4,G6,P4_vs_G6,False,False,ACC,Sun Belt,,,-3.5,Favorite,15.5,W,-3.5,0.5
2024,4,2024-09-21T19:00:00.000Z,401641000,Southern Miss,Conference USA,Sun Belt,G6,G6,G6_vs_G6,False,False,Conference USA,Sun Belt,,,-6.166666666666667,Favorite,30.833333333333332,W,-6.5,0.0
2024,4,2024-09-21T19:30:00.000Z,401628363,Arkansas,SEC,SEC,P4,P4,P4_vs_P4,False,False,SEC,SEC,,,-2.5,Favorite,-12.5,L,-2.5,-1.0
2024,4,2024-09-21T23:00:00.000Z,401635551,Florida State,ACC,ACC,P4,P4,P4_vs_P4,True,False,Pac-12,ACC,0.0,,2.8333333333333335,Underdog,-2.1666666666666665,L,2.5,-0.5
2024,4,2024-09-21T23:00:00.000Z,401628491,Washington,Big Ten,Big Ten,P4,P4,P4_vs_P4,False,True,Big Ten,Pac-12,,0.0,11.833333333333334,Underdog,-7.166666666666666,L,12.0,-1.5
2024,4,2024-09-21T23:30:00.000Z,401628372,Bowling Green,SEC,MAC,P4,G6,P4_vs_G6,False,False,SEC,MAC,,,-21.166666666666668,Favorite,-15.166666666666668,L,-21.0,-2.0
2024,4,2024-09-22T00:00:00.000Z,401628371,UL Monroe,SEC,Sun Belt,P4,G6,P4_vs_G6,True,False,Big 12,Sun Belt,0.0,,-43.0,Favorite,5.0,W,-41.5,-3.5
2025,1,2025-08-28T23:00:00.000Z,401762789,Akron,Mountain West,MAC,G6,G6,G6_vs_G6,False,False,Mountain West,MAC,,,-6.0,Favorite,4.0,W,-5.0,-4.5
2025,1,2025-08-29T01:00:00.000Z,401762791,Miami (OH),Big Ten,MAC,P4,G6,P4_vs_G6,False,False,Big Ten,MAC,,,-18.0,Favorite,-1.0,L,-18.0,0.5
2025,1,2025-08-30T00:00:00.000Z,401754375,Colorado,ACC,Big 12,P4,P4,P4_vs_P4,False,False,ACC,Big 12,,,-3.6666666666666665,Favorite,3.3333333333333335,W,-3.5,0.0
2025,1,2025-08-30T19:30:00.000Z,401752807,Nevada,Big Ten,Mountain West,P4,G6,P4_vs_G6,False,False,Big Ten,Mountain West,,,-44.166666666666664,Favorite,-9.166666666666664,L,-43.5,0.0
2025,1,2025-08-30T22:00:00.000Z,401754616,Coastal Carolina,ACC,Sun Belt,P4,G6,P4_vs_G6,False,False,ACC,Sun Belt,,,-13.166666666666666,Favorite,27.833333333333336,W,-13.5,1.0
2025,1,2025-08-30T23:30:00.000Z,401752808,New Mexico,Big Ten,Mountain West,P4,G6,P4_vs_G6,False,False,Big Ten,Mountain West,,,-35.166666666666664,Favorite,-18.166666666666664,L,-34.5,0.0
2025,1,2025-08-31T02:30:00.000Z,401752936,California,,ACC,,P4,Other,,False,,ACC,,,0.8333333333333334,Underdog,-18.166666666666668,L,3.0,-4.5
2025,1,2025-08-31T03:00:00.000Z,401752800,UCLA,Big 12,Big Ten,P4,P4,P4_vs_P4,False,False,Big 12,Big Ten,,,-6.5,Favorite,26.5,W,-6.5,3.5
2025,1,2025-09-02T00:00:00.000Z,401754523,North Carolina,Big 12,ACC,P4,P4,P4_vs_P4,False,False,Big 12,ACC,,,-3.3333333333333335,Favorite,30.666666666666668,W,-3.5,6.0
2025,2,2025-09-06T16:00:00.000Z,401754525,SMU,Big 12,ACC,P4,P4,P4_vs_P4,False,False,Big 12,ACC,,,2.75,Underdog,5.75,W,2.5,2.0
2025,2,2025-09-06T16:00:00.000Z,401757227,Jacksonville State,Conference USA,Conference USA,G6,G6,G6_vs_G6,False,False,Conference USA,Conference USA,,,-6.25,Favorite,-16.25,L,-6.5,1.0
2025,2,2025-09-06T19:30:00.000Z,401752818,Miami (OH),Big Ten,MAC,P4,G6,P4_vs_G6,False,False,Big Ten,MAC,,,-15.5,Favorite,12.5,W,-15.5,2.0
2025,2,2025-09-06T19:30:00.000Z,401756880,Bowling Green,Big 12,MAC,P4,G6,P4_vs_G6,False,False,Big 12,MAC,,,-22.0,Favorite,-8.0,L,-22.5,4.5
2025,2,2025-09-06T19:30:00.000Z,401752686,Ole Miss,SEC,SEC,P4,P4,P4_vs_P4,False,False,SEC,SEC,,,7.75,Underdog,0.75,W,7.5,2.0
2025,2,2025-09-06T19:30:00.000Z,401756881,Colorado,Conference USA,Big 12,G6,P4,G6_vs_P4,False,False,,Big 12,,,23.5,Underdog,-0.5,L,23.5,1.0
2025,2,2025-09-06T19:30:00.000Z,401762458,UAB,American,American,G6,G6,G6_vs_G6,False,False,American,American,,,-21.5,Favorite,-7.5,L,-22.5,1.0
2025,2,2025-09-06T23:00:00.000Z,401757232,Western Kentucky,MAC,Conference USA,G6,G6,G6_vs_G6,False,False,MAC,Conference USA,,,-8.0,Favorite,16.0,W,-7.5,1.0
2025,2,2025-09-06T23:00:00.000Z,401756884,Rice,Big 12,American,P4,G6,P4_vs_G6,False,False,Big 12,American,,,-13.5,Favorite,12.5,W,-13.5,1.0
2025,2,2025-09-06T23:30:00.000Z,401752687,Louisiana Tech,SEC,Conference USA,P4,G6,P4_vs_G6,False,False,SEC,Conference USA,,,-36.5,Favorite,-20.5,L,-36.5,4.0
2025,2,2025-09-06T23:30:00.000Z,401752810,Akron,Big Ten,MAC,P4,G6,P4_vs_G6,False,False,Big Ten,MAC,,,-33.75,Favorite,34.25,W,-33.5,0.0
2025,2,2025-09-07T01:00:00.000Z,401757229,Tulsa,Conference USA,American,G6,G6,G6_vs_G6,False,False,Conference USA,American,,,3.25,Underdog,10.25,W,3.5,0.0
2025,3,2025-09-12T23:30:00.000Z,401756893,Colorado,Big 12,Big 12,P4,P4,P4_vs_P4,False,False,Big 12,Big 12,,,-3.8333333333333335,Favorite,12.166666666666666,W,-4.0,-0.5
2025,3,2025-09-13T16:00:00.000Z,401761608,Memphis,Sun Belt,American,G6,G6,G6_vs_G6,False,False,Sun Belt,American,,,4.5,Underdog,-16.5,L,4.5,
2025,3,2025-09-13T16:00:00.000Z,401752703,Temple,SEC,American,P4,G6,P4_vs_G6,False,False,SEC,American,,,-23.833333333333332,Favorite,15.166666666666668,W,-24.5,-1.0
2025,3,2025-09-13T17:00:00.000Z,401752702,Louisiana,SEC,Sun Belt,P4,G6,P4_vs_G6,False,False,SEC,Sun Belt,,,-27.5,Favorite,14.5,W,-27.5,5.0
2025,3,2025-09-13T19:30:00.000Z,401754638,West Virginia,ACC,Big 12,P4,P4,P4_vs_P4,False,False,ACC,Big 12,,,-6.833333333333333,Favorite,-13.833333333333332,L,-7.0,2.5
2025,3,2025-09-13T20:15:00.000Z,401752706,Texas,Conference USA,SEC,G6,P4,G6_vs_P4,False,False,Conference USA,SEC,,,39.833333333333336,Underdog,22.833333333333336,W,40.5,-4.0
2025,3,2025-09-13T21:00:00.000Z,401757256,Bowling Green,Conference USA,MAC,G6,G6,G6_vs_G6,False,False,Conference USA,MAC,,,-6.0,Favorite,-16.0,L,-6.5,-1.0
2025,3,2025-09-13T23:00:00.000Z,401752829,Western Michigan,Big Ten,MAC,P4,G6,P4_vs_G6,False,False,Big Ten,MAC,,,-27.5,Favorite,10.5,W,-27.5,-1.0
2025,3,2025-09-13T23:30:00.000Z,401752698,Eastern Michigan,SEC,MAC,P4,G6,P4_vs_G6,False,False,SEC,MAC,,,-26.666666666666668,Favorite,-1.666666666666668,L,-26.5,1.0
2025,3,2025-09-13T23:30:00.000Z,401757257,Louisiana Tech,Conference USA,Conference USA,G6,G6,G6_vs_G6,False,False,Conference USA,Conference USA,,,10.166666666666666,Underdog,-24.833333333333336,L,10.5,2.0
2025,3,2025-09-14T00:00:00.000Z,401762465,Tulsa,American,American,G6,G6,G6_vs_G6,False,False,American,American,,,-13.666666666666666,Favorite,5.333333333333334,W,-13.5,-1.0
2025,3,2025-09-14T02:30:00.000Z,401752840,California,Big Ten,ACC,P4,P4,P4_vs_P4,False,False,Big Ten,ACC,,,-3.1666666666666665,Favorite,-16.166666666666668,L,-3.5,1.0
2025,4,2025-09-20T16:00:00.000Z,401754636,SMU,Big 12,ACC,P4,P4,P4_vs_P4,False,False,Big 12,ACC,,,-6.5,Favorite,4.5,W,-6.5,0.0
2025,4,2025-09-20T16:00:00.000Z,401754537,Syracuse,ACC,ACC,P4,P4,P4_vs_P4,False,False,ACC,ACC,,,-17.5,Favorite,-30.5,L,-17.5,1.0
2025,4,2025-09-20T16:00:00.000Z,401752845,Maryland,Big Ten,Big Ten,P4,P4,P4_vs_P4,False,False,Big Ten,Big Ten,,,-10.5,Favorite,-27.5,L,-10.5,4.0
2025,4,2025-09-20T19:00:00.000Z,401752841,Oregon,,Big Ten,,P4,Other,,False,,Big Ten,,,34.0,Underdog,0.0,P,34.5,0.0
2025,4,2025-09-20T19:30:00.000Z,401762820,Western Michigan,MAC,MAC,G6,G6,G6_vs_G6,False,False,MAC,MAC,,,-12.666666666666666,Favorite,-13.666666666666666,L,-11.5,-2.0
2025,4,2025-09-20T20:30:00.000Z,401754542,Temple,ACC,American,P4,G6,P4_vs_G6,False,False,ACC,American,,,-24.5,Favorite,-3.5,L,-24.5,1.0
2025,4,2025-09-20T23:30:00.000Z,401756898,East Carolina,Big 12,American,P4,G6,P4_vs_G6,False,False,Big 12,American,,,-6.166666666666667,Favorite,14.833333333333332,W,-5.5,-2.0
2025,4,2025-09-21T02:15:00.000Z,401756897,Colorado,Mountain West,Big 12,G6,P4,G6_vs_P4,False,False,Mountain West,Big 12,,,12.333333333333334,Underdog,-4.666666666666666,L,12.5,1.0
2023,1,2023-08-26T23:00:00.000Z,401532392,Ohio,Mountain West,MAC,G6,G6,G6_vs_G6,False,False,Mountain West,MAC,,,-2.9,Favorite,4.1,W,-2.0,
2023,1,2023-08-26T23:00:00.000Z,401532392,San Diego State,MAC,Mountain West,G6,G6,G6_vs_G6,False,False,MAC,Mountain West,,,2.9,Underdog,-4.1,L,2.0,
2023,1,2023-08-26T23:30:00.000Z,401520147,Hawai'i,SEC,Mountain West,P4,G6,P4_vs_G6,False,False,SEC,Mountain West,,,-17.625,Favorite,-10.625,L,-17.0,
2023,1,2023-09-01T00:00:00.000Z,401520176,Florida,,SEC,,P4,Other,,False,,SEC,,,-6.3,Favorite,6.7,W,-5.5,
2023,1,2023-09-01T00:00:00.000Z,401520148,Minnesota,Big Ten,Big Ten,P4,P4,P4_vs_P4,False,False,Big Ten,Big Ten,,,7.3,Underdog,4.3,W,7.5,
2023,1,2023-09-02T16:00:00.000Z,401520162,East Carolina,Big Ten,American,P4,G6,P4_vs_G6,False,False,Big Ten,American,,,-35.4,Favorite,-8.399999999999999,L,-36.0,
2023,1,2023-09-02T18:00:00.000Z,401531387,Akron,American,MAC,G6,G6,G6_vs_G6,False,False,American,MAC,,,-9.875,Favorite,-6.875,L,-9.5,
2023,1,2023-09-02T19:30:00.000Z,401523997,Boise State,,Mountain West,,G6,Other,,False,,Mountain West,,,-14.3,Favorite,22.7,W,-14.0,
2023,1,2023-09-02T19:30:00.000Z,401520180,Buffalo,Big Ten,MAC,P4,G6,P4_vs_G6,False,False,Big Ten,MAC,,,-27.0,Favorite,-6.0,L,-29.0,
2023,1,2023-09-02T22:30:00.000Z,401523996,Nevada,,Mountain West,,G6,Other,,False,,Mountain West,,,-37.875,Favorite,14.125,W,-37.5,
2023,1,2023-09-02T23:00:00.000Z,401525819,UTSA,Big 12,American,P4,G6,P4_vs_G6,True,True,American,Conference USA,0.0,0.0,1.5,Underdog,4.5,W,2.5,
2023,1,2023-09-02T23:00:00.000Z,401520173,New Mexico,SEC,Mountain West,P4,G6,P4_vs_G6,False,False,SEC,Mountain West,,,-37.875,Favorite,4.125,W,-37.5,
2023,1,2023-09-02T23:30:00.000Z,401525825,Texas Tech,Mountain West,Big 12,G6,P4,G6_vs_P4,False,False,Mountain West,Big 12,,,13.6,Underdog,15.6,W,13.0,
2023,1,2023-09-03T00:00:00.000Z,401525467,Old Dominion,ACC,Sun Belt,P4,G6,P4_vs_G6,False,False,ACC,Sun Belt,,,-15.75,Favorite,3.25,W,-16.0,
2023,2,2023-09-09T16:00:00.000Z,401523999,Baylor,,Big 12,,P4,Other,,False,,Big 12,,,-7.0,Favorite,0.0,P,-7.0,
2023,2,2023-09-09T16:00:00.000Z,401520188,Colorado,Big Ten,,P4,,Other,False,,Big Ten,,,,2.8333333333333335,Underdog,-19.166666666666668,L,2.5,
2023,2,2023-09-09T19:30:00.000Z,401525497,Western Michigan,ACC,MAC,P4,G6,P4_vs_G6,False,False,ACC,MAC,,,-24.666666666666668,Favorite,16.333333333333332,W,-24.5,
2023,2,2023-09-09T21:00:00.000Z,401524004,Tulsa,,American,,G6,Other,,False,,American,,,-33.666666666666664,Favorite,-0.6666666666666643,L,-34.0,
2023,2,2023-09-09T22:00:00.000Z,401520198,Liberty,Conference USA,Conference USA,G6,G6,G6_vs_G6,True,True,Independent,Independent,0.0,0.0,9.333333333333334,Underdog,-6.666666666666666,L,9.0,
2023,2,2023-09-09T22:00:00.000Z,401531842,Old Dominion,Sun Belt,Sun Belt,G6,G6,G6_vs_G6,False,False,Sun Belt,Sun Belt,,,-6.0,Favorite,-13.0,L,-6.0,
2023,2,2023-09-09T23:00:00.000Z,401525831,Houston,American,Big 12,G6,P4,G6_vs_P4,True,True,Conference USA,American,0.0,0.0,7.166666666666667,Underdog,9.166666666666668,W,7.5,
2023,2,2023-09-09T23:00:00.000Z,401520183,Alabama,Big 12,SEC,P4,P4,P4_vs_P4,False,False,Big 12,SEC,,,7.166666666666667,Underdog,17.166666666666668,W,7.0,
2023,2,2023-09-09T23:30:00.000Z,401520217,Washington State,Big Ten,,P4,,Other,False,,Big Ten,,,,-5.333333333333333,Favorite,-14.333333333333332,L,-5.0,
2023,2,2023-09-10T00:30:00.000Z,401525493,Southern Miss,ACC,Sun Belt,P4,G6,P4_vs_G6,False,False,ACC,Sun Belt,,,-31.0,Favorite,22.0,W,-31.0,
2023,2,2023-09-10T02:30:00.000Z,401524003,Stanford,,,,,Other,,,,,,,-28.666666666666668,Favorite,17.333333333333332,W,-28.5,
2023,3,2023-09-16T19:30:00.000Z,401524009,San Diego State,,Mountain West,,G6,Other,,False,,Mountain West,,,-24.5,Favorite,-7.5,L,-24.5,
2023,3,2023-09-16T19:30:00.000Z,401524009,Oregon State,Mountain West,,G6,,Other,False,,Mountain West,,,,24.5,Underdog,7.5,W,24.5,
2023,3,2023-09-16T20:00:00.000Z,401531348,Southern Miss,American,Sun Belt,G6,G6,G6_vs_G6,False,False,American,Sun Belt,,,-7.75,Favorite,10.25,W,-8.0,
2023,3,2023-09-16T23:00:00.000Z,401520247,Vanderbilt,Mountain West,SEC,G6,P4,G6_vs_P4,False,False,Mountain West,SEC,,,4.5,Underdog,7.5,W,4.5,
2023,3,2023-09-16T23:00:00.000Z,401531379,UAB,Sun Belt,American,G6,G6,G6_vs_G6,False,True,Sun Belt,Conference USA,,0.0,2.0,Underdog,22.0,W,2.0,
2023,3,2023-09-16T23:30:00.000Z,401520232,Bowling Green,Big Ten,MAC,P4,G6,P4_vs_G6,False,False,Big Ten,MAC,,,-40.75,Favorite,-15.75,L,-40.5,
2023,3,2023-09-16T23:30:00.000Z,401520228,Akron,SEC,MAC,P4,G6,P4_vs_G6,False,False,SEC,MAC,,,-25.25,Favorite,6.75,W,-25.0,
2023,3,2023-09-16T23:30:00.000Z,401520228,Kentucky,MAC,SEC,G6,P4,G6_vs_P4,False,False,MAC,SEC,,,25.25,Underdog,-6.75,L,25.0,
2023,3,2023-09-17T00:00:00.000Z,401520238,New Mexico State,Mountain West,Conference USA,G6,G6,G6_vs_G6,False,True,Mountain West,Independent,,0.0,-2.75,Favorite,-12.75,L,-2.5,
2023,3,2023-09-17T00:00:00.000Z,401520238,New Mexico,Conference USA,Mountain West,G6,G6,G6_vs_G6,True,False,Independent,Mountain West,0.0,,2.75,Underdog,12.75,W,2.5,
2023,3,2023-09-17T02:30:00.000Z,401525837,Nevada,Big 12,Mountain West,P4,G6,P4_vs_G6,False,False,Big 12,Mountain West,,,-28.5,Favorite,-21.5,L,-28.5,
2023,4,2023-09-23T02:30:00.000Z,401532583,Boise State,Mountain West,Mountain West,G6,G6,G6_vs_G6,False,False,Mountain West,Mountain West,,,5.833333333333333,Underdog,2.833333333333333,W,6.5,
2023,4,2023-09-23T02:30:00.000Z,401532583,San Diego State,Mountain West,Mountain West,G6,G6,G6_vs_G6,False,False,Mountain West,Mountain West,,,-5.833333333333333,Favorite,-2.833333333333333,L,-6.5,
2023,4,2023-09-23T16:00:00.000Z,401525511,Marshall,ACC,Sun Belt,P4,G6,P4_vs_G6,False,False,ACC,Sun Belt,,,5.333333333333333,Underdog,-1.666666666666667,L,5.5,
2023,4,2023-09-23T16:00:00.000Z,401520274,Kentucky,SEC,SEC,P4,P4,P4_vs_P4,False,False,SEC,SEC,,,13.333333333333334,Underdog,-3.666666666666666,L,13.5,
2023,4,2023-09-23T16:00:00.000Z,401520274,Vanderbilt,SEC,SEC,P4,P4,P4_vs_P4,False,False,SEC,SEC,,,-13.333333333333334,Favorite,3.666666666666666,W,-13.5,
2023,4,2023-09-23T17:30:00.000Z,401532406,Western Michigan,MAC,MAC,G6,G6,G6_vs_G6,False,False,MAC,MAC,,,-21.5,Favorite,-3.5,L,-21.5,
2023,4,2023-09-23T19:30:00.000Z,401525506,Louisville,ACC,ACC,P4,P4,P4_vs_P4,False,False,ACC,ACC,,,13.833333333333334,Underdog,-14.166666666666666,L,14.0,
2023,4,2023-09-23T19:30:00.000Z,401520250,Alabama,SEC,SEC,P4,P4,P4_vs_P4,False,False,SEC,SEC,,,7.0,Underdog,-7.0,L,7.0,
2023,4,2023-09-23T19:30:00.000Z,401532405,Bowling Green,MAC,MAC,G6,G6,G6_vs_G6,False,False,MAC,MAC,,,-13.0,Favorite,18.0,W,-13.0,
2023,4,2023-09-23T23:00:00.000Z,401524016,Stanford,,,,,Other,,,,,,,-12.833333333333334,Favorite,-11.833333333333334,L,-13.0,
2023,4,2023-09-23T23:00:00.000Z,401524019,Oregon State,,,,,Other,,,,,,,3.0,Underdog,6.0,W,3.0,
2023,4,2023-09-23T23:00:00.000Z,401524019,Washington State,,,,,Other,,,,,,,-3.0,Favorite,-6.0,L,-3.0,
2023,4,2023-09-23T23:00:00.000Z,401520258,Arkansas,SEC,SEC,P4,P4,P4_vs_P4,False,False,SEC,SEC,,,-17.666666666666668,Favorite,-14.666666666666668,L,-17.5,
2023,4,2023-09-23T23:30:00.000Z,401531875,Buffalo,Sun Belt,MAC,G6,G6,G6_vs_G6,False,False,Sun Belt,MAC,,,-10.333333333333334,Favorite,-3.333333333333334,L,-10.5,
2023,4,2023-09-23T23:30:00.000Z,401525844,Baylor,Big 12,Big 12,P4,P4,P4_vs_P4,False,False,Big 12,Big 12,,,-16.5,Favorite,15.5,W,-17.5,
2023,4,2023-09-24T03:59:00.000Z,401520253,Hawai'i,Conference USA,Mountain West,G6,G6,G6_vs_G6,True,False,Independent,Mountain West,0.0,,3.6666666666666665,Underdog,0.6666666666666665,W,4.0,
2024,1,2024-08-25T00:00:00.000Z,401643696,Nevada,ACC,Mountain West,P4,G6,P4_vs_G6,True,False,American,Mountain West,0.0,,-27.5,Favorite,-22.5,L,-27.5,
2024,1,2024-08-30T00:00:00.000Z,401628448,North Carolina,Big Ten,ACC,P4,P4,P4_vs_P4,False,False,Big Ten,ACC,,,0.3333333333333333,Underdog,-1.6666666666666667,L,1.5,
2024,1,2024-08-31T01:00:00.000Z,401628461,Western Michigan,Big Ten,MAC,P4,G6,P4_vs_G6,False,False,Big Ten,MAC,,,-24.166666666666668,Favorite,-10.166666666666668,L,-24.5,
2024,1,2024-08-31T16:00:00.000Z,401628323,Clemson,SEC,ACC,P4,P4,P4_vs_P4,False,False,SEC,ACC,,,-11.666666666666666,Favorite,19.333333333333336,W,-10.5,
2024,1,2024-08-31T16:00:00.000Z,401628323,Georgia,ACC,SEC,P4,P4,P4_vs_P4,False,False,ACC,SEC,,,11.666666666666666,Underdog,-19.333333333333336,L,10.5,
2024,1,2024-08-31T16:00:00.000Z,401628457,West Virginia,Big Ten,Big 12,P4,P4,P4_vs_P4,False,False,Big Ten,Big 12,,,-8.333333333333334,Favorite,13.666666666666666,W,-7.5,
2024,1,2024-08-31T19:30:00.000Z,401628322,Miami,SEC,ACC,P4,P4,P4_vs_P4,False,False,SEC,ACC,,,2.5,Underdog,-21.5,L,2.5,
2024,1,2024-08-31T19:30:00.000Z,401628454,UTEP,Big Ten,Conference USA,P4,G6,P4_vs_G6,False,False,Big Ten,Conference USA,,,-27.5,Favorite,5.5,W,-27.5,0.5
2024,1,2024-08-31T19:30:00.000Z,401634304,Ohio,ACC,MAC,P4,G6,P4_vs_G6,False,False,ACC,MAC,,,-17.333333333333332,Favorite,-1.333333333333332,L,-17.5,
2024,1,2024-09-01T00:00:00.000Z,401643774,James Madison,American,Sun Belt,G6,G6,G6_vs_G6,False,False,American,Sun Belt,,,7.0,Underdog,-16.0,L,7.5,1.5
2024,1,2024-09-01T02:30:00.000Z,401636608,New Mexico,Big 12,Mountain West,P4,G6,P4_vs_G6,True,False,Pac-12,Mountain West,0.0,,-29.166666666666668,Favorite,-7.166666666666668,L,-29.0,
2024,2,2024-09-07T16:00:00.000Z,401643784,Troy,American,Sun Belt,G6,G6,G6_vs_G6,False,False,American,Sun Belt,,,-18.666666666666668,Favorite,2.333333333333332,W,-18.5,1.5
2024,2,2024-09-07T16:00:00.000Z,401628470,Bowling Green,Big Ten,MAC,P4,G6,P4_vs_G6,False,False,Big Ten,MAC,,,-34.833333333333336,Favorite,-27.833333333333336,L,-35.0,3.0
2024,2,2024-09-07T16:00:00.000Z,401628347,Michigan,SEC,Big Ten,P4,P4,P4_vs_P4,True,False,Big 12,Big Ten,0.0,,-6.666666666666667,Favorite,12.333333333333332,W,-6.5,-1.0
2024,2,2024-09-07T16:00:00.000Z,401635534,Georgia Tech,ACC,ACC,P4,P4,P4_vs_P4,False,False,ACC,ACC,,,2.8333333333333335,Underdog,5.833333333333334,W,3.0,-0.5
2024,2,2024-09-07T19:30:00.000Z,401635537,North Carolina,American,ACC,G6,P4,G6_vs_P4,False,False,American,ACC,,,21.5,Underdog,3.5,W,22.0,0.5
2024,2,2024-09-07T19:30:00.000Z,401628337,Auburn,ACC,SEC,P4,P4,P4_vs_P4,True,False,Pac-12,SEC,0.0,,12.333333333333334,Underdog,19.333333333333336,W,13.0,-0.5
2024,2,2024-09-07T20:15:00.000Z,401628342,Middle Tennessee,SEC,Conference USA,P4,G6,P4_vs_G6,False,False,SEC,Conference USA,,,-42.5,Favorite,6.5,W,-43.0,2.5
2024,2,2024-09-07T22:00:00.000Z,401643778,East Carolina,Sun Belt,American,G6,G6,G6_vs_G6,False,False,Sun Belt,American,,,-1.6666666666666667,Favorite,-7.666666666666667,L,-1.5,-1.0
2024,2,2024-09-07T23:00:00.000Z,401628335,Alabama,American,SEC,G6,P4,G6_vs_P4,False,False,American,SEC,,,31.666666666666668,Underdog,5.666666666666668,W,30.5,0.5
2024,2,2024-09-07T23:00:00.000Z,401628344,Buffalo,SEC,MAC,P4,G6,P4_vs_G6,False,False,SEC,MAC,,,-33.666666666666664,Favorite,4.333333333333336,W,-32.0,-2.0
2024,2,2024-09-07T23:00:00.000Z,401643780,UL Monroe,American,Sun Belt,G6,G6,G6_vs_G6,False,False,American,Sun Belt,,,-11.5,Favorite,-37.5,L,-11.0,-0.5
2024,3,2024-09-14T16:00:00.000Z,401628350,Alabama,Big Ten,SEC,P4,P4,P4_vs_P4,False,False,Big Ten,SEC,,,15.166666666666666,Underdog,-16.833333333333336,L,15.5,-6.0
2024,3,2024-09-14T16:45:00.000Z,401628357,Boston College,SEC,ACC,P4,P4,P4_vs_P4,False,False,SEC,ACC,,,-15.166666666666666,Favorite,-9.166666666666666,L,-14.5,-2.5
2024,3,2024-09-14T19:30:00.000Z,401635547,West Virginia,ACC,Big 12,P4,P4,P4_vs_P4,False,False,ACC,Big 12,,,2.0,Underdog,6.0,W,1.5,4.0
2024,3,2024-09-14T19:30:00.000Z,401628481,Nevada,Big Ten,Mountain West,P4,G6,P4_vs_G6,False,False,Big Ten,Mountain West,,,-16.833333333333332,Favorite,10.166666666666668,W,-17.0,-0.5
2024,3,2024-09-14T19:30:00.000Z,401628483,Oregon State,Big Ten,,P4,,Other,True,,Pac-12,,0.0,,-17.666666666666668,Favorite,17.333333333333332,W,-18.0,-2.5
2024,3,2024-09-14T20:00:00.000Z,401628477,Troy,Big Ten,Sun Belt,P4,G6,P4_vs_G6,False,False,Big Ten,Sun Belt,,,-23.333333333333332,Favorite,-6.333333333333332,L,-22.5,0.0
2024,3,2024-09-14T20:15:00.000Z,401628351,Arkansas,American,SEC,G6,P4,G6_vs_P4,False,False,American,SEC,,,23.666666666666668,Underdog,13.666666666666668,W,24.0,0.0
2024,3,2024-09-14T23:00:00.000Z,401628361,UTSA,SEC,American,P4,G6,P4_vs_G6,True,False,Big 12,American,0.0,,-35.5,Favorite,13.5,W,-34.5,0.0
2024,3,2024-09-14T23:30:00.000Z,401628354,Kentucky,SEC,SEC,P4,P4,P4_vs_P4,False,False,SEC,SEC,,,-22.5,Favorite,-21.5,L,-22.0,-1.5
2024,3,2024-09-14T23:30:00.000Z,401636860,Air Force,Big 12,Mountain West,P4,G6,P4_vs_G6,False,False,Big 12,Mountain West,,,-16.666666666666668,Favorite,11.333333333333332,W,-15.5,0.0
2024,3,2024-09-14T23:30:00.000Z,401628352,New Mexico,SEC,Mountain West,P4,G6,P4_vs_G6,False,False,SEC,Mountain West,,,-25.833333333333332,Favorite,0.1666666666666678,W,-24.0,-4.0
2024,3,2024-09-15T00:00:00.000Z,401628478,Maryland,ACC,Big Ten,P4,P4,P4_vs_P4,False,False,ACC,Big Ten,,,-1.1666666666666667,Favorite,-15.166666666666666,L,2.0,0.0
2024,3,2024-09-15T02:30:00.000Z,401635541,San Diego State,ACC,Mountain West,P4,G6,P4_vs_G6,True,False,Pac-12,Mountain West,0.0,,-18.666666666666668,Favorite,2.333333333333332,W,-18.0,0.0
2024,4,2024-09-21T16:00:00.000Z,401643791,Tulane,Sun Belt,American,G6,G6,G6_vs_G6,False,False,Sun Belt,American,,,1.5,Underdog,-6.5,L,1.5,
2024,4,2024-09-21T16:00:00.000Z,401628486,Indiana,American,Big Ten,G6,P4,G6_vs_P4,False,False,American,Big Ten,,,28.5,Underdog,-9.5,L,28.5,
2024,4,2024-09-21T18:00:00.000Z,401635558,Coastal Carolina,ACC,Sun Belt,P4,G6,P4_vs_G6,False,False,ACC,Sun Belt,,,-3.5,Favorite,15.5,W,-3.5,0.5
2024,4,2024-09-21T19:30:00.000Z,401628363,Arkansas,SEC,SEC,P4,P4,P4_vs_P4,False,False,SEC,SEC,,,-2.5,Favorite,-12.5,L,-2.5,-1.0
2024,4,2024-09-21T23:00:00.000Z,401635555,Miami,American,ACC,G6,P4,G6_vs_P4,False,False,American,ACC,,,16.333333333333332,Underdog,-18.666666666666668,L,15.5,2.0
2024,4,2024-09-21T23:00:00.000Z,401628491,Washington,Big Ten,Big Ten,P4,P4,P4_vs_P4,False,True,Big Ten,Pac-12,,0.0,11.833333333333334,Underdog,-7.166666666666666,L,12.0,-1.5
2024,4,2024-09-21T23:30:00.000Z,401628372,Bowling Green,SEC,MAC,P4,G6,P4_vs_G6,False,False,SEC,MAC,,,-21.166666666666668,Favorite,-15.166666666666668,L,-21.0,-2.0
2024,4,2024-09-22T00:00:00.000Z,401628371,UL Monroe,SEC,Sun Belt,P4,G6,P4_vs_G6,True,False,Big 12,Sun Belt,0.0,,-43.0,Favorite,5.0,W,-41.5,-3.5
2025,1,2025-08-28T23:00:00.000Z,401762789,Akron,Mountain West,MAC,G6,G6,G6_vs_G6,False,False,Mountain West,MAC,,,-6.0,Favorite,4.0,W,-5.0,-4.5
2025,1,2025-08-29T01:00:00.000Z,401762791,Miami (OH),Big Ten,MAC,P4,G6,P4_vs_G6,False,False,Big Ten,MAC,,,-18.0,Favorite,-1.0,L,-18.0,0.5
2025,1,2025-08-30T16:45:00.000Z,401752670,Toledo,SEC,MAC,P4,G6,P4_vs_G6,False,False,SEC,MAC,,,-9.833333333333334,Favorite,-1.833333333333334,L,-10.0,-2.5
2025,1,2025-08-30T19:30:00.000Z,401752807,Nevada,Big Ten,Mountain West,P4,G6,P4_vs_G6,False,False,Big Ten,Mountain West,,,-44.166666666666664,Favorite,-9.166666666666664,L,-43.5,0.0
2025,1,2025-08-30T23:00:00.000Z,401752678,UTSA,SEC,American,P4,G6,P4_vs_G6,False,False,SEC,American,,,-23.0,Favorite,-5.0,L,-24.0,3.0
2025,1,2025-08-30T23:30:00.000Z,401752808,New Mexico,Big Ten,Mountain West,P4,G6,P4_vs_G6,False,False,Big Ten,Mountain West,,,-35.166666666666664,Favorite,-18.166666666666664,L,-34.5,0.0
2025,1,2025-08-31T03:00:00.000Z,401752800,UCLA,Big 12,Big Ten,P4,P4,P4_vs_P4,False,False,Big 12,Big Ten,,,-6.5,Favorite,26.5,W,-6.5,3.5
2025,2,2025-09-06T16:00:00.000Z,401754525,SMU,Big 12,ACC,P4,P4,P4_vs_P4,False,False,Big 12,ACC,,,2.75,Underdog,5.75,W,2.5,2.0
2025,2,2025-09-06T16:00:00.000Z,401757227,Jacksonville State,Conference USA,Conference USA,G6,G6,G6_vs_G6,False,False,Conference USA,Conference USA,,,-6.25,Favorite,-16.25,L,-6.5,1.0
2025,2,2025-09-06T19:30:00.000Z,401752818,Miami (OH),Big Ten,MAC,P4,G6,P4_vs_G6,False,False,Big Ten,MAC,,,-15.5,Favorite,12.5,W,-15.5,2.0
2025,2,2025-09-06T19:30:00.000Z,401756880,Bowling Green,Big 12,MAC,P4,G6,P4_vs_G6,False,False,Big 12,MAC,,,-22.0,Favorite,-8.0,L,-22.5,4.5
2025,2,2025-09-06T19:30:00.000Z,401752686,Ole Miss,SEC,SEC,P4,P4,P4_vs_P4,False,False,SEC,SEC,,,7.75,Underdog,0.75,W,7.5,2.0
2025,2,2025-09-06T19:30:00.000Z,401762458,UAB,American,American,G6,G6,G6_vs_G6,False,False,American,American,,,-21.5,Favorite,-7.5,L,-22.5,1.0
2025,2,2025-09-06T23:00:00.000Z,401757232,Western Kentucky,MAC,Conference USA,G6,G6,G6_vs_G6,False,False,MAC,Conference USA,,,-8.0,Favorite,16.0,W,-7.5,1.0
2025,2,2025-09-06T23:00:00.000Z,401756884,Rice,Big 12,American,P4,G6,P4_vs_G6,False,False,Big 12,American,,,-13.5,Favorite,12.5,W,-13.5,1.0
2025,2,2025-09-06T23:30:00.000Z,401752687,Louisiana Tech,SEC,Conference USA,P4,G6,P4_vs_G6,False,False,SEC,Conference USA,,,-36.5,Favorite,-20.5,L,-36.5,4.0
2025,2,2025-09-06T23:30:00.000Z,401752810,Akron,Big Ten,MAC,P4,G6,P4_vs_G6,False,False,Big Ten,MAC,,,-33.75,Favorite,34.25,W,-33.5,0.0
2025,3,2025-09-13T16:00:00.000Z,401761608,Memphis,Sun Belt,American,G6,G6,G6_vs_G6,False,False,Sun Belt,American,,,4.5,Underdog,-16.5,L,4.5,
2025,3,2025-09-13T16:00:00.000Z,401752703,Temple,SEC,American,P4,G6,P4_vs_G6,False,False,SEC,American,,,-23.833333333333332,Favorite,15.166666666666668,W,-24.5,-1.0
2025,3,2025-09-13T16:45:00.000Z,401752697,South Alabama,SEC,Sun Belt,P4,G6,P4_vs_G6,False,False,SEC,Sun Belt,,,-26.333333333333332,Favorite,-10.333333333333332,L,-26.5,1.0
2025,3,2025-09-13T21:00:00.000Z,401757256,Bowling Green,Conference USA,MAC,G6,G6,G6_vs_G6,False,False,Conference USA,MAC,,,-6.0,Favorite,-16.0,L,-6.5,-1.0
2025,3,2025-09-13T23:00:00.000Z,401752829,Western Michigan,Big Ten,MAC,P4,G6,P4_vs_G6,False,False,Big Ten,MAC,,,-27.5,Favorite,10.5,W,-27.5,-1.0
2025,3,2025-09-13T23:00:00.000Z,401752700,Ole Miss,SEC,SEC,P4,P4,P4_vs_P4,False,False,SEC,SEC,,,3.8333333333333335,Underdog,-2.1666666666666665,L,4.5,4.0
2025,3,2025-09-13T23:30:00.000Z,401761604,East Carolina,Sun Belt,American,G6,G6,G6_vs_G6,False,False,Sun Belt,American,,,7.166666666666667,Underdog,-30.833333333333332,L,7.5,-1.0
2025,3,2025-09-13T23:30:00.000Z,401752698,Eastern Michigan,SEC,MAC,P4,G6,P4_vs_G6,False,False,SEC,MAC,,,-26.666666666666668,Favorite,-1.666666666666668,L,-26.5,1.0
2025,3,2025-09-13T23:30:00.000Z,401757257,Louisiana Tech,Conference USA,Conference USA,G6,G6,G6_vs_G6,False,False,Conference USA,Conference USA,,,10.166666666666666,Underdog,-24.833333333333336,L,10.5,2.0
2025,3,2025-09-14T00:00:00.000Z,401756895,Utah,Mountain West,Big 12,G6,P4,G6_vs_P4,False,False,Mountain West,Big 12,,,24.5,Underdog,-0.5,L,24.5,-2.0
2025,3,2025-09-14T00:00:00.000Z,401756895,Wyoming,Big 12,Mountain West,P4,G6,P4_vs_G6,False,False,Big 12,Mountain West,,,-24.5,Favorite,0.5,W,-24.5,2.0
2025,4,2025-09-20T00:00:00.000Z,401752844,Iowa,Big Ten,Big Ten,P4,P4,P4_vs_P4,False,False,Big Ten,Big Ten,,,2.3333333333333335,Underdog,-7.666666666666666,L,2.0,0.0
2025,4,2025-09-20T16:00:00.000Z,401754636,SMU,Big 12,ACC,P4,P4,P4_vs_P4,False,False,Big 12,ACC,,,-6.5,Favorite,4.5,W,-6.5,0.0
2025,4,2025-09-20T16:00:00.000Z,401756901,Utah,Big 12,Big 12,P4,P4,P4_vs_P4,False,False,Big 12,Big 12,,,3.5,Underdog,27.5,W,3.5,1.0
2025,4,2025-09-20T16:00:00.000Z,401752708,Memphis,SEC,American,P4,G6,P4_vs_G6,False,False,SEC,American,,,-7.166666666666667,Favorite,-8.166666666666668,L,-7.0,0.5
2025,4,2025-09-20T19:30:00.000Z,401762820,Western Michigan,MAC,MAC,G6,G6,G6_vs_G6,False,False,MAC,MAC,,,-12.666666666666666,Favorite,-13.666666666666666,L,-11.5,-2.0
2025,4,2025-09-20T19:30:00.000Z,401757262,James Madison,Conference USA,Sun Belt,G6,G6,G6_vs_G6,False,False,Conference USA,Sun Belt,,,7.5,Underdog,-10.5,L,7.5,4.0
2025,4,2025-09-20T20:30:00.000Z,401754542,Temple,ACC,American,P4,G6,P4_vs_G6,False,False,ACC,American,,,-24.5,Favorite,-3.5,L,-24.5,1.0
2025,4,2025-09-20T23:00:00.000Z,401761611,Coastal Carolina,Sun Belt,Sun Belt,G6,G6,G6_vs_G6,False,False,Sun Belt,Sun Belt,,,-14.666666666666666,Favorite,-32.666666666666664,L,-14.5,0.0
2025,4,2025-09-20T23:00:00.000Z,401761611,South Alabama,Sun Belt,Sun Belt,G6,G6,G6_vs_G6,False,False,Sun Belt,Sun Belt,,,14.666666666666666,Underdog,32.666666666666664,W,14.5,0.0
2025,4,2025-09-20T23:00:00.000Z,401760372,Air Force,Mountain West,Mountain West,G6,G6,G6_vs_G6,False,False,Mountain West,Mountain West,,,-11.0,Favorite,1.0,W,-11.5,3.0
2025,4,2025-09-20T23:30:00.000Z,401757263,Louisiana Tech,Sun Belt,Conference USA,G6,G6,G6_vs_G6,False,False,Sun Belt,Conference USA,,,3.1666666666666665,Underdog,-6.833333333333334,L,3.5,-1.0
2025,4,2025-09-20T23:30:00.000Z,401756898,East Carolina,Big 12,American,P4,G6,P4_vs_G6,False,False,Big 12,American,,,-6.166666666666667,Favorite,14.833333333333332,W,-5.5,-2.0
2023,1,2023-09-01T00:00:00.000Z,401520176,Florida,,SEC,,P4,Other,,False,,SEC,,,-6.3,Favorite,6.7,W,-5.5,
2023,1,2023-09-01T23:00:00.000Z,401525463,Miami (OH),ACC,MAC,P4,G6,P4_vs_G6,False,False,ACC,MAC,,,-16.625,Favorite,18.375,W,-16.5,
2023,1,2023-09-01T23:00:00.000Z,401525463,Miami,MAC,ACC,G6,P4,G6_vs_P4,False,False,MAC,ACC,,,16.625,Underdog,-18.375,L,16.5,
2023,1,2023-09-02T16:00:00.000Z,401520172,SMU,Conference USA,American,G6,G6,G6_vs_G6,False,False,Conference USA,American,,,20.125,Underdog,-3.875,L,21.0,
2023,1,2023-09-02T16:00:00.000Z,401520162,East Carolina,Big Ten,American,P4,G6,P4_vs_G6,False,False,Big Ten,American,,,-35.4,Favorite,-8.399999999999999,L,-36.0,
2023,1,2023-09-02T16:00:00.000Z,401523994,Colorado,Big 12,,P4,,Other,False,,Big 12,,,,-20.6,Favorite,-23.6,L,-20.5,
2023,1,2023-09-02T16:00:00.000Z,401520179,Virginia,SEC,ACC,P4,P4,P4_vs_P4,False,False,SEC,ACC,,,-27.7,Favorite,8.3,W,-27.5,
2023,1,2023-09-02T19:30:00.000Z,401520156,Ohio State,Big Ten,Big Ten,P4,P4,P4_vs_P4,False,False,Big Ten,Big Ten,,,29.1,Underdog,9.1,W,30.0,
2023,1,2023-09-02T19:30:00.000Z,401520180,Buffalo,Big Ten,MAC,P4,G6,P4_vs_G6,False,False,Big Ten,MAC,,,-27.0,Favorite,-6.0,L,-29.0,
2023,1,2023-09-02T20:00:00.000Z,401523991,California,American,,G6,,Other,True,,Conference USA,,0.0,,6.5,Underdog,-30.5,L,5.0,
2023,1,2023-09-02T22:30:00.000Z,401523996,Nevada,,Mountain West,,G6,Other,,False,,Mountain West,,,-37.875,Favorite,14.125,W,-37.5,
2023,1,2023-09-02T23:30:00.000Z,401520169,West Virginia,Big Ten,Big 12,P4,P4,P4_vs_P4,False,False,Big Ten,Big 12,,,-20.6,Favorite,2.3999999999999986,W,-21.0,
2023,1,2023-09-02T23:30:00.000Z,401520169,Penn State,Big 12,Big Ten,P4,P4,P4_vs_P4,False,False,Big 12,Big Ten,,,20.6,Underdog,-2.3999999999999986,L,21.0,
2023,1,2023-09-02T23:30:00.000Z,401520149,Alabama,Conference USA,SEC,G6,P4,G6_vs_P4,False,False,Conference USA,SEC,,,39.375,Underdog,-9.625,L,39.5,
2023,1,2023-09-03T02:15:00.000Z,401520152,BYU,Conference USA,Big 12,G6,P4,G6_vs_P4,False,True,,Independent,,0.0,20.375,Underdog,6.375,W,19.0,
2023,1,2023-09-03T16:00:00.000Z,401520171,Northwestern,Big Ten,Big Ten,P4,P4,P4_vs_P4,False,False,Big Ten,Big Ten,,,-6.1,Favorite,10.9,W,-5.0,
2023,2,2023-09-09T16:00:00.000Z,401523999,Baylor,,Big 12,,P4,Other,,False,,Big 12,,,-7.0,Favorite,0.0,P,-7.0,
2023,2,2023-09-09T16:00:00.000Z,401525498,Virginia,Sun Belt,ACC,G6,P4,G6_vs_P4,False,False,Sun Belt,ACC,,,-6.0,Favorite,-5.0,L,-6.0,
2023,2,2023-09-09T19:30:00.000Z,401520201,Miami,SEC,ACC,P4,P4,P4_vs_P4,False,False,SEC,ACC,,,-2.8333333333333335,Favorite,-17.833333333333332,L,-3.0,
2023,2,2023-09-09T21:00:00.000Z,401524004,Tulsa,,American,,G6,Other,,False,,American,,,-33.666666666666664,Favorite,-0.6666666666666643,L,-34.0,
2023,2,2023-09-09T23:00:00.000Z,401520206,Middle Tennessee,SEC,Conference USA,P4,G6,P4_vs_G6,False,False,SEC,Conference USA,,,-21.0,Favorite,-17.0,L,-21.0,
2023,2,2023-09-09T23:30:00.000Z,401520204,Minnesota,MAC,Big Ten,G6,P4,G6_vs_P4,False,False,MAC,Big Ten,,,19.666666666666668,Underdog,0.6666666666666679,W,19.5,
2023,2,2023-09-10T00:00:00.000Z,401520211,Air Force,Conference USA,Mountain West,G6,G6,G6_vs_G6,False,False,,Mountain West,,,13.166666666666666,Underdog,3.166666666666666,W,13.5,
2023,2,2023-09-10T02:30:00.000Z,401524003,Stanford,,,,,Other,,,,,,,-28.666666666666668,Favorite,17.333333333333332,W,-28.5,
2023,2,2023-09-10T02:30:00.000Z,401520186,California,SEC,,P4,,Other,False,,SEC,,,,-4.833333333333333,Favorite,-0.833333333333333,L,-5.0,
2023,3,2023-09-16T16:00:00.000Z,401520230,Louisville,Big Ten,ACC,P4,P4,P4_vs_P4,False,False,Big Ten,ACC,,,10.0,Underdog,3.0,W,10.0,
2023,3,2023-09-16T18:30:00.000Z,401525437,Central Michigan,Independent,MAC,Independent,G6,Other,False,False,Independent,MAC,,,-34.75,Favorite,-10.75,L,-34.5,
2023,3,2023-09-16T19:30:00.000Z,401520239,Minnesota,ACC,Big Ten,P4,P4,P4_vs_P4,False,False,ACC,Big Ten,,,-6.666666666666667,Favorite,11.333333333333332,W,-7.0,
2023,3,2023-09-16T19:30:00.000Z,401520244,Alabama,American,SEC,G6,P4,G6_vs_P4,False,False,American,SEC,,,34.25,Underdog,20.25,W,34.0,
2023,3,2023-09-16T20:00:00.000Z,401520245,UL Monroe,SEC,Sun Belt,P4,G6,P4_vs_G6,False,False,SEC,Sun Belt,,,-36.5,Favorite,7.5,W,-36.5,
2023,3,2023-09-16T23:00:00.000Z,401520229,Louisiana Tech,American,Conference USA,G6,G6,G6_vs_G6,True,False,Conference USA,Conference USA,0.0,,4.5,Underdog,7.5,W,4.5,
2023,3,2023-09-16T23:00:00.000Z,401525835,Cincinnati,MAC,Big 12,G6,P4,G6_vs_P4,False,True,MAC,American,,0.0,14.25,Underdog,21.25,W,14.5,
2023,3,2023-09-16T23:00:00.000Z,401520224,Florida,SEC,SEC,P4,P4,P4_vs_P4,False,False,SEC,SEC,,,-5.666666666666667,Favorite,-18.666666666666668,L,-5.0,
2023,3,2023-09-16T23:30:00.000Z,401525503,Pittsburgh,Big 12,ACC,P4,P4,P4_vs_P4,False,False,Big 12,ACC,,,-1.0,Favorite,10.0,W,-2.5,
2023,3,2023-09-17T02:30:00.000Z,401525837,Nevada,Big 12,Mountain West,P4,G6,P4_vs_G6,False,False,Big 12,Mountain West,,,-28.5,Favorite,-21.5,L,-28.5,
2023,4,2023-09-23T16:00:00.000Z,401525849,SMU,Big 12,American,P4,G6,P4_vs_G6,False,False,Big 12,American,,,-6.833333333333333,Favorite,10.166666666666668,W,-7.0,
2023,4,2023-09-23T19:30:00.000Z,401525506,Louisville,ACC,ACC,P4,P4,P4_vs_P4,False,False,ACC,ACC,,,13.833333333333334,Underdog,-14.166666666666666,L,14.0,
2023,4,2023-09-23T19:30:00.000Z,401525509,Miami,American,ACC,G6,P4,G6_vs_P4,False,False,American,ACC,,,23.333333333333332,Underdog,-10.666666666666668,L,23.0,
2023,4,2023-09-23T19:30:00.000Z,401525847,BYU,Big 12,Big 12,P4,P4,P4_vs_P4,False,True,Big 12,Independent,,0.0,-9.333333333333334,Favorite,1.666666666666666,W,-9.0,
2023,4,2023-09-23T19:30:00.000Z,401524017,UCLA,,,,,Other,,,,,,,-3.8333333333333335,Favorite,3.1666666666666665,W,-3.0,
2023,4,2023-09-23T20:00:00.000Z,401520269,UTSA,SEC,American,P4,G6,P4_vs_G6,False,True,SEC,Conference USA,,0.0,-23.333333333333332,Favorite,7.666666666666668,W,-24.0,
2023,4,2023-09-23T20:00:00.000Z,401531423,South Florida,American,American,G6,G6,G6_vs_G6,True,False,Conference USA,American,0.0,,-2.5,Favorite,-15.5,L,-2.5,
2023,4,2023-09-23T21:00:00.000Z,401520257,Jacksonville State,MAC,Conference USA,G6,G6,G6_vs_G6,False,False,MAC,,,,6.5,Underdog,-14.5,L,6.5,
2023,4,2023-09-23T21:00:00.000Z,401531876,Central Michigan,Sun Belt,MAC,G6,G6,G6_vs_G6,False,False,Sun Belt,MAC,,,-16.166666666666668,Favorite,-20.166666666666668,L,-16.5,
2023,4,2023-09-23T23:30:00.000Z,401521330,Ohio State,Independent,Big Ten,Independent,P4,Other,False,False,Independent,Big Ten,,,3.1666666666666665,Underdog,0.1666666666666665,W,3.0,
2023,4,2023-09-23T23:30:00.000Z,401520252,UAB,SEC,American,P4,G6,P4_vs_G6,False,True,SEC,Conference USA,,0.0,-40.833333333333336,Favorite,-12.833333333333336,L,-40.0,
2023,4,2023-09-24T00:00:00.000Z,401525510,Pittsburgh,ACC,ACC,P4,P4,P4_vs_P4,False,False,ACC,ACC,,,-7.166666666666667,Favorite,9.833333333333332,W,-7.0,
2023,4,2023-09-24T02:30:00.000Z,401524018,California,,,,,Other,,,,,,,-20.5,Favorite,6.5,W,-21.0,
2024,1,2024-08-30T00:00:00.000Z,401640998,Coastal Carolina,Conference USA,Sun Belt,G6,G6,G6_vs_G6,False,False,Conference USA,Sun Belt,,,-3.5,Favorite,-31.5,L,-3.5,
2024,1,2024-08-30T00:00:00.000Z,401628448,North Carolina,Big Ten,ACC,P4,P4,P4_vs_P4,False,False,Big Ten,ACC,,,0.3333333333333333,Underdog,-1.6666666666666667,L,1.5,
2024,1,2024-08-30T23:00:00.000Z,401628328,Temple,SEC,American,P4,G6,P4_vs_G6,True,False,Big 12,American,0.0,,-43.0,Favorite,5.0,W,-43.5,
2024,1,2024-08-31T16:00:00.000Z,401628333,Vanderbilt,ACC,SEC,P4,P4,P4_vs_P4,False,False,ACC,SEC,,,-13.333333333333334,Favorite,-20.333333333333336,L,-13.5,
2024,1,2024-08-31T19:30:00.000Z,401628454,UTEP,Big Ten,Conference USA,P4,G6,P4_vs_G6,False,False,Big Ten,Conference USA,,,-27.5,Favorite,5.5,W,-27.5,0.5
2024,1,2024-08-31T19:30:00.000Z,401634304,Ohio,ACC,MAC,P4,G6,P4_vs_G6,False,False,ACC,MAC,,,-17.333333333333332,Favorite,-1.333333333333332,L,-17.5,
2024,1,2024-08-31T21:00:00.000Z,401643775,South Alabama,American,Sun Belt,G6,G6,G6_vs_G6,False,False,American,Sun Belt,,,5.833333333333333,Underdog,19.833333333333332,W,5.5,
2024,1,2024-08-31T23:00:00.000Z,401628319,Alabama,Conference USA,SEC,G6,P4,G6_vs_P4,False,False,Conference USA,SEC,,,34.166666666666664,Underdog,-28.833333333333336,L,37.5,
2024,1,2024-08-31T23:45:00.000Z,401628324,Kentucky,Sun Belt,SEC,G6,P4,G6_vs_P4,False,False,Sun Belt,SEC,,,25.5,Underdog,-5.5,L,25.5,
2024,1,2024-09-01T23:30:00.000Z,401628334,USC,SEC,Big Ten,P4,P4,P4_vs_P4,False,True,SEC,Pac-12,,0.0,-3.8333333333333335,Favorite,-10.833333333333334,L,-3.5,-0.5
2024,2,2024-09-07T01:00:00.000Z,401635533,Duke,Big Ten,ACC,P4,P4,P4_vs_P4,False,False,Big Ten,ACC,,,-2.1666666666666665,Favorite,-8.166666666666666,L,-1.5,-1.0
2024,2,2024-09-07T16:00:00.000Z,401643784,Troy,American,Sun Belt,G6,G6,G6_vs_G6,False,False,American,Sun Belt,,,-18.666666666666668,Favorite,2.333333333333332,W,-18.5,1.5
2024,2,2024-09-07T16:00:00.000Z,401628470,Bowling Green,Big Ten,MAC,P4,G6,P4_vs_G6,False,False,Big Ten,MAC,,,-34.833333333333336,Favorite,-27.833333333333336,L,-35.0,3.0
2024,2,2024-09-07T16:00:00.000Z,401628471,Akron,Big Ten,MAC,P4,G6,P4_vs_G6,False,False,Big Ten,MAC,,,-24.5,Favorite,7.5,W,-24.5,1.5
2024,2,2024-09-07T16:00:00.000Z,401628347,Michigan,SEC,Big Ten,P4,P4,P4_vs_P4,True,False,Big 12,Big Ten,0.0,,-6.666666666666667,Favorite,12.333333333333332,W,-6.5,-1.0
2024,2,2024-09-07T19:30:00.000Z,401645324,Temple,American,American,G6,G6,G6_vs_G6,False,False,American,American,,,-12.166666666666666,Favorite,14.833333333333334,W,-13.5,0.5
2024,2,2024-09-07T19:30:00.000Z,401635535,Louisville,Conference USA,ACC,G6,P4,G6_vs_P4,False,False,Conference USA,ACC,,,28.5,Underdog,-6.5,L,29.0,-2.0
2024,2,2024-09-07T22:30:00.000Z,401636617,UCF,Conference USA,Big 12,G6,P4,G6_vs_P4,False,False,Conference USA,Big 12,,,21.5,Underdog,-9.5,L,21.5,2.0
2024,2,2024-09-07T23:45:00.000Z,401628345,Oklahoma,Big 12,SEC,P4,P4,P4_vs_P4,False,True,Big 12,Big 12,,0.0,27.666666666666668,Underdog,23.666666666666668,W,28.0,-1.0
2024,2,2024-09-08T02:00:00.000Z,401628469,Boise State,Big Ten,Mountain West,P4,G6,P4_vs_G6,True,False,Pac-12,Mountain West,0.0,,-18.833333333333332,Favorite,-15.833333333333332,L,-18.0,0.0
2024,3,2024-09-14T16:00:00.000Z,401628350,Alabama,Big Ten,SEC,P4,P4,P4_vs_P4,False,False,Big Ten,SEC,,,15.166666666666666,Underdog,-16.833333333333336,L,15.5,-6.0
2024,3,2024-09-14T16:00:00.000Z,401636868,Texas Tech,American,Big 12,G6,P4,G6_vs_P4,False,False,American,Big 12,,,10.333333333333334,Underdog,-34.666666666666664,L,9.5,0.0
2024,3,2024-09-14T16:00:00.000Z,401635542,Florida State,American,ACC,G6,P4,G6_vs_P4,False,False,American,ACC,,,6.833333333333333,Underdog,14.833333333333332,W,7.0,0.0
2024,3,2024-09-14T19:30:00.000Z,401628358,Tulane,SEC,American,P4,G6,P4_vs_G6,True,False,Big 12,American,0.0,,-13.333333333333334,Favorite,1.666666666666666,W,-13.5,0.0
2024,3,2024-09-14T19:30:00.000Z,401628483,Oregon State,Big Ten,,P4,,Other,True,,Pac-12,,0.0,,-17.666666666666668,Favorite,17.333333333333332,W,-18.0,-2.5
2024,3,2024-09-14T23:00:00.000Z,401641024,Middle Tennessee,Conference USA,Conference USA,G6,G6,G6_vs_G6,False,False,Conference USA,Conference USA,,,-8.5,Favorite,19.5,W,-7.5,0.0
2024,3,2024-09-14T23:00:00.000Z,401628361,UTSA,SEC,American,P4,G6,P4_vs_G6,True,False,Big 12,American,0.0,,-35.5,Favorite,13.5,W,-34.5,0.0
2024,3,2024-09-14T23:00:00.000Z,401640999,Eastern Michigan,Conference USA,MAC,G6,G6,G6_vs_G6,False,False,Conference USA,MAC,,,-1.0,Favorite,-4.0,L,2.0,0.0
2024,3,2024-09-14T23:30:00.000Z,401636866,UCF,Big 12,Big 12,P4,P4,P4_vs_P4,False,False,Big 12,Big 12,,,-2.1666666666666665,Favorite,-3.1666666666666665,L,-2.5,4.5
2024,3,2024-09-15T00:00:00.000Z,401628478,Maryland,ACC,Big Ten,P4,P4,P4_vs_P4,False,False,ACC,Big Ten,,,-1.1666666666666667,Favorite,-15.166666666666666,L,2.0,0.0
2024,3,2024-09-15T01:00:00.000Z,401636871,Wyoming,Big 12,Mountain West,P4,G6,P4_vs_G6,False,False,Big 12,Mountain West,,,-9.666666666666666,Favorite,10.333333333333334,W,-10.0,0.0
2024,3,2024-09-15T02:30:00.000Z,401635541,San Diego State,ACC,Mountain West,P4,G6,P4_vs_G6,True,False,Pac-12,Mountain West,0.0,,-18.666666666666668,Favorite,2.333333333333332,W,-18.0,0.0
2024,4,2024-09-21T16:00:00.000Z,401643791,Tulane,Sun Belt,American,G6,G6,G6_vs_G6,False,False,Sun Belt,American,,,1.5,Underdog,-6.5,L,1.5,
2024,4,2024-09-21T18:00:00.000Z,401635558,Coastal Carolina,ACC,Sun Belt,P4,G6,P4_vs_G6,False,False,ACC,Sun Belt,,,-3.5,Favorite,15.5,W,-3.5,0.5
2024,4,2024-09-21T19:00:00.000Z,401641000,Southern Miss,Conference USA,Sun Belt,G6,G6,G6_vs_G6,False,False,Conference USA,Sun Belt,,,-6.166666666666667,Favorite,30.833333333333332,W,-6.5,0.0
2024,4,2024-09-21T19:30:00.000Z,401628365,UCLA,SEC,Big Ten,P4,P4,P4_vs_P4,False,True,SEC,Pac-12,,0.0,-21.5,Favorite,-4.5,L,-21.5,-1.5
2024,4,2024-09-21T23:00:00.000Z,401635551,Florida State,ACC,ACC,P4,P4,P4_vs_P4,True,False,Pac-12,ACC,0.0,,2.8333333333333335,Underdog,-2.1666666666666665,L,2.5,-0.5
2024,4,2024-09-21T23:00:00.000Z,401628491,Washington,Big Ten,Big Ten,P4,P4,P4_vs_P4,False,True,Big Ten,Pac-12,,0.0,11.833333333333334,Underdog,-7.166666666666666,L,12.0,-1.5
2024,4,2024-09-21T23:00:00.000Z,401643716,Wyoming,American,Mountain West,G6,G6,G6_vs_G6,False,False,American,Mountain West,,,-7.0,Favorite,20.0,W,-7.5,-2.0
2024,4,2024-09-21T23:00:00.000Z,401643716,North Texas,Mountain West,American,G6,G6,G6_vs_G6,False,False,Mountain West,American,,,7.0,Underdog,-20.0,L,7.5,2.0
2024,4,2024-09-21T23:00:00.000Z,401641037,Toledo,Conference USA,MAC,G6,G6,G6_vs_G6,False,False,Conference USA,MAC,,,2.3333333333333335,Underdog,7.333333333333334,W,2.5,-3.5
2024,4,2024-09-21T23:30:00.000Z,401628369,Tennessee,SEC,SEC,P4,P4,P4_vs_P4,True,False,Big 12,SEC,0.0,,6.0,Underdog,-4.0,L,5.5,2.0
2024,4,2024-09-21T23:30:00.000Z,401628372,Bowling Green,SEC,MAC,P4,G6,P4_vs_G6,False,False,SEC,MAC,,,-21.166666666666668,Favorite,-15.166666666666668,L,-21.0,-2.0
2024,4,2024-09-22T00:00:00.000Z,401628371,UL Monroe,SEC,Sun Belt,P4,G6,P4_vs_G6,True,False,Big 12,Sun Belt,0.0,,-43.0,Favorite,5.0,W,-41.5,-3.5
2025,1,2025-08-29T00:00:00.000Z,401752793,Buffalo,Big Ten,MAC,P4,G6,P4_vs_G6,False,False,Big Ten,MAC,,,-17.166666666666668,Favorite,-4.166666666666668,L,-18.5,0.0
2025,1,2025-08-29T00:00:00.000Z,401752793,Minnesota,MAC,Big Ten,G6,P4,G6_vs_P4,False,False,MAC,Big Ten,,,17.166666666666668,Underdog,4.166666666666668,W,18.5,0.0
2025,1,2025-08-29T01:00:00.000Z,401762791,Miami (OH),Big Ten,MAC,P4,G6,P4_vs_G6,False,False,Big Ten,MAC,,,-18.0,Favorite,-1.0,L,-18.0,0.5
2025,1,2025-08-30T00:00:00.000Z,401754375,Colorado,ACC,Big 12,P4,P4,P4_vs_P4,False,False,ACC,Big 12,,,-3.6666666666666665,Favorite,3.3333333333333335,W,-3.5,0.0
2025,1,2025-08-30T16:00:00.000Z,401752803,Tulane,Big Ten,American,P4,G6,P4_vs_G6,False,False,Big Ten,American,,,6.0,Underdog,-14.0,L,5.0,2.5
2025,1,2025-08-30T16:00:00.000Z,401752676,Syracuse,SEC,ACC,P4,P4,P4_vs_P4,False,False,SEC,ACC,,,-13.5,Favorite,5.5,W,-13.5,-1.0
2025,1,2025-08-30T16:00:00.000Z,401752676,Tennessee,ACC,SEC,P4,P4,P4_vs_P4,False,False,ACC,SEC,,,13.5,Underdog,-5.5,L,13.5,1.0
2025,1,2025-08-30T16:00:00.000Z,401752677,Ohio State,SEC,Big Ten,P4,P4,P4_vs_P4,False,False,SEC,Big Ten,,,2.1666666666666665,Underdog,-4.833333333333334,L,2.0,1.0
2025,1,2025-08-30T18:30:00.000Z,401752806,Old Dominion,Big Ten,Sun Belt,P4,G6,P4_vs_G6,False,False,Big Ten,Sun Belt,,,-23.333333333333332,Favorite,-10.333333333333332,L,-23.0,-0.5
2025,1,2025-08-30T23:30:00.000Z,401752808,New Mexico,Big Ten,Mountain West,P4,G6,P4_vs_G6,False,False,Big Ten,Mountain West,,,-35.166666666666664,Favorite,-18.166666666666664,L,-34.5,0.0
2025,1,2025-08-31T23:30:00.000Z,401754522,Miami,Independent,ACC,Independent,P4,Other,False,False,Independent,ACC,,,-2.6666666666666665,Favorite,-5.666666666666666,L,-3.0,0.5
2025,2,2025-09-06T16:00:00.000Z,401757227,Jacksonville State,Conference USA,Conference USA,G6,G6,G6_vs_G6,False,False,Conference USA,Conference USA,,,-6.25,Favorite,-16.25,L,-6.5,1.0
2025,2,2025-09-06T19:30:00.000Z,401752818,Miami (OH),Big Ten,MAC,P4,G6,P4_vs_G6,False,False,Big Ten,MAC,,,-15.5,Favorite,12.5,W,-15.5,2.0
2025,2,2025-09-06T19:30:00.000Z,401756880,Bowling Green,Big 12,MAC,P4,G6,P4_vs_G6,False,False,Big 12,MAC,,,-22.0,Favorite,-8.0,L,-22.5,4.5
2025,2,2025-09-06T19:30:00.000Z,401756881,Colorado,Conference USA,Big 12,G6,P4,G6_vs_P4,False,False,,Big 12,,,23.5,Underdog,-0.5,L,23.5,1.0
2025,2,2025-09-06T19:30:00.000Z,401762461,Western Michigan,American,MAC,G6,G6,G6_vs_G6,False,False,American,MAC,,,-12.25,Favorite,-9.25,L,-12.5,2.0
2025,2,2025-09-06T20:00:00.000Z,401756883,West Virginia,MAC,Big 12,G6,P4,G6_vs_P4,False,False,MAC,Big 12,,,3.5,Underdog,10.5,W,3.5,-0.5
2025,2,2025-09-06T23:00:00.000Z,401756884,Rice,Big 12,American,P4,G6,P4_vs_G6,False,False,Big 12,American,,,-13.5,Favorite,12.5,W,-13.5,1.0
2025,2,2025-09-07T01:00:00.000Z,401757229,Tulsa,Conference USA,American,G6,G6,G6_vs_G6,False,False,Conference USA,American,,,3.25,Underdog,10.25,W,3.5,0.0
2025,2,2025-09-07T02:15:00.000Z,401752948,Washington State,Mountain West,,G6,,Other,False,,Mountain West,,,,2.25,Underdog,-20.75,L,2.5,-1.0
2025,3,2025-09-12T23:30:00.000Z,401756893,Colorado,Big 12,Big 12,P4,P4,P4_vs_P4,False,False,Big 12,Big 12,,,-3.8333333333333335,Favorite,12.166666666666666,W,-4.0,-0.5
2025,3,2025-09-13T16:00:00.000Z,401761608,Memphis,Sun Belt,American,G6,G6,G6_vs_G6,False,False,Sun Belt,American,,,4.5,Underdog,-16.5,L,4.5,
2025,3,2025-09-13T16:00:00.000Z,401752831,Oregon,Big Ten,Big Ten,P4,P4,P4_vs_P4,False,False,Big Ten,Big Ten,,,25.5,Underdog,5.5,W,24.5,3.0
2025,3,2025-09-13T17:00:00.000Z,401752702,Louisiana,SEC,Sun Belt,P4,G6,P4_vs_G6,False,False,SEC,Sun Belt,,,-27.5,Favorite,14.5,W,-27.5,5.0
2025,3,2025-09-13T19:30:00.000Z,401754638,West Virginia,ACC,Big 12,P4,P4,P4_vs_P4,False,False,ACC,Big 12,,,-6.833333333333333,Favorite,-13.833333333333332,L,-7.0,2.5
2025,3,2025-09-13T19:30:00.000Z,401752705,Georgia,SEC,SEC,P4,P4,P4_vs_P4,False,False,SEC,SEC,,,3.5,Underdog,0.5,W,3.5,3.0
2025,3,2025-09-13T19:30:00.000Z,401752949,Washington State,American,,G6,,Other,False,,American,,,,-6.5,Favorite,42.5,W,-6.5,1.0
2025,3,2025-09-13T20:30:00.000Z,401754535,Miami,American,ACC,G6,P4,G6_vs_P4,False,False,American,ACC,,,17.666666666666668,Underdog,-19.333333333333332,L,17.5,-2.0
2025,3,2025-09-13T21:00:00.000Z,401757256,Bowling Green,Conference USA,MAC,G6,G6,G6_vs_G6,False,False,Conference USA,MAC,,,-6.0,Favorite,-16.0,L,-6.5,-1.0
2025,3,2025-09-13T23:00:00.000Z,401752827,Ohio State,MAC,Big Ten,G6,P4,G6_vs_P4,False,False,MAC,Big Ten,,,28.333333333333332,Underdog,0.3333333333333321,W,28.5,-3.0
2025,3,2025-09-13T23:00:00.000Z,401752829,Western Michigan,Big Ten,MAC,P4,G6,P4_vs_G6,False,False,Big Ten,MAC,,,-27.5,Favorite,10.5,W,-27.5,-1.0
2025,3,2025-09-13T23:30:00.000Z,401757257,Louisiana Tech,Conference USA,Conference USA,G6,G6,G6_vs_G6,False,False,Conference USA,Conference USA,,,10.166666666666666,Underdog,-24.833333333333336,L,10.5,2.0
2025,3,2025-09-13T23:30:00.000Z,401752707,Notre Dame,SEC,Independent,P4,Independent,Other,False,False,SEC,Independent,,,6.833333333333333,Underdog,7.833333333333333,W,6.5,0.0
2025,4,2025-09-20T16:00:00.000Z,401762469,North Texas,American,American,G6,G6,G6_vs_G6,False,False,American,American,,,2.5,Underdog,-4.5,L,2.5,-1.5
2025,4,2025-09-20T16:00:00.000Z,401762469,Army,American,American,G6,G6,G6_vs_G6,False,False,American,American,,,-2.5,Favorite,4.5,W,-2.5,1.5
2025,4,2025-09-20T16:00:00.000Z,401754537,Syracuse,ACC,ACC,P4,P4,P4_vs_P4,False,False,ACC,ACC,,,-17.5,Favorite,-30.5,L,-17.5,1.0
2025,4,2025-09-20T16:00:00.000Z,401752845,Maryland,Big Ten,Big Ten,P4,P4,P4_vs_P4,False,False,Big Ten,Big Ten,,,-10.5,Favorite,-27.5,L,-10.5,4.0
2025,4,2025-09-20T16:45:00.000Z,401752715,UAB,SEC,American,P4,G6,P4_vs_G6,False,False,SEC,American,,,-39.0,Favorite,-7.0,L,-38.5,1.0
2025,4,2025-09-20T19:00:00.000Z,401752841,Oregon,,Big Ten,,P4,Other,,False,,Big Ten,,,34.0,Underdog,0.0,P,34.5,0.0
2025,4,2025-09-20T19:30:00.000Z,401752848,Purdue,Independent,Big Ten,Independent,P4,Other,False,False,Independent,Big Ten,,,-24.5,Favorite,1.5,W,-24.5,-2.0
2025,4,2025-09-20T19:30:00.000Z,401761613,Buffalo,Sun Belt,MAC,G6,G6,G6_vs_G6,False,False,Sun Belt,MAC,,,5.833333333333333,Underdog,9.833333333333332,W,6.5,0.0
2025,4,2025-09-20T19:30:00.000Z,401752711,Ole Miss,American,SEC,G6,P4,G6_vs_P4,False,False,American,SEC,,,12.166666666666666,Underdog,-22.833333333333336,L,11.5,1.0
2025,4,2025-09-20T23:30:00.000Z,401752709,Miami,SEC,ACC,P4,P4,P4_vs_P4,False,False,SEC,ACC,,,8.5,Underdog,-10.5,L,8.5,1.0
2023,1,2023-08-26T23:30:00.000Z,401520147,Hawai'i,SEC,Mountain West,P4,G6,P4_vs_G6,False,False,SEC,Mountain West,,,-17.625,Favorite,-10.625,L,-17.0,
2023,1,2023-09-01T00:00:00.000Z,401520176,Florida,,SEC,,P4,Other,,False,,SEC,,,-6.3,Favorite,6.7,W,-5.5,
2023,1,2023-09-01T00:00:00.000Z,401520148,Minnesota,Big Ten,Big Ten,P4,P4,P4_vs_P4,False,False,Big Ten,Big Ten,,,7.3,Underdog,4.3,W,7.5,
2023,1,2023-09-01T23:30:00.000Z,401525462,Louisville,ACC,ACC,P4,P4,P4_vs_P4,False,False,ACC,ACC,,,7.6,Underdog,2.5999999999999996,W,7.0,
2023,1,2023-09-02T03:00:00.000Z,401523988,Stanford,Mountain West,,G6,,Other,False,,Mountain West,,,,3.625,Underdog,-9.375,L,2.0,
2023,1,2023-09-02T16:00:00.000Z,401520172,SMU,Conference USA,American,G6,G6,G6_vs_G6,False,False,Conference USA,American,,,20.125,Underdog,-3.875,L,21.0,
2023,1,2023-09-02T16:00:00.000Z,401520162,East Carolina,Big Ten,American,P4,G6,P4_vs_G6,False,False,Big Ten,American,,,-35.4,Favorite,-8.399999999999999,L,-36.0,
2023,1,2023-09-02T16:00:00.000Z,401520179,Virginia,SEC,ACC,P4,P4,P4_vs_P4,False,False,SEC,ACC,,,-27.7,Favorite,8.3,W,-27.5,
2023,1,2023-09-02T18:00:00.000Z,401531387,Akron,American,MAC,G6,G6,G6_vs_G6,False,False,American,MAC,,,-9.875,Favorite,-6.875,L,-9.5,
2023,1,2023-09-02T19:30:00.000Z,401520180,Buffalo,Big Ten,MAC,P4,G6,P4_vs_G6,False,False,Big Ten,MAC,,,-27.0,Favorite,-6.0,L,-29.0,
2023,1,2023-09-02T22:30:00.000Z,401523996,Nevada,,Mountain West,,G6,Other,,False,,Mountain West,,,-37.875,Favorite,14.125,W,-37.5,
2023,1,2023-09-02T23:00:00.000Z,401520175,UL Monroe,Independent,Sun Belt,Independent,G6,Other,False,False,Independent,Sun Belt,,,-8.375,Favorite,-12.375,L,-8.5,
2023,1,2023-09-02T23:00:00.000Z,401520173,New Mexico,SEC,Mountain West,P4,G6,P4_vs_G6,False,False,SEC,Mountain West,,,-37.875,Favorite,4.125,W,-37.5,
2023,1,2023-09-02T23:30:00.000Z,401520149,Alabama,Conference USA,SEC,G6,P4,G6_vs_P4,False,False,Conference USA,SEC,,,39.375,Underdog,-9.625,L,39.5,
2023,1,2023-09-02T23:30:00.000Z,401525825,Texas Tech,Mountain West,Big 12,G6,P4,G6_vs_P4,False,False,Mountain West,Big 12,,,13.6,Underdog,15.6,W,13.0,
2023,1,2023-09-02T23:30:00.000Z,401520155,Illinois,MAC,Big Ten,G6,P4,G6_vs_P4,False,False,MAC,Big Ten,,,8.6,Underdog,6.6,W,7.0,
2023,1,2023-09-03T00:00:00.000Z,401525467,Old Dominion,ACC,Sun Belt,P4,G6,P4_vs_G6,False,False,ACC,Sun Belt,,,-15.75,Favorite,3.25,W,-16.0,
2023,1,2023-09-03T16:00:00.000Z,401520171,Northwestern,Big Ten,Big Ten,P4,P4,P4_vs_P4,False,False,Big Ten,Big Ten,,,-6.1,Favorite,10.9,W,-5.0,
2023,1,2023-09-03T23:30:00.000Z,401520182,LSU,ACC,SEC,P4,P4,P4_vs_P4,False,False,ACC,SEC,,,2.2,Underdog,23.2,W,2.0,
2023,2,2023-09-08T23:30:00.000Z,401520195,Illinois,Big 12,Big Ten,P4,P4,P4_vs_P4,False,False,Big 12,Big Ten,,,-3.6666666666666665,Favorite,7.333333333333334,W,-3.5,
2023,2,2023-09-09T15:00:00.000Z,401520216,Wake Forest,SEC,ACC,P4,P4,P4_vs_P4,False,False,SEC,ACC,,,9.666666666666666,Underdog,-6.333333333333334,L,9.5,
2023,2,2023-09-09T16:00:00.000Z,401523999,Baylor,,Big 12,,P4,Other,,False,,Big 12,,,-7.0,Favorite,0.0,P,-7.0,
2023,2,2023-09-09T16:00:00.000Z,401525498,Virginia,Sun Belt,ACC,G6,P4,G6_vs_P4,False,False,Sun Belt,ACC,,,-6.0,Favorite,-5.0,L,-6.0,
2023,2,2023-09-09T16:00:00.000Z,401520188,Colorado,Big Ten,,P4,,Other,False,,Big Ten,,,,2.8333333333333335,Underdog,-19.166666666666668,L,2.5,
2023,2,2023-09-09T19:30:00.000Z,401520201,Miami,SEC,ACC,P4,P4,P4_vs_P4,False,False,SEC,ACC,,,-2.8333333333333335,Favorite,-17.833333333333332,L,-3.0,
2023,2,2023-09-09T19:30:00.000Z,401525497,Western Michigan,ACC,MAC,P4,G6,P4_vs_G6,False,False,ACC,MAC,,,-24.666666666666668,Favorite,16.333333333333332,W,-24.5,
2023,2,2023-09-09T19:30:00.000Z,401520202,UNLV,Big Ten,Mountain West,P4,G6,P4_vs_G6,False,False,Big Ten,Mountain West,,,-37.833333333333336,Favorite,-9.833333333333336,L,-38.0,
2023,2,2023-09-09T20:00:00.000Z,401531411,East Carolina,Sun Belt,American,G6,G6,G6_vs_G6,False,False,Sun Belt,American,,,-2.8333333333333335,Favorite,15.166666666666666,W,-3.0,
2023,2,2023-09-09T21:00:00.000Z,401524004,Tulsa,,American,,G6,Other,,False,,American,,,-33.666666666666664,Favorite,-0.6666666666666643,L,-34.0,
2023,2,2023-09-09T22:00:00.000Z,401525830,SMU,Big 12,American,P4,G6,P4_vs_G6,False,False,Big 12,American,,,-16.333333333333332,Favorite,0.6666666666666679,W,-16.5,0.5
2023,2,2023-09-09T23:00:00.000Z,401525831,Houston,American,Big 12,G6,P4,G6_vs_P4,True,True,Conference USA,American,0.0,0.0,7.166666666666667,Underdog,9.166666666666668,W,7.5,
2023,2,2023-09-09T23:00:00.000Z,401520183,Alabama,Big 12,SEC,P4,P4,P4_vs_P4,False,False,Big 12,SEC,,,7.166666666666667,Underdog,17.166666666666668,W,7.0,
2023,2,2023-09-09T23:30:00.000Z,401520200,Charlotte,Big Ten,American,P4,G6,P4_vs_G6,False,True,Big Ten,Conference USA,,0.0,-24.5,Favorite,-6.5,L,-24.5,
2023,2,2023-09-09T23:30:00.000Z,401520217,Washington State,Big Ten,,P4,,Other,False,,Big Ten,,,,-5.333333333333333,Favorite,-14.333333333333332,L,-5.0,
2023,2,2023-09-10T00:00:00.000Z,401520211,Air Force,Conference USA,Mountain West,G6,G6,G6_vs_G6,False,False,,Mountain West,,,13.166666666666666,Underdog,3.166666666666666,W,13.5,
2023,2,2023-09-10T00:30:00.000Z,401525493,Southern Miss,ACC,Sun Belt,P4,G6,P4_vs_G6,False,False,ACC,Sun Belt,,,-31.0,Favorite,22.0,W,-31.0,
2023,2,2023-09-10T02:30:00.000Z,401524003,Stanford,,,,,Other,,,,,,,-28.666666666666668,Favorite,17.333333333333332,W,-28.5,
2023,3,2023-09-14T23:30:00.000Z,401531428,Memphis,American,American,G6,G6,G6_vs_G6,False,False,American,American,,,12.25,Underdog,8.25,W,12.5,
2023,3,2023-09-15T23:00:00.000Z,401531396,UTSA,Independent,American,Independent,G6,Other,False,True,Independent,Conference USA,,0.0,7.0,Underdog,15.0,W,7.0,
2023,3,2023-09-15T23:00:00.000Z,401520231,Virginia,Big Ten,ACC,P4,P4,P4_vs_P4,False,False,Big Ten,ACC,,,-16.25,Favorite,11.75,W,-16.5,
2023,3,2023-09-16T16:00:00.000Z,401520230,Louisville,Big Ten,ACC,P4,P4,P4_vs_P4,False,False,Big Ten,ACC,,,10.0,Underdog,3.0,W,10.0,
2023,3,2023-09-16T19:30:00.000Z,401520223,Northwestern,ACC,Big Ten,P4,P4,P4_vs_P4,False,False,ACC,Big Ten,,,-17.0,Favorite,7.0,W,-17.0,
2023,3,2023-09-16T19:30:00.000Z,401520239,Minnesota,ACC,Big Ten,P4,P4,P4_vs_P4,False,False,ACC,Big Ten,,,-6.666666666666667,Favorite,11.333333333333332,W,-7.0,
2023,3,2023-09-16T19:30:00.000Z,401525842,Tulsa,Big 12,American,P4,G6,P4_vs_G6,False,False,Big 12,American,,,-28.0,Favorite,21.0,W,-28.0,
2023,3,2023-09-16T19:30:00.000Z,401520244,Alabama,American,SEC,G6,P4,G6_vs_P4,False,False,American,SEC,,,34.25,Underdog,20.25,W,34.0,
2023,3,2023-09-16T20:00:00.000Z,401531348,Southern Miss,American,Sun Belt,G6,G6,G6_vs_G6,False,False,American,Sun Belt,,,-7.75,Favorite,10.25,W,-8.0,
2023,3,2023-09-16T20:00:00.000Z,401520245,UL Monroe,SEC,Sun Belt,P4,G6,P4_vs_G6,False,False,SEC,Sun Belt,,,-36.5,Favorite,7.5,W,-36.5,
2023,3,2023-09-16T20:00:00.000Z,401520240,Western Kentucky,Big Ten,Conference USA,P4,G6,P4_vs_G6,False,False,Big Ten,Conference USA,,,-29.5,Favorite,23.5,W,-29.5,
2023,3,2023-09-16T23:00:00.000Z,401525835,Cincinnati,MAC,Big 12,G6,P4,G6_vs_P4,False,True,MAC,American,,0.0,14.25,Underdog,21.25,W,14.5,
2023,3,2023-09-16T23:00:00.000Z,401531848,Troy,Sun Belt,Sun Belt,G6,G6,G6_vs_G6,False,False,Sun Belt,Sun Belt,,,2.8333333333333335,Underdog,4.833333333333334,W,2.5,
2023,3,2023-09-16T23:00:00.000Z,401531379,UAB,Sun Belt,American,G6,G6,G6_vs_G6,False,True,Sun Belt,Conference USA,,0.0,2.0,Underdog,22.0,W,2.0,
2023,3,2023-09-16T23:30:00.000Z,401525503,Pittsburgh,Big 12,ACC,P4,P4,P4_vs_P4,False,False,Big 12,ACC,,,-1.0,Favorite,10.0,W,-2.5,
2023,3,2023-09-16T23:30:00.000Z,401520232,Bowling Green,Big Ten,MAC,P4,G6,P4_vs_G6,False,False,Big Ten,MAC,,,-40.75,Favorite,-15.75,L,-40.5,
2023,3,2023-09-17T00:00:00.000Z,401524008,Hawai'i,,Mountain West,,G6,Other,,False,,Mountain West,,,-38.25,Favorite,6.75,W,-38.5,
2023,3,2023-09-17T02:30:00.000Z,401525837,Nevada,Big 12,Mountain West,P4,G6,P4_vs_G6,False,False,Big 12,Mountain West,,,-28.5,Favorite,-21.5,L,-28.5,
2023,4,2023-09-23T02:30:00.000Z,401532583,San Diego State,Mountain West,Mountain West,G6,G6,G6_vs_G6,False,False,Mountain West,Mountain West,,,-5.833333333333333,Favorite,-2.833333333333333,L,-6.5,
2023,4,2023-09-23T16:00:00.000Z,401525845,Cincinnati,Big 12,Big 12,P4,P4,P4_vs_P4,False,True,Big 12,American,,0.0,-13.666666666666666,Favorite,0.3333333333333339,W,-13.0,
2023,4,2023-09-23T16:00:00.000Z,401525507,Clemson,ACC,ACC,P4,P4,P4_vs_P4,False,False,ACC,ACC,,,-2.0,Favorite,5.0,W,-2.0,
2023,4,2023-09-23T17:30:00.000Z,401532406,Western Michigan,MAC,MAC,G6,G6,G6_vs_G6,False,False,MAC,MAC,,,-21.5,Favorite,-3.5,L,-21.5,
2023,4,2023-09-23T19:30:00.000Z,401525506,Louisville,ACC,ACC,P4,P4,P4_vs_P4,False,False,ACC,ACC,,,13.833333333333334,Underdog,-14.166666666666666,L,14.0,
2023,4,2023-09-23T19:30:00.000Z,401520250,Alabama,SEC,SEC,P4,P4,P4_vs_P4,False,False,SEC,SEC,,,7.0,Underdog,-7.0,L,7.0,
2023,4,2023-09-23T19:30:00.000Z,401525847,BYU,Big 12,Big 12,P4,P4,P4_vs_P4,False,True,Big 12,Independent,,0.0,-9.333333333333334,Favorite,1.666666666666666,W,-9.0,
2023,4,2023-09-23T19:30:00.000Z,401524017,UCLA,,,,,Other,,,,,,,-3.8333333333333335,Favorite,3.1666666666666665,W,-3.0,
2023,4,2023-09-23T20:00:00.000Z,401520269,UTSA,SEC,American,P4,G6,P4_vs_G6,False,True,SEC,Conference USA,,0.0,-23.333333333333332,Favorite,7.666666666666668,W,-24.0,
2023,4,2023-09-23T20:00:00.000Z,401531423,South Florida,American,American,G6,G6,G6_vs_G6,True,False,Conference USA,American,0.0,,-2.5,Favorite,-15.5,L,-2.5,
2023,4,2023-09-23T21:00:00.000Z,401531876,Central Michigan,Sun Belt,MAC,G6,G6,G6_vs_G6,False,False,Sun Belt,MAC,,,-16.166666666666668,Favorite,-20.166666666666668,L,-16.5,
2023,4,2023-09-23T22:30:00.000Z,401525508,Wake Forest,ACC,ACC,P4,P4,P4_vs_P4,False,False,ACC,ACC,,,3.6666666666666665,Underdog,17.666666666666668,W,3.5,
2023,4,2023-09-23T23:00:00.000Z,401524016,Stanford,,,,,Other,,,,,,,-12.833333333333334,Favorite,-11.833333333333334,L,-13.0,
2023,4,2023-09-23T23:00:00.000Z,401520254,Houston,Conference USA,Big 12,G6,P4,G6_vs_P4,False,True,,American,,0.0,11.5,Underdog,-19.5,L,11.5,
2023,4,2023-09-23T23:00:00.000Z,401520258,Arkansas,SEC,SEC,P4,P4,P4_vs_P4,False,False,SEC,SEC,,,-17.666666666666668,Favorite,-14.666666666666668,L,-17.5,
2023,4,2023-09-23T23:30:00.000Z,401520259,Memphis,SEC,American,P4,G6,P4_vs_G6,False,False,SEC,American,,,-6.5,Favorite,0.5,W,-6.5,
2023,4,2023-09-23T23:30:00.000Z,401520252,UAB,SEC,American,P4,G6,P4_vs_G6,False,True,SEC,Conference USA,,0.0,-40.833333333333336,Favorite,-12.833333333333336,L,-40.0,
2023,4,2023-09-23T23:30:00.000Z,401531875,Buffalo,Sun Belt,MAC,G6,G6,G6_vs_G6,False,False,Sun Belt,MAC,,,-10.333333333333334,Favorite,-3.333333333333334,L,-10.5,
2023,4,2023-09-23T23:30:00.000Z,401525844,Baylor,Big 12,Big 12,P4,P4,P4_vs_P4,False,False,Big 12,Big 12,,,-16.5,Favorite,15.5,W,-17.5,
2023,4,2023-09-24T00:00:00.000Z,401525510,Pittsburgh,ACC,ACC,P4,P4,P4_vs_P4,False,False,ACC,ACC,,,-7.166666666666667,Favorite,9.833333333333332,W,-7.0,
2023,4,2023-09-24T03:59:00.000Z,401520253,Hawai'i,Conference USA,Mountain West,G6,G6,G6_vs_G6,True,False,Independent,Mountain West,0.0,,3.6666666666666665,Underdog,0.6666666666666665,W,4.0,
2024,1,2024-08-30T00:00:00.000Z,401640998,Coastal Carolina,Conference USA,Sun Belt,G6,G6,G6_vs_G6,False,False,Conference USA,Sun Belt,,,-3.5,Favorite,-31.5,L,-3.5,
2024,1,2024-08-30T00:00:00.000Z,401628448,North Carolina,Big Ten,ACC,P4,P4,P4_vs_P4,False,False,Big Ten,ACC,,,0.3333333333333333,Underdog,-1.6666666666666667,L,1.5,
2024,1,2024-08-31T16:00:00.000Z,401628451,Maryland,Independent,Big Ten,Independent,P4,Other,False,False,Independent,Big Ten,,,19.333333333333332,Underdog,-23.666666666666668,L,18.5,
2024,1,2024-08-31T16:00:00.000Z,401628333,Vanderbilt,ACC,SEC,P4,P4,P4_vs_P4,False,False,ACC,SEC,,,-13.333333333333334,Favorite,-20.333333333333336,L,-13.5,
2024,1,2024-08-31T19:30:00.000Z,401628454,UTEP,Big Ten,Conference USA,P4,G6,P4_vs_G6,False,False,Big Ten,Conference USA,,,-27.5,Favorite,5.5,W,-27.5,0.5
2024,1,2024-08-31T19:30:00.000Z,401634304,Ohio,ACC,MAC,P4,G6,P4_vs_G6,False,False,ACC,MAC,,,-17.333333333333332,Favorite,-1.333333333333332,L,-17.5,
2024,1,2024-08-31T21:00:00.000Z,401643775,South Alabama,American,Sun Belt,G6,G6,G6_vs_G6,False,False,American,Sun Belt,,,5.833333333333333,Underdog,19.833333333333332,W,5.5,
2024,1,2024-08-31T23:00:00.000Z,401643701,Troy,Mountain West,Sun Belt,G6,G6,G6_vs_G6,False,False,Mountain West,Sun Belt,,,10.166666666666666,Underdog,12.166666666666666,W,7.5,
2024,1,2024-08-31T23:00:00.000Z,401628319,Alabama,Conference USA,SEC,G6,P4,G6_vs_P4,False,False,Conference USA,SEC,,,34.166666666666664,Underdog,-28.833333333333336,L,37.5,
2024,1,2024-08-31T23:30:00.000Z,401628332,Notre Dame,SEC,Independent,P4,Independent,Other,False,False,SEC,Independent,,,-2.6666666666666665,Favorite,-12.666666666666666,L,-2.5,
2024,1,2024-09-01T00:00:00.000Z,401643774,James Madison,American,Sun Belt,G6,G6,G6_vs_G6,False,False,American,Sun Belt,,,7.0,Underdog,-16.0,L,7.5,1.5
2024,1,2024-09-01T02:30:00.000Z,401636608,New Mexico,Big 12,Mountain West,P4,G6,P4_vs_G6,True,False,Pac-12,Mountain West,0.0,,-29.166666666666668,Favorite,-7.166666666666668,L,-29.0,
2024,1,2024-09-01T23:30:00.000Z,401628334,USC,SEC,Big Ten,P4,P4,P4_vs_P4,False,True,SEC,Pac-12,,0.0,-3.8333333333333335,Favorite,-10.833333333333334,L,-3.5,-0.5
2024,2,2024-09-07T01:00:00.000Z,401635533,Duke,Big Ten,ACC,P4,P4,P4_vs_P4,False,False,Big Ten,ACC,,,-2.1666666666666665,Favorite,-8.166666666666666,L,-1.5,-1.0
2024,2,2024-09-07T16:00:00.000Z,401643784,Troy,American,Sun Belt,G6,G6,G6_vs_G6,False,False,American,Sun Belt,,,-18.666666666666668,Favorite,2.333333333333332,W,-18.5,1.5
2024,2,2024-09-07T16:00:00.000Z,401628470,Bowling Green,Big Ten,MAC,P4,G6,P4_vs_G6,False,False,Big Ten,MAC,,,-34.833333333333336,Favorite,-27.833333333333336,L,-35.0,3.0
2024,2,2024-09-07T16:00:00.000Z,401628471,Akron,Big Ten,MAC,P4,G6,P4_vs_G6,False,False,Big Ten,MAC,,,-24.5,Favorite,7.5,W,-24.5,1.5
2024,2,2024-09-07T16:00:00.000Z,401628347,Michigan,SEC,Big Ten,P4,P4,P4_vs_P4,True,False,Big 12,Big Ten,0.0,,-6.666666666666667,Favorite,12.333333333333332,W,-6.5,-1.0
2024,2,2024-09-07T19:30:00.000Z,401645324,Temple,American,American,G6,G6,G6_vs_G6,False,False,American,American,,,-12.166666666666666,Favorite,14.833333333333334,W,-13.5,0.5
2024,2,2024-09-07T19:30:00.000Z,401635537,North Carolina,American,ACC,G6,P4,G6_vs_P4,False,False,American,ACC,,,21.5,Underdog,3.5,W,22.0,0.5
2024,2,2024-09-07T19:30:00.000Z,401628473,Washington,MAC,Big Ten,G6,P4,G6_vs_P4,False,True,MAC,Pac-12,,0.0,24.833333333333332,Underdog,3.833333333333332,W,24.5,-0.5
2024,2,2024-09-07T20:15:00.000Z,401628342,Middle Tennessee,SEC,Conference USA,P4,G6,P4_vs_G6,False,False,SEC,Conference USA,,,-42.5,Favorite,6.5,W,-43.0,2.5
2024,2,2024-09-07T20:30:00.000Z,401635540,Marshall,ACC,Sun Belt,P4,G6,P4_vs_G6,False,False,ACC,Sun Belt,,,-20.666666666666668,Favorite,-3.666666666666668,L,-20.5,4.0
2024,2,2024-09-07T22:00:00.000Z,401643781,Ohio,Sun Belt,MAC,G6,G6,G6_vs_G6,False,False,Sun Belt,MAC,,,-0.8333333333333334,Favorite,-7.833333333333333,L,-2.0,1.0
2024,2,2024-09-07T22:30:00.000Z,401636617,UCF,Conference USA,Big 12,G6,P4,G6_vs_P4,False,False,Conference USA,Big 12,,,21.5,Underdog,-9.5,L,21.5,2.0
2024,2,2024-09-07T23:00:00.000Z,401628335,Alabama,American,SEC,G6,P4,G6_vs_P4,False,False,American,SEC,,,31.666666666666668,Underdog,5.666666666666668,W,30.5,0.5
2024,2,2024-09-07T23:00:00.000Z,401628344,Buffalo,SEC,MAC,P4,G6,P4_vs_G6,False,False,SEC,MAC,,,-33.666666666666664,Favorite,4.333333333333336,W,-32.0,-2.0
2024,2,2024-09-07T23:00:00.000Z,401643780,UL Monroe,American,Sun Belt,G6,G6,G6_vs_G6,False,False,American,Sun Belt,,,-11.5,Favorite,-37.5,L,-11.0,-0.5
2024,2,2024-09-08T02:00:00.000Z,401628469,Boise State,Big Ten,Mountain West,P4,G6,P4_vs_G6,True,False,Pac-12,Mountain West,0.0,,-18.833333333333332,Favorite,-15.833333333333332,L,-18.0,0.0
2024,2,2024-09-08T02:15:00.000Z,401640989,New Mexico State,Conference USA,Conference USA,G6,G6,G6_vs_G6,False,False,Conference USA,Conference USA,,,-22.166666666666668,Favorite,-16.166666666666668,L,-22.0,1.5
2024,3,2024-09-14T16:00:00.000Z,401636865,Cincinnati,MAC,Big 12,G6,P4,G6_vs_P4,False,False,MAC,Big 12,,,3.0,Underdog,-8.0,L,2.5,0.0
2024,3,2024-09-14T16:00:00.000Z,401628350,Alabama,Big Ten,SEC,P4,P4,P4_vs_P4,False,False,Big Ten,SEC,,,15.166666666666666,Underdog,-16.833333333333336,L,15.5,-6.0
2024,3,2024-09-14T16:00:00.000Z,401635542,Florida State,American,ACC,G6,P4,G6_vs_P4,False,False,American,ACC,,,6.833333333333333,Underdog,14.833333333333332,W,7.0,0.0
2024,3,2024-09-14T19:30:00.000Z,401628358,Tulane,SEC,American,P4,G6,P4_vs_G6,True,False,Big 12,American,0.0,,-13.333333333333334,Favorite,1.666666666666666,W,-13.5,0.0
2024,3,2024-09-14T19:30:00.000Z,401628481,Nevada,Big Ten,Mountain West,P4,G6,P4_vs_G6,False,False,Big Ten,Mountain West,,,-16.833333333333332,Favorite,10.166666666666668,W,-17.0,-0.5
2024,3,2024-09-14T19:30:00.000Z,401628484,Washington,,Big Ten,,P4,Other,,True,,Pac-12,,0.0,5.166666666666667,Underdog,10.166666666666668,W,5.5,2.0
2024,3,2024-09-14T19:30:00.000Z,401628483,Oregon State,Big Ten,,P4,,Other,True,,Pac-12,,0.0,,-17.666666666666668,Favorite,17.333333333333332,W,-18.0,-2.5
2024,3,2024-09-14T20:00:00.000Z,401628477,Troy,Big Ten,Sun Belt,P4,G6,P4_vs_G6,False,False,Big Ten,Sun Belt,,,-23.333333333333332,Favorite,-6.333333333333332,L,-22.5,0.0
2024,3,2024-09-14T20:15:00.000Z,401628351,Arkansas,American,SEC,G6,P4,G6_vs_P4,False,False,American,SEC,,,23.666666666666668,Underdog,13.666666666666668,W,24.0,0.0
2024,3,2024-09-14T22:00:00.000Z,401635548,Old Dominion,ACC,Sun Belt,P4,G6,P4_vs_G6,False,False,ACC,Sun Belt,,,-15.333333333333334,Favorite,4.666666666666666,W,-14.0,0.0
2024,3,2024-09-14T22:00:00.000Z,401640990,UTEP,Conference USA,Conference USA,G6,G6,G6_vs_G6,False,False,Conference USA,Conference USA,,,-23.666666666666668,Favorite,-5.666666666666668,L,-23.5,0.0
2024,3,2024-09-14T23:00:00.000Z,401643789,Southern Miss,American,Sun Belt,G6,G6,G6_vs_G6,False,False,American,Sun Belt,,,-11.666666666666666,Favorite,13.333333333333334,W,-11.5,0.0
2024,3,2024-09-14T23:00:00.000Z,401641024,Middle Tennessee,Conference USA,Conference USA,G6,G6,G6_vs_G6,False,False,Conference USA,Conference USA,,,-8.5,Favorite,19.5,W,-7.5,0.0
2024,3,2024-09-14T23:00:00.000Z,401628361,UTSA,SEC,American,P4,G6,P4_vs_G6,True,False,Big 12,American,0.0,,-35.5,Favorite,13.5,W,-34.5,0.0
2024,3,2024-09-14T23:00:00.000Z,401640999,Eastern Michigan,Conference USA,MAC,G6,G6,G6_vs_G6,False,False,Conference USA,MAC,,,-1.0,Favorite,-4.0,L,2.0,0.0
2024,3,2024-09-14T23:30:00.000Z,401628354,Kentucky,SEC,SEC,P4,P4,P4_vs_P4,False,False,SEC,SEC,,,-22.5,Favorite,-21.5,L,-22.0,-1.5
2024,3,2024-09-14T23:30:00.000Z,401636860,Air Force,Big 12,Mountain West,P4,G6,P4_vs_G6,False,False,Big 12,Mountain West,,,-16.666666666666668,Favorite,11.333333333333332,W,-15.5,0.0
2024,3,2024-09-14T23:30:00.000Z,401628352,New Mexico,SEC,Mountain West,P4,G6,P4_vs_G6,False,False,SEC,Mountain West,,,-25.833333333333332,Favorite,0.1666666666666678,W,-24.0,-4.0
2024,3,2024-09-14T23:30:00.000Z,401636866,UCF,Big 12,Big 12,P4,P4,P4_vs_P4,False,False,Big 12,Big 12,,,-2.1666666666666665,Favorite,-3.1666666666666665,L,-2.5,4.5
2024,3,2024-09-15T00:00:00.000Z,401636862,Houston,American,Big 12,G6,P4,G6_vs_P4,False,False,American,Big 12,,,4.333333333333333,Underdog,-21.666666666666668,L,5.0,0.0
2024,3,2024-09-15T00:00:00.000Z,401628478,Maryland,ACC,Big Ten,P4,P4,P4_vs_P4,False,False,ACC,Big Ten,,,-1.1666666666666667,Favorite,-15.166666666666666,L,2.0,0.0
2024,3,2024-09-15T02:30:00.000Z,401635541,San Diego State,ACC,Mountain West,P4,G6,P4_vs_G6,True,False,Pac-12,Mountain West,0.0,,-18.666666666666668,Favorite,2.333333333333332,W,-18.0,0.0
2024,4,2024-09-21T00:00:00.000Z,401628485,Illinois,Big Ten,Big Ten,P4,P4,P4_vs_P4,False,False,Big Ten,Big Ten,,,-8.833333333333334,Favorite,-15.833333333333334,L,-8.0,-1.0
2024,4,2024-09-21T16:00:00.000Z,401643791,Tulane,Sun Belt,American,G6,G6,G6_vs_G6,False,False,Sun Belt,American,,,1.5,Underdog,-6.5,L,1.5,
2024,4,2024-09-21T16:00:00.000Z,401636879,Kansas,Big 12,Big 12,P4,P4,P4_vs_P4,False,False,Big 12,Big 12,,,-1.3333333333333333,Favorite,2.666666666666667,W,-1.0,
2024,4,2024-09-21T16:00:00.000Z,401645328,Army,American,American,G6,G6,G6_vs_G6,False,True,American,Independent,,0.0,7.333333333333333,Underdog,-15.666666666666668,L,7.5,
2024,4,2024-09-21T16:45:00.000Z,401628364,Ohio,SEC,MAC,P4,G6,P4_vs_G6,False,False,SEC,MAC,,,-20.666666666666668,Favorite,14.333333333333332,W,-21.5,
2024,4,2024-09-21T18:00:00.000Z,401635558,Coastal Carolina,ACC,Sun Belt,P4,G6,P4_vs_G6,False,False,ACC,Sun Belt,,,-3.5,Favorite,15.5,W,-3.5,0.5
2024,4,2024-09-21T19:00:00.000Z,401641000,Southern Miss,Conference USA,Sun Belt,G6,G6,G6_vs_G6,False,False,Conference USA,Sun Belt,,,-6.166666666666667,Favorite,30.833333333333332,W,-6.5,0.0
2024,4,2024-09-21T19:30:00.000Z,401628365,UCLA,SEC,Big Ten,P4,P4,P4_vs_P4,False,True,SEC,Pac-12,,0.0,-21.5,Favorite,-4.5,L,-21.5,-1.5
2024,4,2024-09-21T19:30:00.000Z,401628363,Arkansas,SEC,SEC,P4,P4,P4_vs_P4,False,False,SEC,SEC,,,-2.5,Favorite,-12.5,L,-2.5,-1.0
2024,4,2024-09-21T19:30:00.000Z,401628489,Michigan,Big Ten,Big Ten,P4,P4,P4_vs_P4,True,False,Pac-12,Big Ten,0.0,,-4.166666666666667,Favorite,-7.166666666666667,L,-4.5,-1.0
2024,4,2024-09-21T19:30:00.000Z,401628979,Notre Dame,MAC,Independent,G6,Independent,Other,False,False,MAC,Independent,,,27.333333333333332,Underdog,2.333333333333332,W,27.5,-1.0
2024,4,2024-09-21T19:30:00.000Z,401628494,Rutgers,ACC,Big Ten,P4,P4,P4_vs_P4,False,False,ACC,Big Ten,,,-3.25,Favorite,-6.25,L,-3.5,0.0
2024,4,2024-09-21T20:00:00.000Z,401635553,Middle Tennessee,ACC,Conference USA,P4,G6,P4_vs_G6,False,False,ACC,Conference USA,,,-14.666666666666666,Favorite,13.333333333333334,W,-14.5,0.5
2024,4,2024-09-21T23:00:00.000Z,401635551,Florida State,ACC,ACC,P4,P4,P4_vs_P4,True,False,Pac-12,ACC,0.0,,2.8333333333333335,Underdog,-2.1666666666666665,L,2.5,-0.5
2024,4,2024-09-21T23:00:00.000Z,401628491,Washington,Big Ten,Big Ten,P4,P4,P4_vs_P4,False,True,Big Ten,Pac-12,,0.0,11.833333333333334,Underdog,-7.166666666666666,L,12.0,-1.5
2024,4,2024-09-21T23:00:00.000Z,401641037,Toledo,Conference USA,MAC,G6,G6,G6_vs_G6,False,False,Conference USA,MAC,,,2.3333333333333335,Underdog,7.333333333333334,W,2.5,-3.5
2024,4,2024-09-21T23:00:00.000Z,401641034,New Mexico State,Conference USA,Conference USA,G6,G6,G6_vs_G6,False,False,Conference USA,Conference USA,,,-15.0,Favorite,5.0,W,-14.5,0.5
2024,4,2024-09-21T23:30:00.000Z,401628369,Tennessee,SEC,SEC,P4,P4,P4_vs_P4,True,False,Big 12,SEC,0.0,,6.0,Underdog,-4.0,L,5.5,2.0
2024,4,2024-09-21T23:30:00.000Z,401628372,Bowling Green,SEC,MAC,P4,G6,P4_vs_G6,False,False,SEC,MAC,,,-21.166666666666668,Favorite,-15.166666666666668,L,-21.0,-2.0
2024,4,2024-09-22T00:00:00.000Z,401628371,UL Monroe,SEC,Sun Belt,P4,G6,P4_vs_G6,True,False,Big 12,Sun Belt,0.0,,-43.0,Favorite,5.0,W,-41.5,-3.5
2024,4,2024-09-22T00:30:00.000Z,401643717,Oregon State,Big Ten,,P4,,Other,False,,Big Ten,,,,1.8333333333333333,Underdog,-15.166666666666666,L,1.5,4.0
2025,1,2025-08-28T22:00:00.000Z,401752794,Ohio,Big Ten,MAC,P4,G6,P4_vs_G6,False,False,Big Ten,MAC,,,-14.166666666666666,Favorite,-11.166666666666666,L,-15.5,5.0
2025,1,2025-08-28T23:00:00.000Z,401762789,Akron,Mountain West,MAC,G6,G6,G6_vs_G6,False,False,Mountain West,MAC,,,-6.0,Favorite,4.0,W,-5.0,-4.5
2025,1,2025-08-28T23:00:00.000Z,401756848,Jacksonville State,Big 12,Conference USA,P4,G6,P4_vs_G6,False,False,Big 12,Conference USA,,,-19.166666666666668,Favorite,-12.166666666666668,L,-20.5,4.0
2025,1,2025-08-29T01:00:00.000Z,401762791,Miami (OH),Big Ten,MAC,P4,G6,P4_vs_G6,False,False,Big Ten,MAC,,,-18.0,Favorite,-1.0,L,-18.0,0.5
2025,1,2025-08-30T00:00:00.000Z,401754375,Colorado,ACC,Big 12,P4,P4,P4_vs_P4,False,False,ACC,Big 12,,,-3.6666666666666665,Favorite,3.3333333333333335,W,-3.5,0.0
2025,1,2025-08-30T19:30:00.000Z,401752807,Nevada,Big Ten,Mountain West,P4,G6,P4_vs_G6,False,False,Big Ten,Mountain West,,,-44.166666666666664,Favorite,-9.166666666666664,L,-43.5,0.0
2025,1,2025-08-30T19:30:00.000Z,401752669,Marshall,SEC,Sun Belt,P4,G6,P4_vs_G6,False,False,SEC,Sun Belt,,,-38.833333333333336,Favorite,-0.8333333333333357,L,-38.5,0.0
2025,1,2025-08-30T22:00:00.000Z,401754616,Coastal Carolina,ACC,Sun Belt,P4,G6,P4_vs_G6,False,False,ACC,Sun Belt,,,-13.166666666666666,Favorite,27.833333333333336,W,-13.5,1.0
2025,1,2025-08-30T23:30:00.000Z,401752671,LSU,ACC,SEC,P4,P4,P4_vs_P4,False,False,ACC,SEC,,,-4.833333333333333,Favorite,-11.833333333333332,L,-5.5,3.0
2025,1,2025-08-30T23:30:00.000Z,401752808,New Mexico,Big Ten,Mountain West,P4,G6,P4_vs_G6,False,False,Big Ten,Mountain West,,,-35.166666666666664,Favorite,-18.166666666666664,L,-34.5,0.0
2025,1,2025-08-31T02:30:00.000Z,401752936,California,,ACC,,P4,Other,,False,,ACC,,,0.8333333333333334,Underdog,-18.166666666666668,L,3.0,-4.5
2025,1,2025-08-31T03:00:00.000Z,401752800,UCLA,Big 12,Big Ten,P4,P4,P4_vs_P4,False,False,Big 12,Big Ten,,,-6.5,Favorite,26.5,W,-6.5,3.5
2025,2,2025-09-06T16:00:00.000Z,401754525,SMU,Big 12,ACC,P4,P4,P4_vs_P4,False,False,Big 12,ACC,,,2.75,Underdog,5.75,W,2.5,2.0
2025,2,2025-09-06T16:00:00.000Z,401752825,Duke,Big Ten,ACC,P4,P4,P4_vs_P4,False,False,Big Ten,ACC,,,-2.5,Favorite,23.5,W,-2.5,0.0
2025,2,2025-09-06T16:00:00.000Z,401757227,Jacksonville State,Conference USA,Conference USA,G6,G6,G6_vs_G6,False,False,Conference USA,Conference USA,,,-6.25,Favorite,-16.25,L,-6.5,1.0
2025,2,2025-09-06T19:30:00.000Z,401752818,Miami (OH),Big Ten,MAC,P4,G6,P4_vs_G6,False,False,Big Ten,MAC,,,-15.5,Favorite,12.5,W,-15.5,2.0
2025,2,2025-09-06T19:30:00.000Z,401756880,Bowling Green,Big 12,MAC,P4,G6,P4_vs_G6,False,False,Big 12,MAC,,,-22.0,Favorite,-8.0,L,-22.5,4.5
2025,2,2025-09-06T19:30:00.000Z,401752686,Ole Miss,SEC,SEC,P4,P4,P4_vs_P4,False,False,SEC,SEC,,,7.75,Underdog,0.75,W,7.5,2.0
2025,2,2025-09-06T19:30:00.000Z,401754637,Troy,ACC,Sun Belt,P4,G6,P4_vs_G6,False,False,ACC,Sun Belt,,,-30.25,Favorite,-19.25,L,-29.5,-2.0
2025,2,2025-09-06T19:30:00.000Z,401756881,Colorado,Conference USA,Big 12,G6,P4,G6_vs_P4,False,False,,Big 12,,,23.5,Underdog,-0.5,L,23.5,1.0
2025,2,2025-09-06T19:30:00.000Z,401762461,Western Michigan,American,MAC,G6,G6,G6_vs_G6,False,False,American,MAC,,,-12.25,Favorite,-9.25,L,-12.5,2.0
2025,2,2025-09-06T19:30:00.000Z,401762458,UAB,American,American,G6,G6,G6_vs_G6,False,False,American,American,,,-21.5,Favorite,-7.5,L,-22.5,1.0
2025,2,2025-09-06T20:00:00.000Z,401756883,West Virginia,MAC,Big 12,G6,P4,G6_vs_P4,False,False,MAC,Big 12,,,3.5,Underdog,10.5,W,3.5,-0.5
2025,2,2025-09-06T23:00:00.000Z,401754527,Charlotte,ACC,American,P4,G6,P4_vs_G6,False,False,ACC,American,,,-15.75,Favorite,1.25,W,-15.0,2.0
2025,2,2025-09-06T23:00:00.000Z,401757232,Western Kentucky,MAC,Conference USA,G6,G6,G6_vs_G6,False,False,MAC,Conference USA,,,-8.0,Favorite,16.0,W,-7.5,1.0
2025,2,2025-09-06T23:00:00.000Z,401756884,Rice,Big 12,American,P4,G6,P4_vs_G6,False,False,Big 12,American,,,-13.5,Favorite,12.5,W,-13.5,1.0
2025,2,2025-09-06T23:30:00.000Z,401752687,Louisiana Tech,SEC,Conference USA,P4,G6,P4_vs_G6,False,False,SEC,Conference USA,,,-36.5,Favorite,-20.5,L,-36.5,4.0
2025,2,2025-09-06T23:30:00.000Z,401752810,Akron,Big Ten,MAC,P4,G6,P4_vs_G6,False,False,Big Ten,MAC,,,-33.75,Favorite,34.25,W,-33.5,0.0
2025,2,2025-09-06T23:30:00.000Z,401752695,Virginia Tech,SEC,ACC,P4,P4,P4_vs_P4,False,False,SEC,ACC,,,2.0,Underdog,26.0,W,1.5,-0.5
2025,2,2025-09-07T00:00:00.000Z,401752823,UNLV,Big Ten,Mountain West,P4,G6,P4_vs_G6,False,False,Big Ten,Mountain West,,,-2.5,Favorite,-9.5,L,-2.5,0.0
2025,2,2025-09-07T01:00:00.000Z,401757229,Tulsa,Conference USA,American,G6,G6,G6_vs_G6,False,False,Conference USA,American,,,3.25,Underdog,10.25,W,3.5,0.0
2025,2,2025-09-07T02:15:00.000Z,401752948,Washington State,Mountain West,,G6,,Other,False,,Mountain West,,,,2.25,Underdog,-20.75,L,2.5,-1.0
2025,2,2025-09-07T03:59:00.000Z,401757230,Sam Houston,Mountain West,Conference USA,G6,G6,G6_vs_G6,False,False,Mountain West,Conference USA,,,-7.25,Favorite,9.75,W,-7.5,0.0
2025,3,2025-09-12T23:30:00.000Z,401756893,Colorado,Big 12,Big 12,P4,P4,P4_vs_P4,False,False,Big 12,Big 12,,,-3.8333333333333335,Favorite,12.166666666666666,W,-4.0,-0.5
2025,3,2025-09-13T02:00:00.000Z,401752837,New Mexico,Big Ten,Mountain West,P4,G6,P4_vs_G6,False,False,Big Ten,Mountain West,,,-15.5,Favorite,-40.5,L,-15.5,0.5
2025,3,2025-09-13T16:00:00.000Z,401754623,Georgia Tech,ACC,ACC,P4,P4,P4_vs_P4,False,False,ACC,ACC,,,-2.8333333333333335,Favorite,-5.833333333333334,L,-3.0,-3.5
2025,3,2025-09-13T16:00:00.000Z,401761608,Memphis,Sun Belt,American,G6,G6,G6_vs_G6,False,False,Sun Belt,American,,,4.5,Underdog,-16.5,L,4.5,
2025,3,2025-09-13T16:00:00.000Z,401752703,Temple,SEC,American,P4,G6,P4_vs_G6,False,False,SEC,American,,,-23.833333333333332,Favorite,15.166666666666668,W,-24.5,-1.0
2025,3,2025-09-13T16:00:00.000Z,401752831,Oregon,Big Ten,Big Ten,P4,P4,P4_vs_P4,False,False,Big Ten,Big Ten,,,25.5,Underdog,5.5,W,24.5,3.0
2025,3,2025-09-13T17:00:00.000Z,401752702,Louisiana,SEC,Sun Belt,P4,G6,P4_vs_G6,False,False,SEC,Sun Belt,,,-27.5,Favorite,14.5,W,-27.5,5.0
2025,3,2025-09-13T19:00:00.000Z,401757168,UConn,Conference USA,Independent,G6,Independent,Other,False,False,,Independent,,,8.666666666666666,Underdog,11.666666666666666,W,9.5,1.0
2025,3,2025-09-13T19:30:00.000Z,401752938,Oregon State,Big 12,,P4,,Other,False,,Big 12,,,,-24.0,Favorite,7.0,W,-23.5,-1.0
2025,3,2025-09-13T19:30:00.000Z,401754638,West Virginia,ACC,Big 12,P4,P4,P4_vs_P4,False,False,ACC,Big 12,,,-6.833333333333333,Favorite,-13.833333333333332,L,-7.0,2.5
2025,3,2025-09-13T19:30:00.000Z,401752832,Purdue,Big Ten,Big Ten,P4,P4,P4_vs_P4,False,False,Big Ten,Big Ten,,,-20.5,Favorite,-4.5,L,-20.5,-1.0
2025,3,2025-09-13T19:30:00.000Z,401752705,Georgia,SEC,SEC,P4,P4,P4_vs_P4,False,False,SEC,SEC,,,3.5,Underdog,0.5,W,3.5,3.0
2025,3,2025-09-13T19:30:00.000Z,401752949,Washington State,American,,G6,,Other,False,,American,,,,-6.5,Favorite,42.5,W,-6.5,1.0
2025,3,2025-09-13T20:15:00.000Z,401752706,Texas,Conference USA,SEC,G6,P4,G6_vs_P4,False,False,Conference USA,SEC,,,39.833333333333336,Underdog,22.833333333333336,W,40.5,-4.0
2025,3,2025-09-13T20:30:00.000Z,401754535,Miami,American,ACC,G6,P4,G6_vs_P4,False,False,American,ACC,,,17.666666666666668,Underdog,-19.333333333333332,L,17.5,-2.0
2025,3,2025-09-13T21:00:00.000Z,401757256,Bowling Green,Conference USA,MAC,G6,G6,G6_vs_G6,False,False,Conference USA,MAC,,,-6.0,Favorite,-16.0,L,-6.5,-1.0
2025,3,2025-09-13T21:00:00.000Z,401757258,Nevada,Conference USA,Mountain West,G6,G6,G6_vs_G6,False,False,Conference USA,Mountain West,,,9.333333333333334,Underdog,10.333333333333334,W,9.5,0.0
2025,3,2025-09-13T23:00:00.000Z,401752827,Ohio State,MAC,Big Ten,G6,P4,G6_vs_P4,False,False,MAC,Big Ten,,,28.333333333333332,Underdog,0.3333333333333321,W,28.5,-3.0
2025,3,2025-09-13T23:00:00.000Z,401752829,Western Michigan,Big Ten,MAC,P4,G6,P4_vs_G6,False,False,Big Ten,MAC,,,-27.5,Favorite,10.5,W,-27.5,-1.0
2025,3,2025-09-13T23:00:00.000Z,401752700,Ole Miss,SEC,SEC,P4,P4,P4_vs_P4,False,False,SEC,SEC,,,3.8333333333333335,Underdog,-2.1666666666666665,L,4.5,4.0
2025,3,2025-09-13T23:30:00.000Z,401752698,Eastern Michigan,SEC,MAC,P4,G6,P4_vs_G6,False,False,SEC,MAC,,,-26.666666666666668,Favorite,-1.666666666666668,L,-26.5,1.0
2025,3,2025-09-13T23:30:00.000Z,401757257,Louisiana Tech,Conference USA,Conference USA,G6,G6,G6_vs_G6,False,False,Conference USA,Conference USA,,,10.166666666666666,Underdog,-24.833333333333336,L,10.5,2.0
2025,3,2025-09-13T23:30:00.000Z,401752707,Notre Dame,SEC,Independent,P4,Independent,Other,False,False,SEC,Independent,,,6.833333333333333,Underdog,7.833333333333333,W,6.5,0.0
2025,3,2025-09-14T00:00:00.000Z,401762465,Tulsa,American,American,G6,G6,G6_vs_G6,False,False,American,American,,,-13.666666666666666,Favorite,5.333333333333334,W,-13.5,-1.0
2025,3,2025-09-14T00:30:00.000Z,401762463,UAB,MAC,American,G6,G6,G6_vs_G6,False,False,MAC,American,,,12.666666666666666,Underdog,9.666666666666666,W,13.5,-2.0
2025,3,2025-09-14T02:30:00.000Z,401752840,California,Big Ten,ACC,P4,P4,P4_vs_P4,False,False,Big Ten,ACC,,,-3.1666666666666665,Favorite,-16.166666666666668,L,-3.5,1.0
2025,4,2025-09-20T00:00:00.000Z,401752844,Iowa,Big Ten,Big Ten,P4,P4,P4_vs_P4,False,False,Big Ten,Big Ten,,,2.3333333333333335,Underdog,-7.666666666666666,L,2.0,0.0
2025,4,2025-09-20T16:00:00.000Z,401756901,Utah,Big 12,Big 12,P4,P4,P4_vs_P4,False,False,Big 12,Big 12,,,3.5,Underdog,27.5,W,3.5,1.0
2025,4,2025-09-20T16:00:00.000Z,401754537,Syracuse,ACC,ACC,P4,P4,P4_vs_P4,False,False,ACC,ACC,,,-17.5,Favorite,-30.5,L,-17.5,1.0
2025,4,2025-09-20T16:00:00.000Z,401752708,Memphis,SEC,American,P4,G6,P4_vs_G6,False,False,SEC,American,,,-7.166666666666667,Favorite,-8.166666666666668,L,-7.0,0.5
2025,4,2025-09-20T16:00:00.000Z,401754642,Bowling Green,ACC,MAC,P4,G6,P4_vs_G6,False,False,ACC,MAC,,,-26.166666666666668,Favorite,-3.166666666666668,L,-25.5,-2.0
2025,4,2025-09-20T16:00:00.000Z,401752845,Maryland,Big Ten,Big Ten,P4,P4,P4_vs_P4,False,False,Big Ten,Big Ten,,,-10.5,Favorite,-27.5,L,-10.5,4.0
2025,4,2025-09-20T16:45:00.000Z,401752715,UAB,SEC,American,P4,G6,P4_vs_G6,False,False,SEC,American,,,-39.0,Favorite,-7.0,L,-38.5,1.0
2025,4,2025-09-20T19:00:00.000Z,401752841,Oregon,,Big Ten,,P4,Other,,False,,Big Ten,,,34.0,Underdog,0.0,P,34.5,0.0
2025,4,2025-09-20T19:30:00.000Z,401752848,Purdue,Independent,Big Ten,Independent,P4,Other,False,False,Independent,Big Ten,,,-24.5,Favorite,1.5,W,-24.5,-2.0
2025,4,2025-09-20T19:30:00.000Z,401762820,Western Michigan,MAC,MAC,G6,G6,G6_vs_G6,False,False,MAC,MAC,,,-12.666666666666666,Favorite,-13.666666666666666,L,-11.5,-2.0
2025,4,2025-09-20T19:30:00.000Z,401752711,Ole Miss,American,SEC,G6,P4,G6_vs_P4,False,False,American,SEC,,,12.166666666666666,Underdog,-22.833333333333336,L,11.5,1.0
2025,4,2025-09-20T20:30:00.000Z,401754542,Temple,ACC,American,P4,G6,P4_vs_G6,False,False,ACC,American,,,-24.5,Favorite,-3.5,L,-24.5,1.0
2025,4,2025-09-20T23:00:00.000Z,401757264,Marshall,Conference USA,Sun Belt,G6,G6,G6_vs_G6,False,False,Conference USA,Sun Belt,,,2.5,Underdog,-11.5,L,2.5,1.0
2025,4,2025-09-20T23:00:00.000Z,401761611,Coastal Carolina,Sun Belt,Sun Belt,G6,G6,G6_vs_G6,False,False,Sun Belt,Sun Belt,,,-14.666666666666666,Favorite,-32.666666666666664,L,-14.5,0.0
2025,4,2025-09-20T23:00:00.000Z,401760372,Air Force,Mountain West,Mountain West,G6,G6,G6_vs_G6,False,False,Mountain West,Mountain West,,,-11.0,Favorite,1.0,W,-11.5,3.0
2025,4,2025-09-20T23:30:00.000Z,401752842,Washington State,Big Ten,,P4,,Other,False,,Big Ten,,,,-20.833333333333332,Favorite,14.166666666666668,W,-20.5,0.0
2025,4,2025-09-20T23:30:00.000Z,401752843,Indiana,Big Ten,Big Ten,P4,P4,P4_vs_P4,False,False,Big Ten,Big Ten,,,7.0,Underdog,-46.0,L,7.5,-3.0
2025,4,2025-09-20T23:30:00.000Z,401756898,East Carolina,Big 12,American,P4,G6,P4_vs_G6,False,False,Big 12,American,,,-6.166666666666667,Favorite,14.833333333333332,W,-5.5,-2.0
2025,4,2025-09-20T23:30:00.000Z,401752709,Miami,SEC,ACC,P4,P4,P4_vs_P4,False,False,SEC,ACC,,,8.5,Underdog,-10.5,L,8.5,1.0
2025,4,2025-09-21T02:15:00.000Z,401756897,Colorado,Mountain West,Big 12,G6,P4,G6_vs_P4,False,False,Mountain West,Big 12,,,12.333333333333334,Underdog,-4.666666666666666,L,12.5,1.0
2023,1,2023-08-26T23:30:00.000Z,401520147,Hawai'i,SEC,Mountain West,P4,G6,P4_vs_G6,False,False,SEC,Mountain West,,,-17.625,Favorite,-10.625,L,-17.0,
2023,1,2023-09-01T00:00:00.000Z,401520176,Florida,,SEC,,P4,Other,,False,,SEC,,,-6.3,Favorite,6.7,W,-5.5,
2023,1,2023-09-02T16:00:00.000Z,401520172,SMU,Conference USA,American,G6,G6,G6_vs_G6,False,False,Conference USA,American,,,20.125,Underdog,-3.875,L,21.0,
2023,1,2023-09-02T16:00:00.000Z,401520162,East Carolina,Big Ten,American,P4,G6,P4_vs_G6,False,False,Big Ten,American,,,-35.4,Favorite,-8.399999999999999,L,-36.0,
2023,1,2023-09-02T19:30:00.000Z,401520180,Buffalo,Big Ten,MAC,P4,G6,P4_vs_G6,False,False,Big Ten,MAC,,,-27.0,Favorite,-6.0,L,-29.0,
2023,1,2023-09-02T22:30:00.000Z,401523996,Nevada,,Mountain West,,G6,Other,,False,,Mountain West,,,-37.875,Favorite,14.125,W,-37.5,
2023,1,2023-09-02T23:00:00.000Z,401520173,New Mexico,SEC,Mountain West,P4,G6,P4_vs_G6,False,False,SEC,Mountain West,,,-37.875,Favorite,4.125,W,-37.5,
2023,1,2023-09-02T23:30:00.000Z,401520149,Alabama,Conference USA,SEC,G6,P4,G6_vs_P4,False,False,Conference USA,SEC,,,39.375,Underdog,-9.625,L,39.5,
2023,1,2023-09-02T23:30:00.000Z,401525825,Texas Tech,Mountain West,Big 12,G6,P4,G6_vs_P4,False,False,Mountain West,Big 12,,,13.6,Underdog,15.6,W,13.0,
2023,1,2023-09-03T16:00:00.000Z,401520171,Northwestern,Big Ten,Big Ten,P4,P4,P4_vs_P4,False,False,Big Ten,Big Ten,,,-6.1,Favorite,10.9,W,-5.0,
2023,1,2023-09-03T23:30:00.000Z,401520182,LSU,ACC,SEC,P4,P4,P4_vs_P4,False,False,ACC,SEC,,,2.2,Underdog,23.2,W,2.0,
2023,2,2023-09-08T23:30:00.000Z,401520195,Illinois,Big 12,Big Ten,P4,P4,P4_vs_P4,False,False,Big 12,Big Ten,,,-3.6666666666666665,Favorite,7.333333333333334,W,-3.5,
2023,2,2023-09-09T16:00:00.000Z,401523999,Baylor,,Big 12,,P4,Other,,False,,Big 12,,,-7.0,Favorite,0.0,P,-7.0,
2023,2,2023-09-09T16:00:00.000Z,401525498,Virginia,Sun Belt,ACC,G6,P4,G6_vs_P4,False,False,Sun Belt,ACC,,,-6.0,Favorite,-5.0,L,-6.0,
2023,2,2023-09-09T19:30:00.000Z,401525497,Western Michigan,ACC,MAC,P4,G6,P4_vs_G6,False,False,ACC,MAC,,,-24.666666666666668,Favorite,16.333333333333332,W,-24.5,
2023,2,2023-09-09T20:00:00.000Z,401531411,East Carolina,Sun Belt,American,G6,G6,G6_vs_G6,False,False,Sun Belt,American,,,-2.8333333333333335,Favorite,15.166666666666666,W,-3.0,
2023,2,2023-09-09T21:00:00.000Z,401524004,Tulsa,,American,,G6,Other,,False,,American,,,-33.666666666666664,Favorite,-0.6666666666666643,L,-34.0,
2023,2,2023-09-09T23:00:00.000Z,401520183,Alabama,Big 12,SEC,P4,P4,P4_vs_P4,False,False,Big 12,SEC,,,7.166666666666667,Underdog,17.166666666666668,W,7.0,
2023,2,2023-09-10T00:30:00.000Z,401525493,Southern Miss,ACC,Sun Belt,P4,G6,P4_vs_G6,False,False,ACC,Sun Belt,,,-31.0,Favorite,22.0,W,-31.0,
2023,2,2023-09-10T02:30:00.000Z,401524003,Stanford,,,,,Other,,,,,,,-28.666666666666668,Favorite,17.333333333333332,W,-28.5,
2023,3,2023-09-16T19:30:00.000Z,401520223,Northwestern,ACC,Big Ten,P4,P4,P4_vs_P4,False,False,ACC,Big Ten,,,-17.0,Favorite,7.0,W,-17.0,
2023,3,2023-09-16T19:30:00.000Z,401525842,Tulsa,Big 12,American,P4,G6,P4_vs_G6,False,False,Big 12,American,,,-28.0,Favorite,21.0,W,-28.0,
2023,3,2023-09-16T19:30:00.000Z,401520244,Alabama,American,SEC,G6,P4,G6_vs_P4,False,False,American,SEC,,,34.25,Underdog,20.25,W,34.0,
2023,3,2023-09-16T20:00:00.000Z,401520245,UL Monroe,SEC,Sun Belt,P4,G6,P4_vs_G6,False,False,SEC,Sun Belt,,,-36.5,Favorite,7.5,W,-36.5,
2023,3,2023-09-16T23:00:00.000Z,401525835,Cincinnati,MAC,Big 12,G6,P4,G6_vs_P4,False,True,MAC,American,,0.0,14.25,Underdog,21.25,W,14.5,
2023,3,2023-09-16T23:00:00.000Z,401531379,UAB,Sun Belt,American,G6,G6,G6_vs_G6,False,True,Sun Belt,Conference USA,,0.0,2.0,Underdog,22.0,W,2.0,
2023,3,2023-09-16T23:30:00.000Z,401520232,Bowling Green,Big Ten,MAC,P4,G6,P4_vs_G6,False,False,Big Ten,MAC,,,-40.75,Favorite,-15.75,L,-40.5,
2023,3,2023-09-17T00:00:00.000Z,401524008,Hawai'i,,Mountain West,,G6,Other,,False,,Mountain West,,,-38.25,Favorite,6.75,W,-38.5,
2023,3,2023-09-17T02:30:00.000Z,401525837,Nevada,Big 12,Mountain West,P4,G6,P4_vs_G6,False,False,Big 12,Mountain West,,,-28.5,Favorite,-21.5,L,-28.5,
2023,4,2023-09-23T16:00:00.000Z,401525845,Cincinnati,Big 12,Big 12,P4,P4,P4_vs_P4,False,True,Big 12,American,,0.0,-13.666666666666666,Favorite,0.3333333333333339,W,-13.0,
2023,4,2023-09-23T16:00:00.000Z,401525507,Clemson,ACC,ACC,P4,P4,P4_vs_P4,False,False,ACC,ACC,,,-2.0,Favorite,5.0,W,-2.0,
2023,4,2023-09-23T17:30:00.000Z,401532406,Western Michigan,MAC,MAC,G6,G6,G6_vs_G6,False,False,MAC,MAC,,,-21.5,Favorite,-3.5,L,-21.5,
2023,4,2023-09-23T19:30:00.000Z,401525506,Louisville,ACC,ACC,P4,P4,P4_vs_P4,False,False,ACC,ACC,,,13.833333333333334,Underdog,-14.166666666666666,L,14.0,
2023,4,2023-09-23T19:30:00.000Z,401520250,Alabama,SEC,SEC,P4,P4,P4_vs_P4,False,False,SEC,SEC,,,7.0,Underdog,-7.0,L,7.0,
2023,4,2023-09-23T19:30:00.000Z,401525847,BYU,Big 12,Big 12,P4,P4,P4_vs_P4,False,True,Big 12,Independent,,0.0,-9.333333333333334,Favorite,1.666666666666666,W,-9.0,
2023,4,2023-09-23T20:00:00.000Z,401531423,South Florida,American,American,G6,G6,G6_vs_G6,True,False,Conference USA,American,0.0,,-2.5,Favorite,-15.5,L,-2.5,
2023,4,2023-09-23T22:30:00.000Z,401525508,Wake Forest,ACC,ACC,P4,P4,P4_vs_P4,False,False,ACC,ACC,,,3.6666666666666665,Underdog,17.666666666666668,W,3.5,
2023,4,2023-09-23T23:00:00.000Z,401524016,Stanford,,,,,Other,,,,,,,-12.833333333333334,Favorite,-11.833333333333334,L,-13.0,
2023,4,2023-09-23T23:00:00.000Z,401520258,Arkansas,SEC,SEC,P4,P4,P4_vs_P4,False,False,SEC,SEC,,,-17.666666666666668,Favorite,-14.666666666666668,L,-17.5,
2023,4,2023-09-23T23:30:00.000Z,401520259,Memphis,SEC,American,P4,G6,P4_vs_G6,False,False,SEC,American,,,-6.5,Favorite,0.5,W,-6.5,
2023,4,2023-09-23T23:30:00.000Z,401520252,UAB,SEC,American,P4,G6,P4_vs_G6,False,True,SEC,Conference USA,,0.0,-40.833333333333336,Favorite,-12.833333333333336,L,-40.0,
2023,4,2023-09-23T23:30:00.000Z,401525844,Baylor,Big 12,Big 12,P4,P4,P4_vs_P4,False,False,Big 12,Big 12,,,-16.5,Favorite,15.5,W,-17.5,
2023,4,2023-09-24T00:00:00.000Z,401525510,Pittsburgh,ACC,ACC,P4,P4,P4_vs_P4,False,False,ACC,ACC,,,-7.166666666666667,Favorite,9.833333333333332,W,-7.0,
2023,4,2023-09-24T03:59:00.000Z,401520253,Hawai'i,Conference USA,Mountain West,G6,G6,G6_vs_G6,True,False,Independent,Mountain West,0.0,,3.6666666666666665,Underdog,0.6666666666666665,W,4.0,
2024,1,2024-08-30T00:00:00.000Z,401640998,Coastal Carolina,Conference USA,Sun Belt,G6,G6,G6_vs_G6,False,False,Conference USA,Sun Belt,,,-3.5,Favorite,-31.5,L,-3.5,
2024,1,2024-08-30T00:00:00.000Z,401628448,North Carolina,Big Ten,ACC,P4,P4,P4_vs_P4,False,False,Big Ten,ACC,,,0.3333333333333333,Underdog,-1.6666666666666667,L,1.5,
2024,1,2024-08-31T16:00:00.000Z,401628333,Vanderbilt,ACC,SEC,P4,P4,P4_vs_P4,False,False,ACC,SEC,,,-13.333333333333334,Favorite,-20.333333333333336,L,-13.5,
2024,1,2024-08-31T19:30:00.000Z,401628454,UTEP,Big Ten,Conference USA,P4,G6,P4_vs_G6,False,False,Big Ten,Conference USA,,,-27.5,Favorite,5.5,W,-27.5,0.5
2024,1,2024-08-31T19:30:00.000Z,401634304,Ohio,ACC,MAC,P4,G6,P4_vs_G6,False,False,ACC,MAC,,,-17.333333333333332,Favorite,-1.333333333333332,L,-17.5,
2024,1,2024-08-31T23:00:00.000Z,401643701,Troy,Mountain West,Sun Belt,G6,G6,G6_vs_G6,False,False,Mountain West,Sun Belt,,,10.166666666666666,Underdog,12.166666666666666,W,7.5,
2024,1,2024-08-31T23:00:00.000Z,401628319,Alabama,Conference USA,SEC,G6,P4,G6_vs_P4,False,False,Conference USA,SEC,,,34.166666666666664,Underdog,-28.833333333333336,L,37.5,
2024,1,2024-09-01T00:00:00.000Z,401643774,James Madison,American,Sun Belt,G6,G6,G6_vs_G6,False,False,American,Sun Belt,,,7.0,Underdog,-16.0,L,7.5,1.5
2024,1,2024-09-01T02:30:00.000Z,401636608,New Mexico,Big 12,Mountain West,P4,G6,P4_vs_G6,True,False,Pac-12,Mountain West,0.0,,-29.166666666666668,Favorite,-7.166666666666668,L,-29.0,
2024,2,2024-09-07T01:00:00.000Z,401635533,Duke,Big Ten,ACC,P4,P4,P4_vs_P4,False,False,Big Ten,ACC,,,-2.1666666666666665,Favorite,-8.166666666666666,L,-1.5,-1.0
2024,2,2024-09-07T16:00:00.000Z,401643784,Troy,American,Sun Belt,G6,G6,G6_vs_G6,False,False,American,Sun Belt,,,-18.666666666666668,Favorite,2.333333333333332,W,-18.5,1.5
2024,2,2024-09-07T16:00:00.000Z,401628470,Bowling Green,Big Ten,MAC,P4,G6,P4_vs_G6,False,False,Big Ten,MAC,,,-34.833333333333336,Favorite,-27.833333333333336,L,-35.0,3.0
2024,2,2024-09-07T16:00:00.000Z,401628471,Akron,Big Ten,MAC,P4,G6,P4_vs_G6,False,False,Big Ten,MAC,,,-24.5,Favorite,7.5,W,-24.5,1.5
2024,2,2024-09-07T16:00:00.000Z,401628347,Michigan,SEC,Big Ten,P4,P4,P4_vs_P4,True,False,Big 12,Big Ten,0.0,,-6.666666666666667,Favorite,12.333333333333332,W,-6.5,-1.0
2024,2,2024-09-07T19:30:00.000Z,401635537,North Carolina,American,ACC,G6,P4,G6_vs_P4,False,False,American,ACC,,,21.5,Underdog,3.5,W,22.0,0.5
2024,2,2024-09-07T20:15:00.000Z,401628342,Middle Tennessee,SEC,Conference USA,P4,G6,P4_vs_G6,False,False,SEC,Conference USA,,,-42.5,Favorite,6.5,W,-43.0,2.5
2024,2,2024-09-07T20:30:00.000Z,401635540,Marshall,ACC,Sun Belt,P4,G6,P4_vs_G6,False,False,ACC,Sun Belt,,,-20.666666666666668,Favorite,-3.666666666666668,L,-20.5,4.0
2024,2,2024-09-07T22:30:00.000Z,401636617,UCF,Conference USA,Big 12,G6,P4,G6_vs_P4,False,False,Conference USA,Big 12,,,21.5,Underdog,-9.5,L,21.5,2.0
2024,2,2024-09-07T23:00:00.000Z,401628335,Alabama,American,SEC,G6,P4,G6_vs_P4,False,False,American,SEC,,,31.666666666666668,Underdog,5.666666666666668,W,30.5,0.5
2024,2,2024-09-07T23:00:00.000Z,401628344,Buffalo,SEC,MAC,P4,G6,P4_vs_G6,False,False,SEC,MAC,,,-33.666666666666664,Favorite,4.333333333333336,W,-32.0,-2.0
2024,2,2024-09-07T23:00:00.000Z,401643780,UL Monroe,American,Sun Belt,G6,G6,G6_vs_G6,False,False,American,Sun Belt,,,-11.5,Favorite,-37.5,L,-11.0,-0.5
2024,3,2024-09-14T16:00:00.000Z,401628350,Alabama,Big Ten,SEC,P4,P4,P4_vs_P4,False,False,Big Ten,SEC,,,15.166666666666666,Underdog,-16.833333333333336,L,15.5,-6.0
2024,3,2024-09-14T19:30:00.000Z,401628484,Washington,,Big Ten,,P4,Other,,True,,Pac-12,,0.0,5.166666666666667,Underdog,10.166666666666668,W,5.5,2.0
2024,3,2024-09-14T19:30:00.000Z,401628483,Oregon State,Big Ten,,P4,,Other,True,,Pac-12,,0.0,,-17.666666666666668,Favorite,17.333333333333332,W,-18.0,-2.5
2024,3,2024-09-14T20:00:00.000Z,401628477,Troy,Big Ten,Sun Belt,P4,G6,P4_vs_G6,False,False,Big Ten,Sun Belt,,,-23.333333333333332,Favorite,-6.333333333333332,L,-22.5,0.0
2024,3,2024-09-14T20:15:00.000Z,401628351,Arkansas,American,SEC,G6,P4,G6_vs_P4,False,False,American,SEC,,,23.666666666666668,Underdog,13.666666666666668,W,24.0,0.0
2024,3,2024-09-14T22:00:00.000Z,401635548,Old Dominion,ACC,Sun Belt,P4,G6,P4_vs_G6,False,False,ACC,Sun Belt,,,-15.333333333333334,Favorite,4.666666666666666,W,-14.0,0.0
2024,3,2024-09-14T22:00:00.000Z,401640990,UTEP,Conference USA,Conference USA,G6,G6,G6_vs_G6,False,False,Conference USA,Conference USA,,,-23.666666666666668,Favorite,-5.666666666666668,L,-23.5,0.0
2024,3,2024-09-14T23:00:00.000Z,401643789,Southern Miss,American,Sun Belt,G6,G6,G6_vs_G6,False,False,American,Sun Belt,,,-11.666666666666666,Favorite,13.333333333333334,W,-11.5,0.0
2024,3,2024-09-14T23:00:00.000Z,401641024,Middle Tennessee,Conference USA,Conference USA,G6,G6,G6_vs_G6,False,False,Conference USA,Conference USA,,,-8.5,Favorite,19.5,W,-7.5,0.0
2024,3,2024-09-14T23:00:00.000Z,401628361,UTSA,SEC,American,P4,G6,P4_vs_G6,True,False,Big 12,American,0.0,,-35.5,Favorite,13.5,W,-34.5,0.0
2024,3,2024-09-14T23:00:00.000Z,401640999,Eastern Michigan,Conference USA,MAC,G6,G6,G6_vs_G6,False,False,Conference USA,MAC,,,-1.0,Favorite,-4.0,L,2.0,0.0
2024,3,2024-09-14T23:30:00.000Z,401628354,Kentucky,SEC,SEC,P4,P4,P4_vs_P4,False,False,SEC,SEC,,,-22.5,Favorite,-21.5,L,-22.0,-1.5
2024,3,2024-09-14T23:30:00.000Z,401636860,Air Force,Big 12,Mountain West,P4,G6,P4_vs_G6,False,False,Big 12,Mountain West,,,-16.666666666666668,Favorite,11.333333333333332,W,-15.5,0.0
2024,3,2024-09-14T23:30:00.000Z,401628352,New Mexico,SEC,Mountain West,P4,G6,P4_vs_G6,False,False,SEC,Mountain West,,,-25.833333333333332,Favorite,0.1666666666666678,W,-24.0,-4.0
2024,3,2024-09-14T23:30:00.000Z,401636866,UCF,Big 12,Big 12,P4,P4,P4_vs_P4,False,False,Big 12,Big 12,,,-2.1666666666666665,Favorite,-3.1666666666666665,L,-2.5,4.5
2024,3,2024-09-15T00:00:00.000Z,401628478,Maryland,ACC,Big Ten,P4,P4,P4_vs_P4,False,False,ACC,Big Ten,,,-1.1666666666666667,Favorite,-15.166666666666666,L,2.0,0.0
2024,3,2024-09-15T02:30:00.000Z,401635541,San Diego State,ACC,Mountain West,P4,G6,P4_vs_G6,True,False,Pac-12,Mountain West,0.0,,-18.666666666666668,Favorite,2.333333333333332,W,-18.0,0.0
2024,4,2024-09-21T00:00:00.000Z,401628485,Illinois,Big Ten,Big Ten,P4,P4,P4_vs_P4,False,False,Big Ten,Big Ten,,,-8.833333333333334,Favorite,-15.833333333333334,L,-8.0,-1.0
2024,4,2024-09-21T16:00:00.000Z,401643791,Tulane,Sun Belt,American,G6,G6,G6_vs_G6,False,False,Sun Belt,American,,,1.5,Underdog,-6.5,L,1.5,
2024,4,2024-09-21T16:00:00.000Z,401645328,Army,American,American,G6,G6,G6_vs_G6,False,True,American,Independent,,0.0,7.333333333333333,Underdog,-15.666666666666668,L,7.5,
2024,4,2024-09-21T16:45:00.000Z,401628364,Ohio,SEC,MAC,P4,G6,P4_vs_G6,False,False,SEC,MAC,,,-20.666666666666668,Favorite,14.333333333333332,W,-21.5,
2024,4,2024-09-21T18:00:00.000Z,401635558,Coastal Carolina,ACC,Sun Belt,P4,G6,P4_vs_G6,False,False,ACC,Sun Belt,,,-3.5,Favorite,15.5,W,-3.5,0.5
2024,4,2024-09-21T19:30:00.000Z,401628363,Arkansas,SEC,SEC,P4,P4,P4_vs_P4,False,False,SEC,SEC,,,-2.5,Favorite,-12.5,L,-2.5,-1.0
2024,4,2024-09-21T23:00:00.000Z,401635551,Florida State,ACC,ACC,P4,P4,P4_vs_P4,True,False,Pac-12,ACC,0.0,,2.8333333333333335,Underdog,-2.1666666666666665,L,2.5,-0.5
2024,4,2024-09-21T23:00:00.000Z,401628491,Washington,Big Ten,Big Ten,P4,P4,P4_vs_P4,False,True,Big Ten,Pac-12,,0.0,11.833333333333334,Underdog,-7.166666666666666,L,12.0,-1.5
2024,4,2024-09-21T23:00:00.000Z,401641037,Toledo,Conference USA,MAC,G6,G6,G6_vs_G6,False,False,Conference USA,MAC,,,2.3333333333333335,Underdog,7.333333333333334,W,2.5,-3.5
2024,4,2024-09-21T23:00:00.000Z,401641034,New Mexico State,Conference USA,Conference USA,G6,G6,G6_vs_G6,False,False,Conference USA,Conference USA,,,-15.0,Favorite,5.0,W,-14.5,0.5
2024,4,2024-09-21T23:30:00.000Z,401628372,Bowling Green,SEC,MAC,P4,G6,P4_vs_G6,False,False,SEC,MAC,,,-21.166666666666668,Favorite,-15.166666666666668,L,-21.0,-2.0
2024,4,2024-09-22T00:00:00.000Z,401628371,UL Monroe,SEC,Sun Belt,P4,G6,P4_vs_G6,True,False,Big 12,Sun Belt,0.0,,-43.0,Favorite,5.0,W,-41.5,-3.5
2025,1,2025-08-28T23:00:00.000Z,401762789,Akron,Mountain West,MAC,G6,G6,G6_vs_G6,False,False,Mountain West,MAC,,,-6.0,Favorite,4.0,W,-5.0,-4.5
2025,1,2025-08-28T23:00:00.000Z,401756848,Jacksonville State,Big 12,Conference USA,P4,G6,P4_vs_G6,False,False,Big 12,Conference USA,,,-19.166666666666668,Favorite,-12.166666666666668,L,-20.5,4.0
2025,1,2025-08-29T01:00:00.000Z,401762791,Miami (OH),Big Ten,MAC,P4,G6,P4_vs_G6,False,False,Big Ten,MAC,,,-18.0,Favorite,-1.0,L,-18.0,0.5
2025,1,2025-08-30T19:30:00.000Z,401752807,Nevada,Big Ten,Mountain West,P4,G6,P4_vs_G6,False,False,Big Ten,Mountain West,,,-44.166666666666664,Favorite,-9.166666666666664,L,-43.5,0.0
2025,1,2025-08-30T23:30:00.000Z,401752671,LSU,ACC,SEC,P4,P4,P4_vs_P4,False,False,ACC,SEC,,,-4.833333333333333,Favorite,-11.833333333333332,L,-5.5,3.0
2025,1,2025-08-30T23:30:00.000Z,401752808,New Mexico,Big Ten,Mountain West,P4,G6,P4_vs_G6,False,False,Big Ten,Mountain West,,,-35.166666666666664,Favorite,-18.166666666666664,L,-34.5,0.0
2025,1,2025-08-31T03:00:00.000Z,401752800,UCLA,Big 12,Big Ten,P4,P4,P4_vs_P4,False,False,Big 12,Big Ten,,,-6.5,Favorite,26.5,W,-6.5,3.5
2025,2,2025-09-06T16:00:00.000Z,401754525,SMU,Big 12,ACC,P4,P4,P4_vs_P4,False,False,Big 12,ACC,,,2.75,Underdog,5.75,W,2.5,2.0
2025,2,2025-09-06T16:00:00.000Z,401752825,Duke,Big Ten,ACC,P4,P4,P4_vs_P4,False,False,Big Ten,ACC,,,-2.5,Favorite,23.5,W,-2.5,0.0
2025,2,2025-09-06T16:00:00.000Z,401757227,Jacksonville State,Conference USA,Conference USA,G6,G6,G6_vs_G6,False,False,Conference USA,Conference USA,,,-6.25,Favorite,-16.25,L,-6.5,1.0
2025,2,2025-09-06T19:30:00.000Z,401752818,Miami (OH),Big Ten,MAC,P4,G6,P4_vs_G6,False,False,Big Ten,MAC,,,-15.5,Favorite,12.5,W,-15.5,2.0
2025,2,2025-09-06T19:30:00.000Z,401756880,Bowling Green,Big 12,MAC,P4,G6,P4_vs_G6,False,False,Big 12,MAC,,,-22.0,Favorite,-8.0,L,-22.5,4.5
2025,2,2025-09-06T19:30:00.000Z,401752686,Ole Miss,SEC,SEC,P4,P4,P4_vs_P4,False,False,SEC,SEC,,,7.75,Underdog,0.75,W,7.5,2.0
2025,2,2025-09-06T19:30:00.000Z,401754637,Troy,ACC,Sun Belt,P4,G6,P4_vs_G6,False,False,ACC,Sun Belt,,,-30.25,Favorite,-19.25,L,-29.5,-2.0
2025,2,2025-09-06T19:30:00.000Z,401756881,Colorado,Conference USA,Big 12,G6,P4,G6_vs_P4,False,False,,Big 12,,,23.5,Underdog,-0.5,L,23.5,1.0
2025,2,2025-09-06T19:30:00.000Z,401762461,Western Michigan,American,MAC,G6,G6,G6_vs_G6,False,False,American,MAC,,,-12.25,Favorite,-9.25,L,-12.5,2.0
2025,2,2025-09-06T19:30:00.000Z,401762458,UAB,American,American,G6,G6,G6_vs_G6,False,False,American,American,,,-21.5,Favorite,-7.5,L,-22.5,1.0
2025,2,2025-09-06T23:00:00.000Z,401754527,Charlotte,ACC,American,P4,G6,P4_vs_G6,False,False,ACC,American,,,-15.75,Favorite,1.25,W,-15.0,2.0
2025,2,2025-09-06T23:00:00.000Z,401757232,Western Kentucky,MAC,Conference USA,G6,G6,G6_vs_G6,False,False,MAC,Conference USA,,,-8.0,Favorite,16.0,W,-7.5,1.0
2025,2,2025-09-06T23:00:00.000Z,401756884,Rice,Big 12,American,P4,G6,P4_vs_G6,False,False,Big 12,American,,,-13.5,Favorite,12.5,W,-13.5,1.0
2025,2,2025-09-06T23:30:00.000Z,401752695,Virginia Tech,SEC,ACC,P4,P4,P4_vs_P4,False,False,SEC,ACC,,,2.0,Underdog,26.0,W,1.5,-0.5
2025,2,2025-09-07T01:00:00.000Z,401757229,Tulsa,Conference USA,American,G6,G6,G6_vs_G6,False,False,Conference USA,American,,,3.25,Underdog,10.25,W,3.5,0.0
2025,2,2025-09-07T02:15:00.000Z,401752948,Washington State,Mountain West,,G6,,Other,False,,Mountain West,,,,2.25,Underdog,-20.75,L,2.5,-1.0
2025,2,2025-09-07T03:59:00.000Z,401757230,Sam Houston,Mountain West,Conference USA,G6,G6,G6_vs_G6,False,False,Mountain West,Conference USA,,,-7.25,Favorite,9.75,W,-7.5,0.0
2025,3,2025-09-12T23:30:00.000Z,401756893,Colorado,Big 12,Big 12,P4,P4,P4_vs_P4,False,False,Big 12,Big 12,,,-3.8333333333333335,Favorite,12.166666666666666,W,-4.0,-0.5
2025,3,2025-09-13T02:00:00.000Z,401752837,New Mexico,Big Ten,Mountain West,P4,G6,P4_vs_G6,False,False,Big Ten,Mountain West,,,-15.5,Favorite,-40.5,L,-15.5,0.5
2025,3,2025-09-13T16:00:00.000Z,401754623,Georgia Tech,ACC,ACC,P4,P4,P4_vs_P4,False,False,ACC,ACC,,,-2.8333333333333335,Favorite,-5.833333333333334,L,-3.0,-3.5
2025,3,2025-09-13T16:00:00.000Z,401761608,Memphis,Sun Belt,American,G6,G6,G6_vs_G6,False,False,Sun Belt,American,,,4.5,Underdog,-16.5,L,4.5,
2025,3,2025-09-13T16:00:00.000Z,401752703,Temple,SEC,American,P4,G6,P4_vs_G6,False,False,SEC,American,,,-23.833333333333332,Favorite,15.166666666666668,W,-24.5,-1.0
2025,3,2025-09-13T16:00:00.000Z,401752831,Oregon,Big Ten,Big Ten,P4,P4,P4_vs_P4,False,False,Big Ten,Big Ten,,,25.5,Underdog,5.5,W,24.5,3.0
2025,3,2025-09-13T17:00:00.000Z,401752702,Louisiana,SEC,Sun Belt,P4,G6,P4_vs_G6,False,False,SEC,Sun Belt,,,-27.5,Favorite,14.5,W,-27.5,5.0
2025,3,2025-09-13T19:30:00.000Z,401754638,West Virginia,ACC,Big 12,P4,P4,P4_vs_P4,False,False,ACC,Big 12,,,-6.833333333333333,Favorite,-13.833333333333332,L,-7.0,2.5
2025,3,2025-09-13T19:30:00.000Z,401752949,Washington State,American,,G6,,Other,False,,American,,,,-6.5,Favorite,42.5,W,-6.5,1.0
2025,3,2025-09-13T20:15:00.000Z,401752706,Texas,Conference USA,SEC,G6,P4,G6_vs_P4,False,False,Conference USA,SEC,,,39.833333333333336,Underdog,22.833333333333336,W,40.5,-4.0
2025,3,2025-09-13T21:00:00.000Z,401757256,Bowling Green,Conference USA,MAC,G6,G6,G6_vs_G6,False,False,Conference USA,MAC,,,-6.0,Favorite,-16.0,L,-6.5,-1.0
2025,3,2025-09-13T21:00:00.000Z,401757258,Nevada,Conference USA,Mountain West,G6,G6,G6_vs_G6,False,False,Conference USA,Mountain West,,,9.333333333333334,Underdog,10.333333333333334,W,9.5,0.0
2025,3,2025-09-13T23:00:00.000Z,401752829,Western Michigan,Big Ten,MAC,P4,G6,P4_vs_G6,False,False,Big Ten,MAC,,,-27.5,Favorite,10.5,W,-27.5,-1.0
2025,3,2025-09-13T23:00:00.000Z,401752700,Ole Miss,SEC,SEC,P4,P4,P4_vs_P4,False,False,SEC,SEC,,,3.8333333333333335,Underdog,-2.1666666666666665,L,4.5,4.0
2025,3,2025-09-13T23:30:00.000Z,401757257,Louisiana Tech,Conference USA,Conference USA,G6,G6,G6_vs_G6,False,False,Conference USA,Conference USA,,,10.166666666666666,Underdog,-24.833333333333336,L,10.5,2.0
2025,3,2025-09-14T00:00:00.000Z,401762465,Tulsa,American,American,G6,G6,G6_vs_G6,False,False,American,American,,,-13.666666666666666,Favorite,5.333333333333334,W,-13.5,-1.0
2025,4,2025-09-20T16:00:00.000Z,401754537,Syracuse,ACC,ACC,P4,P4,P4_vs_P4,False,False,ACC,ACC,,,-17.5,Favorite,-30.5,L,-17.5,1.0
2025,4,2025-09-20T16:00:00.000Z,401752708,Memphis,SEC,American,P4,G6,P4_vs_G6,False,False,SEC,American,,,-7.166666666666667,Favorite,-8.166666666666668,L,-7.0,0.5
2025,4,2025-09-20T16:00:00.000Z,401754642,Bowling Green,ACC,MAC,P4,G6,P4_vs_G6,False,False,ACC,MAC,,,-26.166666666666668,Favorite,-3.166666666666668,L,-25.5,-2.0
2025,4,2025-09-20T16:45:00.000Z,401752715,UAB,SEC,American,P4,G6,P4_vs_G6,False,False,SEC,American,,,-39.0,Favorite,-7.0,L,-38.5,1.0
2025,4,2025-09-20T19:00:00.000Z,401752841,Oregon,,Big Ten,,P4,Other,,False,,Big Ten,,,34.0,Underdog,0.0,P,34.5,0.0
2025,4,2025-09-20T19:30:00.000Z,401752848,Purdue,Independent,Big Ten,Independent,P4,Other,False,False,Independent,Big Ten,,,-24.5,Favorite,1.5,W,-24.5,-2.0
2025,4,2025-09-20T19:30:00.000Z,401762820,Western Michigan,MAC,MAC,G6,G6,G6_vs_G6,False,False,MAC,MAC,,,-12.666666666666666,Favorite,-13.666666666666666,L,-11.5,-2.0
2025,4,2025-09-20T23:00:00.000Z,401757264,Marshall,Conference USA,Sun Belt,G6,G6,G6_vs_G6,False,False,Conference USA,Sun Belt,,,2.5,Underdog,-11.5,L,2.5,1.0
2025,4,2025-09-20T23:30:00.000Z,401752842,Washington State,Big Ten,,P4,,Other,False,,Big Ten,,,,-20.833333333333332,Favorite,14.166666666666668,W,-20.5,0.0
2025,4,2025-09-20T23:30:00.000Z,401752843,Indiana,Big Ten,Big Ten,P4,P4,P4_vs_P4,False,False,Big Ten,Big Ten,,,7.0,Underdog,-46.0,L,7.5,-3.0
2025,4,2025-09-20T23:30:00.000Z,401756898,East Carolina,Big 12,American,P4,G6,P4_vs_G6,False,False,Big 12,American,,,-6.166666666666667,Favorite,14.833333333333332,W,-5.5,-2.0
2023,1,2023-09-01T00:00:00.000Z,401520176,Florida,,SEC,,P4,Other,,False,,SEC,,,-6.3,Favorite,6.7,W,-5.5,
2023,1,2023-09-02T16:00:00.000Z,401520172,SMU,Conference USA,American,G6,G6,G6_vs_G6,False,False,Conference USA,American,,,20.125,Underdog,-3.875,L,21.0,
2023,1,2023-09-02T16:00:00.000Z,401520162,East Carolina,Big Ten,American,P4,G6,P4_vs_G6,False,False,Big Ten,American,,,-35.4,Favorite,-8.399999999999999,L,-36.0,
2023,1,2023-09-02T22:30:00.000Z,401523996,Nevada,,Mountain West,,G6,Other,,False,,Mountain West,,,-37.875,Favorite,14.125,W,-37.5,
2023,1,2023-09-02T23:30:00.000Z,401520149,Alabama,Conference USA,SEC,G6,P4,G6_vs_P4,False,False,Conference USA,SEC,,,39.375,Underdog,-9.625,L,39.5,
2023,2,2023-09-08T23:30:00.000Z,401520195,Illinois,Big 12,Big Ten,P4,P4,P4_vs_P4,False,False,Big 12,Big Ten,,,-3.6666666666666665,Favorite,7.333333333333334,W,-3.5,
2023,2,2023-09-09T16:00:00.000Z,401523999,Baylor,,Big 12,,P4,Other,,False,,Big 12,,,-7.0,Favorite,0.0,P,-7.0,
2023,2,2023-09-09T19:30:00.000Z,401525497,Western Michigan,ACC,MAC,P4,G6,P4_vs_G6,False,False,ACC,MAC,,,-24.666666666666668,Favorite,16.333333333333332,W,-24.5,
2023,2,2023-09-09T20:00:00.000Z,401531411,East Carolina,Sun Belt,American,G6,G6,G6_vs_G6,False,False,Sun Belt,American,,,-2.8333333333333335,Favorite,15.166666666666666,W,-3.0,
2023,2,2023-09-09T21:00:00.000Z,401524004,Tulsa,,American,,G6,Other,,False,,American,,,-33.666666666666664,Favorite,-0.6666666666666643,L,-34.0,
2023,2,2023-09-09T23:00:00.000Z,401520183,Alabama,Big 12,SEC,P4,P4,P4_vs_P4,False,False,Big 12,SEC,,,7.166666666666667,Underdog,17.166666666666668,W,7.0,
2023,2,2023-09-10T00:30:00.000Z,401525493,Southern Miss,ACC,Sun Belt,P4,G6,P4_vs_G6,False,False,ACC,Sun Belt,,,-31.0,Favorite,22.0,W,-31.0,
2023,2,2023-09-10T02:30:00.000Z,401524003,Stanford,,,,,Other,,,,,,,-28.666666666666668,Favorite,17.333333333333332,W,-28.5,
2023,3,2023-09-16T19:30:00.000Z,401525842,Tulsa,Big 12,American,P4,G6,P4_vs_G6,False,False,Big 12,American,,,-28.0,Favorite,21.0,W,-28.0,
2023,3,2023-09-16T20:00:00.000Z,401520245,UL Monroe,SEC,Sun Belt,P4,G6,P4_vs_G6,False,False,SEC,Sun Belt,,,-36.5,Favorite,7.5,W,-36.5,
2023,3,2023-09-16T23:00:00.000Z,401525835,Cincinnati,MAC,Big 12,G6,P4,G6_vs_P4,False,True,MAC,American,,0.0,14.25,Underdog,21.25,W,14.5,
2023,3,2023-09-16T23:00:00.000Z,401531379,UAB,Sun Belt,American,G6,G6,G6_vs_G6,False,True,Sun Belt,Conference USA,,0.0,2.0,Underdog,22.0,W,2.0,
2023,3,2023-09-16T23:30:00.000Z,401520232,Bowling Green,Big Ten,MAC,P4,G6,P4_vs_G6,False,False,Big Ten,MAC,,,-40.75,Favorite,-15.75,L,-40.5,
2023,3,2023-09-17T02:30:00.000Z,401525837,Nevada,Big 12,Mountain West,P4,G6,P4_vs_G6,False,False,Big 12,Mountain West,,,-28.5,Favorite,-21.5,L,-28.5,
2023,4,2023-09-23T17:30:00.000Z,401532406,Western Michigan,MAC,MAC,G6,G6,G6_vs_G6,False,False,MAC,MAC,,,-21.5,Favorite,-3.5,L,-21.5,
2023,4,2023-09-23T19:30:00.000Z,401525506,Louisville,ACC,ACC,P4,P4,P4_vs_P4,False,False,ACC,ACC,,,13.833333333333334,Underdog,-14.166666666666666,L,14.0,
2023,4,2023-09-23T19:30:00.000Z,401520250,Alabama,SEC,SEC,P4,P4,P4_vs_P4,False,False,SEC,SEC,,,7.0,Underdog,-7.0,L,7.0,
2023,4,2023-09-23T19:30:00.000Z,401525847,BYU,Big 12,Big 12,P4,P4,P4_vs_P4,False,True,Big 12,Independent,,0.0,-9.333333333333334,Favorite,1.666666666666666,W,-9.0,
2023,4,2023-09-23T23:00:00.000Z,401524016,Stanford,,,,,Other,,,,,,,-12.833333333333334,Favorite,-11.833333333333334,L,-13.0,
2023,4,2023-09-23T23:30:00.000Z,401520252,UAB,SEC,American,P4,G6,P4_vs_G6,False,True,SEC,Conference USA,,0.0,-40.833333333333336,Favorite,-12.833333333333336,L,-40.0,
2024,1,2024-08-30T00:00:00.000Z,401640998,Coastal Carolina,Conference USA,Sun Belt,G6,G6,G6_vs_G6,False,False,Conference USA,Sun Belt,,,-3.5,Favorite,-31.5,L,-3.5,
2024,1,2024-08-30T00:00:00.000Z,401628448,North Carolina,Big Ten,ACC,P4,P4,P4_vs_P4,False,False,Big Ten,ACC,,,0.3333333333333333,Underdog,-1.6666666666666667,L,1.5,
2024,1,2024-08-31T16:00:00.000Z,401628333,Vanderbilt,ACC,SEC,P4,P4,P4_vs_P4,False,False,ACC,SEC,,,-13.333333333333334,Favorite,-20.333333333333336,L,-13.5,
2024,1,2024-08-31T19:30:00.000Z,401628454,UTEP,Big Ten,Conference USA,P4,G6,P4_vs_G6,False,False,Big Ten,Conference USA,,,-27.5,Favorite,5.5,W,-27.5,0.5
2024,1,2024-08-31T19:30:00.000Z,401634304,Ohio,ACC,MAC,P4,G6,P4_vs_G6,False,False,ACC,MAC,,,-17.333333333333332,Favorite,-1.333333333333332,L,-17.5,
2024,1,2024-08-31T23:00:00.000Z,401643701,Troy,Mountain West,Sun Belt,G6,G6,G6_vs_G6,False,False,Mountain West,Sun Belt,,,10.166666666666666,Underdog,12.166666666666666,W,7.5,
2024,1,2024-09-01T00:00:00.000Z,401643774,James Madison,American,Sun Belt,G6,G6,G6_vs_G6,False,False,American,Sun Belt,,,7.0,Underdog,-16.0,L,7.5,1.5
2024,1,2024-09-01T02:30:00.000Z,401636608,New Mexico,Big 12,Mountain West,P4,G6,P4_vs_G6,True,False,Pac-12,Mountain West,0.0,,-29.166666666666668,Favorite,-7.166666666666668,L,-29.0,
2024,2,2024-09-07T01:00:00.000Z,401635533,Duke,Big Ten,ACC,P4,P4,P4_vs_P4,False,False,Big Ten,ACC,,,-2.1666666666666665,Favorite,-8.166666666666666,L,-1.5,-1.0
2024,2,2024-09-07T16:00:00.000Z,401643784,Troy,American,Sun Belt,G6,G6,G6_vs_G6,False,False,American,Sun Belt,,,-18.666666666666668,Favorite,2.333333333333332,W,-18.5,1.5
2024,2,2024-09-07T16:00:00.000Z,401628470,Bowling Green,Big Ten,MAC,P4,G6,P4_vs_G6,False,False,Big Ten,MAC,,,-34.833333333333336,Favorite,-27.833333333333336,L,-35.0,3.0
2024,2,2024-09-07T16:00:00.000Z,401628471,Akron,Big Ten,MAC,P4,G6,P4_vs_G6,False,False,Big Ten,MAC,,,-24.5,Favorite,7.5,W,-24.5,1.5
2024,2,2024-09-07T16:00:00.000Z,401628347,Michigan,SEC,Big Ten,P4,P4,P4_vs_P4,True,False,Big 12,Big Ten,0.0,,-6.666666666666667,Favorite,12.333333333333332,W,-6.5,-1.0
2024,2,2024-09-07T19:30:00.000Z,401635537,North Carolina,American,ACC,G6,P4,G6_vs_P4,False,False,American,ACC,,,21.5,Underdog,3.5,W,22.0,0.5
2024,2,2024-09-07T20:30:00.000Z,401635540,Marshall,ACC,Sun Belt,P4,G6,P4_vs_G6,False,False,ACC,Sun Belt,,,-20.666666666666668,Favorite,-3.666666666666668,L,-20.5,4.0
2024,2,2024-09-07T23:00:00.000Z,401628335,Alabama,American,SEC,G6,P4,G6_vs_P4,False,False,American,SEC,,,31.666666666666668,Underdog,5.666666666666668,W,30.5,0.5
2024,2,2024-09-07T23:00:00.000Z,401628344,Buffalo,SEC,MAC,P4,G6,P4_vs_G6,False,False,SEC,MAC,,,-33.666666666666664,Favorite,4.333333333333336,W,-32.0,-2.0
2024,2,2024-09-07T23:00:00.000Z,401643780,UL Monroe,American,Sun Belt,G6,G6,G6_vs_G6,False,False,American,Sun Belt,,,-11.5,Favorite,-37.5,L,-11.0,-0.5
2024,3,2024-09-14T16:00:00.000Z,401628350,Alabama,Big Ten,SEC,P4,P4,P4_vs_P4,False,False,Big Ten,SEC,,,15.166666666666666,Underdog,-16.833333333333336,L,15.5,-6.0
2024,3,2024-09-14T19:30:00.000Z,401628483,Oregon State,Big Ten,,P4,,Other,True,,Pac-12,,0.0,,-17.666666666666668,Favorite,17.333333333333332,W,-18.0,-2.5
2024,3,2024-09-14T20:00:00.000Z,401628477,Troy,Big Ten,Sun Belt,P4,G6,P4_vs_G6,False,False,Big Ten,Sun Belt,,,-23.333333333333332,Favorite,-6.333333333333332,L,-22.5,0.0
2024,3,2024-09-14T20:15:00.000Z,401628351,Arkansas,American,SEC,G6,P4,G6_vs_P4,False,False,American,SEC,,,23.666666666666668,Underdog,13.666666666666668,W,24.0,0.0
2024,3,2024-09-14T23:00:00.000Z,401628361,UTSA,SEC,American,P4,G6,P4_vs_G6,True,False,Big 12,American,0.0,,-35.5,Favorite,13.5,W,-34.5,0.0
2024,3,2024-09-14T23:00:00.000Z,401640999,Eastern Michigan,Conference USA,MAC,G6,G6,G6_vs_G6,False,False,Conference USA,MAC,,,-1.0,Favorite,-4.0,L,2.0,0.0
2024,3,2024-09-14T23:30:00.000Z,401636860,Air Force,Big 12,Mountain West,P4,G6,P4_vs_G6,False,False,Big 12,Mountain West,,,-16.666666666666668,Favorite,11.333333333333332,W,-15.5,0.0
2024,3,2024-09-14T23:30:00.000Z,401628352,New Mexico,SEC,Mountain West,P4,G6,P4_vs_G6,False,False,SEC,Mountain West,,,-25.833333333333332,Favorite,0.1666666666666678,W,-24.0,-4.0
2024,3,2024-09-14T23:30:00.000Z,401636866,UCF,Big 12,Big 12,P4,P4,P4_vs_P4,False,False,Big 12,Big 12,,,-2.1666666666666665,Favorite,-3.1666666666666665,L,-2.5,4.5
2024,3,2024-09-15T00:00:00.000Z,401628478,Maryland,ACC,Big Ten,P4,P4,P4_vs_P4,False,False,ACC,Big Ten,,,-1.1666666666666667,Favorite,-15.166666666666666,L,2.0,0.0
2024,3,2024-09-15T02:30:00.000Z,401635541,San Diego State,ACC,Mountain West,P4,G6,P4_vs_G6,True,False,Pac-12,Mountain West,0.0,,-18.666666666666668,Favorite,2.333333333333332,W,-18.0,0.0
2024,4,2024-09-21T16:00:00.000Z,401643791,Tulane,Sun Belt,American,G6,G6,G6_vs_G6,False,False,Sun Belt,American,,,1.5,Underdog,-6.5,L,1.5,
2024,4,2024-09-21T16:00:00.000Z,401645328,Army,American,American,G6,G6,G6_vs_G6,False,True,American,Independent,,0.0,7.333333333333333,Underdog,-15.666666666666668,L,7.5,
2024,4,2024-09-21T16:45:00.000Z,401628364,Ohio,SEC,MAC,P4,G6,P4_vs_G6,False,False,SEC,MAC,,,-20.666666666666668,Favorite,14.333333333333332,W,-21.5,
2024,4,2024-09-21T18:00:00.000Z,401635558,Coastal Carolina,ACC,Sun Belt,P4,G6,P4_vs_G6,False,False,ACC,Sun Belt,,,-3.5,Favorite,15.5,W,-3.5,0.5
2024,4,2024-09-21T23:00:00.000Z,401628491,Washington,Big Ten,Big Ten,P4,P4,P4_vs_P4,False,True,Big Ten,Pac-12,,0.0,11.833333333333334,Underdog,-7.166666666666666,L,12.0,-1.5
2024,4,2024-09-21T23:30:00.000Z,401628372,Bowling Green,SEC,MAC,P4,G6,P4_vs_G6,False,False,SEC,MAC,,,-21.166666666666668,Favorite,-15.166666666666668,L,-21.0,-2.0
2024,4,2024-09-22T00:00:00.000Z,401628371,UL Monroe,SEC,Sun Belt,P4,G6,P4_vs_G6,True,False,Big 12,Sun Belt,0.0,,-43.0,Favorite,5.0,W,-41.5,-3.5
2025,1,2025-08-29T01:00:00.000Z,401762791,Miami (OH),Big Ten,MAC,P4,G6,P4_vs_G6,False,False,Big Ten,MAC,,,-18.0,Favorite,-1.0,L,-18.0,0.5
2025,1,2025-08-30T19:30:00.000Z,401752807,Nevada,Big Ten,Mountain West,P4,G6,P4_vs_G6,False,False,Big Ten,Mountain West,,,-44.166666666666664,Favorite,-9.166666666666664,L,-43.5,0.0
2025,1,2025-08-30T23:30:00.000Z,401752808,New Mexico,Big Ten,Mountain West,P4,G6,P4_vs_G6,False,False,Big Ten,Mountain West,,,-35.166666666666664,Favorite,-18.166666666666664,L,-34.5,0.0
2025,2,2025-09-06T16:00:00.000Z,401757227,Jacksonville State,Conference USA,Conference USA,G6,G6,G6_vs_G6,False,False,Conference USA,Conference USA,,,-6.25,Favorite,-16.25,L,-6.5,1.0
2025,2,2025-09-06T19:30:00.000Z,401752818,Miami (OH),Big Ten,MAC,P4,G6,P4_vs_G6,False,False,Big Ten,MAC,,,-15.5,Favorite,12.5,W,-15.5,2.0
2025,2,2025-09-06T19:30:00.000Z,401756880,Bowling Green,Big 12,MAC,P4,G6,P4_vs_G6,False,False,Big 12,MAC,,,-22.0,Favorite,-8.0,L,-22.5,4.5
2025,2,2025-09-06T19:30:00.000Z,401762458,UAB,American,American,G6,G6,G6_vs_G6,False,False,American,American,,,-21.5,Favorite,-7.5,L,-22.5,1.0
2025,2,2025-09-06T23:00:00.000Z,401754527,Charlotte,ACC,American,P4,G6,P4_vs_G6,False,False,ACC,American,,,-15.75,Favorite,1.25,W,-15.0,2.0
2025,2,2025-09-06T23:00:00.000Z,401757232,Western Kentucky,MAC,Conference USA,G6,G6,G6_vs_G6,False,False,MAC,Conference USA,,,-8.0,Favorite,16.0,W,-7.5,1.0
2025,2,2025-09-06T23:00:00.000Z,401756884,Rice,Big 12,American,P4,G6,P4_vs_G6,False,False,Big 12,American,,,-13.5,Favorite,12.5,W,-13.5,1.0
2025,2,2025-09-07T02:15:00.000Z,401752948,Washington State,Mountain West,,G6,,Other,False,,Mountain West,,,,2.25,Underdog,-20.75,L,2.5,-1.0
2025,3,2025-09-13T16:00:00.000Z,401761608,Memphis,Sun Belt,American,G6,G6,G6_vs_G6,False,False,Sun Belt,American,,,4.5,Underdog,-16.5,L,4.5,
2025,3,2025-09-13T19:30:00.000Z,401752949,Washington State,American,,G6,,Other,False,,American,,,,-6.5,Favorite,42.5,W,-6.5,1.0
2025,3,2025-09-13T21:00:00.000Z,401757256,Bowling Green,Conference USA,MAC,G6,G6,G6_vs_G6,False,False,Conference USA,MAC,,,-6.0,Favorite,-16.0,L,-6.5,-1.0
2025,3,2025-09-13T21:00:00.000Z,401757258,Nevada,Conference USA,Mountain West,G6,G6,G6_vs_G6,False,False,Conference USA,Mountain West,,,9.333333333333334,Underdog,10.333333333333334,W,9.5,0.0
2025,3,2025-09-13T23:00:00.000Z,401752829,Western Michigan,Big Ten,MAC,P4,G6,P4_vs_G6,False,False,Big Ten,MAC,,,-27.5,Favorite,10.5,W,-27.5,-1.0
2025,4,2025-09-20T16:00:00.000Z,401754537,Syracuse,ACC,ACC,P4,P4,P4_vs_P4,False,False,ACC,ACC,,,-17.5,Favorite,-30.5,L,-17.5,1.0
2025,4,2025-09-20T16:00:00.000Z,401754642,Bowling Green,ACC,MAC,P4,G6,P4_vs_G6,False,False,ACC,MAC,,,-26.166666666666668,Favorite,-3.166666666666668,L,-25.5,-2.0
2025,4,2025-09-20T19:30:00.000Z,401752848,Purdue,Independent,Big Ten,Independent,P4,Other,False,False,Independent,Big Ten,,,-24.5,Favorite,1.5,W,-24.5,-2.0
2025,4,2025-09-20T19:30:00.000Z,401762820,Western Michigan,MAC,MAC,G6,G6,G6_vs_G6,False,False,MAC,MAC,,,-12.666666666666666,Favorite,-13.666666666666666,L,-11.5,-2.0
2025,4,2025-09-20T23:00:00.000Z,401757264,Marshall,Conference USA,Sun Belt,G6,G6,G6_vs_G6,False,False,Conference USA,Sun Belt,,,2.5,Underdog,-11.5,L,2.5,1.0
2025,4,2025-09-20T23:30:00.000Z,401752842,Washington State,Big Ten,,P4,,Other,False,,Big Ten,,,,-20.833333333333332,Favorite,14.166666666666668,W,-20.5,0.0
2023,1,2023-09-02T16:00:00.000Z,401520162,East Carolina,Big Ten,American,P4,G6,P4_vs_G6,False,False,Big Ten,American,,,-35.4,Favorite,-8.399999999999999,L,-36.0,
2023,1,2023-09-02T23:30:00.000Z,401520149,Alabama,Conference USA,SEC,G6,P4,G6_vs_P4,False,False,Conference USA,SEC,,,39.375,Underdog,-9.625,L,39.5,
2023,2,2023-09-09T20:00:00.000Z,401531411,East Carolina,Sun Belt,American,G6,G6,G6_vs_G6,False,False,Sun Belt,American,,,-2.8333333333333335,Favorite,15.166666666666666,W,-3.0,
2023,2,2023-09-09T21:00:00.000Z,401524004,Tulsa,,American,,G6,Other,,False,,American,,,-33.666666666666664,Favorite,-0.6666666666666643,L,-34.0,
2023,2,2023-09-09T23:00:00.000Z,401520183,Alabama,Big 12,SEC,P4,P4,P4_vs_P4,False,False,Big 12,SEC,,,7.166666666666667,Underdog,17.166666666666668,W,7.0,
2023,2,2023-09-10T00:30:00.000Z,401525493,Southern Miss,ACC,Sun Belt,P4,G6,P4_vs_G6,False,False,ACC,Sun Belt,,,-31.0,Favorite,22.0,W,-31.0,
2023,2,2023-09-10T02:30:00.000Z,401524003,Stanford,,,,,Other,,,,,,,-28.666666666666668,Favorite,17.333333333333332,W,-28.5,
2023,3,2023-09-16T20:00:00.000Z,401520245,UL Monroe,SEC,Sun Belt,P4,G6,P4_vs_G6,False,False,SEC,Sun Belt,,,-36.5,Favorite,7.5,W,-36.5,
2023,3,2023-09-16T23:00:00.000Z,401531379,UAB,Sun Belt,American,G6,G6,G6_vs_G6,False,True,Sun Belt,Conference USA,,0.0,2.0,Underdog,22.0,W,2.0,
2023,3,2023-09-17T02:30:00.000Z,401525837,Nevada,Big 12,Mountain West,P4,G6,P4_vs_G6,False,False,Big 12,Mountain West,,,-28.5,Favorite,-21.5,L,-28.5,
2023,4,2023-09-23T17:30:00.000Z,401532406,Western Michigan,MAC,MAC,G6,G6,G6_vs_G6,False,False,MAC,MAC,,,-21.5,Favorite,-3.5,L,-21.5,
2023,4,2023-09-23T19:30:00.000Z,401520250,Alabama,SEC,SEC,P4,P4,P4_vs_P4,False,False,SEC,SEC,,,7.0,Underdog,-7.0,L,7.0,
2024,1,2024-08-30T00:00:00.000Z,401628448,North Carolina,Big Ten,ACC,P4,P4,P4_vs_P4,False,False,Big Ten,ACC,,,0.3333333333333333,Underdog,-1.6666666666666667,L,1.5,
2024,1,2024-08-31T16:00:00.000Z,401628333,Vanderbilt,ACC,SEC,P4,P4,P4_vs_P4,False,False,ACC,SEC,,,-13.333333333333334,Favorite,-20.333333333333336,L,-13.5,
2024,1,2024-08-31T19:30:00.000Z,401628454,UTEP,Big Ten,Conference USA,P4,G6,P4_vs_G6,False,False,Big Ten,Conference USA,,,-27.5,Favorite,5.5,W,-27.5,0.5
2024,1,2024-08-31T19:30:00.000Z,401634304,Ohio,ACC,MAC,P4,G6,P4_vs_G6,False,False,ACC,MAC,,,-17.333333333333332,Favorite,-1.333333333333332,L,-17.5,
2024,1,2024-09-01T02:30:00.000Z,401636608,New Mexico,Big 12,Mountain West,P4,G6,P4_vs_G6,True,False,Pac-12,Mountain West,0.0,,-29.166666666666668,Favorite,-7.166666666666668,L,-29.0,
2024,2,2024-09-07T16:00:00.000Z,401643784,Troy,American,Sun Belt,G6,G6,G6_vs_G6,False,False,American,Sun Belt,,,-18.666666666666668,Favorite,2.333333333333332,W,-18.5,1.5
2024,2,2024-09-07T16:00:00.000Z,401628347,Michigan,SEC,Big Ten,P4,P4,P4_vs_P4,True,False,Big 12,Big Ten,0.0,,-6.666666666666667,Favorite,12.333333333333332,W,-6.5,-1.0
2024,2,2024-09-07T23:00:00.000Z,401628335,Alabama,American,SEC,G6,P4,G6_vs_P4,False,False,American,SEC,,,31.666666666666668,Underdog,5.666666666666668,W,30.5,0.5
2024,2,2024-09-07T23:00:00.000Z,401628344,Buffalo,SEC,MAC,P4,G6,P4_vs_G6,False,False,SEC,MAC,,,-33.666666666666664,Favorite,4.333333333333336,W,-32.0,-2.0
2024,2,2024-09-07T23:00:00.000Z,401643780,UL Monroe,American,Sun Belt,G6,G6,G6_vs_G6,False,False,American,Sun Belt,,,-11.5,Favorite,-37.5,L,-11.0,-0.5
2024,3,2024-09-14T16:00:00.000Z,401628350,Alabama,Big Ten,SEC,P4,P4,P4_vs_P4,False,False,Big Ten,SEC,,,15.166666666666666,Underdog,-16.833333333333336,L,15.5,-6.0
2024,3,2024-09-14T19:30:00.000Z,401628483,Oregon State,Big Ten,,P4,,Other,True,,Pac-12,,0.0,,-17.666666666666668,Favorite,17.333333333333332,W,-18.0,-2.5
2024,3,2024-09-14T20:00:00.000Z,401628477,Troy,Big Ten,Sun Belt,P4,G6,P4_vs_G6,False,False,Big Ten,Sun Belt,,,-23.333333333333332,Favorite,-6.333333333333332,L,-22.5,0.0
2024,3,2024-09-14T23:00:00.000Z,401628361,UTSA,SEC,American,P4,G6,P4_vs_G6,True,False,Big 12,American,0.0,,-35.5,Favorite,13.5,W,-34.5,0.0
2024,3,2024-09-14T23:30:00.000Z,401636860,Air Force,Big 12,Mountain West,P4,G6,P4_vs_G6,False,False,Big 12,Mountain West,,,-16.666666666666668,Favorite,11.333333333333332,W,-15.5,0.0
2024,3,2024-09-14T23:30:00.000Z,401628352,New Mexico,SEC,Mountain West,P4,G6,P4_vs_G6,False,False,SEC,Mountain West,,,-25.833333333333332,Favorite,0.1666666666666678,W,-24.0,-4.0
2024,3,2024-09-15T00:00:00.000Z,401628478,Maryland,ACC,Big Ten,P4,P4,P4_vs_P4,False,False,ACC,Big Ten,,,-1.1666666666666667,Favorite,-15.166666666666666,L,2.0,0.0
2024,3,2024-09-15T02:30:00.000Z,401635541,San Diego State,ACC,Mountain West,P4,G6,P4_vs_G6,True,False,Pac-12,Mountain West,0.0,,-18.666666666666668,Favorite,2.333333333333332,W,-18.0,0.0
2024,4,2024-09-21T16:00:00.000Z,401645328,Army,American,American,G6,G6,G6_vs_G6,False,True,American,Independent,,0.0,7.333333333333333,Underdog,-15.666666666666668,L,7.5,
2024,4,2024-09-21T18:00:00.000Z,401635558,Coastal Carolina,ACC,Sun Belt,P4,G6,P4_vs_G6,False,False,ACC,Sun Belt,,,-3.5,Favorite,15.5,W,-3.5,0.5
2024,4,2024-09-21T23:00:00.000Z,401628491,Washington,Big Ten,Big Ten,P4,P4,P4_vs_P4,False,True,Big Ten,Pac-12,,0.0,11.833333333333334,Underdog,-7.166666666666666,L,12.0,-1.5
2024,4,2024-09-22T00:00:00.000Z,401628371,UL Monroe,SEC,Sun Belt,P4,G6,P4_vs_G6,True,False,Big 12,Sun Belt,0.0,,-43.0,Favorite,5.0,W,-41.5,-3.5
2025,1,2025-08-29T01:00:00.000Z,401762791,Miami (OH),Big Ten,MAC,P4,G6,P4_vs_G6,False,False,Big Ten,MAC,,,-18.0,Favorite,-1.0,L,-18.0,0.5
2025,1,2025-08-30T19:30:00.000Z,401752807,Nevada,Big Ten,Mountain West,P4,G6,P4_vs_G6,False,False,Big Ten,Mountain West,,,-44.166666666666664,Favorite,-9.166666666666664,L,-43.5,0.0
2025,1,2025-08-30T23:30:00.000Z,401752808,New Mexico,Big Ten,Mountain West,P4,G6,P4_vs_G6,False,False,Big Ten,Mountain West,,,-35.166666666666664,Favorite,-18.166666666666664,L,-34.5,0.0
2025,2,2025-09-06T16:00:00.000Z,401757227,Jacksonville State,Conference USA,Conference USA,G6,G6,G6_vs_G6,False,False,Conference USA,Conference USA,,,-6.25,Favorite,-16.25,L,-6.5,1.0
2025,2,2025-09-06T19:30:00.000Z,401752818,Miami (OH),Big Ten,MAC,P4,G6,P4_vs_G6,False,False,Big Ten,MAC,,,-15.5,Favorite,12.5,W,-15.5,2.0
2025,2,2025-09-06T19:30:00.000Z,401756880,Bowling Green,Big 12,MAC,P4,G6,P4_vs_G6,False,False,Big 12,MAC,,,-22.0,Favorite,-8.0,L,-22.5,4.5
2025,2,2025-09-06T23:00:00.000Z,401757232,Western Kentucky,MAC,Conference USA,G6,G6,G6_vs_G6,False,False,MAC,Conference USA,,,-8.0,Favorite,16.0,W,-7.5,1.0
2025,2,2025-09-06T23:00:00.000Z,401756884,Rice,Big 12,American,P4,G6,P4_vs_G6,False,False,Big 12,American,,,-13.5,Favorite,12.5,W,-13.5,1.0
2025,2,2025-09-07T02:15:00.000Z,401752948,Washington State,Mountain West,,G6,,Other,False,,Mountain West,,,,2.25,Underdog,-20.75,L,2.5,-1.0
2025,3,2025-09-13T16:00:00.000Z,401761608,Memphis,Sun Belt,American,G6,G6,G6_vs_G6,False,False,Sun Belt,American,,,4.5,Underdog,-16.5,L,4.5,
2025,3,2025-09-13T19:30:00.000Z,401752949,Washington State,American,,G6,,Other,False,,American,,,,-6.5,Favorite,42.5,W,-6.5,1.0
2025,3,2025-09-13T21:00:00.000Z,401757256,Bowling Green,Conference USA,MAC,G6,G6,G6_vs_G6,False,False,Conference USA,MAC,,,-6.0,Favorite,-16.0,L,-6.5,-1.0
2025,3,2025-09-13T21:00:00.000Z,401757258,Nevada,Conference USA,Mountain West,G6,G6,G6_vs_G6,False,False,Conference USA,Mountain West,,,9.333333333333334,Underdog,10.333333333333334,W,9.5,0.0
2025,3,2025-09-13T23:00:00.000Z,401752829,Western Michigan,Big Ten,MAC,P4,G6,P4_vs_G6,False,False,Big Ten,MAC,,,-27.5,Favorite,10.5,W,-27.5,-1.0
2025,4,2025-09-20T16:00:00.000Z,401754537,Syracuse,ACC,ACC,P4,P4,P4_vs_P4,False,False,ACC,ACC,,,-17.5,Favorite,-30.5,L,-17.5,1.0
2025,4,2025-09-20T19:30:00.000Z,401752848,Purdue,Independent,Big Ten,Independent,P4,Other,False,False,Independent,Big Ten,,,-24.5,Favorite,1.5,W,-24.5,-2.0
2025,4,2025-09-20T23:30:00.000Z,401752842,Washington State,Big Ten,,P4,,Other,False,,Big Ten,,,,-20.833333333333332,Favorite,14.166666666666668,W,-20.5,0.0
2023,1,2023-09-02T16:00:00.000Z,401520162,East Carolina,Big Ten,American,P4,G6,P4_vs_G6,False,False,Big Ten,American,,,-35.4,Favorite,-8.399999999999999,L,-36.0,
2023,2,2023-09-09T21:00:00.000Z,401524004,Tulsa,,American,,G6,Other,,False,,American,,,-33.666666666666664,Favorite,-0.6666666666666643,L,-34.0,
2023,2,2023-09-09T23:00:00.000Z,401520183,Alabama,Big 12,SEC,P4,P4,P4_vs_P4,False,False,Big 12,SEC,,,7.166666666666667,Underdog,17.166666666666668,W,7.0,
2023,2,2023-09-10T02:30:00.000Z,401524003,Stanford,,,,,Other,,,,,,,-28.666666666666668,Favorite,17.333333333333332,W,-28.5,
2023,3,2023-09-17T02:30:00.000Z,401525837,Nevada,Big 12,Mountain West,P4,G6,P4_vs_G6,False,False,Big 12,Mountain West,,,-28.5,Favorite,-21.5,L,-28.5,
2023,4,2023-09-23T19:30:00.000Z,401520250,Alabama,SEC,SEC,P4,P4,P4_vs_P4,False,False,SEC,SEC,,,7.0,Underdog,-7.0,L,7.0,
2024,1,2024-08-30T00:00:00.000Z,401628448,North Carolina,Big Ten,ACC,P4,P4,P4_vs_P4,False,False,Big Ten,ACC,,,0.3333333333333333,Underdog,-1.6666666666666667,L,1.5,
2024,1,2024-08-31T19:30:00.000Z,401628454,UTEP,Big Ten,Conference USA,P4,G6,P4_vs_G6,False,False,Big Ten,Conference USA,,,-27.5,Favorite,5.5,W,-27.5,0.5
2024,1,2024-08-31T19:30:00.000Z,401634304,Ohio,ACC,MAC,P4,G6,P4_vs_G6,False,False,ACC,MAC,,,-17.333333333333332,Favorite,-1.333333333333332,L,-17.5,
2024,2,2024-09-07T16:00:00.000Z,401643784,Troy,American,Sun Belt,G6,G6,G6_vs_G6,False,False,American,Sun Belt,,,-18.666666666666668,Favorite,2.333333333333332,W,-18.5,1.5
2024,2,2024-09-07T16:00:00.000Z,401628347,Michigan,SEC,Big Ten,P4,P4,P4_vs_P4,True,False,Big 12,Big Ten,0.0,,-6.666666666666667,Favorite,12.333333333333332,W,-6.5,-1.0
2024,2,2024-09-07T23:00:00.000Z,401628344,Buffalo,SEC,MAC,P4,G6,P4_vs_G6,False,False,SEC,MAC,,,-33.666666666666664,Favorite,4.333333333333336,W,-32.0,-2.0
2024,3,2024-09-14T20:00:00.000Z,401628477,Troy,Big Ten,Sun Belt,P4,G6,P4_vs_G6,False,False,Big Ten,Sun Belt,,,-23.333333333333332,Favorite,-6.333333333333332,L,-22.5,0.0
2024,3,2024-09-14T23:30:00.000Z,401636860,Air Force,Big 12,Mountain West,P4,G6,P4_vs_G6,False,False,Big 12,Mountain West,,,-16.666666666666668,Favorite,11.333333333333332,W,-15.5,0.0
2024,3,2024-09-15T00:00:00.000Z,401628478,Maryland,ACC,Big Ten,P4,P4,P4_vs_P4,False,False,ACC,Big Ten,,,-1.1666666666666667,Favorite,-15.166666666666666,L,2.0,0.0
2024,4,2024-09-21T18:00:00.000Z,401635558,Coastal Carolina,ACC,Sun Belt,P4,G6,P4_vs_G6,False,False,ACC,Sun Belt,,,-3.5,Favorite,15.5,W,-3.5,0.5
2024,4,2024-09-21T23:00:00.000Z,401628491,Washington,Big Ten,Big Ten,P4,P4,P4_vs_P4,False,True,Big Ten,Pac-12,,0.0,11.833333333333334,Underdog,-7.166666666666666,L,12.0,-1.5
2024,4,2024-09-22T00:00:00.000Z,401628371,UL Monroe,SEC,Sun Belt,P4,G6,P4_vs_G6,True,False,Big 12,Sun Belt,0.0,,-43.0,Favorite,5.0,W,-41.5,-3.5
2025,1,2025-08-29T01:00:00.000Z,401762791,Miami (OH),Big Ten,MAC,P4,G6,P4_vs_G6,False,False,Big Ten,MAC,,,-18.0,Favorite,-1.0,L,-18.0,0.5
2025,1,2025-08-30T19:30:00.000Z,401752807,Nevada,Big Ten,Mountain West,P4,G6,P4_vs_G6,False,False,Big Ten,Mountain West,,,-44.166666666666664,Favorite,-9.166666666666664,L,-43.5,0.0
2025,1,2025-08-30T23:30:00.000Z,401752808,New Mexico,Big Ten,Mountain West,P4,G6,P4_vs_G6,False,False,Big Ten,Mountain West,,,-35.166666666666664,Favorite,-18.166666666666664,L,-34.5,0.0
2025,2,2025-09-06T16:00:00.000Z,401757227,Jacksonville State,Conference USA,Conference USA,G6,G6,G6_vs_G6,False,False,Conference USA,Conference USA,,,-6.25,Favorite,-16.25,L,-6.5,1.0
2025,2,2025-09-06T19:30:00.000Z,401752818,Miami (OH),Big Ten,MAC,P4,G6,P4_vs_G6,False,False,Big Ten,MAC,,,-15.5,Favorite,12.5,W,-15.5,2.0
2025,2,2025-09-06T19:30:00.000Z,401756880,Bowling Green,Big 12,MAC,P4,G6,P4_vs_G6,False,False,Big 12,MAC,,,-22.0,Favorite,-8.0,L,-22.5,4.5
2025,3,2025-09-13T23:00:00.000Z,401752829,Western Michigan,Big Ten,MAC,P4,G6,P4_vs_G6,False,False,Big Ten,MAC,,,-27.5,Favorite,10.5,W,-27.5,-1.0
2025,4,2025-09-20T16:00:00.000Z,401754537,Syracuse,ACC,ACC,P4,P4,P4_vs_P4,False,False,ACC,ACC,,,-17.5,Favorite,-30.5,L,-17.5,1.0
2023,1,2023-08-26T23:00:00.000Z,401532392,Ohio,Mountain West,MAC,G6,G6,G6_vs_G6,False,False,Mountain West,MAC,,,-2.9,Favorite,4.1,W,-2.0,
2023,1,2023-08-26T23:00:00.000Z,401532392,San Diego State,MAC,Mountain West,G6,G6,G6_vs_G6,False,False,MAC,Mountain West,,,2.9,Underdog,-4.1,L,2.0,
2023,1,2023-08-26T23:30:00.000Z,401520147,Hawai'i,SEC,Mountain West,P4,G6,P4_vs_G6,False,False,SEC,Mountain West,,,-17.625,Favorite,-10.625,L,-17.0,
2023,1,2023-09-01T00:00:00.000Z,401520176,Florida,,SEC,,P4,Other,,False,,SEC,,,-6.3,Favorite,6.7,W,-5.5,
2023,1,2023-09-01T00:00:00.000Z,401520148,Minnesota,Big Ten,Big Ten,P4,P4,P4_vs_P4,False,False,Big Ten,Big Ten,,,7.3,Underdog,4.3,W,7.5,
2023,1,2023-09-01T23:30:00.000Z,401525462,Louisville,ACC,ACC,P4,P4,P4_vs_P4,False,False,ACC,ACC,,,7.6,Underdog,2.5999999999999996,W,7.0,
2023,1,2023-09-02T16:00:00.000Z,401520160,Liberty,MAC,Conference USA,G6,G6,G6_vs_G6,False,True,MAC,Independent,,0.0,9.25,Underdog,-0.75,L,8.5,
2023,1,2023-09-02T16:00:00.000Z,401520172,SMU,Conference USA,American,G6,G6,G6_vs_G6,False,False,Conference USA,American,,,20.125,Underdog,-3.875,L,21.0,
2023,1,2023-09-02T16:00:00.000Z,401520162,East Carolina,Big Ten,American,P4,G6,P4_vs_G6,False,False,Big Ten,American,,,-35.4,Favorite,-8.399999999999999,L,-36.0,
2023,1,2023-09-02T18:00:00.000Z,401531387,Akron,American,MAC,G6,G6,G6_vs_G6,False,False,American,MAC,,,-9.875,Favorite,-6.875,L,-9.5,
2023,1,2023-09-02T19:30:00.000Z,401523997,Boise State,,Mountain West,,G6,Other,,False,,Mountain West,,,-14.3,Favorite,22.7,W,-14.0,
2023,1,2023-09-02T19:30:00.000Z,401525824,Rice,Big 12,American,P4,G6,P4_vs_G6,False,True,Big 12,Conference USA,,0.0,-35.25,Favorite,-8.25,L,-35.5,
2023,1,2023-09-02T19:30:00.000Z,401520180,Buffalo,Big Ten,MAC,P4,G6,P4_vs_G6,False,False,Big Ten,MAC,,,-27.0,Favorite,-6.0,L,-29.0,
2023,1,2023-09-02T22:30:00.000Z,401523996,Nevada,,Mountain West,,G6,Other,,False,,Mountain West,,,-37.875,Favorite,14.125,W,-37.5,
2023,1,2023-09-02T23:00:00.000Z,401525819,UTSA,Big 12,American,P4,G6,P4_vs_G6,True,True,American,Conference USA,0.0,0.0,1.5,Underdog,4.5,W,2.5,
2023,1,2023-09-02T23:00:00.000Z,401525819,Houston,American,Big 12,G6,P4,G6_vs_P4,True,True,Conference USA,American,0.0,0.0,-1.5,Favorite,-4.5,L,-2.5,
2023,1,2023-09-02T23:00:00.000Z,401520173,New Mexico,SEC,Mountain West,P4,G6,P4_vs_G6,False,False,SEC,Mountain West,,,-37.875,Favorite,4.125,W,-37.5,
2023,1,2023-09-02T23:30:00.000Z,401520149,Alabama,Conference USA,SEC,G6,P4,G6_vs_P4,False,False,Conference USA,SEC,,,39.375,Underdog,-9.625,L,39.5,
2023,1,2023-09-02T23:30:00.000Z,401525825,Texas Tech,Mountain West,Big 12,G6,P4,G6_vs_P4,False,False,Mountain West,Big 12,,,13.6,Underdog,15.6,W,13.0,
2023,1,2023-09-02T23:30:00.000Z,401520155,Illinois,MAC,Big Ten,G6,P4,G6_vs_P4,False,False,MAC,Big Ten,,,8.6,Underdog,6.6,W,7.0,
2023,1,2023-09-03T00:00:00.000Z,401525467,Old Dominion,ACC,Sun Belt,P4,G6,P4_vs_G6,False,False,ACC,Sun Belt,,,-15.75,Favorite,3.25,W,-16.0,
2023,1,2023-09-03T23:30:00.000Z,401520182,LSU,ACC,SEC,P4,P4,P4_vs_P4,False,False,ACC,SEC,,,2.2,Underdog,23.2,W,2.0,
2023,2,2023-09-08T23:30:00.000Z,401520195,Illinois,Big 12,Big Ten,P4,P4,P4_vs_P4,False,False,Big 12,Big Ten,,,-3.6666666666666665,Favorite,7.333333333333334,W,-3.5,
2023,2,2023-09-09T15:00:00.000Z,401520216,Wake Forest,SEC,ACC,P4,P4,P4_vs_P4,False,False,SEC,ACC,,,9.666666666666666,Underdog,-6.333333333333334,L,9.5,
2023,2,2023-09-09T16:00:00.000Z,401523999,Baylor,,Big 12,,P4,Other,,False,,Big 12,,,-7.0,Favorite,0.0,P,-7.0,
2023,2,2023-09-09T16:00:00.000Z,401520215,Purdue,ACC,Big Ten,P4,P4,P4_vs_P4,False,False,ACC,Big Ten,,,-0.8333333333333334,Favorite,-7.833333333333333,L,0.0,
2023,2,2023-09-09T16:00:00.000Z,401520188,Colorado,Big Ten,,P4,,Other,False,,Big Ten,,,,2.8333333333333335,Underdog,-19.166666666666668,L,2.5,
2023,2,2023-09-09T19:30:00.000Z,401520214,Ole Miss,American,SEC,G6,P4,G6_vs_P4,False,False,American,SEC,,,9.833333333333334,Underdog,-7.166666666666666,L,8.0,
2023,2,2023-09-09T19:30:00.000Z,401520214,Tulane,SEC,American,P4,G6,P4_vs_G6,False,False,SEC,American,,,-9.833333333333334,Favorite,7.166666666666666,W,-8.0,
2023,2,2023-09-09T19:30:00.000Z,401525497,Western Michigan,ACC,MAC,P4,G6,P4_vs_G6,False,False,ACC,MAC,,,-24.666666666666668,Favorite,16.333333333333332,W,-24.5,
2023,2,2023-09-09T19:30:00.000Z,401520202,UNLV,Big Ten,Mountain West,P4,G6,P4_vs_G6,False,False,Big Ten,Mountain West,,,-37.833333333333336,Favorite,-9.833333333333336,L,-38.0,
2023,2,2023-09-09T20:00:00.000Z,401531411,East Carolina,Sun Belt,American,G6,G6,G6_vs_G6,False,False,Sun Belt,American,,,-2.8333333333333335,Favorite,15.166666666666666,W,-3.0,
2023,2,2023-09-09T21:00:00.000Z,401524004,Tulsa,,American,,G6,Other,,False,,American,,,-33.666666666666664,Favorite,-0.6666666666666643,L,-34.0,
2023,2,2023-09-09T22:00:00.000Z,401520198,New Mexico State,Conference USA,Conference USA,G6,G6,G6_vs_G6,True,True,Independent,Independent,0.0,0.0,-9.333333333333334,Favorite,6.666666666666666,W,-9.0,
2023,2,2023-09-09T22:00:00.000Z,401520198,Liberty,Conference USA,Conference USA,G6,G6,G6_vs_G6,True,True,Independent,Independent,0.0,0.0,9.333333333333334,Underdog,-6.666666666666666,L,9.0,
2023,2,2023-09-09T22:00:00.000Z,401531842,Louisiana,Sun Belt,Sun Belt,G6,G6,G6_vs_G6,False,False,Sun Belt,Sun Belt,,,6.0,Underdog,13.0,W,6.0,
2023,2,2023-09-09T22:00:00.000Z,401531842,Old Dominion,Sun Belt,Sun Belt,G6,G6,G6_vs_G6,False,False,Sun Belt,Sun Belt,,,-6.0,Favorite,-13.0,L,-6.0,
2023,2,2023-09-09T22:00:00.000Z,401525830,SMU,Big 12,American,P4,G6,P4_vs_G6,False,False,Big 12,American,,,-16.333333333333332,Favorite,0.6666666666666679,W,-16.5,0.5
2023,2,2023-09-09T23:00:00.000Z,401525831,Houston,American,Big 12,G6,P4,G6_vs_P4,True,True,Conference USA,American,0.0,0.0,7.166666666666667,Underdog,9.166666666666668,W,7.5,
2023,2,2023-09-09T23:00:00.000Z,401524002,Oregon,Big 12,,P4,,Other,False,,Big 12,,,,5.0,Underdog,-3.0,L,4.5,
2023,2,2023-09-09T23:00:00.000Z,401524002,Texas Tech,,Big 12,,P4,Other,,False,,Big 12,,,-5.0,Favorite,3.0,W,-4.5,
2023,2,2023-09-09T23:00:00.000Z,401520187,Jacksonville State,Sun Belt,Conference USA,G6,G6,G6_vs_G6,False,False,Sun Belt,,,,-13.666666666666666,Favorite,0.3333333333333339,W,-13.5,
2023,2,2023-09-09T23:00:00.000Z,401520183,Alabama,Big 12,SEC,P4,P4,P4_vs_P4,False,False,Big 12,SEC,,,7.166666666666667,Underdog,17.166666666666668,W,7.0,
2023,2,2023-09-09T23:30:00.000Z,401524001,San Diego State,,Mountain West,,G6,Other,,False,,Mountain West,,,-13.5,Favorite,11.5,W,-13.0,
2023,2,2023-09-09T23:30:00.000Z,401520200,Charlotte,Big Ten,American,P4,G6,P4_vs_G6,False,True,Big Ten,Conference USA,,0.0,-24.5,Favorite,-6.5,L,-24.5,
2023,2,2023-09-09T23:30:00.000Z,401520217,Washington State,Big Ten,,P4,,Other,False,,Big Ten,,,,-5.333333333333333,Favorite,-14.333333333333332,L,-5.0,
2023,2,2023-09-10T00:30:00.000Z,401525493,Southern Miss,ACC,Sun Belt,P4,G6,P4_vs_G6,False,False,ACC,Sun Belt,,,-31.0,Favorite,22.0,W,-31.0,
2023,2,2023-09-10T02:30:00.000Z,401524003,Stanford,,,,,Other,,,,,,,-28.666666666666668,Favorite,17.333333333333332,W,-28.5,
2023,3,2023-09-14T23:30:00.000Z,401531428,Memphis,American,American,G6,G6,G6_vs_G6,False,False,American,American,,,12.25,Underdog,8.25,W,12.5,
2023,3,2023-09-15T23:00:00.000Z,401531396,UTSA,Independent,American,Independent,G6,Other,False,True,Independent,Conference USA,,0.0,7.0,Underdog,15.0,W,7.0,
2023,3,2023-09-16T16:00:00.000Z,401520222,Liberty,MAC,Conference USA,G6,G6,G6_vs_G6,False,True,MAC,Independent,,0.0,2.75,Underdog,-25.25,L,2.5,
2023,3,2023-09-16T16:00:00.000Z,401520222,Buffalo,Conference USA,MAC,G6,G6,G6_vs_G6,True,False,Independent,MAC,0.0,,-2.75,Favorite,25.25,W,-2.5,
2023,3,2023-09-16T16:00:00.000Z,401520230,Louisville,Big Ten,ACC,P4,P4,P4_vs_P4,False,False,Big Ten,ACC,,,10.0,Underdog,3.0,W,10.0,
2023,3,2023-09-16T16:00:00.000Z,401525504,Wake Forest,Sun Belt,ACC,G6,P4,G6_vs_P4,False,False,Sun Belt,ACC,,,13.75,Underdog,10.75,W,13.5,
2023,3,2023-09-16T19:30:00.000Z,401520223,Northwestern,ACC,Big Ten,P4,P4,P4_vs_P4,False,False,ACC,Big Ten,,,-17.0,Favorite,7.0,W,-17.0,
2023,3,2023-09-16T19:30:00.000Z,401520239,Minnesota,ACC,Big Ten,P4,P4,P4_vs_P4,False,False,ACC,Big Ten,,,-6.666666666666667,Favorite,11.333333333333332,W,-7.0,
2023,3,2023-09-16T19:30:00.000Z,401525842,Tulsa,Big 12,American,P4,G6,P4_vs_G6,False,False,Big 12,American,,,-28.0,Favorite,21.0,W,-28.0,
2023,3,2023-09-16T19:30:00.000Z,401520227,Western Michigan,Big Ten,MAC,P4,G6,P4_vs_G6,False,False,Big Ten,MAC,,,-28.5,Favorite,2.5,W,-28.5,
2023,3,2023-09-16T19:30:00.000Z,401520227,Iowa,MAC,Big Ten,G6,P4,G6_vs_P4,False,False,MAC,Big Ten,,,28.5,Underdog,-2.5,L,28.5,
2023,3,2023-09-16T19:30:00.000Z,401524009,San Diego State,,Mountain West,,G6,Other,,False,,Mountain West,,,-24.5,Favorite,-7.5,L,-24.5,
2023,3,2023-09-16T19:30:00.000Z,401524009,Oregon State,Mountain West,,G6,,Other,False,,Mountain West,,,,24.5,Underdog,7.5,W,24.5,
2023,3,2023-09-16T20:00:00.000Z,401531348,Southern Miss,American,Sun Belt,G6,G6,G6_vs_G6,False,False,American,Sun Belt,,,-7.75,Favorite,10.25,W,-8.0,
2023,3,2023-09-16T20:00:00.000Z,401520245,UL Monroe,SEC,Sun Belt,P4,G6,P4_vs_G6,False,False,SEC,Sun Belt,,,-36.5,Favorite,7.5,W,-36.5,
2023,3,2023-09-16T20:00:00.000Z,401520240,Western Kentucky,Big Ten,Conference USA,P4,G6,P4_vs_G6,False,False,Big Ten,Conference USA,,,-29.5,Favorite,23.5,W,-29.5,
2023,3,2023-09-16T23:00:00.000Z,401525835,Cincinnati,MAC,Big 12,G6,P4,G6_vs_P4,False,True,MAC,American,,0.0,14.25,Underdog,21.25,W,14.5,
2023,3,2023-09-16T23:00:00.000Z,401520247,Vanderbilt,Mountain West,SEC,G6,P4,G6_vs_P4,False,False,Mountain West,SEC,,,4.5,Underdog,7.5,W,4.5,
2023,3,2023-09-16T23:00:00.000Z,401531379,UAB,Sun Belt,American,G6,G6,G6_vs_G6,False,True,Sun Belt,Conference USA,,0.0,2.0,Underdog,22.0,W,2.0,
2023,3,2023-09-16T23:30:00.000Z,401525503,Pittsburgh,Big 12,ACC,P4,P4,P4_vs_P4,False,False,Big 12,ACC,,,-1.0,Favorite,10.0,W,-2.5,
2023,3,2023-09-16T23:30:00.000Z,401520220,Arkansas,Big 12,SEC,P4,P4,P4_vs_P4,True,False,Independent,SEC,0.0,,8.25,Underdog,15.25,W,9.0,
2023,3,2023-09-16T23:30:00.000Z,401520232,Bowling Green,Big Ten,MAC,P4,G6,P4_vs_G6,False,False,Big Ten,MAC,,,-40.75,Favorite,-15.75,L,-40.5,
2023,3,2023-09-16T23:30:00.000Z,401520242,Purdue,ACC,Big Ten,P4,P4,P4_vs_P4,False,False,ACC,Big Ten,,,-1.0,Favorite,14.0,W,-1.0,
2023,3,2023-09-16T23:30:00.000Z,401520228,Akron,SEC,MAC,P4,G6,P4_vs_G6,False,False,SEC,MAC,,,-25.25,Favorite,6.75,W,-25.0,
2023,3,2023-09-16T23:30:00.000Z,401520228,Kentucky,MAC,SEC,G6,P4,G6_vs_P4,False,False,MAC,SEC,,,25.25,Underdog,-6.75,L,25.0,
2023,3,2023-09-16T23:30:00.000Z,401520241,Georgia Tech,SEC,ACC,P4,P4,P4_vs_P4,False,False,SEC,ACC,,,-17.0,Favorite,8.0,W,-17.0,
2023,3,2023-09-17T00:00:00.000Z,401520238,New Mexico State,Mountain West,Conference USA,G6,G6,G6_vs_G6,False,True,Mountain West,Independent,,0.0,-2.75,Favorite,-12.75,L,-2.5,
2023,3,2023-09-17T00:00:00.000Z,401520238,New Mexico,Conference USA,Mountain West,G6,G6,G6_vs_G6,True,False,Independent,Mountain West,0.0,,2.75,Underdog,12.75,W,2.5,
2023,3,2023-09-17T00:00:00.000Z,401524008,Hawai'i,,Mountain West,,G6,Other,,False,,Mountain West,,,-38.25,Favorite,6.75,W,-38.5,
2023,3,2023-09-17T00:00:00.000Z,401525840,Texas,Mountain West,Big 12,G6,P4,G6_vs_P4,False,False,Mountain West,Big 12,,,31.0,Underdog,10.0,W,31.0,
2023,3,2023-09-17T02:30:00.000Z,401525837,Nevada,Big 12,Mountain West,P4,G6,P4_vs_G6,False,False,Big 12,Mountain West,,,-28.5,Favorite,-21.5,L,-28.5,
2023,3,2023-09-17T03:00:00.000Z,401520219,Arizona,Conference USA,,G6,,Other,False,,Conference USA,,,,18.25,Underdog,-2.75,L,18.0,
2023,4,2023-09-22T23:00:00.000Z,401520266,Purdue,Big Ten,Big Ten,P4,P4,P4_vs_P4,False,False,Big Ten,Big Ten,,,-6.0,Favorite,15.0,W,-5.5,
2023,4,2023-09-23T02:30:00.000Z,401532583,Boise State,Mountain West,Mountain West,G6,G6,G6_vs_G6,False,False,Mountain West,Mountain West,,,5.833333333333333,Underdog,2.833333333333333,W,6.5,
2023,4,2023-09-23T02:30:00.000Z,401532583,San Diego State,Mountain West,Mountain West,G6,G6,G6_vs_G6,False,False,Mountain West,Mountain West,,,-5.833333333333333,Favorite,-2.833333333333333,L,-6.5,
2023,4,2023-09-23T16:00:00.000Z,401525845,Cincinnati,Big 12,Big 12,P4,P4,P4_vs_P4,False,True,Big 12,American,,0.0,-13.666666666666666,Favorite,0.3333333333333339,W,-13.0,
2023,4,2023-09-23T16:00:00.000Z,401520270,Auburn,SEC,SEC,P4,P4,P4_vs_P4,False,False,SEC,SEC,,,-9.0,Favorite,8.0,W,-9.5,
2023,4,2023-09-23T16:00:00.000Z,401525511,Marshall,ACC,Sun Belt,P4,G6,P4_vs_G6,False,False,ACC,Sun Belt,,,5.333333333333333,Underdog,-1.666666666666667,L,5.5,
2023,4,2023-09-23T16:00:00.000Z,401520271,Western Kentucky,Sun Belt,Conference USA,G6,G6,G6_vs_G6,False,False,Sun Belt,Conference USA,,,-3.5,Favorite,-0.5,L,-3.5,
2023,4,2023-09-23T16:00:00.000Z,401520271,Troy,Conference USA,Sun Belt,G6,G6,G6_vs_G6,False,False,Conference USA,Sun Belt,,,3.5,Underdog,0.5,W,3.5,
2023,4,2023-09-23T16:00:00.000Z,401520274,Kentucky,SEC,SEC,P4,P4,P4_vs_P4,False,False,SEC,SEC,,,13.333333333333334,Underdog,-3.666666666666666,L,13.5,
2023,4,2023-09-23T16:00:00.000Z,401520274,Vanderbilt,SEC,SEC,P4,P4,P4_vs_P4,False,False,SEC,SEC,,,-13.333333333333334,Favorite,3.666666666666666,W,-13.5,
2023,4,2023-09-23T16:00:00.000Z,401520260,Rutgers,Big Ten,Big Ten,P4,P4,P4_vs_P4,False,False,Big Ten,Big Ten,,,-23.833333333333332,Favorite,0.1666666666666678,W,-24.0,
2023,4,2023-09-23T17:30:00.000Z,401532406,Western Michigan,MAC,MAC,G6,G6,G6_vs_G6,False,False,MAC,MAC,,,-21.5,Favorite,-3.5,L,-21.5,
2023,4,2023-09-23T19:30:00.000Z,401525506,Louisville,ACC,ACC,P4,P4,P4_vs_P4,False,False,ACC,ACC,,,13.833333333333334,Underdog,-14.166666666666666,L,14.0,
2023,4,2023-09-23T19:30:00.000Z,401520250,Alabama,SEC,SEC,P4,P4,P4_vs_P4,False,False,SEC,SEC,,,7.0,Underdog,-7.0,L,7.0,
2023,4,2023-09-23T19:30:00.000Z,401532405,Ohio,MAC,MAC,G6,G6,G6_vs_G6,False,False,MAC,MAC,,,13.0,Underdog,-18.0,L,13.0,
2023,4,2023-09-23T19:30:00.000Z,401532405,Bowling Green,MAC,MAC,G6,G6,G6_vs_G6,False,False,MAC,MAC,,,-13.0,Favorite,18.0,W,-13.0,
2023,4,2023-09-23T19:30:00.000Z,401520272,Duke,Independent,ACC,Independent,P4,Other,False,False,Independent,ACC,,,22.166666666666668,Underdog,-11.833333333333332,L,22.0,
2023,4,2023-09-23T19:30:00.000Z,401520272,UConn,ACC,Independent,P4,Independent,Other,False,False,ACC,Independent,,,-22.166666666666668,Favorite,11.833333333333332,W,-22.0,
2023,4,2023-09-23T19:30:00.000Z,401525847,BYU,Big 12,Big 12,P4,P4,P4_vs_P4,False,True,Big 12,Independent,,0.0,-9.333333333333334,Favorite,1.666666666666666,W,-9.0,
2023,4,2023-09-23T22:30:00.000Z,401525508,Wake Forest,ACC,ACC,P4,P4,P4_vs_P4,False,False,ACC,ACC,,,3.6666666666666665,Underdog,17.666666666666668,W,3.5,
2023,4,2023-09-23T23:00:00.000Z,401524016,Stanford,,,,,Other,,,,,,,-12.833333333333334,Favorite,-11.833333333333334,L,-13.0,
2023,4,2023-09-23T23:00:00.000Z,401520254,Houston,Conference USA,Big 12,G6,P4,G6_vs_P4,False,True,,American,,0.0,11.5,Underdog,-19.5,L,11.5,
2023,4,2023-09-23T23:00:00.000Z,401524019,Oregon State,,,,,Other,,,,,,,3.0,Underdog,6.0,W,3.0,
2023,4,2023-09-23T23:00:00.000Z,401524019,Washington State,,,,,Other,,,,,,,-3.0,Favorite,-6.0,L,-3.0,
2023,4,2023-09-23T23:00:00.000Z,401520258,Arkansas,SEC,SEC,P4,P4,P4_vs_P4,False,False,SEC,SEC,,,-17.666666666666668,Favorite,-14.666666666666668,L,-17.5,
2023,4,2023-09-23T23:30:00.000Z,401520259,Memphis,SEC,American,P4,G6,P4_vs_G6,False,False,SEC,American,,,-6.5,Favorite,0.5,W,-6.5,
2023,4,2023-09-23T23:30:00.000Z,401520252,UAB,SEC,American,P4,G6,P4_vs_G6,False,True,SEC,Conference USA,,0.0,-40.833333333333336,Favorite,-12.833333333333336,L,-40.0,
2023,4,2023-09-23T23:30:00.000Z,401531875,Buffalo,Sun Belt,MAC,G6,G6,G6_vs_G6,False,False,Sun Belt,MAC,,,-10.333333333333334,Favorite,-3.333333333333334,L,-10.5,
2023,4,2023-09-23T23:30:00.000Z,401525844,Baylor,Big 12,Big 12,P4,P4,P4_vs_P4,False,False,Big 12,Big 12,,,-16.5,Favorite,15.5,W,-17.5,
2023,4,2023-09-23T23:30:00.000Z,401520256,Akron,Big Ten,MAC,P4,G6,P4_vs_G6,False,False,Big Ten,MAC,,,-16.5,Favorite,-14.5,L,-16.5,
2023,4,2023-09-24T00:00:00.000Z,401525510,Pittsburgh,ACC,ACC,P4,P4,P4_vs_P4,False,False,ACC,ACC,,,-7.166666666666667,Favorite,9.833333333333332,W,-7.0,
2023,4,2023-09-24T03:59:00.000Z,401520253,Hawai'i,Conference USA,Mountain West,G6,G6,G6_vs_G6,True,False,Independent,Mountain West,0.0,,3.6666666666666665,Underdog,0.6666666666666665,W,4.0,
2024,1,2024-08-24T16:00:00.000Z,401635525,Florida State,ACC,ACC,P4,P4,P4_vs_P4,False,False,ACC,ACC,,,10.666666666666666,Underdog,13.666666666666666,W,10.5,
2024,1,2024-08-30T00:00:00.000Z,401640998,Coastal Carolina,Conference USA,Sun Belt,G6,G6,G6_vs_G6,False,False,Conference USA,Sun Belt,,,-3.5,Favorite,-31.5,L,-3.5,
2024,1,2024-08-30T00:00:00.000Z,401628448,North Carolina,Big Ten,ACC,P4,P4,P4_vs_P4,False,False,Big Ten,ACC,,,0.3333333333333333,Underdog,-1.6666666666666667,L,1.5,
2024,1,2024-08-31T01:00:00.000Z,401628461,Western Michigan,Big Ten,MAC,P4,G6,P4_vs_G6,False,False,Big Ten,MAC,,,-24.166666666666668,Favorite,-10.166666666666668,L,-24.5,
2024,1,2024-08-31T16:00:00.000Z,401628323,Clemson,SEC,ACC,P4,P4,P4_vs_P4,False,False,SEC,ACC,,,-11.666666666666666,Favorite,19.333333333333336,W,-10.5,
2024,1,2024-08-31T16:00:00.000Z,401628323,Georgia,ACC,SEC,P4,P4,P4_vs_P4,False,False,ACC,SEC,,,11.666666666666666,Underdog,-19.333333333333336,L,10.5,
2024,1,2024-08-31T16:00:00.000Z,401628333,Vanderbilt,ACC,SEC,P4,P4,P4_vs_P4,False,False,ACC,SEC,,,-13.333333333333334,Favorite,-20.333333333333336,L,-13.5,
2024,1,2024-08-31T16:00:00.000Z,401628457,Penn State,Big 12,Big Ten,P4,P4,P4_vs_P4,False,False,Big 12,Big Ten,,,8.333333333333334,Underdog,-13.666666666666666,L,7.5,
2024,1,2024-08-31T16:00:00.000Z,401628457,West Virginia,Big Ten,Big 12,P4,P4,P4_vs_P4,False,False,Big Ten,Big 12,,,-8.333333333333334,Favorite,13.666666666666666,W,-7.5,
2024,1,2024-08-31T19:30:00.000Z,401628322,Miami,SEC,ACC,P4,P4,P4_vs_P4,False,False,SEC,ACC,,,2.5,Underdog,-21.5,L,2.5,
2024,1,2024-08-31T19:30:00.000Z,401628322,Florida,ACC,SEC,P4,P4,P4_vs_P4,False,False,ACC,SEC,,,-2.5,Favorite,21.5,W,-2.5,
2024,1,2024-08-31T19:30:00.000Z,401628454,UTEP,Big Ten,Conference USA,P4,G6,P4_vs_G6,False,False,Big Ten,Conference USA,,,-27.5,Favorite,5.5,W,-27.5,0.5
2024,1,2024-08-31T19:30:00.000Z,401634304,Ohio,ACC,MAC,P4,G6,P4_vs_G6,False,False,ACC,MAC,,,-17.333333333333332,Favorite,-1.333333333333332,L,-17.5,
2024,1,2024-08-31T23:00:00.000Z,401643701,Troy,Mountain West,Sun Belt,G6,G6,G6_vs_G6,False,False,Mountain West,Sun Belt,,,10.166666666666666,Underdog,12.166666666666666,W,7.5,
2024,1,2024-08-31T23:00:00.000Z,401628319,Alabama,Conference USA,SEC,G6,P4,G6_vs_P4,False,False,Conference USA,SEC,,,34.166666666666664,Underdog,-28.833333333333336,L,37.5,
2024,1,2024-08-31T23:30:00.000Z,401628332,Notre Dame,SEC,Independent,P4,Independent,Other,False,False,SEC,Independent,,,-2.6666666666666665,Favorite,-12.666666666666666,L,-2.5,
2024,1,2024-09-01T00:00:00.000Z,401643774,James Madison,American,Sun Belt,G6,G6,G6_vs_G6,False,False,American,Sun Belt,,,7.0,Underdog,-16.0,L,7.5,1.5
2024,1,2024-09-01T02:30:00.000Z,401636608,New Mexico,Big 12,Mountain West,P4,G6,P4_vs_G6,True,False,Pac-12,Mountain West,0.0,,-29.166666666666668,Favorite,-7.166666666666668,L,-29.0,
2024,1,2024-09-02T23:30:00.000Z,401634306,Florida State,ACC,ACC,P4,P4,P4_vs_P4,False,False,ACC,ACC,,,16.5,Underdog,31.5,W,16.5,0.0
2024,2,2024-09-07T16:00:00.000Z,401643784,Troy,American,Sun Belt,G6,G6,G6_vs_G6,False,False,American,Sun Belt,,,-18.666666666666668,Favorite,2.333333333333332,W,-18.5,1.5
2024,2,2024-09-07T16:00:00.000Z,401628470,Bowling Green,Big Ten,MAC,P4,G6,P4_vs_G6,False,False,Big Ten,MAC,,,-34.833333333333336,Favorite,-27.833333333333336,L,-35.0,3.0
2024,2,2024-09-07T16:00:00.000Z,401628347,Michigan,SEC,Big Ten,P4,P4,P4_vs_P4,True,False,Big 12,Big Ten,0.0,,-6.666666666666667,Favorite,12.333333333333332,W,-6.5,-1.0
2024,2,2024-09-07T16:00:00.000Z,401635534,Georgia Tech,ACC,ACC,P4,P4,P4_vs_P4,False,False,ACC,ACC,,,2.8333333333333335,Underdog,5.833333333333334,W,3.0,-0.5
2024,2,2024-09-07T16:00:00.000Z,401635534,Syracuse,ACC,ACC,P4,P4,P4_vs_P4,False,False,ACC,ACC,,,-2.8333333333333335,Favorite,-5.833333333333334,L,-3.0,0.5
2024,2,2024-09-07T19:30:00.000Z,401635537,North Carolina,American,ACC,G6,P4,G6_vs_P4,False,False,American,ACC,,,21.5,Underdog,3.5,W,22.0,0.5
2024,2,2024-09-07T19:30:00.000Z,401628337,Auburn,ACC,SEC,P4,P4,P4_vs_P4,True,False,Pac-12,SEC,0.0,,12.333333333333334,Underdog,19.333333333333336,W,13.0,-0.5
2024,2,2024-09-07T19:30:00.000Z,401636618,Baylor,Big 12,Big 12,P4,P4,P4_vs_P4,True,False,Pac-12,Big 12,0.0,,-14.666666666666666,Favorite,-3.666666666666666,L,-14.5,-2.5
2024,2,2024-09-07T20:15:00.000Z,401628342,Middle Tennessee,SEC,Conference USA,P4,G6,P4_vs_G6,False,False,SEC,Conference USA,,,-42.5,Favorite,6.5,W,-43.0,2.5
2024,2,2024-09-07T20:30:00.000Z,401635540,Marshall,ACC,Sun Belt,P4,G6,P4_vs_G6,False,False,ACC,Sun Belt,,,-20.666666666666668,Favorite,-3.666666666666668,L,-20.5,4.0
2024,2,2024-09-07T22:00:00.000Z,401643778,East Carolina,Sun Belt,American,G6,G6,G6_vs_G6,False,False,Sun Belt,American,,,-1.6666666666666667,Favorite,-7.666666666666667,L,-1.5,-1.0
2024,2,2024-09-07T22:00:00.000Z,401643778,Old Dominion,American,Sun Belt,G6,G6,G6_vs_G6,False,False,American,Sun Belt,,,1.6666666666666667,Underdog,7.666666666666667,W,1.5,1.0
2024,2,2024-09-07T23:00:00.000Z,401628335,Alabama,American,SEC,G6,P4,G6_vs_P4,False,False,American,SEC,,,31.666666666666668,Underdog,5.666666666666668,W,30.5,0.5
2024,2,2024-09-07T23:00:00.000Z,401628344,Buffalo,SEC,MAC,P4,G6,P4_vs_G6,False,False,SEC,MAC,,,-33.666666666666664,Favorite,4.333333333333336,W,-32.0,-2.0
2024,2,2024-09-07T23:00:00.000Z,401635639,Wake Forest,ACC,ACC,P4,P4,P4_vs_P4,False,False,ACC,ACC,,,-0.5,Favorite,0.5,W,1.0,1.5
2024,2,2024-09-07T23:00:00.000Z,401643780,UL Monroe,American,Sun Belt,G6,G6,G6_vs_G6,False,False,American,Sun Belt,,,-11.5,Favorite,-37.5,L,-11.0,-0.5
2024,2,2024-09-07T23:30:00.000Z,401628468,Ohio State,MAC,Big Ten,G6,P4,G6_vs_P4,False,False,MAC,Big Ten,,,37.333333333333336,Underdog,-18.666666666666664,L,37.0,2.0
2024,2,2024-09-08T02:15:00.000Z,401640989,New Mexico State,Conference USA,Conference USA,G6,G6,G6_vs_G6,False,False,Conference USA,Conference USA,,,-22.166666666666668,Favorite,-16.166666666666668,L,-22.0,1.5
2024,2,2024-09-08T02:30:00.000Z,401643709,Oregon State,Mountain West,,G6,,Other,False,,Mountain West,,,,5.666666666666667,Underdog,-15.333333333333332,L,6.0,-0.5
2024,2,2024-09-08T02:30:00.000Z,401643709,San Diego State,,Mountain West,,G6,Other,,False,,Mountain West,,,-5.666666666666667,Favorite,15.333333333333332,W,-6.0,0.5
2024,3,2024-09-14T16:00:00.000Z,401636865,Cincinnati,MAC,Big 12,G6,P4,G6_vs_P4,False,False,MAC,Big 12,,,3.0,Underdog,-8.0,L,2.5,0.0
2024,3,2024-09-14T16:00:00.000Z,401628350,Alabama,Big Ten,SEC,P4,P4,P4_vs_P4,False,False,Big Ten,SEC,,,15.166666666666666,Underdog,-16.833333333333336,L,15.5,-6.0
2024,3,2024-09-14T16:00:00.000Z,401635542,Florida State,American,ACC,G6,P4,G6_vs_P4,False,False,American,ACC,,,6.833333333333333,Underdog,14.833333333333332,W,7.0,0.0
2024,3,2024-09-14T16:45:00.000Z,401628357,Boston College,SEC,ACC,P4,P4,P4_vs_P4,False,False,SEC,ACC,,,-15.166666666666666,Favorite,-9.166666666666666,L,-14.5,-2.5
2024,3,2024-09-14T16:45:00.000Z,401628357,Missouri,ACC,SEC,P4,P4,P4_vs_P4,False,False,ACC,SEC,,,15.166666666666666,Underdog,9.166666666666666,W,14.5,2.5
2024,3,2024-09-14T19:30:00.000Z,401635547,West Virginia,ACC,Big 12,P4,P4,P4_vs_P4,False,False,ACC,Big 12,,,2.0,Underdog,6.0,W,1.5,4.0
2024,3,2024-09-14T19:30:00.000Z,401635547,Pittsburgh,Big 12,ACC,P4,P4,P4_vs_P4,False,False,Big 12,ACC,,,-2.0,Favorite,-6.0,L,-1.5,-4.0
2024,3,2024-09-14T19:30:00.000Z,401628481,Nevada,Big Ten,Mountain West,P4,G6,P4_vs_G6,False,False,Big Ten,Mountain West,,,-16.833333333333332,Favorite,10.166666666666668,W,-17.0,-0.5
2024,3,2024-09-14T19:30:00.000Z,401628353,Florida,SEC,SEC,P4,P4,P4_vs_P4,False,False,SEC,SEC,,,-3.6666666666666665,Favorite,9.333333333333334,W,-3.5,-1.0
2024,3,2024-09-14T19:30:00.000Z,401628978,Purdue,Independent,Big Ten,Independent,P4,Other,False,False,Independent,Big Ten,,,-8.666666666666666,Favorite,50.333333333333336,W,-7.0,-3.5
2024,3,2024-09-14T19:30:00.000Z,401628483,Oregon State,Big Ten,,P4,,Other,True,,Pac-12,,0.0,,-17.666666666666668,Favorite,17.333333333333332,W,-18.0,-2.5
2024,3,2024-09-14T20:00:00.000Z,401628477,Troy,Big Ten,Sun Belt,P4,G6,P4_vs_G6,False,False,Big Ten,Sun Belt,,,-23.333333333333332,Favorite,-6.333333333333332,L,-22.5,0.0
2024,3,2024-09-14T20:15:00.000Z,401628351,Arkansas,American,SEC,G6,P4,G6_vs_P4,False,False,American,SEC,,,23.666666666666668,Underdog,13.666666666666668,W,24.0,0.0
2024,3,2024-09-14T22:00:00.000Z,401635548,Old Dominion,ACC,Sun Belt,P4,G6,P4_vs_G6,False,False,ACC,Sun Belt,,,-15.333333333333334,Favorite,4.666666666666666,W,-14.0,0.0
2024,3,2024-09-14T22:00:00.000Z,401640990,UTEP,Conference USA,Conference USA,G6,G6,G6_vs_G6,False,False,Conference USA,Conference USA,,,-23.666666666666668,Favorite,-5.666666666666668,L,-23.5,0.0
2024,3,2024-09-14T23:00:00.000Z,401643789,Southern Miss,American,Sun Belt,G6,G6,G6_vs_G6,False,False,American,Sun Belt,,,-11.666666666666666,Favorite,13.333333333333334,W,-11.5,0.0
2024,3,2024-09-14T23:00:00.000Z,401641040,Hawai'i,Conference USA,Mountain West,G6,G6,G6_vs_G6,False,False,Conference USA,Mountain West,,,-4.0,Favorite,14.0,W,-4.5,0.0
2024,3,2024-09-14T23:00:00.000Z,401641024,Middle Tennessee,Conference USA,Conference USA,G6,G6,G6_vs_G6,False,False,Conference USA,Conference USA,,,-8.5,Favorite,19.5,W,-7.5,0.0
2024,3,2024-09-14T23:00:00.000Z,401628361,UTSA,SEC,American,P4,G6,P4_vs_G6,True,False,Big 12,American,0.0,,-35.5,Favorite,13.5,W,-34.5,0.0
2024,3,2024-09-14T23:00:00.000Z,401640999,Eastern Michigan,Conference USA,MAC,G6,G6,G6_vs_G6,False,False,Conference USA,MAC,,,-1.0,Favorite,-4.0,L,2.0,0.0
2024,3,2024-09-14T23:30:00.000Z,401628354,Kentucky,SEC,SEC,P4,P4,P4_vs_P4,False,False,SEC,SEC,,,-22.5,Favorite,-21.5,L,-22.0,-1.5
2024,3,2024-09-14T23:30:00.000Z,401636860,Air Force,Big 12,Mountain West,P4,G6,P4_vs_G6,False,False,Big 12,Mountain West,,,-16.666666666666668,Favorite,11.333333333333332,W,-15.5,0.0
2024,3,2024-09-14T23:30:00.000Z,401628352,New Mexico,SEC,Mountain West,P4,G6,P4_vs_G6,False,False,SEC,Mountain West,,,-25.833333333333332,Favorite,0.1666666666666678,W,-24.0,-4.0
2024,3,2024-09-15T00:00:00.000Z,401628478,Maryland,ACC,Big Ten,P4,P4,P4_vs_P4,False,False,ACC,Big Ten,,,-1.1666666666666667,Favorite,-15.166666666666666,L,2.0,0.0
2024,3,2024-09-15T02:30:00.000Z,401635541,San Diego State,ACC,Mountain West,P4,G6,P4_vs_G6,True,False,Pac-12,Mountain West,0.0,,-18.666666666666668,Favorite,2.333333333333332,W,-18.0,0.0
2024,4,2024-09-20T23:30:00.000Z,401634766,Stanford,ACC,ACC,P4,P4,P4_vs_P4,False,True,ACC,Pac-12,,0.0,-8.833333333333334,Favorite,-10.833333333333334,L,-7.5,-2.0
2024,4,2024-09-21T00:00:00.000Z,401628485,Illinois,Big Ten,Big Ten,P4,P4,P4_vs_P4,False,False,Big Ten,Big Ten,,,-8.833333333333334,Favorite,-15.833333333333334,L,-8.0,-1.0
2024,4,2024-09-21T16:00:00.000Z,401643791,Tulane,Sun Belt,American,G6,G6,G6_vs_G6,False,False,Sun Belt,American,,,1.5,Underdog,-6.5,L,1.5,
2024,4,2024-09-21T16:00:00.000Z,401636879,Kansas,Big 12,Big 12,P4,P4,P4_vs_P4,False,False,Big 12,Big 12,,,-1.3333333333333333,Favorite,2.666666666666667,W,-1.0,
2024,4,2024-09-21T16:00:00.000Z,401636879,West Virginia,Big 12,Big 12,P4,P4,P4_vs_P4,False,False,Big 12,Big 12,,,1.3333333333333333,Underdog,-2.666666666666667,L,1.0,
2024,4,2024-09-21T16:00:00.000Z,401628486,Indiana,American,Big Ten,G6,P4,G6_vs_P4,False,False,American,Big Ten,,,28.5,Underdog,-9.5,L,28.5,
2024,4,2024-09-21T16:00:00.000Z,401645328,Army,American,American,G6,G6,G6_vs_G6,False,True,American,Independent,,0.0,7.333333333333333,Underdog,-15.666666666666668,L,7.5,
2024,4,2024-09-21T16:45:00.000Z,401628364,Ohio,SEC,MAC,P4,G6,P4_vs_G6,False,False,SEC,MAC,,,-20.666666666666668,Favorite,14.333333333333332,W,-21.5,
2024,4,2024-09-21T18:00:00.000Z,401635558,Coastal Carolina,ACC,Sun Belt,P4,G6,P4_vs_G6,False,False,ACC,Sun Belt,,,-3.5,Favorite,15.5,W,-3.5,0.5
2024,4,2024-09-21T19:30:00.000Z,401628363,Arkansas,SEC,SEC,P4,P4,P4_vs_P4,False,False,SEC,SEC,,,-2.5,Favorite,-12.5,L,-2.5,-1.0
2024,4,2024-09-21T19:30:00.000Z,401628979,Notre Dame,MAC,Independent,G6,Independent,Other,False,False,MAC,Independent,,,27.333333333333332,Underdog,2.333333333333332,W,27.5,-1.0
2024,4,2024-09-21T19:30:00.000Z,401628494,Rutgers,ACC,Big Ten,P4,P4,P4_vs_P4,False,False,ACC,Big Ten,,,-3.25,Favorite,-6.25,L,-3.5,0.0
2024,4,2024-09-21T20:00:00.000Z,401635553,Middle Tennessee,ACC,Conference USA,P4,G6,P4_vs_G6,False,False,ACC,Conference USA,,,-14.666666666666666,Favorite,13.333333333333334,W,-14.5,0.5
2024,4,2024-09-21T20:15:00.000Z,401628368,Vanderbilt,SEC,SEC,P4,P4,P4_vs_P4,False,False,SEC,SEC,,,-18.0,Favorite,-15.0,L,-18.5,-2.5
2024,4,2024-09-21T22:00:00.000Z,401640991,East Carolina,Conference USA,American,G6,G6,G6_vs_G6,False,False,Conference USA,American,,,-7.5,Favorite,3.5,W,-7.5,0.0
2024,4,2024-09-21T22:00:00.000Z,401640991,Liberty,American,Conference USA,G6,G6,G6_vs_G6,False,False,American,Conference USA,,,7.5,Underdog,-3.5,L,7.5,0.0
2024,4,2024-09-21T23:00:00.000Z,401635555,Miami,American,ACC,G6,P4,G6_vs_P4,False,False,American,ACC,,,16.333333333333332,Underdog,-18.666666666666668,L,15.5,2.0
2024,4,2024-09-21T23:00:00.000Z,401635555,South Florida,ACC,American,P4,G6,P4_vs_G6,False,False,ACC,American,,,-16.333333333333332,Favorite,18.666666666666668,W,-15.5,-2.0
2024,4,2024-09-21T23:00:00.000Z,401635551,Florida State,ACC,ACC,P4,P4,P4_vs_P4,True,False,Pac-12,ACC,0.0,,2.8333333333333335,Underdog,-2.1666666666666665,L,2.5,-0.5
2024,4,2024-09-21T23:00:00.000Z,401628491,Washington,Big Ten,Big Ten,P4,P4,P4_vs_P4,False,True,Big Ten,Pac-12,,0.0,11.833333333333334,Underdog,-7.166666666666666,L,12.0,-1.5
2024,4,2024-09-21T23:00:00.000Z,401641034,New Mexico State,Conference USA,Conference USA,G6,G6,G6_vs_G6,False,False,Conference USA,Conference USA,,,-15.0,Favorite,5.0,W,-14.5,0.5
2024,4,2024-09-21T23:00:00.000Z,401641008,Louisiana Tech,American,Conference USA,G6,G6,G6_vs_G6,False,False,American,Conference USA,,,2.3333333333333335,Underdog,5.333333333333334,W,1.5,1.0
2024,4,2024-09-21T23:30:00.000Z,401628487,Iowa,Big Ten,Big Ten,P4,P4,P4_vs_P4,False,False,Big Ten,Big Ten,,,2.8333333333333335,Underdog,-14.166666666666666,L,2.5,0.0
2024,4,2024-09-21T23:30:00.000Z,401628372,Bowling Green,SEC,MAC,P4,G6,P4_vs_G6,False,False,SEC,MAC,,,-21.166666666666668,Favorite,-15.166666666666668,L,-21.0,-2.0
2024,4,2024-09-22T00:00:00.000Z,401628371,UL Monroe,SEC,Sun Belt,P4,G6,P4_vs_G6,True,False,Big 12,Sun Belt,0.0,,-43.0,Favorite,5.0,W,-41.5,-3.5
2024,4,2024-09-22T00:30:00.000Z,401643717,Oregon State,Big Ten,,P4,,Other,False,,Big Ten,,,,1.8333333333333333,Underdog,-15.166666666666666,L,1.5,4.0
2025,1,2025-08-23T23:00:00.000Z,401757218,Sam Houston,Conference USA,Conference USA,G6,G6,G6_vs_G6,False,False,Conference USA,Conference USA,,,-9.833333333333334,Favorite,7.166666666666666,W,-9.5,2.5
2025,1,2025-08-23T23:00:00.000Z,401757218,Western Kentucky,Conference USA,Conference USA,G6,G6,G6_vs_G6,False,False,Conference USA,Conference USA,,,9.833333333333334,Underdog,-7.166666666666666,L,9.5,-2.5
2025,1,2025-08-28T22:00:00.000Z,401752794,Ohio,Big Ten,MAC,P4,G6,P4_vs_G6,False,False,Big Ten,MAC,,,-14.166666666666666,Favorite,-11.166666666666666,L,-15.5,5.0
2025,1,2025-08-28T23:00:00.000Z,401762789,Wyoming,MAC,Mountain West,G6,G6,G6_vs_G6,False,False,MAC,Mountain West,,,6.0,Underdog,-4.0,L,5.0,4.5
2025,1,2025-08-28T23:00:00.000Z,401762789,Akron,Mountain West,MAC,G6,G6,G6_vs_G6,False,False,Mountain West,MAC,,,-6.0,Favorite,4.0,W,-5.0,-4.5
2025,1,2025-08-28T23:00:00.000Z,401756848,Jacksonville State,Big 12,Conference USA,P4,G6,P4_vs_G6,False,False,Big 12,Conference USA,,,-19.166666666666668,Favorite,-12.166666666666668,L,-20.5,4.0
2025,1,2025-08-29T01:00:00.000Z,401752796,Nebraska,Big 12,Big Ten,P4,P4,P4_vs_P4,False,False,Big 12,Big Ten,,,6.0,Underdog,3.0,W,6.0,0.5
2025,1,2025-08-29T01:00:00.000Z,401762791,Miami (OH),Big Ten,MAC,P4,G6,P4_vs_G6,False,False,Big Ten,MAC,,,-18.0,Favorite,-1.0,L,-18.0,0.5
2025,1,2025-08-30T00:00:00.000Z,401752667,Auburn,Big 12,SEC,P4,P4,P4_vs_P4,False,False,Big 12,SEC,,,0.3333333333333333,Underdog,-13.666666666666666,L,1.0,0.5
2025,1,2025-08-30T01:30:00.000Z,401757224,UNLV,Conference USA,Mountain West,G6,G6,G6_vs_G6,False,False,Conference USA,Mountain West,,,10.333333333333334,Underdog,-6.666666666666666,L,9.0,4.5
2025,1,2025-08-30T01:30:00.000Z,401757224,Sam Houston,Mountain West,Conference USA,G6,G6,G6_vs_G6,False,False,Mountain West,Conference USA,,,-10.333333333333334,Favorite,6.666666666666666,W,-9.0,-4.5
2025,1,2025-08-30T16:45:00.000Z,401752670,Toledo,SEC,MAC,P4,G6,P4_vs_G6,False,False,SEC,MAC,,,-9.833333333333334,Favorite,-1.833333333333334,L,-10.0,-2.5
2025,1,2025-08-30T16:45:00.000Z,401752670,Kentucky,MAC,SEC,G6,P4,G6_vs_P4,False,False,MAC,SEC,,,9.833333333333334,Underdog,1.833333333333334,W,10.0,2.5
2025,1,2025-08-30T19:30:00.000Z,401752807,Nevada,Big Ten,Mountain West,P4,G6,P4_vs_G6,False,False,Big Ten,Mountain West,,,-44.166666666666664,Favorite,-9.166666666666664,L,-43.5,0.0
2025,1,2025-08-30T22:00:00.000Z,401754616,Coastal Carolina,ACC,Sun Belt,P4,G6,P4_vs_G6,False,False,ACC,Sun Belt,,,-13.166666666666666,Favorite,27.833333333333336,W,-13.5,1.0
2025,1,2025-08-30T23:00:00.000Z,401752678,UTSA,SEC,American,P4,G6,P4_vs_G6,False,False,SEC,American,,,-23.0,Favorite,-5.0,L,-24.0,3.0
2025,1,2025-08-30T23:30:00.000Z,401752671,LSU,ACC,SEC,P4,P4,P4_vs_P4,False,False,ACC,SEC,,,-4.833333333333333,Favorite,-11.833333333333332,L,-5.5,3.0
2025,1,2025-08-30T23:30:00.000Z,401752808,New Mexico,Big Ten,Mountain West,P4,G6,P4_vs_G6,False,False,Big Ten,Mountain West,,,-35.166666666666664,Favorite,-18.166666666666664,L,-34.5,0.0
2025,1,2025-08-31T02:30:00.000Z,401756849,Hawai'i,Big 12,Mountain West,P4,G6,P4_vs_G6,False,False,Big 12,Mountain West,,,-14.833333333333334,Favorite,19.166666666666664,W,-15.5,5.0
2025,1,2025-08-31T03:00:00.000Z,401752800,UCLA,Big 12,Big Ten,P4,P4,P4_vs_P4,False,False,Big 12,Big Ten,,,-6.5,Favorite,26.5,W,-6.5,3.5
2025,1,2025-09-02T00:00:00.000Z,401754523,North Carolina,Big 12,ACC,P4,P4,P4_vs_P4,False,False,Big 12,ACC,,,-3.3333333333333335,Favorite,30.666666666666668,W,-3.5,6.0
2025,2,2025-09-05T23:00:00.000Z,401754528,Louisville,Sun Belt,ACC,G6,P4,G6_vs_P4,False,False,Sun Belt,ACC,,,15.25,Underdog,1.25,W,15.5,-1.0
2025,2,2025-09-06T16:00:00.000Z,401754525,SMU,Big 12,ACC,P4,P4,P4_vs_P4,False,False,Big 12,ACC,,,2.75,Underdog,5.75,W,2.5,2.0
2025,2,2025-09-06T16:00:00.000Z,401752825,Duke,Big Ten,ACC,P4,P4,P4_vs_P4,False,False,Big Ten,ACC,,,-2.5,Favorite,23.5,W,-2.5,0.0
2025,2,2025-09-06T16:00:00.000Z,401757227,Jacksonville State,Conference USA,Conference USA,G6,G6,G6_vs_G6,False,False,Conference USA,Conference USA,,,-6.25,Favorite,-16.25,L,-6.5,1.0
2025,2,2025-09-06T19:30:00.000Z,401752818,Miami (OH),Big Ten,MAC,P4,G6,P4_vs_G6,False,False,Big Ten,MAC,,,-15.5,Favorite,12.5,W,-15.5,2.0
2025,2,2025-09-06T19:30:00.000Z,401756880,Bowling Green,Big 12,MAC,P4,G6,P4_vs_G6,False,False,Big 12,MAC,,,-22.0,Favorite,-8.0,L,-22.5,4.5
2025,2,2025-09-06T19:30:00.000Z,401752686,Ole Miss,SEC,SEC,P4,P4,P4_vs_P4,False,False,SEC,SEC,,,7.75,Underdog,0.75,W,7.5,2.0
2025,2,2025-09-06T19:30:00.000Z,401754637,Troy,ACC,Sun Belt,P4,G6,P4_vs_G6,False,False,ACC,Sun Belt,,,-30.25,Favorite,-19.25,L,-29.5,-2.0
2025,2,2025-09-06T19:30:00.000Z,401762458,UAB,American,American,G6,G6,G6_vs_G6,False,False,American,American,,,-21.5,Favorite,-7.5,L,-22.5,1.0
2025,2,2025-09-06T20:00:00.000Z,401752820,Middle Tennessee,Big Ten,Conference USA,P4,G6,P4_vs_G6,False,False,Big Ten,Conference USA,,,-28.5,Favorite,3.5,W,-28.5,0.0
2025,2,2025-09-06T23:00:00.000Z,401754527,Charlotte,ACC,American,P4,G6,P4_vs_G6,False,False,ACC,American,,,-15.75,Favorite,1.25,W,-15.0,2.0
2025,2,2025-09-06T23:00:00.000Z,401757232,Western Kentucky,MAC,Conference USA,G6,G6,G6_vs_G6,False,False,MAC,Conference USA,,,-8.0,Favorite,16.0,W,-7.5,1.0
2025,2,2025-09-06T23:00:00.000Z,401756884,Rice,Big 12,American,P4,G6,P4_vs_G6,False,False,Big 12,American,,,-13.5,Favorite,12.5,W,-13.5,1.0
2025,2,2025-09-06T23:30:00.000Z,401752690,Michigan,SEC,Big Ten,P4,P4,P4_vs_P4,False,False,SEC,Big Ten,,,-3.5,Favorite,7.5,W,-3.5,1.0
2025,2,2025-09-06T23:30:00.000Z,401752687,Louisiana Tech,SEC,Conference USA,P4,G6,P4_vs_G6,False,False,SEC,Conference USA,,,-36.5,Favorite,-20.5,L,-36.5,4.0
2025,2,2025-09-06T23:30:00.000Z,401752810,Akron,Big Ten,MAC,P4,G6,P4_vs_G6,False,False,Big Ten,MAC,,,-33.75,Favorite,34.25,W,-33.5,0.0
2025,2,2025-09-06T23:30:00.000Z,401752695,Virginia Tech,SEC,ACC,P4,P4,P4_vs_P4,False,False,SEC,ACC,,,2.0,Underdog,26.0,W,1.5,-0.5
2025,2,2025-09-07T00:00:00.000Z,401752823,UNLV,Big Ten,Mountain West,P4,G6,P4_vs_G6,False,False,Big Ten,Mountain West,,,-2.5,Favorite,-9.5,L,-2.5,0.0
2025,2,2025-09-07T01:00:00.000Z,401757229,Tulsa,Conference USA,American,G6,G6,G6_vs_G6,False,False,Conference USA,American,,,3.25,Underdog,10.25,W,3.5,0.0
2025,2,2025-09-07T03:59:00.000Z,401757230,Sam Houston,Mountain West,Conference USA,G6,G6,G6_vs_G6,False,False,Mountain West,Conference USA,,,-7.25,Favorite,9.75,W,-7.5,0.0
2025,3,2025-09-12T23:30:00.000Z,401756893,Colorado,Big 12,Big 12,P4,P4,P4_vs_P4,False,False,Big 12,Big 12,,,-3.8333333333333335,Favorite,12.166666666666666,W,-4.0,-0.5
2025,3,2025-09-13T02:00:00.000Z,401752837,New Mexico,Big Ten,Mountain West,P4,G6,P4_vs_G6,False,False,Big Ten,Mountain West,,,-15.5,Favorite,-40.5,L,-15.5,0.5
2025,3,2025-09-13T16:00:00.000Z,401754623,Georgia Tech,ACC,ACC,P4,P4,P4_vs_P4,False,False,ACC,ACC,,,-2.8333333333333335,Favorite,-5.833333333333334,L,-3.0,-3.5
2025,3,2025-09-13T16:00:00.000Z,401761608,Memphis,Sun Belt,American,G6,G6,G6_vs_G6,False,False,Sun Belt,American,,,4.5,Underdog,-16.5,L,4.5,
2025,3,2025-09-13T16:00:00.000Z,401752703,Temple,SEC,American,P4,G6,P4_vs_G6,False,False,SEC,American,,,-23.833333333333332,Favorite,15.166666666666668,W,-24.5,-1.0
2025,3,2025-09-13T16:45:00.000Z,401752697,South Alabama,SEC,Sun Belt,P4,G6,P4_vs_G6,False,False,SEC,Sun Belt,,,-26.333333333333332,Favorite,-10.333333333333332,L,-26.5,1.0
2025,3,2025-09-13T19:00:00.000Z,401757168,UConn,Conference USA,Independent,G6,Independent,Other,False,False,,Independent,,,8.666666666666666,Underdog,11.666666666666666,W,9.5,1.0
2025,3,2025-09-13T19:30:00.000Z,401754638,West Virginia,ACC,Big 12,P4,P4,P4_vs_P4,False,False,ACC,Big 12,,,-6.833333333333333,Favorite,-13.833333333333332,L,-7.0,2.5
2025,3,2025-09-13T19:30:00.000Z,401752832,Purdue,Big Ten,Big Ten,P4,P4,P4_vs_P4,False,False,Big Ten,Big Ten,,,-20.5,Favorite,-4.5,L,-20.5,-1.0
2025,3,2025-09-13T19:30:00.000Z,401752949,Washington State,American,,G6,,Other,False,,American,,,,-6.5,Favorite,42.5,W,-6.5,1.0
2025,3,2025-09-13T20:15:00.000Z,401752706,Texas,Conference USA,SEC,G6,P4,G6_vs_P4,False,False,Conference USA,SEC,,,39.833333333333336,Underdog,22.833333333333336,W,40.5,-4.0
2025,3,2025-09-13T21:00:00.000Z,401757256,Bowling Green,Conference USA,MAC,G6,G6,G6_vs_G6,False,False,Conference USA,MAC,,,-6.0,Favorite,-16.0,L,-6.5,-1.0
2025,3,2025-09-13T21:00:00.000Z,401757258,Nevada,Conference USA,Mountain West,G6,G6,G6_vs_G6,False,False,Conference USA,Mountain West,,,9.333333333333334,Underdog,10.333333333333334,W,9.5,0.0
2025,3,2025-09-13T23:00:00.000Z,401752827,Ohio State,MAC,Big Ten,G6,P4,G6_vs_P4,False,False,MAC,Big Ten,,,28.333333333333332,Underdog,0.3333333333333321,W,28.5,-3.0
2025,3,2025-09-13T23:00:00.000Z,401752829,Western Michigan,Big Ten,MAC,P4,G6,P4_vs_G6,False,False,Big Ten,MAC,,,-27.5,Favorite,10.5,W,-27.5,-1.0
2025,3,2025-09-13T23:00:00.000Z,401752700,Ole Miss,SEC,SEC,P4,P4,P4_vs_P4,False,False,SEC,SEC,,,3.8333333333333335,Underdog,-2.1666666666666665,L,4.5,4.0
2025,3,2025-09-13T23:30:00.000Z,401761604,East Carolina,Sun Belt,American,G6,G6,G6_vs_G6,False,False,Sun Belt,American,,,7.166666666666667,Underdog,-30.833333333333332,L,7.5,-1.0
2025,3,2025-09-13T23:30:00.000Z,401761604,Coastal Carolina,American,Sun Belt,G6,G6,G6_vs_G6,False,False,American,Sun Belt,,,-7.166666666666667,Favorite,30.833333333333332,W,-7.5,1.0
2025,3,2025-09-13T23:30:00.000Z,401752698,Eastern Michigan,SEC,MAC,P4,G6,P4_vs_G6,False,False,SEC,MAC,,,-26.666666666666668,Favorite,-1.666666666666668,L,-26.5,1.0
2025,3,2025-09-13T23:30:00.000Z,401757257,Louisiana Tech,Conference USA,Conference USA,G6,G6,G6_vs_G6,False,False,Conference USA,Conference USA,,,10.166666666666666,Underdog,-24.833333333333336,L,10.5,2.0
2025,3,2025-09-14T00:00:00.000Z,401756895,Utah,Mountain West,Big 12,G6,P4,G6_vs_P4,False,False,Mountain West,Big 12,,,24.5,Underdog,-0.5,L,24.5,-2.0
2025,3,2025-09-14T00:00:00.000Z,401756895,Wyoming,Big 12,Mountain West,P4,G6,P4_vs_G6,False,False,Big 12,Mountain West,,,-24.5,Favorite,0.5,W,-24.5,2.0
2025,3,2025-09-14T00:00:00.000Z,401762465,Tulsa,American,American,G6,G6,G6_vs_G6,False,False,American,American,,,-13.666666666666666,Favorite,5.333333333333334,W,-13.5,-1.0
2025,3,2025-09-14T00:30:00.000Z,401762463,UAB,MAC,American,G6,G6,G6_vs_G6,False,False,MAC,American,,,12.666666666666666,Underdog,9.666666666666666,W,13.5,-2.0
2025,4,2025-09-20T00:00:00.000Z,401752844,Iowa,Big Ten,Big Ten,P4,P4,P4_vs_P4,False,False,Big Ten,Big Ten,,,2.3333333333333335,Underdog,-7.666666666666666,L,2.0,0.0
2025,4,2025-09-20T16:00:00.000Z,401754636,SMU,Big 12,ACC,P4,P4,P4_vs_P4,False,False,Big 12,ACC,,,-6.5,Favorite,4.5,W,-6.5,0.0
2025,4,2025-09-20T16:00:00.000Z,401756901,Utah,Big 12,Big 12,P4,P4,P4_vs_P4,False,False,Big 12,Big 12,,,3.5,Underdog,27.5,W,3.5,1.0
2025,4,2025-09-20T16:00:00.000Z,401754537,Syracuse,ACC,ACC,P4,P4,P4_vs_P4,False,False,ACC,ACC,,,-17.5,Favorite,-30.5,L,-17.5,1.0
2025,4,2025-09-20T16:00:00.000Z,401752708,Memphis,SEC,American,P4,G6,P4_vs_G6,False,False,SEC,American,,,-7.166666666666667,Favorite,-8.166666666666668,L,-7.0,0.5
2025,4,2025-09-20T16:00:00.000Z,401754642,Bowling Green,ACC,MAC,P4,G6,P4_vs_G6,False,False,ACC,MAC,,,-26.166666666666668,Favorite,-3.166666666666668,L,-25.5,-2.0
2025,4,2025-09-20T16:00:00.000Z,401752845,Maryland,Big Ten,Big Ten,P4,P4,P4_vs_P4,False,False,Big Ten,Big Ten,,,-10.5,Favorite,-27.5,L,-10.5,4.0
2025,4,2025-09-20T19:00:00.000Z,401752841,Oregon,,Big Ten,,P4,Other,,False,,Big Ten,,,34.0,Underdog,0.0,P,34.5,0.0
2025,4,2025-09-20T19:30:00.000Z,401752848,Purdue,Independent,Big Ten,Independent,P4,Other,False,False,Independent,Big Ten,,,-24.5,Favorite,1.5,W,-24.5,-2.0
2025,4,2025-09-20T19:30:00.000Z,401752846,Nebraska,Big Ten,Big Ten,P4,P4,P4_vs_P4,False,False,Big Ten,Big Ten,,,-0.6666666666666666,Favorite,2.3333333333333335,W,1.0,-2.5
2025,4,2025-09-20T19:30:00.000Z,401752714,Auburn,SEC,SEC,P4,P4,P4_vs_P4,False,False,SEC,SEC,,,-6.5,Favorite,0.5,W,-6.5,0.0
2025,4,2025-09-20T19:30:00.000Z,401752714,Oklahoma,SEC,SEC,P4,P4,P4_vs_P4,False,False,SEC,SEC,,,6.5,Underdog,-0.5,L,6.5,0.0
2025,4,2025-09-20T19:30:00.000Z,401762820,Western Michigan,MAC,MAC,G6,G6,G6_vs_G6,False,False,MAC,MAC,,,-12.666666666666666,Favorite,-13.666666666666666,L,-11.5,-2.0
2025,4,2025-09-20T19:30:00.000Z,401757262,James Madison,Conference USA,Sun Belt,G6,G6,G6_vs_G6,False,False,Conference USA,Sun Belt,,,7.5,Underdog,-10.5,L,7.5,4.0
2025,4,2025-09-20T20:30:00.000Z,401754542,Temple,ACC,American,P4,G6,P4_vs_G6,False,False,ACC,American,,,-24.5,Favorite,-3.5,L,-24.5,1.0
2025,4,2025-09-20T23:00:00.000Z,401757268,Nevada,Conference USA,Mountain West,G6,G6,G6_vs_G6,False,False,Conference USA,Mountain West,,,-7.833333333333333,Favorite,7.166666666666667,W,-7.5,-3.0
2025,4,2025-09-20T23:00:00.000Z,401757264,Marshall,Conference USA,Sun Belt,G6,G6,G6_vs_G6,False,False,Conference USA,Sun Belt,,,2.5,Underdog,-11.5,L,2.5,1.0
2025,4,2025-09-20T23:00:00.000Z,401761611,Coastal Carolina,Sun Belt,Sun Belt,G6,G6,G6_vs_G6,False,False,Sun Belt,Sun Belt,,,-14.666666666666666,Favorite,-32.666666666666664,L,-14.5,0.0
2025,4,2025-09-20T23:00:00.000Z,401761611,South Alabama,Sun Belt,Sun Belt,G6,G6,G6_vs_G6,False,False,Sun Belt,Sun Belt,,,14.666666666666666,Underdog,32.666666666666664,W,14.5,0.0
2025,4,2025-09-20T23:00:00.000Z,401760372,Air Force,Mountain West,Mountain West,G6,G6,G6_vs_G6,False,False,Mountain West,Mountain West,,,-11.0,Favorite,1.0,W,-11.5,3.0
2025,4,2025-09-20T23:30:00.000Z,401752842,Washington State,Big Ten,,P4,,Other,False,,Big Ten,,,,-20.833333333333332,Favorite,14.166666666666668,W,-20.5,0.0
2025,4,2025-09-20T23:30:00.000Z,401757263,Southern Miss,Conference USA,Sun Belt,G6,G6,G6_vs_G6,False,False,Conference USA,Sun Belt,,,-3.1666666666666665,Favorite,6.833333333333334,W,-3.5,1.0
2025,4,2025-09-20T23:30:00.000Z,401757263,Louisiana Tech,Sun Belt,Conference USA,G6,G6,G6_vs_G6,False,False,Sun Belt,Conference USA,,,3.1666666666666665,Underdog,-6.833333333333334,L,3.5,-1.0
2025,4,2025-09-20T23:30:00.000Z,401752843,Indiana,Big Ten,Big Ten,P4,P4,P4_vs_P4,False,False,Big Ten,Big Ten,,,7.0,Underdog,-46.0,L,7.5,-3.0
2025,4,2025-09-20T23:30:00.000Z,401756898,East Carolina,Big 12,American,P4,G6,P4_vs_G6,False,False,Big 12,American,,,-6.166666666666667,Favorite,14.833333333333332,W,-5.5,-2.0
2025,4,2025-09-21T01:00:00.000Z,401757267,UTEP,Sun Belt,Conference USA,G6,G6,G6_vs_G6,False,False,Sun Belt,Conference USA,,,5.333333333333333,Underdog,11.333333333333332,W,5.5,-1.0
2025,4,2025-09-21T02:15:00.000Z,401756897,Colorado,Mountain West,Big 12,G6,P4,G6_vs_P4,False,False,Mountain West,Big 12,,,12.333333333333334,Underdog,-4.666666666666666,L,12.5,1.0
2023,1,2023-08-26T23:00:00.000Z,401532392,Ohio,Mountain West,MAC,G6,G6,G6_vs_G6,False,False,Mountain West,MAC,,,-2.9,Favorite,4.1,W,-2.0,
2023,1,2023-08-26T23:00:00.000Z,401532392,San Diego State,MAC,Mountain West,G6,G6,G6_vs_G6,False,False,MAC,Mountain West,,,2.9,Underdog,-4.1,L,2.0,
2023,1,2023-08-26T23:30:00.000Z,401520147,Hawai'i,SEC,Mountain West,P4,G6,P4_vs_G6,False,False,SEC,Mountain West,,,-17.625,Favorite,-10.625,L,-17.0,
2023,1,2023-09-01T00:00:00.000Z,401520176,Florida,,SEC,,P4,Other,,False,,SEC,,,-6.3,Favorite,6.7,W,-5.5,
2023,1,2023-09-01T00:00:00.000Z,401520148,Minnesota,Big Ten,Big Ten,P4,P4,P4_vs_P4,False,False,Big Ten,Big Ten,,,7.3,Underdog,4.3,W,7.5,
2023,1,2023-09-01T23:30:00.000Z,401525462,Louisville,ACC,ACC,P4,P4,P4_vs_P4,False,False,ACC,ACC,,,7.6,Underdog,2.5999999999999996,W,7.0,
2023,1,2023-09-02T16:00:00.000Z,401520160,Liberty,MAC,Conference USA,G6,G6,G6_vs_G6,False,True,MAC,Independent,,0.0,9.25,Underdog,-0.75,L,8.5,
2023,1,2023-09-02T16:00:00.000Z,401520162,East Carolina,Big Ten,American,P4,G6,P4_vs_G6,False,False,Big Ten,American,,,-35.4,Favorite,-8.399999999999999,L,-36.0,
2023,1,2023-09-02T18:00:00.000Z,401531387,Akron,American,MAC,G6,G6,G6_vs_G6,False,False,American,MAC,,,-9.875,Favorite,-6.875,L,-9.5,
2023,1,2023-09-02T19:30:00.000Z,401523997,Boise State,,Mountain West,,G6,Other,,False,,Mountain West,,,-14.3,Favorite,22.7,W,-14.0,
2023,1,2023-09-02T19:30:00.000Z,401520180,Buffalo,Big Ten,MAC,P4,G6,P4_vs_G6,False,False,Big Ten,MAC,,,-27.0,Favorite,-6.0,L,-29.0,
2023,1,2023-09-02T22:30:00.000Z,401523996,Nevada,,Mountain West,,G6,Other,,False,,Mountain West,,,-37.875,Favorite,14.125,W,-37.5,
2023,1,2023-09-02T23:00:00.000Z,401525819,UTSA,Big 12,American,P4,G6,P4_vs_G6,True,True,American,Conference USA,0.0,0.0,1.5,Underdog,4.5,W,2.5,
2023,1,2023-09-02T23:00:00.000Z,401520173,New Mexico,SEC,Mountain West,P4,G6,P4_vs_G6,False,False,SEC,Mountain West,,,-37.875,Favorite,4.125,W,-37.5,
2023,1,2023-09-02T23:30:00.000Z,401525825,Texas Tech,Mountain West,Big 12,G6,P4,G6_vs_P4,False,False,Mountain West,Big 12,,,13.6,Underdog,15.6,W,13.0,
2023,1,2023-09-02T23:30:00.000Z,401520155,Illinois,MAC,Big Ten,G6,P4,G6_vs_P4,False,False,MAC,Big Ten,,,8.6,Underdog,6.6,W,7.0,
2023,1,2023-09-03T00:00:00.000Z,401525467,Old Dominion,ACC,Sun Belt,P4,G6,P4_vs_G6,False,False,ACC,Sun Belt,,,-15.75,Favorite,3.25,W,-16.0,
2023,1,2023-09-03T23:30:00.000Z,401520182,LSU,ACC,SEC,P4,P4,P4_vs_P4,False,False,ACC,SEC,,,2.2,Underdog,23.2,W,2.0,
2023,2,2023-09-08T23:30:00.000Z,401520195,Illinois,Big 12,Big Ten,P4,P4,P4_vs_P4,False,False,Big 12,Big Ten,,,-3.6666666666666665,Favorite,7.333333333333334,W,-3.5,
2023,2,2023-09-09T16:00:00.000Z,401523999,Baylor,,Big 12,,P4,Other,,False,,Big 12,,,-7.0,Favorite,0.0,P,-7.0,
2023,2,2023-09-09T16:00:00.000Z,401520188,Colorado,Big Ten,,P4,,Other,False,,Big Ten,,,,2.8333333333333335,Underdog,-19.166666666666668,L,2.5,
2023,2,2023-09-09T19:30:00.000Z,401525497,Western Michigan,ACC,MAC,P4,G6,P4_vs_G6,False,False,ACC,MAC,,,-24.666666666666668,Favorite,16.333333333333332,W,-24.5,
2023,2,2023-09-09T19:30:00.000Z,401520202,UNLV,Big Ten,Mountain West,P4,G6,P4_vs_G6,False,False,Big Ten,Mountain West,,,-37.833333333333336,Favorite,-9.833333333333336,L,-38.0,
2023,2,2023-09-09T20:00:00.000Z,401531411,East Carolina,Sun Belt,American,G6,G6,G6_vs_G6,False,False,Sun Belt,American,,,-2.8333333333333335,Favorite,15.166666666666666,W,-3.0,
2023,2,2023-09-09T21:00:00.000Z,401524004,Tulsa,,American,,G6,Other,,False,,American,,,-33.666666666666664,Favorite,-0.6666666666666643,L,-34.0,
2023,2,2023-09-09T22:00:00.000Z,401520198,Liberty,Conference USA,Conference USA,G6,G6,G6_vs_G6,True,True,Independent,Independent,0.0,0.0,9.333333333333334,Underdog,-6.666666666666666,L,9.0,
2023,2,2023-09-09T22:00:00.000Z,401531842,Louisiana,Sun Belt,Sun Belt,G6,G6,G6_vs_G6,False,False,Sun Belt,Sun Belt,,,6.0,Underdog,13.0,W,6.0,
2023,2,2023-09-09T22:00:00.000Z,401531842,Old Dominion,Sun Belt,Sun Belt,G6,G6,G6_vs_G6,False,False,Sun Belt,Sun Belt,,,-6.0,Favorite,-13.0,L,-6.0,
2023,2,2023-09-09T23:00:00.000Z,401525831,Houston,American,Big 12,G6,P4,G6_vs_P4,True,True,Conference USA,American,0.0,0.0,7.166666666666667,Underdog,9.166666666666668,W,7.5,
2023,2,2023-09-09T23:00:00.000Z,401520187,Jacksonville State,Sun Belt,Conference USA,G6,G6,G6_vs_G6,False,False,Sun Belt,,,,-13.666666666666666,Favorite,0.3333333333333339,W,-13.5,
2023,2,2023-09-09T23:00:00.000Z,401520183,Alabama,Big 12,SEC,P4,P4,P4_vs_P4,False,False,Big 12,SEC,,,7.166666666666667,Underdog,17.166666666666668,W,7.0,
2023,2,2023-09-09T23:30:00.000Z,401520200,Charlotte,Big Ten,American,P4,G6,P4_vs_G6,False,True,Big Ten,Conference USA,,0.0,-24.5,Favorite,-6.5,L,-24.5,
2023,2,2023-09-09T23:30:00.000Z,401520217,Washington State,Big Ten,,P4,,Other,False,,Big Ten,,,,-5.333333333333333,Favorite,-14.333333333333332,L,-5.0,
2023,2,2023-09-10T00:30:00.000Z,401525493,Southern Miss,ACC,Sun Belt,P4,G6,P4_vs_G6,False,False,ACC,Sun Belt,,,-31.0,Favorite,22.0,W,-31.0,
2023,2,2023-09-10T02:30:00.000Z,401524003,Stanford,,,,,Other,,,,,,,-28.666666666666668,Favorite,17.333333333333332,W,-28.5,
2023,3,2023-09-14T23:30:00.000Z,401531428,Memphis,American,American,G6,G6,G6_vs_G6,False,False,American,American,,,12.25,Underdog,8.25,W,12.5,
2023,3,2023-09-15T23:00:00.000Z,401531396,UTSA,Independent,American,Independent,G6,Other,False,True,Independent,Conference USA,,0.0,7.0,Underdog,15.0,W,7.0,
2023,3,2023-09-16T16:00:00.000Z,401520230,Louisville,Big Ten,ACC,P4,P4,P4_vs_P4,False,False,Big Ten,ACC,,,10.0,Underdog,3.0,W,10.0,
2023,3,2023-09-16T19:30:00.000Z,401520223,Northwestern,ACC,Big Ten,P4,P4,P4_vs_P4,False,False,ACC,Big Ten,,,-17.0,Favorite,7.0,W,-17.0,
2023,3,2023-09-16T19:30:00.000Z,401525842,Tulsa,Big 12,American,P4,G6,P4_vs_G6,False,False,Big 12,American,,,-28.0,Favorite,21.0,W,-28.0,
2023,3,2023-09-16T19:30:00.000Z,401520227,Western Michigan,Big Ten,MAC,P4,G6,P4_vs_G6,False,False,Big Ten,MAC,,,-28.5,Favorite,2.5,W,-28.5,
2023,3,2023-09-16T19:30:00.000Z,401520227,Iowa,MAC,Big Ten,G6,P4,G6_vs_P4,False,False,MAC,Big Ten,,,28.5,Underdog,-2.5,L,28.5,
2023,3,2023-09-16T19:30:00.000Z,401524009,San Diego State,,Mountain West,,G6,Other,,False,,Mountain West,,,-24.5,Favorite,-7.5,L,-24.5,
2023,3,2023-09-16T19:30:00.000Z,401524009,Oregon State,Mountain West,,G6,,Other,False,,Mountain West,,,,24.5,Underdog,7.5,W,24.5,
2023,3,2023-09-16T20:00:00.000Z,401531348,Southern Miss,American,Sun Belt,G6,G6,G6_vs_G6,False,False,American,Sun Belt,,,-7.75,Favorite,10.25,W,-8.0,
2023,3,2023-09-16T20:00:00.000Z,401520245,UL Monroe,SEC,Sun Belt,P4,G6,P4_vs_G6,False,False,SEC,Sun Belt,,,-36.5,Favorite,7.5,W,-36.5,
2023,3,2023-09-16T20:00:00.000Z,401520240,Western Kentucky,Big Ten,Conference USA,P4,G6,P4_vs_G6,False,False,Big Ten,Conference USA,,,-29.5,Favorite,23.5,W,-29.5,
2023,3,2023-09-16T23:00:00.000Z,401520247,Vanderbilt,Mountain West,SEC,G6,P4,G6_vs_P4,False,False,Mountain West,SEC,,,4.5,Underdog,7.5,W,4.5,
2023,3,2023-09-16T23:00:00.000Z,401531379,UAB,Sun Belt,American,G6,G6,G6_vs_G6,False,True,Sun Belt,Conference USA,,0.0,2.0,Underdog,22.0,W,2.0,
2023,3,2023-09-16T23:30:00.000Z,401520232,Bowling Green,Big Ten,MAC,P4,G6,P4_vs_G6,False,False,Big Ten,MAC,,,-40.75,Favorite,-15.75,L,-40.5,
2023,3,2023-09-16T23:30:00.000Z,401520228,Akron,SEC,MAC,P4,G6,P4_vs_G6,False,False,SEC,MAC,,,-25.25,Favorite,6.75,W,-25.0,
2023,3,2023-09-16T23:30:00.000Z,401520228,Kentucky,MAC,SEC,G6,P4,G6_vs_P4,False,False,MAC,SEC,,,25.25,Underdog,-6.75,L,25.0,
2023,3,2023-09-17T00:00:00.000Z,401520238,New Mexico State,Mountain West,Conference USA,G6,G6,G6_vs_G6,False,True,Mountain West,Independent,,0.0,-2.75,Favorite,-12.75,L,-2.5,
2023,3,2023-09-17T00:00:00.000Z,401520238,New Mexico,Conference USA,Mountain West,G6,G6,G6_vs_G6,True,False,Independent,Mountain West,0.0,,2.75,Underdog,12.75,W,2.5,
2023,3,2023-09-17T00:00:00.000Z,401524008,Hawai'i,,Mountain West,,G6,Other,,False,,Mountain West,,,-38.25,Favorite,6.75,W,-38.5,
2023,3,2023-09-17T00:00:00.000Z,401525840,Texas,Mountain West,Big 12,G6,P4,G6_vs_P4,False,False,Mountain West,Big 12,,,31.0,Underdog,10.0,W,31.0,
2023,3,2023-09-17T02:30:00.000Z,401525837,Nevada,Big 12,Mountain West,P4,G6,P4_vs_G6,False,False,Big 12,Mountain West,,,-28.5,Favorite,-21.5,L,-28.5,
2023,3,2023-09-17T03:00:00.000Z,401520219,Arizona,Conference USA,,G6,,Other,False,,Conference USA,,,,18.25,Underdog,-2.75,L,18.0,
2023,4,2023-09-22T23:00:00.000Z,401520266,Purdue,Big Ten,Big Ten,P4,P4,P4_vs_P4,False,False,Big Ten,Big Ten,,,-6.0,Favorite,15.0,W,-5.5,
2023,4,2023-09-23T02:30:00.000Z,401532583,Boise State,Mountain West,Mountain West,G6,G6,G6_vs_G6,False,False,Mountain West,Mountain West,,,5.833333333333333,Underdog,2.833333333333333,W,6.5,
2023,4,2023-09-23T02:30:00.000Z,401532583,San Diego State,Mountain West,Mountain West,G6,G6,G6_vs_G6,False,False,Mountain West,Mountain West,,,-5.833333333333333,Favorite,-2.833333333333333,L,-6.5,
2023,4,2023-09-23T16:00:00.000Z,401525511,Marshall,ACC,Sun Belt,P4,G6,P4_vs_G6,False,False,ACC,Sun Belt,,,5.333333333333333,Underdog,-1.666666666666667,L,5.5,
2023,4,2023-09-23T16:00:00.000Z,401520271,Western Kentucky,Sun Belt,Conference USA,G6,G6,G6_vs_G6,False,False,Sun Belt,Conference USA,,,-3.5,Favorite,-0.5,L,-3.5,
2023,4,2023-09-23T16:00:00.000Z,401520274,Kentucky,SEC,SEC,P4,P4,P4_vs_P4,False,False,SEC,SEC,,,13.333333333333334,Underdog,-3.666666666666666,L,13.5,
2023,4,2023-09-23T16:00:00.000Z,401520274,Vanderbilt,SEC,SEC,P4,P4,P4_vs_P4,False,False,SEC,SEC,,,-13.333333333333334,Favorite,3.666666666666666,W,-13.5,
2023,4,2023-09-23T17:30:00.000Z,401532406,Western Michigan,MAC,MAC,G6,G6,G6_vs_G6,False,False,MAC,MAC,,,-21.5,Favorite,-3.5,L,-21.5,
2023,4,2023-09-23T19:30:00.000Z,401525506,Louisville,ACC,ACC,P4,P4,P4_vs_P4,False,False,ACC,ACC,,,13.833333333333334,Underdog,-14.166666666666666,L,14.0,
2023,4,2023-09-23T19:30:00.000Z,401520250,Alabama,SEC,SEC,P4,P4,P4_vs_P4,False,False,SEC,SEC,,,7.0,Underdog,-7.0,L,7.0,
2023,4,2023-09-23T19:30:00.000Z,401532405,Ohio,MAC,MAC,G6,G6,G6_vs_G6,False,False,MAC,MAC,,,13.0,Underdog,-18.0,L,13.0,
2023,4,2023-09-23T19:30:00.000Z,401532405,Bowling Green,MAC,MAC,G6,G6,G6_vs_G6,False,False,MAC,MAC,,,-13.0,Favorite,18.0,W,-13.0,
2023,4,2023-09-23T19:30:00.000Z,401520272,Duke,Independent,ACC,Independent,P4,Other,False,False,Independent,ACC,,,22.166666666666668,Underdog,-11.833333333333332,L,22.0,
2023,4,2023-09-23T19:30:00.000Z,401525847,BYU,Big 12,Big 12,P4,P4,P4_vs_P4,False,True,Big 12,Independent,,0.0,-9.333333333333334,Favorite,1.666666666666666,W,-9.0,
2023,4,2023-09-23T23:00:00.000Z,401524016,Stanford,,,,,Other,,,,,,,-12.833333333333334,Favorite,-11.833333333333334,L,-13.0,
2023,4,2023-09-23T23:00:00.000Z,401520254,Houston,Conference USA,Big 12,G6,P4,G6_vs_P4,False,True,,American,,0.0,11.5,Underdog,-19.5,L,11.5,
2023,4,2023-09-23T23:00:00.000Z,401524019,Oregon State,,,,,Other,,,,,,,3.0,Underdog,6.0,W,3.0,
2023,4,2023-09-23T23:00:00.000Z,401524019,Washington State,,,,,Other,,,,,,,-3.0,Favorite,-6.0,L,-3.0,
2023,4,2023-09-23T23:00:00.000Z,401520258,Arkansas,SEC,SEC,P4,P4,P4_vs_P4,False,False,SEC,SEC,,,-17.666666666666668,Favorite,-14.666666666666668,L,-17.5,
2023,4,2023-09-23T23:30:00.000Z,401520259,Memphis,SEC,American,P4,G6,P4_vs_G6,False,False,SEC,American,,,-6.5,Favorite,0.5,W,-6.5,
2023,4,2023-09-23T23:30:00.000Z,401531875,Buffalo,Sun Belt,MAC,G6,G6,G6_vs_G6,False,False,Sun Belt,MAC,,,-10.333333333333334,Favorite,-3.333333333333334,L,-10.5,
2023,4,2023-09-23T23:30:00.000Z,401525844,Baylor,Big 12,Big 12,P4,P4,P4_vs_P4,False,False,Big 12,Big 12,,,-16.5,Favorite,15.5,W,-17.5,
2023,4,2023-09-23T23:30:00.000Z,401520256,Akron,Big Ten,MAC,P4,G6,P4_vs_G6,False,False,Big Ten,MAC,,,-16.5,Favorite,-14.5,L,-16.5,
2023,4,2023-09-24T00:00:00.000Z,401525510,Pittsburgh,ACC,ACC,P4,P4,P4_vs_P4,False,False,ACC,ACC,,,-7.166666666666667,Favorite,9.833333333333332,W,-7.0,
2023,4,2023-09-24T03:59:00.000Z,401520253,Hawai'i,Conference USA,Mountain West,G6,G6,G6_vs_G6,True,False,Independent,Mountain West,0.0,,3.6666666666666665,Underdog,0.6666666666666665,W,4.0,
2024,1,2024-08-24T16:00:00.000Z,401635525,Florida State,ACC,ACC,P4,P4,P4_vs_P4,False,False,ACC,ACC,,,10.666666666666666,Underdog,13.666666666666666,W,10.5,
2024,1,2024-08-30T00:00:00.000Z,401640998,Coastal Carolina,Conference USA,Sun Belt,G6,G6,G6_vs_G6,False,False,Conference USA,Sun Belt,,,-3.5,Favorite,-31.5,L,-3.5,
2024,1,2024-08-30T00:00:00.000Z,401628448,North Carolina,Big Ten,ACC,P4,P4,P4_vs_P4,False,False,Big Ten,ACC,,,0.3333333333333333,Underdog,-1.6666666666666667,L,1.5,
2024,1,2024-08-31T01:00:00.000Z,401628461,Western Michigan,Big Ten,MAC,P4,G6,P4_vs_G6,False,False,Big Ten,MAC,,,-24.166666666666668,Favorite,-10.166666666666668,L,-24.5,
2024,1,2024-08-31T16:00:00.000Z,401628323,Clemson,SEC,ACC,P4,P4,P4_vs_P4,False,False,SEC,ACC,,,-11.666666666666666,Favorite,19.333333333333336,W,-10.5,
2024,1,2024-08-31T16:00:00.000Z,401628323,Georgia,ACC,SEC,P4,P4,P4_vs_P4,False,False,ACC,SEC,,,11.666666666666666,Underdog,-19.333333333333336,L,10.5,
2024,1,2024-08-31T16:00:00.000Z,401628333,Vanderbilt,ACC,SEC,P4,P4,P4_vs_P4,False,False,ACC,SEC,,,-13.333333333333334,Favorite,-20.333333333333336,L,-13.5,
2024,1,2024-08-31T16:00:00.000Z,401628457,Penn State,Big 12,Big Ten,P4,P4,P4_vs_P4,False,False,Big 12,Big Ten,,,8.333333333333334,Underdog,-13.666666666666666,L,7.5,
2024,1,2024-08-31T16:00:00.000Z,401628457,West Virginia,Big Ten,Big 12,P4,P4,P4_vs_P4,False,False,Big Ten,Big 12,,,-8.333333333333334,Favorite,13.666666666666666,W,-7.5,
2024,1,2024-08-31T19:30:00.000Z,401628322,Miami,SEC,ACC,P4,P4,P4_vs_P4,False,False,SEC,ACC,,,2.5,Underdog,-21.5,L,2.5,
2024,1,2024-08-31T19:30:00.000Z,401628454,UTEP,Big Ten,Conference USA,P4,G6,P4_vs_G6,False,False,Big Ten,Conference USA,,,-27.5,Favorite,5.5,W,-27.5,0.5
2024,1,2024-08-31T19:30:00.000Z,401634304,Ohio,ACC,MAC,P4,G6,P4_vs_G6,False,False,ACC,MAC,,,-17.333333333333332,Favorite,-1.333333333333332,L,-17.5,
2024,1,2024-08-31T23:00:00.000Z,401643701,Troy,Mountain West,Sun Belt,G6,G6,G6_vs_G6,False,False,Mountain West,Sun Belt,,,10.166666666666666,Underdog,12.166666666666666,W,7.5,
2024,1,2024-08-31T23:00:00.000Z,401628319,Alabama,Conference USA,SEC,G6,P4,G6_vs_P4,False,False,Conference USA,SEC,,,34.166666666666664,Underdog,-28.833333333333336,L,37.5,
2024,1,2024-08-31T23:30:00.000Z,401628332,Notre Dame,SEC,Independent,P4,Independent,Other,False,False,SEC,Independent,,,-2.6666666666666665,Favorite,-12.666666666666666,L,-2.5,
2024,1,2024-09-01T00:00:00.000Z,401643774,James Madison,American,Sun Belt,G6,G6,G6_vs_G6,False,False,American,Sun Belt,,,7.0,Underdog,-16.0,L,7.5,1.5
2024,1,2024-09-01T02:30:00.000Z,401636608,New Mexico,Big 12,Mountain West,P4,G6,P4_vs_G6,True,False,Pac-12,Mountain West,0.0,,-29.166666666666668,Favorite,-7.166666666666668,L,-29.0,
2024,1,2024-09-02T23:30:00.000Z,401634306,Florida State,ACC,ACC,P4,P4,P4_vs_P4,False,False,ACC,ACC,,,16.5,Underdog,31.5,W,16.5,0.0
2024,2,2024-09-07T16:00:00.000Z,401643784,Troy,American,Sun Belt,G6,G6,G6_vs_G6,False,False,American,Sun Belt,,,-18.666666666666668,Favorite,2.333333333333332,W,-18.5,1.5
2024,2,2024-09-07T16:00:00.000Z,401628470,Bowling Green,Big Ten,MAC,P4,G6,P4_vs_G6,False,False,Big Ten,MAC,,,-34.833333333333336,Favorite,-27.833333333333336,L,-35.0,3.0
2024,2,2024-09-07T16:00:00.000Z,401628347,Michigan,SEC,Big Ten,P4,P4,P4_vs_P4,True,False,Big 12,Big Ten,0.0,,-6.666666666666667,Favorite,12.333333333333332,W,-6.5,-1.0
2024,2,2024-09-07T16:00:00.000Z,401635534,Georgia Tech,ACC,ACC,P4,P4,P4_vs_P4,False,False,ACC,ACC,,,2.8333333333333335,Underdog,5.833333333333334,W,3.0,-0.5
2024,2,2024-09-07T16:00:00.000Z,401635534,Syracuse,ACC,ACC,P4,P4,P4_vs_P4,False,False,ACC,ACC,,,-2.8333333333333335,Favorite,-5.833333333333334,L,-3.0,0.5
2024,2,2024-09-07T19:30:00.000Z,401635537,North Carolina,American,ACC,G6,P4,G6_vs_P4,False,False,American,ACC,,,21.5,Underdog,3.5,W,22.0,0.5
2024,2,2024-09-07T19:30:00.000Z,401628337,Auburn,ACC,SEC,P4,P4,P4_vs_P4,True,False,Pac-12,SEC,0.0,,12.333333333333334,Underdog,19.333333333333336,W,13.0,-0.5
2024,2,2024-09-07T20:15:00.000Z,401628342,Middle Tennessee,SEC,Conference USA,P4,G6,P4_vs_G6,False,False,SEC,Conference USA,,,-42.5,Favorite,6.5,W,-43.0,2.5
2024,2,2024-09-07T20:30:00.000Z,401635540,Marshall,ACC,Sun Belt,P4,G6,P4_vs_G6,False,False,ACC,Sun Belt,,,-20.666666666666668,Favorite,-3.666666666666668,L,-20.5,4.0
2024,2,2024-09-07T22:00:00.000Z,401643778,East Carolina,Sun Belt,American,G6,G6,G6_vs_G6,False,False,Sun Belt,American,,,-1.6666666666666667,Favorite,-7.666666666666667,L,-1.5,-1.0
2024,2,2024-09-07T22:00:00.000Z,401643778,Old Dominion,American,Sun Belt,G6,G6,G6_vs_G6,False,False,American,Sun Belt,,,1.6666666666666667,Underdog,7.666666666666667,W,1.5,1.0
2024,2,2024-09-07T23:00:00.000Z,401628335,Alabama,American,SEC,G6,P4,G6_vs_P4,False,False,American,SEC,,,31.666666666666668,Underdog,5.666666666666668,W,30.5,0.5
2024,2,2024-09-07T23:00:00.000Z,401628344,Buffalo,SEC,MAC,P4,G6,P4_vs_G6,False,False,SEC,MAC,,,-33.666666666666664,Favorite,4.333333333333336,W,-32.0,-2.0
2024,2,2024-09-07T23:00:00.000Z,401643780,UL Monroe,American,Sun Belt,G6,G6,G6_vs_G6,False,False,American,Sun Belt,,,-11.5,Favorite,-37.5,L,-11.0,-0.5
2024,2,2024-09-08T02:15:00.000Z,401640989,New Mexico State,Conference USA,Conference USA,G6,G6,G6_vs_G6,False,False,Conference USA,Conference USA,,,-22.166666666666668,Favorite,-16.166666666666668,L,-22.0,1.5
2024,2,2024-09-08T02:30:00.000Z,401643709,Oregon State,Mountain West,,G6,,Other,False,,Mountain West,,,,5.666666666666667,Underdog,-15.333333333333332,L,6.0,-0.5
2024,3,2024-09-14T16:00:00.000Z,401636865,Cincinnati,MAC,Big 12,G6,P4,G6_vs_P4,False,False,MAC,Big 12,,,3.0,Underdog,-8.0,L,2.5,0.0
2024,3,2024-09-14T16:00:00.000Z,401628350,Alabama,Big Ten,SEC,P4,P4,P4_vs_P4,False,False,Big Ten,SEC,,,15.166666666666666,Underdog,-16.833333333333336,L,15.5,-6.0
2024,3,2024-09-14T16:45:00.000Z,401628357,Boston College,SEC,ACC,P4,P4,P4_vs_P4,False,False,SEC,ACC,,,-15.166666666666666,Favorite,-9.166666666666666,L,-14.5,-2.5
2024,3,2024-09-14T16:45:00.000Z,401628357,Missouri,ACC,SEC,P4,P4,P4_vs_P4,False,False,ACC,SEC,,,15.166666666666666,Underdog,9.166666666666666,W,14.5,2.5
2024,3,2024-09-14T19:30:00.000Z,401635547,Pittsburgh,Big 12,ACC,P4,P4,P4_vs_P4,False,False,Big 12,ACC,,,-2.0,Favorite,-6.0,L,-1.5,-4.0
2024,3,2024-09-14T19:30:00.000Z,401628978,Purdue,Independent,Big Ten,Independent,P4,Other,False,False,Independent,Big Ten,,,-8.666666666666666,Favorite,50.333333333333336,W,-7.0,-3.5
2024,3,2024-09-14T19:30:00.000Z,401628483,Oregon State,Big Ten,,P4,,Other,True,,Pac-12,,0.0,,-17.666666666666668,Favorite,17.333333333333332,W,-18.0,-2.5
2024,3,2024-09-14T20:00:00.000Z,401628477,Troy,Big Ten,Sun Belt,P4,G6,P4_vs_G6,False,False,Big Ten,Sun Belt,,,-23.333333333333332,Favorite,-6.333333333333332,L,-22.5,0.0
2024,3,2024-09-14T20:15:00.000Z,401628351,Arkansas,American,SEC,G6,P4,G6_vs_P4,False,False,American,SEC,,,23.666666666666668,Underdog,13.666666666666668,W,24.0,0.0
2024,3,2024-09-14T22:00:00.000Z,401635548,Old Dominion,ACC,Sun Belt,P4,G6,P4_vs_G6,False,False,ACC,Sun Belt,,,-15.333333333333334,Favorite,4.666666666666666,W,-14.0,0.0
2024,3,2024-09-14T22:00:00.000Z,401640990,UTEP,Conference USA,Conference USA,G6,G6,G6_vs_G6,False,False,Conference USA,Conference USA,,,-23.666666666666668,Favorite,-5.666666666666668,L,-23.5,0.0
2024,3,2024-09-14T23:00:00.000Z,401643789,Southern Miss,American,Sun Belt,G6,G6,G6_vs_G6,False,False,American,Sun Belt,,,-11.666666666666666,Favorite,13.333333333333334,W,-11.5,0.0
2024,3,2024-09-14T23:00:00.000Z,401641024,Middle Tennessee,Conference USA,Conference USA,G6,G6,G6_vs_G6,False,False,Conference USA,Conference USA,,,-8.5,Favorite,19.5,W,-7.5,0.0
2024,3,2024-09-14T23:00:00.000Z,401628361,UTSA,SEC,American,P4,G6,P4_vs_G6,True,False,Big 12,American,0.0,,-35.5,Favorite,13.5,W,-34.5,0.0
2024,3,2024-09-14T23:30:00.000Z,401628354,Kentucky,SEC,SEC,P4,P4,P4_vs_P4,False,False,SEC,SEC,,,-22.5,Favorite,-21.5,L,-22.0,-1.5
2024,3,2024-09-14T23:30:00.000Z,401636860,Air Force,Big 12,Mountain West,P4,G6,P4_vs_G6,False,False,Big 12,Mountain West,,,-16.666666666666668,Favorite,11.333333333333332,W,-15.5,0.0
2024,3,2024-09-14T23:30:00.000Z,401628352,New Mexico,SEC,Mountain West,P4,G6,P4_vs_G6,False,False,SEC,Mountain West,,,-25.833333333333332,Favorite,0.1666666666666678,W,-24.0,-4.0
2024,3,2024-09-15T00:00:00.000Z,401628478,Maryland,ACC,Big Ten,P4,P4,P4_vs_P4,False,False,ACC,Big Ten,,,-1.1666666666666667,Favorite,-15.166666666666666,L,2.0,0.0
2024,3,2024-09-15T02:30:00.000Z,401635541,San Diego State,ACC,Mountain West,P4,G6,P4_vs_G6,True,False,Pac-12,Mountain West,0.0,,-18.666666666666668,Favorite,2.333333333333332,W,-18.0,0.0
2024,4,2024-09-20T23:30:00.000Z,401634766,Stanford,ACC,ACC,P4,P4,P4_vs_P4,False,True,ACC,Pac-12,,0.0,-8.833333333333334,Favorite,-10.833333333333334,L,-7.5,-2.0
2024,4,2024-09-21T16:00:00.000Z,401643791,Tulane,Sun Belt,American,G6,G6,G6_vs_G6,False,False,Sun Belt,American,,,1.5,Underdog,-6.5,L,1.5,
2024,4,2024-09-21T16:00:00.000Z,401636879,Kansas,Big 12,Big 12,P4,P4,P4_vs_P4,False,False,Big 12,Big 12,,,-1.3333333333333333,Favorite,2.666666666666667,W,-1.0,
2024,4,2024-09-21T16:00:00.000Z,401645328,Army,American,American,G6,G6,G6_vs_G6,False,True,American,Independent,,0.0,7.333333333333333,Underdog,-15.666666666666668,L,7.5,
2024,4,2024-09-21T18:00:00.000Z,401635558,Coastal Carolina,ACC,Sun Belt,P4,G6,P4_vs_G6,False,False,ACC,Sun Belt,,,-3.5,Favorite,15.5,W,-3.5,0.5
2024,4,2024-09-21T19:30:00.000Z,401628363,Arkansas,SEC,SEC,P4,P4,P4_vs_P4,False,False,SEC,SEC,,,-2.5,Favorite,-12.5,L,-2.5,-1.0
2024,4,2024-09-21T19:30:00.000Z,401628979,Notre Dame,MAC,Independent,G6,Independent,Other,False,False,MAC,Independent,,,27.333333333333332,Underdog,2.333333333333332,W,27.5,-1.0
2024,4,2024-09-21T19:30:00.000Z,401628494,Rutgers,ACC,Big Ten,P4,P4,P4_vs_P4,False,False,ACC,Big Ten,,,-3.25,Favorite,-6.25,L,-3.5,0.0
2024,4,2024-09-21T20:00:00.000Z,401635553,Middle Tennessee,ACC,Conference USA,P4,G6,P4_vs_G6,False,False,ACC,Conference USA,,,-14.666666666666666,Favorite,13.333333333333334,W,-14.5,0.5
2024,4,2024-09-21T22:00:00.000Z,401640991,Liberty,American,Conference USA,G6,G6,G6_vs_G6,False,False,American,Conference USA,,,7.5,Underdog,-3.5,L,7.5,0.0
2024,4,2024-09-21T23:00:00.000Z,401635555,Miami,American,ACC,G6,P4,G6_vs_P4,False,False,American,ACC,,,16.333333333333332,Underdog,-18.666666666666668,L,15.5,2.0
2024,4,2024-09-21T23:00:00.000Z,401635555,South Florida,ACC,American,P4,G6,P4_vs_G6,False,False,ACC,American,,,-16.333333333333332,Favorite,18.666666666666668,W,-15.5,-2.0
2024,4,2024-09-21T23:00:00.000Z,401635551,Florida State,ACC,ACC,P4,P4,P4_vs_P4,True,False,Pac-12,ACC,0.0,,2.8333333333333335,Underdog,-2.1666666666666665,L,2.5,-0.5
2024,4,2024-09-21T23:00:00.000Z,401641034,New Mexico State,Conference USA,Conference USA,G6,G6,G6_vs_G6,False,False,Conference USA,Conference USA,,,-15.0,Favorite,5.0,W,-14.5,0.5
2024,4,2024-09-21T23:00:00.000Z,401641008,Louisiana Tech,American,Conference USA,G6,G6,G6_vs_G6,False,False,American,Conference USA,,,2.3333333333333335,Underdog,5.333333333333334,W,1.5,1.0
2024,4,2024-09-21T23:30:00.000Z,401628372,Bowling Green,SEC,MAC,P4,G6,P4_vs_G6,False,False,SEC,MAC,,,-21.166666666666668,Favorite,-15.166666666666668,L,-21.0,-2.0
2024,4,2024-09-22T00:00:00.000Z,401628371,UL Monroe,SEC,Sun Belt,P4,G6,P4_vs_G6,True,False,Big 12,Sun Belt,0.0,,-43.0,Favorite,5.0,W,-41.5,-3.5
2024,4,2024-09-22T00:30:00.000Z,401643717,Oregon State,Big Ten,,P4,,Other,False,,Big Ten,,,,1.8333333333333333,Underdog,-15.166666666666666,L,1.5,4.0
2025,1,2025-08-23T23:00:00.000Z,401757218,Sam Houston,Conference USA,Conference USA,G6,G6,G6_vs_G6,False,False,Conference USA,Conference USA,,,-9.833333333333334,Favorite,7.166666666666666,W,-9.5,2.5
2025,1,2025-08-23T23:00:00.000Z,401757218,Western Kentucky,Conference USA,Conference USA,G6,G6,G6_vs_G6,False,False,Conference USA,Conference USA,,,9.833333333333334,Underdog,-7.166666666666666,L,9.5,-2.5
2025,1,2025-08-28T22:00:00.000Z,401752794,Ohio,Big Ten,MAC,P4,G6,P4_vs_G6,False,False,Big Ten,MAC,,,-14.166666666666666,Favorite,-11.166666666666666,L,-15.5,5.0
2025,1,2025-08-28T23:00:00.000Z,401762789,Akron,Mountain West,MAC,G6,G6,G6_vs_G6,False,False,Mountain West,MAC,,,-6.0,Favorite,4.0,W,-5.0,-4.5
2025,1,2025-08-28T23:00:00.000Z,401756848,Jacksonville State,Big 12,Conference USA,P4,G6,P4_vs_G6,False,False,Big 12,Conference USA,,,-19.166666666666668,Favorite,-12.166666666666668,L,-20.5,4.0
2025,1,2025-08-29T01:00:00.000Z,401762791,Miami (OH),Big Ten,MAC,P4,G6,P4_vs_G6,False,False,Big Ten,MAC,,,-18.0,Favorite,-1.0,L,-18.0,0.5
2025,1,2025-08-30T01:30:00.000Z,401757224,UNLV,Conference USA,Mountain West,G6,G6,G6_vs_G6,False,False,Conference USA,Mountain West,,,10.333333333333334,Underdog,-6.666666666666666,L,9.0,4.5
2025,1,2025-08-30T16:45:00.000Z,401752670,Toledo,SEC,MAC,P4,G6,P4_vs_G6,False,False,SEC,MAC,,,-9.833333333333334,Favorite,-1.833333333333334,L,-10.0,-2.5
2025,1,2025-08-30T16:45:00.000Z,401752670,Kentucky,MAC,SEC,G6,P4,G6_vs_P4,False,False,MAC,SEC,,,9.833333333333334,Underdog,1.833333333333334,W,10.0,2.5
2025,1,2025-08-30T19:30:00.000Z,401752807,Nevada,Big Ten,Mountain West,P4,G6,P4_vs_G6,False,False,Big Ten,Mountain West,,,-44.166666666666664,Favorite,-9.166666666666664,L,-43.5,0.0
2025,1,2025-08-30T22:00:00.000Z,401754616,Coastal Carolina,ACC,Sun Belt,P4,G6,P4_vs_G6,False,False,ACC,Sun Belt,,,-13.166666666666666,Favorite,27.833333333333336,W,-13.5,1.0
2025,1,2025-08-30T23:00:00.000Z,401752678,UTSA,SEC,American,P4,G6,P4_vs_G6,False,False,SEC,American,,,-23.0,Favorite,-5.0,L,-24.0,3.0
2025,1,2025-08-30T23:30:00.000Z,401752671,LSU,ACC,SEC,P4,P4,P4_vs_P4,False,False,ACC,SEC,,,-4.833333333333333,Favorite,-11.833333333333332,L,-5.5,3.0
2025,1,2025-08-30T23:30:00.000Z,401752808,New Mexico,Big Ten,Mountain West,P4,G6,P4_vs_G6,False,False,Big Ten,Mountain West,,,-35.166666666666664,Favorite,-18.166666666666664,L,-34.5,0.0
2025,1,2025-08-31T03:00:00.000Z,401752800,UCLA,Big 12,Big Ten,P4,P4,P4_vs_P4,False,False,Big 12,Big Ten,,,-6.5,Favorite,26.5,W,-6.5,3.5
2025,2,2025-09-06T16:00:00.000Z,401754525,SMU,Big 12,ACC,P4,P4,P4_vs_P4,False,False,Big 12,ACC,,,2.75,Underdog,5.75,W,2.5,2.0
2025,2,2025-09-06T16:00:00.000Z,401752825,Duke,Big Ten,ACC,P4,P4,P4_vs_P4,False,False,Big Ten,ACC,,,-2.5,Favorite,23.5,W,-2.5,0.0
2025,2,2025-09-06T16:00:00.000Z,401757227,Jacksonville State,Conference USA,Conference USA,G6,G6,G6_vs_G6,False,False,Conference USA,Conference USA,,,-6.25,Favorite,-16.25,L,-6.5,1.0
2025,2,2025-09-06T19:30:00.000Z,401752818,Miami (OH),Big Ten,MAC,P4,G6,P4_vs_G6,False,False,Big Ten,MAC,,,-15.5,Favorite,12.5,W,-15.5,2.0
2025,2,2025-09-06T19:30:00.000Z,401756880,Bowling Green,Big 12,MAC,P4,G6,P4_vs_G6,False,False,Big 12,MAC,,,-22.0,Favorite,-8.0,L,-22.5,4.5
2025,2,2025-09-06T19:30:00.000Z,401752686,Ole Miss,SEC,SEC,P4,P4,P4_vs_P4,False,False,SEC,SEC,,,7.75,Underdog,0.75,W,7.5,2.0
2025,2,2025-09-06T19:30:00.000Z,401754637,Troy,ACC,Sun Belt,P4,G6,P4_vs_G6,False,False,ACC,Sun Belt,,,-30.25,Favorite,-19.25,L,-29.5,-2.0
2025,2,2025-09-06T19:30:00.000Z,401762458,UAB,American,American,G6,G6,G6_vs_G6,False,False,American,American,,,-21.5,Favorite,-7.5,L,-22.5,1.0
2025,2,2025-09-06T23:00:00.000Z,401757232,Western Kentucky,MAC,Conference USA,G6,G6,G6_vs_G6,False,False,MAC,Conference USA,,,-8.0,Favorite,16.0,W,-7.5,1.0
2025,2,2025-09-06T23:00:00.000Z,401756884,Rice,Big 12,American,P4,G6,P4_vs_G6,False,False,Big 12,American,,,-13.5,Favorite,12.5,W,-13.5,1.0
2025,2,2025-09-06T23:30:00.000Z,401752687,Louisiana Tech,SEC,Conference USA,P4,G6,P4_vs_G6,False,False,SEC,Conference USA,,,-36.5,Favorite,-20.5,L,-36.5,4.0
2025,2,2025-09-06T23:30:00.000Z,401752810,Akron,Big Ten,MAC,P4,G6,P4_vs_G6,False,False,Big Ten,MAC,,,-33.75,Favorite,34.25,W,-33.5,0.0
2025,2,2025-09-07T00:00:00.000Z,401752823,UNLV,Big Ten,Mountain West,P4,G6,P4_vs_G6,False,False,Big Ten,Mountain West,,,-2.5,Favorite,-9.5,L,-2.5,0.0
2025,2,2025-09-07T01:00:00.000Z,401757229,Tulsa,Conference USA,American,G6,G6,G6_vs_G6,False,False,Conference USA,American,,,3.25,Underdog,10.25,W,3.5,0.0
2025,2,2025-09-07T03:59:00.000Z,401757230,Sam Houston,Mountain West,Conference USA,G6,G6,G6_vs_G6,False,False,Mountain West,Conference USA,,,-7.25,Favorite,9.75,W,-7.5,0.0
2025,3,2025-09-13T02:00:00.000Z,401752837,New Mexico,Big Ten,Mountain West,P4,G6,P4_vs_G6,False,False,Big Ten,Mountain West,,,-15.5,Favorite,-40.5,L,-15.5,0.5
2025,3,2025-09-13T16:00:00.000Z,401754623,Georgia Tech,ACC,ACC,P4,P4,P4_vs_P4,False,False,ACC,ACC,,,-2.8333333333333335,Favorite,-5.833333333333334,L,-3.0,-3.5
2025,3,2025-09-13T16:00:00.000Z,401761608,Memphis,Sun Belt,American,G6,G6,G6_vs_G6,False,False,Sun Belt,American,,,4.5,Underdog,-16.5,L,4.5,
2025,3,2025-09-13T16:00:00.000Z,401752703,Temple,SEC,American,P4,G6,P4_vs_G6,False,False,SEC,American,,,-23.833333333333332,Favorite,15.166666666666668,W,-24.5,-1.0
2025,3,2025-09-13T16:45:00.000Z,401752697,South Alabama,SEC,Sun Belt,P4,G6,P4_vs_G6,False,False,SEC,Sun Belt,,,-26.333333333333332,Favorite,-10.333333333333332,L,-26.5,1.0
2025,3,2025-09-13T19:30:00.000Z,401752949,Washington State,American,,G6,,Other,False,,American,,,,-6.5,Favorite,42.5,W,-6.5,1.0
2025,3,2025-09-13T21:00:00.000Z,401757256,Bowling Green,Conference USA,MAC,G6,G6,G6_vs_G6,False,False,Conference USA,MAC,,,-6.0,Favorite,-16.0,L,-6.5,-1.0
2025,3,2025-09-13T21:00:00.000Z,401757258,Nevada,Conference USA,Mountain West,G6,G6,G6_vs_G6,False,False,Conference USA,Mountain West,,,9.333333333333334,Underdog,10.333333333333334,W,9.5,0.0
2025,3,2025-09-13T23:00:00.000Z,401752829,Western Michigan,Big Ten,MAC,P4,G6,P4_vs_G6,False,False,Big Ten,MAC,,,-27.5,Favorite,10.5,W,-27.5,-1.0
2025,3,2025-09-13T23:00:00.000Z,401752700,Ole Miss,SEC,SEC,P4,P4,P4_vs_P4,False,False,SEC,SEC,,,3.8333333333333335,Underdog,-2.1666666666666665,L,4.5,4.0
2025,3,2025-09-13T23:30:00.000Z,401761604,East Carolina,Sun Belt,American,G6,G6,G6_vs_G6,False,False,Sun Belt,American,,,7.166666666666667,Underdog,-30.833333333333332,L,7.5,-1.0
2025,3,2025-09-13T23:30:00.000Z,401761604,Coastal Carolina,American,Sun Belt,G6,G6,G6_vs_G6,False,False,American,Sun Belt,,,-7.166666666666667,Favorite,30.833333333333332,W,-7.5,1.0
2025,3,2025-09-13T23:30:00.000Z,401757257,Louisiana Tech,Conference USA,Conference USA,G6,G6,G6_vs_G6,False,False,Conference USA,Conference USA,,,10.166666666666666,Underdog,-24.833333333333336,L,10.5,2.0
2025,3,2025-09-14T00:00:00.000Z,401756895,Utah,Mountain West,Big 12,G6,P4,G6_vs_P4,False,False,Mountain West,Big 12,,,24.5,Underdog,-0.5,L,24.5,-2.0
2025,3,2025-09-14T00:00:00.000Z,401756895,Wyoming,Big 12,Mountain West,P4,G6,P4_vs_G6,False,False,Big 12,Mountain West,,,-24.5,Favorite,0.5,W,-24.5,2.0
2025,3,2025-09-14T00:00:00.000Z,401762465,Tulsa,American,American,G6,G6,G6_vs_G6,False,False,American,American,,,-13.666666666666666,Favorite,5.333333333333334,W,-13.5,-1.0
2025,3,2025-09-14T00:30:00.000Z,401762463,UAB,MAC,American,G6,G6,G6_vs_G6,False,False,MAC,American,,,12.666666666666666,Underdog,9.666666666666666,W,13.5,-2.0
2025,4,2025-09-20T00:00:00.000Z,401752844,Iowa,Big Ten,Big Ten,P4,P4,P4_vs_P4,False,False,Big Ten,Big Ten,,,2.3333333333333335,Underdog,-7.666666666666666,L,2.0,0.0
2025,4,2025-09-20T16:00:00.000Z,401756901,Utah,Big 12,Big 12,P4,P4,P4_vs_P4,False,False,Big 12,Big 12,,,3.5,Underdog,27.5,W,3.5,1.0
2025,4,2025-09-20T16:00:00.000Z,401754537,Syracuse,ACC,ACC,P4,P4,P4_vs_P4,False,False,ACC,ACC,,,-17.5,Favorite,-30.5,L,-17.5,1.0
2025,4,2025-09-20T16:00:00.000Z,401752708,Memphis,SEC,American,P4,G6,P4_vs_G6,False,False,SEC,American,,,-7.166666666666667,Favorite,-8.166666666666668,L,-7.0,0.5
2025,4,2025-09-20T16:00:00.000Z,401754642,Bowling Green,ACC,MAC,P4,G6,P4_vs_G6,False,False,ACC,MAC,,,-26.166666666666668,Favorite,-3.166666666666668,L,-25.5,-2.0
2025,4,2025-09-20T19:30:00.000Z,401752714,Auburn,SEC,SEC,P4,P4,P4_vs_P4,False,False,SEC,SEC,,,-6.5,Favorite,0.5,W,-6.5,0.0
2025,4,2025-09-20T19:30:00.000Z,401762820,Western Michigan,MAC,MAC,G6,G6,G6_vs_G6,False,False,MAC,MAC,,,-12.666666666666666,Favorite,-13.666666666666666,L,-11.5,-2.0
2025,4,2025-09-20T20:30:00.000Z,401754542,Temple,ACC,American,P4,G6,P4_vs_G6,False,False,ACC,American,,,-24.5,Favorite,-3.5,L,-24.5,1.0
2025,4,2025-09-20T23:00:00.000Z,401757264,Marshall,Conference USA,Sun Belt,G6,G6,G6_vs_G6,False,False,Conference USA,Sun Belt,,,2.5,Underdog,-11.5,L,2.5,1.0
2025,4,2025-09-20T23:00:00.000Z,401761611,Coastal Carolina,Sun Belt,Sun Belt,G6,G6,G6_vs_G6,False,False,Sun Belt,Sun Belt,,,-14.666666666666666,Favorite,-32.666666666666664,L,-14.5,0.0
2025,4,2025-09-20T23:00:00.000Z,401760372,Air Force,Mountain West,Mountain West,G6,G6,G6_vs_G6,False,False,Mountain West,Mountain West,,,-11.0,Favorite,1.0,W,-11.5,3.0
2025,4,2025-09-20T23:30:00.000Z,401752842,Washington State,Big Ten,,P4,,Other,False,,Big Ten,,,,-20.833333333333332,Favorite,14.166666666666668,W,-20.5,0.0
2025,4,2025-09-20T23:30:00.000Z,401757263,Louisiana Tech,Sun Belt,Conference USA,G6,G6,G6_vs_G6,False,False,Sun Belt,Conference USA,,,3.1666666666666665,Underdog,-6.833333333333334,L,3.5,-1.0
2025,4,2025-09-20T23:30:00.000Z,401752843,Indiana,Big Ten,Big Ten,P4,P4,P4_vs_P4,False,False,Big Ten,Big Ten,,,7.0,Underdog,-46.0,L,7.5,-3.0
2025,4,2025-09-20T23:30:00.000Z,401756898,East Carolina,Big 12,American,P4,G6,P4_vs_G6,False,False,Big 12,American,,,-6.166666666666667,Favorite,14.833333333333332,W,-5.5,-2.0
2025,4,2025-09-21T02:15:00.000Z,401756897,Colorado,Mountain West,Big 12,G6,P4,G6_vs_P4,False,False,Mountain West,Big 12,,,12.333333333333334,Underdog,-4.666666666666666,L,12.5,1.0
2023,1,2023-08-26T23:00:00.000Z,401532392,Ohio,Mountain West,MAC,G6,G6,G6_vs_G6,False,False,Mountain West,MAC,,,-2.9,Favorite,4.1,W,-2.0,
2023,1,2023-08-26T23:00:00.000Z,401532392,San Diego State,MAC,Mountain West,G6,G6,G6_vs_G6,False,False,MAC,Mountain West,,,2.9,Underdog,-4.1,L,2.0,
2023,1,2023-08-26T23:30:00.000Z,401520147,Hawai'i,SEC,Mountain West,P4,G6,P4_vs_G6,False,False,SEC,Mountain West,,,-17.625,Favorite,-10.625,L,-17.0,
2023,1,2023-09-01T00:00:00.000Z,401520176,Florida,,SEC,,P4,Other,,False,,SEC,,,-6.3,Favorite,6.7,W,-5.5,
2023,1,2023-09-02T16:00:00.000Z,401520162,East Carolina,Big Ten,American,P4,G6,P4_vs_G6,False,False,Big Ten,American,,,-35.4,Favorite,-8.399999999999999,L,-36.0,
2023,1,2023-09-02T18:00:00.000Z,401531387,Akron,American,MAC,G6,G6,G6_vs_G6,False,False,American,MAC,,,-9.875,Favorite,-6.875,L,-9.5,
2023,1,2023-09-02T19:30:00.000Z,401520180,Buffalo,Big Ten,MAC,P4,G6,P4_vs_G6,False,False,Big Ten,MAC,,,-27.0,Favorite,-6.0,L,-29.0,
2023,1,2023-09-02T22:30:00.000Z,401523996,Nevada,,Mountain West,,G6,Other,,False,,Mountain West,,,-37.875,Favorite,14.125,W,-37.5,
2023,1,2023-09-02T23:00:00.000Z,401525819,UTSA,Big 12,American,P4,G6,P4_vs_G6,True,True,American,Conference USA,0.0,0.0,1.5,Underdog,4.5,W,2.5,
2023,1,2023-09-02T23:00:00.000Z,401520173,New Mexico,SEC,Mountain West,P4,G6,P4_vs_G6,False,False,SEC,Mountain West,,,-37.875,Favorite,4.125,W,-37.5,
2023,1,2023-09-02T23:30:00.000Z,401525825,Texas Tech,Mountain West,Big 12,G6,P4,G6_vs_P4,False,False,Mountain West,Big 12,,,13.6,Underdog,15.6,W,13.0,
2023,1,2023-09-02T23:30:00.000Z,401520155,Illinois,MAC,Big Ten,G6,P4,G6_vs_P4,False,False,MAC,Big Ten,,,8.6,Underdog,6.6,W,7.0,
2023,1,2023-09-03T00:00:00.000Z,401525467,Old Dominion,ACC,Sun Belt,P4,G6,P4_vs_G6,False,False,ACC,Sun Belt,,,-15.75,Favorite,3.25,W,-16.0,
2023,1,2023-09-03T23:30:00.000Z,401520182,LSU,ACC,SEC,P4,P4,P4_vs_P4,False,False,ACC,SEC,,,2.2,Underdog,23.2,W,2.0,
2023,2,2023-09-08T23:30:00.000Z,401520195,Illinois,Big 12,Big Ten,P4,P4,P4_vs_P4,False,False,Big 12,Big Ten,,,-3.6666666666666665,Favorite,7.333333333333334,W,-3.5,
2023,2,2023-09-09T16:00:00.000Z,401523999,Baylor,,Big 12,,P4,Other,,False,,Big 12,,,-7.0,Favorite,0.0,P,-7.0,
2023,2,2023-09-09T19:30:00.000Z,401525497,Western Michigan,ACC,MAC,P4,G6,P4_vs_G6,False,False,ACC,MAC,,,-24.666666666666668,Favorite,16.333333333333332,W,-24.5,
2023,2,2023-09-09T20:00:00.000Z,401531411,East Carolina,Sun Belt,American,G6,G6,G6_vs_G6,False,False,Sun Belt,American,,,-2.8333333333333335,Favorite,15.166666666666666,W,-3.0,
2023,2,2023-09-09T21:00:00.000Z,401524004,Tulsa,,American,,G6,Other,,False,,American,,,-33.666666666666664,Favorite,-0.6666666666666643,L,-34.0,
2023,2,2023-09-09T22:00:00.000Z,401520198,Liberty,Conference USA,Conference USA,G6,G6,G6_vs_G6,True,True,Independent,Independent,0.0,0.0,9.333333333333334,Underdog,-6.666666666666666,L,9.0,
2023,2,2023-09-09T22:00:00.000Z,401531842,Old Dominion,Sun Belt,Sun Belt,G6,G6,G6_vs_G6,False,False,Sun Belt,Sun Belt,,,-6.0,Favorite,-13.0,L,-6.0,
2023,2,2023-09-09T23:00:00.000Z,401525831,Houston,American,Big 12,G6,P4,G6_vs_P4,True,True,Conference USA,American,0.0,0.0,7.166666666666667,Underdog,9.166666666666668,W,7.5,
2023,2,2023-09-09T23:00:00.000Z,401520183,Alabama,Big 12,SEC,P4,P4,P4_vs_P4,False,False,Big 12,SEC,,,7.166666666666667,Underdog,17.166666666666668,W,7.0,
2023,2,2023-09-09T23:30:00.000Z,401520217,Washington State,Big Ten,,P4,,Other,False,,Big Ten,,,,-5.333333333333333,Favorite,-14.333333333333332,L,-5.0,
2023,2,2023-09-10T00:30:00.000Z,401525493,Southern Miss,ACC,Sun Belt,P4,G6,P4_vs_G6,False,False,ACC,Sun Belt,,,-31.0,Favorite,22.0,W,-31.0,
2023,2,2023-09-10T02:30:00.000Z,401524003,Stanford,,,,,Other,,,,,,,-28.666666666666668,Favorite,17.333333333333332,W,-28.5,
2023,3,2023-09-16T19:30:00.000Z,401525842,Tulsa,Big 12,American,P4,G6,P4_vs_G6,False,False,Big 12,American,,,-28.0,Favorite,21.0,W,-28.0,
2023,3,2023-09-16T19:30:00.000Z,401520227,Western Michigan,Big Ten,MAC,P4,G6,P4_vs_G6,False,False,Big Ten,MAC,,,-28.5,Favorite,2.5,W,-28.5,
2023,3,2023-09-16T19:30:00.000Z,401524009,San Diego State,,Mountain West,,G6,Other,,False,,Mountain West,,,-24.5,Favorite,-7.5,L,-24.5,
2023,3,2023-09-16T20:00:00.000Z,401531348,Southern Miss,American,Sun Belt,G6,G6,G6_vs_G6,False,False,American,Sun Belt,,,-7.75,Favorite,10.25,W,-8.0,
2023,3,2023-09-16T23:00:00.000Z,401531379,UAB,Sun Belt,American,G6,G6,G6_vs_G6,False,True,Sun Belt,Conference USA,,0.0,2.0,Underdog,22.0,W,2.0,
2023,3,2023-09-16T23:30:00.000Z,401520232,Bowling Green,Big Ten,MAC,P4,G6,P4_vs_G6,False,False,Big Ten,MAC,,,-40.75,Favorite,-15.75,L,-40.5,
2023,3,2023-09-16T23:30:00.000Z,401520228,Akron,SEC,MAC,P4,G6,P4_vs_G6,False,False,SEC,MAC,,,-25.25,Favorite,6.75,W,-25.0,
2023,3,2023-09-16T23:30:00.000Z,401520228,Kentucky,MAC,SEC,G6,P4,G6_vs_P4,False,False,MAC,SEC,,,25.25,Underdog,-6.75,L,25.0,
2023,3,2023-09-17T00:00:00.000Z,401520238,New Mexico State,Mountain West,Conference USA,G6,G6,G6_vs_G6,False,True,Mountain West,Independent,,0.0,-2.75,Favorite,-12.75,L,-2.5,
2023,3,2023-09-17T00:00:00.000Z,401520238,New Mexico,Conference USA,Mountain West,G6,G6,G6_vs_G6,True,False,Independent,Mountain West,0.0,,2.75,Underdog,12.75,W,2.5,
2023,3,2023-09-17T02:30:00.000Z,401525837,Nevada,Big 12,Mountain West,P4,G6,P4_vs_G6,False,False,Big 12,Mountain West,,,-28.5,Favorite,-21.5,L,-28.5,
2023,3,2023-09-17T03:00:00.000Z,401520219,Arizona,Conference USA,,G6,,Other,False,,Conference USA,,,,18.25,Underdog,-2.75,L,18.0,
2023,4,2023-09-23T02:30:00.000Z,401532583,San Diego State,Mountain West,Mountain West,G6,G6,G6_vs_G6,False,False,Mountain West,Mountain West,,,-5.833333333333333,Favorite,-2.833333333333333,L,-6.5,
2023,4,2023-09-23T16:00:00.000Z,401520271,Western Kentucky,Sun Belt,Conference USA,G6,G6,G6_vs_G6,False,False,Sun Belt,Conference USA,,,-3.5,Favorite,-0.5,L,-3.5,
2023,4,2023-09-23T17:30:00.000Z,401532406,Western Michigan,MAC,MAC,G6,G6,G6_vs_G6,False,False,MAC,MAC,,,-21.5,Favorite,-3.5,L,-21.5,
2023,4,2023-09-23T19:30:00.000Z,401525506,Louisville,ACC,ACC,P4,P4,P4_vs_P4,False,False,ACC,ACC,,,13.833333333333334,Underdog,-14.166666666666666,L,14.0,
2023,4,2023-09-23T19:30:00.000Z,401520250,Alabama,SEC,SEC,P4,P4,P4_vs_P4,False,False,SEC,SEC,,,7.0,Underdog,-7.0,L,7.0,
2023,4,2023-09-23T19:30:00.000Z,401532405,Ohio,MAC,MAC,G6,G6,G6_vs_G6,False,False,MAC,MAC,,,13.0,Underdog,-18.0,L,13.0,
2023,4,2023-09-23T19:30:00.000Z,401532405,Bowling Green,MAC,MAC,G6,G6,G6_vs_G6,False,False,MAC,MAC,,,-13.0,Favorite,18.0,W,-13.0,
2023,4,2023-09-23T19:30:00.000Z,401520272,Duke,Independent,ACC,Independent,P4,Other,False,False,Independent,ACC,,,22.166666666666668,Underdog,-11.833333333333332,L,22.0,
2023,4,2023-09-23T19:30:00.000Z,401525847,BYU,Big 12,Big 12,P4,P4,P4_vs_P4,False,True,Big 12,Independent,,0.0,-9.333333333333334,Favorite,1.666666666666666,W,-9.0,
2023,4,2023-09-23T23:00:00.000Z,401524016,Stanford,,,,,Other,,,,,,,-12.833333333333334,Favorite,-11.833333333333334,L,-13.0,
2023,4,2023-09-23T23:00:00.000Z,401520254,Houston,Conference USA,Big 12,G6,P4,G6_vs_P4,False,True,,American,,0.0,11.5,Underdog,-19.5,L,11.5,
2023,4,2023-09-23T23:00:00.000Z,401524019,Oregon State,,,,,Other,,,,,,,3.0,Underdog,6.0,W,3.0,
2023,4,2023-09-23T23:00:00.000Z,401524019,Washington State,,,,,Other,,,,,,,-3.0,Favorite,-6.0,L,-3.0,
2023,4,2023-09-23T23:00:00.000Z,401520258,Arkansas,SEC,SEC,P4,P4,P4_vs_P4,False,False,SEC,SEC,,,-17.666666666666668,Favorite,-14.666666666666668,L,-17.5,
2023,4,2023-09-23T23:30:00.000Z,401531875,Buffalo,Sun Belt,MAC,G6,G6,G6_vs_G6,False,False,Sun Belt,MAC,,,-10.333333333333334,Favorite,-3.333333333333334,L,-10.5,
2023,4,2023-09-23T23:30:00.000Z,401525844,Baylor,Big 12,Big 12,P4,P4,P4_vs_P4,False,False,Big 12,Big 12,,,-16.5,Favorite,15.5,W,-17.5,
2023,4,2023-09-24T00:00:00.000Z,401525510,Pittsburgh,ACC,ACC,P4,P4,P4_vs_P4,False,False,ACC,ACC,,,-7.166666666666667,Favorite,9.833333333333332,W,-7.0,
2023,4,2023-09-24T03:59:00.000Z,401520253,Hawai'i,Conference USA,Mountain West,G6,G6,G6_vs_G6,True,False,Independent,Mountain West,0.0,,3.6666666666666665,Underdog,0.6666666666666665,W,4.0,
2024,1,2024-08-24T16:00:00.000Z,401635525,Florida State,ACC,ACC,P4,P4,P4_vs_P4,False,False,ACC,ACC,,,10.666666666666666,Underdog,13.666666666666666,W,10.5,
2024,1,2024-08-30T00:00:00.000Z,401628448,North Carolina,Big Ten,ACC,P4,P4,P4_vs_P4,False,False,Big Ten,ACC,,,0.3333333333333333,Underdog,-1.6666666666666667,L,1.5,
2024,1,2024-08-31T16:00:00.000Z,401628323,Clemson,SEC,ACC,P4,P4,P4_vs_P4,False,False,SEC,ACC,,,-11.666666666666666,Favorite,19.333333333333336,W,-10.5,
2024,1,2024-08-31T16:00:00.000Z,401628323,Georgia,ACC,SEC,P4,P4,P4_vs_P4,False,False,ACC,SEC,,,11.666666666666666,Underdog,-19.333333333333336,L,10.5,
2024,1,2024-08-31T16:00:00.000Z,401628333,Vanderbilt,ACC,SEC,P4,P4,P4_vs_P4,False,False,ACC,SEC,,,-13.333333333333334,Favorite,-20.333333333333336,L,-13.5,
2024,1,2024-08-31T16:00:00.000Z,401628457,Penn State,Big 12,Big Ten,P4,P4,P4_vs_P4,False,False,Big 12,Big Ten,,,8.333333333333334,Underdog,-13.666666666666666,L,7.5,
2024,1,2024-08-31T16:00:00.000Z,401628457,West Virginia,Big Ten,Big 12,P4,P4,P4_vs_P4,False,False,Big Ten,Big 12,,,-8.333333333333334,Favorite,13.666666666666666,W,-7.5,
2024,1,2024-08-31T19:30:00.000Z,401628454,UTEP,Big Ten,Conference USA,P4,G6,P4_vs_G6,False,False,Big Ten,Conference USA,,,-27.5,Favorite,5.5,W,-27.5,0.5
2024,1,2024-08-31T19:30:00.000Z,401634304,Ohio,ACC,MAC,P4,G6,P4_vs_G6,False,False,ACC,MAC,,,-17.333333333333332,Favorite,-1.333333333333332,L,-17.5,
2024,1,2024-08-31T23:00:00.000Z,401643701,Troy,Mountain West,Sun Belt,G6,G6,G6_vs_G6,False,False,Mountain West,Sun Belt,,,10.166666666666666,Underdog,12.166666666666666,W,7.5,
2024,1,2024-08-31T23:00:00.000Z,401628319,Alabama,Conference USA,SEC,G6,P4,G6_vs_P4,False,False,Conference USA,SEC,,,34.166666666666664,Underdog,-28.833333333333336,L,37.5,
2024,1,2024-09-01T00:00:00.000Z,401643774,James Madison,American,Sun Belt,G6,G6,G6_vs_G6,False,False,American,Sun Belt,,,7.0,Underdog,-16.0,L,7.5,1.5
2024,1,2024-09-02T23:30:00.000Z,401634306,Florida State,ACC,ACC,P4,P4,P4_vs_P4,False,False,ACC,ACC,,,16.5,Underdog,31.5,W,16.5,0.0
2024,2,2024-09-07T16:00:00.000Z,401643784,Troy,American,Sun Belt,G6,G6,G6_vs_G6,False,False,American,Sun Belt,,,-18.666666666666668,Favorite,2.333333333333332,W,-18.5,1.5
2024,2,2024-09-07T16:00:00.000Z,401628470,Bowling Green,Big Ten,MAC,P4,G6,P4_vs_G6,False,False,Big Ten,MAC,,,-34.833333333333336,Favorite,-27.833333333333336,L,-35.0,3.0
2024,2,2024-09-07T16:00:00.000Z,401628347,Michigan,SEC,Big Ten,P4,P4,P4_vs_P4,True,False,Big 12,Big Ten,0.0,,-6.666666666666667,Favorite,12.333333333333332,W,-6.5,-1.0
2024,2,2024-09-07T16:00:00.000Z,401635534,Georgia Tech,ACC,ACC,P4,P4,P4_vs_P4,False,False,ACC,ACC,,,2.8333333333333335,Underdog,5.833333333333334,W,3.0,-0.5
2024,2,2024-09-07T19:30:00.000Z,401635537,North Carolina,American,ACC,G6,P4,G6_vs_P4,False,False,American,ACC,,,21.5,Underdog,3.5,W,22.0,0.5
2024,2,2024-09-07T19:30:00.000Z,401628337,Auburn,ACC,SEC,P4,P4,P4_vs_P4,True,False,Pac-12,SEC,0.0,,12.333333333333334,Underdog,19.333333333333336,W,13.0,-0.5
2024,2,2024-09-07T20:15:00.000Z,401628342,Middle Tennessee,SEC,Conference USA,P4,G6,P4_vs_G6,False,False,SEC,Conference USA,,,-42.5,Favorite,6.5,W,-43.0,2.5
2024,2,2024-09-07T20:30:00.000Z,401635540,Marshall,ACC,Sun Belt,P4,G6,P4_vs_G6,False,False,ACC,Sun Belt,,,-20.666666666666668,Favorite,-3.666666666666668,L,-20.5,4.0
2024,2,2024-09-07T22:00:00.000Z,401643778,East Carolina,Sun Belt,American,G6,G6,G6_vs_G6,False,False,Sun Belt,American,,,-1.6666666666666667,Favorite,-7.666666666666667,L,-1.5,-1.0
2024,2,2024-09-07T22:00:00.000Z,401643778,Old Dominion,American,Sun Belt,G6,G6,G6_vs_G6,False,False,American,Sun Belt,,,1.6666666666666667,Underdog,7.666666666666667,W,1.5,1.0
2024,2,2024-09-07T23:00:00.000Z,401628335,Alabama,American,SEC,G6,P4,G6_vs_P4,False,False,American,SEC,,,31.666666666666668,Underdog,5.666666666666668,W,30.5,0.5
2024,2,2024-09-07T23:00:00.000Z,401628344,Buffalo,SEC,MAC,P4,G6,P4_vs_G6,False,False,SEC,MAC,,,-33.666666666666664,Favorite,4.333333333333336,W,-32.0,-2.0
2024,2,2024-09-07T23:00:00.000Z,401643780,UL Monroe,American,Sun Belt,G6,G6,G6_vs_G6,False,False,American,Sun Belt,,,-11.5,Favorite,-37.5,L,-11.0,-0.5
2024,2,2024-09-08T02:15:00.000Z,401640989,New Mexico State,Conference USA,Conference USA,G6,G6,G6_vs_G6,False,False,Conference USA,Conference USA,,,-22.166666666666668,Favorite,-16.166666666666668,L,-22.0,1.5
2024,2,2024-09-08T02:30:00.000Z,401643709,Oregon State,Mountain West,,G6,,Other,False,,Mountain West,,,,5.666666666666667,Underdog,-15.333333333333332,L,6.0,-0.5
2024,3,2024-09-14T16:00:00.000Z,401636865,Cincinnati,MAC,Big 12,G6,P4,G6_vs_P4,False,False,MAC,Big 12,,,3.0,Underdog,-8.0,L,2.5,0.0
2024,3,2024-09-14T16:00:00.000Z,401628350,Alabama,Big Ten,SEC,P4,P4,P4_vs_P4,False,False,Big Ten,SEC,,,15.166666666666666,Underdog,-16.833333333333336,L,15.5,-6.0
2024,3,2024-09-14T16:45:00.000Z,401628357,Boston College,SEC,ACC,P4,P4,P4_vs_P4,False,False,SEC,ACC,,,-15.166666666666666,Favorite,-9.166666666666666,L,-14.5,-2.5
2024,3,2024-09-14T16:45:00.000Z,401628357,Missouri,ACC,SEC,P4,P4,P4_vs_P4,False,False,ACC,SEC,,,15.166666666666666,Underdog,9.166666666666666,W,14.5,2.5
2024,3,2024-09-14T19:30:00.000Z,401635547,Pittsburgh,Big 12,ACC,P4,P4,P4_vs_P4,False,False,Big 12,ACC,,,-2.0,Favorite,-6.0,L,-1.5,-4.0
2024,3,2024-09-14T19:30:00.000Z,401628483,Oregon State,Big Ten,,P4,,Other,True,,Pac-12,,0.0,,-17.666666666666668,Favorite,17.333333333333332,W,-18.0,-2.5
2024,3,2024-09-14T20:00:00.000Z,401628477,Troy,Big Ten,Sun Belt,P4,G6,P4_vs_G6,False,False,Big Ten,Sun Belt,,,-23.333333333333332,Favorite,-6.333333333333332,L,-22.5,0.0
2024,3,2024-09-14T20:15:00.000Z,401628351,Arkansas,American,SEC,G6,P4,G6_vs_P4,False,False,American,SEC,,,23.666666666666668,Underdog,13.666666666666668,W,24.0,0.0
2024,3,2024-09-14T22:00:00.000Z,401635548,Old Dominion,ACC,Sun Belt,P4,G6,P4_vs_G6,False,False,ACC,Sun Belt,,,-15.333333333333334,Favorite,4.666666666666666,W,-14.0,0.0
2024,3,2024-09-14T23:00:00.000Z,401643789,Southern Miss,American,Sun Belt,G6,G6,G6_vs_G6,False,False,American,Sun Belt,,,-11.666666666666666,Favorite,13.333333333333334,W,-11.5,0.0
2024,3,2024-09-14T23:00:00.000Z,401641024,Middle Tennessee,Conference USA,Conference USA,G6,G6,G6_vs_G6,False,False,Conference USA,Conference USA,,,-8.5,Favorite,19.5,W,-7.5,0.0
2024,3,2024-09-14T23:00:00.000Z,401628361,UTSA,SEC,American,P4,G6,P4_vs_G6,True,False,Big 12,American,0.0,,-35.5,Favorite,13.5,W,-34.5,0.0
2024,3,2024-09-14T23:30:00.000Z,401628354,Kentucky,SEC,SEC,P4,P4,P4_vs_P4,False,False,SEC,SEC,,,-22.5,Favorite,-21.5,L,-22.0,-1.5
2024,3,2024-09-14T23:30:00.000Z,401636860,Air Force,Big 12,Mountain West,P4,G6,P4_vs_G6,False,False,Big 12,Mountain West,,,-16.666666666666668,Favorite,11.333333333333332,W,-15.5,0.0
2024,3,2024-09-14T23:30:00.000Z,401628352,New Mexico,SEC,Mountain West,P4,G6,P4_vs_G6,False,False,SEC,Mountain West,,,-25.833333333333332,Favorite,0.1666666666666678,W,-24.0,-4.0
2024,3,2024-09-15T00:00:00.000Z,401628478,Maryland,ACC,Big Ten,P4,P4,P4_vs_P4,False,False,ACC,Big Ten,,,-1.1666666666666667,Favorite,-15.166666666666666,L,2.0,0.0
2024,3,2024-09-15T02:30:00.000Z,401635541,San Diego State,ACC,Mountain West,P4,G6,P4_vs_G6,True,False,Pac-12,Mountain West,0.0,,-18.666666666666668,Favorite,2.333333333333332,W,-18.0,0.0
2024,4,2024-09-21T16:00:00.000Z,401643791,Tulane,Sun Belt,American,G6,G6,G6_vs_G6,False,False,Sun Belt,American,,,1.5,Underdog,-6.5,L,1.5,
2024,4,2024-09-21T16:00:00.000Z,401636879,Kansas,Big 12,Big 12,P4,P4,P4_vs_P4,False,False,Big 12,Big 12,,,-1.3333333333333333,Favorite,2.666666666666667,W,-1.0,
2024,4,2024-09-21T16:00:00.000Z,401645328,Army,American,American,G6,G6,G6_vs_G6,False,True,American,Independent,,0.0,7.333333333333333,Underdog,-15.666666666666668,L,7.5,
2024,4,2024-09-21T18:00:00.000Z,401635558,Coastal Carolina,ACC,Sun Belt,P4,G6,P4_vs_G6,False,False,ACC,Sun Belt,,,-3.5,Favorite,15.5,W,-3.5,0.5
2024,4,2024-09-21T19:30:00.000Z,401628363,Arkansas,SEC,SEC,P4,P4,P4_vs_P4,False,False,SEC,SEC,,,-2.5,Favorite,-12.5,L,-2.5,-1.0
2024,4,2024-09-21T20:00:00.000Z,401635553,Middle Tennessee,ACC,Conference USA,P4,G6,P4_vs_G6,False,False,ACC,Conference USA,,,-14.666666666666666,Favorite,13.333333333333334,W,-14.5,0.5
2024,4,2024-09-21T22:00:00.000Z,401640991,Liberty,American,Conference USA,G6,G6,G6_vs_G6,False,False,American,Conference USA,,,7.5,Underdog,-3.5,L,7.5,0.0
2024,4,2024-09-21T23:00:00.000Z,401635555,Miami,American,ACC,G6,P4,G6_vs_P4,False,False,American,ACC,,,16.333333333333332,Underdog,-18.666666666666668,L,15.5,2.0
2024,4,2024-09-21T23:00:00.000Z,401635555,South Florida,ACC,American,P4,G6,P4_vs_G6,False,False,ACC,American,,,-16.333333333333332,Favorite,18.666666666666668,W,-15.5,-2.0
2024,4,2024-09-21T23:00:00.000Z,401641034,New Mexico State,Conference USA,Conference USA,G6,G6,G6_vs_G6,False,False,Conference USA,Conference USA,,,-15.0,Favorite,5.0,W,-14.5,0.5
2024,4,2024-09-21T23:30:00.000Z,401628372,Bowling Green,SEC,MAC,P4,G6,P4_vs_G6,False,False,SEC,MAC,,,-21.166666666666668,Favorite,-15.166666666666668,L,-21.0,-2.0
2024,4,2024-09-22T00:00:00.000Z,401628371,UL Monroe,SEC,Sun Belt,P4,G6,P4_vs_G6,True,False,Big 12,Sun Belt,0.0,,-43.0,Favorite,5.0,W,-41.5,-3.5
2024,4,2024-09-22T00:30:00.000Z,401643717,Oregon State,Big Ten,,P4,,Other,False,,Big Ten,,,,1.8333333333333333,Underdog,-15.166666666666666,L,1.5,4.0
2025,1,2025-08-23T23:00:00.000Z,401757218,Western Kentucky,Conference USA,Conference USA,G6,G6,G6_vs_G6,False,False,Conference USA,Conference USA,,,9.833333333333334,Underdog,-7.166666666666666,L,9.5,-2.5
2025,1,2025-08-28T23:00:00.000Z,401762789,Akron,Mountain West,MAC,G6,G6,G6_vs_G6,False,False,Mountain West,MAC,,,-6.0,Favorite,4.0,W,-5.0,-4.5
2025,1,2025-08-28T23:00:00.000Z,401756848,Jacksonville State,Big 12,Conference USA,P4,G6,P4_vs_G6,False,False,Big 12,Conference USA,,,-19.166666666666668,Favorite,-12.166666666666668,L,-20.5,4.0
2025,1,2025-08-30T01:30:00.000Z,401757224,UNLV,Conference USA,Mountain West,G6,G6,G6_vs_G6,False,False,Conference USA,Mountain West,,,10.333333333333334,Underdog,-6.666666666666666,L,9.0,4.5
2025,1,2025-08-30T19:30:00.000Z,401752807,Nevada,Big Ten,Mountain West,P4,G6,P4_vs_G6,False,False,Big Ten,Mountain West,,,-44.166666666666664,Favorite,-9.166666666666664,L,-43.5,0.0
2025,1,2025-08-30T22:00:00.000Z,401754616,Coastal Carolina,ACC,Sun Belt,P4,G6,P4_vs_G6,False,False,ACC,Sun Belt,,,-13.166666666666666,Favorite,27.833333333333336,W,-13.5,1.0
2025,1,2025-08-30T23:00:00.000Z,401752678,UTSA,SEC,American,P4,G6,P4_vs_G6,False,False,SEC,American,,,-23.0,Favorite,-5.0,L,-24.0,3.0
2025,1,2025-08-30T23:30:00.000Z,401752671,LSU,ACC,SEC,P4,P4,P4_vs_P4,False,False,ACC,SEC,,,-4.833333333333333,Favorite,-11.833333333333332,L,-5.5,3.0
2025,1,2025-08-30T23:30:00.000Z,401752808,New Mexico,Big Ten,Mountain West,P4,G6,P4_vs_G6,False,False,Big Ten,Mountain West,,,-35.166666666666664,Favorite,-18.166666666666664,L,-34.5,0.0
2025,1,2025-08-31T03:00:00.000Z,401752800,UCLA,Big 12,Big Ten,P4,P4,P4_vs_P4,False,False,Big 12,Big Ten,,,-6.5,Favorite,26.5,W,-6.5,3.5
2025,2,2025-09-06T16:00:00.000Z,401754525,SMU,Big 12,ACC,P4,P4,P4_vs_P4,False,False,Big 12,ACC,,,2.75,Underdog,5.75,W,2.5,2.0
2025,2,2025-09-06T16:00:00.000Z,401752825,Duke,Big Ten,ACC,P4,P4,P4_vs_P4,False,False,Big Ten,ACC,,,-2.5,Favorite,23.5,W,-2.5,0.0
2025,2,2025-09-06T16:00:00.000Z,401757227,Jacksonville State,Conference USA,Conference USA,G6,G6,G6_vs_G6,False,False,Conference USA,Conference USA,,,-6.25,Favorite,-16.25,L,-6.5,1.0
2025,2,2025-09-06T19:30:00.000Z,401752818,Miami (OH),Big Ten,MAC,P4,G6,P4_vs_G6,False,False,Big Ten,MAC,,,-15.5,Favorite,12.5,W,-15.5,2.0
2025,2,2025-09-06T19:30:00.000Z,401756880,Bowling Green,Big 12,MAC,P4,G6,P4_vs_G6,False,False,Big 12,MAC,,,-22.0,Favorite,-8.0,L,-22.5,4.5
2025,2,2025-09-06T19:30:00.000Z,401762458,UAB,American,American,G6,G6,G6_vs_G6,False,False,American,American,,,-21.5,Favorite,-7.5,L,-22.5,1.0
2025,2,2025-09-06T23:00:00.000Z,401757232,Western Kentucky,MAC,Conference USA,G6,G6,G6_vs_G6,False,False,MAC,Conference USA,,,-8.0,Favorite,16.0,W,-7.5,1.0
2025,2,2025-09-06T23:30:00.000Z,401752687,Louisiana Tech,SEC,Conference USA,P4,G6,P4_vs_G6,False,False,SEC,Conference USA,,,-36.5,Favorite,-20.5,L,-36.5,4.0
2025,2,2025-09-06T23:30:00.000Z,401752810,Akron,Big Ten,MAC,P4,G6,P4_vs_G6,False,False,Big Ten,MAC,,,-33.75,Favorite,34.25,W,-33.5,0.0
2025,2,2025-09-07T00:00:00.000Z,401752823,UNLV,Big Ten,Mountain West,P4,G6,P4_vs_G6,False,False,Big Ten,Mountain West,,,-2.5,Favorite,-9.5,L,-2.5,0.0
2025,2,2025-09-07T03:59:00.000Z,401757230,Sam Houston,Mountain West,Conference USA,G6,G6,G6_vs_G6,False,False,Mountain West,Conference USA,,,-7.25,Favorite,9.75,W,-7.5,0.0
2025,3,2025-09-13T02:00:00.000Z,401752837,New Mexico,Big Ten,Mountain West,P4,G6,P4_vs_G6,False,False,Big Ten,Mountain West,,,-15.5,Favorite,-40.5,L,-15.5,0.5
2025,3,2025-09-13T16:00:00.000Z,401754623,Georgia Tech,ACC,ACC,P4,P4,P4_vs_P4,False,False,ACC,ACC,,,-2.8333333333333335,Favorite,-5.833333333333334,L,-3.0,-3.5
2025,3,2025-09-13T16:00:00.000Z,401761608,Memphis,Sun Belt,American,G6,G6,G6_vs_G6,False,False,Sun Belt,American,,,4.5,Underdog,-16.5,L,4.5,
2025,3,2025-09-13T16:00:00.000Z,401752703,Temple,SEC,American,P4,G6,P4_vs_G6,False,False,SEC,American,,,-23.833333333333332,Favorite,15.166666666666668,W,-24.5,-1.0
2025,3,2025-09-13T21:00:00.000Z,401757256,Bowling Green,Conference USA,MAC,G6,G6,G6_vs_G6,False,False,Conference USA,MAC,,,-6.0,Favorite,-16.0,L,-6.5,-1.0
2025,3,2025-09-13T21:00:00.000Z,401757258,Nevada,Conference USA,Mountain West,G6,G6,G6_vs_G6,False,False,Conference USA,Mountain West,,,9.333333333333334,Underdog,10.333333333333334,W,9.5,0.0
2025,3,2025-09-13T23:00:00.000Z,401752829,Western Michigan,Big Ten,MAC,P4,G6,P4_vs_G6,False,False,Big Ten,MAC,,,-27.5,Favorite,10.5,W,-27.5,-1.0
2025,3,2025-09-13T23:00:00.000Z,401752700,Ole Miss,SEC,SEC,P4,P4,P4_vs_P4,False,False,SEC,SEC,,,3.8333333333333335,Underdog,-2.1666666666666665,L,4.5,4.0
2025,3,2025-09-13T23:30:00.000Z,401761604,East Carolina,Sun Belt,American,G6,G6,G6_vs_G6,False,False,Sun Belt,American,,,7.166666666666667,Underdog,-30.833333333333332,L,7.5,-1.0
2025,3,2025-09-13T23:30:00.000Z,401761604,Coastal Carolina,American,Sun Belt,G6,G6,G6_vs_G6,False,False,American,Sun Belt,,,-7.166666666666667,Favorite,30.833333333333332,W,-7.5,1.0
2025,3,2025-09-13T23:30:00.000Z,401757257,Louisiana Tech,Conference USA,Conference USA,G6,G6,G6_vs_G6,False,False,Conference USA,Conference USA,,,10.166666666666666,Underdog,-24.833333333333336,L,10.5,2.0
2025,3,2025-09-14T00:00:00.000Z,401756895,Utah,Mountain West,Big 12,G6,P4,G6_vs_P4,False,False,Mountain West,Big 12,,,24.5,Underdog,-0.5,L,24.5,-2.0
2025,3,2025-09-14T00:00:00.000Z,401756895,Wyoming,Big 12,Mountain West,P4,G6,P4_vs_G6,False,False,Big 12,Mountain West,,,-24.5,Favorite,0.5,W,-24.5,2.0
2025,3,2025-09-14T00:00:00.000Z,401762465,Tulsa,American,American,G6,G6,G6_vs_G6,False,False,American,American,,,-13.666666666666666,Favorite,5.333333333333334,W,-13.5,-1.0
2025,3,2025-09-14T00:30:00.000Z,401762463,UAB,MAC,American,G6,G6,G6_vs_G6,False,False,MAC,American,,,12.666666666666666,Underdog,9.666666666666666,W,13.5,-2.0
2025,4,2025-09-20T00:00:00.000Z,401752844,Iowa,Big Ten,Big Ten,P4,P4,P4_vs_P4,False,False,Big Ten,Big Ten,,,2.3333333333333335,Underdog,-7.666666666666666,L,2.0,0.0
2025,4,2025-09-20T16:00:00.000Z,401754537,Syracuse,ACC,ACC,P4,P4,P4_vs_P4,False,False,ACC,ACC,,,-17.5,Favorite,-30.5,L,-17.5,1.0
2025,4,2025-09-20T16:00:00.000Z,401752708,Memphis,SEC,American,P4,G6,P4_vs_G6,False,False,SEC,American,,,-7.166666666666667,Favorite,-8.166666666666668,L,-7.0,0.5
2025,4,2025-09-20T16:00:00.000Z,401754642,Bowling Green,ACC,MAC,P4,G6,P4_vs_G6,False,False,ACC,MAC,,,-26.166666666666668,Favorite,-3.166666666666668,L,-25.5,-2.0
2025,4,2025-09-20T19:30:00.000Z,401762820,Western Michigan,MAC,MAC,G6,G6,G6_vs_G6,False,False,MAC,MAC,,,-12.666666666666666,Favorite,-13.666666666666666,L,-11.5,-2.0
2025,4,2025-09-20T20:30:00.000Z,401754542,Temple,ACC,American,P4,G6,P4_vs_G6,False,False,ACC,American,,,-24.5,Favorite,-3.5,L,-24.5,1.0
2025,4,2025-09-20T23:00:00.000Z,401757264,Marshall,Conference USA,Sun Belt,G6,G6,G6_vs_G6,False,False,Conference USA,Sun Belt,,,2.5,Underdog,-11.5,L,2.5,1.0
2025,4,2025-09-20T23:00:00.000Z,401761611,Coastal Carolina,Sun Belt,Sun Belt,G6,G6,G6_vs_G6,False,False,Sun Belt,Sun Belt,,,-14.666666666666666,Favorite,-32.666666666666664,L,-14.5,0.0
2025,4,2025-09-20T23:00:00.000Z,401760372,Air Force,Mountain West,Mountain West,G6,G6,G6_vs_G6,False,False,Mountain West,Mountain West,,,-11.0,Favorite,1.0,W,-11.5,3.0
2025,4,2025-09-20T23:30:00.000Z,401752842,Washington State,Big Ten,,P4,,Other,False,,Big Ten,,,,-20.833333333333332,Favorite,14.166666666666668,W,-20.5,0.0
2025,4,2025-09-20T23:30:00.000Z,401757263,Louisiana Tech,Sun Belt,Conference USA,G6,G6,G6_vs_G6,False,False,Sun Belt,Conference USA,,,3.1666666666666665,Underdog,-6.833333333333334,L,3.5,-1.0
2025,4,2025-09-20T23:30:00.000Z,401756898,East Carolina,Big 12,American,P4,G6,P4_vs_G6,False,False,Big 12,American,,,-6.166666666666667,Favorite,14.833333333333332,W,-5.5,-2.0
2025,4,2025-09-21T02:15:00.000Z,401756897,Colorado,Mountain West,Big 12,G6,P4,G6_vs_P4,False,False,Mountain West,Big 12,,,12.333333333333334,Underdog,-4.666666666666666,L,12.5,1.0
2023,1,2023-08-26T23:00:00.000Z,401532392,Ohio,Mountain West,MAC,G6,G6,G6_vs_G6,False,False,Mountain West,MAC,,,-2.9,Favorite,4.1,W,-2.0,
2023,1,2023-08-26T23:00:00.000Z,401532392,San Diego State,MAC,Mountain West,G6,G6,G6_vs_G6,False,False,MAC,Mountain West,,,2.9,Underdog,-4.1,L,2.0,
2023,1,2023-09-01T00:00:00.000Z,401520176,Florida,,SEC,,P4,Other,,False,,SEC,,,-6.3,Favorite,6.7,W,-5.5,
2023,1,2023-09-02T16:00:00.000Z,401520162,East Carolina,Big Ten,American,P4,G6,P4_vs_G6,False,False,Big Ten,American,,,-35.4,Favorite,-8.399999999999999,L,-36.0,
2023,1,2023-09-02T18:00:00.000Z,401531387,Akron,American,MAC,G6,G6,G6_vs_G6,False,False,American,MAC,,,-9.875,Favorite,-6.875,L,-9.5,
2023,1,2023-09-02T19:30:00.000Z,401520180,Buffalo,Big Ten,MAC,P4,G6,P4_vs_G6,False,False,Big Ten,MAC,,,-27.0,Favorite,-6.0,L,-29.0,
2023,1,2023-09-02T23:00:00.000Z,401525819,UTSA,Big 12,American,P4,G6,P4_vs_G6,True,True,American,Conference USA,0.0,0.0,1.5,Underdog,4.5,W,2.5,
2023,1,2023-09-02T23:00:00.000Z,401520173,New Mexico,SEC,Mountain West,P4,G6,P4_vs_G6,False,False,SEC,Mountain West,,,-37.875,Favorite,4.125,W,-37.5,
2023,1,2023-09-02T23:30:00.000Z,401525825,Texas Tech,Mountain West,Big 12,G6,P4,G6_vs_P4,False,False,Mountain West,Big 12,,,13.6,Underdog,15.6,W,13.0,
2023,1,2023-09-03T00:00:00.000Z,401525467,Old Dominion,ACC,Sun Belt,P4,G6,P4_vs_G6,False,False,ACC,Sun Belt,,,-15.75,Favorite,3.25,W,-16.0,
2023,2,2023-09-08T23:30:00.000Z,401520195,Illinois,Big 12,Big Ten,P4,P4,P4_vs_P4,False,False,Big 12,Big Ten,,,-3.6666666666666665,Favorite,7.333333333333334,W,-3.5,
2023,2,2023-09-09T16:00:00.000Z,401523999,Baylor,,Big 12,,P4,Other,,False,,Big 12,,,-7.0,Favorite,0.0,P,-7.0,
2023,2,2023-09-09T19:30:00.000Z,401525497,Western Michigan,ACC,MAC,P4,G6,P4_vs_G6,False,False,ACC,MAC,,,-24.666666666666668,Favorite,16.333333333333332,W,-24.5,
2023,2,2023-09-09T20:00:00.000Z,401531411,East Carolina,Sun Belt,American,G6,G6,G6_vs_G6,False,False,Sun Belt,American,,,-2.8333333333333335,Favorite,15.166666666666666,W,-3.0,
2023,2,2023-09-09T21:00:00.000Z,401524004,Tulsa,,American,,G6,Other,,False,,American,,,-33.666666666666664,Favorite,-0.6666666666666643,L,-34.0,
2023,2,2023-09-09T22:00:00.000Z,401520198,Liberty,Conference USA,Conference USA,G6,G6,G6_vs_G6,True,True,Independent,Independent,0.0,0.0,9.333333333333334,Underdog,-6.666666666666666,L,9.0,
2023,2,2023-09-09T22:00:00.000Z,401531842,Old Dominion,Sun Belt,Sun Belt,G6,G6,G6_vs_G6,False,False,Sun Belt,Sun Belt,,,-6.0,Favorite,-13.0,L,-6.0,
2023,2,2023-09-09T23:00:00.000Z,401525831,Houston,American,Big 12,G6,P4,G6_vs_P4,True,True,Conference USA,American,0.0,0.0,7.166666666666667,Underdog,9.166666666666668,W,7.5,
2023,2,2023-09-09T23:00:00.000Z,401520183,Alabama,Big 12,SEC,P4,P4,P4_vs_P4,False,False,Big 12,SEC,,,7.166666666666667,Underdog,17.166666666666668,W,7.0,
2023,2,2023-09-09T23:30:00.000Z,401520217,Washington State,Big Ten,,P4,,Other,False,,Big Ten,,,,-5.333333333333333,Favorite,-14.333333333333332,L,-5.0,
2023,2,2023-09-10T00:30:00.000Z,401525493,Southern Miss,ACC,Sun Belt,P4,G6,P4_vs_G6,False,False,ACC,Sun Belt,,,-31.0,Favorite,22.0,W,-31.0,
2023,2,2023-09-10T02:30:00.000Z,401524003,Stanford,,,,,Other,,,,,,,-28.666666666666668,Favorite,17.333333333333332,W,-28.5,
2023,3,2023-09-16T19:30:00.000Z,401520227,Western Michigan,Big Ten,MAC,P4,G6,P4_vs_G6,False,False,Big Ten,MAC,,,-28.5,Favorite,2.5,W,-28.5,
2023,3,2023-09-16T19:30:00.000Z,401524009,San Diego State,,Mountain West,,G6,Other,,False,,Mountain West,,,-24.5,Favorite,-7.5,L,-24.5,
2023,3,2023-09-16T23:00:00.000Z,401531379,UAB,Sun Belt,American,G6,G6,G6_vs_G6,False,True,Sun Belt,Conference USA,,0.0,2.0,Underdog,22.0,W,2.0,
2023,3,2023-09-16T23:30:00.000Z,401520232,Bowling Green,Big Ten,MAC,P4,G6,P4_vs_G6,False,False,Big Ten,MAC,,,-40.75,Favorite,-15.75,L,-40.5,
2023,3,2023-09-17T00:00:00.000Z,401520238,New Mexico State,Mountain West,Conference USA,G6,G6,G6_vs_G6,False,True,Mountain West,Independent,,0.0,-2.75,Favorite,-12.75,L,-2.5,
2023,3,2023-09-17T00:00:00.000Z,401520238,New Mexico,Conference USA,Mountain West,G6,G6,G6_vs_G6,True,False,Independent,Mountain West,0.0,,2.75,Underdog,12.75,W,2.5,
2023,3,2023-09-17T02:30:00.000Z,401525837,Nevada,Big 12,Mountain West,P4,G6,P4_vs_G6,False,False,Big 12,Mountain West,,,-28.5,Favorite,-21.5,L,-28.5,
2023,3,2023-09-17T03:00:00.000Z,401520219,Arizona,Conference USA,,G6,,Other,False,,Conference USA,,,,18.25,Underdog,-2.75,L,18.0,
2023,4,2023-09-23T02:30:00.000Z,401532583,San Diego State,Mountain West,Mountain West,G6,G6,G6_vs_G6,False,False,Mountain West,Mountain West,,,-5.833333333333333,Favorite,-2.833333333333333,L,-6.5,
2023,4,2023-09-23T17:30:00.000Z,401532406,Western Michigan,MAC,MAC,G6,G6,G6_vs_G6,False,False,MAC,MAC,,,-21.5,Favorite,-3.5,L,-21.5,
2023,4,2023-09-23T19:30:00.000Z,401525506,Louisville,ACC,ACC,P4,P4,P4_vs_P4,False,False,ACC,ACC,,,13.833333333333334,Underdog,-14.166666666666666,L,14.0,
2023,4,2023-09-23T19:30:00.000Z,401520250,Alabama,SEC,SEC,P4,P4,P4_vs_P4,False,False,SEC,SEC,,,7.0,Underdog,-7.0,L,7.0,
2023,4,2023-09-23T19:30:00.000Z,401532405,Ohio,MAC,MAC,G6,G6,G6_vs_G6,False,False,MAC,MAC,,,13.0,Underdog,-18.0,L,13.0,
2023,4,2023-09-23T19:30:00.000Z,401520272,Duke,Independent,ACC,Independent,P4,Other,False,False,Independent,ACC,,,22.166666666666668,Underdog,-11.833333333333332,L,22.0,
2023,4,2023-09-23T19:30:00.000Z,401525847,BYU,Big 12,Big 12,P4,P4,P4_vs_P4,False,True,Big 12,Independent,,0.0,-9.333333333333334,Favorite,1.666666666666666,W,-9.0,
2023,4,2023-09-23T23:00:00.000Z,401524016,Stanford,,,,,Other,,,,,,,-12.833333333333334,Favorite,-11.833333333333334,L,-13.0,
2023,4,2023-09-23T23:00:00.000Z,401520254,Houston,Conference USA,Big 12,G6,P4,G6_vs_P4,False,True,,American,,0.0,11.5,Underdog,-19.5,L,11.5,
2023,4,2023-09-23T23:00:00.000Z,401524019,Washington State,,,,,Other,,,,,,,-3.0,Favorite,-6.0,L,-3.0,
2023,4,2023-09-23T23:00:00.000Z,401520258,Arkansas,SEC,SEC,P4,P4,P4_vs_P4,False,False,SEC,SEC,,,-17.666666666666668,Favorite,-14.666666666666668,L,-17.5,
2023,4,2023-09-23T23:30:00.000Z,401531875,Buffalo,Sun Belt,MAC,G6,G6,G6_vs_G6,False,False,Sun Belt,MAC,,,-10.333333333333334,Favorite,-3.333333333333334,L,-10.5,
2023,4,2023-09-23T23:30:00.000Z,401525844,Baylor,Big 12,Big 12,P4,P4,P4_vs_P4,False,False,Big 12,Big 12,,,-16.5,Favorite,15.5,W,-17.5,
2023,4,2023-09-24T03:59:00.000Z,401520253,Hawai'i,Conference USA,Mountain West,G6,G6,G6_vs_G6,True,False,Independent,Mountain West,0.0,,3.6666666666666665,Underdog,0.6666666666666665,W,4.0,
2024,1,2024-08-30T00:00:00.000Z,401628448,North Carolina,Big Ten,ACC,P4,P4,P4_vs_P4,False,False,Big Ten,ACC,,,0.3333333333333333,Underdog,-1.6666666666666667,L,1.5,
2024,1,2024-08-31T16:00:00.000Z,401628323,Clemson,SEC,ACC,P4,P4,P4_vs_P4,False,False,SEC,ACC,,,-11.666666666666666,Favorite,19.333333333333336,W,-10.5,
2024,1,2024-08-31T16:00:00.000Z,401628333,Vanderbilt,ACC,SEC,P4,P4,P4_vs_P4,False,False,ACC,SEC,,,-13.333333333333334,Favorite,-20.333333333333336,L,-13.5,
2024,1,2024-08-31T19:30:00.000Z,401628454,UTEP,Big Ten,Conference USA,P4,G6,P4_vs_G6,False,False,Big Ten,Conference USA,,,-27.5,Favorite,5.5,W,-27.5,0.5
2024,1,2024-08-31T19:30:00.000Z,401634304,Ohio,ACC,MAC,P4,G6,P4_vs_G6,False,False,ACC,MAC,,,-17.333333333333332,Favorite,-1.333333333333332,L,-17.5,
2024,1,2024-08-31T23:00:00.000Z,401643701,Troy,Mountain West,Sun Belt,G6,G6,G6_vs_G6,False,False,Mountain West,Sun Belt,,,10.166666666666666,Underdog,12.166666666666666,W,7.5,
2024,1,2024-08-31T23:00:00.000Z,401628319,Alabama,Conference USA,SEC,G6,P4,G6_vs_P4,False,False,Conference USA,SEC,,,34.166666666666664,Underdog,-28.833333333333336,L,37.5,
2024,1,2024-09-01T00:00:00.000Z,401643774,James Madison,American,Sun Belt,G6,G6,G6_vs_G6,False,False,American,Sun Belt,,,7.0,Underdog,-16.0,L,7.5,1.5
2024,2,2024-09-07T16:00:00.000Z,401643784,Troy,American,Sun Belt,G6,G6,G6_vs_G6,False,False,American,Sun Belt,,,-18.666666666666668,Favorite,2.333333333333332,W,-18.5,1.5
2024,2,2024-09-07T16:00:00.000Z,401628470,Bowling Green,Big Ten,MAC,P4,G6,P4_vs_G6,False,False,Big Ten,MAC,,,-34.833333333333336,Favorite,-27.833333333333336,L,-35.0,3.0
2024,2,2024-09-07T16:00:00.000Z,401628347,Michigan,SEC,Big Ten,P4,P4,P4_vs_P4,True,False,Big 12,Big Ten,0.0,,-6.666666666666667,Favorite,12.333333333333332,W,-6.5,-1.0
2024,2,2024-09-07T16:00:00.000Z,401635534,Georgia Tech,ACC,ACC,P4,P4,P4_vs_P4,False,False,ACC,ACC,,,2.8333333333333335,Underdog,5.833333333333334,W,3.0,-0.5
2024,2,2024-09-07T19:30:00.000Z,401635537,North Carolina,American,ACC,G6,P4,G6_vs_P4,False,False,American,ACC,,,21.5,Underdog,3.5,W,22.0,0.5
2024,2,2024-09-07T20:15:00.000Z,401628342,Middle Tennessee,SEC,Conference USA,P4,G6,P4_vs_G6,False,False,SEC,Conference USA,,,-42.5,Favorite,6.5,W,-43.0,2.5
2024,2,2024-09-07T20:30:00.000Z,401635540,Marshall,ACC,Sun Belt,P4,G6,P4_vs_G6,False,False,ACC,Sun Belt,,,-20.666666666666668,Favorite,-3.666666666666668,L,-20.5,4.0
2024,2,2024-09-07T22:00:00.000Z,401643778,East Carolina,Sun Belt,American,G6,G6,G6_vs_G6,False,False,Sun Belt,American,,,-1.6666666666666667,Favorite,-7.666666666666667,L,-1.5,-1.0
2024,2,2024-09-07T23:00:00.000Z,401628335,Alabama,American,SEC,G6,P4,G6_vs_P4,False,False,American,SEC,,,31.666666666666668,Underdog,5.666666666666668,W,30.5,0.5
2024,2,2024-09-07T23:00:00.000Z,401628344,Buffalo,SEC,MAC,P4,G6,P4_vs_G6,False,False,SEC,MAC,,,-33.666666666666664,Favorite,4.333333333333336,W,-32.0,-2.0
2024,2,2024-09-07T23:00:00.000Z,401643780,UL Monroe,American,Sun Belt,G6,G6,G6_vs_G6,False,False,American,Sun Belt,,,-11.5,Favorite,-37.5,L,-11.0,-0.5
2024,2,2024-09-08T02:15:00.000Z,401640989,New Mexico State,Conference USA,Conference USA,G6,G6,G6_vs_G6,False,False,Conference USA,Conference USA,,,-22.166666666666668,Favorite,-16.166666666666668,L,-22.0,1.5
2024,3,2024-09-14T16:00:00.000Z,401628350,Alabama,Big Ten,SEC,P4,P4,P4_vs_P4,False,False,Big Ten,SEC,,,15.166666666666666,Underdog,-16.833333333333336,L,15.5,-6.0
2024,3,2024-09-14T16:45:00.000Z,401628357,Boston College,SEC,ACC,P4,P4,P4_vs_P4,False,False,SEC,ACC,,,-15.166666666666666,Favorite,-9.166666666666666,L,-14.5,-2.5
2024,3,2024-09-14T19:30:00.000Z,401635547,Pittsburgh,Big 12,ACC,P4,P4,P4_vs_P4,False,False,Big 12,ACC,,,-2.0,Favorite,-6.0,L,-1.5,-4.0
2024,3,2024-09-14T19:30:00.000Z,401628483,Oregon State,Big Ten,,P4,,Other,True,,Pac-12,,0.0,,-17.666666666666668,Favorite,17.333333333333332,W,-18.0,-2.5
2024,3,2024-09-14T20:00:00.000Z,401628477,Troy,Big Ten,Sun Belt,P4,G6,P4_vs_G6,False,False,Big Ten,Sun Belt,,,-23.333333333333332,Favorite,-6.333333333333332,L,-22.5,0.0
2024,3,2024-09-14T20:15:00.000Z,401628351,Arkansas,American,SEC,G6,P4,G6_vs_P4,False,False,American,SEC,,,23.666666666666668,Underdog,13.666666666666668,W,24.0,0.0
2024,3,2024-09-14T22:00:00.000Z,401635548,Old Dominion,ACC,Sun Belt,P4,G6,P4_vs_G6,False,False,ACC,Sun Belt,,,-15.333333333333334,Favorite,4.666666666666666,W,-14.0,0.0
2024,3,2024-09-14T23:00:00.000Z,401641024,Middle Tennessee,Conference USA,Conference USA,G6,G6,G6_vs_G6,False,False,Conference USA,Conference USA,,,-8.5,Favorite,19.5,W,-7.5,0.0
2024,3,2024-09-14T23:00:00.000Z,401628361,UTSA,SEC,American,P4,G6,P4_vs_G6,True,False,Big 12,American,0.0,,-35.5,Favorite,13.5,W,-34.5,0.0
2024,3,2024-09-14T23:30:00.000Z,401636860,Air Force,Big 12,Mountain West,P4,G6,P4_vs_G6,False,False,Big 12,Mountain West,,,-16.666666666666668,Favorite,11.333333333333332,W,-15.5,0.0
2024,3,2024-09-15T00:00:00.000Z,401628478,Maryland,ACC,Big Ten,P4,P4,P4_vs_P4,False,False,ACC,Big Ten,,,-1.1666666666666667,Favorite,-15.166666666666666,L,2.0,0.0
2024,3,2024-09-15T02:30:00.000Z,401635541,San Diego State,ACC,Mountain West,P4,G6,P4_vs_G6,True,False,Pac-12,Mountain West,0.0,,-18.666666666666668,Favorite,2.333333333333332,W,-18.0,0.0
2024,4,2024-09-21T16:00:00.000Z,401636879,Kansas,Big 12,Big 12,P4,P4,P4_vs_P4,False,False,Big 12,Big 12,,,-1.3333333333333333,Favorite,2.666666666666667,W,-1.0,
2024,4,2024-09-21T16:00:00.000Z,401645328,Army,American,American,G6,G6,G6_vs_G6,False,True,American,Independent,,0.0,7.333333333333333,Underdog,-15.666666666666668,L,7.5,
2024,4,2024-09-21T18:00:00.000Z,401635558,Coastal Carolina,ACC,Sun Belt,P4,G6,P4_vs_G6,False,False,ACC,Sun Belt,,,-3.5,Favorite,15.5,W,-3.5,0.5
2024,4,2024-09-21T19:30:00.000Z,401628363,Arkansas,SEC,SEC,P4,P4,P4_vs_P4,False,False,SEC,SEC,,,-2.5,Favorite,-12.5,L,-2.5,-1.0
2024,4,2024-09-21T23:00:00.000Z,401635555,Miami,American,ACC,G6,P4,G6_vs_P4,False,False,American,ACC,,,16.333333333333332,Underdog,-18.666666666666668,L,15.5,2.0
2024,4,2024-09-21T23:00:00.000Z,401641034,New Mexico State,Conference USA,Conference USA,G6,G6,G6_vs_G6,False,False,Conference USA,Conference USA,,,-15.0,Favorite,5.0,W,-14.5,0.5
2024,4,2024-09-21T23:30:00.000Z,401628372,Bowling Green,SEC,MAC,P4,G6,P4_vs_G6,False,False,SEC,MAC,,,-21.166666666666668,Favorite,-15.166666666666668,L,-21.0,-2.0
2024,4,2024-09-22T00:00:00.000Z,401628371,UL Monroe,SEC,Sun Belt,P4,G6,P4_vs_G6,True,False,Big 12,Sun Belt,0.0,,-43.0,Favorite,5.0,W,-41.5,-3.5
2024,4,2024-09-22T00:30:00.000Z,401643717,Oregon State,Big Ten,,P4,,Other,False,,Big Ten,,,,1.8333333333333333,Underdog,-15.166666666666666,L,1.5,4.0
2025,1,2025-08-23T23:00:00.000Z,401757218,Western Kentucky,Conference USA,Conference USA,G6,G6,G6_vs_G6,False,False,Conference USA,Conference USA,,,9.833333333333334,Underdog,-7.166666666666666,L,9.5,-2.5
2025,1,2025-08-28T23:00:00.000Z,401762789,Akron,Mountain West,MAC,G6,G6,G6_vs_G6,False,False,Mountain West,MAC,,,-6.0,Favorite,4.0,W,-5.0,-4.5
2025,1,2025-08-30T01:30:00.000Z,401757224,UNLV,Conference USA,Mountain West,G6,G6,G6_vs_G6,False,False,Conference USA,Mountain West,,,10.333333333333334,Underdog,-6.666666666666666,L,9.0,4.5
2025,1,2025-08-30T19:30:00.000Z,401752807,Nevada,Big Ten,Mountain West,P4,G6,P4_vs_G6,False,False,Big Ten,Mountain West,,,-44.166666666666664,Favorite,-9.166666666666664,L,-43.5,0.0
2025,1,2025-08-30T22:00:00.000Z,401754616,Coastal Carolina,ACC,Sun Belt,P4,G6,P4_vs_G6,False,False,ACC,Sun Belt,,,-13.166666666666666,Favorite,27.833333333333336,W,-13.5,1.0
2025,1,2025-08-30T23:30:00.000Z,401752671,LSU,ACC,SEC,P4,P4,P4_vs_P4,False,False,ACC,SEC,,,-4.833333333333333,Favorite,-11.833333333333332,L,-5.5,3.0
2025,1,2025-08-30T23:30:00.000Z,401752808,New Mexico,Big Ten,Mountain West,P4,G6,P4_vs_G6,False,False,Big Ten,Mountain West,,,-35.166666666666664,Favorite,-18.166666666666664,L,-34.5,0.0
2025,1,2025-08-31T03:00:00.000Z,401752800,UCLA,Big 12,Big Ten,P4,P4,P4_vs_P4,False,False,Big 12,Big Ten,,,-6.5,Favorite,26.5,W,-6.5,3.5
2025,2,2025-09-06T16:00:00.000Z,401757227,Jacksonville State,Conference USA,Conference USA,G6,G6,G6_vs_G6,False,False,Conference USA,Conference USA,,,-6.25,Favorite,-16.25,L,-6.5,1.0
2025,2,2025-09-06T19:30:00.000Z,401752818,Miami (OH),Big Ten,MAC,P4,G6,P4_vs_G6,False,False,Big Ten,MAC,,,-15.5,Favorite,12.5,W,-15.5,2.0
2025,2,2025-09-06T19:30:00.000Z,401756880,Bowling Green,Big 12,MAC,P4,G6,P4_vs_G6,False,False,Big 12,MAC,,,-22.0,Favorite,-8.0,L,-22.5,4.5
2025,2,2025-09-06T19:30:00.000Z,401762458,UAB,American,American,G6,G6,G6_vs_G6,False,False,American,American,,,-21.5,Favorite,-7.5,L,-22.5,1.0
2025,2,2025-09-06T23:00:00.000Z,401757232,Western Kentucky,MAC,Conference USA,G6,G6,G6_vs_G6,False,False,MAC,Conference USA,,,-8.0,Favorite,16.0,W,-7.5,1.0
2025,2,2025-09-06T23:30:00.000Z,401752810,Akron,Big Ten,MAC,P4,G6,P4_vs_G6,False,False,Big Ten,MAC,,,-33.75,Favorite,34.25,W,-33.5,0.0
2025,2,2025-09-07T03:59:00.000Z,401757230,Sam Houston,Mountain West,Conference USA,G6,G6,G6_vs_G6,False,False,Mountain West,Conference USA,,,-7.25,Favorite,9.75,W,-7.5,0.0
2025,3,2025-09-13T02:00:00.000Z,401752837,New Mexico,Big Ten,Mountain West,P4,G6,P4_vs_G6,False,False,Big Ten,Mountain West,,,-15.5,Favorite,-40.5,L,-15.5,0.5
2025,3,2025-09-13T16:00:00.000Z,401761608,Memphis,Sun Belt,American,G6,G6,G6_vs_G6,False,False,Sun Belt,American,,,4.5,Underdog,-16.5,L,4.5,
2025,3,2025-09-13T16:00:00.000Z,401752703,Temple,SEC,American,P4,G6,P4_vs_G6,False,False,SEC,American,,,-23.833333333333332,Favorite,15.166666666666668,W,-24.5,-1.0
2025,3,2025-09-13T21:00:00.000Z,401757256,Bowling Green,Conference USA,MAC,G6,G6,G6_vs_G6,False,False,Conference USA,MAC,,,-6.0,Favorite,-16.0,L,-6.5,-1.0
2025,3,2025-09-13T21:00:00.000Z,401757258,Nevada,Conference USA,Mountain West,G6,G6,G6_vs_G6,False,False,Conference USA,Mountain West,,,9.333333333333334,Underdog,10.333333333333334,W,9.5,0.0
2025,3,2025-09-13T23:00:00.000Z,401752829,Western Michigan,Big Ten,MAC,P4,G6,P4_vs_G6,False,False,Big Ten,MAC,,,-27.5,Favorite,10.5,W,-27.5,-1.0
2025,3,2025-09-13T23:30:00.000Z,401761604,East Carolina,Sun Belt,American,G6,G6,G6_vs_G6,False,False,Sun Belt,American,,,7.166666666666667,Underdog,-30.833333333333332,L,7.5,-1.0
2025,3,2025-09-13T23:30:00.000Z,401761604,Coastal Carolina,American,Sun Belt,G6,G6,G6_vs_G6,False,False,American,Sun Belt,,,-7.166666666666667,Favorite,30.833333333333332,W,-7.5,1.0
2025,3,2025-09-14T00:00:00.000Z,401756895,Utah,Mountain West,Big 12,G6,P4,G6_vs_P4,False,False,Mountain West,Big 12,,,24.5,Underdog,-0.5,L,24.5,-2.0
2025,4,2025-09-20T00:00:00.000Z,401752844,Iowa,Big Ten,Big Ten,P4,P4,P4_vs_P4,False,False,Big Ten,Big Ten,,,2.3333333333333335,Underdog,-7.666666666666666,L,2.0,0.0
2025,4,2025-09-20T16:00:00.000Z,401752708,Memphis,SEC,American,P4,G6,P4_vs_G6,False,False,SEC,American,,,-7.166666666666667,Favorite,-8.166666666666668,L,-7.0,0.5
2025,4,2025-09-20T16:00:00.000Z,401754642,Bowling Green,ACC,MAC,P4,G6,P4_vs_G6,False,False,ACC,MAC,,,-26.166666666666668,Favorite,-3.166666666666668,L,-25.5,-2.0
2025,4,2025-09-20T19:30:00.000Z,401762820,Western Michigan,MAC,MAC,G6,G6,G6_vs_G6,False,False,MAC,MAC,,,-12.666666666666666,Favorite,-13.666666666666666,L,-11.5,-2.0
2025,4,2025-09-20T23:00:00.000Z,401757264,Marshall,Conference USA,Sun Belt,G6,G6,G6_vs_G6,False,False,Conference USA,Sun Belt,,,2.5,Underdog,-11.5,L,2.5,1.0
2025,4,2025-09-20T23:00:00.000Z,401761611,Coastal Carolina,Sun Belt,Sun Belt,G6,G6,G6_vs_G6,False,False,Sun Belt,Sun Belt,,,-14.666666666666666,Favorite,-32.666666666666664,L,-14.5,0.0
2025,4,2025-09-20T23:00:00.000Z,401760372,Air Force,Mountain West,Mountain West,G6,G6,G6_vs_G6,False,False,Mountain West,Mountain West,,,-11.0,Favorite,1.0,W,-11.5,3.0
2025,4,2025-09-20T23:30:00.000Z,401757263,Louisiana Tech,Sun Belt,Conference USA,G6,G6,G6_vs_G6,False,False,Sun Belt,Conference USA,,,3.1666666666666665,Underdog,-6.833333333333334,L,3.5,-1.0
2025,4,2025-09-20T23:30:00.000Z,401756898,East Carolina,Big 12,American,P4,G6,P4_vs_G6,False,False,Big 12,American,,,-6.166666666666667,Favorite,14.833333333333332,W,-5.5,-2.0
2023,1,2023-08-26T23:00:00.000Z,401532392,Ohio,Mountain West,MAC,G6,G6,G6_vs_G6,False,False,Mountain West,MAC,,,-2.9,Favorite,4.1,W,-2.0,
2023,1,2023-08-26T23:00:00.000Z,401532392,San Diego State,MAC,Mountain West,G6,G6,G6_vs_G6,False,False,MAC,Mountain West,,,2.9,Underdog,-4.1,L,2.0,
2023,1,2023-09-01T00:00:00.000Z,401520176,Florida,,SEC,,P4,Other,,False,,SEC,,,-6.3,Favorite,6.7,W,-5.5,
2023,1,2023-09-02T16:00:00.000Z,401520162,East Carolina,Big Ten,American,P4,G6,P4_vs_G6,False,False,Big Ten,American,,,-35.4,Favorite,-8.399999999999999,L,-36.0,
2023,1,2023-09-02T18:00:00.000Z,401531387,Akron,American,MAC,G6,G6,G6_vs_G6,False,False,American,MAC,,,-9.875,Favorite,-6.875,L,-9.5,
2023,1,2023-09-02T23:00:00.000Z,401520173,New Mexico,SEC,Mountain West,P4,G6,P4_vs_G6,False,False,SEC,Mountain West,,,-37.875,Favorite,4.125,W,-37.5,
2023,1,2023-09-02T23:30:00.000Z,401525825,Texas Tech,Mountain West,Big 12,G6,P4,G6_vs_P4,False,False,Mountain West,Big 12,,,13.6,Underdog,15.6,W,13.0,
2023,2,2023-09-09T16:00:00.000Z,401523999,Baylor,,Big 12,,P4,Other,,False,,Big 12,,,-7.0,Favorite,0.0,P,-7.0,
2023,2,2023-09-09T19:30:00.000Z,401525497,Western Michigan,ACC,MAC,P4,G6,P4_vs_G6,False,False,ACC,MAC,,,-24.666666666666668,Favorite,16.333333333333332,W,-24.5,
2023,2,2023-09-09T21:00:00.000Z,401524004,Tulsa,,American,,G6,Other,,False,,American,,,-33.666666666666664,Favorite,-0.6666666666666643,L,-34.0,
2023,2,2023-09-09T22:00:00.000Z,401520198,Liberty,Conference USA,Conference USA,G6,G6,G6_vs_G6,True,True,Independent,Independent,0.0,0.0,9.333333333333334,Underdog,-6.666666666666666,L,9.0,
2023,2,2023-09-09T22:00:00.000Z,401531842,Old Dominion,Sun Belt,Sun Belt,G6,G6,G6_vs_G6,False,False,Sun Belt,Sun Belt,,,-6.0,Favorite,-13.0,L,-6.0,
2023,2,2023-09-09T23:00:00.000Z,401520183,Alabama,Big 12,SEC,P4,P4,P4_vs_P4,False,False,Big 12,SEC,,,7.166666666666667,Underdog,17.166666666666668,W,7.0,
2023,2,2023-09-10T02:30:00.000Z,401524003,Stanford,,,,,Other,,,,,,,-28.666666666666668,Favorite,17.333333333333332,W,-28.5,
2023,3,2023-09-16T19:30:00.000Z,401520227,Western Michigan,Big Ten,MAC,P4,G6,P4_vs_G6,False,False,Big Ten,MAC,,,-28.5,Favorite,2.5,W,-28.5,
2023,3,2023-09-16T19:30:00.000Z,401524009,San Diego State,,Mountain West,,G6,Other,,False,,Mountain West,,,-24.5,Favorite,-7.5,L,-24.5,
2023,3,2023-09-16T23:00:00.000Z,401531379,UAB,Sun Belt,American,G6,G6,G6_vs_G6,False,True,Sun Belt,Conference USA,,0.0,2.0,Underdog,22.0,W,2.0,
2023,3,2023-09-16T23:30:00.000Z,401520232,Bowling Green,Big Ten,MAC,P4,G6,P4_vs_G6,False,False,Big Ten,MAC,,,-40.75,Favorite,-15.75,L,-40.5,
2023,3,2023-09-17T02:30:00.000Z,401525837,Nevada,Big 12,Mountain West,P4,G6,P4_vs_G6,False,False,Big 12,Mountain West,,,-28.5,Favorite,-21.5,L,-28.5,
2023,4,2023-09-23T02:30:00.000Z,401532583,San Diego State,Mountain West,Mountain West,G6,G6,G6_vs_G6,False,False,Mountain West,Mountain West,,,-5.833333333333333,Favorite,-2.833333333333333,L,-6.5,
2023,4,2023-09-23T17:30:00.000Z,401532406,Western Michigan,MAC,MAC,G6,G6,G6_vs_G6,False,False,MAC,MAC,,,-21.5,Favorite,-3.5,L,-21.5,
2023,4,2023-09-23T19:30:00.000Z,401520250,Alabama,SEC,SEC,P4,P4,P4_vs_P4,False,False,SEC,SEC,,,7.0,Underdog,-7.0,L,7.0,
2023,4,2023-09-23T19:30:00.000Z,401532405,Ohio,MAC,MAC,G6,G6,G6_vs_G6,False,False,MAC,MAC,,,13.0,Underdog,-18.0,L,13.0,
2023,4,2023-09-23T23:00:00.000Z,401524016,Stanford,,,,,Other,,,,,,,-12.833333333333334,Favorite,-11.833333333333334,L,-13.0,
2023,4,2023-09-23T23:00:00.000Z,401520258,Arkansas,SEC,SEC,P4,P4,P4_vs_P4,False,False,SEC,SEC,,,-17.666666666666668,Favorite,-14.666666666666668,L,-17.5,
2023,4,2023-09-23T23:30:00.000Z,401525844,Baylor,Big 12,Big 12,P4,P4,P4_vs_P4,False,False,Big 12,Big 12,,,-16.5,Favorite,15.5,W,-17.5,
2024,1,2024-08-30T00:00:00.000Z,401628448,North Carolina,Big Ten,ACC,P4,P4,P4_vs_P4,False,False,Big Ten,ACC,,,0.3333333333333333,Underdog,-1.6666666666666667,L,1.5,
2024,1,2024-08-31T16:00:00.000Z,401628333,Vanderbilt,ACC,SEC,P4,P4,P4_vs_P4,False,False,ACC,SEC,,,-13.333333333333334,Favorite,-20.333333333333336,L,-13.5,
2024,1,2024-08-31T19:30:00.000Z,401634304,Ohio,ACC,MAC,P4,G6,P4_vs_G6,False,False,ACC,MAC,,,-17.333333333333332,Favorite,-1.333333333333332,L,-17.5,
2024,1,2024-08-31T23:00:00.000Z,401643701,Troy,Mountain West,Sun Belt,G6,G6,G6_vs_G6,False,False,Mountain West,Sun Belt,,,10.166666666666666,Underdog,12.166666666666666,W,7.5,
2024,2,2024-09-07T16:00:00.000Z,401643784,Troy,American,Sun Belt,G6,G6,G6_vs_G6,False,False,American,Sun Belt,,,-18.666666666666668,Favorite,2.333333333333332,W,-18.5,1.5
2024,2,2024-09-07T16:00:00.000Z,401635534,Georgia Tech,ACC,ACC,P4,P4,P4_vs_P4,False,False,ACC,ACC,,,2.8333333333333335,Underdog,5.833333333333334,W,3.0,-0.5
2024,2,2024-09-07T20:15:00.000Z,401628342,Middle Tennessee,SEC,Conference USA,P4,G6,P4_vs_G6,False,False,SEC,Conference USA,,,-42.5,Favorite,6.5,W,-43.0,2.5
2024,2,2024-09-07T20:30:00.000Z,401635540,Marshall,ACC,Sun Belt,P4,G6,P4_vs_G6,False,False,ACC,Sun Belt,,,-20.666666666666668,Favorite,-3.666666666666668,L,-20.5,4.0
2024,2,2024-09-07T22:00:00.000Z,401643778,East Carolina,Sun Belt,American,G6,G6,G6_vs_G6,False,False,Sun Belt,American,,,-1.6666666666666667,Favorite,-7.666666666666667,L,-1.5,-1.0
2024,2,2024-09-07T23:00:00.000Z,401628335,Alabama,American,SEC,G6,P4,G6_vs_P4,False,False,American,SEC,,,31.666666666666668,Underdog,5.666666666666668,W,30.5,0.5
2024,2,2024-09-07T23:00:00.000Z,401628344,Buffalo,SEC,MAC,P4,G6,P4_vs_G6,False,False,SEC,MAC,,,-33.666666666666664,Favorite,4.333333333333336,W,-32.0,-2.0
2024,2,2024-09-07T23:00:00.000Z,401643780,UL Monroe,American,Sun Belt,G6,G6,G6_vs_G6,False,False,American,Sun Belt,,,-11.5,Favorite,-37.5,L,-11.0,-0.5
2024,3,2024-09-14T16:00:00.000Z,401628350,Alabama,Big Ten,SEC,P4,P4,P4_vs_P4,False,False,Big Ten,SEC,,,15.166666666666666,Underdog,-16.833333333333336,L,15.5,-6.0
2024,3,2024-09-14T19:30:00.000Z,401628483,Oregon State,Big Ten,,P4,,Other,True,,Pac-12,,0.0,,-17.666666666666668,Favorite,17.333333333333332,W,-18.0,-2.5
2024,3,2024-09-14T20:00:00.000Z,401628477,Troy,Big Ten,Sun Belt,P4,G6,P4_vs_G6,False,False,Big Ten,Sun Belt,,,-23.333333333333332,Favorite,-6.333333333333332,L,-22.5,0.0
2024,3,2024-09-14T20:15:00.000Z,401628351,Arkansas,American,SEC,G6,P4,G6_vs_P4,False,False,American,SEC,,,23.666666666666668,Underdog,13.666666666666668,W,24.0,0.0
2024,3,2024-09-14T22:00:00.000Z,401635548,Old Dominion,ACC,Sun Belt,P4,G6,P4_vs_G6,False,False,ACC,Sun Belt,,,-15.333333333333334,Favorite,4.666666666666666,W,-14.0,0.0
2024,3,2024-09-14T23:00:00.000Z,401628361,UTSA,SEC,American,P4,G6,P4_vs_G6,True,False,Big 12,American,0.0,,-35.5,Favorite,13.5,W,-34.5,0.0
2024,3,2024-09-14T23:30:00.000Z,401636860,Air Force,Big 12,Mountain West,P4,G6,P4_vs_G6,False,False,Big 12,Mountain West,,,-16.666666666666668,Favorite,11.333333333333332,W,-15.5,0.0
2024,3,2024-09-15T00:00:00.000Z,401628478,Maryland,ACC,Big Ten,P4,P4,P4_vs_P4,False,False,ACC,Big Ten,,,-1.1666666666666667,Favorite,-15.166666666666666,L,2.0,0.0
2024,3,2024-09-15T02:30:00.000Z,401635541,San Diego State,ACC,Mountain West,P4,G6,P4_vs_G6,True,False,Pac-12,Mountain West,0.0,,-18.666666666666668,Favorite,2.333333333333332,W,-18.0,0.0
2024,4,2024-09-21T16:00:00.000Z,401636879,Kansas,Big 12,Big 12,P4,P4,P4_vs_P4,False,False,Big 12,Big 12,,,-1.3333333333333333,Favorite,2.666666666666667,W,-1.0,
2024,4,2024-09-21T18:00:00.000Z,401635558,Coastal Carolina,ACC,Sun Belt,P4,G6,P4_vs_G6,False,False,ACC,Sun Belt,,,-3.5,Favorite,15.5,W,-3.5,0.5
2024,4,2024-09-21T19:30:00.000Z,401628363,Arkansas,SEC,SEC,P4,P4,P4_vs_P4,False,False,SEC,SEC,,,-2.5,Favorite,-12.5,L,-2.5,-1.0
2024,4,2024-09-21T23:00:00.000Z,401635555,Miami,American,ACC,G6,P4,G6_vs_P4,False,False,American,ACC,,,16.333333333333332,Underdog,-18.666666666666668,L,15.5,2.0
2024,4,2024-09-21T23:30:00.000Z,401628372,Bowling Green,SEC,MAC,P4,G6,P4_vs_G6,False,False,SEC,MAC,,,-21.166666666666668,Favorite,-15.166666666666668,L,-21.0,-2.0
2024,4,2024-09-22T00:00:00.000Z,401628371,UL Monroe,SEC,Sun Belt,P4,G6,P4_vs_G6,True,False,Big 12,Sun Belt,0.0,,-43.0,Favorite,5.0,W,-41.5,-3.5
2024,4,2024-09-22T00:30:00.000Z,401643717,Oregon State,Big Ten,,P4,,Other,False,,Big Ten,,,,1.8333333333333333,Underdog,-15.166666666666666,L,1.5,4.0
2025,1,2025-08-28T23:00:00.000Z,401762789,Akron,Mountain West,MAC,G6,G6,G6_vs_G6,False,False,Mountain West,MAC,,,-6.0,Favorite,4.0,W,-5.0,-4.5
2025,1,2025-08-30T01:30:00.000Z,401757224,UNLV,Conference USA,Mountain West,G6,G6,G6_vs_G6,False,False,Conference USA,Mountain West,,,10.333333333333334,Underdog,-6.666666666666666,L,9.0,4.5
2025,1,2025-08-30T19:30:00.000Z,401752807,Nevada,Big Ten,Mountain West,P4,G6,P4_vs_G6,False,False,Big Ten,Mountain West,,,-44.166666666666664,Favorite,-9.166666666666664,L,-43.5,0.0
2025,1,2025-08-30T23:30:00.000Z,401752808,New Mexico,Big Ten,Mountain West,P4,G6,P4_vs_G6,False,False,Big Ten,Mountain West,,,-35.166666666666664,Favorite,-18.166666666666664,L,-34.5,0.0
2025,1,2025-08-31T03:00:00.000Z,401752800,UCLA,Big 12,Big Ten,P4,P4,P4_vs_P4,False,False,Big 12,Big Ten,,,-6.5,Favorite,26.5,W,-6.5,3.5
2025,2,2025-09-06T16:00:00.000Z,401757227,Jacksonville State,Conference USA,Conference USA,G6,G6,G6_vs_G6,False,False,Conference USA,Conference USA,,,-6.25,Favorite,-16.25,L,-6.5,1.0
2025,2,2025-09-06T19:30:00.000Z,401752818,Miami (OH),Big Ten,MAC,P4,G6,P4_vs_G6,False,False,Big Ten,MAC,,,-15.5,Favorite,12.5,W,-15.5,2.0
2025,2,2025-09-06T19:30:00.000Z,401756880,Bowling Green,Big 12,MAC,P4,G6,P4_vs_G6,False,False,Big 12,MAC,,,-22.0,Favorite,-8.0,L,-22.5,4.5
2025,2,2025-09-06T19:30:00.000Z,401762458,UAB,American,American,G6,G6,G6_vs_G6,False,False,American,American,,,-21.5,Favorite,-7.5,L,-22.5,1.0
2025,2,2025-09-06T23:00:00.000Z,401757232,Western Kentucky,MAC,Conference USA,G6,G6,G6_vs_G6,False,False,MAC,Conference USA,,,-8.0,Favorite,16.0,W,-7.5,1.0
2025,2,2025-09-06T23:30:00.000Z,401752810,Akron,Big Ten,MAC,P4,G6,P4_vs_G6,False,False,Big Ten,MAC,,,-33.75,Favorite,34.25,W,-33.5,0.0
2025,2,2025-09-07T03:59:00.000Z,401757230,Sam Houston,Mountain West,Conference USA,G6,G6,G6_vs_G6,False,False,Mountain West,Conference USA,,,-7.25,Favorite,9.75,W,-7.5,0.0
2025,3,2025-09-13T16:00:00.000Z,401761608,Memphis,Sun Belt,American,G6,G6,G6_vs_G6,False,False,Sun Belt,American,,,4.5,Underdog,-16.5,L,4.5,
2025,3,2025-09-13T16:00:00.000Z,401752703,Temple,SEC,American,P4,G6,P4_vs_G6,False,False,SEC,American,,,-23.833333333333332,Favorite,15.166666666666668,W,-24.5,-1.0
2025,3,2025-09-13T21:00:00.000Z,401757256,Bowling Green,Conference USA,MAC,G6,G6,G6_vs_G6,False,False,Conference USA,MAC,,,-6.0,Favorite,-16.0,L,-6.5,-1.0
2025,3,2025-09-13T21:00:00.000Z,401757258,Nevada,Conference USA,Mountain West,G6,G6,G6_vs_G6,False,False,Conference USA,Mountain West,,,9.333333333333334,Underdog,10.333333333333334,W,9.5,0.0
2025,3,2025-09-13T23:30:00.000Z,401761604,East Carolina,Sun Belt,American,G6,G6,G6_vs_G6,False,False,Sun Belt,American,,,7.166666666666667,Underdog,-30.833333333333332,L,7.5,-1.0
2025,4,2025-09-20T00:00:00.000Z,401752844,Iowa,Big Ten,Big Ten,P4,P4,P4_vs_P4,False,False,Big Ten,Big Ten,,,2.3333333333333335,Underdog,-7.666666666666666,L,2.0,0.0
2025,4,2025-09-20T16:00:00.000Z,401752708,Memphis,SEC,American,P4,G6,P4_vs_G6,False,False,SEC,American,,,-7.166666666666667,Favorite,-8.166666666666668,L,-7.0,0.5
2025,4,2025-09-20T23:00:00.000Z,401761611,Coastal Carolina,Sun Belt,Sun Belt,G6,G6,G6_vs_G6,False,False,Sun Belt,Sun Belt,,,-14.666666666666666,Favorite,-32.666666666666664,L,-14.5,0.0
2025,4,2025-09-20T23:00:00.000Z,401760372,Air Force,Mountain West,Mountain West,G6,G6,G6_vs_G6,False,False,Mountain West,Mountain West,,,-11.0,Favorite,1.0,W,-11.5,3.0
2025,4,2025-09-20T23:30:00.000Z,401756898,East Carolina,Big 12,American,P4,G6,P4_vs_G6,False,False,Big 12,American,,,-6.166666666666667,Favorite,14.833333333333332,W,-5.5,-2.0
2023,1,2023-08-26T23:30:00.000Z,401520147,Hawai'i,SEC,Mountain West,P4,G6,P4_vs_G6,False,False,SEC,Mountain West,,,-17.625,Favorite,-10.625,L,-17.0,
2023,1,2023-09-01T00:00:00.000Z,401520176,Florida,,SEC,,P4,Other,,False,,SEC,,,-6.3,Favorite,6.7,W,-5.5,
2023,1,2023-09-01T23:00:00.000Z,401525463,Miami (OH),ACC,MAC,P4,G6,P4_vs_G6,False,False,ACC,MAC,,,-16.625,Favorite,18.375,W,-16.5,
2023,1,2023-09-01T23:00:00.000Z,401525463,Miami,MAC,ACC,G6,P4,G6_vs_P4,False,False,MAC,ACC,,,16.625,Underdog,-18.375,L,16.5,
2023,1,2023-09-02T03:00:00.000Z,401523988,Stanford,Mountain West,,G6,,Other,False,,Mountain West,,,,3.625,Underdog,-9.375,L,2.0,
2023,1,2023-09-02T16:00:00.000Z,401520172,SMU,Conference USA,American,G6,G6,G6_vs_G6,False,False,Conference USA,American,,,20.125,Underdog,-3.875,L,21.0,
2023,1,2023-09-02T16:00:00.000Z,401520162,East Carolina,Big Ten,American,P4,G6,P4_vs_G6,False,False,Big Ten,American,,,-35.4,Favorite,-8.399999999999999,L,-36.0,
2023,1,2023-09-02T16:00:00.000Z,401523994,Colorado,Big 12,,P4,,Other,False,,Big 12,,,,-20.6,Favorite,-23.6,L,-20.5,
2023,1,2023-09-02T16:00:00.000Z,401523994,TCU,,Big 12,,P4,Other,,False,,Big 12,,,20.6,Underdog,23.6,W,20.5,
2023,1,2023-09-02T16:00:00.000Z,401520179,Virginia,SEC,ACC,P4,P4,P4_vs_P4,False,False,SEC,ACC,,,-27.7,Favorite,8.3,W,-27.5,
2023,1,2023-09-02T19:30:00.000Z,401520156,Ohio State,Big Ten,Big Ten,P4,P4,P4_vs_P4,False,False,Big Ten,Big Ten,,,29.1,Underdog,9.1,W,30.0,
2023,1,2023-09-02T19:30:00.000Z,401520156,Indiana,Big Ten,Big Ten,P4,P4,P4_vs_P4,False,False,Big Ten,Big Ten,,,-29.1,Favorite,-9.1,L,-30.0,
2023,1,2023-09-02T19:30:00.000Z,401520180,Buffalo,Big Ten,MAC,P4,G6,P4_vs_G6,False,False,Big Ten,MAC,,,-27.0,Favorite,-6.0,L,-29.0,
2023,1,2023-09-02T20:00:00.000Z,401523991,California,American,,G6,,Other,True,,Conference USA,,0.0,,6.5,Underdog,-30.5,L,5.0,
2023,1,2023-09-02T22:30:00.000Z,401523996,Nevada,,Mountain West,,G6,Other,,False,,Mountain West,,,-37.875,Favorite,14.125,W,-37.5,
2023,1,2023-09-02T23:00:00.000Z,401520175,UL Monroe,Independent,Sun Belt,Independent,G6,Other,False,False,Independent,Sun Belt,,,-8.375,Favorite,-12.375,L,-8.5,
2023,1,2023-09-02T23:30:00.000Z,401520169,West Virginia,Big Ten,Big 12,P4,P4,P4_vs_P4,False,False,Big Ten,Big 12,,,-20.6,Favorite,2.3999999999999986,W,-21.0,
2023,1,2023-09-02T23:30:00.000Z,401520169,Penn State,Big 12,Big Ten,P4,P4,P4_vs_P4,False,False,Big 12,Big Ten,,,20.6,Underdog,-2.3999999999999986,L,21.0,
2023,1,2023-09-02T23:30:00.000Z,401520149,Alabama,Conference USA,SEC,G6,P4,G6_vs_P4,False,False,Conference USA,SEC,,,39.375,Underdog,-9.625,L,39.5,
2023,1,2023-09-03T02:15:00.000Z,401520152,BYU,Conference USA,Big 12,G6,P4,G6_vs_P4,False,True,,Independent,,0.0,20.375,Underdog,6.375,W,19.0,
2023,1,2023-09-03T02:30:00.000Z,401523995,UCLA,Sun Belt,,G6,,Other,False,,Sun Belt,,,,15.375,Underdog,1.375,W,15.5,
2023,1,2023-09-03T16:00:00.000Z,401520171,Northwestern,Big Ten,Big Ten,P4,P4,P4_vs_P4,False,False,Big Ten,Big Ten,,,-6.1,Favorite,10.9,W,-5.0,
2023,1,2023-09-03T23:30:00.000Z,401520182,LSU,ACC,SEC,P4,P4,P4_vs_P4,False,False,ACC,SEC,,,2.2,Underdog,23.2,W,2.0,
2023,2,2023-09-08T23:30:00.000Z,401520195,Illinois,Big 12,Big Ten,P4,P4,P4_vs_P4,False,False,Big 12,Big Ten,,,-3.6666666666666665,Favorite,7.333333333333334,W,-3.5,
2023,2,2023-09-09T15:00:00.000Z,401520216,Wake Forest,SEC,ACC,P4,P4,P4_vs_P4,False,False,SEC,ACC,,,9.666666666666666,Underdog,-6.333333333333334,L,9.5,
2023,2,2023-09-09T16:00:00.000Z,401525498,Virginia,Sun Belt,ACC,G6,P4,G6_vs_P4,False,False,Sun Belt,ACC,,,-6.0,Favorite,-5.0,L,-6.0,
2023,2,2023-09-09T19:30:00.000Z,401520201,Miami,SEC,ACC,P4,P4,P4_vs_P4,False,False,SEC,ACC,,,-2.8333333333333335,Favorite,-17.833333333333332,L,-3.0,
2023,2,2023-09-09T19:30:00.000Z,401520207,Northwestern,Conference USA,Big Ten,G6,P4,G6_vs_P4,False,False,Conference USA,Big Ten,,,1.0,Underdog,-30.0,L,1.0,
2023,2,2023-09-09T20:00:00.000Z,401531411,East Carolina,Sun Belt,American,G6,G6,G6_vs_G6,False,False,Sun Belt,American,,,-2.8333333333333335,Favorite,15.166666666666666,W,-3.0,
2023,2,2023-09-09T21:00:00.000Z,401524004,Tulsa,,American,,G6,Other,,False,,American,,,-33.666666666666664,Favorite,-0.6666666666666643,L,-34.0,
2023,2,2023-09-09T23:00:00.000Z,401520183,Alabama,Big 12,SEC,P4,P4,P4_vs_P4,False,False,Big 12,SEC,,,7.166666666666667,Underdog,17.166666666666668,W,7.0,
2023,2,2023-09-09T23:00:00.000Z,401520206,Middle Tennessee,SEC,Conference USA,P4,G6,P4_vs_G6,False,False,SEC,Conference USA,,,-21.0,Favorite,-17.0,L,-21.0,
2023,2,2023-09-09T23:30:00.000Z,401520200,Charlotte,Big Ten,American,P4,G6,P4_vs_G6,False,True,Big Ten,Conference USA,,0.0,-24.5,Favorite,-6.5,L,-24.5,
2023,2,2023-09-09T23:30:00.000Z,401520204,Eastern Michigan,Big Ten,MAC,P4,G6,P4_vs_G6,False,False,Big Ten,MAC,,,-19.666666666666668,Favorite,-0.6666666666666679,L,-19.5,
2023,2,2023-09-09T23:30:00.000Z,401520204,Minnesota,MAC,Big Ten,G6,P4,G6_vs_P4,False,False,MAC,Big Ten,,,19.666666666666668,Underdog,0.6666666666666679,W,19.5,
2023,2,2023-09-10T00:00:00.000Z,401520211,Air Force,Conference USA,Mountain West,G6,G6,G6_vs_G6,False,False,,Mountain West,,,13.166666666666666,Underdog,3.166666666666666,W,13.5,
2023,2,2023-09-10T00:30:00.000Z,401525493,Southern Miss,ACC,Sun Belt,P4,G6,P4_vs_G6,False,False,ACC,Sun Belt,,,-31.0,Favorite,22.0,W,-31.0,
2023,2,2023-09-10T02:30:00.000Z,401524003,Stanford,,,,,Other,,,,,,,-28.666666666666668,Favorite,17.333333333333332,W,-28.5,
2023,2,2023-09-10T02:30:00.000Z,401520186,California,SEC,,P4,,Other,False,,SEC,,,,-4.833333333333333,Favorite,-0.833333333333333,L,-5.0,
2023,3,2023-09-15T23:00:00.000Z,401520231,Virginia,Big Ten,ACC,P4,P4,P4_vs_P4,False,False,Big Ten,ACC,,,-16.25,Favorite,11.75,W,-16.5,
2023,3,2023-09-16T16:00:00.000Z,401520226,Illinois,Big Ten,Big Ten,P4,P4,P4_vs_P4,False,False,Big Ten,Big Ten,,,-13.5,Favorite,3.5,W,-14.0,
2023,3,2023-09-16T16:00:00.000Z,401525500,Boston College,ACC,ACC,P4,P4,P4_vs_P4,False,False,ACC,ACC,,,-25.25,Favorite,-23.25,L,-25.5,
2023,3,2023-09-16T16:00:00.000Z,401520230,Louisville,Big Ten,ACC,P4,P4,P4_vs_P4,False,False,Big Ten,ACC,,,10.0,Underdog,3.0,W,10.0,
2023,3,2023-09-16T18:30:00.000Z,401525437,Central Michigan,Independent,MAC,Independent,G6,Other,False,False,Independent,MAC,,,-34.75,Favorite,-10.75,L,-34.5,
2023,3,2023-09-16T18:30:00.000Z,401525437,Notre Dame,MAC,Independent,G6,Independent,Other,False,False,MAC,Independent,,,34.75,Underdog,10.75,W,34.5,
2023,3,2023-09-16T19:30:00.000Z,401520223,Northwestern,ACC,Big Ten,P4,P4,P4_vs_P4,False,False,ACC,Big Ten,,,-17.0,Favorite,7.0,W,-17.0,
2023,3,2023-09-16T19:30:00.000Z,401525842,Tulsa,Big 12,American,P4,G6,P4_vs_G6,False,False,Big 12,American,,,-28.0,Favorite,21.0,W,-28.0,
2023,3,2023-09-16T19:30:00.000Z,401520244,Alabama,American,SEC,G6,P4,G6_vs_P4,False,False,American,SEC,,,34.25,Underdog,20.25,W,34.0,
2023,3,2023-09-16T20:00:00.000Z,401520245,UL Monroe,SEC,Sun Belt,P4,G6,P4_vs_G6,False,False,SEC,Sun Belt,,,-36.5,Favorite,7.5,W,-36.5,
2023,3,2023-09-16T23:00:00.000Z,401525835,Cincinnati,MAC,Big 12,G6,P4,G6_vs_P4,False,True,MAC,American,,0.0,14.25,Underdog,21.25,W,14.5,
2023,3,2023-09-16T23:00:00.000Z,401531848,Troy,Sun Belt,Sun Belt,G6,G6,G6_vs_G6,False,False,Sun Belt,Sun Belt,,,2.8333333333333335,Underdog,4.833333333333334,W,2.5,
2023,3,2023-09-16T23:00:00.000Z,401520224,Florida,SEC,SEC,P4,P4,P4_vs_P4,False,False,SEC,SEC,,,-5.666666666666667,Favorite,-18.666666666666668,L,-5.0,
2023,3,2023-09-16T23:00:00.000Z,401531379,UAB,Sun Belt,American,G6,G6,G6_vs_G6,False,True,Sun Belt,Conference USA,,0.0,2.0,Underdog,22.0,W,2.0,
2023,3,2023-09-16T23:30:00.000Z,401525503,Pittsburgh,Big 12,ACC,P4,P4,P4_vs_P4,False,False,Big 12,ACC,,,-1.0,Favorite,10.0,W,-2.5,
2023,3,2023-09-16T23:30:00.000Z,401520232,Bowling Green,Big Ten,MAC,P4,G6,P4_vs_G6,False,False,Big Ten,MAC,,,-40.75,Favorite,-15.75,L,-40.5,
2023,3,2023-09-17T00:00:00.000Z,401524008,Hawai'i,,Mountain West,,G6,Other,,False,,Mountain West,,,-38.25,Favorite,6.75,W,-38.5,
2023,3,2023-09-17T00:00:00.000Z,401525836,TCU,Big 12,Big 12,P4,P4,P4_vs_P4,True,False,American,Big 12,0.0,,7.25,Underdog,-15.75,L,7.5,
2023,3,2023-09-17T02:30:00.000Z,401525837,Nevada,Big 12,Mountain West,P4,G6,P4_vs_G6,False,False,Big 12,Mountain West,,,-28.5,Favorite,-21.5,L,-28.5,
2023,4,2023-09-23T16:00:00.000Z,401525845,Cincinnati,Big 12,Big 12,P4,P4,P4_vs_P4,False,True,Big 12,American,,0.0,-13.666666666666666,Favorite,0.3333333333333339,W,-13.0,
2023,4,2023-09-23T16:00:00.000Z,401525507,Clemson,ACC,ACC,P4,P4,P4_vs_P4,False,False,ACC,ACC,,,-2.0,Favorite,5.0,W,-2.0,
2023,4,2023-09-23T16:00:00.000Z,401525849,SMU,Big 12,American,P4,G6,P4_vs_G6,False,False,Big 12,American,,,-6.833333333333333,Favorite,10.166666666666668,W,-7.0,
2023,4,2023-09-23T16:00:00.000Z,401525849,TCU,American,Big 12,G6,P4,G6_vs_P4,False,False,American,Big 12,,,6.833333333333333,Underdog,-10.166666666666668,L,7.0,
2023,4,2023-09-23T19:30:00.000Z,401525506,Louisville,ACC,ACC,P4,P4,P4_vs_P4,False,False,ACC,ACC,,,13.833333333333334,Underdog,-14.166666666666666,L,14.0,
2023,4,2023-09-23T19:30:00.000Z,401520250,Alabama,SEC,SEC,P4,P4,P4_vs_P4,False,False,SEC,SEC,,,7.0,Underdog,-7.0,L,7.0,
2023,4,2023-09-23T19:30:00.000Z,401525509,Miami,American,ACC,G6,P4,G6_vs_P4,False,False,American,ACC,,,23.333333333333332,Underdog,-10.666666666666668,L,23.0,
2023,4,2023-09-23T19:30:00.000Z,401525847,BYU,Big 12,Big 12,P4,P4,P4_vs_P4,False,True,Big 12,Independent,,0.0,-9.333333333333334,Favorite,1.666666666666666,W,-9.0,
2023,4,2023-09-23T19:30:00.000Z,401524017,UCLA,,,,,Other,,,,,,,-3.8333333333333335,Favorite,3.1666666666666665,W,-3.0,
2023,4,2023-09-23T20:00:00.000Z,401520269,UTSA,SEC,American,P4,G6,P4_vs_G6,False,True,SEC,Conference USA,,0.0,-23.333333333333332,Favorite,7.666666666666668,W,-24.0,
2023,4,2023-09-23T20:00:00.000Z,401531423,South Florida,American,American,G6,G6,G6_vs_G6,True,False,Conference USA,American,0.0,,-2.5,Favorite,-15.5,L,-2.5,
2023,4,2023-09-23T21:00:00.000Z,401520257,Eastern Michigan,Conference USA,MAC,G6,G6,G6_vs_G6,False,False,,MAC,,,-6.5,Favorite,14.5,W,-6.5,
2023,4,2023-09-23T21:00:00.000Z,401520257,Jacksonville State,MAC,Conference USA,G6,G6,G6_vs_G6,False,False,MAC,,,,6.5,Underdog,-14.5,L,6.5,
2023,4,2023-09-23T21:00:00.000Z,401531876,Central Michigan,Sun Belt,MAC,G6,G6,G6_vs_G6,False,False,Sun Belt,MAC,,,-16.166666666666668,Favorite,-20.166666666666668,L,-16.5,
2023,4,2023-09-23T22:30:00.000Z,401525508,Wake Forest,ACC,ACC,P4,P4,P4_vs_P4,False,False,ACC,ACC,,,3.6666666666666665,Underdog,17.666666666666668,W,3.5,
2023,4,2023-09-23T23:30:00.000Z,401520264,Northwestern,Big Ten,Big Ten,P4,P4,P4_vs_P4,False,False,Big Ten,Big Ten,,,-11.166666666666666,Favorite,-14.166666666666666,L,-11.5,
2023,4,2023-09-23T23:30:00.000Z,401521330,Ohio State,Independent,Big Ten,Independent,P4,Other,False,False,Independent,Big Ten,,,3.1666666666666665,Underdog,0.1666666666666665,W,3.0,
2023,4,2023-09-23T23:30:00.000Z,401521330,Notre Dame,Big Ten,Independent,P4,Independent,Other,False,False,Big Ten,Independent,,,-3.1666666666666665,Favorite,-0.1666666666666665,L,-3.0,
2023,4,2023-09-23T23:30:00.000Z,401520259,Memphis,SEC,American,P4,G6,P4_vs_G6,False,False,SEC,American,,,-6.5,Favorite,0.5,W,-6.5,
2023,4,2023-09-23T23:30:00.000Z,401520252,UAB,SEC,American,P4,G6,P4_vs_G6,False,True,SEC,Conference USA,,0.0,-40.833333333333336,Favorite,-12.833333333333336,L,-40.0,
2023,4,2023-09-23T23:30:00.000Z,401520265,Iowa,Big Ten,Big Ten,P4,P4,P4_vs_P4,False,False,Big Ten,Big Ten,,,-14.166666666666666,Favorite,16.833333333333336,W,-14.0,
2023,4,2023-09-24T00:00:00.000Z,401525510,Pittsburgh,ACC,ACC,P4,P4,P4_vs_P4,False,False,ACC,ACC,,,-7.166666666666667,Favorite,9.833333333333332,W,-7.0,
2023,4,2023-09-24T02:30:00.000Z,401524018,California,,,,,Other,,,,,,,-20.5,Favorite,6.5,W,-21.0,
2024,1,2024-08-30T00:00:00.000Z,401640998,Coastal Carolina,Conference USA,Sun Belt,G6,G6,G6_vs_G6,False,False,Conference USA,Sun Belt,,,-3.5,Favorite,-31.5,L,-3.5,
2024,1,2024-08-30T00:00:00.000Z,401628448,North Carolina,Big Ten,ACC,P4,P4,P4_vs_P4,False,False,Big Ten,ACC,,,0.3333333333333333,Underdog,-1.6666666666666667,L,1.5,
2024,1,2024-08-30T23:00:00.000Z,401628328,Temple,SEC,American,P4,G6,P4_vs_G6,True,False,Big 12,American,0.0,,-43.0,Favorite,5.0,W,-43.5,
2024,1,2024-08-30T23:00:00.000Z,401628328,Oklahoma,American,SEC,G6,P4,G6_vs_P4,False,True,American,Big 12,,0.0,43.0,Underdog,-5.0,L,43.5,
2024,1,2024-08-31T16:00:00.000Z,401628451,Maryland,Independent,Big Ten,Independent,P4,Other,False,False,Independent,Big Ten,,,19.333333333333332,Underdog,-23.666666666666668,L,18.5,
2024,1,2024-08-31T16:00:00.000Z,401628333,Vanderbilt,ACC,SEC,P4,P4,P4_vs_P4,False,False,ACC,SEC,,,-13.333333333333334,Favorite,-20.333333333333336,L,-13.5,
2024,1,2024-08-31T19:30:00.000Z,401628454,UTEP,Big Ten,Conference USA,P4,G6,P4_vs_G6,False,False,Big Ten,Conference USA,,,-27.5,Favorite,5.5,W,-27.5,0.5
2024,1,2024-08-31T19:30:00.000Z,401634304,Ohio,ACC,MAC,P4,G6,P4_vs_G6,False,False,ACC,MAC,,,-17.333333333333332,Favorite,-1.333333333333332,L,-17.5,
2024,1,2024-08-31T19:30:00.000Z,401628455,Akron,Big Ten,MAC,P4,G6,P4_vs_G6,False,False,Big Ten,MAC,,,-49.5,Favorite,-3.5,L,-48.5,
2024,1,2024-08-31T21:00:00.000Z,401643775,South Alabama,American,Sun Belt,G6,G6,G6_vs_G6,False,False,American,Sun Belt,,,5.833333333333333,Underdog,19.833333333333332,W,5.5,
2024,1,2024-08-31T23:00:00.000Z,401643701,Troy,Mountain West,Sun Belt,G6,G6,G6_vs_G6,False,False,Mountain West,Sun Belt,,,10.166666666666666,Underdog,12.166666666666666,W,7.5,
2024,1,2024-08-31T23:00:00.000Z,401641039,Sam Houston,American,Conference USA,G6,G6,G6_vs_G6,False,False,American,Conference USA,,,-9.833333333333334,Favorite,-29.833333333333336,L,-9.5,
2024,1,2024-08-31T23:45:00.000Z,401628324,Kentucky,Sun Belt,SEC,G6,P4,G6_vs_P4,False,False,Sun Belt,SEC,,,25.5,Underdog,-5.5,L,25.5,
2024,1,2024-09-01T00:00:00.000Z,401643774,James Madison,American,Sun Belt,G6,G6,G6_vs_G6,False,False,American,Sun Belt,,,7.0,Underdog,-16.0,L,7.5,1.5
2024,1,2024-09-01T02:30:00.000Z,401636608,New Mexico,Big 12,Mountain West,P4,G6,P4_vs_G6,True,False,Pac-12,Mountain West,0.0,,-29.166666666666668,Favorite,-7.166666666666668,L,-29.0,
2024,1,2024-09-01T23:30:00.000Z,401628334,USC,SEC,Big Ten,P4,P4,P4_vs_P4,False,True,SEC,Pac-12,,0.0,-3.8333333333333335,Favorite,-10.833333333333334,L,-3.5,-0.5
2024,2,2024-09-07T01:00:00.000Z,401635533,Duke,Big Ten,ACC,P4,P4,P4_vs_P4,False,False,Big Ten,ACC,,,-2.1666666666666665,Favorite,-8.166666666666666,L,-1.5,-1.0
2024,2,2024-09-07T16:00:00.000Z,401643784,Troy,American,Sun Belt,G6,G6,G6_vs_G6,False,False,American,Sun Belt,,,-18.666666666666668,Favorite,2.333333333333332,W,-18.5,1.5
2024,2,2024-09-07T16:00:00.000Z,401628470,Bowling Green,Big Ten,MAC,P4,G6,P4_vs_G6,False,False,Big Ten,MAC,,,-34.833333333333336,Favorite,-27.833333333333336,L,-35.0,3.0
2024,2,2024-09-07T16:00:00.000Z,401628471,Akron,Big Ten,MAC,P4,G6,P4_vs_G6,False,False,Big Ten,MAC,,,-24.5,Favorite,7.5,W,-24.5,1.5
2024,2,2024-09-07T16:00:00.000Z,401628347,Michigan,SEC,Big Ten,P4,P4,P4_vs_P4,True,False,Big 12,Big Ten,0.0,,-6.666666666666667,Favorite,12.333333333333332,W,-6.5,-1.0
2024,2,2024-09-07T19:30:00.000Z,401645324,Temple,American,American,G6,G6,G6_vs_G6,False,False,American,American,,,-12.166666666666666,Favorite,14.833333333333334,W,-13.5,0.5
2024,2,2024-09-07T19:30:00.000Z,401635537,North Carolina,American,ACC,G6,P4,G6_vs_P4,False,False,American,ACC,,,21.5,Underdog,3.5,W,22.0,0.5
2024,2,2024-09-07T19:30:00.000Z,401635535,Jacksonville State,ACC,Conference USA,P4,G6,P4_vs_G6,False,False,ACC,Conference USA,,,-28.5,Favorite,6.5,W,-29.0,2.0
2024,2,2024-09-07T19:30:00.000Z,401635535,Louisville,Conference USA,ACC,G6,P4,G6_vs_P4,False,False,Conference USA,ACC,,,28.5,Underdog,-6.5,L,29.0,-2.0
2024,2,2024-09-07T19:30:00.000Z,401628473,Washington,MAC,Big Ten,G6,P4,G6_vs_P4,False,True,MAC,Pac-12,,0.0,24.833333333333332,Underdog,3.833333333333332,W,24.5,-0.5
2024,2,2024-09-07T20:30:00.000Z,401635540,Marshall,ACC,Sun Belt,P4,G6,P4_vs_G6,False,False,ACC,Sun Belt,,,-20.666666666666668,Favorite,-3.666666666666668,L,-20.5,4.0
2024,2,2024-09-07T22:00:00.000Z,401643781,Ohio,Sun Belt,MAC,G6,G6,G6_vs_G6,False,False,Sun Belt,MAC,,,-0.8333333333333334,Favorite,-7.833333333333333,L,-2.0,1.0
2024,2,2024-09-07T22:30:00.000Z,401636617,UCF,Conference USA,Big 12,G6,P4,G6_vs_P4,False,False,Conference USA,Big 12,,,21.5,Underdog,-9.5,L,21.5,2.0
2024,2,2024-09-07T23:00:00.000Z,401628344,Buffalo,SEC,MAC,P4,G6,P4_vs_G6,False,False,SEC,MAC,,,-33.666666666666664,Favorite,4.333333333333336,W,-32.0,-2.0
2024,2,2024-09-07T23:00:00.000Z,401643780,UL Monroe,American,Sun Belt,G6,G6,G6_vs_G6,False,False,American,Sun Belt,,,-11.5,Favorite,-37.5,L,-11.0,-0.5
2024,2,2024-09-07T23:45:00.000Z,401628345,Houston,SEC,Big 12,P4,P4,P4_vs_P4,True,False,Big 12,Big 12,0.0,,-27.666666666666668,Favorite,-23.666666666666668,L,-28.0,1.0
2024,2,2024-09-07T23:45:00.000Z,401628345,Oklahoma,Big 12,SEC,P4,P4,P4_vs_P4,False,True,Big 12,Big 12,,0.0,27.666666666666668,Underdog,23.666666666666668,W,28.0,-1.0
2024,2,2024-09-08T02:00:00.000Z,401628469,Boise State,Big Ten,Mountain West,P4,G6,P4_vs_G6,True,False,Pac-12,Mountain West,0.0,,-18.833333333333332,Favorite,-15.833333333333332,L,-18.0,0.0
2024,3,2024-09-14T16:00:00.000Z,401628350,Alabama,Big Ten,SEC,P4,P4,P4_vs_P4,False,False,Big Ten,SEC,,,15.166666666666666,Underdog,-16.833333333333336,L,15.5,-6.0
2024,3,2024-09-14T16:00:00.000Z,401628475,Illinois,MAC,Big Ten,G6,P4,G6_vs_P4,False,False,MAC,Big Ten,,,20.833333333333332,Underdog,-0.1666666666666678,L,20.0,0.0
2024,3,2024-09-14T16:00:00.000Z,401636868,Texas Tech,American,Big 12,G6,P4,G6_vs_P4,False,False,American,Big 12,,,10.333333333333334,Underdog,-34.666666666666664,L,9.5,0.0
2024,3,2024-09-14T18:00:00.000Z,401643786,Coastal Carolina,American,Sun Belt,G6,G6,G6_vs_G6,False,False,American,Sun Belt,,,17.333333333333332,Underdog,9.333333333333332,W,17.0,1.5
2024,3,2024-09-14T19:30:00.000Z,401628358,Tulane,SEC,American,P4,G6,P4_vs_G6,True,False,Big 12,American,0.0,,-13.333333333333334,Favorite,1.666666666666666,W,-13.5,0.0
2024,3,2024-09-14T19:30:00.000Z,401628481,Nevada,Big Ten,Mountain West,P4,G6,P4_vs_G6,False,False,Big Ten,Mountain West,,,-16.833333333333332,Favorite,10.166666666666668,W,-17.0,-0.5
2024,3,2024-09-14T19:30:00.000Z,401628484,Washington,,Big Ten,,P4,Other,,True,,Pac-12,,0.0,5.166666666666667,Underdog,10.166666666666668,W,5.5,2.0
2024,3,2024-09-14T19:30:00.000Z,401628483,Oregon State,Big Ten,,P4,,Other,True,,Pac-12,,0.0,,-17.666666666666668,Favorite,17.333333333333332,W,-18.0,-2.5
2024,3,2024-09-14T20:00:00.000Z,401628477,Troy,Big Ten,Sun Belt,P4,G6,P4_vs_G6,False,False,Big Ten,Sun Belt,,,-23.333333333333332,Favorite,-6.333333333333332,L,-22.5,0.0
2024,3,2024-09-14T22:00:00.000Z,401640990,UTEP,Conference USA,Conference USA,G6,G6,G6_vs_G6,False,False,Conference USA,Conference USA,,,-23.666666666666668,Favorite,-5.666666666666668,L,-23.5,0.0
2024,3,2024-09-14T23:00:00.000Z,401628361,UTSA,SEC,American,P4,G6,P4_vs_G6,True,False,Big 12,American,0.0,,-35.5,Favorite,13.5,W,-34.5,0.0
2024,3,2024-09-14T23:00:00.000Z,401640999,Eastern Michigan,Conference USA,MAC,G6,G6,G6_vs_G6,False,False,Conference USA,MAC,,,-1.0,Favorite,-4.0,L,2.0,0.0
2024,3,2024-09-14T23:30:00.000Z,401628354,Kentucky,SEC,SEC,P4,P4,P4_vs_P4,False,False,SEC,SEC,,,-22.5,Favorite,-21.5,L,-22.0,-1.5
2024,3,2024-09-14T23:30:00.000Z,401636860,Air Force,Big 12,Mountain West,P4,G6,P4_vs_G6,False,False,Big 12,Mountain West,,,-16.666666666666668,Favorite,11.333333333333332,W,-15.5,0.0
2024,3,2024-09-14T23:30:00.000Z,401628352,New Mexico,SEC,Mountain West,P4,G6,P4_vs_G6,False,False,SEC,Mountain West,,,-25.833333333333332,Favorite,0.1666666666666678,W,-24.0,-4.0
2024,3,2024-09-14T23:30:00.000Z,401636866,UCF,Big 12,Big 12,P4,P4,P4_vs_P4,False,False,Big 12,Big 12,,,-2.1666666666666665,Favorite,-3.1666666666666665,L,-2.5,4.5
2024,3,2024-09-15T00:00:00.000Z,401636862,Houston,American,Big 12,G6,P4,G6_vs_P4,False,False,American,Big 12,,,4.333333333333333,Underdog,-21.666666666666668,L,5.0,0.0
2024,3,2024-09-15T00:00:00.000Z,401628478,Maryland,ACC,Big Ten,P4,P4,P4_vs_P4,False,False,ACC,Big Ten,,,-1.1666666666666667,Favorite,-15.166666666666666,L,2.0,0.0
2024,3,2024-09-15T02:30:00.000Z,401635541,San Diego State,ACC,Mountain West,P4,G6,P4_vs_G6,True,False,Pac-12,Mountain West,0.0,,-18.666666666666668,Favorite,2.333333333333332,W,-18.0,0.0
2024,4,2024-09-21T00:00:00.000Z,401628485,Illinois,Big Ten,Big Ten,P4,P4,P4_vs_P4,False,False,Big Ten,Big Ten,,,-8.833333333333334,Favorite,-15.833333333333334,L,-8.0,-1.0
2024,4,2024-09-21T16:00:00.000Z,401643791,Tulane,Sun Belt,American,G6,G6,G6_vs_G6,False,False,Sun Belt,American,,,1.5,Underdog,-6.5,L,1.5,
2024,4,2024-09-21T16:00:00.000Z,401645328,Army,American,American,G6,G6,G6_vs_G6,False,True,American,Independent,,0.0,7.333333333333333,Underdog,-15.666666666666668,L,7.5,
2024,4,2024-09-21T16:45:00.000Z,401628364,Ohio,SEC,MAC,P4,G6,P4_vs_G6,False,False,SEC,MAC,,,-20.666666666666668,Favorite,14.333333333333332,W,-21.5,
2024,4,2024-09-21T18:00:00.000Z,401635558,Coastal Carolina,ACC,Sun Belt,P4,G6,P4_vs_G6,False,False,ACC,Sun Belt,,,-3.5,Favorite,15.5,W,-3.5,0.5
2024,4,2024-09-21T19:00:00.000Z,401641000,Southern Miss,Conference USA,Sun Belt,G6,G6,G6_vs_G6,False,False,Conference USA,Sun Belt,,,-6.166666666666667,Favorite,30.833333333333332,W,-6.5,0.0
2024,4,2024-09-21T19:30:00.000Z,401628365,UCLA,SEC,Big Ten,P4,P4,P4_vs_P4,False,True,SEC,Pac-12,,0.0,-21.5,Favorite,-4.5,L,-21.5,-1.5
2024,4,2024-09-21T19:30:00.000Z,401628489,Michigan,Big Ten,Big Ten,P4,P4,P4_vs_P4,True,False,Pac-12,Big Ten,0.0,,-4.166666666666667,Favorite,-7.166666666666667,L,-4.5,-1.0
2024,4,2024-09-21T21:00:00.000Z,401635557,SMU,Big 12,ACC,P4,P4,P4_vs_P4,False,True,Big 12,American,,0.0,-1.6666666666666667,Favorite,-25.666666666666668,L,-1.5,-1.0
2024,4,2024-09-21T23:00:00.000Z,401635551,Florida State,ACC,ACC,P4,P4,P4_vs_P4,True,False,Pac-12,ACC,0.0,,2.8333333333333335,Underdog,-2.1666666666666665,L,2.5,-0.5
2024,4,2024-09-21T23:00:00.000Z,401628491,Washington,Big Ten,Big Ten,P4,P4,P4_vs_P4,False,True,Big Ten,Pac-12,,0.0,11.833333333333334,Underdog,-7.166666666666666,L,12.0,-1.5
2024,4,2024-09-21T23:00:00.000Z,401643716,North Texas,Mountain West,American,G6,G6,G6_vs_G6,False,False,Mountain West,American,,,7.0,Underdog,-20.0,L,7.5,2.0
2024,4,2024-09-21T23:00:00.000Z,401641037,Toledo,Conference USA,MAC,G6,G6,G6_vs_G6,False,False,Conference USA,MAC,,,2.3333333333333335,Underdog,7.333333333333334,W,2.5,-3.5
2024,4,2024-09-21T23:30:00.000Z,401628369,Tennessee,SEC,SEC,P4,P4,P4_vs_P4,True,False,Big 12,SEC,0.0,,6.0,Underdog,-4.0,L,5.5,2.0
2024,4,2024-09-21T23:30:00.000Z,401628369,Oklahoma,SEC,SEC,P4,P4,P4_vs_P4,False,True,SEC,Big 12,,0.0,-6.0,Favorite,4.0,W,-5.5,-2.0
2024,4,2024-09-21T23:30:00.000Z,401628372,Bowling Green,SEC,MAC,P4,G6,P4_vs_G6,False,False,SEC,MAC,,,-21.166666666666668,Favorite,-15.166666666666668,L,-21.0,-2.0
2024,4,2024-09-22T00:00:00.000Z,401628371,UL Monroe,SEC,Sun Belt,P4,G6,P4_vs_G6,True,False,Big 12,Sun Belt,0.0,,-43.0,Favorite,5.0,W,-41.5,-3.5
2025,1,2025-08-23T23:30:00.000Z,401754516,Hawai'i,ACC,Mountain West,P4,G6,P4_vs_G6,False,False,ACC,Mountain West,,,1.6666666666666667,Underdog,-1.3333333333333333,L,2.0,-4.5
2025,1,2025-08-28T23:00:00.000Z,401756848,Jacksonville State,Big 12,Conference USA,P4,G6,P4_vs_G6,False,False,Big 12,Conference USA,,,-19.166666666666668,Favorite,-12.166666666666668,L,-20.5,4.0
2025,1,2025-08-29T00:00:00.000Z,401752793,Buffalo,Big Ten,MAC,P4,G6,P4_vs_G6,False,False,Big Ten,MAC,,,-17.166666666666668,Favorite,-4.166666666666668,L,-18.5,0.0
2025,1,2025-08-29T00:00:00.000Z,401752793,Minnesota,MAC,Big Ten,G6,P4,G6_vs_P4,False,False,MAC,Big Ten,,,17.166666666666668,Underdog,4.166666666666668,W,18.5,0.0
2025,1,2025-08-29T01:00:00.000Z,401762791,Miami (OH),Big Ten,MAC,P4,G6,P4_vs_G6,False,False,Big Ten,MAC,,,-18.0,Favorite,-1.0,L,-18.0,0.5
2025,1,2025-08-30T00:00:00.000Z,401754375,Colorado,ACC,Big 12,P4,P4,P4_vs_P4,False,False,ACC,Big 12,,,-3.6666666666666665,Favorite,3.3333333333333335,W,-3.5,0.0
2025,1,2025-08-30T16:00:00.000Z,401752803,Tulane,Big Ten,American,P4,G6,P4_vs_G6,False,False,Big Ten,American,,,6.0,Underdog,-14.0,L,5.0,2.5
2025,1,2025-08-30T16:00:00.000Z,401752676,Syracuse,SEC,ACC,P4,P4,P4_vs_P4,False,False,SEC,ACC,,,-13.5,Favorite,5.5,W,-13.5,-1.0
2025,1,2025-08-30T16:00:00.000Z,401752676,Tennessee,ACC,SEC,P4,P4,P4_vs_P4,False,False,ACC,SEC,,,13.5,Underdog,-5.5,L,13.5,1.0
2025,1,2025-08-30T16:00:00.000Z,401752677,Texas,Big Ten,SEC,P4,P4,P4_vs_P4,False,False,Big Ten,SEC,,,-2.1666666666666665,Favorite,4.833333333333334,W,-2.0,-1.0
2025,1,2025-08-30T16:00:00.000Z,401752677,Ohio State,SEC,Big Ten,P4,P4,P4_vs_P4,False,False,SEC,Big Ten,,,2.1666666666666665,Underdog,-4.833333333333334,L,2.0,1.0
2025,1,2025-08-30T18:30:00.000Z,401752806,Old Dominion,Big Ten,Sun Belt,P4,G6,P4_vs_G6,False,False,Big Ten,Sun Belt,,,-23.333333333333332,Favorite,-10.333333333333332,L,-23.0,-0.5
2025,1,2025-08-30T19:30:00.000Z,401752807,Nevada,Big Ten,Mountain West,P4,G6,P4_vs_G6,False,False,Big Ten,Mountain West,,,-44.166666666666664,Favorite,-9.166666666666664,L,-43.5,0.0
2025,1,2025-08-30T19:30:00.000Z,401752669,Marshall,SEC,Sun Belt,P4,G6,P4_vs_G6,False,False,SEC,Sun Belt,,,-38.833333333333336,Favorite,-0.8333333333333357,L,-38.5,0.0
2025,1,2025-08-30T23:30:00.000Z,401752671,LSU,ACC,SEC,P4,P4,P4_vs_P4,False,False,ACC,SEC,,,-4.833333333333333,Favorite,-11.833333333333332,L,-5.5,3.0
2025,1,2025-08-30T23:30:00.000Z,401752808,New Mexico,Big Ten,Mountain West,P4,G6,P4_vs_G6,False,False,Big Ten,Mountain West,,,-35.166666666666664,Favorite,-18.166666666666664,L,-34.5,0.0
2025,1,2025-08-31T00:00:00.000Z,401761592,Rice,Sun Belt,American,G6,G6,G6_vs_G6,False,False,Sun Belt,American,,,-11.166666666666666,Favorite,-13.166666666666666,L,-9.5,-5.0
2025,1,2025-08-31T02:30:00.000Z,401752936,California,,ACC,,P4,Other,,False,,ACC,,,0.8333333333333334,Underdog,-18.166666666666668,L,3.0,-4.5
2025,1,2025-08-31T23:30:00.000Z,401754522,Miami,Independent,ACC,Independent,P4,Other,False,False,Independent,ACC,,,-2.6666666666666665,Favorite,-5.666666666666666,L,-3.0,0.5
2025,2,2025-09-06T16:00:00.000Z,401752825,Duke,Big Ten,ACC,P4,P4,P4_vs_P4,False,False,Big Ten,ACC,,,-2.5,Favorite,23.5,W,-2.5,0.0
2025,2,2025-09-06T16:00:00.000Z,401757227,Jacksonville State,Conference USA,Conference USA,G6,G6,G6_vs_G6,False,False,Conference USA,Conference USA,,,-6.25,Favorite,-16.25,L,-6.5,1.0
2025,2,2025-09-06T19:30:00.000Z,401752818,Miami (OH),Big Ten,MAC,P4,G6,P4_vs_G6,False,False,Big Ten,MAC,,,-15.5,Favorite,12.5,W,-15.5,2.0
2025,2,2025-09-06T19:30:00.000Z,401756880,Bowling Green,Big 12,MAC,P4,G6,P4_vs_G6,False,False,Big 12,MAC,,,-22.0,Favorite,-8.0,L,-22.5,4.5
2025,2,2025-09-06T19:30:00.000Z,401752686,Ole Miss,SEC,SEC,P4,P4,P4_vs_P4,False,False,SEC,SEC,,,7.75,Underdog,0.75,W,7.5,2.0
2025,2,2025-09-06T19:30:00.000Z,401754637,Troy,ACC,Sun Belt,P4,G6,P4_vs_G6,False,False,ACC,Sun Belt,,,-30.25,Favorite,-19.25,L,-29.5,-2.0
2025,2,2025-09-06T19:30:00.000Z,401756881,Colorado,Conference USA,Big 12,G6,P4,G6_vs_P4,False,False,,Big 12,,,23.5,Underdog,-0.5,L,23.5,1.0
2025,2,2025-09-06T19:30:00.000Z,401762461,Western Michigan,American,MAC,G6,G6,G6_vs_G6,False,False,American,MAC,,,-12.25,Favorite,-9.25,L,-12.5,2.0
2025,2,2025-09-06T19:30:00.000Z,401752689,Kansas,SEC,Big 12,P4,P4,P4_vs_P4,False,False,SEC,Big 12,,,-6.333333333333333,Favorite,4.666666666666667,W,-6.5,0.0
2025,2,2025-09-06T19:30:00.000Z,401762458,UAB,American,American,G6,G6,G6_vs_G6,False,False,American,American,,,-21.5,Favorite,-7.5,L,-22.5,1.0
2025,2,2025-09-06T20:00:00.000Z,401756883,West Virginia,MAC,Big 12,G6,P4,G6_vs_P4,False,False,MAC,Big 12,,,3.5,Underdog,10.5,W,3.5,-0.5
2025,2,2025-09-06T23:00:00.000Z,401754527,Charlotte,ACC,American,P4,G6,P4_vs_G6,False,False,ACC,American,,,-15.75,Favorite,1.25,W,-15.0,2.0
2025,2,2025-09-06T23:00:00.000Z,401757232,Western Kentucky,MAC,Conference USA,G6,G6,G6_vs_G6,False,False,MAC,Conference USA,,,-8.0,Favorite,16.0,W,-7.5,1.0
2025,2,2025-09-06T23:00:00.000Z,401756884,Rice,Big 12,American,P4,G6,P4_vs_G6,False,False,Big 12,American,,,-13.5,Favorite,12.5,W,-13.5,1.0
2025,2,2025-09-06T23:30:00.000Z,401752695,Virginia Tech,SEC,ACC,P4,P4,P4_vs_P4,False,False,SEC,ACC,,,2.0,Underdog,26.0,W,1.5,-0.5
2025,2,2025-09-07T01:00:00.000Z,401757229,Tulsa,Conference USA,American,G6,G6,G6_vs_G6,False,False,Conference USA,American,,,3.25,Underdog,10.25,W,3.5,0.0
2025,2,2025-09-07T02:15:00.000Z,401752948,Washington State,Mountain West,,G6,,Other,False,,Mountain West,,,,2.25,Underdog,-20.75,L,2.5,-1.0
2025,3,2025-09-12T23:30:00.000Z,401756893,Colorado,Big 12,Big 12,P4,P4,P4_vs_P4,False,False,Big 12,Big 12,,,-3.8333333333333335,Favorite,12.166666666666666,W,-4.0,-0.5
2025,3,2025-09-13T16:00:00.000Z,401754623,Georgia Tech,ACC,ACC,P4,P4,P4_vs_P4,False,False,ACC,ACC,,,-2.8333333333333335,Favorite,-5.833333333333334,L,-3.0,-3.5
2025,3,2025-09-13T16:00:00.000Z,401761608,Memphis,Sun Belt,American,G6,G6,G6_vs_G6,False,False,Sun Belt,American,,,4.5,Underdog,-16.5,L,4.5,
2025,3,2025-09-13T16:00:00.000Z,401752831,Oregon,Big Ten,Big Ten,P4,P4,P4_vs_P4,False,False,Big Ten,Big Ten,,,25.5,Underdog,5.5,W,24.5,3.0
2025,3,2025-09-13T17:00:00.000Z,401752702,Louisiana,SEC,Sun Belt,P4,G6,P4_vs_G6,False,False,SEC,Sun Belt,,,-27.5,Favorite,14.5,W,-27.5,5.0
2025,3,2025-09-13T19:30:00.000Z,401752938,Oregon State,Big 12,,P4,,Other,False,,Big 12,,,,-24.0,Favorite,7.0,W,-23.5,-1.0
2025,3,2025-09-13T19:30:00.000Z,401754638,West Virginia,ACC,Big 12,P4,P4,P4_vs_P4,False,False,ACC,Big 12,,,-6.833333333333333,Favorite,-13.833333333333332,L,-7.0,2.5
2025,3,2025-09-13T19:30:00.000Z,401752832,Purdue,Big Ten,Big Ten,P4,P4,P4_vs_P4,False,False,Big Ten,Big Ten,,,-20.5,Favorite,-4.5,L,-20.5,-1.0
2025,3,2025-09-13T19:30:00.000Z,401752705,Georgia,SEC,SEC,P4,P4,P4_vs_P4,False,False,SEC,SEC,,,3.5,Underdog,0.5,W,3.5,3.0
2025,3,2025-09-13T19:30:00.000Z,401752949,Washington State,American,,G6,,Other,False,,American,,,,-6.5,Favorite,42.5,W,-6.5,1.0
2025,3,2025-09-13T20:15:00.000Z,401752706,Texas,Conference USA,SEC,G6,P4,G6_vs_P4,False,False,Conference USA,SEC,,,39.833333333333336,Underdog,22.833333333333336,W,40.5,-4.0
2025,3,2025-09-13T20:30:00.000Z,401754535,Miami,American,ACC,G6,P4,G6_vs_P4,False,False,American,ACC,,,17.666666666666668,Underdog,-19.333333333333332,L,17.5,-2.0
2025,3,2025-09-13T21:00:00.000Z,401757256,Bowling Green,Conference USA,MAC,G6,G6,G6_vs_G6,False,False,Conference USA,MAC,,,-6.0,Favorite,-16.0,L,-6.5,-1.0
2025,3,2025-09-13T21:00:00.000Z,401757258,Nevada,Conference USA,Mountain West,G6,G6,G6_vs_G6,False,False,Conference USA,Mountain West,,,9.333333333333334,Underdog,10.333333333333334,W,9.5,0.0
2025,3,2025-09-13T23:00:00.000Z,401754536,Old Dominion,ACC,Sun Belt,P4,G6,P4_vs_G6,False,False,ACC,Sun Belt,,,-5.5,Favorite,-24.5,L,-5.5,-1.0
2025,3,2025-09-13T23:00:00.000Z,401754536,Virginia Tech,Sun Belt,ACC,G6,P4,G6_vs_P4,False,False,Sun Belt,ACC,,,5.5,Underdog,24.5,W,5.5,1.0
2025,3,2025-09-13T23:00:00.000Z,401752827,Ohio State,MAC,Big Ten,G6,P4,G6_vs_P4,False,False,MAC,Big Ten,,,28.333333333333332,Underdog,0.3333333333333321,W,28.5,-3.0
2025,3,2025-09-13T23:00:00.000Z,401752829,Western Michigan,Big Ten,MAC,P4,G6,P4_vs_G6,False,False,Big Ten,MAC,,,-27.5,Favorite,10.5,W,-27.5,-1.0
2025,3,2025-09-13T23:00:00.000Z,401752700,Ole Miss,SEC,SEC,P4,P4,P4_vs_P4,False,False,SEC,SEC,,,3.8333333333333335,Underdog,-2.1666666666666665,L,4.5,4.0
2025,3,2025-09-13T23:30:00.000Z,401752698,Eastern Michigan,SEC,MAC,P4,G6,P4_vs_G6,False,False,SEC,MAC,,,-26.666666666666668,Favorite,-1.666666666666668,L,-26.5,1.0
2025,3,2025-09-13T23:30:00.000Z,401757257,Louisiana Tech,Conference USA,Conference USA,G6,G6,G6_vs_G6,False,False,Conference USA,Conference USA,,,10.166666666666666,Underdog,-24.833333333333336,L,10.5,2.0
2025,3,2025-09-13T23:30:00.000Z,401752707,Notre Dame,SEC,Independent,P4,Independent,Other,False,False,SEC,Independent,,,6.833333333333333,Underdog,7.833333333333333,W,6.5,0.0
2025,3,2025-09-14T00:00:00.000Z,401762465,Tulsa,American,American,G6,G6,G6_vs_G6,False,False,American,American,,,-13.666666666666666,Favorite,5.333333333333334,W,-13.5,-1.0
2025,3,2025-09-14T02:30:00.000Z,401754533,Boston College,ACC,ACC,P4,P4,P4_vs_P4,False,False,ACC,ACC,,,13.833333333333334,Underdog,23.833333333333336,W,13.5,-3.0
2025,3,2025-09-14T02:30:00.000Z,401752840,California,Big Ten,ACC,P4,P4,P4_vs_P4,False,False,Big Ten,ACC,,,-3.1666666666666665,Favorite,-16.166666666666668,L,-3.5,1.0
2025,4,2025-09-18T23:30:00.000Z,401762468,Rice,American,American,G6,G6,G6_vs_G6,False,False,American,American,,,1.6666666666666667,Underdog,-9.333333333333334,L,2.0,2.5
2025,4,2025-09-18T23:30:00.000Z,401762468,Charlotte,American,American,G6,G6,G6_vs_G6,False,False,American,American,,,-1.6666666666666667,Favorite,9.333333333333334,W,-2.0,-2.5
2025,4,2025-09-20T16:00:00.000Z,401762469,North Texas,American,American,G6,G6,G6_vs_G6,False,False,American,American,,,2.5,Underdog,-4.5,L,2.5,-1.5
2025,4,2025-09-20T16:00:00.000Z,401762469,Army,American,American,G6,G6,G6_vs_G6,False,False,American,American,,,-2.5,Favorite,4.5,W,-2.5,1.5
2025,4,2025-09-20T16:00:00.000Z,401756901,Utah,Big 12,Big 12,P4,P4,P4_vs_P4,False,False,Big 12,Big 12,,,3.5,Underdog,27.5,W,3.5,1.0
2025,4,2025-09-20T16:00:00.000Z,401760376,UNLV,MAC,Mountain West,G6,G6,G6_vs_G6,False,False,MAC,Mountain West,,,1.8333333333333333,Underdog,-1.1666666666666667,L,1.5,2.0
2025,4,2025-09-20T16:00:00.000Z,401760376,Miami (OH),Mountain West,MAC,G6,G6,G6_vs_G6,False,False,Mountain West,MAC,,,-1.8333333333333333,Favorite,1.1666666666666667,W,-1.5,-2.0
2025,4,2025-09-20T16:00:00.000Z,401754537,Syracuse,ACC,ACC,P4,P4,P4_vs_P4,False,False,ACC,ACC,,,-17.5,Favorite,-30.5,L,-17.5,1.0
2025,4,2025-09-20T16:00:00.000Z,401754642,Bowling Green,ACC,MAC,P4,G6,P4_vs_G6,False,False,ACC,MAC,,,-26.166666666666668,Favorite,-3.166666666666668,L,-25.5,-2.0
2025,4,2025-09-20T16:00:00.000Z,401752845,Maryland,Big Ten,Big Ten,P4,P4,P4_vs_P4,False,False,Big Ten,Big Ten,,,-10.5,Favorite,-27.5,L,-10.5,4.0
2025,4,2025-09-20T16:45:00.000Z,401752715,UAB,SEC,American,P4,G6,P4_vs_G6,False,False,SEC,American,,,-39.0,Favorite,-7.0,L,-38.5,1.0
2025,4,2025-09-20T19:00:00.000Z,401752841,Oregon,,Big Ten,,P4,Other,,False,,Big Ten,,,34.0,Underdog,0.0,P,34.5,0.0
2025,4,2025-09-20T19:30:00.000Z,401752848,Purdue,Independent,Big Ten,Independent,P4,Other,False,False,Independent,Big Ten,,,-24.5,Favorite,1.5,W,-24.5,-2.0
2025,4,2025-09-20T19:30:00.000Z,401761613,Buffalo,Sun Belt,MAC,G6,G6,G6_vs_G6,False,False,Sun Belt,MAC,,,5.833333333333333,Underdog,9.833333333333332,W,6.5,0.0
2025,4,2025-09-20T19:30:00.000Z,401762820,Western Michigan,MAC,MAC,G6,G6,G6_vs_G6,False,False,MAC,MAC,,,-12.666666666666666,Favorite,-13.666666666666666,L,-11.5,-2.0
2025,4,2025-09-20T19:30:00.000Z,401754640,UCF,ACC,Big 12,P4,P4,P4_vs_P4,False,False,ACC,Big 12,,,7.166666666666667,Underdog,-17.833333333333332,L,7.5,-1.0
2025,4,2025-09-20T19:30:00.000Z,401752711,Ole Miss,American,SEC,G6,P4,G6_vs_P4,False,False,American,SEC,,,12.166666666666666,Underdog,-22.833333333333336,L,11.5,1.0
2025,4,2025-09-20T19:30:00.000Z,401761610,Louisiana,MAC,Sun Belt,G6,G6,G6_vs_G6,False,False,MAC,Sun Belt,,,2.1666666666666665,Underdog,5.166666666666666,W,1.5,1.0
2025,4,2025-09-20T23:00:00.000Z,401757264,Marshall,Conference USA,Sun Belt,G6,G6,G6_vs_G6,False,False,Conference USA,Sun Belt,,,2.5,Underdog,-11.5,L,2.5,1.0
2025,4,2025-09-20T23:30:00.000Z,401752842,Washington State,Big Ten,,P4,,Other,False,,Big Ten,,,,-20.833333333333332,Favorite,14.166666666666668,W,-20.5,0.0
2025,4,2025-09-20T23:30:00.000Z,401752843,Indiana,Big Ten,Big Ten,P4,P4,P4_vs_P4,False,False,Big Ten,Big Ten,,,7.0,Underdog,-46.0,L,7.5,-3.0
2025,4,2025-09-20T23:30:00.000Z,401754539,Virginia,ACC,ACC,P4,P4,P4_vs_P4,False,False,ACC,ACC,,,16.166666666666668,Underdog,-11.833333333333332,L,16.5,0.0
2025,4,2025-09-20T23:30:00.000Z,401752709,Miami,SEC,ACC,P4,P4,P4_vs_P4,False,False,SEC,ACC,,,8.5,Underdog,-10.5,L,8.5,1.0
2025,4,2025-09-21T02:30:00.000Z,401754540,California,Mountain West,ACC,G6,P4,G6_vs_P4,False,False,Mountain West,ACC,,,13.833333333333334,Underdog,47.833333333333336,W,13.5,0.0
2025,4,2025-09-21T02:30:00.000Z,401754540,San Diego State,ACC,Mountain West,P4,G6,P4_vs_G6,False,False,ACC,Mountain West,,,-13.833333333333334,Favorite,-47.833333333333336,L,-13.5,0.0
2023,1,2023-09-01T23:00:00.000Z,401525463,Miami (OH),ACC,MAC,P4,G6,P4_vs_G6,False,False,ACC,MAC,,,-16.625,Favorite,18.375,W,-16.5,
2023,1,2023-09-02T03:00:00.000Z,401523988,Stanford,Mountain West,,G6,,Other,False,,Mountain West,,,,3.625,Underdog,-9.375,L,2.0,
2023,1,2023-09-02T16:00:00.000Z,401520172,SMU,Conference USA,American,G6,G6,G6_vs_G6,False,False,Conference USA,American,,,20.125,Underdog,-3.875,L,21.0,
2023,1,2023-09-02T16:00:00.000Z,401520162,East Carolina,Big Ten,American,P4,G6,P4_vs_G6,False,False,Big Ten,American,,,-35.4,Favorite,-8.399999999999999,L,-36.0,
2023,1,2023-09-02T16:00:00.000Z,401523994,TCU,,Big 12,,P4,Other,,False,,Big 12,,,20.6,Underdog,23.6,W,20.5,
2023,1,2023-09-02T16:00:00.000Z,401520179,Virginia,SEC,ACC,P4,P4,P4_vs_P4,False,False,SEC,ACC,,,-27.7,Favorite,8.3,W,-27.5,
2023,1,2023-09-02T19:30:00.000Z,401520156,Ohio State,Big Ten,Big Ten,P4,P4,P4_vs_P4,False,False,Big Ten,Big Ten,,,29.1,Underdog,9.1,W,30.0,
2023,1,2023-09-02T22:30:00.000Z,401523996,Nevada,,Mountain West,,G6,Other,,False,,Mountain West,,,-37.875,Favorite,14.125,W,-37.5,
2023,1,2023-09-02T23:00:00.000Z,401520175,UL Monroe,Independent,Sun Belt,Independent,G6,Other,False,False,Independent,Sun Belt,,,-8.375,Favorite,-12.375,L,-8.5,
2023,1,2023-09-02T23:30:00.000Z,401520169,West Virginia,Big Ten,Big 12,P4,P4,P4_vs_P4,False,False,Big Ten,Big 12,,,-20.6,Favorite,2.3999999999999986,W,-21.0,
2023,1,2023-09-02T23:30:00.000Z,401520149,Alabama,Conference USA,SEC,G6,P4,G6_vs_P4,False,False,Conference USA,SEC,,,39.375,Underdog,-9.625,L,39.5,
2023,1,2023-09-03T16:00:00.000Z,401520171,Northwestern,Big Ten,Big Ten,P4,P4,P4_vs_P4,False,False,Big Ten,Big Ten,,,-6.1,Favorite,10.9,W,-5.0,
2023,2,2023-09-08T23:30:00.000Z,401520195,Illinois,Big 12,Big Ten,P4,P4,P4_vs_P4,False,False,Big 12,Big Ten,,,-3.6666666666666665,Favorite,7.333333333333334,W,-3.5,
2023,2,2023-09-09T16:00:00.000Z,401525498,Virginia,Sun Belt,ACC,G6,P4,G6_vs_P4,False,False,Sun Belt,ACC,,,-6.0,Favorite,-5.0,L,-6.0,
2023,2,2023-09-09T19:30:00.000Z,401520201,Miami,SEC,ACC,P4,P4,P4_vs_P4,False,False,SEC,ACC,,,-2.8333333333333335,Favorite,-17.833333333333332,L,-3.0,
2023,2,2023-09-09T19:30:00.000Z,401520207,Northwestern,Conference USA,Big Ten,G6,P4,G6_vs_P4,False,False,Conference USA,Big Ten,,,1.0,Underdog,-30.0,L,1.0,
2023,2,2023-09-09T20:00:00.000Z,401531411,East Carolina,Sun Belt,American,G6,G6,G6_vs_G6,False,False,Sun Belt,American,,,-2.8333333333333335,Favorite,15.166666666666666,W,-3.0,
2023,2,2023-09-09T21:00:00.000Z,401524004,Tulsa,,American,,G6,Other,,False,,American,,,-33.666666666666664,Favorite,-0.6666666666666643,L,-34.0,
2023,2,2023-09-09T23:00:00.000Z,401520183,Alabama,Big 12,SEC,P4,P4,P4_vs_P4,False,False,Big 12,SEC,,,7.166666666666667,Underdog,17.166666666666668,W,7.0,
2023,2,2023-09-09T23:00:00.000Z,401520206,Middle Tennessee,SEC,Conference USA,P4,G6,P4_vs_G6,False,False,SEC,Conference USA,,,-21.0,Favorite,-17.0,L,-21.0,
2023,2,2023-09-09T23:30:00.000Z,401520204,Minnesota,MAC,Big Ten,G6,P4,G6_vs_P4,False,False,MAC,Big Ten,,,19.666666666666668,Underdog,0.6666666666666679,W,19.5,
2023,2,2023-09-10T00:00:00.000Z,401520211,Air Force,Conference USA,Mountain West,G6,G6,G6_vs_G6,False,False,,Mountain West,,,13.166666666666666,Underdog,3.166666666666666,W,13.5,
2023,2,2023-09-10T00:30:00.000Z,401525493,Southern Miss,ACC,Sun Belt,P4,G6,P4_vs_G6,False,False,ACC,Sun Belt,,,-31.0,Favorite,22.0,W,-31.0,
2023,2,2023-09-10T02:30:00.000Z,401524003,Stanford,,,,,Other,,,,,,,-28.666666666666668,Favorite,17.333333333333332,W,-28.5,
2023,3,2023-09-15T23:00:00.000Z,401520231,Virginia,Big Ten,ACC,P4,P4,P4_vs_P4,False,False,Big Ten,ACC,,,-16.25,Favorite,11.75,W,-16.5,
2023,3,2023-09-16T16:00:00.000Z,401525500,Boston College,ACC,ACC,P4,P4,P4_vs_P4,False,False,ACC,ACC,,,-25.25,Favorite,-23.25,L,-25.5,
2023,3,2023-09-16T18:30:00.000Z,401525437,Central Michigan,Independent,MAC,Independent,G6,Other,False,False,Independent,MAC,,,-34.75,Favorite,-10.75,L,-34.5,
2023,3,2023-09-16T18:30:00.000Z,401525437,Notre Dame,MAC,Independent,G6,Independent,Other,False,False,MAC,Independent,,,34.75,Underdog,10.75,W,34.5,
2023,3,2023-09-16T19:30:00.000Z,401525842,Tulsa,Big 12,American,P4,G6,P4_vs_G6,False,False,Big 12,American,,,-28.0,Favorite,21.0,W,-28.0,
2023,3,2023-09-16T19:30:00.000Z,401520244,Alabama,American,SEC,G6,P4,G6_vs_P4,False,False,American,SEC,,,34.25,Underdog,20.25,W,34.0,
2023,3,2023-09-16T20:00:00.000Z,401520245,UL Monroe,SEC,Sun Belt,P4,G6,P4_vs_G6,False,False,SEC,Sun Belt,,,-36.5,Favorite,7.5,W,-36.5,
2023,3,2023-09-16T23:00:00.000Z,401525835,Cincinnati,MAC,Big 12,G6,P4,G6_vs_P4,False,True,MAC,American,,0.0,14.25,Underdog,21.25,W,14.5,
2023,3,2023-09-16T23:00:00.000Z,401531848,Troy,Sun Belt,Sun Belt,G6,G6,G6_vs_G6,False,False,Sun Belt,Sun Belt,,,2.8333333333333335,Underdog,4.833333333333334,W,2.5,
2023,3,2023-09-16T23:00:00.000Z,401531379,UAB,Sun Belt,American,G6,G6,G6_vs_G6,False,True,Sun Belt,Conference USA,,0.0,2.0,Underdog,22.0,W,2.0,
2023,3,2023-09-16T23:30:00.000Z,401525503,Pittsburgh,Big 12,ACC,P4,P4,P4_vs_P4,False,False,Big 12,ACC,,,-1.0,Favorite,10.0,W,-2.5,
2023,3,2023-09-16T23:30:00.000Z,401520232,Bowling Green,Big Ten,MAC,P4,G6,P4_vs_G6,False,False,Big Ten,MAC,,,-40.75,Favorite,-15.75,L,-40.5,
2023,3,2023-09-17T00:00:00.000Z,401524008,Hawai'i,,Mountain West,,G6,Other,,False,,Mountain West,,,-38.25,Favorite,6.75,W,-38.5,
2023,3,2023-09-17T02:30:00.000Z,401525837,Nevada,Big 12,Mountain West,P4,G6,P4_vs_G6,False,False,Big 12,Mountain West,,,-28.5,Favorite,-21.5,L,-28.5,
2023,4,2023-09-23T16:00:00.000Z,401525845,Cincinnati,Big 12,Big 12,P4,P4,P4_vs_P4,False,True,Big 12,American,,0.0,-13.666666666666666,Favorite,0.3333333333333339,W,-13.0,
2023,4,2023-09-23T16:00:00.000Z,401525507,Clemson,ACC,ACC,P4,P4,P4_vs_P4,False,False,ACC,ACC,,,-2.0,Favorite,5.0,W,-2.0,
2023,4,2023-09-23T16:00:00.000Z,401525849,SMU,Big 12,American,P4,G6,P4_vs_G6,False,False,Big 12,American,,,-6.833333333333333,Favorite,10.166666666666668,W,-7.0,
2023,4,2023-09-23T16:00:00.000Z,401525849,TCU,American,Big 12,G6,P4,G6_vs_P4,False,False,American,Big 12,,,6.833333333333333,Underdog,-10.166666666666668,L,7.0,
2023,4,2023-09-23T19:30:00.000Z,401525506,Louisville,ACC,ACC,P4,P4,P4_vs_P4,False,False,ACC,ACC,,,13.833333333333334,Underdog,-14.166666666666666,L,14.0,
2023,4,2023-09-23T19:30:00.000Z,401520250,Alabama,SEC,SEC,P4,P4,P4_vs_P4,False,False,SEC,SEC,,,7.0,Underdog,-7.0,L,7.0,
2023,4,2023-09-23T19:30:00.000Z,401525847,BYU,Big 12,Big 12,P4,P4,P4_vs_P4,False,True,Big 12,Independent,,0.0,-9.333333333333334,Favorite,1.666666666666666,W,-9.0,
2023,4,2023-09-23T19:30:00.000Z,401524017,UCLA,,,,,Other,,,,,,,-3.8333333333333335,Favorite,3.1666666666666665,W,-3.0,
2023,4,2023-09-23T20:00:00.000Z,401531423,South Florida,American,American,G6,G6,G6_vs_G6,True,False,Conference USA,American,0.0,,-2.5,Favorite,-15.5,L,-2.5,
2023,4,2023-09-23T21:00:00.000Z,401520257,Eastern Michigan,Conference USA,MAC,G6,G6,G6_vs_G6,False,False,,MAC,,,-6.5,Favorite,14.5,W,-6.5,
2023,4,2023-09-23T21:00:00.000Z,401520257,Jacksonville State,MAC,Conference USA,G6,G6,G6_vs_G6,False,False,MAC,,,,6.5,Underdog,-14.5,L,6.5,
2023,4,2023-09-23T21:00:00.000Z,401531876,Central Michigan,Sun Belt,MAC,G6,G6,G6_vs_G6,False,False,Sun Belt,MAC,,,-16.166666666666668,Favorite,-20.166666666666668,L,-16.5,
2023,4,2023-09-23T22:30:00.000Z,401525508,Wake Forest,ACC,ACC,P4,P4,P4_vs_P4,False,False,ACC,ACC,,,3.6666666666666665,Underdog,17.666666666666668,W,3.5,
2023,4,2023-09-23T23:30:00.000Z,401521330,Ohio State,Independent,Big Ten,Independent,P4,Other,False,False,Independent,Big Ten,,,3.1666666666666665,Underdog,0.1666666666666665,W,3.0,
2023,4,2023-09-23T23:30:00.000Z,401520252,UAB,SEC,American,P4,G6,P4_vs_G6,False,True,SEC,Conference USA,,0.0,-40.833333333333336,Favorite,-12.833333333333336,L,-40.0,
2023,4,2023-09-24T00:00:00.000Z,401525510,Pittsburgh,ACC,ACC,P4,P4,P4_vs_P4,False,False,ACC,ACC,,,-7.166666666666667,Favorite,9.833333333333332,W,-7.0,
2023,4,2023-09-24T02:30:00.000Z,401524018,California,,,,,Other,,,,,,,-20.5,Favorite,6.5,W,-21.0,
2024,1,2024-08-30T00:00:00.000Z,401640998,Coastal Carolina,Conference USA,Sun Belt,G6,G6,G6_vs_G6,False,False,Conference USA,Sun Belt,,,-3.5,Favorite,-31.5,L,-3.5,
2024,1,2024-08-30T00:00:00.000Z,401628448,North Carolina,Big Ten,ACC,P4,P4,P4_vs_P4,False,False,Big Ten,ACC,,,0.3333333333333333,Underdog,-1.6666666666666667,L,1.5,
2024,1,2024-08-30T23:00:00.000Z,401628328,Temple,SEC,American,P4,G6,P4_vs_G6,True,False,Big 12,American,0.0,,-43.0,Favorite,5.0,W,-43.5,
2024,1,2024-08-30T23:00:00.000Z,401628328,Oklahoma,American,SEC,G6,P4,G6_vs_P4,False,True,American,Big 12,,0.0,43.0,Underdog,-5.0,L,43.5,
2024,1,2024-08-31T16:00:00.000Z,401628451,Maryland,Independent,Big Ten,Independent,P4,Other,False,False,Independent,Big Ten,,,19.333333333333332,Underdog,-23.666666666666668,L,18.5,
2024,1,2024-08-31T16:00:00.000Z,401628333,Vanderbilt,ACC,SEC,P4,P4,P4_vs_P4,False,False,ACC,SEC,,,-13.333333333333334,Favorite,-20.333333333333336,L,-13.5,
2024,1,2024-08-31T19:30:00.000Z,401628454,UTEP,Big Ten,Conference USA,P4,G6,P4_vs_G6,False,False,Big Ten,Conference USA,,,-27.5,Favorite,5.5,W,-27.5,0.5
2024,1,2024-08-31T19:30:00.000Z,401634304,Ohio,ACC,MAC,P4,G6,P4_vs_G6,False,False,ACC,MAC,,,-17.333333333333332,Favorite,-1.333333333333332,L,-17.5,
2024,1,2024-08-31T19:30:00.000Z,401628455,Akron,Big Ten,MAC,P4,G6,P4_vs_G6,False,False,Big Ten,MAC,,,-49.5,Favorite,-3.5,L,-48.5,
2024,1,2024-08-31T21:00:00.000Z,401643775,South Alabama,American,Sun Belt,G6,G6,G6_vs_G6,False,False,American,Sun Belt,,,5.833333333333333,Underdog,19.833333333333332,W,5.5,
2024,1,2024-08-31T23:00:00.000Z,401641039,Sam Houston,American,Conference USA,G6,G6,G6_vs_G6,False,False,American,Conference USA,,,-9.833333333333334,Favorite,-29.833333333333336,L,-9.5,
2024,1,2024-08-31T23:45:00.000Z,401628324,Kentucky,Sun Belt,SEC,G6,P4,G6_vs_P4,False,False,Sun Belt,SEC,,,25.5,Underdog,-5.5,L,25.5,
2024,1,2024-09-01T00:00:00.000Z,401643774,James Madison,American,Sun Belt,G6,G6,G6_vs_G6,False,False,American,Sun Belt,,,7.0,Underdog,-16.0,L,7.5,1.5
2024,1,2024-09-01T02:30:00.000Z,401636608,New Mexico,Big 12,Mountain West,P4,G6,P4_vs_G6,True,False,Pac-12,Mountain West,0.0,,-29.166666666666668,Favorite,-7.166666666666668,L,-29.0,
2024,1,2024-09-01T23:30:00.000Z,401628334,USC,SEC,Big Ten,P4,P4,P4_vs_P4,False,True,SEC,Pac-12,,0.0,-3.8333333333333335,Favorite,-10.833333333333334,L,-3.5,-0.5
2024,2,2024-09-07T01:00:00.000Z,401635533,Duke,Big Ten,ACC,P4,P4,P4_vs_P4,False,False,Big Ten,ACC,,,-2.1666666666666665,Favorite,-8.166666666666666,L,-1.5,-1.0
2024,2,2024-09-07T16:00:00.000Z,401643784,Troy,American,Sun Belt,G6,G6,G6_vs_G6,False,False,American,Sun Belt,,,-18.666666666666668,Favorite,2.333333333333332,W,-18.5,1.5
2024,2,2024-09-07T16:00:00.000Z,401628471,Akron,Big Ten,MAC,P4,G6,P4_vs_G6,False,False,Big Ten,MAC,,,-24.5,Favorite,7.5,W,-24.5,1.5
2024,2,2024-09-07T16:00:00.000Z,401628347,Michigan,SEC,Big Ten,P4,P4,P4_vs_P4,True,False,Big 12,Big Ten,0.0,,-6.666666666666667,Favorite,12.333333333333332,W,-6.5,-1.0
2024,2,2024-09-07T19:30:00.000Z,401645324,Temple,American,American,G6,G6,G6_vs_G6,False,False,American,American,,,-12.166666666666666,Favorite,14.833333333333334,W,-13.5,0.5
2024,2,2024-09-07T19:30:00.000Z,401635537,North Carolina,American,ACC,G6,P4,G6_vs_P4,False,False,American,ACC,,,21.5,Underdog,3.5,W,22.0,0.5
2024,2,2024-09-07T19:30:00.000Z,401635535,Jacksonville State,ACC,Conference USA,P4,G6,P4_vs_G6,False,False,ACC,Conference USA,,,-28.5,Favorite,6.5,W,-29.0,2.0
2024,2,2024-09-07T19:30:00.000Z,401635535,Louisville,Conference USA,ACC,G6,P4,G6_vs_P4,False,False,Conference USA,ACC,,,28.5,Underdog,-6.5,L,29.0,-2.0
2024,2,2024-09-07T19:30:00.000Z,401628473,Washington,MAC,Big Ten,G6,P4,G6_vs_P4,False,True,MAC,Pac-12,,0.0,24.833333333333332,Underdog,3.833333333333332,W,24.5,-0.5
2024,2,2024-09-07T22:00:00.000Z,401643781,Ohio,Sun Belt,MAC,G6,G6,G6_vs_G6,False,False,Sun Belt,MAC,,,-0.8333333333333334,Favorite,-7.833333333333333,L,-2.0,1.0
2024,2,2024-09-07T22:30:00.000Z,401636617,UCF,Conference USA,Big 12,G6,P4,G6_vs_P4,False,False,Conference USA,Big 12,,,21.5,Underdog,-9.5,L,21.5,2.0
2024,2,2024-09-07T23:00:00.000Z,401628344,Buffalo,SEC,MAC,P4,G6,P4_vs_G6,False,False,SEC,MAC,,,-33.666666666666664,Favorite,4.333333333333336,W,-32.0,-2.0
2024,2,2024-09-07T23:45:00.000Z,401628345,Houston,SEC,Big 12,P4,P4,P4_vs_P4,True,False,Big 12,Big 12,0.0,,-27.666666666666668,Favorite,-23.666666666666668,L,-28.0,1.0
2024,2,2024-09-07T23:45:00.000Z,401628345,Oklahoma,Big 12,SEC,P4,P4,P4_vs_P4,False,True,Big 12,Big 12,,0.0,27.666666666666668,Underdog,23.666666666666668,W,28.0,-1.0
2024,2,2024-09-08T02:00:00.000Z,401628469,Boise State,Big Ten,Mountain West,P4,G6,P4_vs_G6,True,False,Pac-12,Mountain West,0.0,,-18.833333333333332,Favorite,-15.833333333333332,L,-18.0,0.0
2024,3,2024-09-14T16:00:00.000Z,401628350,Alabama,Big Ten,SEC,P4,P4,P4_vs_P4,False,False,Big Ten,SEC,,,15.166666666666666,Underdog,-16.833333333333336,L,15.5,-6.0
2024,3,2024-09-14T18:00:00.000Z,401643786,Coastal Carolina,American,Sun Belt,G6,G6,G6_vs_G6,False,False,American,Sun Belt,,,17.333333333333332,Underdog,9.333333333333332,W,17.0,1.5
2024,3,2024-09-14T19:30:00.000Z,401628358,Tulane,SEC,American,P4,G6,P4_vs_G6,True,False,Big 12,American,0.0,,-13.333333333333334,Favorite,1.666666666666666,W,-13.5,0.0
2024,3,2024-09-14T19:30:00.000Z,401628484,Washington,,Big Ten,,P4,Other,,True,,Pac-12,,0.0,5.166666666666667,Underdog,10.166666666666668,W,5.5,2.0
2024,3,2024-09-14T19:30:00.000Z,401628483,Oregon State,Big Ten,,P4,,Other,True,,Pac-12,,0.0,,-17.666666666666668,Favorite,17.333333333333332,W,-18.0,-2.5
2024,3,2024-09-14T20:00:00.000Z,401628477,Troy,Big Ten,Sun Belt,P4,G6,P4_vs_G6,False,False,Big Ten,Sun Belt,,,-23.333333333333332,Favorite,-6.333333333333332,L,-22.5,0.0
2024,3,2024-09-14T22:00:00.000Z,401640990,UTEP,Conference USA,Conference USA,G6,G6,G6_vs_G6,False,False,Conference USA,Conference USA,,,-23.666666666666668,Favorite,-5.666666666666668,L,-23.5,0.0
2024,3,2024-09-14T23:00:00.000Z,401628361,UTSA,SEC,American,P4,G6,P4_vs_G6,True,False,Big 12,American,0.0,,-35.5,Favorite,13.5,W,-34.5,0.0
2024,3,2024-09-14T23:00:00.000Z,401640999,Eastern Michigan,Conference USA,MAC,G6,G6,G6_vs_G6,False,False,Conference USA,MAC,,,-1.0,Favorite,-4.0,L,2.0,0.0
2024,3,2024-09-14T23:30:00.000Z,401636860,Air Force,Big 12,Mountain West,P4,G6,P4_vs_G6,False,False,Big 12,Mountain West,,,-16.666666666666668,Favorite,11.333333333333332,W,-15.5,0.0
2024,3,2024-09-14T23:30:00.000Z,401628352,New Mexico,SEC,Mountain West,P4,G6,P4_vs_G6,False,False,SEC,Mountain West,,,-25.833333333333332,Favorite,0.1666666666666678,W,-24.0,-4.0
2024,3,2024-09-14T23:30:00.000Z,401636866,UCF,Big 12,Big 12,P4,P4,P4_vs_P4,False,False,Big 12,Big 12,,,-2.1666666666666665,Favorite,-3.1666666666666665,L,-2.5,4.5
2024,3,2024-09-15T00:00:00.000Z,401636862,Houston,American,Big 12,G6,P4,G6_vs_P4,False,False,American,Big 12,,,4.333333333333333,Underdog,-21.666666666666668,L,5.0,0.0
2024,3,2024-09-15T00:00:00.000Z,401628478,Maryland,ACC,Big Ten,P4,P4,P4_vs_P4,False,False,ACC,Big Ten,,,-1.1666666666666667,Favorite,-15.166666666666666,L,2.0,0.0
2024,3,2024-09-15T02:30:00.000Z,401635541,San Diego State,ACC,Mountain West,P4,G6,P4_vs_G6,True,False,Pac-12,Mountain West,0.0,,-18.666666666666668,Favorite,2.333333333333332,W,-18.0,0.0
2024,4,2024-09-21T00:00:00.000Z,401628485,Illinois,Big Ten,Big Ten,P4,P4,P4_vs_P4,False,False,Big Ten,Big Ten,,,-8.833333333333334,Favorite,-15.833333333333334,L,-8.0,-1.0
2024,4,2024-09-21T16:00:00.000Z,401643791,Tulane,Sun Belt,American,G6,G6,G6_vs_G6,False,False,Sun Belt,American,,,1.5,Underdog,-6.5,L,1.5,
2024,4,2024-09-21T16:00:00.000Z,401645328,Army,American,American,G6,G6,G6_vs_G6,False,True,American,Independent,,0.0,7.333333333333333,Underdog,-15.666666666666668,L,7.5,
2024,4,2024-09-21T16:45:00.000Z,401628364,Ohio,SEC,MAC,P4,G6,P4_vs_G6,False,False,SEC,MAC,,,-20.666666666666668,Favorite,14.333333333333332,W,-21.5,
2024,4,2024-09-21T18:00:00.000Z,401635558,Coastal Carolina,ACC,Sun Belt,P4,G6,P4_vs_G6,False,False,ACC,Sun Belt,,,-3.5,Favorite,15.5,W,-3.5,0.5
2024,4,2024-09-21T19:00:00.000Z,401641000,Southern Miss,Conference USA,Sun Belt,G6,G6,G6_vs_G6,False,False,Conference USA,Sun Belt,,,-6.166666666666667,Favorite,30.833333333333332,W,-6.5,0.0
2024,4,2024-09-21T19:30:00.000Z,401628365,UCLA,SEC,Big Ten,P4,P4,P4_vs_P4,False,True,SEC,Pac-12,,0.0,-21.5,Favorite,-4.5,L,-21.5,-1.5
2024,4,2024-09-21T19:30:00.000Z,401628489,Michigan,Big Ten,Big Ten,P4,P4,P4_vs_P4,True,False,Pac-12,Big Ten,0.0,,-4.166666666666667,Favorite,-7.166666666666667,L,-4.5,-1.0
2024,4,2024-09-21T23:00:00.000Z,401628491,Washington,Big Ten,Big Ten,P4,P4,P4_vs_P4,False,True,Big Ten,Pac-12,,0.0,11.833333333333334,Underdog,-7.166666666666666,L,12.0,-1.5
2024,4,2024-09-21T23:00:00.000Z,401643716,North Texas,Mountain West,American,G6,G6,G6_vs_G6,False,False,Mountain West,American,,,7.0,Underdog,-20.0,L,7.5,2.0
2024,4,2024-09-21T23:00:00.000Z,401641037,Toledo,Conference USA,MAC,G6,G6,G6_vs_G6,False,False,Conference USA,MAC,,,2.3333333333333335,Underdog,7.333333333333334,W,2.5,-3.5
2024,4,2024-09-21T23:30:00.000Z,401628369,Tennessee,SEC,SEC,P4,P4,P4_vs_P4,True,False,Big 12,SEC,0.0,,6.0,Underdog,-4.0,L,5.5,2.0
2024,4,2024-09-21T23:30:00.000Z,401628372,Bowling Green,SEC,MAC,P4,G6,P4_vs_G6,False,False,SEC,MAC,,,-21.166666666666668,Favorite,-15.166666666666668,L,-21.0,-2.0
2024,4,2024-09-22T00:00:00.000Z,401628371,UL Monroe,SEC,Sun Belt,P4,G6,P4_vs_G6,True,False,Big 12,Sun Belt,0.0,,-43.0,Favorite,5.0,W,-41.5,-3.5
2025,1,2025-08-23T23:30:00.000Z,401754516,Hawai'i,ACC,Mountain West,P4,G6,P4_vs_G6,False,False,ACC,Mountain West,,,1.6666666666666667,Underdog,-1.3333333333333333,L,2.0,-4.5
2025,1,2025-08-29T00:00:00.000Z,401752793,Buffalo,Big Ten,MAC,P4,G6,P4_vs_G6,False,False,Big Ten,MAC,,,-17.166666666666668,Favorite,-4.166666666666668,L,-18.5,0.0
2025,1,2025-08-29T00:00:00.000Z,401752793,Minnesota,MAC,Big Ten,G6,P4,G6_vs_P4,False,False,MAC,Big Ten,,,17.166666666666668,Underdog,4.166666666666668,W,18.5,0.0
2025,1,2025-08-29T01:00:00.000Z,401762791,Miami (OH),Big Ten,MAC,P4,G6,P4_vs_G6,False,False,Big Ten,MAC,,,-18.0,Favorite,-1.0,L,-18.0,0.5
2025,1,2025-08-30T00:00:00.000Z,401754375,Colorado,ACC,Big 12,P4,P4,P4_vs_P4,False,False,ACC,Big 12,,,-3.6666666666666665,Favorite,3.3333333333333335,W,-3.5,0.0
2025,1,2025-08-30T16:00:00.000Z,401752676,Syracuse,SEC,ACC,P4,P4,P4_vs_P4,False,False,SEC,ACC,,,-13.5,Favorite,5.5,W,-13.5,-1.0
2025,1,2025-08-30T16:00:00.000Z,401752677,Texas,Big Ten,SEC,P4,P4,P4_vs_P4,False,False,Big Ten,SEC,,,-2.1666666666666665,Favorite,4.833333333333334,W,-2.0,-1.0
2025,1,2025-08-30T19:30:00.000Z,401752807,Nevada,Big Ten,Mountain West,P4,G6,P4_vs_G6,False,False,Big Ten,Mountain West,,,-44.166666666666664,Favorite,-9.166666666666664,L,-43.5,0.0
2025,1,2025-08-30T19:30:00.000Z,401752669,Marshall,SEC,Sun Belt,P4,G6,P4_vs_G6,False,False,SEC,Sun Belt,,,-38.833333333333336,Favorite,-0.8333333333333357,L,-38.5,0.0
2025,1,2025-08-30T23:30:00.000Z,401752808,New Mexico,Big Ten,Mountain West,P4,G6,P4_vs_G6,False,False,Big Ten,Mountain West,,,-35.166666666666664,Favorite,-18.166666666666664,L,-34.5,0.0
2025,1,2025-08-31T23:30:00.000Z,401754522,Miami,Independent,ACC,Independent,P4,Other,False,False,Independent,ACC,,,-2.6666666666666665,Favorite,-5.666666666666666,L,-3.0,0.5
2025,2,2025-09-06T16:00:00.000Z,401752825,Duke,Big Ten,ACC,P4,P4,P4_vs_P4,False,False,Big Ten,ACC,,,-2.5,Favorite,23.5,W,-2.5,0.0
2025,2,2025-09-06T16:00:00.000Z,401757227,Jacksonville State,Conference USA,Conference USA,G6,G6,G6_vs_G6,False,False,Conference USA,Conference USA,,,-6.25,Favorite,-16.25,L,-6.5,1.0
2025,2,2025-09-06T19:30:00.000Z,401752818,Miami (OH),Big Ten,MAC,P4,G6,P4_vs_G6,False,False,Big Ten,MAC,,,-15.5,Favorite,12.5,W,-15.5,2.0
2025,2,2025-09-06T19:30:00.000Z,401756880,Bowling Green,Big 12,MAC,P4,G6,P4_vs_G6,False,False,Big 12,MAC,,,-22.0,Favorite,-8.0,L,-22.5,4.5
2025,2,2025-09-06T19:30:00.000Z,401752686,Ole Miss,SEC,SEC,P4,P4,P4_vs_P4,False,False,SEC,SEC,,,7.75,Underdog,0.75,W,7.5,2.0
2025,2,2025-09-06T19:30:00.000Z,401756881,Colorado,Conference USA,Big 12,G6,P4,G6_vs_P4,False,False,,Big 12,,,23.5,Underdog,-0.5,L,23.5,1.0
2025,2,2025-09-06T19:30:00.000Z,401762461,Western Michigan,American,MAC,G6,G6,G6_vs_G6,False,False,American,MAC,,,-12.25,Favorite,-9.25,L,-12.5,2.0
2025,2,2025-09-06T19:30:00.000Z,401752689,Kansas,SEC,Big 12,P4,P4,P4_vs_P4,False,False,SEC,Big 12,,,-6.333333333333333,Favorite,4.666666666666667,W,-6.5,0.0
2025,2,2025-09-06T20:00:00.000Z,401756883,West Virginia,MAC,Big 12,G6,P4,G6_vs_P4,False,False,MAC,Big 12,,,3.5,Underdog,10.5,W,3.5,-0.5
2025,2,2025-09-06T23:00:00.000Z,401754527,Charlotte,ACC,American,P4,G6,P4_vs_G6,False,False,ACC,American,,,-15.75,Favorite,1.25,W,-15.0,2.0
2025,2,2025-09-06T23:00:00.000Z,401756884,Rice,Big 12,American,P4,G6,P4_vs_G6,False,False,Big 12,American,,,-13.5,Favorite,12.5,W,-13.5,1.0
2025,2,2025-09-06T23:30:00.000Z,401752695,Virginia Tech,SEC,ACC,P4,P4,P4_vs_P4,False,False,SEC,ACC,,,2.0,Underdog,26.0,W,1.5,-0.5
2025,2,2025-09-07T01:00:00.000Z,401757229,Tulsa,Conference USA,American,G6,G6,G6_vs_G6,False,False,Conference USA,American,,,3.25,Underdog,10.25,W,3.5,0.0
2025,2,2025-09-07T02:15:00.000Z,401752948,Washington State,Mountain West,,G6,,Other,False,,Mountain West,,,,2.25,Underdog,-20.75,L,2.5,-1.0
2025,3,2025-09-12T23:30:00.000Z,401756893,Colorado,Big 12,Big 12,P4,P4,P4_vs_P4,False,False,Big 12,Big 12,,,-3.8333333333333335,Favorite,12.166666666666666,W,-4.0,-0.5
2025,3,2025-09-13T16:00:00.000Z,401761608,Memphis,Sun Belt,American,G6,G6,G6_vs_G6,False,False,Sun Belt,American,,,4.5,Underdog,-16.5,L,4.5,
2025,3,2025-09-13T16:00:00.000Z,401752831,Oregon,Big Ten,Big Ten,P4,P4,P4_vs_P4,False,False,Big Ten,Big Ten,,,25.5,Underdog,5.5,W,24.5,3.0
2025,3,2025-09-13T17:00:00.000Z,401752702,Louisiana,SEC,Sun Belt,P4,G6,P4_vs_G6,False,False,SEC,Sun Belt,,,-27.5,Favorite,14.5,W,-27.5,5.0
2025,3,2025-09-13T19:30:00.000Z,401752938,Oregon State,Big 12,,P4,,Other,False,,Big 12,,,,-24.0,Favorite,7.0,W,-23.5,-1.0
2025,3,2025-09-13T19:30:00.000Z,401754638,West Virginia,ACC,Big 12,P4,P4,P4_vs_P4,False,False,ACC,Big 12,,,-6.833333333333333,Favorite,-13.833333333333332,L,-7.0,2.5
2025,3,2025-09-13T19:30:00.000Z,401752832,Purdue,Big Ten,Big Ten,P4,P4,P4_vs_P4,False,False,Big Ten,Big Ten,,,-20.5,Favorite,-4.5,L,-20.5,-1.0
2025,3,2025-09-13T19:30:00.000Z,401752705,Georgia,SEC,SEC,P4,P4,P4_vs_P4,False,False,SEC,SEC,,,3.5,Underdog,0.5,W,3.5,3.0
2025,3,2025-09-13T19:30:00.000Z,401752949,Washington State,American,,G6,,Other,False,,American,,,,-6.5,Favorite,42.5,W,-6.5,1.0
2025,3,2025-09-13T20:15:00.000Z,401752706,Texas,Conference USA,SEC,G6,P4,G6_vs_P4,False,False,Conference USA,SEC,,,39.833333333333336,Underdog,22.833333333333336,W,40.5,-4.0
2025,3,2025-09-13T20:30:00.000Z,401754535,Miami,American,ACC,G6,P4,G6_vs_P4,False,False,American,ACC,,,17.666666666666668,Underdog,-19.333333333333332,L,17.5,-2.0
2025,3,2025-09-13T21:00:00.000Z,401757256,Bowling Green,Conference USA,MAC,G6,G6,G6_vs_G6,False,False,Conference USA,MAC,,,-6.0,Favorite,-16.0,L,-6.5,-1.0
2025,3,2025-09-13T21:00:00.000Z,401757258,Nevada,Conference USA,Mountain West,G6,G6,G6_vs_G6,False,False,Conference USA,Mountain West,,,9.333333333333334,Underdog,10.333333333333334,W,9.5,0.0
2025,3,2025-09-13T23:00:00.000Z,401754536,Virginia Tech,Sun Belt,ACC,G6,P4,G6_vs_P4,False,False,Sun Belt,ACC,,,5.5,Underdog,24.5,W,5.5,1.0
2025,3,2025-09-13T23:00:00.000Z,401752827,Ohio State,MAC,Big Ten,G6,P4,G6_vs_P4,False,False,MAC,Big Ten,,,28.333333333333332,Underdog,0.3333333333333321,W,28.5,-3.0
2025,3,2025-09-13T23:00:00.000Z,401752829,Western Michigan,Big Ten,MAC,P4,G6,P4_vs_G6,False,False,Big Ten,MAC,,,-27.5,Favorite,10.5,W,-27.5,-1.0
2025,3,2025-09-13T23:30:00.000Z,401752707,Notre Dame,SEC,Independent,P4,Independent,Other,False,False,SEC,Independent,,,6.833333333333333,Underdog,7.833333333333333,W,6.5,0.0
2025,3,2025-09-14T02:30:00.000Z,401752840,California,Big Ten,ACC,P4,P4,P4_vs_P4,False,False,Big Ten,ACC,,,-3.1666666666666665,Favorite,-16.166666666666668,L,-3.5,1.0
2025,4,2025-09-18T23:30:00.000Z,401762468,Charlotte,American,American,G6,G6,G6_vs_G6,False,False,American,American,,,-1.6666666666666667,Favorite,9.333333333333334,W,-2.0,-2.5
2025,4,2025-09-20T16:00:00.000Z,401762469,North Texas,American,American,G6,G6,G6_vs_G6,False,False,American,American,,,2.5,Underdog,-4.5,L,2.5,-1.5
2025,4,2025-09-20T16:00:00.000Z,401762469,Army,American,American,G6,G6,G6_vs_G6,False,False,American,American,,,-2.5,Favorite,4.5,W,-2.5,1.5
2025,4,2025-09-20T16:00:00.000Z,401760376,UNLV,MAC,Mountain West,G6,G6,G6_vs_G6,False,False,MAC,Mountain West,,,1.8333333333333333,Underdog,-1.1666666666666667,L,1.5,2.0
2025,4,2025-09-20T16:00:00.000Z,401760376,Miami (OH),Mountain West,MAC,G6,G6,G6_vs_G6,False,False,Mountain West,MAC,,,-1.8333333333333333,Favorite,1.1666666666666667,W,-1.5,-2.0
2025,4,2025-09-20T16:00:00.000Z,401754537,Syracuse,ACC,ACC,P4,P4,P4_vs_P4,False,False,ACC,ACC,,,-17.5,Favorite,-30.5,L,-17.5,1.0
2025,4,2025-09-20T16:45:00.000Z,401752715,UAB,SEC,American,P4,G6,P4_vs_G6,False,False,SEC,American,,,-39.0,Favorite,-7.0,L,-38.5,1.0
2025,4,2025-09-20T19:00:00.000Z,401752841,Oregon,,Big Ten,,P4,Other,,False,,Big Ten,,,34.0,Underdog,0.0,P,34.5,0.0
2025,4,2025-09-20T19:30:00.000Z,401752848,Purdue,Independent,Big Ten,Independent,P4,Other,False,False,Independent,Big Ten,,,-24.5,Favorite,1.5,W,-24.5,-2.0
2025,4,2025-09-20T19:30:00.000Z,401761613,Buffalo,Sun Belt,MAC,G6,G6,G6_vs_G6,False,False,Sun Belt,MAC,,,5.833333333333333,Underdog,9.833333333333332,W,6.5,0.0
2025,4,2025-09-20T19:30:00.000Z,401762820,Western Michigan,MAC,MAC,G6,G6,G6_vs_G6,False,False,MAC,MAC,,,-12.666666666666666,Favorite,-13.666666666666666,L,-11.5,-2.0
2025,4,2025-09-20T19:30:00.000Z,401752711,Ole Miss,American,SEC,G6,P4,G6_vs_P4,False,False,American,SEC,,,12.166666666666666,Underdog,-22.833333333333336,L,11.5,1.0
2025,4,2025-09-20T23:00:00.000Z,401757264,Marshall,Conference USA,Sun Belt,G6,G6,G6_vs_G6,False,False,Conference USA,Sun Belt,,,2.5,Underdog,-11.5,L,2.5,1.0
2025,4,2025-09-20T23:30:00.000Z,401752842,Washington State,Big Ten,,P4,,Other,False,,Big Ten,,,,-20.833333333333332,Favorite,14.166666666666668,W,-20.5,0.0
2025,4,2025-09-20T23:30:00.000Z,401754539,Virginia,ACC,ACC,P4,P4,P4_vs_P4,False,False,ACC,ACC,,,16.166666666666668,Underdog,-11.833333333333332,L,16.5,0.0
2025,4,2025-09-21T02:30:00.000Z,401754540,California,Mountain West,ACC,G6,P4,G6_vs_P4,False,False,Mountain West,ACC,,,13.833333333333334,Underdog,47.833333333333336,W,13.5,0.0
2025,4,2025-09-21T02:30:00.000Z,401754540,San Diego State,ACC,Mountain West,P4,G6,P4_vs_G6,False,False,ACC,Mountain West,,,-13.833333333333334,Favorite,-47.833333333333336,L,-13.5,0.0
2023,1,2023-09-02T16:00:00.000Z,401520172,SMU,Conference USA,American,G6,G6,G6_vs_G6,False,False,Conference USA,American,,,20.125,Underdog,-3.875,L,21.0,
2023,1,2023-09-02T16:00:00.000Z,401520162,East Carolina,Big Ten,American,P4,G6,P4_vs_G6,False,False,Big Ten,American,,,-35.4,Favorite,-8.399999999999999,L,-36.0,
2023,1,2023-09-02T16:00:00.000Z,401523994,TCU,,Big 12,,P4,Other,,False,,Big 12,,,20.6,Underdog,23.6,W,20.5,
2023,1,2023-09-02T16:00:00.000Z,401520179,Virginia,SEC,ACC,P4,P4,P4_vs_P4,False,False,SEC,ACC,,,-27.7,Favorite,8.3,W,-27.5,
2023,1,2023-09-02T22:30:00.000Z,401523996,Nevada,,Mountain West,,G6,Other,,False,,Mountain West,,,-37.875,Favorite,14.125,W,-37.5,
2023,1,2023-09-02T23:00:00.000Z,401520175,UL Monroe,Independent,Sun Belt,Independent,G6,Other,False,False,Independent,Sun Belt,,,-8.375,Favorite,-12.375,L,-8.5,
2023,1,2023-09-02T23:30:00.000Z,401520149,Alabama,Conference USA,SEC,G6,P4,G6_vs_P4,False,False,Conference USA,SEC,,,39.375,Underdog,-9.625,L,39.5,
2023,1,2023-09-03T16:00:00.000Z,401520171,Northwestern,Big Ten,Big Ten,P4,P4,P4_vs_P4,False,False,Big Ten,Big Ten,,,-6.1,Favorite,10.9,W,-5.0,
2023,2,2023-09-09T16:00:00.000Z,401525498,Virginia,Sun Belt,ACC,G6,P4,G6_vs_P4,False,False,Sun Belt,ACC,,,-6.0,Favorite,-5.0,L,-6.0,
2023,2,2023-09-09T20:00:00.000Z,401531411,East Carolina,Sun Belt,American,G6,G6,G6_vs_G6,False,False,Sun Belt,American,,,-2.8333333333333335,Favorite,15.166666666666666,W,-3.0,
2023,2,2023-09-09T21:00:00.000Z,401524004,Tulsa,,American,,G6,Other,,False,,American,,,-33.666666666666664,Favorite,-0.6666666666666643,L,-34.0,
2023,2,2023-09-09T23:00:00.000Z,401520183,Alabama,Big 12,SEC,P4,P4,P4_vs_P4,False,False,Big 12,SEC,,,7.166666666666667,Underdog,17.166666666666668,W,7.0,
2023,2,2023-09-09T23:00:00.000Z,401520206,Middle Tennessee,SEC,Conference USA,P4,G6,P4_vs_G6,False,False,SEC,Conference USA,,,-21.0,Favorite,-17.0,L,-21.0,
2023,2,2023-09-09T23:30:00.000Z,401520204,Minnesota,MAC,Big Ten,G6,P4,G6_vs_P4,False,False,MAC,Big Ten,,,19.666666666666668,Underdog,0.6666666666666679,W,19.5,
2023,2,2023-09-10T00:00:00.000Z,401520211,Air Force,Conference USA,Mountain West,G6,G6,G6_vs_G6,False,False,,Mountain West,,,13.166666666666666,Underdog,3.166666666666666,W,13.5,
2023,2,2023-09-10T00:30:00.000Z,401525493,Southern Miss,ACC,Sun Belt,P4,G6,P4_vs_G6,False,False,ACC,Sun Belt,,,-31.0,Favorite,22.0,W,-31.0,
2023,2,2023-09-10T02:30:00.000Z,401524003,Stanford,,,,,Other,,,,,,,-28.666666666666668,Favorite,17.333333333333332,W,-28.5,
2023,3,2023-09-15T23:00:00.000Z,401520231,Virginia,Big Ten,ACC,P4,P4,P4_vs_P4,False,False,Big Ten,ACC,,,-16.25,Favorite,11.75,W,-16.5,
2023,3,2023-09-16T18:30:00.000Z,401525437,Central Michigan,Independent,MAC,Independent,G6,Other,False,False,Independent,MAC,,,-34.75,Favorite,-10.75,L,-34.5,
2023,3,2023-09-16T19:30:00.000Z,401525842,Tulsa,Big 12,American,P4,G6,P4_vs_G6,False,False,Big 12,American,,,-28.0,Favorite,21.0,W,-28.0,
2023,3,2023-09-16T19:30:00.000Z,401520244,Alabama,American,SEC,G6,P4,G6_vs_P4,False,False,American,SEC,,,34.25,Underdog,20.25,W,34.0,
2023,3,2023-09-16T20:00:00.000Z,401520245,UL Monroe,SEC,Sun Belt,P4,G6,P4_vs_G6,False,False,SEC,Sun Belt,,,-36.5,Favorite,7.5,W,-36.5,
2023,3,2023-09-16T23:00:00.000Z,401525835,Cincinnati,MAC,Big 12,G6,P4,G6_vs_P4,False,True,MAC,American,,0.0,14.25,Underdog,21.25,W,14.5,
2023,3,2023-09-17T00:00:00.000Z,401524008,Hawai'i,,Mountain West,,G6,Other,,False,,Mountain West,,,-38.25,Favorite,6.75,W,-38.5,
2023,3,2023-09-17T02:30:00.000Z,401525837,Nevada,Big 12,Mountain West,P4,G6,P4_vs_G6,False,False,Big 12,Mountain West,,,-28.5,Favorite,-21.5,L,-28.5,
2023,4,2023-09-23T16:00:00.000Z,401525845,Cincinnati,Big 12,Big 12,P4,P4,P4_vs_P4,False,True,Big 12,American,,0.0,-13.666666666666666,Favorite,0.3333333333333339,W,-13.0,
2023,4,2023-09-23T16:00:00.000Z,401525507,Clemson,ACC,ACC,P4,P4,P4_vs_P4,False,False,ACC,ACC,,,-2.0,Favorite,5.0,W,-2.0,
2023,4,2023-09-23T20:00:00.000Z,401531423,South Florida,American,American,G6,G6,G6_vs_G6,True,False,Conference USA,American,0.0,,-2.5,Favorite,-15.5,L,-2.5,
2023,4,2023-09-23T21:00:00.000Z,401531876,Central Michigan,Sun Belt,MAC,G6,G6,G6_vs_G6,False,False,Sun Belt,MAC,,,-16.166666666666668,Favorite,-20.166666666666668,L,-16.5,
2023,4,2023-09-23T22:30:00.000Z,401525508,Wake Forest,ACC,ACC,P4,P4,P4_vs_P4,False,False,ACC,ACC,,,3.6666666666666665,Underdog,17.666666666666668,W,3.5,
2023,4,2023-09-23T23:30:00.000Z,401520252,UAB,SEC,American,P4,G6,P4_vs_G6,False,True,SEC,Conference USA,,0.0,-40.833333333333336,Favorite,-12.833333333333336,L,-40.0,
2024,1,2024-08-30T00:00:00.000Z,401640998,Coastal Carolina,Conference USA,Sun Belt,G6,G6,G6_vs_G6,False,False,Conference USA,Sun Belt,,,-3.5,Favorite,-31.5,L,-3.5,
2024,1,2024-08-30T00:00:00.000Z,401628448,North Carolina,Big Ten,ACC,P4,P4,P4_vs_P4,False,False,Big Ten,ACC,,,0.3333333333333333,Underdog,-1.6666666666666667,L,1.5,
2024,1,2024-08-30T23:00:00.000Z,401628328,Temple,SEC,American,P4,G6,P4_vs_G6,True,False,Big 12,American,0.0,,-43.0,Favorite,5.0,W,-43.5,
2024,1,2024-08-31T16:00:00.000Z,401628333,Vanderbilt,ACC,SEC,P4,P4,P4_vs_P4,False,False,ACC,SEC,,,-13.333333333333334,Favorite,-20.333333333333336,L,-13.5,
2024,1,2024-08-31T19:30:00.000Z,401628454,UTEP,Big Ten,Conference USA,P4,G6,P4_vs_G6,False,False,Big Ten,Conference USA,,,-27.5,Favorite,5.5,W,-27.5,0.5
2024,1,2024-08-31T19:30:00.000Z,401634304,Ohio,ACC,MAC,P4,G6,P4_vs_G6,False,False,ACC,MAC,,,-17.333333333333332,Favorite,-1.333333333333332,L,-17.5,
2024,1,2024-08-31T21:00:00.000Z,401643775,South Alabama,American,Sun Belt,G6,G6,G6_vs_G6,False,False,American,Sun Belt,,,5.833333333333333,Underdog,19.833333333333332,W,5.5,
2024,1,2024-08-31T23:00:00.000Z,401641039,Sam Houston,American,Conference USA,G6,G6,G6_vs_G6,False,False,American,Conference USA,,,-9.833333333333334,Favorite,-29.833333333333336,L,-9.5,
2024,1,2024-09-01T02:30:00.000Z,401636608,New Mexico,Big 12,Mountain West,P4,G6,P4_vs_G6,True,False,Pac-12,Mountain West,0.0,,-29.166666666666668,Favorite,-7.166666666666668,L,-29.0,
2024,1,2024-09-01T23:30:00.000Z,401628334,USC,SEC,Big Ten,P4,P4,P4_vs_P4,False,True,SEC,Pac-12,,0.0,-3.8333333333333335,Favorite,-10.833333333333334,L,-3.5,-0.5
2024,2,2024-09-07T01:00:00.000Z,401635533,Duke,Big Ten,ACC,P4,P4,P4_vs_P4,False,False,Big Ten,ACC,,,-2.1666666666666665,Favorite,-8.166666666666666,L,-1.5,-1.0
2024,2,2024-09-07T16:00:00.000Z,401643784,Troy,American,Sun Belt,G6,G6,G6_vs_G6,False,False,American,Sun Belt,,,-18.666666666666668,Favorite,2.333333333333332,W,-18.5,1.5
2024,2,2024-09-07T16:00:00.000Z,401628471,Akron,Big Ten,MAC,P4,G6,P4_vs_G6,False,False,Big Ten,MAC,,,-24.5,Favorite,7.5,W,-24.5,1.5
2024,2,2024-09-07T16:00:00.000Z,401628347,Michigan,SEC,Big Ten,P4,P4,P4_vs_P4,True,False,Big 12,Big Ten,0.0,,-6.666666666666667,Favorite,12.333333333333332,W,-6.5,-1.0
2024,2,2024-09-07T19:30:00.000Z,401645324,Temple,American,American,G6,G6,G6_vs_G6,False,False,American,American,,,-12.166666666666666,Favorite,14.833333333333334,W,-13.5,0.5
2024,2,2024-09-07T19:30:00.000Z,401635537,North Carolina,American,ACC,G6,P4,G6_vs_P4,False,False,American,ACC,,,21.5,Underdog,3.5,W,22.0,0.5
2024,2,2024-09-07T19:30:00.000Z,401635535,Louisville,Conference USA,ACC,G6,P4,G6_vs_P4,False,False,Conference USA,ACC,,,28.5,Underdog,-6.5,L,29.0,-2.0
2024,2,2024-09-07T19:30:00.000Z,401628473,Washington,MAC,Big Ten,G6,P4,G6_vs_P4,False,True,MAC,Pac-12,,0.0,24.833333333333332,Underdog,3.833333333333332,W,24.5,-0.5
2024,2,2024-09-07T22:00:00.000Z,401643781,Ohio,Sun Belt,MAC,G6,G6,G6_vs_G6,False,False,Sun Belt,MAC,,,-0.8333333333333334,Favorite,-7.833333333333333,L,-2.0,1.0
2024,2,2024-09-07T22:30:00.000Z,401636617,UCF,Conference USA,Big 12,G6,P4,G6_vs_P4,False,False,Conference USA,Big 12,,,21.5,Underdog,-9.5,L,21.5,2.0
2024,2,2024-09-07T23:00:00.000Z,401628344,Buffalo,SEC,MAC,P4,G6,P4_vs_G6,False,False,SEC,MAC,,,-33.666666666666664,Favorite,4.333333333333336,W,-32.0,-2.0
2024,2,2024-09-07T23:45:00.000Z,401628345,Houston,SEC,Big 12,P4,P4,P4_vs_P4,True,False,Big 12,Big 12,0.0,,-27.666666666666668,Favorite,-23.666666666666668,L,-28.0,1.0
2024,2,2024-09-08T02:00:00.000Z,401628469,Boise State,Big Ten,Mountain West,P4,G6,P4_vs_G6,True,False,Pac-12,Mountain West,0.0,,-18.833333333333332,Favorite,-15.833333333333332,L,-18.0,0.0
2024,3,2024-09-14T19:30:00.000Z,401628358,Tulane,SEC,American,P4,G6,P4_vs_G6,True,False,Big 12,American,0.0,,-13.333333333333334,Favorite,1.666666666666666,W,-13.5,0.0
2024,3,2024-09-14T19:30:00.000Z,401628484,Washington,,Big Ten,,P4,Other,,True,,Pac-12,,0.0,5.166666666666667,Underdog,10.166666666666668,W,5.5,2.0
2024,3,2024-09-14T23:00:00.000Z,401640999,Eastern Michigan,Conference USA,MAC,G6,G6,G6_vs_G6,False,False,Conference USA,MAC,,,-1.0,Favorite,-4.0,L,2.0,0.0
2024,3,2024-09-14T23:30:00.000Z,401636860,Air Force,Big 12,Mountain West,P4,G6,P4_vs_G6,False,False,Big 12,Mountain West,,,-16.666666666666668,Favorite,11.333333333333332,W,-15.5,0.0
2024,3,2024-09-14T23:30:00.000Z,401628352,New Mexico,SEC,Mountain West,P4,G6,P4_vs_G6,False,False,SEC,Mountain West,,,-25.833333333333332,Favorite,0.1666666666666678,W,-24.0,-4.0
2024,3,2024-09-14T23:30:00.000Z,401636866,UCF,Big 12,Big 12,P4,P4,P4_vs_P4,False,False,Big 12,Big 12,,,-2.1666666666666665,Favorite,-3.1666666666666665,L,-2.5,4.5
2024,3,2024-09-15T00:00:00.000Z,401636862,Houston,American,Big 12,G6,P4,G6_vs_P4,False,False,American,Big 12,,,4.333333333333333,Underdog,-21.666666666666668,L,5.0,0.0
2024,3,2024-09-15T00:00:00.000Z,401628478,Maryland,ACC,Big Ten,P4,P4,P4_vs_P4,False,False,ACC,Big Ten,,,-1.1666666666666667,Favorite,-15.166666666666666,L,2.0,0.0
2024,4,2024-09-21T00:00:00.000Z,401628485,Illinois,Big Ten,Big Ten,P4,P4,P4_vs_P4,False,False,Big Ten,Big Ten,,,-8.833333333333334,Favorite,-15.833333333333334,L,-8.0,-1.0
2024,4,2024-09-21T16:00:00.000Z,401643791,Tulane,Sun Belt,American,G6,G6,G6_vs_G6,False,False,Sun Belt,American,,,1.5,Underdog,-6.5,L,1.5,
2024,4,2024-09-21T16:00:00.000Z,401645328,Army,American,American,G6,G6,G6_vs_G6,False,True,American,Independent,,0.0,7.333333333333333,Underdog,-15.666666666666668,L,7.5,
2024,4,2024-09-21T16:45:00.000Z,401628364,Ohio,SEC,MAC,P4,G6,P4_vs_G6,False,False,SEC,MAC,,,-20.666666666666668,Favorite,14.333333333333332,W,-21.5,
2024,4,2024-09-21T18:00:00.000Z,401635558,Coastal Carolina,ACC,Sun Belt,P4,G6,P4_vs_G6,False,False,ACC,Sun Belt,,,-3.5,Favorite,15.5,W,-3.5,0.5
2024,4,2024-09-21T19:00:00.000Z,401641000,Southern Miss,Conference USA,Sun Belt,G6,G6,G6_vs_G6,False,False,Conference USA,Sun Belt,,,-6.166666666666667,Favorite,30.833333333333332,W,-6.5,0.0
2024,4,2024-09-21T19:30:00.000Z,401628365,UCLA,SEC,Big Ten,P4,P4,P4_vs_P4,False,True,SEC,Pac-12,,0.0,-21.5,Favorite,-4.5,L,-21.5,-1.5
2024,4,2024-09-21T19:30:00.000Z,401628489,Michigan,Big Ten,Big Ten,P4,P4,P4_vs_P4,True,False,Pac-12,Big Ten,0.0,,-4.166666666666667,Favorite,-7.166666666666667,L,-4.5,-1.0
2024,4,2024-09-21T23:00:00.000Z,401628491,Washington,Big Ten,Big Ten,P4,P4,P4_vs_P4,False,True,Big Ten,Pac-12,,0.0,11.833333333333334,Underdog,-7.166666666666666,L,12.0,-1.5
2024,4,2024-09-21T23:00:00.000Z,401643716,North Texas,Mountain West,American,G6,G6,G6_vs_G6,False,False,Mountain West,American,,,7.0,Underdog,-20.0,L,7.5,2.0
2024,4,2024-09-21T23:00:00.000Z,401641037,Toledo,Conference USA,MAC,G6,G6,G6_vs_G6,False,False,Conference USA,MAC,,,2.3333333333333335,Underdog,7.333333333333334,W,2.5,-3.5
2024,4,2024-09-21T23:30:00.000Z,401628369,Tennessee,SEC,SEC,P4,P4,P4_vs_P4,True,False,Big 12,SEC,0.0,,6.0,Underdog,-4.0,L,5.5,2.0
2024,4,2024-09-22T00:00:00.000Z,401628371,UL Monroe,SEC,Sun Belt,P4,G6,P4_vs_G6,True,False,Big 12,Sun Belt,0.0,,-43.0,Favorite,5.0,W,-41.5,-3.5
2025,1,2025-08-29T00:00:00.000Z,401752793,Buffalo,Big Ten,MAC,P4,G6,P4_vs_G6,False,False,Big Ten,MAC,,,-17.166666666666668,Favorite,-4.166666666666668,L,-18.5,0.0
2025,1,2025-08-29T00:00:00.000Z,401752793,Minnesota,MAC,Big Ten,G6,P4,G6_vs_P4,False,False,MAC,Big Ten,,,17.166666666666668,Underdog,4.166666666666668,W,18.5,0.0
2025,1,2025-08-29T01:00:00.000Z,401762791,Miami (OH),Big Ten,MAC,P4,G6,P4_vs_G6,False,False,Big Ten,MAC,,,-18.0,Favorite,-1.0,L,-18.0,0.5
2025,1,2025-08-30T00:00:00.000Z,401754375,Colorado,ACC,Big 12,P4,P4,P4_vs_P4,False,False,ACC,Big 12,,,-3.6666666666666665,Favorite,3.3333333333333335,W,-3.5,0.0
2025,1,2025-08-30T16:00:00.000Z,401752676,Syracuse,SEC,ACC,P4,P4,P4_vs_P4,False,False,SEC,ACC,,,-13.5,Favorite,5.5,W,-13.5,-1.0
2025,1,2025-08-30T19:30:00.000Z,401752807,Nevada,Big Ten,Mountain West,P4,G6,P4_vs_G6,False,False,Big Ten,Mountain West,,,-44.166666666666664,Favorite,-9.166666666666664,L,-43.5,0.0
2025,1,2025-08-30T23:30:00.000Z,401752808,New Mexico,Big Ten,Mountain West,P4,G6,P4_vs_G6,False,False,Big Ten,Mountain West,,,-35.166666666666664,Favorite,-18.166666666666664,L,-34.5,0.0
2025,2,2025-09-06T16:00:00.000Z,401757227,Jacksonville State,Conference USA,Conference USA,G6,G6,G6_vs_G6,False,False,Conference USA,Conference USA,,,-6.25,Favorite,-16.25,L,-6.5,1.0
2025,2,2025-09-06T19:30:00.000Z,401752818,Miami (OH),Big Ten,MAC,P4,G6,P4_vs_G6,False,False,Big Ten,MAC,,,-15.5,Favorite,12.5,W,-15.5,2.0
2025,2,2025-09-06T19:30:00.000Z,401756880,Bowling Green,Big 12,MAC,P4,G6,P4_vs_G6,False,False,Big 12,MAC,,,-22.0,Favorite,-8.0,L,-22.5,4.5
2025,2,2025-09-06T19:30:00.000Z,401756881,Colorado,Conference USA,Big 12,G6,P4,G6_vs_P4,False,False,,Big 12,,,23.5,Underdog,-0.5,L,23.5,1.0
2025,2,2025-09-06T19:30:00.000Z,401762461,Western Michigan,American,MAC,G6,G6,G6_vs_G6,False,False,American,MAC,,,-12.25,Favorite,-9.25,L,-12.5,2.0
2025,2,2025-09-06T20:00:00.000Z,401756883,West Virginia,MAC,Big 12,G6,P4,G6_vs_P4,False,False,MAC,Big 12,,,3.5,Underdog,10.5,W,3.5,-0.5
2025,2,2025-09-06T23:00:00.000Z,401754527,Charlotte,ACC,American,P4,G6,P4_vs_G6,False,False,ACC,American,,,-15.75,Favorite,1.25,W,-15.0,2.0
2025,2,2025-09-06T23:00:00.000Z,401756884,Rice,Big 12,American,P4,G6,P4_vs_G6,False,False,Big 12,American,,,-13.5,Favorite,12.5,W,-13.5,1.0
2025,2,2025-09-06T23:30:00.000Z,401752695,Virginia Tech,SEC,ACC,P4,P4,P4_vs_P4,False,False,SEC,ACC,,,2.0,Underdog,26.0,W,1.5,-0.5
2025,2,2025-09-07T02:15:00.000Z,401752948,Washington State,Mountain West,,G6,,Other,False,,Mountain West,,,,2.25,Underdog,-20.75,L,2.5,-1.0
2025,3,2025-09-13T16:00:00.000Z,401761608,Memphis,Sun Belt,American,G6,G6,G6_vs_G6,False,False,Sun Belt,American,,,4.5,Underdog,-16.5,L,4.5,
2025,3,2025-09-13T16:00:00.000Z,401752831,Oregon,Big Ten,Big Ten,P4,P4,P4_vs_P4,False,False,Big Ten,Big Ten,,,25.5,Underdog,5.5,W,24.5,3.0
2025,3,2025-09-13T17:00:00.000Z,401752702,Louisiana,SEC,Sun Belt,P4,G6,P4_vs_G6,False,False,SEC,Sun Belt,,,-27.5,Favorite,14.5,W,-27.5,5.0
2025,3,2025-09-13T19:30:00.000Z,401752938,Oregon State,Big 12,,P4,,Other,False,,Big 12,,,,-24.0,Favorite,7.0,W,-23.5,-1.0
2025,3,2025-09-13T19:30:00.000Z,401754638,West Virginia,ACC,Big 12,P4,P4,P4_vs_P4,False,False,ACC,Big 12,,,-6.833333333333333,Favorite,-13.833333333333332,L,-7.0,2.5
2025,3,2025-09-13T19:30:00.000Z,401752705,Georgia,SEC,SEC,P4,P4,P4_vs_P4,False,False,SEC,SEC,,,3.5,Underdog,0.5,W,3.5,3.0
2025,3,2025-09-13T19:30:00.000Z,401752949,Washington State,American,,G6,,Other,False,,American,,,,-6.5,Favorite,42.5,W,-6.5,1.0
2025,3,2025-09-13T21:00:00.000Z,401757256,Bowling Green,Conference USA,MAC,G6,G6,G6_vs_G6,False,False,Conference USA,MAC,,,-6.0,Favorite,-16.0,L,-6.5,-1.0
2025,3,2025-09-13T21:00:00.000Z,401757258,Nevada,Conference USA,Mountain West,G6,G6,G6_vs_G6,False,False,Conference USA,Mountain West,,,9.333333333333334,Underdog,10.333333333333334,W,9.5,0.0
2025,3,2025-09-13T23:00:00.000Z,401752829,Western Michigan,Big Ten,MAC,P4,G6,P4_vs_G6,False,False,Big Ten,MAC,,,-27.5,Favorite,10.5,W,-27.5,-1.0
2025,3,2025-09-13T23:30:00.000Z,401752707,Notre Dame,SEC,Independent,P4,Independent,Other,False,False,SEC,Independent,,,6.833333333333333,Underdog,7.833333333333333,W,6.5,0.0
2025,4,2025-09-18T23:30:00.000Z,401762468,Charlotte,American,American,G6,G6,G6_vs_G6,False,False,American,American,,,-1.6666666666666667,Favorite,9.333333333333334,W,-2.0,-2.5
2025,4,2025-09-20T16:00:00.000Z,401762469,North Texas,American,American,G6,G6,G6_vs_G6,False,False,American,American,,,2.5,Underdog,-4.5,L,2.5,-1.5
2025,4,2025-09-20T16:00:00.000Z,401762469,Army,American,American,G6,G6,G6_vs_G6,False,False,American,American,,,-2.5,Favorite,4.5,W,-2.5,1.5
2025,4,2025-09-20T16:00:00.000Z,401754537,Syracuse,ACC,ACC,P4,P4,P4_vs_P4,False,False,ACC,ACC,,,-17.5,Favorite,-30.5,L,-17.5,1.0
2025,4,2025-09-20T16:45:00.000Z,401752715,UAB,SEC,American,P4,G6,P4_vs_G6,False,False,SEC,American,,,-39.0,Favorite,-7.0,L,-38.5,1.0
2025,4,2025-09-20T19:00:00.000Z,401752841,Oregon,,Big Ten,,P4,Other,,False,,Big Ten,,,34.0,Underdog,0.0,P,34.5,0.0
2025,4,2025-09-20T19:30:00.000Z,401752848,Purdue,Independent,Big Ten,Independent,P4,Other,False,False,Independent,Big Ten,,,-24.5,Favorite,1.5,W,-24.5,-2.0
2025,4,2025-09-20T19:30:00.000Z,401761613,Buffalo,Sun Belt,MAC,G6,G6,G6_vs_G6,False,False,Sun Belt,MAC,,,5.833333333333333,Underdog,9.833333333333332,W,6.5,0.0
2025,4,2025-09-20T19:30:00.000Z,401762820,Western Michigan,MAC,MAC,G6,G6,G6_vs_G6,False,False,MAC,MAC,,,-12.666666666666666,Favorite,-13.666666666666666,L,-11.5,-2.0
2025,4,2025-09-20T19:30:00.000Z,401752711,Ole Miss,American,SEC,G6,P4,G6_vs_P4,False,False,American,SEC,,,12.166666666666666,Underdog,-22.833333333333336,L,11.5,1.0
2025,4,2025-09-20T23:00:00.000Z,401757264,Marshall,Conference USA,Sun Belt,G6,G6,G6_vs_G6,False,False,Conference USA,Sun Belt,,,2.5,Underdog,-11.5,L,2.5,1.0
2025,4,2025-09-20T23:30:00.000Z,401752842,Washington State,Big Ten,,P4,,Other,False,,Big Ten,,,,-20.833333333333332,Favorite,14.166666666666668,W,-20.5,0.0
2023,1,2023-09-02T16:00:00.000Z,401520172,SMU,Conference USA,American,G6,G6,G6_vs_G6,False,False,Conference USA,American,,,20.125,Underdog,-3.875,L,21.0,
2023,1,2023-09-02T16:00:00.000Z,401520162,East Carolina,Big Ten,American,P4,G6,P4_vs_G6,False,False,Big Ten,American,,,-35.4,Favorite,-8.399999999999999,L,-36.0,
2023,1,2023-09-02T16:00:00.000Z,401520179,Virginia,SEC,ACC,P4,P4,P4_vs_P4,False,False,SEC,ACC,,,-27.7,Favorite,8.3,W,-27.5,
2023,1,2023-09-02T22:30:00.000Z,401523996,Nevada,,Mountain West,,G6,Other,,False,,Mountain West,,,-37.875,Favorite,14.125,W,-37.5,
2023,1,2023-09-02T23:00:00.000Z,401520175,UL Monroe,Independent,Sun Belt,Independent,G6,Other,False,False,Independent,Sun Belt,,,-8.375,Favorite,-12.375,L,-8.5,
2023,1,2023-09-02T23:30:00.000Z,401520149,Alabama,Conference USA,SEC,G6,P4,G6_vs_P4,False,False,Conference USA,SEC,,,39.375,Underdog,-9.625,L,39.5,
2023,1,2023-09-03T16:00:00.000Z,401520171,Northwestern,Big Ten,Big Ten,P4,P4,P4_vs_P4,False,False,Big Ten,Big Ten,,,-6.1,Favorite,10.9,W,-5.0,
2023,2,2023-09-09T16:00:00.000Z,401525498,Virginia,Sun Belt,ACC,G6,P4,G6_vs_P4,False,False,Sun Belt,ACC,,,-6.0,Favorite,-5.0,L,-6.0,
2023,2,2023-09-09T20:00:00.000Z,401531411,East Carolina,Sun Belt,American,G6,G6,G6_vs_G6,False,False,Sun Belt,American,,,-2.8333333333333335,Favorite,15.166666666666666,W,-3.0,
2023,2,2023-09-09T21:00:00.000Z,401524004,Tulsa,,American,,G6,Other,,False,,American,,,-33.666666666666664,Favorite,-0.6666666666666643,L,-34.0,
2023,2,2023-09-09T23:00:00.000Z,401520206,Middle Tennessee,SEC,Conference USA,P4,G6,P4_vs_G6,False,False,SEC,Conference USA,,,-21.0,Favorite,-17.0,L,-21.0,
2023,2,2023-09-10T00:00:00.000Z,401520211,Air Force,Conference USA,Mountain West,G6,G6,G6_vs_G6,False,False,,Mountain West,,,13.166666666666666,Underdog,3.166666666666666,W,13.5,
2023,2,2023-09-10T00:30:00.000Z,401525493,Southern Miss,ACC,Sun Belt,P4,G6,P4_vs_G6,False,False,ACC,Sun Belt,,,-31.0,Favorite,22.0,W,-31.0,
2023,2,2023-09-10T02:30:00.000Z,401524003,Stanford,,,,,Other,,,,,,,-28.666666666666668,Favorite,17.333333333333332,W,-28.5,
2023,3,2023-09-16T20:00:00.000Z,401520245,UL Monroe,SEC,Sun Belt,P4,G6,P4_vs_G6,False,False,SEC,Sun Belt,,,-36.5,Favorite,7.5,W,-36.5,
2023,3,2023-09-16T23:00:00.000Z,401525835,Cincinnati,MAC,Big 12,G6,P4,G6_vs_P4,False,True,MAC,American,,0.0,14.25,Underdog,21.25,W,14.5,
2023,3,2023-09-17T02:30:00.000Z,401525837,Nevada,Big 12,Mountain West,P4,G6,P4_vs_G6,False,False,Big 12,Mountain West,,,-28.5,Favorite,-21.5,L,-28.5,
2023,4,2023-09-23T16:00:00.000Z,401525507,Clemson,ACC,ACC,P4,P4,P4_vs_P4,False,False,ACC,ACC,,,-2.0,Favorite,5.0,W,-2.0,
2023,4,2023-09-23T20:00:00.000Z,401531423,South Florida,American,American,G6,G6,G6_vs_G6,True,False,Conference USA,American,0.0,,-2.5,Favorite,-15.5,L,-2.5,
2023,4,2023-09-23T21:00:00.000Z,401531876,Central Michigan,Sun Belt,MAC,G6,G6,G6_vs_G6,False,False,Sun Belt,MAC,,,-16.166666666666668,Favorite,-20.166666666666668,L,-16.5,
2023,4,2023-09-23T23:30:00.000Z,401520252,UAB,SEC,American,P4,G6,P4_vs_G6,False,True,SEC,Conference USA,,0.0,-40.833333333333336,Favorite,-12.833333333333336,L,-40.0,
2024,1,2024-08-30T00:00:00.000Z,401640998,Coastal Carolina,Conference USA,Sun Belt,G6,G6,G6_vs_G6,False,False,Conference USA,Sun Belt,,,-3.5,Favorite,-31.5,L,-3.5,
2024,1,2024-08-30T00:00:00.000Z,401628448,North Carolina,Big Ten,ACC,P4,P4,P4_vs_P4,False,False,Big Ten,ACC,,,0.3333333333333333,Underdog,-1.6666666666666667,L,1.5,
2024,1,2024-08-30T23:00:00.000Z,401628328,Temple,SEC,American,P4,G6,P4_vs_G6,True,False,Big 12,American,0.0,,-43.0,Favorite,5.0,W,-43.5,
2024,1,2024-08-31T19:30:00.000Z,401628454,UTEP,Big Ten,Conference USA,P4,G6,P4_vs_G6,False,False,Big Ten,Conference USA,,,-27.5,Favorite,5.5,W,-27.5,0.5
2024,1,2024-08-31T19:30:00.000Z,401634304,Ohio,ACC,MAC,P4,G6,P4_vs_G6,False,False,ACC,MAC,,,-17.333333333333332,Favorite,-1.333333333333332,L,-17.5,
2024,1,2024-08-31T21:00:00.000Z,401643775,South Alabama,American,Sun Belt,G6,G6,G6_vs_G6,False,False,American,Sun Belt,,,5.833333333333333,Underdog,19.833333333333332,W,5.5,
2024,1,2024-09-01T02:30:00.000Z,401636608,New Mexico,Big 12,Mountain West,P4,G6,P4_vs_G6,True,False,Pac-12,Mountain West,0.0,,-29.166666666666668,Favorite,-7.166666666666668,L,-29.0,
2024,2,2024-09-07T01:00:00.000Z,401635533,Duke,Big Ten,ACC,P4,P4,P4_vs_P4,False,False,Big Ten,ACC,,,-2.1666666666666665,Favorite,-8.166666666666666,L,-1.5,-1.0
2024,2,2024-09-07T16:00:00.000Z,401628471,Akron,Big Ten,MAC,P4,G6,P4_vs_G6,False,False,Big Ten,MAC,,,-24.5,Favorite,7.5,W,-24.5,1.5
2024,2,2024-09-07T16:00:00.000Z,401628347,Michigan,SEC,Big Ten,P4,P4,P4_vs_P4,True,False,Big 12,Big Ten,0.0,,-6.666666666666667,Favorite,12.333333333333332,W,-6.5,-1.0
2024,2,2024-09-07T19:30:00.000Z,401645324,Temple,American,American,G6,G6,G6_vs_G6,False,False,American,American,,,-12.166666666666666,Favorite,14.833333333333334,W,-13.5,0.5
2024,2,2024-09-07T19:30:00.000Z,401628473,Washington,MAC,Big Ten,G6,P4,G6_vs_P4,False,True,MAC,Pac-12,,0.0,24.833333333333332,Underdog,3.833333333333332,W,24.5,-0.5
2024,2,2024-09-07T22:30:00.000Z,401636617,UCF,Conference USA,Big 12,G6,P4,G6_vs_P4,False,False,Conference USA,Big 12,,,21.5,Underdog,-9.5,L,21.5,2.0
2024,2,2024-09-07T23:00:00.000Z,401628344,Buffalo,SEC,MAC,P4,G6,P4_vs_G6,False,False,SEC,MAC,,,-33.666666666666664,Favorite,4.333333333333336,W,-32.0,-2.0
2024,3,2024-09-14T19:30:00.000Z,401628358,Tulane,SEC,American,P4,G6,P4_vs_G6,True,False,Big 12,American,0.0,,-13.333333333333334,Favorite,1.666666666666666,W,-13.5,0.0
2024,3,2024-09-14T19:30:00.000Z,401628484,Washington,,Big Ten,,P4,Other,,True,,Pac-12,,0.0,5.166666666666667,Underdog,10.166666666666668,W,5.5,2.0
2024,3,2024-09-14T23:00:00.000Z,401640999,Eastern Michigan,Conference USA,MAC,G6,G6,G6_vs_G6,False,False,Conference USA,MAC,,,-1.0,Favorite,-4.0,L,2.0,0.0
2024,3,2024-09-14T23:30:00.000Z,401636860,Air Force,Big 12,Mountain West,P4,G6,P4_vs_G6,False,False,Big 12,Mountain West,,,-16.666666666666668,Favorite,11.333333333333332,W,-15.5,0.0
2024,3,2024-09-14T23:30:00.000Z,401628352,New Mexico,SEC,Mountain West,P4,G6,P4_vs_G6,False,False,SEC,Mountain West,,,-25.833333333333332,Favorite,0.1666666666666678,W,-24.0,-4.0
2024,3,2024-09-14T23:30:00.000Z,401636866,UCF,Big 12,Big 12,P4,P4,P4_vs_P4,False,False,Big 12,Big 12,,,-2.1666666666666665,Favorite,-3.1666666666666665,L,-2.5,4.5
2024,3,2024-09-15T00:00:00.000Z,401636862,Houston,American,Big 12,G6,P4,G6_vs_P4,False,False,American,Big 12,,,4.333333333333333,Underdog,-21.666666666666668,L,5.0,0.0
2024,3,2024-09-15T00:00:00.000Z,401628478,Maryland,ACC,Big Ten,P4,P4,P4_vs_P4,False,False,ACC,Big Ten,,,-1.1666666666666667,Favorite,-15.166666666666666,L,2.0,0.0
2024,4,2024-09-21T16:00:00.000Z,401643791,Tulane,Sun Belt,American,G6,G6,G6_vs_G6,False,False,Sun Belt,American,,,1.5,Underdog,-6.5,L,1.5,
2024,4,2024-09-21T16:00:00.000Z,401645328,Army,American,American,G6,G6,G6_vs_G6,False,True,American,Independent,,0.0,7.333333333333333,Underdog,-15.666666666666668,L,7.5,
2024,4,2024-09-21T16:45:00.000Z,401628364,Ohio,SEC,MAC,P4,G6,P4_vs_G6,False,False,SEC,MAC,,,-20.666666666666668,Favorite,14.333333333333332,W,-21.5,
2024,4,2024-09-21T19:00:00.000Z,401641000,Southern Miss,Conference USA,Sun Belt,G6,G6,G6_vs_G6,False,False,Conference USA,Sun Belt,,,-6.166666666666667,Favorite,30.833333333333332,W,-6.5,0.0
2024,4,2024-09-21T19:30:00.000Z,401628489,Michigan,Big Ten,Big Ten,P4,P4,P4_vs_P4,True,False,Pac-12,Big Ten,0.0,,-4.166666666666667,Favorite,-7.166666666666667,L,-4.5,-1.0
2024,4,2024-09-21T23:00:00.000Z,401628491,Washington,Big Ten,Big Ten,P4,P4,P4_vs_P4,False,True,Big Ten,Pac-12,,0.0,11.833333333333334,Underdog,-7.166666666666666,L,12.0,-1.5
2024,4,2024-09-21T23:00:00.000Z,401643716,North Texas,Mountain West,American,G6,G6,G6_vs_G6,False,False,Mountain West,American,,,7.0,Underdog,-20.0,L,7.5,2.0
2024,4,2024-09-21T23:00:00.000Z,401641037,Toledo,Conference USA,MAC,G6,G6,G6_vs_G6,False,False,Conference USA,MAC,,,2.3333333333333335,Underdog,7.333333333333334,W,2.5,-3.5
2024,4,2024-09-21T23:30:00.000Z,401628369,Tennessee,SEC,SEC,P4,P4,P4_vs_P4,True,False,Big 12,SEC,0.0,,6.0,Underdog,-4.0,L,5.5,2.0
2024,4,2024-09-22T00:00:00.000Z,401628371,UL Monroe,SEC,Sun Belt,P4,G6,P4_vs_G6,True,False,Big 12,Sun Belt,0.0,,-43.0,Favorite,5.0,W,-41.5,-3.5
2025,1,2025-08-29T00:00:00.000Z,401752793,Buffalo,Big Ten,MAC,P4,G6,P4_vs_G6,False,False,Big Ten,MAC,,,-17.166666666666668,Favorite,-4.166666666666668,L,-18.5,0.0
2025,1,2025-08-29T01:00:00.000Z,401762791,Miami (OH),Big Ten,MAC,P4,G6,P4_vs_G6,False,False,Big Ten,MAC,,,-18.0,Favorite,-1.0,L,-18.0,0.5
2025,1,2025-08-30T16:00:00.000Z,401752676,Syracuse,SEC,ACC,P4,P4,P4_vs_P4,False,False,SEC,ACC,,,-13.5,Favorite,5.5,W,-13.5,-1.0
2025,1,2025-08-30T23:30:00.000Z,401752808,New Mexico,Big Ten,Mountain West,P4,G6,P4_vs_G6,False,False,Big Ten,Mountain West,,,-35.166666666666664,Favorite,-18.166666666666664,L,-34.5,0.0
2025,2,2025-09-06T16:00:00.000Z,401757227,Jacksonville State,Conference USA,Conference USA,G6,G6,G6_vs_G6,False,False,Conference USA,Conference USA,,,-6.25,Favorite,-16.25,L,-6.5,1.0
2025,2,2025-09-06T19:30:00.000Z,401752818,Miami (OH),Big Ten,MAC,P4,G6,P4_vs_G6,False,False,Big Ten,MAC,,,-15.5,Favorite,12.5,W,-15.5,2.0
2025,2,2025-09-06T19:30:00.000Z,401756880,Bowling Green,Big 12,MAC,P4,G6,P4_vs_G6,False,False,Big 12,MAC,,,-22.0,Favorite,-8.0,L,-22.5,4.5
2025,2,2025-09-06T19:30:00.000Z,401756881,Colorado,Conference USA,Big 12,G6,P4,G6_vs_P4,False,False,,Big 12,,,23.5,Underdog,-0.5,L,23.5,1.0
2025,2,2025-09-06T19:30:00.000Z,401762461,Western Michigan,American,MAC,G6,G6,G6_vs_G6,False,False,American,MAC,,,-12.25,Favorite,-9.25,L,-12.5,2.0
2025,2,2025-09-06T23:00:00.000Z,401754527,Charlotte,ACC,American,P4,G6,P4_vs_G6,False,False,ACC,American,,,-15.75,Favorite,1.25,W,-15.0,2.0
2025,2,2025-09-06T23:00:00.000Z,401756884,Rice,Big 12,American,P4,G6,P4_vs_G6,False,False,Big 12,American,,,-13.5,Favorite,12.5,W,-13.5,1.0
2025,2,2025-09-07T02:15:00.000Z,401752948,Washington State,Mountain West,,G6,,Other,False,,Mountain West,,,,2.25,Underdog,-20.75,L,2.5,-1.0
2025,3,2025-09-13T17:00:00.000Z,401752702,Louisiana,SEC,Sun Belt,P4,G6,P4_vs_G6,False,False,SEC,Sun Belt,,,-27.5,Favorite,14.5,W,-27.5,5.0
2025,3,2025-09-13T19:30:00.000Z,401752938,Oregon State,Big 12,,P4,,Other,False,,Big 12,,,,-24.0,Favorite,7.0,W,-23.5,-1.0
2025,3,2025-09-13T19:30:00.000Z,401752705,Georgia,SEC,SEC,P4,P4,P4_vs_P4,False,False,SEC,SEC,,,3.5,Underdog,0.5,W,3.5,3.0
2025,3,2025-09-13T19:30:00.000Z,401752949,Washington State,American,,G6,,Other,False,,American,,,,-6.5,Favorite,42.5,W,-6.5,1.0
2025,3,2025-09-13T21:00:00.000Z,401757256,Bowling Green,Conference USA,MAC,G6,G6,G6_vs_G6,False,False,Conference USA,MAC,,,-6.0,Favorite,-16.0,L,-6.5,-1.0
2025,3,2025-09-13T23:00:00.000Z,401752829,Western Michigan,Big Ten,MAC,P4,G6,P4_vs_G6,False,False,Big Ten,MAC,,,-27.5,Favorite,10.5,W,-27.5,-1.0
2025,4,2025-09-18T23:30:00.000Z,401762468,Charlotte,American,American,G6,G6,G6_vs_G6,False,False,American,American,,,-1.6666666666666667,Favorite,9.333333333333334,W,-2.0,-2.5
2025,4,2025-09-20T16:00:00.000Z,401762469,Army,American,American,G6,G6,G6_vs_G6,False,False,American,American,,,-2.5,Favorite,4.5,W,-2.5,1.5
2025,4,2025-09-20T16:00:00.000Z,401754537,Syracuse,ACC,ACC,P4,P4,P4_vs_P4,False,False,ACC,ACC,,,-17.5,Favorite,-30.5,L,-17.5,1.0
2025,4,2025-09-20T16:45:00.000Z,401752715,UAB,SEC,American,P4,G6,P4_vs_G6,False,False,SEC,American,,,-39.0,Favorite,-7.0,L,-38.5,1.0
2025,4,2025-09-20T19:00:00.000Z,401752841,Oregon,,Big Ten,,P4,Other,,False,,Big Ten,,,34.0,Underdog,0.0,P,34.5,0.0
2025,4,2025-09-20T19:30:00.000Z,401752848,Purdue,Independent,Big Ten,Independent,P4,Other,False,False,Independent,Big Ten,,,-24.5,Favorite,1.5,W,-24.5,-2.0
2025,4,2025-09-20T19:30:00.000Z,401761613,Buffalo,Sun Belt,MAC,G6,G6,G6_vs_G6,False,False,Sun Belt,MAC,,,5.833333333333333,Underdog,9.833333333333332,W,6.5,0.0
2025,4,2025-09-20T23:30:00.000Z,401752842,Washington State,Big Ten,,P4,,Other,False,,Big Ten,,,,-20.833333333333332,Favorite,14.166666666666668,W,-20.5,0.0
2023,1,2023-09-02T16:00:00.000Z,401520162,East Carolina,Big Ten,American,P4,G6,P4_vs_G6,False,False,Big Ten,American,,,-35.4,Favorite,-8.399999999999999,L,-36.0,
2023,1,2023-09-02T23:30:00.000Z,401520149,Alabama,Conference USA,SEC,G6,P4,G6_vs_P4,False,False,Conference USA,SEC,,,39.375,Underdog,-9.625,L,39.5,
2023,2,2023-09-09T16:00:00.000Z,401525498,Virginia,Sun Belt,ACC,G6,P4,G6_vs_P4,False,False,Sun Belt,ACC,,,-6.0,Favorite,-5.0,L,-6.0,
2023,2,2023-09-09T21:00:00.000Z,401524004,Tulsa,,American,,G6,Other,,False,,American,,,-33.666666666666664,Favorite,-0.6666666666666643,L,-34.0,
2023,2,2023-09-10T02:30:00.000Z,401524003,Stanford,,,,,Other,,,,,,,-28.666666666666668,Favorite,17.333333333333332,W,-28.5,
2023,3,2023-09-16T20:00:00.000Z,401520245,UL Monroe,SEC,Sun Belt,P4,G6,P4_vs_G6,False,False,SEC,Sun Belt,,,-36.5,Favorite,7.5,W,-36.5,
2023,3,2023-09-16T23:00:00.000Z,401525835,Cincinnati,MAC,Big 12,G6,P4,G6_vs_P4,False,True,MAC,American,,0.0,14.25,Underdog,21.25,W,14.5,
2023,4,2023-09-23T16:00:00.000Z,401525507,Clemson,ACC,ACC,P4,P4,P4_vs_P4,False,False,ACC,ACC,,,-2.0,Favorite,5.0,W,-2.0,
2023,4,2023-09-23T21:00:00.000Z,401531876,Central Michigan,Sun Belt,MAC,G6,G6,G6_vs_G6,False,False,Sun Belt,MAC,,,-16.166666666666668,Favorite,-20.166666666666668,L,-16.5,
2023,4,2023-09-23T23:30:00.000Z,401520252,UAB,SEC,American,P4,G6,P4_vs_G6,False,True,SEC,Conference USA,,0.0,-40.833333333333336,Favorite,-12.833333333333336,L,-40.0,
2024,1,2024-08-30T00:00:00.000Z,401640998,Coastal Carolina,Conference USA,Sun Belt,G6,G6,G6_vs_G6,False,False,Conference USA,Sun Belt,,,-3.5,Favorite,-31.5,L,-3.5,
2024,1,2024-08-30T00:00:00.000Z,401628448,North Carolina,Big Ten,ACC,P4,P4,P4_vs_P4,False,False,Big Ten,ACC,,,0.3333333333333333,Underdog,-1.6666666666666667,L,1.5,
2024,1,2024-08-30T23:00:00.000Z,401628328,Temple,SEC,American,P4,G6,P4_vs_G6,True,False,Big 12,American,0.0,,-43.0,Favorite,5.0,W,-43.5,
2024,1,2024-08-31T19:30:00.000Z,401628454,UTEP,Big Ten,Conference USA,P4,G6,P4_vs_G6,False,False,Big Ten,Conference USA,,,-27.5,Favorite,5.5,W,-27.5,0.5
2024,1,2024-08-31T19:30:00.000Z,401634304,Ohio,ACC,MAC,P4,G6,P4_vs_G6,False,False,ACC,MAC,,,-17.333333333333332,Favorite,-1.333333333333332,L,-17.5,
2024,1,2024-09-01T02:30:00.000Z,401636608,New Mexico,Big 12,Mountain West,P4,G6,P4_vs_G6,True,False,Pac-12,Mountain West,0.0,,-29.166666666666668,Favorite,-7.166666666666668,L,-29.0,
2024,2,2024-09-07T01:00:00.000Z,401635533,Duke,Big Ten,ACC,P4,P4,P4_vs_P4,False,False,Big Ten,ACC,,,-2.1666666666666665,Favorite,-8.166666666666666,L,-1.5,-1.0
2024,2,2024-09-07T16:00:00.000Z,401628471,Akron,Big Ten,MAC,P4,G6,P4_vs_G6,False,False,Big Ten,MAC,,,-24.5,Favorite,7.5,W,-24.5,1.5
2024,2,2024-09-07T16:00:00.000Z,401628347,Michigan,SEC,Big Ten,P4,P4,P4_vs_P4,True,False,Big 12,Big Ten,0.0,,-6.666666666666667,Favorite,12.333333333333332,W,-6.5,-1.0
2024,3,2024-09-14T19:30:00.000Z,401628358,Tulane,SEC,American,P4,G6,P4_vs_G6,True,False,Big 12,American,0.0,,-13.333333333333334,Favorite,1.666666666666666,W,-13.5,0.0
2024,3,2024-09-14T19:30:00.000Z,401628484,Washington,,Big Ten,,P4,Other,,True,,Pac-12,,0.0,5.166666666666667,Underdog,10.166666666666668,W,5.5,2.0
2024,3,2024-09-14T23:00:00.000Z,401640999,Eastern Michigan,Conference USA,MAC,G6,G6,G6_vs_G6,False,False,Conference USA,MAC,,,-1.0,Favorite,-4.0,L,2.0,0.0
2024,3,2024-09-14T23:30:00.000Z,401636860,Air Force,Big 12,Mountain West,P4,G6,P4_vs_G6,False,False,Big 12,Mountain West,,,-16.666666666666668,Favorite,11.333333333333332,W,-15.5,0.0
2024,3,2024-09-14T23:30:00.000Z,401636866,UCF,Big 12,Big 12,P4,P4,P4_vs_P4,False,False,Big 12,Big 12,,,-2.1666666666666665,Favorite,-3.1666666666666665,L,-2.5,4.5
2024,4,2024-09-21T16:45:00.000Z,401628364,Ohio,SEC,MAC,P4,G6,P4_vs_G6,False,False,SEC,MAC,,,-20.666666666666668,Favorite,14.333333333333332,W,-21.5,
2024,4,2024-09-21T23:00:00.000Z,401628491,Washington,Big Ten,Big Ten,P4,P4,P4_vs_P4,False,True,Big Ten,Pac-12,,0.0,11.833333333333334,Underdog,-7.166666666666666,L,12.0,-1.5
2024,4,2024-09-21T23:00:00.000Z,401641037,Toledo,Conference USA,MAC,G6,G6,G6_vs_G6,False,False,Conference USA,MAC,,,2.3333333333333335,Underdog,7.333333333333334,W,2.5,-3.5
2024,4,2024-09-21T23:30:00.000Z,401628369,Tennessee,SEC,SEC,P4,P4,P4_vs_P4,True,False,Big 12,SEC,0.0,,6.0,Underdog,-4.0,L,5.5,2.0
2025,1,2025-08-29T00:00:00.000Z,401752793,Buffalo,Big Ten,MAC,P4,G6,P4_vs_G6,False,False,Big Ten,MAC,,,-17.166666666666668,Favorite,-4.166666666666668,L,-18.5,0.0
2025,1,2025-08-29T01:00:00.000Z,401762791,Miami (OH),Big Ten,MAC,P4,G6,P4_vs_G6,False,False,Big Ten,MAC,,,-18.0,Favorite,-1.0,L,-18.0,0.5
2025,1,2025-08-30T16:00:00.000Z,401752676,Syracuse,SEC,ACC,P4,P4,P4_vs_P4,False,False,SEC,ACC,,,-13.5,Favorite,5.5,W,-13.5,-1.0
2025,1,2025-08-30T23:30:00.000Z,401752808,New Mexico,Big Ten,Mountain West,P4,G6,P4_vs_G6,False,False,Big Ten,Mountain West,,,-35.166666666666664,Favorite,-18.166666666666664,L,-34.5,0.0
2025,2,2025-09-06T16:00:00.000Z,401757227,Jacksonville State,Conference USA,Conference USA,G6,G6,G6_vs_G6,False,False,Conference USA,Conference USA,,,-6.25,Favorite,-16.25,L,-6.5,1.0
2025,2,2025-09-06T19:30:00.000Z,401752818,Miami (OH),Big Ten,MAC,P4,G6,P4_vs_G6,False,False,Big Ten,MAC,,,-15.5,Favorite,12.5,W,-15.5,2.0
2025,2,2025-09-06T19:30:00.000Z,401756881,Colorado,Conference USA,Big 12,G6,P4,G6_vs_P4,False,False,,Big 12,,,23.5,Underdog,-0.5,L,23.5,1.0
2025,2,2025-09-06T19:30:00.000Z,401762461,Western Michigan,American,MAC,G6,G6,G6_vs_G6,False,False,American,MAC,,,-12.25,Favorite,-9.25,L,-12.5,2.0
2025,2,2025-09-06T23:00:00.000Z,401754527,Charlotte,ACC,American,P4,G6,P4_vs_G6,False,False,ACC,American,,,-15.75,Favorite,1.25,W,-15.0,2.0
2025,2,2025-09-06T23:00:00.000Z,401756884,Rice,Big 12,American,P4,G6,P4_vs_G6,False,False,Big 12,American,,,-13.5,Favorite,12.5,W,-13.5,1.0
2025,2,2025-09-07T02:15:00.000Z,401752948,Washington State,Mountain West,,G6,,Other,False,,Mountain West,,,,2.25,Underdog,-20.75,L,2.5,-1.0
2025,3,2025-09-13T17:00:00.000Z,401752702,Louisiana,SEC,Sun Belt,P4,G6,P4_vs_G6,False,False,SEC,Sun Belt,,,-27.5,Favorite,14.5,W,-27.5,5.0
2025,3,2025-09-13T19:30:00.000Z,401752949,Washington State,American,,G6,,Other,False,,American,,,,-6.5,Favorite,42.5,W,-6.5,1.0
2025,3,2025-09-13T23:00:00.000Z,401752829,Western Michigan,Big Ten,MAC,P4,G6,P4_vs_G6,False,False,Big Ten,MAC,,,-27.5,Favorite,10.5,W,-27.5,-1.0
2025,4,2025-09-18T23:30:00.000Z,401762468,Charlotte,American,American,G6,G6,G6_vs_G6,False,False,American,American,,,-1.6666666666666667,Favorite,9.333333333333334,W,-2.0,-2.5
2025,4,2025-09-20T16:00:00.000Z,401762469,Army,American,American,G6,G6,G6_vs_G6,False,False,American,American,,,-2.5,Favorite,4.5,W,-2.5,1.5
2025,4,2025-09-20T16:00:00.000Z,401754537,Syracuse,ACC,ACC,P4,P4,P4_vs_P4,False,False,ACC,ACC,,,-17.5,Favorite,-30.5,L,-17.5,1.0
2025,4,2025-09-20T19:30:00.000Z,401752848,Purdue,Independent,Big Ten,Independent,P4,Other,False,False,Independent,Big Ten,,,-24.5,Favorite,1.5,W,-24.5,-2.0
