provider,run_id,provider_event_id,canonical_game_id,canonical_cfbd_game_id,canonical_week,provider_week,away_team,home_team,sportsbook,market,side,line,price,available,suspended,provider_last_updated_at,opening_line,opening_price,ingested_at,quote_age_hours,stale_threshold_hours,stale,market_available,market_suspended,selected_book,market_last_updated_at,quote_age,stale_flag,quote_id
sports_game_odds,20260803T051009Z-f34e0721,q2Sm8u4f8eKOgLKeY1m9,g5,401856766,0,1,North Carolina,TCU,fanduel,spread,away,7.5,-115,True,False,2026-08-03T05:08:22.253Z,6.5,-102,2026-08-03T05:10:09.838609+00:00,0.0299,24.0,False,True,False,fanduel,2026-08-03T05:08:22.253Z,0.0299,False,64e306b614b982c00b5f95a073a8578fe81c09c9d6e54c50f004b5a18da72f4b
sports_game_odds,20260803T051009Z-f34e0721,q2Sm8u4f8eKOgLKeY1m9,g5,401856766,0,1,North Carolina,TCU,draftkings,spread,away,6.5,-102,True,False,2026-08-03T05:08:22.214Z,6.5,-112,2026-08-03T05:10:09.838609+00:00,0.0299,24.0,False,True,False,draftkings,2026-08-03T05:08:22.214Z,0.0299,False,986c7d8f85bd41e123002144becb6c8d88075b2b1769f2a816ba1d8c6f2b504e
sports_game_odds,20260803T051009Z-f34e0721,q2Sm8u4f8eKOgLKeY1m9,g5,401856766,0,1,North Carolina,TCU,betmgm,spread,away,7.0,-110,True,False,2026-08-03T05:08:17.000Z,6.5,-110,2026-08-03T05:10:09.838609+00:00,0.0313,24.0,False,True,False,betmgm,2026-08-03T05:08:17.000Z,0.0313,False,ec762dbd82b395979a443dc890cace3d3a90e3457c081444fdd1b61ba37678fd
sports_game_odds,20260803T051009Z-f34e0721,q2Sm8u4f8eKOgLKeY1m9,g5,401856766,0,1,North Carolina,TCU,caesars,spread,away,7.0,-110,True,False,2026-08-03T05:08:12.000Z,6.5,-107,2026-08-03T05:10:09.838609+00:00,0.0327,24.0,False,True,False,caesars,2026-08-03T05:08:12.000Z,0.0327,False,88259832b74cacbe7d51fde8f238d4997aa31c244211de2775b97a3a0a4ebfc2
sports_game_odds,20260803T051009Z-f34e0721,q2Sm8u4f8eKOgLKeY1m9,g5,401856766,0,1,North Carolina,TCU,bovada,spread,away,6.5,100,True,False,2026-08-03T05:08:22.000Z,6.5,-105,2026-08-03T05:10:09.838609+00:00,0.03,24.0,False,True,False,bovada,2026-08-03T05:08:22.000Z,0.03,False,ea238124c6cb8d0f7b35608ef239addbf5ad29216e871683eb6d55360cb55c5c
sports_game_odds,20260803T051009Z-f34e0721,q2Sm8u4f8eKOgLKeY1m9,g5,401856766,0,1,North Carolina,TCU,fanduel,spread,home,-7.5,-105,True,False,2026-08-03T05:08:22.253Z,-6.5,-120,2026-08-03T05:10:09.838609+00:00,0.0299,24.0,False,True,False,fanduel,2026-08-03T05:08:22.253Z,0.0299,False,d4e462e2f3fee3af8443ee7c81145e16526757aaef68b23210c44c183887f05b
sports_game_odds,20260803T051009Z-f34e0721,q2Sm8u4f8eKOgLKeY1m9,g5,401856766,0,1,North Carolina,TCU,draftkings,spread,home,-6.5,-118,True,False,2026-08-03T05:08:22.214Z,-6.5,-108,2026-08-03T05:10:09.838609+00:00,0.0299,24.0,False,True,False,draftkings,2026-08-03T05:08:22.214Z,0.0299,False,5962625fbdb675ff8dbe1cccf6dd40a880b7238faddf6632af0380ba0212f0eb
sports_game_odds,20260803T051009Z-f34e0721,q2Sm8u4f8eKOgLKeY1m9,g5,401856766,0,1,North Carolina,TCU,betmgm,spread,home,-7.0,-110,True,False,2026-08-03T05:08:17.000Z,-6.5,-110,2026-08-03T05:10:09.838609+00:00,0.0313,24.0,False,True,False,betmgm,2026-08-03T05:08:17.000Z,0.0313,False,cfe42da193c71366150883a90b0658069b2a5c55df18b7f194816c8fb59dd023
sports_game_odds,20260803T051009Z-f34e0721,q2Sm8u4f8eKOgLKeY1m9,g5,401856766,0,1,North Carolina,TCU,caesars,spread,home,-7.0,-110,True,False,2026-08-03T05:08:12.000Z,-6.5,-113,2026-08-03T05:10:09.838609+00:00,0.0327,24.0,False,True,False,caesars,2026-08-03T05:08:12.000Z,0.0327,False,8150379f6c7c18be473f054a7d3d799e6608c235a413c73985adebe149d63cd5
sports_game_odds,20260803T051009Z-f34e0721,q2Sm8u4f8eKOgLKeY1m9,g5,401856766,0,1,North Carolina,TCU,bovada,spread,home,-6.5,-120,True,False,2026-08-03T05:08:22.000Z,-6.5,-115,2026-08-03T05:10:09.838609+00:00,0.03,24.0,False,True,False,bovada,2026-08-03T05:08:22.000Z,0.03,False,e3e1d153dcba7b3be173088b3841cf8510ec57cd6fd4e6e7639318729d53d565
sports_game_odds,20260803T051009Z-f34e0721,q2Sm8u4f8eKOgLKeY1m9,g5,401856766,0,1,North Carolina,TCU,fanduel,total,over,48.5,-115,True,False,2026-08-03T05:08:22.253Z,50.5,-105,2026-08-03T05:10:09.838609+00:00,0.0299,24.0,False,True,False,fanduel,2026-08-03T05:08:22.253Z,0.0299,False,f9576697a97ef802cf3137cbfbf483ec0b7a44a818afbdbb969f787b68e13e7e
sports_game_odds,20260803T051009Z-f34e0721,q2Sm8u4f8eKOgLKeY1m9,g5,401856766,0,1,North Carolina,TCU,draftkings,total,over,48.5,-110,True,False,2026-08-03T05:08:22.214Z,49.5,-112,2026-08-03T05:10:09.838609+00:00,0.0299,24.0,False,True,False,draftkings,2026-08-03T05:08:22.214Z,0.0299,False,4d36f3c3a13f6ffde61b46dca4532720ec99bfef4ce8ad4203ad4fbec4db0a48
sports_game_odds,20260803T051009Z-f34e0721,q2Sm8u4f8eKOgLKeY1m9,g5,401856766,0,1,North Carolina,TCU,betmgm,total,over,49.5,-110,True,False,2026-08-03T05:08:17.000Z,49.5,-110,2026-08-03T05:10:09.838609+00:00,0.0313,24.0,False,True,False,betmgm,2026-08-03T05:08:17.000Z,0.0313,False,0812435d9ec0ddac9b3c9e21327711543318a0097f49b1d709d029d4a1ef5954
sports_game_odds,20260803T051009Z-f34e0721,q2Sm8u4f8eKOgLKeY1m9,g5,401856766,0,1,North Carolina,TCU,caesars,total,over,49.5,-110,False,False,2026-08-01T18:11:51.000Z,50.0,-109,2026-08-03T05:10:09.838609+00:00,34.9719,24.0,True,False,False,caesars,2026-08-01T18:11:51.000Z,34.9719,True,fa8c7a8e29970aca0f47b7ad1661990c12d28a4fdd0c513e1fd8048ae157c5d3
sports_game_odds,20260803T051009Z-f34e0721,q2Sm8u4f8eKOgLKeY1m9,g5,401856766,0,1,North Carolina,TCU,bovada,total,over,48.5,-110,True,False,2026-08-03T05:08:22.000Z,50.5,-105,2026-08-03T05:10:09.838609+00:00,0.03,24.0,False,True,False,bovada,2026-08-03T05:08:22.000Z,0.03,False,4a074e01b0931a5d91867c09dc811062bd3959d1a20e2eb657551ca28e62ff7e
sports_game_odds,20260803T051009Z-f34e0721,q2Sm8u4f8eKOgLKeY1m9,g5,401856766,0,1,North Carolina,TCU,fanduel,total,under,48.5,-105,True,False,2026-08-03T05:08:22.253Z,50.5,-115,2026-08-03T05:10:09.838609+00:00,0.0299,24.0,False,True,False,fanduel,2026-08-03T05:08:22.253Z,0.0299,False,1113ec161c8cbabc049eb1197726236b1139333d37264b78530d766d68034e2c
sports_game_odds,20260803T051009Z-f34e0721,q2Sm8u4f8eKOgLKeY1m9,g5,401856766,0,1,North Carolina,TCU,draftkings,total,under,48.5,-110,True,False,2026-08-03T05:08:22.214Z,49.5,-108,2026-08-03T05:10:09.838609+00:00,0.0299,24.0,False,True,False,draftkings,2026-08-03T05:08:22.214Z,0.0299,False,68a7d2d826d510db7d9115feb66fa718a395d676f4685d2d0325af496cfbeba8
sports_game_odds,20260803T051009Z-f34e0721,q2Sm8u4f8eKOgLKeY1m9,g5,401856766,0,1,North Carolina,TCU,betmgm,total,under,49.5,-110,True,False,2026-08-03T05:08:17.000Z,49.5,-110,2026-08-03T05:10:09.838609+00:00,0.0313,24.0,False,True,False,betmgm,2026-08-03T05:08:17.000Z,0.0313,False,a5a642acf382e35f3ab47a50f0d13085fbbf2f8c03ed13344731519687f87a4b
sports_game_odds,20260803T051009Z-f34e0721,q2Sm8u4f8eKOgLKeY1m9,g5,401856766,0,1,North Carolina,TCU,caesars,total,under,49.5,-110,False,False,2026-08-01T18:11:51.000Z,50.0,-110,2026-08-03T05:10:09.838609+00:00,34.9719,24.0,True,False,False,caesars,2026-08-01T18:11:51.000Z,34.9719,True,de3f4618b6ef664e53728fe6bb87748ea4c781fe888406b63944603b8428d95e
sports_game_odds,20260803T051009Z-f34e0721,q2Sm8u4f8eKOgLKeY1m9,g5,401856766,0,1,North Carolina,TCU,bovada,total,under,48.5,-110,True,False,2026-08-03T05:08:22.000Z,50.5,-115,2026-08-03T05:10:09.838609+00:00,0.03,24.0,False,True,False,bovada,2026-08-03T05:08:22.000Z,0.03,False,6fe3eb43af856527b7ad7bd521e9c3b92fc133da261d75ee6fd53036c074186d
sports_game_odds,20260803T051009Z-f34e0721,q2Sm8u4f8eKOgLKeY1m9,g5,401856766,0,1,North Carolina,TCU,fanduel,moneyline,away,,235,True,False,2026-08-03T05:08:22.253Z,210.0,210,2026-08-03T05:10:09.838609+00:00,0.0299,24.0,False,True,False,fanduel,2026-08-03T05:08:22.253Z,0.0299,False,8612f6b56f0c7aab6aa9d3c01e117d9c7f0c8706173a7db1ad2f6a51337a6751
sports_game_odds,20260803T051009Z-f34e0721,q2Sm8u4f8eKOgLKeY1m9,g5,401856766,0,1,North Carolina,TCU,draftkings,moneyline,away,,210,True,False,2026-08-03T05:08:22.214Z,200.0,200,2026-08-03T05:10:09.838609+00:00,0.0299,24.0,False,True,False,draftkings,2026-08-03T05:08:22.214Z,0.0299,False,36c1d101450e593c09f8fa0ef154029c27dacca7d9c10cf6fa62e08c93ead3b5
sports_game_odds,20260803T051009Z-f34e0721,q2Sm8u4f8eKOgLKeY1m9,g5,401856766,0,1,North Carolina,TCU,caesars,moneyline,away,,220,True,False,2026-08-03T05:08:12.000Z,205.0,205,2026-08-03T05:10:09.838609+00:00,0.0327,24.0,False,True,False,caesars,2026-08-03T05:08:12.000Z,0.0327,False,d510cc4f2334f224070bde4617d2d44fa436212a66e122ad1dfd0ed1e31071a5
sports_game_odds,20260803T051009Z-f34e0721,q2Sm8u4f8eKOgLKeY1m9,g5,401856766,0,1,North Carolina,TCU,bovada,moneyline,away,,215,True,False,2026-08-03T05:08:22.000Z,215.0,215,2026-08-03T05:10:09.838609+00:00,0.03,24.0,False,True,False,bovada,2026-08-03T05:08:22.000Z,0.03,False,83d8da1fd1d5de4016c6c88f02372695110ab6fc52661b70ecc36a943eb7cb4c
sports_game_odds,20260803T051009Z-f34e0721,q2Sm8u4f8eKOgLKeY1m9,g5,401856766,0,1,North Carolina,TCU,betmgm,moneyline,away,,200,True,False,2026-08-03T05:08:17.000Z,200.0,200,2026-08-03T05:10:09.838609+00:00,0.0313,24.0,False,True,False,betmgm,2026-08-03T05:08:17.000Z,0.0313,False,b93747f1b4089a9cd29f5fdc790888f0452e2ed0451f8b1cf08d2f06dd87f1c1
sports_game_odds,20260803T051009Z-f34e0721,q2Sm8u4f8eKOgLKeY1m9,g5,401856766,0,1,North Carolina,TCU,fanduel,moneyline,home,,-295,True,False,2026-08-03T05:08:22.253Z,-260.0,-260,2026-08-03T05:10:09.838609+00:00,0.0299,24.0,False,True,False,fanduel,2026-08-03T05:08:22.253Z,0.0299,False,babd6b74b02556e6bad34b95bd6c3739d911da473f2cfca3095a0a6b990f9866
sports_game_odds,20260803T051009Z-f34e0721,q2Sm8u4f8eKOgLKeY1m9,g5,401856766,0,1,North Carolina,TCU,draftkings,moneyline,home,,-258,True,False,2026-08-03T05:08:22.214Z,-245.0,-245,2026-08-03T05:10:09.838609+00:00,0.0299,24.0,False,True,False,draftkings,2026-08-03T05:08:22.214Z,0.0299,False,43f4bd487bbf3fc0eebc4f2d1ac3146b6638065ef9246bb0b3b62b9f0a00d41f
sports_game_odds,20260803T051009Z-f34e0721,q2Sm8u4f8eKOgLKeY1m9,g5,401856766,0,1,North Carolina,TCU,caesars,moneyline,home,,-275,True,False,2026-08-03T05:08:12.000Z,-260.0,-260,2026-08-03T05:10:09.838609+00:00,0.0327,24.0,False,True,False,caesars,2026-08-03T05:08:12.000Z,0.0327,False,7eaf966bebe9a9c2758176e074bdf0b5eb79dd6c60e8e47650702f60cc2fd794
sports_game_odds,20260803T051009Z-f34e0721,q2Sm8u4f8eKOgLKeY1m9,g5,401856766,0,1,North Carolina,TCU,bovada,moneyline,home,,-260,True,False,2026-08-03T05:08:22.000Z,-260.0,-260,2026-08-03T05:10:09.838609+00:00,0.03,24.0,False,True,False,bovada,2026-08-03T05:08:22.000Z,0.03,False,ec030ac9ef5d73cec9a64a1fdb92c9885feb17f93783548587c6ec6bebc852fd
sports_game_odds,20260803T051009Z-f34e0721,q2Sm8u4f8eKOgLKeY1m9,g5,401856766,0,1,North Carolina,TCU,betmgm,moneyline,home,,-250,True,False,2026-08-03T05:08:17.000Z,-250.0,-250,2026-08-03T05:10:09.838609+00:00,0.0313,24.0,False,True,False,betmgm,2026-08-03T05:08:17.000Z,0.0313,False,8a4d4731ed08d5229e4df824e792eeb9d885377e9c22f91f1fe4eec6c19c09ca
sports_game_odds,20260803T051009Z-f34e0721,djp3nmDjGDvoFC2jyllO,g7,401864494,0,1,San Jose State,USC,fanduel,spread,away,36.5,-115,True,False,2026-08-03T05:08:22.253Z,35.5,-115,2026-08-03T05:10:09.838609+00:00,0.0299,24.0,False,True,False,fanduel,2026-08-03T05:08:22.253Z,0.0299,False,74e3c90b2c7af0ad877282801ab5bd7bf0fdb95f51bca77a1c2df980c79e56dd
sports_game_odds,20260803T051009Z-f34e0721,djp3nmDjGDvoFC2jyllO,g7,401864494,0,1,San Jose State,USC,draftkings,spread,away,38.5,-110,True,False,2026-08-03T05:08:22.214Z,35.5,-108,2026-08-03T05:10:09.838609+00:00,0.0299,24.0,False,True,False,draftkings,2026-08-03T05:08:22.214Z,0.0299,False,f5a5426af2e48ae31873789bb9931e987d18398c62198507bcb1c6aef0a4c009
sports_game_odds,20260803T051009Z-f34e0721,djp3nmDjGDvoFC2jyllO,g7,401864494,0,1,San Jose State,USC,caesars,spread,away,38.5,-110,True,False,2026-08-03T05:08:12.000Z,35.5,-110,2026-08-03T05:10:09.838609+00:00,0.0327,24.0,False,True,False,caesars,2026-08-03T05:08:12.000Z,0.0327,False,ff37d1b2d2d60ee3637cf1fec06952f7232b9bc25f1935c005e6de5a658e54b2
sports_game_odds,20260803T051009Z-f34e0721,djp3nmDjGDvoFC2jyllO,g7,401864494,0,1,San Jose State,USC,bovada,spread,away,38.5,-110,True,False,2026-08-03T05:08:22.000Z,35.5,-110,2026-08-03T05:10:09.838609+00:00,0.03,24.0,False,True,False,bovada,2026-08-03T05:08:22.000Z,0.03,False,586c310fdf2f10ba33644aa058d8c7afe535e4fe4dde02a5f7077be1d3897fe5
sports_game_odds,20260803T051009Z-f34e0721,djp3nmDjGDvoFC2jyllO,g7,401864494,0,1,San Jose State,USC,betmgm,spread,away,38.5,-110,True,False,2026-08-03T05:08:17.000Z,35.5,-110,2026-08-03T05:10:09.838609+00:00,0.0313,24.0,False,True,False,betmgm,2026-08-03T05:08:17.000Z,0.0313,False,6c54116ccc5a4b28ba65a25fa8fe0af63afc234ca14c3cc19d7ebc62c4e91ecb
sports_game_odds,20260803T051009Z-f34e0721,djp3nmDjGDvoFC2jyllO,g7,401864494,0,1,San Jose State,USC,fanduel,spread,home,-36.5,-105,True,False,2026-08-03T05:08:22.253Z,-35.5,-105,2026-08-03T05:10:09.838609+00:00,0.0299,24.0,False,True,False,fanduel,2026-08-03T05:08:22.253Z,0.0299,False,3caa06569a0b3219d21529fb7cf3f83808a44b0cf5651b0230d038543bf6db63
sports_game_odds,20260803T051009Z-f34e0721,djp3nmDjGDvoFC2jyllO,g7,401864494,0,1,San Jose State,USC,draftkings,spread,home,-38.5,-110,True,False,2026-08-03T05:08:22.214Z,-35.5,-112,2026-08-03T05:10:09.838609+00:00,0.0299,24.0,False,True,False,draftkings,2026-08-03T05:08:22.214Z,0.0299,False,a7a9f98ce56dc5b3570ebce4d0a3ee96ab50ff74f8dc58e90beb61616022e8ef
sports_game_odds,20260803T051009Z-f34e0721,djp3nmDjGDvoFC2jyllO,g7,401864494,0,1,San Jose State,USC,caesars,spread,home,-38.5,-110,True,False,2026-08-03T05:08:12.000Z,-35.5,-110,2026-08-03T05:10:09.838609+00:00,0.0327,24.0,False,True,False,caesars,2026-08-03T05:08:12.000Z,0.0327,False,0e85de0e86c9fcbb3734c634710faa2c3a5cce280667c626c008ea3f3382eb52
sports_game_odds,20260803T051009Z-f34e0721,djp3nmDjGDvoFC2jyllO,g7,401864494,0,1,San Jose State,USC,bovada,spread,home,-38.5,-110,True,False,2026-08-03T05:08:22.000Z,-35.5,-110,2026-08-03T05:10:09.838609+00:00,0.03,24.0,False,True,False,bovada,2026-08-03T05:08:22.000Z,0.03,False,fc451806de411edca2339f8c67dee4909cd651df8399b9313729e155d912b4e2
sports_game_odds,20260803T051009Z-f34e0721,djp3nmDjGDvoFC2jyllO,g7,401864494,0,1,San Jose State,USC,betmgm,spread,home,-38.5,-110,True,False,2026-08-03T05:08:17.000Z,-35.5,-110,2026-08-03T05:10:09.838609+00:00,0.0313,24.0,False,True,False,betmgm,2026-08-03T05:08:17.000Z,0.0313,False,8e616a5ac6b4bef1f6f6076ccf6d35f07af9708e9c0a22923ece89214da31124
sports_game_odds,20260803T051009Z-f34e0721,djp3nmDjGDvoFC2jyllO,g7,401864494,0,1,San Jose State,USC,fanduel,total,over,60.5,-110,True,False,2026-08-03T05:08:22.253Z,58.5,-115,2026-08-03T05:10:09.838609+00:00,0.0299,24.0,False,True,False,fanduel,2026-08-03T05:08:22.253Z,0.0299,False,8fb85339676bcf71ab92e15ce53721869c39fc51617f2fedb0395a8eccd1c720
sports_game_odds,20260803T051009Z-f34e0721,djp3nmDjGDvoFC2jyllO,g7,401864494,0,1,San Jose State,USC,draftkings,total,over,59.5,-112,True,False,2026-08-03T05:08:22.214Z,57.5,-122,2026-08-03T05:10:09.838609+00:00,0.0299,24.0,False,True,False,draftkings,2026-08-03T05:08:22.214Z,0.0299,False,a3a3abe0a02cab6f85732b91f7e4d3b85348cc317c0241ac72adfe2ad0bbc1c6
sports_game_odds,20260803T051009Z-f34e0721,djp3nmDjGDvoFC2jyllO,g7,401864494,0,1,San Jose State,USC,bovada,total,over,59.5,-110,True,False,2026-08-03T05:08:22.000Z,57.5,-125,2026-08-03T05:10:09.838609+00:00,0.03,24.0,False,True,False,bovada,2026-08-03T05:08:22.000Z,0.03,False,c72f46e78e66c610b09b95dfe56963dd1991615756e6ac1e51691e7051e73d5f
sports_game_odds,20260803T051009Z-f34e0721,djp3nmDjGDvoFC2jyllO,g7,401864494,0,1,San Jose State,USC,betmgm,total,over,59.5,-110,True,False,2026-08-03T05:08:17.000Z,55.5,-110,2026-08-03T05:10:09.838609+00:00,0.0313,24.0,False,True,False,betmgm,2026-08-03T05:08:17.000Z,0.0313,False,2881f933158336b9200ff8be6c297695d57c590b570113ffb8426634982f49ed
sports_game_odds,20260803T051009Z-f34e0721,djp3nmDjGDvoFC2jyllO,g7,401864494,0,1,San Jose State,USC,caesars,total,over,59.5,-114,True,False,2026-08-03T05:08:12.000Z,57.5,-124,2026-08-03T05:10:09.838609+00:00,0.0327,24.0,False,True,False,caesars,2026-08-03T05:08:12.000Z,0.0327,False,d185694ea6999ba3678bbbf8c2adfa2f07fc58e36afe7ad9b4c817825a1e4a28
sports_game_odds,20260803T051009Z-f34e0721,djp3nmDjGDvoFC2jyllO,g7,401864494,0,1,San Jose State,USC,fanduel,total,under,60.5,-110,True,False,2026-08-03T05:08:22.253Z,58.5,-105,2026-08-03T05:10:09.838609+00:00,0.0299,24.0,False,True,False,fanduel,2026-08-03T05:08:22.253Z,0.0299,False,3dbd7903f6e36555940b737c52ef037d65548290f99c3859d48421b4a2b83f0e
sports_game_odds,20260803T051009Z-f34e0721,djp3nmDjGDvoFC2jyllO,g7,401864494,0,1,San Jose State,USC,draftkings,total,under,59.5,-108,True,False,2026-08-03T05:08:22.214Z,57.5,102,2026-08-03T05:10:09.838609+00:00,0.0299,24.0,False,True,False,draftkings,2026-08-03T05:08:22.214Z,0.0299,False,652011c8316977293781d8e9c67a774eb7a8ca41a513250919a5d870c9a48e69
sports_game_odds,20260803T051009Z-f34e0721,djp3nmDjGDvoFC2jyllO,g7,401864494,0,1,San Jose State,USC,bovada,total,under,59.5,-110,True,False,2026-08-03T05:08:22.000Z,57.5,105,2026-08-03T05:10:09.838609+00:00,0.03,24.0,False,True,False,bovada,2026-08-03T05:08:22.000Z,0.03,False,58f2efd2f1bf135294096b8fac552ee5a239d6af78916a084af846f8dab534fa
sports_game_odds,20260803T051009Z-f34e0721,djp3nmDjGDvoFC2jyllO,g7,401864494,0,1,San Jose State,USC,betmgm,total,under,59.5,-110,True,False,2026-08-03T05:08:17.000Z,55.5,-110,2026-08-03T05:10:09.838609+00:00,0.0313,24.0,False,True,False,betmgm,2026-08-03T05:08:17.000Z,0.0313,False,a84a91e2d64aac4d84af57af3000aa6b781b637b6663eee0a05c40964ee19c45
sports_game_odds,20260803T051009Z-f34e0721,djp3nmDjGDvoFC2jyllO,g7,401864494,0,1,San Jose State,USC,caesars,total,under,59.5,-107,True,False,2026-08-03T05:08:12.000Z,57.5,102,2026-08-03T05:10:09.838609+00:00,0.0327,24.0,False,True,False,caesars,2026-08-03T05:08:12.000Z,0.0327,False,ef917030cefc939dbbff6bed4cdd7c2cf9c7d47d3199654d70852780ba0b1425
sports_game_odds,20260803T051009Z-f34e0721,djp3nmDjGDvoFC2jyllO,g7,401864494,0,1,San Jose State,USC,fanduel,moneyline,away,,5500,True,False,2026-08-03T05:08:22.253Z,5500.0,5500,2026-08-03T05:10:09.838609+00:00,0.0299,24.0,False,True,False,fanduel,2026-08-03T05:08:22.253Z,0.0299,False,32b0c4ee9b058616872e654a2019661daa4af3475e26e91911cb1dda9bfd9059
sports_game_odds,20260803T051009Z-f34e0721,djp3nmDjGDvoFC2jyllO,g7,401864494,0,1,San Jose State,USC,draftkings,moneyline,away,,5000,False,False,2026-08-03T05:08:04.700Z,4000.0,4000,2026-08-03T05:10:09.838609+00:00,0.0348,24.0,False,False,False,draftkings,2026-08-03T05:08:04.700Z,0.0348,False,58b438ca22417187397ca66ff13a468e92b31b64333edea838f5cfa95b5dd25b
sports_game_odds,20260803T051009Z-f34e0721,djp3nmDjGDvoFC2jyllO,g7,401864494,0,1,San Jose State,USC,bovada,moneyline,away,,4500,False,False,2026-08-03T05:08:04.700Z,3500.0,3500,2026-08-03T05:10:09.838609+00:00,0.0348,24.0,False,False,False,bovada,2026-08-03T05:08:04.700Z,0.0348,False,0ef7dc8b882975ed94dcde283edc278f2bc6a42cccd2d5ef4c78aad69981a00a
sports_game_odds,20260803T051009Z-f34e0721,djp3nmDjGDvoFC2jyllO,g7,401864494,0,1,San Jose State,USC,caesars,moneyline,away,,2200,False,False,2026-08-03T05:07:37.700Z,2200.0,2200,2026-08-03T05:10:09.838609+00:00,0.0423,24.0,False,False,False,caesars,2026-08-03T05:07:37.700Z,0.0423,False,d0ee0dbbc6e3b18b2b5a2721bc5bc8d265528b49542c4eebe3a1a4987d99c78c
sports_game_odds,20260803T051009Z-f34e0721,djp3nmDjGDvoFC2jyllO,g7,401864494,0,1,San Jose State,USC,fanduel,moneyline,home,,-30000,False,False,2026-08-03T05:08:04.700Z,-50000.0,-50000,2026-08-03T05:10:09.838609+00:00,0.0348,24.0,False,False,False,fanduel,2026-08-03T05:08:04.700Z,0.0348,False,953ae2a7975b7de13ef74ac52c55eabf5fca562315f224edc33d8d74650fd351
sports_game_odds,20260803T051009Z-f34e0721,djp3nmDjGDvoFC2jyllO,g7,401864494,0,1,San Jose State,USC,draftkings,moneyline,home,,-100000,False,False,2026-07-31T22:41:44.000Z,-50000.0,-50000,2026-08-03T05:10:09.838609+00:00,54.4738,24.0,True,False,False,draftkings,2026-07-31T22:41:44.000Z,54.4738,True,76a79467f55ce6ffe26f40b30cc61ea283ea36ede78c83a3aef1518c94872ec3
sports_game_odds,20260803T051009Z-f34e0721,djp3nmDjGDvoFC2jyllO,g7,401864494,0,1,San Jose State,USC,caesars,moneyline,home,,-10000,False,False,2026-08-03T05:07:37.700Z,-10000.0,-10000,2026-08-03T05:10:09.838609+00:00,0.0423,24.0,False,False,False,caesars,2026-08-03T05:07:37.700Z,0.0423,False,1143c04196f73f7e0986a44cede5c947757831f15543ec47e28ccccefe0e965e
sports_game_odds,20260803T051009Z-f34e0721,0AfOFu3Y3jrU8Z2wTd2A,g8,401858202,0,1,NC State,Virginia,fanduel,spread,away,5.5,-106,True,False,2026-08-03T05:08:22.253Z,5.5,-110,2026-08-03T05:10:09.838609+00:00,0.0299,24.0,False,True,False,fanduel,2026-08-03T05:08:22.253Z,0.0299,False,82bc841079b739ad41d20f98b8450d4e6a3439407984fa6beb617fa1e714cbc9
sports_game_odds,20260803T051009Z-f34e0721,0AfOFu3Y3jrU8Z2wTd2A,g8,401858202,0,1,NC State,Virginia,bovada,spread,away,5.5,-110,True,False,2026-08-03T05:08:22.000Z,5.5,-110,2026-08-03T05:10:09.838609+00:00,0.03,24.0,False,True,False,bovada,2026-08-03T05:08:22.000Z,0.03,False,b5a791385f5b9e908cf9aa42b55049256e211aed9ce02674e1fc858c3730a2b1
sports_game_odds,20260803T051009Z-f34e0721,0AfOFu3Y3jrU8Z2wTd2A,g8,401858202,0,1,NC State,Virginia,draftkings,spread,away,5.5,-110,True,False,2026-08-03T05:07:38.000Z,5.5,-112,2026-08-03T05:10:09.838609+00:00,0.0422,24.0,False,True,False,draftkings,2026-08-03T05:07:38.000Z,0.0422,False,d790645718db32dbddffdb1c15f93139df11838f9b3e10a069479a0ba6eda06a
sports_game_odds,20260803T051009Z-f34e0721,0AfOFu3Y3jrU8Z2wTd2A,g8,401858202,0,1,NC State,Virginia,betmgm,spread,away,5.5,-110,True,False,2026-08-03T05:08:17.000Z,5.5,-110,2026-08-03T05:10:09.838609+00:00,0.0313,24.0,False,True,False,betmgm,2026-08-03T05:08:17.000Z,0.0313,False,1391b4946fea126d327af9a4ea91372b50c1256529822191a1697a01a0a76624
sports_game_odds,20260803T051009Z-f34e0721,0AfOFu3Y3jrU8Z2wTd2A,g8,401858202,0,1,NC State,Virginia,caesars,spread,away,5.5,-108,True,False,2026-08-03T05:08:12.000Z,5.5,-108,2026-08-03T05:10:09.838609+00:00,0.0327,24.0,False,True,False,caesars,2026-08-03T05:08:12.000Z,0.0327,False,fa66ec58c423526f56b71f64cf66e6ff28e2c01af8bcc0aec5a73bc0ae418dd7
sports_game_odds,20260803T051009Z-f34e0721,0AfOFu3Y3jrU8Z2wTd2A,g8,401858202,0,1,NC State,Virginia,fanduel,spread,home,-5.5,-114,True,False,2026-08-03T05:08:22.253Z,-5.5,-110,2026-08-03T05:10:09.838609+00:00,0.0299,24.0,False,True,False,fanduel,2026-08-03T05:08:22.253Z,0.0299,False,3af374c5f49302751ae1d99c8f1fe936839cc7b0e7eb5de7aa007dae7f37c022
sports_game_odds,20260803T051009Z-f34e0721,0AfOFu3Y3jrU8Z2wTd2A,g8,401858202,0,1,NC State,Virginia,bovada,spread,home,-5.5,-110,True,False,2026-08-03T05:08:22.000Z,-5.5,-110,2026-08-03T05:10:09.838609+00:00,0.03,24.0,False,True,False,bovada,2026-08-03T05:08:22.000Z,0.03,False,581a7f9683721aef61e85fcd71268fdcca4e2a89e8cae0ccecc050268232d7bd
sports_game_odds,20260803T051009Z-f34e0721,0AfOFu3Y3jrU8Z2wTd2A,g8,401858202,0,1,NC State,Virginia,draftkings,spread,home,-5.5,-110,True,False,2026-08-03T05:07:38.000Z,-5.5,-108,2026-08-03T05:10:09.838609+00:00,0.0422,24.0,False,True,False,draftkings,2026-08-03T05:07:38.000Z,0.0422,False,9d41dd03906bf0a4c1cb78fa75390dbd5758871790d21647b5bcec4492c4f4c7
sports_game_odds,20260803T051009Z-f34e0721,0AfOFu3Y3jrU8Z2wTd2A,g8,401858202,0,1,NC State,Virginia,betmgm,spread,home,-5.5,-110,True,False,2026-08-03T05:08:17.000Z,-5.5,-110,2026-08-03T05:10:09.838609+00:00,0.0313,24.0,False,True,False,betmgm,2026-08-03T05:08:17.000Z,0.0313,False,a2eacef8935a486d01f9748558674204fb33d78e83608e61acb3149ef0e50317
sports_game_odds,20260803T051009Z-f34e0721,0AfOFu3Y3jrU8Z2wTd2A,g8,401858202,0,1,NC State,Virginia,caesars,spread,home,-5.5,-112,True,False,2026-08-03T05:08:12.000Z,-5.5,-112,2026-08-03T05:10:09.838609+00:00,0.0327,24.0,False,True,False,caesars,2026-08-03T05:08:12.000Z,0.0327,False,3560e68e6c03275e141563293ce496204c3b445a2cabdbca33087e565358d246
sports_game_odds,20260803T051009Z-f34e0721,0AfOFu3Y3jrU8Z2wTd2A,g8,401858202,0,1,NC State,Virginia,fanduel,total,over,54.5,-110,True,False,2026-08-03T05:08:22.253Z,54.5,-115,2026-08-03T05:10:09.838609+00:00,0.0299,24.0,False,True,False,fanduel,2026-08-03T05:08:22.253Z,0.0299,False,cce0f9c66327b95c9655a3ce72f565e8920e59ef31461bb92c19d6c7522431ce
sports_game_odds,20260803T051009Z-f34e0721,0AfOFu3Y3jrU8Z2wTd2A,g8,401858202,0,1,NC State,Virginia,bovada,total,over,54.5,-110,True,False,2026-08-03T05:08:22.000Z,54.5,-115,2026-08-03T05:10:09.838609+00:00,0.03,24.0,False,True,False,bovada,2026-08-03T05:08:22.000Z,0.03,False,fe55f1c22978a9c273ee297ade52d8e3b72b66e9bb67b6b93326c8b27928a05d
sports_game_odds,20260803T051009Z-f34e0721,0AfOFu3Y3jrU8Z2wTd2A,g8,401858202,0,1,NC State,Virginia,draftkings,total,over,54.5,-108,True,False,2026-08-03T05:07:38.000Z,54.5,-115,2026-08-03T05:10:09.838609+00:00,0.0422,24.0,False,True,False,draftkings,2026-08-03T05:07:38.000Z,0.0422,False,c70e00fabb13f33c6afefdffa0fd2262dcbd23598a736d0bdb670e4631922225
sports_game_odds,20260803T051009Z-f34e0721,0AfOFu3Y3jrU8Z2wTd2A,g8,401858202,0,1,NC State,Virginia,betmgm,total,over,54.5,-115,True,False,2026-08-03T05:08:17.000Z,54.5,-110,2026-08-03T05:10:09.838609+00:00,0.0313,24.0,False,True,False,betmgm,2026-08-03T05:08:17.000Z,0.0313,False,7a146582433a523af5f68e30c8bc445e55cf330eceef2b6abcbe5b85d042c278
sports_game_odds,20260803T051009Z-f34e0721,0AfOFu3Y3jrU8Z2wTd2A,g8,401858202,0,1,NC State,Virginia,caesars,total,over,54.5,-115,True,False,2026-08-03T05:08:12.000Z,54.5,-115,2026-08-03T05:10:09.838609+00:00,0.0327,24.0,False,True,False,caesars,2026-08-03T05:08:12.000Z,0.0327,False,c3ab8ac7e5d4284cc451d25fcee410b63fd8be6009bdc20cbe770617c9dbeab6
sports_game_odds,20260803T051009Z-f34e0721,0AfOFu3Y3jrU8Z2wTd2A,g8,401858202,0,1,NC State,Virginia,fanduel,total,under,54.5,-110,True,False,2026-08-03T05:08:22.253Z,54.5,-105,2026-08-03T05:10:09.838609+00:00,0.0299,24.0,False,True,False,fanduel,2026-08-03T05:08:22.253Z,0.0299,False,3e89b689c64d1d6da0089ff86dae815b2b794d37cc6e102c2af9680261cef412
sports_game_odds,20260803T051009Z-f34e0721,0AfOFu3Y3jrU8Z2wTd2A,g8,401858202,0,1,NC State,Virginia,bovada,total,under,54.5,-110,True,False,2026-08-03T05:08:22.000Z,54.5,-105,2026-08-03T05:10:09.838609+00:00,0.03,24.0,False,True,False,bovada,2026-08-03T05:08:22.000Z,0.03,False,a86a4c871e6c6e017f7c64ac8c84c526f8c7a09a9e154e46df51f62a55713b74
sports_game_odds,20260803T051009Z-f34e0721,0AfOFu3Y3jrU8Z2wTd2A,g8,401858202,0,1,NC State,Virginia,draftkings,total,under,54.5,-112,True,False,2026-08-03T05:07:38.000Z,54.5,-105,2026-08-03T05:10:09.838609+00:00,0.0422,24.0,False,True,False,draftkings,2026-08-03T05:07:38.000Z,0.0422,False,15a57aff7e973a718c27905d498b9b7ff8697a5896276a684ebd1406ecd25ee3
sports_game_odds,20260803T051009Z-f34e0721,0AfOFu3Y3jrU8Z2wTd2A,g8,401858202,0,1,NC State,Virginia,betmgm,total,under,54.5,-105,True,False,2026-08-03T05:08:17.000Z,54.5,-110,2026-08-03T05:10:09.838609+00:00,0.0313,24.0,False,True,False,betmgm,2026-08-03T05:08:17.000Z,0.0313,False,0cf9ffdda20af935595393ab2f20bc2718cec96ae6ecd76926e427f49eeaa96d
sports_game_odds,20260803T051009Z-f34e0721,0AfOFu3Y3jrU8Z2wTd2A,g8,401858202,0,1,NC State,Virginia,caesars,total,under,54.5,-105,True,False,2026-08-03T05:08:12.000Z,54.5,-105,2026-08-03T05:10:09.838609+00:00,0.0327,24.0,False,True,False,caesars,2026-08-03T05:08:12.000Z,0.0327,False,dd82c87d84bac4cfef70f9e82eaa58be8555fbc605dc781d274a730bfa402b4b
sports_game_odds,20260803T051009Z-f34e0721,0AfOFu3Y3jrU8Z2wTd2A,g8,401858202,0,1,NC State,Virginia,fanduel,moneyline,away,,180,True,False,2026-08-03T05:08:22.253Z,168.0,168,2026-08-03T05:10:09.838609+00:00,0.0299,24.0,False,True,False,fanduel,2026-08-03T05:08:22.253Z,0.0299,False,49fe7f21de5b1a2f214197453ed1b3c8ee550902d51ad169802a4fd444b94741
sports_game_odds,20260803T051009Z-f34e0721,0AfOFu3Y3jrU8Z2wTd2A,g8,401858202,0,1,NC State,Virginia,bovada,moneyline,away,,175,True,False,2026-08-03T05:08:22.000Z,155.0,155,2026-08-03T05:10:09.838609+00:00,0.03,24.0,False,True,False,bovada,2026-08-03T05:08:22.000Z,0.03,False,350434e302f1cc18b2c8f99542385e5ca44beac55e03079779060529b48035a8
sports_game_odds,20260803T051009Z-f34e0721,0AfOFu3Y3jrU8Z2wTd2A,g8,401858202,0,1,NC State,Virginia,draftkings,moneyline,away,,170,True,False,2026-08-03T05:07:38.000Z,150.0,150,2026-08-03T05:10:09.838609+00:00,0.0422,24.0,False,True,False,draftkings,2026-08-03T05:07:38.000Z,0.0422,False,51a3d9bb0e235586780c7ba370ba86a7acfa13a62c46c62f248a06f35d08f66e
sports_game_odds,20260803T051009Z-f34e0721,0AfOFu3Y3jrU8Z2wTd2A,g8,401858202,0,1,NC State,Virginia,caesars,moneyline,away,,174,True,False,2026-08-03T05:08:12.000Z,157.0,157,2026-08-03T05:10:09.838609+00:00,0.0327,24.0,False,True,False,caesars,2026-08-03T05:08:12.000Z,0.0327,False,b35ea6ef9e67c7622ba9b2c77a2bafe33a3ae280fc5bb41565c9b6029914d66e
sports_game_odds,20260803T051009Z-f34e0721,0AfOFu3Y3jrU8Z2wTd2A,g8,401858202,0,1,NC State,Virginia,betmgm,moneyline,away,,170,True,False,2026-08-03T05:08:17.000Z,170.0,170,2026-08-03T05:10:09.838609+00:00,0.0313,24.0,False,True,False,betmgm,2026-08-03T05:08:17.000Z,0.0313,False,d41baafd9c14089c3e152868c4e8f81b27a618de998cb9a1a75be4764879a646
sports_game_odds,20260803T051009Z-f34e0721,0AfOFu3Y3jrU8Z2wTd2A,g8,401858202,0,1,NC State,Virginia,fanduel,moneyline,home,,-220,True,False,2026-08-03T05:08:22.253Z,-205.0,-205,2026-08-03T05:10:09.838609+00:00,0.0299,24.0,False,True,False,fanduel,2026-08-03T05:08:22.253Z,0.0299,False,0a92f6c74e16f21ee7739dfbcefbd027833e62b8d51514ec6b6d7de639107938
sports_game_odds,20260803T051009Z-f34e0721,0AfOFu3Y3jrU8Z2wTd2A,g8,401858202,0,1,NC State,Virginia,bovada,moneyline,home,,-210,True,False,2026-08-03T05:08:22.000Z,-180.0,-180,2026-08-03T05:10:09.838609+00:00,0.03,24.0,False,True,False,bovada,2026-08-03T05:08:22.000Z,0.03,False,b7d82b39384e8418e36c4bdd16a93299c58f245c77afc935b32ff40fc4e05e17
sports_game_odds,20260803T051009Z-f34e0721,0AfOFu3Y3jrU8Z2wTd2A,g8,401858202,0,1,NC State,Virginia,draftkings,moneyline,home,,-205,True,False,2026-08-03T05:07:38.000Z,-180.0,-180,2026-08-03T05:10:09.838609+00:00,0.0422,24.0,False,True,False,draftkings,2026-08-03T05:07:38.000Z,0.0422,False,902ae0be0444e2eb45ca3e33b5eedac9bd9a4158230ce19b9ed690abe4daf2f7
sports_game_odds,20260803T051009Z-f34e0721,0AfOFu3Y3jrU8Z2wTd2A,g8,401858202,0,1,NC State,Virginia,caesars,moneyline,home,,-209,True,False,2026-08-03T05:08:12.000Z,-190.0,-190,2026-08-03T05:10:09.838609+00:00,0.0327,24.0,False,True,False,caesars,2026-08-03T05:08:12.000Z,0.0327,False,55a4d35968643deae8d8f29a64e8ca7fa3a14231c68116a39112f12662c0e3a2
sports_game_odds,20260803T051009Z-f34e0721,0AfOFu3Y3jrU8Z2wTd2A,g8,401858202,0,1,NC State,Virginia,betmgm,moneyline,home,,-210,True,False,2026-08-03T05:08:17.000Z,-210.0,-210,2026-08-03T05:10:09.838609+00:00,0.0313,24.0,False,True,False,betmgm,2026-08-03T05:08:17.000Z,0.0313,False,a2766653d20ff66c33e2af37f48a4adfa4859fc22b9861ef69d2ef2a039e37c5
sports_game_odds,20260803T051009Z-f34e0721,mizoRBpOw5LCzrDg0sl1,g3,401864577,0,1,Jacksonville State,North Dakota State,fanduel,spread,away,7.5,-108,True,False,2026-08-03T05:08:22.253Z,7.5,-110,2026-08-03T05:10:09.838609+00:00,0.0299,24.0,False,True,False,fanduel,2026-08-03T05:08:22.253Z,0.0299,False,88643ec94f69ad3b8639c77286d925a5385f2a1e1004dc179ad83b313e01a838
sports_game_odds,20260803T051009Z-f34e0721,mizoRBpOw5LCzrDg0sl1,g3,401864577,0,1,Jacksonville State,North Dakota State,draftkings,spread,away,7.5,-110,True,False,2026-08-03T05:08:22.214Z,8.5,-108,2026-08-03T05:10:09.838609+00:00,0.0299,24.0,False,True,False,draftkings,2026-08-03T05:08:22.214Z,0.0299,False,15a67c011e9d906d31e95bc06518d7191115e84e3554ee6a9ef98a0d6e3a2ceb
sports_game_odds,20260803T051009Z-f34e0721,mizoRBpOw5LCzrDg0sl1,g3,401864577,0,1,Jacksonville State,North Dakota State,caesars,spread,away,7.5,-109,True,False,2026-08-03T05:08:12.000Z,8.5,-112,2026-08-03T05:10:09.838609+00:00,0.0327,24.0,False,True,False,caesars,2026-08-03T05:08:12.000Z,0.0327,False,02a8ab74ed87252240118e22ac37087061046fe23a11ff566bdb1340a082b607
sports_game_odds,20260803T051009Z-f34e0721,mizoRBpOw5LCzrDg0sl1,g3,401864577,0,1,Jacksonville State,North Dakota State,bovada,spread,away,7.5,-110,True,False,2026-08-03T05:08:22.000Z,8.5,-110,2026-08-03T05:10:09.838609+00:00,0.03,24.0,False,True,False,bovada,2026-08-03T05:08:22.000Z,0.03,False,17c555bf961108dd68bfdc387de84a11147b2506d4ae4e6e5a7014b91497ccee
sports_game_odds,20260803T051009Z-f34e0721,mizoRBpOw5LCzrDg0sl1,g3,401864577,0,1,Jacksonville State,North Dakota State,betmgm,spread,away,7.5,-110,True,False,2026-08-03T05:08:17.000Z,8.5,-110,2026-08-03T05:10:09.838609+00:00,0.0313,24.0,False,True,False,betmgm,2026-08-03T05:08:17.000Z,0.0313,False,4a7a83c24c5feb6656d261f8e55d3dcc200e42f0f7ad8c353bd7509b4b0be058
sports_game_odds,20260803T051009Z-f34e0721,mizoRBpOw5LCzrDg0sl1,g3,401864577,0,1,Jacksonville State,North Dakota State,fanduel,spread,home,-7.5,-112,True,False,2026-08-03T05:08:22.253Z,-7.5,-110,2026-08-03T05:10:09.838609+00:00,0.0299,24.0,False,True,False,fanduel,2026-08-03T05:08:22.253Z,0.0299,False,44556d01642f03bd877c1ee3dc53d8805ada14a50e5d42e99c38fd52c520e44d
sports_game_odds,20260803T051009Z-f34e0721,mizoRBpOw5LCzrDg0sl1,g3,401864577,0,1,Jacksonville State,North Dakota State,draftkings,spread,home,-7.5,-110,True,False,2026-08-03T05:08:22.214Z,-8.5,-112,2026-08-03T05:10:09.838609+00:00,0.0299,24.0,False,True,False,draftkings,2026-08-03T05:08:22.214Z,0.0299,False,93119153010a627eab775dadafb7054209847e33c74c5ba68e4976fea8b6ec1a
sports_game_odds,20260803T051009Z-f34e0721,mizoRBpOw5LCzrDg0sl1,g3,401864577,0,1,Jacksonville State,North Dakota State,caesars,spread,home,-7.5,-110,True,False,2026-08-03T05:08:12.000Z,-8.5,-108,2026-08-03T05:10:09.838609+00:00,0.0327,24.0,False,True,False,caesars,2026-08-03T05:08:12.000Z,0.0327,False,3094db3b42436c95292035b9a7f6040d44f4d9f03f4787c59151a3772bd21e29
sports_game_odds,20260803T051009Z-f34e0721,mizoRBpOw5LCzrDg0sl1,g3,401864577,0,1,Jacksonville State,North Dakota State,bovada,spread,home,-7.5,-110,True,False,2026-08-03T05:08:22.000Z,-8.5,-110,2026-08-03T05:10:09.838609+00:00,0.03,24.0,False,True,False,bovada,2026-08-03T05:08:22.000Z,0.03,False,604e2512b7b0efa28be7569b535c0040eee10c06712e2b868461f3307abd95cc
sports_game_odds,20260803T051009Z-f34e0721,mizoRBpOw5LCzrDg0sl1,g3,401864577,0,1,Jacksonville State,North Dakota State,betmgm,spread,home,-7.5,-110,True,False,2026-08-03T05:08:17.000Z,-8.5,-110,2026-08-03T05:10:09.838609+00:00,0.0313,24.0,False,True,False,betmgm,2026-08-03T05:08:17.000Z,0.0313,False,304dc095509b22a4ef890f90e80649f533c13a6b6a37ef2cf804c4637f2f70cf
sports_game_odds,20260803T051009Z-f34e0721,mizoRBpOw5LCzrDg0sl1,g3,401864577,0,1,Jacksonville State,North Dakota State,fanduel,total,over,48.5,-110,True,False,2026-08-03T05:08:22.253Z,47.5,-110,2026-08-03T05:10:09.838609+00:00,0.0299,24.0,False,True,False,fanduel,2026-08-03T05:08:22.253Z,0.0299,False,f78b1249a6d7126424427eddfc1146b8068a7c4a1000881b5f9dc59a3fad0d3e
sports_game_odds,20260803T051009Z-f34e0721,mizoRBpOw5LCzrDg0sl1,g3,401864577,0,1,Jacksonville State,North Dakota State,draftkings,total,over,48.5,-105,True,False,2026-08-03T05:08:22.214Z,48.5,-110,2026-08-03T05:10:09.838609+00:00,0.0299,24.0,False,True,False,draftkings,2026-08-03T05:08:22.214Z,0.0299,False,900c47dd97bd23b2ec9ff45751169a6415658aeb23971657a7fbed922e34ac3b
sports_game_odds,20260803T051009Z-f34e0721,mizoRBpOw5LCzrDg0sl1,g3,401864577,0,1,Jacksonville State,North Dakota State,bovada,total,over,48.5,-105,True,False,2026-08-03T05:08:22.000Z,48.5,-110,2026-08-03T05:10:09.838609+00:00,0.03,24.0,False,True,False,bovada,2026-08-03T05:08:22.000Z,0.03,False,175d7fba3b2e8f392defb03ce34f73b43acc1f8c0fab62287961ed5572a0d46f
sports_game_odds,20260803T051009Z-f34e0721,mizoRBpOw5LCzrDg0sl1,g3,401864577,0,1,Jacksonville State,North Dakota State,caesars,total,over,48.5,-109,True,False,2026-08-03T05:08:12.000Z,48.5,-109,2026-08-03T05:10:09.838609+00:00,0.0327,24.0,False,True,False,caesars,2026-08-03T05:08:12.000Z,0.0327,False,95c0d557402523bc27d90b36f13db2d7cfc9d43a1b5f3d5cc960f11cc350de13
sports_game_odds,20260803T051009Z-f34e0721,mizoRBpOw5LCzrDg0sl1,g3,401864577,0,1,Jacksonville State,North Dakota State,betmgm,total,over,48.5,-110,True,False,2026-08-03T05:08:17.000Z,48.5,-110,2026-08-03T05:10:09.838609+00:00,0.0313,24.0,False,True,False,betmgm,2026-08-03T05:08:17.000Z,0.0313,False,addb70214504367a657063ae8c997ec4038f2b834eeee16ee942407a012fe235
sports_game_odds,20260803T051009Z-f34e0721,mizoRBpOw5LCzrDg0sl1,g3,401864577,0,1,Jacksonville State,North Dakota State,fanduel,total,under,48.5,-110,True,False,2026-08-03T05:08:22.253Z,47.5,-110,2026-08-03T05:10:09.838609+00:00,0.0299,24.0,False,True,False,fanduel,2026-08-03T05:08:22.253Z,0.0299,False,634ba3a7ebfcab64a622b906683ba0f3ad856362e233dc72503fccead8fc661a
sports_game_odds,20260803T051009Z-f34e0721,mizoRBpOw5LCzrDg0sl1,g3,401864577,0,1,Jacksonville State,North Dakota State,draftkings,total,under,48.5,-115,True,False,2026-08-03T05:08:22.214Z,48.5,-110,2026-08-03T05:10:09.838609+00:00,0.0299,24.0,False,True,False,draftkings,2026-08-03T05:08:22.214Z,0.0299,False,91b735eff8e18d71fca02ace086f78186330f06be6e567f9e34737177a7633c8
sports_game_odds,20260803T051009Z-f34e0721,mizoRBpOw5LCzrDg0sl1,g3,401864577,0,1,Jacksonville State,North Dakota State,bovada,total,under,48.5,-115,True,False,2026-08-03T05:08:22.000Z,48.5,-110,2026-08-03T05:10:09.838609+00:00,0.03,24.0,False,True,False,bovada,2026-08-03T05:08:22.000Z,0.03,False,55d0f628ecd03ea8cf119cac7e5cdfd9228f283654163a78234fd3ab83cff54e
sports_game_odds,20260803T051009Z-f34e0721,mizoRBpOw5LCzrDg0sl1,g3,401864577,0,1,Jacksonville State,North Dakota State,caesars,total,under,48.5,-110,True,False,2026-08-03T05:08:12.000Z,48.5,-110,2026-08-03T05:10:09.838609+00:00,0.0327,24.0,False,True,False,caesars,2026-08-03T05:08:12.000Z,0.0327,False,9afeeab767dfd625249855008be5bbfa0cf1eecc7951c16a9802cbf2dfa24337
sports_game_odds,20260803T051009Z-f34e0721,mizoRBpOw5LCzrDg0sl1,g3,401864577,0,1,Jacksonville State,North Dakota State,betmgm,total,under,48.5,-110,True,False,2026-08-03T05:08:17.000Z,48.5,-110,2026-08-03T05:10:09.838609+00:00,0.0313,24.0,False,True,False,betmgm,2026-08-03T05:08:17.000Z,0.0313,False,e82d5bb0f35ec5be087833d1a58c0ececb4d142f452a9fb29bd6b7e43009036f
sports_game_odds,20260803T051009Z-f34e0721,mizoRBpOw5LCzrDg0sl1,g3,401864577,0,1,Jacksonville State,North Dakota State,fanduel,moneyline,away,,250,True,False,2026-08-03T05:08:22.253Z,250.0,250,2026-08-03T05:10:09.838609+00:00,0.0299,24.0,False,True,False,fanduel,2026-08-03T05:08:22.253Z,0.0299,False,de1a7d37f2becfaff8dc5b775f2049c7a202396f129097f96459cb8c836f767f
sports_game_odds,20260803T051009Z-f34e0721,mizoRBpOw5LCzrDg0sl1,g3,401864577,0,1,Jacksonville State,North Dakota State,draftkings,moneyline,away,,230,True,False,2026-08-03T05:08:22.214Z,260.0,260,2026-08-03T05:10:09.838609+00:00,0.0299,24.0,False,True,False,draftkings,2026-08-03T05:08:22.214Z,0.0299,False,92310a3b47ff7875f8bd847677e4e7a9ea71f8c152bfccce8ba5f84cfe279c75
sports_game_odds,20260803T051009Z-f34e0721,mizoRBpOw5LCzrDg0sl1,g3,401864577,0,1,Jacksonville State,North Dakota State,bovada,moneyline,away,,230,True,False,2026-08-03T05:08:22.000Z,265.0,265,2026-08-03T05:10:09.838609+00:00,0.03,24.0,False,True,False,bovada,2026-08-03T05:08:22.000Z,0.03,False,a5e1ef79f27d17a7df95515455495b774dd5ece11789c5727640f8f6abed9289
sports_game_odds,20260803T051009Z-f34e0721,mizoRBpOw5LCzrDg0sl1,g3,401864577,0,1,Jacksonville State,North Dakota State,betmgm,moneyline,away,,260,True,False,2026-08-03T05:08:17.000Z,260.0,260,2026-08-03T05:10:09.838609+00:00,0.0313,24.0,False,True,False,betmgm,2026-08-03T05:08:17.000Z,0.0313,False,00168591568bcfd11d4813a6f4f0fd66e3bff2e363e7da52186ed85e3053e6d8
sports_game_odds,20260803T051009Z-f34e0721,mizoRBpOw5LCzrDg0sl1,g3,401864577,0,1,Jacksonville State,North Dakota State,fanduel,moneyline,home,,-315,True,False,2026-08-03T05:08:22.253Z,-315.0,-315,2026-08-03T05:10:09.838609+00:00,0.0299,24.0,False,True,False,fanduel,2026-08-03T05:08:22.253Z,0.0299,False,c993c812c4ed505f63eb1c245665840345c97a8e8a4ac05a05b46c22aaf7a341
sports_game_odds,20260803T051009Z-f34e0721,mizoRBpOw5LCzrDg0sl1,g3,401864577,0,1,Jacksonville State,North Dakota State,draftkings,moneyline,home,,-285,True,False,2026-08-03T05:08:22.214Z,-325.0,-325,2026-08-03T05:10:09.838609+00:00,0.0299,24.0,False,True,False,draftkings,2026-08-03T05:08:22.214Z,0.0299,False,547df353a82f03a51bc7d531c129371fec39e3157166287a4b0ccb1831e4eefd
sports_game_odds,20260803T051009Z-f34e0721,mizoRBpOw5LCzrDg0sl1,g3,401864577,0,1,Jacksonville State,North Dakota State,bovada,moneyline,home,,-280,True,False,2026-08-03T05:08:22.000Z,-330.0,-330,2026-08-03T05:10:09.838609+00:00,0.03,24.0,False,True,False,bovada,2026-08-03T05:08:22.000Z,0.03,False,77353bf53e52a71b7e2f7c6406cecae74e94fc3b5547713126e45e037f01e34a
sports_game_odds,20260803T051009Z-f34e0721,mizoRBpOw5LCzrDg0sl1,g3,401864577,0,1,Jacksonville State,North Dakota State,betmgm,moneyline,home,,-325,True,False,2026-08-03T05:08:17.000Z,-325.0,-325,2026-08-03T05:10:09.838609+00:00,0.0313,24.0,False,True,False,betmgm,2026-08-03T05:08:17.000Z,0.0313,False,5d0a22c043b4fceadd8a22bc08f9310965021080898e7aa694400aee31c4d361
sports_game_odds,20260803T051009Z-f34e0721,xbCOjReBdyGPLVxh74Gh,g1,401866408,0,1,Sacramento State,Eastern Michigan,fanduel,spread,away,8.5,-110,True,False,2026-08-03T05:08:22.253Z,7.5,-105,2026-08-03T05:10:09.838609+00:00,0.0299,24.0,False,True,False,fanduel,2026-08-03T05:08:22.253Z,0.0299,False,ca89144879a38515cd5236710c9a28721e9047905d055a55df9d75d40eb403e8
sports_game_odds,20260803T051009Z-f34e0721,xbCOjReBdyGPLVxh74Gh,g1,401866408,0,1,Sacramento State,Eastern Michigan,draftkings,spread,away,8.5,-110,True,False,2026-08-03T05:08:22.214Z,7.5,-108,2026-08-03T05:10:09.838609+00:00,0.0299,24.0,False,True,False,draftkings,2026-08-03T05:08:22.214Z,0.0299,False,734d79d88f5679e2486025c0ec3fe55f15f636aac23d3d3dda58adbe7b34d15c
sports_game_odds,20260803T051009Z-f34e0721,xbCOjReBdyGPLVxh74Gh,g1,401866408,0,1,Sacramento State,Eastern Michigan,caesars,spread,away,8.0,-105,True,False,2026-08-03T05:08:12.000Z,8.5,-110,2026-08-03T05:10:09.838609+00:00,0.0327,24.0,False,True,False,caesars,2026-08-03T05:08:12.000Z,0.0327,False,f4589daee98ec1f255f06535fe7f1c68485f3502d06ba189fa6a6683a2403e31
sports_game_odds,20260803T051009Z-f34e0721,xbCOjReBdyGPLVxh74Gh,g1,401866408,0,1,Sacramento State,Eastern Michigan,bovada,spread,away,8.5,-110,True,False,2026-08-03T05:08:22.000Z,7.5,-110,2026-08-03T05:10:09.838609+00:00,0.03,24.0,False,True,False,bovada,2026-08-03T05:08:22.000Z,0.03,False,39c42145b3332b4a9a04964912e7ac9b0b21ba8d4045655972f78bd7489daa99
sports_game_odds,20260803T051009Z-f34e0721,xbCOjReBdyGPLVxh74Gh,g1,401866408,0,1,Sacramento State,Eastern Michigan,betmgm,spread,away,8.5,-110,True,False,2026-08-03T05:08:17.000Z,8.5,-110,2026-08-03T05:10:09.838609+00:00,0.0313,24.0,False,True,False,betmgm,2026-08-03T05:08:17.000Z,0.0313,False,153dc6f83add58ae4fa0007107d41ea54449967e8989fbade55026eafa0d5b5c
sports_game_odds,20260803T051009Z-f34e0721,xbCOjReBdyGPLVxh74Gh,g1,401866408,0,1,Sacramento State,Eastern Michigan,fanduel,spread,home,-8.5,-110,True,False,2026-08-03T05:08:22.253Z,-7.5,-115,2026-08-03T05:10:09.838609+00:00,0.0299,24.0,False,True,False,fanduel,2026-08-03T05:08:22.253Z,0.0299,False,6d127b0405fc6e7ddf1f4dda1cc1cf59506e6814311ebe30ac7b5180f21da702
sports_game_odds,20260803T051009Z-f34e0721,xbCOjReBdyGPLVxh74Gh,g1,401866408,0,1,Sacramento State,Eastern Michigan,draftkings,spread,home,-8.5,-110,True,False,2026-08-03T05:08:22.214Z,-7.5,-112,2026-08-03T05:10:09.838609+00:00,0.0299,24.0,False,True,False,draftkings,2026-08-03T05:08:22.214Z,0.0299,False,769eeb6af0baf648046c476c870546e07d548e059ae2ef979af876e57000e91b
sports_game_odds,20260803T051009Z-f34e0721,xbCOjReBdyGPLVxh74Gh,g1,401866408,0,1,Sacramento State,Eastern Michigan,caesars,spread,home,-8.0,-115,True,False,2026-08-03T05:08:12.000Z,-8.5,-110,2026-08-03T05:10:09.838609+00:00,0.0327,24.0,False,True,False,caesars,2026-08-03T05:08:12.000Z,0.0327,False,3bc4e5add8c29fd226706b02d45c60fd7f834f4754b0125ceef9e1a11923cd44
sports_game_odds,20260803T051009Z-f34e0721,xbCOjReBdyGPLVxh74Gh,g1,401866408,0,1,Sacramento State,Eastern Michigan,bovada,spread,home,-8.5,-110,True,False,2026-08-03T05:08:22.000Z,-7.5,-110,2026-08-03T05:10:09.838609+00:00,0.03,24.0,False,True,False,bovada,2026-08-03T05:08:22.000Z,0.03,False,c1d10e17185853051d935e7fb40dfade8c153836cdf13b8cba3b80f6b0d842a1
sports_game_odds,20260803T051009Z-f34e0721,xbCOjReBdyGPLVxh74Gh,g1,401866408,0,1,Sacramento State,Eastern Michigan,betmgm,spread,home,-8.5,-110,True,False,2026-08-03T05:08:17.000Z,-8.5,-110,2026-08-03T05:10:09.838609+00:00,0.0313,24.0,False,True,False,betmgm,2026-08-03T05:08:17.000Z,0.0313,False,dc929e7074c198a59ffab635877219f879e1b8c1917c000a10cf542c5ca767be
sports_game_odds,20260803T051009Z-f34e0721,xbCOjReBdyGPLVxh74Gh,g1,401866408,0,1,Sacramento State,Eastern Michigan,fanduel,total,over,53.5,-110,True,False,2026-08-03T05:08:22.253Z,53.5,-110,2026-08-03T05:10:09.838609+00:00,0.0299,24.0,False,True,False,fanduel,2026-08-03T05:08:22.253Z,0.0299,False,e1543b83e68eff834f8829f1c576c31098b9068b8a8ca18399ddad55a27876f4
sports_game_odds,20260803T051009Z-f34e0721,xbCOjReBdyGPLVxh74Gh,g1,401866408,0,1,Sacramento State,Eastern Michigan,draftkings,total,over,53.5,-108,True,False,2026-08-03T05:08:22.214Z,52.5,-115,2026-08-03T05:10:09.838609+00:00,0.0299,24.0,False,True,False,draftkings,2026-08-03T05:08:22.214Z,0.0299,False,6dab3be3dfe6a3c2e082c3426ba866ef05ebff5bc8a1d6ab6e9d225c2dc59dd9
sports_game_odds,20260803T051009Z-f34e0721,xbCOjReBdyGPLVxh74Gh,g1,401866408,0,1,Sacramento State,Eastern Michigan,bovada,total,over,53.5,-110,True,False,2026-08-03T05:08:22.000Z,52.5,-115,2026-08-03T05:10:09.838609+00:00,0.03,24.0,False,True,False,bovada,2026-08-03T05:08:22.000Z,0.03,False,da027ffa72dc1fcc6783a348d709d1aac7c1f2d0a1fe9967f1fb1aa5e2137f0e
sports_game_odds,20260803T051009Z-f34e0721,xbCOjReBdyGPLVxh74Gh,g1,401866408,0,1,Sacramento State,Eastern Michigan,caesars,total,over,53.5,-106,True,False,2026-08-03T05:08:12.000Z,52.5,-114,2026-08-03T05:10:09.838609+00:00,0.0327,24.0,False,True,False,caesars,2026-08-03T05:08:12.000Z,0.0327,False,9b78eba8a75f6b1f6e31ddf73af989a90f95ada81d383ffc75d018813401f6e3
sports_game_odds,20260803T051009Z-f34e0721,xbCOjReBdyGPLVxh74Gh,g1,401866408,0,1,Sacramento State,Eastern Michigan,betmgm,total,over,53.5,-105,True,False,2026-08-03T05:08:17.000Z,52.5,-110,2026-08-03T05:10:09.838609+00:00,0.0313,24.0,False,True,False,betmgm,2026-08-03T05:08:17.000Z,0.0313,False,5dd48f984fb1e1bedf0533b53fa1ad6449dab429e97533011ae3a6efd7eed2b4
sports_game_odds,20260803T051009Z-f34e0721,xbCOjReBdyGPLVxh74Gh,g1,401866408,0,1,Sacramento State,Eastern Michigan,fanduel,total,under,53.5,-110,True,False,2026-08-03T05:08:22.253Z,53.5,-110,2026-08-03T05:10:09.838609+00:00,0.0299,24.0,False,True,False,fanduel,2026-08-03T05:08:22.253Z,0.0299,False,400871898c0c116f32426a40191ad4a12112568812b26ea9048c4ee596e726ec
sports_game_odds,20260803T051009Z-f34e0721,xbCOjReBdyGPLVxh74Gh,g1,401866408,0,1,Sacramento State,Eastern Michigan,draftkings,total,under,53.5,-112,True,False,2026-08-03T05:08:22.214Z,52.5,-105,2026-08-03T05:10:09.838609+00:00,0.0299,24.0,False,True,False,draftkings,2026-08-03T05:08:22.214Z,0.0299,False,003de5a6e06bf9e4ee0ab6fc71342102c2a789d2024544e09f4dd9436b0a2ebd
sports_game_odds,20260803T051009Z-f34e0721,xbCOjReBdyGPLVxh74Gh,g1,401866408,0,1,Sacramento State,Eastern Michigan,bovada,total,under,53.5,-110,True,False,2026-08-03T05:08:22.000Z,52.5,-105,2026-08-03T05:10:09.838609+00:00,0.03,24.0,False,True,False,bovada,2026-08-03T05:08:22.000Z,0.03,False,286df67b2ed4178f03101fd4c0afb223ee3d4b97cc657a800cbae2139b451492
sports_game_odds,20260803T051009Z-f34e0721,xbCOjReBdyGPLVxh74Gh,g1,401866408,0,1,Sacramento State,Eastern Michigan,caesars,total,under,53.5,-115,True,False,2026-08-03T05:08:12.000Z,52.5,-106,2026-08-03T05:10:09.838609+00:00,0.0327,24.0,False,True,False,caesars,2026-08-03T05:08:12.000Z,0.0327,False,71d9fbcef6b81c6928f3a7c9b02f982c04277a2e972b6ae6fb70e73e909f7870
sports_game_odds,20260803T051009Z-f34e0721,xbCOjReBdyGPLVxh74Gh,g1,401866408,0,1,Sacramento State,Eastern Michigan,betmgm,total,under,53.5,-115,True,False,2026-08-03T05:08:17.000Z,52.5,-110,2026-08-03T05:10:09.838609+00:00,0.0313,24.0,False,True,False,betmgm,2026-08-03T05:08:17.000Z,0.0313,False,832148e68182804426a63d0fa398dae0d4fcef9d1483824c0f5d1a44165911af
sports_game_odds,20260803T051009Z-f34e0721,xbCOjReBdyGPLVxh74Gh,g1,401866408,0,1,Sacramento State,Eastern Michigan,fanduel,moneyline,away,,270,True,False,2026-08-03T05:08:22.253Z,255.0,255,2026-08-03T05:10:09.838609+00:00,0.0299,24.0,False,True,False,fanduel,2026-08-03T05:08:22.253Z,0.0299,False,39f378defb5b5e6a290c2d9e683d2ee1b79bf8fb59353abe219891da1066ebcc
sports_game_odds,20260803T051009Z-f34e0721,xbCOjReBdyGPLVxh74Gh,g1,401866408,0,1,Sacramento State,Eastern Michigan,draftkings,moneyline,away,,260,True,False,2026-08-03T05:08:22.214Z,260.0,260,2026-08-03T05:10:09.838609+00:00,0.0299,24.0,False,True,False,draftkings,2026-08-03T05:08:22.214Z,0.0299,False,4b4620a638f09ad8a4285b0fd353f4300a843564bbfd4f950e8cb8e8f529c5c1
sports_game_odds,20260803T051009Z-f34e0721,xbCOjReBdyGPLVxh74Gh,g1,401866408,0,1,Sacramento State,Eastern Michigan,caesars,moneyline,away,,260,True,False,2026-08-03T05:08:12.000Z,255.0,255,2026-08-03T05:10:09.838609+00:00,0.0327,24.0,False,True,False,caesars,2026-08-03T05:08:12.000Z,0.0327,False,9d0a0d21b8428c1683e57431aaa3bbe7d1a125167380428f3c57a2354ea00e43
sports_game_odds,20260803T051009Z-f34e0721,xbCOjReBdyGPLVxh74Gh,g1,401866408,0,1,Sacramento State,Eastern Michigan,bovada,moneyline,away,,265,True,False,2026-08-03T05:08:22.000Z,265.0,265,2026-08-03T05:10:09.838609+00:00,0.03,24.0,False,True,False,bovada,2026-08-03T05:08:22.000Z,0.03,False,e105896c1aa3d792ff0fb97f6b8af0c8f35ec67c08f965fdcfcfc312d91fc56c
sports_game_odds,20260803T051009Z-f34e0721,xbCOjReBdyGPLVxh74Gh,g1,401866408,0,1,Sacramento State,Eastern Michigan,betmgm,moneyline,away,,260,True,False,2026-08-03T05:08:17.000Z,260.0,260,2026-08-03T05:10:09.838609+00:00,0.0313,24.0,False,True,False,betmgm,2026-08-03T05:08:17.000Z,0.0313,False,cb1e2fe878a5b6dbd7178ca51bb8b1afdda32989f60ff86f2367fd3b0436578e
sports_game_odds,20260803T051009Z-f34e0721,xbCOjReBdyGPLVxh74Gh,g1,401866408,0,1,Sacramento State,Eastern Michigan,fanduel,moneyline,home,,-345,True,False,2026-08-03T05:08:22.253Z,-320.0,-320,2026-08-03T05:10:09.838609+00:00,0.0299,24.0,False,True,False,fanduel,2026-08-03T05:08:22.253Z,0.0299,False,d89e6cf8ab0d11484d34cbaaa60c79732775d71f7a689cf4b446513ea6eecf96
sports_game_odds,20260803T051009Z-f34e0721,xbCOjReBdyGPLVxh74Gh,g1,401866408,0,1,Sacramento State,Eastern Michigan,draftkings,moneyline,home,,-325,True,False,2026-08-03T05:08:22.214Z,-325.0,-325,2026-08-03T05:10:09.838609+00:00,0.0299,24.0,False,True,False,draftkings,2026-08-03T05:08:22.214Z,0.0299,False,72afeb9af6d8af1912b6e532fbecbda1421bceed7243709e70040ec7641d684e
sports_game_odds,20260803T051009Z-f34e0721,xbCOjReBdyGPLVxh74Gh,g1,401866408,0,1,Sacramento State,Eastern Michigan,caesars,moneyline,home,,-325,True,False,2026-08-03T05:08:12.000Z,-325.0,-325,2026-08-03T05:10:09.838609+00:00,0.0327,24.0,False,True,False,caesars,2026-08-03T05:08:12.000Z,0.0327,False,849e96c7625a29cf0e35ecffd52f52545c386a94eb71360f46cf40155a3758cf
sports_game_odds,20260803T051009Z-f34e0721,xbCOjReBdyGPLVxh74Gh,g1,401866408,0,1,Sacramento State,Eastern Michigan,bovada,moneyline,home,,-330,True,False,2026-08-03T05:08:22.000Z,-330.0,-330,2026-08-03T05:10:09.838609+00:00,0.03,24.0,False,True,False,bovada,2026-08-03T05:08:22.000Z,0.03,False,ff6f76ce4af34c663597bc917308cdbcd634c63ca90ee3a5a658783f5357d252
sports_game_odds,20260803T051009Z-f34e0721,xbCOjReBdyGPLVxh74Gh,g1,401866408,0,1,Sacramento State,Eastern Michigan,betmgm,moneyline,home,,-325,True,False,2026-08-03T05:08:17.000Z,-325.0,-325,2026-08-03T05:10:09.838609+00:00,0.0313,24.0,False,True,False,betmgm,2026-08-03T05:08:17.000Z,0.0313,False,c5992591943198df265a7e7d6c3626837f3fae17c5e31c9f0de27e20cdc480a5
sports_game_odds,20260803T051009Z-f34e0721,krkdz1iBG7AWaaq1Jyqz,g2,401864570,0,1,New Mexico State,Florida State,fanduel,spread,away,30.5,-104,False,False,2026-07-30T02:47:05.000Z,29.5,-110,2026-08-03T05:10:09.838609+00:00,98.3847,24.0,True,False,False,fanduel,2026-07-30T02:47:05.000Z,98.3847,True,4334d9f62f756bf1dc4aa0e4c7e7c6ecd556fc1467a437ef22d13cd1155a9d5e
sports_game_odds,20260803T051009Z-f34e0721,krkdz1iBG7AWaaq1Jyqz,g2,401864570,0,1,New Mexico State,Florida State,draftkings,spread,away,30.5,-108,True,False,2026-08-03T05:08:22.214Z,30.5,-110,2026-08-03T05:10:09.838609+00:00,0.0299,24.0,False,True,False,draftkings,2026-08-03T05:08:22.214Z,0.0299,False,c1d66ffff57d0388cb6834b0100f4d67fc3e9e56010ec17cb17007c68070195c
sports_game_odds,20260803T051009Z-f34e0721,krkdz1iBG7AWaaq1Jyqz,g2,401864570,0,1,New Mexico State,Florida State,caesars,spread,away,30.5,-102,True,False,2026-08-03T05:08:12.000Z,30.5,-112,2026-08-03T05:10:09.838609+00:00,0.0327,24.0,False,True,False,caesars,2026-08-03T05:08:12.000Z,0.0327,False,9b0c8ecafab882a7166efdc5930860578aed31d6d6508e3cf41afbce371ddf2f
sports_game_odds,20260803T051009Z-f34e0721,krkdz1iBG7AWaaq1Jyqz,g2,401864570,0,1,New Mexico State,Florida State,bovada,spread,away,30.5,-110,True,False,2026-08-03T05:08:22.000Z,30.5,-110,2026-08-03T05:10:09.838609+00:00,0.03,24.0,False,True,False,bovada,2026-08-03T05:08:22.000Z,0.03,False,b0a82b92472e92896368087a6815e02ffe4805d3ef69e02b98dea59e876fb5b1
sports_game_odds,20260803T051009Z-f34e0721,krkdz1iBG7AWaaq1Jyqz,g2,401864570,0,1,New Mexico State,Florida State,betmgm,spread,away,30.5,-105,True,False,2026-08-03T05:08:17.000Z,30.5,-110,2026-08-03T05:10:09.838609+00:00,0.0313,24.0,False,True,False,betmgm,2026-08-03T05:08:17.000Z,0.0313,False,8d1e1490179df8e3b5141669d5fbb5500d165670f6f17d044dfdcb34760228cc
sports_game_odds,20260803T051009Z-f34e0721,krkdz1iBG7AWaaq1Jyqz,g2,401864570,0,1,New Mexico State,Florida State,fanduel,spread,home,-30.5,-118,False,False,2026-07-30T02:47:05.000Z,-29.5,-110,2026-08-03T05:10:09.838609+00:00,98.3847,24.0,True,False,False,fanduel,2026-07-30T02:47:05.000Z,98.3847,True,289201de71f1d2a0c258429a613911b83ac6d08db0b2a27480264c183f05e2e2
sports_game_odds,20260803T051009Z-f34e0721,krkdz1iBG7AWaaq1Jyqz,g2,401864570,0,1,New Mexico State,Florida State,draftkings,spread,home,-30.5,-112,True,False,2026-08-03T05:08:22.214Z,-30.5,-110,2026-08-03T05:10:09.838609+00:00,0.0299,24.0,False,True,False,draftkings,2026-08-03T05:08:22.214Z,0.0299,False,d81944cf13db8b87f45d2a8824139081126481e0fffad6f269dbeaf1c0833dfe
sports_game_odds,20260803T051009Z-f34e0721,krkdz1iBG7AWaaq1Jyqz,g2,401864570,0,1,New Mexico State,Florida State,caesars,spread,home,-30.5,-118,True,False,2026-08-03T05:08:12.000Z,-30.5,-108,2026-08-03T05:10:09.838609+00:00,0.0327,24.0,False,True,False,caesars,2026-08-03T05:08:12.000Z,0.0327,False,3720fc4723855c538f920681d00e490e2a32011e03a10974afd679dcac5c4b05
sports_game_odds,20260803T051009Z-f34e0721,krkdz1iBG7AWaaq1Jyqz,g2,401864570,0,1,New Mexico State,Florida State,bovada,spread,home,-30.5,-110,True,False,2026-08-03T05:08:22.000Z,-30.5,-110,2026-08-03T05:10:09.838609+00:00,0.03,24.0,False,True,False,bovada,2026-08-03T05:08:22.000Z,0.03,False,0969dd492ed311bd982895bdaea25fb1965c3d3b0a4f72059a2fbbbb1ccbe72e
sports_game_odds,20260803T051009Z-f34e0721,krkdz1iBG7AWaaq1Jyqz,g2,401864570,0,1,New Mexico State,Florida State,betmgm,spread,home,-30.5,-115,True,False,2026-08-03T05:08:17.000Z,-30.5,-110,2026-08-03T05:10:09.838609+00:00,0.0313,24.0,False,True,False,betmgm,2026-08-03T05:08:17.000Z,0.0313,False,b9043c86391d9630617fa3d8fd4c1c36f2d054d49063995e8fcd1a1d6857cb53
sports_game_odds,20260803T051009Z-f34e0721,krkdz1iBG7AWaaq1Jyqz,g2,401864570,0,1,New Mexico State,Florida State,fanduel,total,over,52.5,-110,True,False,2026-08-03T05:08:22.253Z,52.5,-110,2026-08-03T05:10:09.838609+00:00,0.0299,24.0,False,True,False,fanduel,2026-08-03T05:08:22.253Z,0.0299,False,3c759065d00d83c25cf3ff8302bc7cdca90b3ae0794b05a0f3e1a42ac7647f88
sports_game_odds,20260803T051009Z-f34e0721,krkdz1iBG7AWaaq1Jyqz,g2,401864570,0,1,New Mexico State,Florida State,draftkings,total,over,53.5,-110,True,False,2026-08-03T05:08:22.214Z,53.5,-115,2026-08-03T05:10:09.838609+00:00,0.0299,24.0,False,True,False,draftkings,2026-08-03T05:08:22.214Z,0.0299,False,3658074fe907d850e4435dfe81441a133d093f5e144fead3646150ddd785c03e
sports_game_odds,20260803T051009Z-f34e0721,krkdz1iBG7AWaaq1Jyqz,g2,401864570,0,1,New Mexico State,Florida State,bovada,total,over,53.5,-110,True,False,2026-08-03T05:08:22.000Z,53.5,-115,2026-08-03T05:10:09.838609+00:00,0.03,24.0,False,True,False,bovada,2026-08-03T05:08:22.000Z,0.03,False,c0da63648e644d3aae307eb85bbe4935845aae673084e8dd74015045cd007ffa
sports_game_odds,20260803T051009Z-f34e0721,krkdz1iBG7AWaaq1Jyqz,g2,401864570,0,1,New Mexico State,Florida State,caesars,total,over,53.5,-105,True,False,2026-08-03T05:08:12.000Z,53.5,-113,2026-08-03T05:10:09.838609+00:00,0.0327,24.0,False,True,False,caesars,2026-08-03T05:08:12.000Z,0.0327,False,037cc4d85fdda905946080e33b5a990c7c77a685faaf770be8df984c479d96e1
sports_game_odds,20260803T051009Z-f34e0721,krkdz1iBG7AWaaq1Jyqz,g2,401864570,0,1,New Mexico State,Florida State,betmgm,total,over,53.5,-110,True,False,2026-08-03T05:08:17.000Z,53.5,-110,2026-08-03T05:10:09.838609+00:00,0.0313,24.0,False,True,False,betmgm,2026-08-03T05:08:17.000Z,0.0313,False,16720e8f7fd1bf0003502c0b8f17191009506d2b863a7d50497fd75c7c2c8ba0
sports_game_odds,20260803T051009Z-f34e0721,krkdz1iBG7AWaaq1Jyqz,g2,401864570,0,1,New Mexico State,Florida State,fanduel,total,under,52.5,-110,True,False,2026-08-03T05:08:22.253Z,52.5,-110,2026-08-03T05:10:09.838609+00:00,0.0299,24.0,False,True,False,fanduel,2026-08-03T05:08:22.253Z,0.0299,False,46db22f2114acd34f8f447fce53fb292e2a7a305244519376b8b9d49bb3a8f8a
sports_game_odds,20260803T051009Z-f34e0721,krkdz1iBG7AWaaq1Jyqz,g2,401864570,0,1,New Mexico State,Florida State,draftkings,total,under,53.5,-110,True,False,2026-08-03T05:08:22.214Z,53.5,-105,2026-08-03T05:10:09.838609+00:00,0.0299,24.0,False,True,False,draftkings,2026-08-03T05:08:22.214Z,0.0299,False,b037ebc37d441e58b8e92ec02470e972f27a56a6774bad6aa920f54bfdbd76c8
sports_game_odds,20260803T051009Z-f34e0721,krkdz1iBG7AWaaq1Jyqz,g2,401864570,0,1,New Mexico State,Florida State,bovada,total,under,53.5,-110,True,False,2026-08-03T05:08:22.000Z,53.5,-105,2026-08-03T05:10:09.838609+00:00,0.03,24.0,False,True,False,bovada,2026-08-03T05:08:22.000Z,0.03,False,5068837f5ad4fcd4292841f9497ad7edeb3ef460628c6960b573a9ec2938f259
sports_game_odds,20260803T051009Z-f34e0721,krkdz1iBG7AWaaq1Jyqz,g2,401864570,0,1,New Mexico State,Florida State,caesars,total,under,53.5,-115,True,False,2026-08-03T05:08:12.000Z,53.5,-108,2026-08-03T05:10:09.838609+00:00,0.0327,24.0,False,True,False,caesars,2026-08-03T05:08:12.000Z,0.0327,False,c35429d48c9235cc47e5d33b6e8372a9c83e1da2bb71a7775c6c7abebd982de2
sports_game_odds,20260803T051009Z-f34e0721,krkdz1iBG7AWaaq1Jyqz,g2,401864570,0,1,New Mexico State,Florida State,betmgm,total,under,53.5,-110,True,False,2026-08-03T05:08:17.000Z,53.5,-110,2026-08-03T05:10:09.838609+00:00,0.0313,24.0,False,True,False,betmgm,2026-08-03T05:08:17.000Z,0.0313,False,5fbfb84a611aaa6d9cb782edaf9ae335366845cbf1e00ec3a8f57b4308fafbef
sports_game_odds,20260803T051009Z-f34e0721,krkdz1iBG7AWaaq1Jyqz,g2,401864570,0,1,New Mexico State,Florida State,fanduel,moneyline,away,,2800,True,False,2026-08-03T05:08:22.253Z,2400.0,2400,2026-08-03T05:10:09.838609+00:00,0.0299,24.0,False,True,False,fanduel,2026-08-03T05:08:22.253Z,0.0299,False,5e4d9138b38b0f7b077dc7c7ff9d944ed9e6fd42b6a50fdbc59e114525faf884
sports_game_odds,20260803T051009Z-f34e0721,krkdz1iBG7AWaaq1Jyqz,g2,401864570,0,1,New Mexico State,Florida State,caesars,moneyline,away,,1800,True,False,2026-08-03T05:08:12.000Z,1800.0,1800,2026-08-03T05:10:09.838609+00:00,0.0327,24.0,False,True,False,caesars,2026-08-03T05:08:12.000Z,0.0327,False,bdc3d014132273da863910d1323e27eb807972a0eb0cad52d2a11028bfe6ff14
sports_game_odds,20260803T051009Z-f34e0721,krkdz1iBG7AWaaq1Jyqz,g2,401864570,0,1,New Mexico State,Florida State,draftkings,moneyline,away,,3000,True,False,2026-08-03T05:08:22.214Z,3000.0,3000,2026-08-03T05:10:09.838609+00:00,0.0299,24.0,False,True,False,draftkings,2026-08-03T05:08:22.214Z,0.0299,False,37c7836d58c6052b5c187882b9c040c7a2791f3d87b81eacc9e1d3fbc311bf9c
sports_game_odds,20260803T051009Z-f34e0721,krkdz1iBG7AWaaq1Jyqz,g2,401864570,0,1,New Mexico State,Florida State,bovada,moneyline,away,,2800,True,False,2026-08-03T05:08:04.700Z,2800.0,2800,2026-08-03T05:10:09.838609+00:00,0.0348,24.0,False,True,False,bovada,2026-08-03T05:08:04.700Z,0.0348,False,536dd8fd2a8091dd1cdfacecfa394d219a9abd014e7da509a1e1803b47661ea0
sports_game_odds,20260803T051009Z-f34e0721,krkdz1iBG7AWaaq1Jyqz,g2,401864570,0,1,New Mexico State,Florida State,betmgm,moneyline,away,,1800,True,False,2026-08-03T05:08:17.000Z,1800.0,1800,2026-08-03T05:10:09.838609+00:00,0.0313,24.0,False,True,False,betmgm,2026-08-03T05:08:17.000Z,0.0313,False,978827a97c03c72426f84a37b3845593f4fb69a1114e8c0524747635d9877ea4
sports_game_odds,20260803T051009Z-f34e0721,krkdz1iBG7AWaaq1Jyqz,g2,401864570,0,1,New Mexico State,Florida State,fanduel,moneyline,home,,-10000,True,False,2026-08-03T05:08:22.253Z,-10000.0,-10000,2026-08-03T05:10:09.838609+00:00,0.0299,24.0,False,True,False,fanduel,2026-08-03T05:08:22.253Z,0.0299,False,4d6a4de26db8ec67e4ad36b3d08e522048026e6ffe3679451a7eb45c1e8fc395
sports_game_odds,20260803T051009Z-f34e0721,krkdz1iBG7AWaaq1Jyqz,g2,401864570,0,1,New Mexico State,Florida State,caesars,moneyline,home,,-10000,True,False,2026-08-03T05:08:12.000Z,-10000.0,-10000,2026-08-03T05:10:09.838609+00:00,0.0327,24.0,False,True,False,caesars,2026-08-03T05:08:12.000Z,0.0327,False,727ca13e3c42e209ce4a6f8d58b8a4b8fb897da8090af4c2c44038c68d40d193
sports_game_odds,20260803T051009Z-f34e0721,krkdz1iBG7AWaaq1Jyqz,g2,401864570,0,1,New Mexico State,Florida State,draftkings,moneyline,home,,-10000,True,False,2026-08-03T05:08:22.214Z,-10000.0,-10000,2026-08-03T05:10:09.838609+00:00,0.0299,24.0,False,True,False,draftkings,2026-08-03T05:08:22.214Z,0.0299,False,c6e85b7d7c84769a1b3c0990c9cbb60753d567b3a2337b473fb4ef2c5801c11f
sports_game_odds,20260803T051009Z-f34e0721,krkdz1iBG7AWaaq1Jyqz,g2,401864570,0,1,New Mexico State,Florida State,betmgm,moneyline,home,,-10000,True,False,2026-08-03T05:08:17.000Z,-10000.0,-10000,2026-08-03T05:10:09.838609+00:00,0.0313,24.0,False,True,False,betmgm,2026-08-03T05:08:17.000Z,0.0313,False,dd8205506f3f97cd433ce9c19907aee3b50b16ad5433fc1255a7bc74dd2bab3f
sports_game_odds,20260803T051009Z-f34e0721,ubS25mURM5WPDHV73jCJ,g4,401858201,0,1,Hawaii,Stanford,fanduel,spread,away,4.5,-105,True,False,2026-08-03T05:08:22.253Z,3.5,-110,2026-08-03T05:10:09.838609+00:00,0.0299,24.0,False,True,False,fanduel,2026-08-03T05:08:22.253Z,0.0299,False,772c88830e6d9d489c32d5b64a393af78b40e016ad9313f71b7e2040d4ca2496
sports_game_odds,20260803T051009Z-f34e0721,ubS25mURM5WPDHV73jCJ,g4,401858201,0,1,Hawaii,Stanford,draftkings,spread,away,4.0,-112,True,False,2026-08-03T05:08:22.214Z,3.5,-112,2026-08-03T05:10:09.838609+00:00,0.0299,24.0,False,True,False,draftkings,2026-08-03T05:08:22.214Z,0.0299,False,13a233c0ee005628c2f4886a9577496a37a2b08d1165a4c2441a7ec914b15282
sports_game_odds,20260803T051009Z-f34e0721,ubS25mURM5WPDHV73jCJ,g4,401858201,0,1,Hawaii,Stanford,caesars,spread,away,4.0,-110,True,False,2026-08-03T05:08:12.000Z,3.5,-110,2026-08-03T05:10:09.838609+00:00,0.0327,24.0,False,True,False,caesars,2026-08-03T05:08:12.000Z,0.0327,False,b6be1e9f6fdfc61b8d75971f231d3573e66a56b5fdb0ae0dec0ee4974f3955e0
sports_game_odds,20260803T051009Z-f34e0721,ubS25mURM5WPDHV73jCJ,g4,401858201,0,1,Hawaii,Stanford,bovada,spread,away,4.0,-110,True,False,2026-08-03T05:08:22.000Z,3.5,-110,2026-08-03T05:10:09.838609+00:00,0.03,24.0,False,True,False,bovada,2026-08-03T05:08:22.000Z,0.03,False,93674a0bedb861f7b48f3807e5769a67d24969dec5460ed303409e6b959ed219
sports_game_odds,20260803T051009Z-f34e0721,ubS25mURM5WPDHV73jCJ,g4,401858201,0,1,Hawaii,Stanford,betmgm,spread,away,4.0,-110,True,False,2026-08-03T05:08:17.000Z,3.5,-110,2026-08-03T05:10:09.838609+00:00,0.0313,24.0,False,True,False,betmgm,2026-08-03T05:08:17.000Z,0.0313,False,f8f5a6be161d7e21781306c7c7edb66a27ba15acd62c7c3c6422beed3f500817
sports_game_odds,20260803T051009Z-f34e0721,ubS25mURM5WPDHV73jCJ,g4,401858201,0,1,Hawaii,Stanford,fanduel,spread,home,-4.5,-115,True,False,2026-08-03T05:08:22.253Z,-3.5,-110,2026-08-03T05:10:09.838609+00:00,0.0299,24.0,False,True,False,fanduel,2026-08-03T05:08:22.253Z,0.0299,False,b718b704cb729704500ec5af337d2623505409d1dcfd3230004d4403823582e7
sports_game_odds,20260803T051009Z-f34e0721,ubS25mURM5WPDHV73jCJ,g4,401858201,0,1,Hawaii,Stanford,draftkings,spread,home,-4.0,-108,True,False,2026-08-03T05:08:22.214Z,-3.5,-108,2026-08-03T05:10:09.838609+00:00,0.0299,24.0,False,True,False,draftkings,2026-08-03T05:08:22.214Z,0.0299,False,1b621b942529f1c22f9fc18aa809ff1fc7fc019258ea9ce63bb7fde2a149c820
sports_game_odds,20260803T051009Z-f34e0721,ubS25mURM5WPDHV73jCJ,g4,401858201,0,1,Hawaii,Stanford,caesars,spread,home,-4.0,-110,True,False,2026-08-03T05:08:12.000Z,-3.5,-110,2026-08-03T05:10:09.838609+00:00,0.0327,24.0,False,True,False,caesars,2026-08-03T05:08:12.000Z,0.0327,False,01734e1a4655cba7319a0e88708a3c8afbc730d87b5db0ed5596ecabe5ea78b7
sports_game_odds,20260803T051009Z-f34e0721,ubS25mURM5WPDHV73jCJ,g4,401858201,0,1,Hawaii,Stanford,bovada,spread,home,-4.0,-110,True,False,2026-08-03T05:08:22.000Z,-3.5,-110,2026-08-03T05:10:09.838609+00:00,0.03,24.0,False,True,False,bovada,2026-08-03T05:08:22.000Z,0.03,False,91407b8fcf4ee0b2d7193e2ffcc689b70c68db83f9eca54ac7fffb70d8237a4c
sports_game_odds,20260803T051009Z-f34e0721,ubS25mURM5WPDHV73jCJ,g4,401858201,0,1,Hawaii,Stanford,betmgm,spread,home,-4.0,-110,True,False,2026-08-03T05:08:17.000Z,-3.5,-110,2026-08-03T05:10:09.838609+00:00,0.0313,24.0,False,True,False,betmgm,2026-08-03T05:08:17.000Z,0.0313,False,eddffbdb8747dc9b03e166982ec8c9d1683cc11299d0fefede47c3d28f789c43
sports_game_odds,20260803T051009Z-f34e0721,ubS25mURM5WPDHV73jCJ,g4,401858201,0,1,Hawaii,Stanford,fanduel,total,over,50.5,-110,False,False,2026-07-25T18:55:39.000Z,50.5,-110,2026-08-03T05:10:09.838609+00:00,202.2419,24.0,True,False,False,fanduel,2026-07-25T18:55:39.000Z,202.2419,True,65b1ac5f4d46b6a49a4dbcc85646745be25858cda299a4ae722a35cd07218935
sports_game_odds,20260803T051009Z-f34e0721,ubS25mURM5WPDHV73jCJ,g4,401858201,0,1,Hawaii,Stanford,draftkings,total,over,50.5,-108,True,False,2026-08-03T05:08:22.214Z,50.5,-105,2026-08-03T05:10:09.838609+00:00,0.0299,24.0,False,True,False,draftkings,2026-08-03T05:08:22.214Z,0.0299,False,1b85b6d03c90717a31aca39ca24176e58d593494789d67f93fbf1f5adfffdcdc
sports_game_odds,20260803T051009Z-f34e0721,ubS25mURM5WPDHV73jCJ,g4,401858201,0,1,Hawaii,Stanford,bovada,total,over,50.5,-110,True,False,2026-08-03T05:08:22.000Z,50.5,-105,2026-08-03T05:10:09.838609+00:00,0.03,24.0,False,True,False,bovada,2026-08-03T05:08:22.000Z,0.03,False,f79f0147e7fe135d15896c7644efa5b8aea0cfaad508c0032ee31b14243d4ceb
sports_game_odds,20260803T051009Z-f34e0721,ubS25mURM5WPDHV73jCJ,g4,401858201,0,1,Hawaii,Stanford,caesars,total,over,50.5,-108,True,False,2026-08-03T05:08:12.000Z,50.5,-108,2026-08-03T05:10:09.838609+00:00,0.0327,24.0,False,True,False,caesars,2026-08-03T05:08:12.000Z,0.0327,False,ab9064867b0995f5e16d7213136d137e3a14224b3087f9bdca0e1c2cfb0a3aa8
sports_game_odds,20260803T051009Z-f34e0721,ubS25mURM5WPDHV73jCJ,g4,401858201,0,1,Hawaii,Stanford,betmgm,total,over,50.5,-110,True,False,2026-08-03T05:08:17.000Z,50.5,-110,2026-08-03T05:10:09.838609+00:00,0.0313,24.0,False,True,False,betmgm,2026-08-03T05:08:17.000Z,0.0313,False,4160737ae8703aaccce9100dcf9d545031f128037e2a97f869d3336deb0a9fd7
sports_game_odds,20260803T051009Z-f34e0721,ubS25mURM5WPDHV73jCJ,g4,401858201,0,1,Hawaii,Stanford,fanduel,total,under,50.5,-110,False,False,2026-07-25T18:55:39.000Z,50.5,-110,2026-08-03T05:10:09.838609+00:00,202.2419,24.0,True,False,False,fanduel,2026-07-25T18:55:39.000Z,202.2419,True,27ce9620387675bcc16d7cddb2299c43b4d12ceaf617bcd3937e4ccd28ff71eb
sports_game_odds,20260803T051009Z-f34e0721,ubS25mURM5WPDHV73jCJ,g4,401858201,0,1,Hawaii,Stanford,draftkings,total,under,50.5,-112,True,False,2026-08-03T05:08:22.214Z,50.5,-115,2026-08-03T05:10:09.838609+00:00,0.0299,24.0,False,True,False,draftkings,2026-08-03T05:08:22.214Z,0.0299,False,db5b1e584592cefcc608aa5d6d50174e8c4eb51e3b386b20d14690592df06938
sports_game_odds,20260803T051009Z-f34e0721,ubS25mURM5WPDHV73jCJ,g4,401858201,0,1,Hawaii,Stanford,bovada,total,under,50.5,-110,True,False,2026-08-03T05:08:22.000Z,50.5,-115,2026-08-03T05:10:09.838609+00:00,0.03,24.0,False,True,False,bovada,2026-08-03T05:08:22.000Z,0.03,False,64ae8eb7bcdfd7275f0453632e04acd1785655b83e2dcb67890eb9fdc3f118de
sports_game_odds,20260803T051009Z-f34e0721,ubS25mURM5WPDHV73jCJ,g4,401858201,0,1,Hawaii,Stanford,caesars,total,under,50.5,-113,True,False,2026-08-03T05:08:12.000Z,50.5,-113,2026-08-03T05:10:09.838609+00:00,0.0327,24.0,False,True,False,caesars,2026-08-03T05:08:12.000Z,0.0327,False,605bb9f9a933d482a55afe3c3e38a2d28cf80fc41067ff237851ae5fe937eb02
sports_game_odds,20260803T051009Z-f34e0721,ubS25mURM5WPDHV73jCJ,g4,401858201,0,1,Hawaii,Stanford,betmgm,total,under,50.5,-110,True,False,2026-08-03T05:08:17.000Z,50.5,-110,2026-08-03T05:10:09.838609+00:00,0.0313,24.0,False,True,False,betmgm,2026-08-03T05:08:17.000Z,0.0313,False,4bfba95aae965cb7e251045fb165b1010989e5c74f2867e04fbc23e63a0e5c40
sports_game_odds,20260803T051009Z-f34e0721,ubS25mURM5WPDHV73jCJ,g4,401858201,0,1,Hawaii,Stanford,fanduel,moneyline,away,,162,True,False,2026-08-03T05:08:22.253Z,142.0,142,2026-08-03T05:10:09.838609+00:00,0.0299,24.0,False,True,False,fanduel,2026-08-03T05:08:22.253Z,0.0299,False,602d99da1ffa6b5f34103f2bbd301627c775defa93c290c6977434b382e64c70
sports_game_odds,20260803T051009Z-f34e0721,ubS25mURM5WPDHV73jCJ,g4,401858201,0,1,Hawaii,Stanford,draftkings,moneyline,away,,160,True,False,2026-08-03T05:08:22.214Z,145.0,145,2026-08-03T05:10:09.838609+00:00,0.0299,24.0,False,True,False,draftkings,2026-08-03T05:08:22.214Z,0.0299,False,76657afe5e92051574a1a81d2dbc27974b72cecda16f9dc2271b447eb9912c0c
sports_game_odds,20260803T051009Z-f34e0721,ubS25mURM5WPDHV73jCJ,g4,401858201,0,1,Hawaii,Stanford,caesars,moneyline,away,,161,True,False,2026-08-03T05:08:12.000Z,147.0,147,2026-08-03T05:10:09.838609+00:00,0.0327,24.0,False,True,False,caesars,2026-08-03T05:08:12.000Z,0.0327,False,5bfed749c53db21ffa4e354c1258089e75c9e4a02fae9718aa245c18f6960b68
sports_game_odds,20260803T051009Z-f34e0721,ubS25mURM5WPDHV73jCJ,g4,401858201,0,1,Hawaii,Stanford,bovada,moneyline,away,,165,True,False,2026-08-03T05:08:22.000Z,145.0,145,2026-08-03T05:10:09.838609+00:00,0.03,24.0,False,True,False,bovada,2026-08-03T05:08:22.000Z,0.03,False,e0069930019da2c5e643ba17c3e645c6fa56363ce39d87b56a090b72202541e2
sports_game_odds,20260803T051009Z-f34e0721,ubS25mURM5WPDHV73jCJ,g4,401858201,0,1,Hawaii,Stanford,betmgm,moneyline,away,,165,True,False,2026-08-03T05:08:17.000Z,165.0,165,2026-08-03T05:10:09.838609+00:00,0.0313,24.0,False,True,False,betmgm,2026-08-03T05:08:17.000Z,0.0313,False,0bb3a5af23e8c534d894b14440209ee2aa7e92033aba9a718445e391b794d723
sports_game_odds,20260803T051009Z-f34e0721,ubS25mURM5WPDHV73jCJ,g4,401858201,0,1,Hawaii,Stanford,fanduel,moneyline,home,,-196,True,False,2026-08-03T05:08:22.253Z,-172.0,-172,2026-08-03T05:10:09.838609+00:00,0.0299,24.0,False,True,False,fanduel,2026-08-03T05:08:22.253Z,0.0299,False,1cb8d40cb6afb398f3cb3391f03d46979bdfe3214e4bfbea7855e8e8e959bf8f
sports_game_odds,20260803T051009Z-f34e0721,ubS25mURM5WPDHV73jCJ,g4,401858201,0,1,Hawaii,Stanford,draftkings,moneyline,home,,-192,True,False,2026-08-03T05:08:22.214Z,-175.0,-175,2026-08-03T05:10:09.838609+00:00,0.0299,24.0,False,True,False,draftkings,2026-08-03T05:08:22.214Z,0.0299,False,a07026df628a538ae2a79a6a4e99b118a14304ebdab98bbae0cc99686d2b25f4
sports_game_odds,20260803T051009Z-f34e0721,ubS25mURM5WPDHV73jCJ,g4,401858201,0,1,Hawaii,Stanford,caesars,moneyline,home,,-193,True,False,2026-08-03T05:08:12.000Z,-176.0,-176,2026-08-03T05:10:09.838609+00:00,0.0327,24.0,False,True,False,caesars,2026-08-03T05:08:12.000Z,0.0327,False,14e3fb4462838fb9201983cdfee21a31fbf39711500d74ddec9f700aa139231c
sports_game_odds,20260803T051009Z-f34e0721,ubS25mURM5WPDHV73jCJ,g4,401858201,0,1,Hawaii,Stanford,bovada,moneyline,home,,-195,True,False,2026-08-03T05:08:22.000Z,-170.0,-170,2026-08-03T05:10:09.838609+00:00,0.03,24.0,False,True,False,bovada,2026-08-03T05:08:22.000Z,0.03,False,38cb84fdb877675a42c2fddf17ec217ec90edc47263c8b9d7fd8a9b32004b5f0
sports_game_odds,20260803T051009Z-f34e0721,ubS25mURM5WPDHV73jCJ,g4,401858201,0,1,Hawaii,Stanford,betmgm,moneyline,home,,-200,True,False,2026-08-03T05:08:17.000Z,-200.0,-200,2026-08-03T05:10:09.838609+00:00,0.0313,24.0,False,True,False,betmgm,2026-08-03T05:08:17.000Z,0.0313,False,f9e24894e4c5b749f06edd4239f98e44d0cf4ce94ab4798684a4ceda86ec774f
sports_game_odds,20260803T051009Z-f34e0721,VTgTcNSLLTwRNGD4Opib,g6,401862693,0,1,Memphis,UNLV,fanduel,spread,away,5.5,-102,True,False,2026-08-03T05:08:22.253Z,4.5,-105,2026-08-03T05:10:09.838609+00:00,0.0299,24.0,False,True,False,fanduel,2026-08-03T05:08:22.253Z,0.0299,False,75ebbb709c963d8b4ff4a30133cb43b1816eeb7ceae496eb18cb9f5574fb2c91
sports_game_odds,20260803T051009Z-f34e0721,VTgTcNSLLTwRNGD4Opib,g6,401862693,0,1,Memphis,UNLV,draftkings,spread,away,5.5,-112,True,False,2026-08-03T05:08:22.214Z,3.5,-112,2026-08-03T05:10:09.838609+00:00,0.0299,24.0,False,True,False,draftkings,2026-08-03T05:08:22.214Z,0.0299,False,b2c8dd5e37c84057485391d4c955333a6d03972dd87ea3c1414fb4dfc686d166
sports_game_odds,20260803T051009Z-f34e0721,VTgTcNSLLTwRNGD4Opib,g6,401862693,0,1,Memphis,UNLV,caesars,spread,away,5.5,-102,True,False,2026-08-03T05:08:12.000Z,3.5,-107,2026-08-03T05:10:09.838609+00:00,0.0327,24.0,False,True,False,caesars,2026-08-03T05:08:12.000Z,0.0327,False,1b0627474296105484dfb72afb92b0632f0ee1bfc68467a8b054a147e4f203fa
sports_game_odds,20260803T051009Z-f34e0721,VTgTcNSLLTwRNGD4Opib,g6,401862693,0,1,Memphis,UNLV,bovada,spread,away,5.5,-110,True,False,2026-08-03T05:08:22.000Z,3.5,-110,2026-08-03T05:10:09.838609+00:00,0.03,24.0,False,True,False,bovada,2026-08-03T05:08:22.000Z,0.03,False,4026ae6ba7623881864d4dee075dca6259949908894118b8cd05e5b93de59a49
sports_game_odds,20260803T051009Z-f34e0721,VTgTcNSLLTwRNGD4Opib,g6,401862693,0,1,Memphis,UNLV,betmgm,spread,away,5.5,-105,True,False,2026-08-03T05:08:17.000Z,3.5,-110,2026-08-03T05:10:09.838609+00:00,0.0313,24.0,False,True,False,betmgm,2026-08-03T05:08:17.000Z,0.0313,False,38e76735971c009227167a50ca8bc3954cb26bac23b55dc6c0f5d0c7708b457a
sports_game_odds,20260803T051009Z-f34e0721,VTgTcNSLLTwRNGD4Opib,g6,401862693,0,1,Memphis,UNLV,fanduel,spread,home,-5.5,-120,True,False,2026-08-03T05:08:22.253Z,-4.5,-115,2026-08-03T05:10:09.838609+00:00,0.0299,24.0,False,True,False,fanduel,2026-08-03T05:08:22.253Z,0.0299,False,ea12e48a017aedb2177555371cafc6caab8c8db82f3280de2721a772a80af4f3
sports_game_odds,20260803T051009Z-f34e0721,VTgTcNSLLTwRNGD4Opib,g6,401862693,0,1,Memphis,UNLV,draftkings,spread,home,-5.5,-108,True,False,2026-08-03T05:08:22.214Z,-3.5,-108,2026-08-03T05:10:09.838609+00:00,0.0299,24.0,False,True,False,draftkings,2026-08-03T05:08:22.214Z,0.0299,False,da8dbd6c5a451fa6d2979b2e93792bdaf2ad15ee90b38f3e38140732324a8d11
sports_game_odds,20260803T051009Z-f34e0721,VTgTcNSLLTwRNGD4Opib,g6,401862693,0,1,Memphis,UNLV,caesars,spread,home,-5.5,-118,True,False,2026-08-03T05:08:12.000Z,-3.5,-114,2026-08-03T05:10:09.838609+00:00,0.0327,24.0,False,True,False,caesars,2026-08-03T05:08:12.000Z,0.0327,False,3fe65281df97af92a83a1af2376382b435aacfc4815b89adda4eb21c0ddb4e28
sports_game_odds,20260803T051009Z-f34e0721,VTgTcNSLLTwRNGD4Opib,g6,401862693,0,1,Memphis,UNLV,bovada,spread,home,-5.5,-110,True,False,2026-08-03T05:08:22.000Z,-3.5,-110,2026-08-03T05:10:09.838609+00:00,0.03,24.0,False,True,False,bovada,2026-08-03T05:08:22.000Z,0.03,False,2b5a66b218c47fa7452f5d12d37c918c42f3f1e4d86097857b77d83272c9dfbb
sports_game_odds,20260803T051009Z-f34e0721,VTgTcNSLLTwRNGD4Opib,g6,401862693,0,1,Memphis,UNLV,betmgm,spread,home,-5.5,-115,True,False,2026-08-03T05:08:17.000Z,-3.5,-110,2026-08-03T05:10:09.838609+00:00,0.0313,24.0,False,True,False,betmgm,2026-08-03T05:08:17.000Z,0.0313,False,68d3ee749caa6c3c20d37c0244dbeaa205e6be1556a9ea444591d0341acbc9cb
sports_game_odds,20260803T051009Z-f34e0721,VTgTcNSLLTwRNGD4Opib,g6,401862693,0,1,Memphis,UNLV,fanduel,total,over,59.5,-110,True,False,2026-08-03T05:08:22.253Z,58.5,-115,2026-08-03T05:10:09.838609+00:00,0.0299,24.0,False,True,False,fanduel,2026-08-03T05:08:22.253Z,0.0299,False,1952970d4486b16f72eb231d7d0f7bcb0a472af3051d6b6cba495eb24598030f
sports_game_odds,20260803T051009Z-f34e0721,VTgTcNSLLTwRNGD4Opib,g6,401862693,0,1,Memphis,UNLV,draftkings,total,over,59.5,-108,True,False,2026-08-03T05:08:22.214Z,60.5,-110,2026-08-03T05:10:09.838609+00:00,0.0299,24.0,False,True,False,draftkings,2026-08-03T05:08:22.214Z,0.0299,False,5a71b8546a99e8e9abc92c4227680d7c044779763f8906792f05e8f0186aae43
sports_game_odds,20260803T051009Z-f34e0721,VTgTcNSLLTwRNGD4Opib,g6,401862693,0,1,Memphis,UNLV,caesars,total,over,59.0,-110,False,False,2026-08-02T14:32:31.000Z,59.5,-110,2026-08-03T05:10:09.838609+00:00,14.6275,24.0,False,False,False,caesars,2026-08-02T14:32:31.000Z,14.6275,False,bfa3863f7984baddab110c6a6d40fe973d4b077a7b4066e4037849935ebddf50
sports_game_odds,20260803T051009Z-f34e0721,VTgTcNSLLTwRNGD4Opib,g6,401862693,0,1,Memphis,UNLV,bovada,total,over,59.5,-110,True,False,2026-08-03T05:08:22.000Z,60.5,-110,2026-08-03T05:10:09.838609+00:00,0.03,24.0,False,True,False,bovada,2026-08-03T05:08:22.000Z,0.03,False,9b39f414d8a268bca452d104bc398f0a1a06371efb17a18d8171b11f9aa1d2ab
sports_game_odds,20260803T051009Z-f34e0721,VTgTcNSLLTwRNGD4Opib,g6,401862693,0,1,Memphis,UNLV,betmgm,total,over,58.5,-110,True,False,2026-08-03T05:08:17.000Z,58.5,-115,2026-08-03T05:10:09.838609+00:00,0.0313,24.0,False,True,False,betmgm,2026-08-03T05:08:17.000Z,0.0313,False,32503010421c525cb23d847f5063665681c33386b2f7990c372850eececaed74
sports_game_odds,20260803T051009Z-f34e0721,VTgTcNSLLTwRNGD4Opib,g6,401862693,0,1,Memphis,UNLV,fanduel,total,under,59.5,-110,True,False,2026-08-03T05:08:22.253Z,58.5,-105,2026-08-03T05:10:09.838609+00:00,0.0299,24.0,False,True,False,fanduel,2026-08-03T05:08:22.253Z,0.0299,False,94c16a2889604e2097598e8a757d6f6fa7beb6021d4d64ec0210e3ad9bf5eca2
sports_game_odds,20260803T051009Z-f34e0721,VTgTcNSLLTwRNGD4Opib,g6,401862693,0,1,Memphis,UNLV,draftkings,total,under,59.5,-112,True,False,2026-08-03T05:08:22.214Z,60.5,-110,2026-08-03T05:10:09.838609+00:00,0.0299,24.0,False,True,False,draftkings,2026-08-03T05:08:22.214Z,0.0299,False,603ff16125a9931262b737dda440888c807f665997b7ee1f1b22d5fa89e62289
sports_game_odds,20260803T051009Z-f34e0721,VTgTcNSLLTwRNGD4Opib,g6,401862693,0,1,Memphis,UNLV,caesars,total,under,59.0,-110,False,False,2026-08-02T14:32:31.000Z,59.5,-109,2026-08-03T05:10:09.838609+00:00,14.6275,24.0,False,False,False,caesars,2026-08-02T14:32:31.000Z,14.6275,False,bc94111d78c78c93510cca16c0dba8915782d0aa9fd6987955c6e62073f27b29
sports_game_odds,20260803T051009Z-f34e0721,VTgTcNSLLTwRNGD4Opib,g6,401862693,0,1,Memphis,UNLV,bovada,total,under,59.5,-110,True,False,2026-08-03T05:08:22.000Z,60.5,-110,2026-08-03T05:10:09.838609+00:00,0.03,24.0,False,True,False,bovada,2026-08-03T05:08:22.000Z,0.03,False,6b4dcbc0fff13c2f75cb2979e426943c3fd0253395a657262be5f7ab7cfa3c9e
sports_game_odds,20260803T051009Z-f34e0721,VTgTcNSLLTwRNGD4Opib,g6,401862693,0,1,Memphis,UNLV,betmgm,total,under,58.5,-110,True,False,2026-08-03T05:08:17.000Z,58.5,-105,2026-08-03T05:10:09.838609+00:00,0.0313,24.0,False,True,False,betmgm,2026-08-03T05:08:17.000Z,0.0313,False,001acade8ab1f9d4eceb45a6f957fb992cc2716fefa408fcbd595b8dfcf87947
sports_game_odds,20260803T051009Z-f34e0721,VTgTcNSLLTwRNGD4Opib,g6,401862693,0,1,Memphis,UNLV,fanduel,moneyline,away,,188,True,False,2026-08-03T05:08:22.253Z,172.0,172,2026-08-03T05:10:09.838609+00:00,0.0299,24.0,False,True,False,fanduel,2026-08-03T05:08:22.253Z,0.0299,False,dcf98e3d91f30c61f922ae3a60fe50b1efe5aa1956175d4f727f1bfc450c6124
sports_game_odds,20260803T051009Z-f34e0721,VTgTcNSLLTwRNGD4Opib,g6,401862693,0,1,Memphis,UNLV,draftkings,moneyline,away,,164,True,False,2026-08-03T05:08:22.214Z,154.0,154,2026-08-03T05:10:09.838609+00:00,0.0299,24.0,False,True,False,draftkings,2026-08-03T05:08:22.214Z,0.0299,False,8b8f3a06a12cc70ff1e6f200e7eb063e0b3e1c4a2c74e7eed463cd0d3239cce4
sports_game_odds,20260803T051009Z-f34e0721,VTgTcNSLLTwRNGD4Opib,g6,401862693,0,1,Memphis,UNLV,caesars,moneyline,away,,178,True,False,2026-08-03T05:08:12.000Z,158.0,158,2026-08-03T05:10:09.838609+00:00,0.0327,24.0,False,True,False,caesars,2026-08-03T05:08:12.000Z,0.0327,False,fbae8d02b2ecbb16199259262c4f3f3d2e48e4771723cc3c775620320165b88d
sports_game_odds,20260803T051009Z-f34e0721,VTgTcNSLLTwRNGD4Opib,g6,401862693,0,1,Memphis,UNLV,bovada,moneyline,away,,165,True,False,2026-08-03T05:08:22.000Z,155.0,155,2026-08-03T05:10:09.838609+00:00,0.03,24.0,False,True,False,bovada,2026-08-03T05:08:22.000Z,0.03,False,4c5d51eaa2b4a08e8fdd06c8b4e0f3ed068bb21daa96bf8636e753fcdcce2296
sports_game_odds,20260803T051009Z-f34e0721,VTgTcNSLLTwRNGD4Opib,g6,401862693,0,1,Memphis,UNLV,betmgm,moneyline,away,,180,True,False,2026-08-03T05:08:17.000Z,200.0,200,2026-08-03T05:10:09.838609+00:00,0.0313,24.0,False,True,False,betmgm,2026-08-03T05:08:17.000Z,0.0313,False,f24aaf88e5e89dbdbdfc29d48115d4bb2ee047fbfa5f2531dbb06f12becef549
sports_game_odds,20260803T051009Z-f34e0721,VTgTcNSLLTwRNGD4Opib,g6,401862693,0,1,Memphis,UNLV,fanduel,moneyline,home,,-230,True,False,2026-08-03T05:08:22.253Z,-210.0,-210,2026-08-03T05:10:09.838609+00:00,0.0299,24.0,False,True,False,fanduel,2026-08-03T05:08:22.253Z,0.0299,False,0f3fc58e24f6601cddce9f108aeb72f04085356aa553a74cf79512b719ae9898
sports_game_odds,20260803T051009Z-f34e0721,VTgTcNSLLTwRNGD4Opib,g6,401862693,0,1,Memphis,UNLV,draftkings,moneyline,home,,-198,True,False,2026-08-03T05:08:22.214Z,-185.0,-185,2026-08-03T05:10:09.838609+00:00,0.0299,24.0,False,True,False,draftkings,2026-08-03T05:08:22.214Z,0.0299,False,65ae72ed256664bc0c66d4f400bde4244ce58b48e046a37506975b36a25d6573
sports_game_odds,20260803T051009Z-f34e0721,VTgTcNSLLTwRNGD4Opib,g6,401862693,0,1,Memphis,UNLV,caesars,moneyline,home,,-215,True,False,2026-08-03T05:08:12.000Z,-190.0,-190,2026-08-03T05:10:09.838609+00:00,0.0327,24.0,False,True,False,caesars,2026-08-03T05:08:12.000Z,0.0327,False,d4cc0dced17d8113e06a0e3775ae61274b3e700e966b7c7479aeec8fcd1d69f3
sports_game_odds,20260803T051009Z-f34e0721,VTgTcNSLLTwRNGD4Opib,g6,401862693,0,1,Memphis,UNLV,bovada,moneyline,home,,-195,True,False,2026-08-03T05:08:22.000Z,-180.0,-180,2026-08-03T05:10:09.838609+00:00,0.03,24.0,False,True,False,bovada,2026-08-03T05:08:22.000Z,0.03,False,f1cda07eb97756d5851db9a588d37ba41de8721062e1665a5a7d5e17557f9ec6
sports_game_odds,20260803T051009Z-f34e0721,VTgTcNSLLTwRNGD4Opib,g6,401862693,0,1,Memphis,UNLV,betmgm,moneyline,home,,-220,True,False,2026-08-03T05:08:17.000Z,-250.0,-250,2026-08-03T05:10:09.838609+00:00,0.0313,24.0,False,True,False,betmgm,2026-08-03T05:08:17.000Z,0.0313,False,224b43c48e5a9b08b1d4c33ad6df9a59c9c65eb92514cabe2e4bffbe08741561
sports_game_odds,20260803T051009Z-f34e0721,znRjCUMuw52Bx8RpEBh2,g16,401858423,1,1,Massachusetts,Rutgers,fanduel,spread,away,30.5,-105,True,False,2026-08-03T05:08:22.253Z,30.5,-105,2026-08-03T05:10:09.838609+00:00,0.0299,24.0,False,True,False,fanduel,2026-08-03T05:08:22.253Z,0.0299,False,80e80be36c38a36f78dde31c18c647218cc14a215d8cf7a9944e77933858ac5b
sports_game_odds,20260803T051009Z-f34e0721,znRjCUMuw52Bx8RpEBh2,g16,401858423,1,1,Massachusetts,Rutgers,draftkings,spread,away,30.5,-112,True,False,2026-08-03T05:08:22.214Z,30.5,-110,2026-08-03T05:10:09.838609+00:00,0.0299,24.0,False,True,False,draftkings,2026-08-03T05:08:22.214Z,0.0299,False,5a102c3c4c00e2a3cee256aa4c5b883dc5643a8cafdf064d7d84ce79efbe5bad
sports_game_odds,20260803T051009Z-f34e0721,znRjCUMuw52Bx8RpEBh2,g16,401858423,1,1,Massachusetts,Rutgers,caesars,spread,away,30.5,-110,True,False,2026-08-03T05:08:12.000Z,30.5,-110,2026-08-03T05:10:09.838609+00:00,0.0327,24.0,False,True,False,caesars,2026-08-03T05:08:12.000Z,0.0327,False,c0b14ca3b47ef91a09749185c1dc660299acd00910209318919b05c9c58aa6ce
sports_game_odds,20260803T051009Z-f34e0721,znRjCUMuw52Bx8RpEBh2,g16,401858423,1,1,Massachusetts,Rutgers,betmgm,spread,away,30.5,-110,True,False,2026-08-03T05:08:17.000Z,30.5,-110,2026-08-03T05:10:09.838609+00:00,0.0313,24.0,False,True,False,betmgm,2026-08-03T05:08:17.000Z,0.0313,False,abc68b44ef3ff462c962aa8e17cd2b320e14c039bf7f867d3124b4c9b2a083a8
sports_game_odds,20260803T051009Z-f34e0721,znRjCUMuw52Bx8RpEBh2,g16,401858423,1,1,Massachusetts,Rutgers,fanduel,spread,home,-30.5,-115,True,False,2026-08-03T05:08:22.253Z,-30.5,-115,2026-08-03T05:10:09.838609+00:00,0.0299,24.0,False,True,False,fanduel,2026-08-03T05:08:22.253Z,0.0299,False,535d6de071d1bfb2afd22bcab658e95ae293520f67a7d09515e115c4f4ae639f
sports_game_odds,20260803T051009Z-f34e0721,znRjCUMuw52Bx8RpEBh2,g16,401858423,1,1,Massachusetts,Rutgers,draftkings,spread,home,-30.5,-108,True,False,2026-08-03T05:08:22.214Z,-30.5,-110,2026-08-03T05:10:09.838609+00:00,0.0299,24.0,False,True,False,draftkings,2026-08-03T05:08:22.214Z,0.0299,False,c08f66bd51ac7dd174e228efcaa981e5bc583cd247b523899e5c88b11b2eb548
sports_game_odds,20260803T051009Z-f34e0721,znRjCUMuw52Bx8RpEBh2,g16,401858423,1,1,Massachusetts,Rutgers,caesars,spread,home,-30.5,-110,True,False,2026-08-03T05:08:12.000Z,-30.5,-110,2026-08-03T05:10:09.838609+00:00,0.0327,24.0,False,True,False,caesars,2026-08-03T05:08:12.000Z,0.0327,False,dae5bed9081c248517cfd2fbff4461767cb7e0d75f9f30a5174fb83c404d4f1d
sports_game_odds,20260803T051009Z-f34e0721,znRjCUMuw52Bx8RpEBh2,g16,401858423,1,1,Massachusetts,Rutgers,betmgm,spread,home,-30.5,-110,True,False,2026-08-03T05:08:17.000Z,-30.5,-110,2026-08-03T05:10:09.838609+00:00,0.0313,24.0,False,True,False,betmgm,2026-08-03T05:08:17.000Z,0.0313,False,db7ac758b152bc7dd3e58182c6bb30614784dba472730fc1895c1e03f7dd0211
sports_game_odds,20260803T051009Z-f34e0721,znRjCUMuw52Bx8RpEBh2,g16,401858423,1,1,Massachusetts,Rutgers,fanduel,total,over,54.5,-110,True,False,2026-08-03T05:08:22.253Z,54.5,-110,2026-08-03T05:10:09.838609+00:00,0.0299,24.0,False,True,False,fanduel,2026-08-03T05:08:22.253Z,0.0299,False,64b7624d24f71782b2f1002fc41b1af546917ab2615f84414d4ab1f722e1bad5
sports_game_odds,20260803T051009Z-f34e0721,znRjCUMuw52Bx8RpEBh2,g16,401858423,1,1,Massachusetts,Rutgers,draftkings,total,over,55.5,-102,True,False,2026-08-03T05:08:22.214Z,55.5,-110,2026-08-03T05:10:09.838609+00:00,0.0299,24.0,False,True,False,draftkings,2026-08-03T05:08:22.214Z,0.0299,False,ae97f44008616c673d8f38888f1b5c5df557dad8c4f567537ae87ceab2523d94
sports_game_odds,20260803T051009Z-f34e0721,znRjCUMuw52Bx8RpEBh2,g16,401858423,1,1,Massachusetts,Rutgers,caesars,total,over,54.5,-112,True,False,2026-08-03T05:08:12.000Z,55.5,-108,2026-08-03T05:10:09.838609+00:00,0.0327,24.0,False,True,False,caesars,2026-08-03T05:08:12.000Z,0.0327,False,e64e23aaffe54b4eca4b0d57f888c068bc3d845c39e79c4b6cde905f94fb73e9
sports_game_odds,20260803T051009Z-f34e0721,znRjCUMuw52Bx8RpEBh2,g16,401858423,1,1,Massachusetts,Rutgers,betmgm,total,over,54.5,-105,True,False,2026-08-03T05:08:17.000Z,54.5,-110,2026-08-03T05:10:09.838609+00:00,0.0313,24.0,False,True,False,betmgm,2026-08-03T05:08:17.000Z,0.0313,False,c0ddb3a08715443a6331e63def3848a38282b812d14c9eca8c8bbf9d9c068a54
sports_game_odds,20260803T051009Z-f34e0721,znRjCUMuw52Bx8RpEBh2,g16,401858423,1,1,Massachusetts,Rutgers,fanduel,total,under,54.5,-110,True,False,2026-08-03T05:08:22.253Z,54.5,-110,2026-08-03T05:10:09.838609+00:00,0.0299,24.0,False,True,False,fanduel,2026-08-03T05:08:22.253Z,0.0299,False,903e9397caa67d8da04028981bf2dcaf74c3896f2ea943675422f0251a7f9536
sports_game_odds,20260803T051009Z-f34e0721,znRjCUMuw52Bx8RpEBh2,g16,401858423,1,1,Massachusetts,Rutgers,draftkings,total,under,55.5,-118,True,False,2026-08-03T05:08:22.214Z,55.5,-110,2026-08-03T05:10:09.838609+00:00,0.0299,24.0,False,True,False,draftkings,2026-08-03T05:08:22.214Z,0.0299,False,e976ed77b090e14b4a9e67493defecc8450eeea717355a2032fd0415a80e477f
sports_game_odds,20260803T051009Z-f34e0721,znRjCUMuw52Bx8RpEBh2,g16,401858423,1,1,Massachusetts,Rutgers,caesars,total,under,54.5,-108,True,False,2026-08-03T05:08:12.000Z,55.5,-112,2026-08-03T05:10:09.838609+00:00,0.0327,24.0,False,True,False,caesars,2026-08-03T05:08:12.000Z,0.0327,False,c20abeee672283ba8546aba3dac829ac19e48bf1072b1e96b6d43c941039f38d
sports_game_odds,20260803T051009Z-f34e0721,znRjCUMuw52Bx8RpEBh2,g16,401858423,1,1,Massachusetts,Rutgers,betmgm,total,under,54.5,-115,True,False,2026-08-03T05:08:17.000Z,54.5,-110,2026-08-03T05:10:09.838609+00:00,0.0313,24.0,False,True,False,betmgm,2026-08-03T05:08:17.000Z,0.0313,False,d074acf38659a8007f24b25fadd77217303e964e4d2a64def6f1abcf4a5466ba
sports_game_odds,20260803T051009Z-f34e0721,znRjCUMuw52Bx8RpEBh2,g16,401858423,1,1,Massachusetts,Rutgers,fanduel,moneyline,away,,2800,True,False,2026-08-03T05:08:22.253Z,3000.0,3000,2026-08-03T05:10:09.838609+00:00,0.0299,24.0,False,True,False,fanduel,2026-08-03T05:08:22.253Z,0.0299,False,0d19267389fef0ce8a9bf826bfa127555fccfdfc8a05739b564b9d9bbf019826
sports_game_odds,20260803T051009Z-f34e0721,znRjCUMuw52Bx8RpEBh2,g16,401858423,1,1,Massachusetts,Rutgers,caesars,moneyline,away,,1900,True,False,2026-08-03T05:08:12.000Z,1800.0,1800,2026-08-03T05:10:09.838609+00:00,0.0327,24.0,False,True,False,caesars,2026-08-03T05:08:12.000Z,0.0327,False,1605f9cefada67d6321159830b2f8e6d151ee3c69097bf72aaca2d84c0957288
sports_game_odds,20260803T051009Z-f34e0721,znRjCUMuw52Bx8RpEBh2,g16,401858423,1,1,Massachusetts,Rutgers,draftkings,moneyline,away,,3000,True,False,2026-08-03T05:08:22.214Z,3000.0,3000,2026-08-03T05:10:09.838609+00:00,0.0299,24.0,False,True,False,draftkings,2026-08-03T05:08:22.214Z,0.0299,False,cc676e13c255a7ccd7f478dbdd254496b247bbdc8ea5a1afe7770a61b9989fcf
sports_game_odds,20260803T051009Z-f34e0721,znRjCUMuw52Bx8RpEBh2,g16,401858423,1,1,Massachusetts,Rutgers,fanduel,moneyline,home,,-10000,True,False,2026-08-03T05:08:22.253Z,-10000.0,-10000,2026-08-03T05:10:09.838609+00:00,0.0299,24.0,False,True,False,fanduel,2026-08-03T05:08:22.253Z,0.0299,False,fd467a7ea72ae55e3b43ea0362a389e1c3c1c9762e9641994bde1d41e4988138
sports_game_odds,20260803T051009Z-f34e0721,znRjCUMuw52Bx8RpEBh2,g16,401858423,1,1,Massachusetts,Rutgers,caesars,moneyline,home,,-10000,True,False,2026-08-03T05:08:12.000Z,-10000.0,-10000,2026-08-03T05:10:09.838609+00:00,0.0327,24.0,False,True,False,caesars,2026-08-03T05:08:12.000Z,0.0327,False,eee1367729f4231a801dfef8e89300423d3ea37726e5503861bf78c423a49e11
sports_game_odds,20260803T051009Z-f34e0721,znRjCUMuw52Bx8RpEBh2,g16,401858423,1,1,Massachusetts,Rutgers,draftkings,moneyline,home,,-10000,True,False,2026-08-03T05:08:22.214Z,-10000.0,-10000,2026-08-03T05:10:09.838609+00:00,0.0299,24.0,False,True,False,draftkings,2026-08-03T05:08:22.214Z,0.0299,False,c9ef0375427d77ea34ae8982fac11e24a05f33588604df3f8c66d64161946806
sports_game_odds,20260803T051009Z-f34e0721,Bv0MBaHETfZPdzFbrBf2,g11,401864424,1,1,Merrimack,Delaware,fanduel,spread,away,28.5,-105,True,False,2026-08-03T05:08:22.253Z,30.5,-105,2026-08-03T05:10:09.838609+00:00,0.0299,24.0,False,True,False,fanduel,2026-08-03T05:08:22.253Z,0.0299,False,b4adaf4334d8f6ba24f8f446d3882b413c0652b654bf1245a430fdea05644aed
sports_game_odds,20260803T051009Z-f34e0721,Bv0MBaHETfZPdzFbrBf2,g11,401864424,1,1,Merrimack,Delaware,fanduel,spread,home,-28.5,-115,True,False,2026-08-03T05:08:22.253Z,-30.5,-115,2026-08-03T05:10:09.838609+00:00,0.0299,24.0,False,True,False,fanduel,2026-08-03T05:08:22.253Z,0.0299,False,c5309706bef44947b354ac0192448d412d15c2eba68d406e81965225b7f27af5
sports_game_odds,20260803T051009Z-f34e0721,Bv0MBaHETfZPdzFbrBf2,g11,401864424,1,1,Merrimack,Delaware,fanduel,total,over,56.5,-110,True,False,2026-08-03T05:08:22.253Z,56.5,-110,2026-08-03T05:10:09.838609+00:00,0.0299,24.0,False,True,False,fanduel,2026-08-03T05:08:22.253Z,0.0299,False,be32ace361b1cede4c856c65356c20fdba4a68462f454335d12e9f71e9ead88a
sports_game_odds,20260803T051009Z-f34e0721,Bv0MBaHETfZPdzFbrBf2,g11,401864424,1,1,Merrimack,Delaware,fanduel,total,under,56.5,-110,True,False,2026-08-03T05:08:22.253Z,56.5,-110,2026-08-03T05:10:09.838609+00:00,0.0299,24.0,False,True,False,fanduel,2026-08-03T05:08:22.253Z,0.0299,False,f087bdb5f4bad2217d4dafcffaa0879ffb9076966ca403febe9710f1092bbd06
sports_game_odds,20260803T051009Z-f34e0721,Bv0MBaHETfZPdzFbrBf2,g11,401864424,1,1,Merrimack,Delaware,fanduel,moneyline,away,,2400,True,False,2026-08-03T05:08:22.253Z,2500.0,2500,2026-08-03T05:10:09.838609+00:00,0.0299,24.0,False,True,False,fanduel,2026-08-03T05:08:22.253Z,0.0299,False,2cc75541663a95fd9d20609793e23623d8359dd3ec252c61521a080ff22d6d96
sports_game_odds,20260803T051009Z-f34e0721,Bv0MBaHETfZPdzFbrBf2,g11,401864424,1,1,Merrimack,Delaware,fanduel,moneyline,home,,-10000,True,False,2026-08-03T05:08:22.253Z,-10000.0,-10000,2026-08-03T05:10:09.838609+00:00,0.0299,24.0,False,True,False,fanduel,2026-08-03T05:08:22.253Z,0.0299,False,b1335dc21eb3a759a8f77abdd533f69116465090f70173b7d6128b7cf179a438
sports_game_odds,20260803T051009Z-f34e0721,Row5TbgQenxNrQi5WPIR,g18,401858204,1,1,Akron,Wake Forest,fanduel,spread,away,22.5,-105,True,False,2026-08-03T05:08:22.253Z,22.5,-105,2026-08-03T05:10:09.838609+00:00,0.0299,24.0,False,True,False,fanduel,2026-08-03T05:08:22.253Z,0.0299,False,b1b5a1800ac1bc80b11dd35b97362aa0da6256a00fccaca26689f8f3dfeb3e79
sports_game_odds,20260803T051009Z-f34e0721,Row5TbgQenxNrQi5WPIR,g18,401858204,1,1,Akron,Wake Forest,draftkings,spread,away,22.5,-108,True,False,2026-08-03T05:08:22.214Z,22.5,-112,2026-08-03T05:10:09.838609+00:00,0.0299,24.0,False,True,False,draftkings,2026-08-03T05:08:22.214Z,0.0299,False,b5ed505ffc376249711591e22436fa426556090722048d16ee57fc0d167f1bfb
sports_game_odds,20260803T051009Z-f34e0721,Row5TbgQenxNrQi5WPIR,g18,401858204,1,1,Akron,Wake Forest,caesars,spread,away,22.5,-110,True,False,2026-08-03T05:08:12.000Z,22.5,-110,2026-08-03T05:10:09.838609+00:00,0.0327,24.0,False,True,False,caesars,2026-08-03T05:08:12.000Z,0.0327,False,1da8d699da0e0992d07af6a4090276f5e2d0ca84411c58d34ade103dbf78d608
sports_game_odds,20260803T051009Z-f34e0721,Row5TbgQenxNrQi5WPIR,g18,401858204,1,1,Akron,Wake Forest,bovada,spread,away,22.5,-110,True,False,2026-08-03T05:08:22.000Z,22.5,-110,2026-08-03T05:10:09.838609+00:00,0.03,24.0,False,True,False,bovada,2026-08-03T05:08:22.000Z,0.03,False,39cb406012e02da9d55d6fe28ea412b5ddceeb181f63d642979f2c00b4bcabf9
sports_game_odds,20260803T051009Z-f34e0721,Row5TbgQenxNrQi5WPIR,g18,401858204,1,1,Akron,Wake Forest,betmgm,spread,away,22.5,-110,True,False,2026-08-03T05:08:17.000Z,22.5,-110,2026-08-03T05:10:09.838609+00:00,0.0313,24.0,False,True,False,betmgm,2026-08-03T05:08:17.000Z,0.0313,False,afbf5ec0dc810f636dcd56420c14746ff29597610f55b9f714afecba6f1bed87
sports_game_odds,20260803T051009Z-f34e0721,Row5TbgQenxNrQi5WPIR,g18,401858204,1,1,Akron,Wake Forest,fanduel,spread,home,-22.5,-115,True,False,2026-08-03T05:08:22.253Z,-22.5,-115,2026-08-03T05:10:09.838609+00:00,0.0299,24.0,False,True,False,fanduel,2026-08-03T05:08:22.253Z,0.0299,False,642ffea7d1a6cca2596eed58f9dfa22a9d721f817e509ef24c75f74ca4feeca5
sports_game_odds,20260803T051009Z-f34e0721,Row5TbgQenxNrQi5WPIR,g18,401858204,1,1,Akron,Wake Forest,draftkings,spread,home,-22.5,-112,True,False,2026-08-03T05:08:22.214Z,-22.5,-108,2026-08-03T05:10:09.838609+00:00,0.0299,24.0,False,True,False,draftkings,2026-08-03T05:08:22.214Z,0.0299,False,255e01882fe9713a046284dfe292019e4b12bad993a82ef67f657bd5b2905efc
sports_game_odds,20260803T051009Z-f34e0721,Row5TbgQenxNrQi5WPIR,g18,401858204,1,1,Akron,Wake Forest,caesars,spread,home,-22.5,-110,True,False,2026-08-03T05:08:12.000Z,-22.5,-110,2026-08-03T05:10:09.838609+00:00,0.0327,24.0,False,True,False,caesars,2026-08-03T05:08:12.000Z,0.0327,False,a115a426ab20c28c8a1fa8eeff9ef26aaa84f5c6ce813d4929eaa23fc97e9093
sports_game_odds,20260803T051009Z-f34e0721,Row5TbgQenxNrQi5WPIR,g18,401858204,1,1,Akron,Wake Forest,bovada,spread,home,-22.5,-110,True,False,2026-08-03T05:08:22.000Z,-22.5,-110,2026-08-03T05:10:09.838609+00:00,0.03,24.0,False,True,False,bovada,2026-08-03T05:08:22.000Z,0.03,False,e0fecc216c52c23c3290caab4d46d250c12844865d78b3fc1ed6a802e557411a
sports_game_odds,20260803T051009Z-f34e0721,Row5TbgQenxNrQi5WPIR,g18,401858204,1,1,Akron,Wake Forest,betmgm,spread,home,-22.5,-110,True,False,2026-08-03T05:08:17.000Z,-22.5,-110,2026-08-03T05:10:09.838609+00:00,0.0313,24.0,False,True,False,betmgm,2026-08-03T05:08:17.000Z,0.0313,False,3062b4dca4953e122bf5a9316bb1d754c77ef0aff734de93ef2de4162a04e47b
sports_game_odds,20260803T051009Z-f34e0721,Row5TbgQenxNrQi5WPIR,g18,401858204,1,1,Akron,Wake Forest,fanduel,total,over,49.5,-115,True,False,2026-08-03T05:08:22.253Z,48.5,-110,2026-08-03T05:10:09.838609+00:00,0.0299,24.0,False,True,False,fanduel,2026-08-03T05:08:22.253Z,0.0299,False,f0ba9e71b501397441ff2f32688da43e93d774da0a0718ad84e46a4e8825f3a6
sports_game_odds,20260803T051009Z-f34e0721,Row5TbgQenxNrQi5WPIR,g18,401858204,1,1,Akron,Wake Forest,draftkings,total,over,49.5,-112,True,False,2026-08-03T05:08:22.214Z,49.5,-115,2026-08-03T05:10:09.838609+00:00,0.0299,24.0,False,True,False,draftkings,2026-08-03T05:08:22.214Z,0.0299,False,4c6538f5c900ab0f4aac8a905492563b02cac495a0ff46a7d35463a8ee631706
sports_game_odds,20260803T051009Z-f34e0721,Row5TbgQenxNrQi5WPIR,g18,401858204,1,1,Akron,Wake Forest,bovada,total,over,49.5,-110,True,False,2026-08-03T05:08:22.000Z,49.5,-115,2026-08-03T05:10:09.838609+00:00,0.03,24.0,False,True,False,bovada,2026-08-03T05:08:22.000Z,0.03,False,9b0199d524b3518d9507bc131be09fa5b479bdfe099f052078c64b5057012b4e
sports_game_odds,20260803T051009Z-f34e0721,Row5TbgQenxNrQi5WPIR,g18,401858204,1,1,Akron,Wake Forest,caesars,total,over,49.5,-114,True,False,2026-08-03T05:08:12.000Z,49.5,-114,2026-08-03T05:10:09.838609+00:00,0.0327,24.0,False,True,False,caesars,2026-08-03T05:08:12.000Z,0.0327,False,4eabace8316ea4298c901924d742962dfea20f87e90dd0b1483999b56e6edcbd
sports_game_odds,20260803T051009Z-f34e0721,Row5TbgQenxNrQi5WPIR,g18,401858204,1,1,Akron,Wake Forest,betmgm,total,over,49.5,-115,True,False,2026-08-03T05:08:17.000Z,49.5,-115,2026-08-03T05:10:09.838609+00:00,0.0313,24.0,False,True,False,betmgm,2026-08-03T05:08:17.000Z,0.0313,False,79d69d93b00590e48788d19920784b012facf1f46d0dd25b52b686c9ae7027be
sports_game_odds,20260803T051009Z-f34e0721,Row5TbgQenxNrQi5WPIR,g18,401858204,1,1,Akron,Wake Forest,fanduel,total,under,49.5,-105,True,False,2026-08-03T05:08:22.253Z,48.5,-110,2026-08-03T05:10:09.838609+00:00,0.0299,24.0,False,True,False,fanduel,2026-08-03T05:08:22.253Z,0.0299,False,6f457ff93f1c73b4bf6af82c6d790299be1f6d61fa6666c49d27acf315f826f9
sports_game_odds,20260803T051009Z-f34e0721,Row5TbgQenxNrQi5WPIR,g18,401858204,1,1,Akron,Wake Forest,draftkings,total,under,49.5,-108,True,False,2026-08-03T05:08:22.214Z,49.5,-105,2026-08-03T05:10:09.838609+00:00,0.0299,24.0,False,True,False,draftkings,2026-08-03T05:08:22.214Z,0.0299,False,2db10b8ba5a95b51fbeb7cfb85b33ac5606dc1dd607b57645890a09aceac2c06
sports_game_odds,20260803T051009Z-f34e0721,Row5TbgQenxNrQi5WPIR,g18,401858204,1,1,Akron,Wake Forest,bovada,total,under,49.5,-110,True,False,2026-08-03T05:08:22.000Z,49.5,-105,2026-08-03T05:10:09.838609+00:00,0.03,24.0,False,True,False,bovada,2026-08-03T05:08:22.000Z,0.03,False,c4958d7d1b78ead84e97ef1a362e3ad73770348c6e0fed8d34077c112a9fca98
sports_game_odds,20260803T051009Z-f34e0721,Row5TbgQenxNrQi5WPIR,g18,401858204,1,1,Akron,Wake Forest,caesars,total,under,49.5,-107,True,False,2026-08-03T05:08:12.000Z,49.5,-107,2026-08-03T05:10:09.838609+00:00,0.0327,24.0,False,True,False,caesars,2026-08-03T05:08:12.000Z,0.0327,False,14da159844e606709123fbdb424ebaa9e1a57b957d768bf3a76f81d054a3c826
sports_game_odds,20260803T051009Z-f34e0721,Row5TbgQenxNrQi5WPIR,g18,401858204,1,1,Akron,Wake Forest,betmgm,total,under,49.5,-105,True,False,2026-08-03T05:08:17.000Z,49.5,-105,2026-08-03T05:10:09.838609+00:00,0.0313,24.0,False,True,False,betmgm,2026-08-03T05:08:17.000Z,0.0313,False,adf721831667948fc50c2a4441fbf8850cf73e63a28081115f766b1c1ab22d69
sports_game_odds,20260803T051009Z-f34e0721,Row5TbgQenxNrQi5WPIR,g18,401858204,1,1,Akron,Wake Forest,fanduel,moneyline,away,,1280,True,False,2026-08-03T05:08:22.253Z,1280.0,1280,2026-08-03T05:10:09.838609+00:00,0.0299,24.0,False,True,False,fanduel,2026-08-03T05:08:22.253Z,0.0299,False,953627f4dcc1620397cc79670e91b5c620db5dc9b0d090eeda37a2920e007946
sports_game_odds,20260803T051009Z-f34e0721,Row5TbgQenxNrQi5WPIR,g18,401858204,1,1,Akron,Wake Forest,draftkings,moneyline,away,,1300,True,False,2026-08-03T05:08:22.214Z,1200.0,1200,2026-08-03T05:10:09.838609+00:00,0.0299,24.0,False,True,False,draftkings,2026-08-03T05:08:22.214Z,0.0299,False,21c4f1bf83efd2bda78c3e23d33363d6551b42f22d671c63e114d62a825fc2bb
sports_game_odds,20260803T051009Z-f34e0721,Row5TbgQenxNrQi5WPIR,g18,401858204,1,1,Akron,Wake Forest,caesars,moneyline,away,,1200,True,False,2026-08-03T05:08:12.000Z,1200.0,1200,2026-08-03T05:10:09.838609+00:00,0.0327,24.0,False,True,False,caesars,2026-08-03T05:08:12.000Z,0.0327,False,99fa89ec8b081035acfe997e56c2b1471a6572a9813a62ac3c1aaba838af822a
sports_game_odds,20260803T051009Z-f34e0721,Row5TbgQenxNrQi5WPIR,g18,401858204,1,1,Akron,Wake Forest,bovada,moneyline,away,,1200,True,False,2026-08-03T05:08:22.000Z,1100.0,1100,2026-08-03T05:10:09.838609+00:00,0.03,24.0,False,True,False,bovada,2026-08-03T05:08:22.000Z,0.03,False,37f97fad3f499f94480cd80ad56cd8884e7c5d1f72ed10e61f4b2a66944681ca
sports_game_odds,20260803T051009Z-f34e0721,Row5TbgQenxNrQi5WPIR,g18,401858204,1,1,Akron,Wake Forest,betmgm,moneyline,away,,1200,True,False,2026-08-03T05:08:17.000Z,1200.0,1200,2026-08-03T05:10:09.838609+00:00,0.0313,24.0,False,True,False,betmgm,2026-08-03T05:08:17.000Z,0.0313,False,6fc87c8da94170f80ce7a658354d537cc8487fc735eb6ff1a9507535f1746ccd
sports_game_odds,20260803T051009Z-f34e0721,Row5TbgQenxNrQi5WPIR,g18,401858204,1,1,Akron,Wake Forest,fanduel,moneyline,home,,-3500,True,False,2026-08-03T05:08:22.253Z,-3500.0,-3500,2026-08-03T05:10:09.838609+00:00,0.0299,24.0,False,True,False,fanduel,2026-08-03T05:08:22.253Z,0.0299,False,b64799fbdbf8a790b2bb5aa33a0ec971c97bbff83ec9c3eebeb0d31f79d9a286
sports_game_odds,20260803T051009Z-f34e0721,Row5TbgQenxNrQi5WPIR,g18,401858204,1,1,Akron,Wake Forest,draftkings,moneyline,home,,-2800,True,False,2026-08-03T05:08:22.214Z,-2400.0,-2400,2026-08-03T05:10:09.838609+00:00,0.0299,24.0,False,True,False,draftkings,2026-08-03T05:08:22.214Z,0.0299,False,e301ad59b0fc2fd03fd036543cbd82789517ade898ce4e08d74c7bfadaa477e8
sports_game_odds,20260803T051009Z-f34e0721,Row5TbgQenxNrQi5WPIR,g18,401858204,1,1,Akron,Wake Forest,caesars,moneyline,home,,-3500,True,False,2026-08-03T05:08:12.000Z,-3500.0,-3500,2026-08-03T05:10:09.838609+00:00,0.0327,24.0,False,True,False,caesars,2026-08-03T05:08:12.000Z,0.0327,False,c93e8cca3f3be212462f96f8ebe7c326f814dfce579e163ce37b1a304907e671
sports_game_odds,20260803T051009Z-f34e0721,Row5TbgQenxNrQi5WPIR,g18,401858204,1,1,Akron,Wake Forest,bovada,moneyline,home,,-4000,True,False,2026-08-03T05:08:22.000Z,-3500.0,-3500,2026-08-03T05:10:09.838609+00:00,0.03,24.0,False,True,False,bovada,2026-08-03T05:08:22.000Z,0.03,False,33d25b744705fab370471c41ac806548df985bfbbe80f3a87cee0362d0a2e4d1
sports_game_odds,20260803T051009Z-f34e0721,Row5TbgQenxNrQi5WPIR,g18,401858204,1,1,Akron,Wake Forest,betmgm,moneyline,home,,-3000,True,False,2026-08-03T05:08:17.000Z,-3000.0,-3000,2026-08-03T05:10:09.838609+00:00,0.0313,24.0,False,True,False,betmgm,2026-08-03T05:08:17.000Z,0.0313,False,56100ce05ca59af966fb1b2abd3f602b008a61d7ec2e6e0dcc6739be52403026
sports_game_odds,20260803T051009Z-f34e0721,VvplkXLz4xEUUdC9OGZ7,g10,401856767,1,1,Bethune-Cookman,Central Florida,fanduel,spread,away,38.5,-105,True,False,2026-08-03T05:08:22.253Z,38.5,-110,2026-08-03T05:10:09.838609+00:00,0.0299,24.0,False,True,False,fanduel,2026-08-03T05:08:22.253Z,0.0299,False,494931cae15f5ef50b7b1baa696fee3446922588a3b922a6fc00d6bcd7e2f37f
sports_game_odds,20260803T051009Z-f34e0721,VvplkXLz4xEUUdC9OGZ7,g10,401856767,1,1,Bethune-Cookman,Central Florida,fanduel,spread,home,-38.5,-115,True,False,2026-08-03T05:08:22.253Z,-38.5,-110,2026-08-03T05:10:09.838609+00:00,0.0299,24.0,False,True,False,fanduel,2026-08-03T05:08:22.253Z,0.0299,False,e73659fcca3565805d731ef61827561e29dc2f602569d8c65f18e9e6170aef13
sports_game_odds,20260803T051009Z-f34e0721,VvplkXLz4xEUUdC9OGZ7,g10,401856767,1,1,Bethune-Cookman,Central Florida,fanduel,total,over,57.5,-108,True,False,2026-08-03T05:08:22.253Z,55.5,-110,2026-08-03T05:10:09.838609+00:00,0.0299,24.0,False,True,False,fanduel,2026-08-03T05:08:22.253Z,0.0299,False,23617e236d8e8cffee528c531af1537591f0ed16620ab6f14d90d55e39f03783
sports_game_odds,20260803T051009Z-f34e0721,VvplkXLz4xEUUdC9OGZ7,g10,401856767,1,1,Bethune-Cookman,Central Florida,fanduel,total,under,57.5,-112,True,False,2026-08-03T05:08:22.253Z,55.5,-110,2026-08-03T05:10:09.838609+00:00,0.0299,24.0,False,True,False,fanduel,2026-08-03T05:08:22.253Z,0.0299,False,4a7758c8a5b2c64248b566b42c2676082c6841b970a9af1321755a952859bfb8
sports_game_odds,20260803T051009Z-f34e0721,VvplkXLz4xEUUdC9OGZ7,g10,401856767,1,1,Bethune-Cookman,Central Florida,fanduel,moneyline,away,,8000,True,False,2026-08-03T05:08:22.253Z,8000.0,8000,2026-08-03T05:10:09.838609+00:00,0.0299,24.0,False,True,False,fanduel,2026-08-03T05:08:22.253Z,0.0299,False,ff6aef6f227dd1d5f11f80c67650bda84d8dac51cce9a14ec26059bad9e4b812
sports_game_odds,20260803T051009Z-f34e0721,VvplkXLz4xEUUdC9OGZ7,g10,401856767,1,1,Bethune-Cookman,Central Florida,fanduel,moneyline,home,,-100000,False,False,2026-07-28T00:45:52.000Z,-100000.0,-100000,2026-08-03T05:10:09.838609+00:00,148.405,24.0,True,False,False,fanduel,2026-07-28T00:45:52.000Z,148.405,True,875961c9f2fd5903cef66f368b18a6a07b0b1c6543c78d69d73193a9afe2a83a
sports_game_odds,20260803T051009Z-f34e0721,9igwYPZk2KfP8Rb5b3Sy,g15,401856663,1,1,UAPB,Missouri,fanduel,spread,away,52.5,-110,True,False,2026-08-03T05:08:22.253Z,50.5,-110,2026-08-03T05:10:09.838609+00:00,0.0299,24.0,False,True,False,fanduel,2026-08-03T05:08:22.253Z,0.0299,False,cb16ce3e732acc32c16912528104030c8e9fa4305868474a710acc484c78f7fc
sports_game_odds,20260803T051009Z-f34e0721,9igwYPZk2KfP8Rb5b3Sy,g15,401856663,1,1,UAPB,Missouri,fanduel,spread,home,-52.5,-110,True,False,2026-08-03T05:08:22.253Z,-50.5,-110,2026-08-03T05:10:09.838609+00:00,0.0299,24.0,False,True,False,fanduel,2026-08-03T05:08:22.253Z,0.0299,False,9bd803a14da55fb971e4a8ec3a258739b123dd97b9072754a2dfa40e91b7d56c
sports_game_odds,20260803T051009Z-f34e0721,9igwYPZk2KfP8Rb5b3Sy,g15,401856663,1,1,UAPB,Missouri,fanduel,total,over,60.5,-112,True,False,2026-08-03T05:08:22.253Z,58.5,-112,2026-08-03T05:10:09.838609+00:00,0.0299,24.0,False,True,False,fanduel,2026-08-03T05:08:22.253Z,0.0299,False,048d9616893f07b51d448449362aa5ad7df70235d05c9f0c4f6a1fe12b51a2bf
sports_game_odds,20260803T051009Z-f34e0721,9igwYPZk2KfP8Rb5b3Sy,g15,401856663,1,1,UAPB,Missouri,fanduel,total,under,60.5,-108,True,False,2026-08-03T05:08:22.253Z,58.5,-108,2026-08-03T05:10:09.838609+00:00,0.0299,24.0,False,True,False,fanduel,2026-08-03T05:08:22.253Z,0.0299,False,d8ad1d7008440a2f3a14e74b498e88dfe95383b24c77ff4dcf3f34776322fbbd
sports_game_odds,20260803T051009Z-f34e0721,ZgE4C1iUwPaVjfyAY2rA,g14,401858422,1,1,Eastern Illinois,Minnesota,fanduel,spread,away,45.5,-110,True,False,2026-08-03T05:08:17.000Z,43.5,-105,2026-08-03T05:10:09.838609+00:00,0.0313,24.0,False,True,False,fanduel,2026-08-03T05:08:17.000Z,0.0313,False,3716807fd8a0dd9fddc54fcf7a35932100a2e823f9f544570b1b57102e3f7a54
sports_game_odds,20260803T051009Z-f34e0721,ZgE4C1iUwPaVjfyAY2rA,g14,401858422,1,1,Eastern Illinois,Minnesota,fanduel,spread,home,-45.5,-110,True,False,2026-08-03T05:08:17.000Z,-43.5,-115,2026-08-03T05:10:09.838609+00:00,0.0313,24.0,False,True,False,fanduel,2026-08-03T05:08:17.000Z,0.0313,False,9716652d90c750393ee484315409a0978b3426b86cd168d174caacbf51f9a708
sports_game_odds,20260803T051009Z-f34e0721,ZgE4C1iUwPaVjfyAY2rA,g14,401858422,1,1,Eastern Illinois,Minnesota,fanduel,total,over,51.5,-108,True,False,2026-08-03T05:08:17.000Z,51.5,-108,2026-08-03T05:10:09.838609+00:00,0.0313,24.0,False,True,False,fanduel,2026-08-03T05:08:17.000Z,0.0313,False,e78f09d37a1bcda24baa6b73f7b05ef47f6c7cc287841e7af315fc2c24abec94
sports_game_odds,20260803T051009Z-f34e0721,ZgE4C1iUwPaVjfyAY2rA,g14,401858422,1,1,Eastern Illinois,Minnesota,fanduel,total,under,51.5,-112,True,False,2026-08-03T05:08:17.000Z,51.5,-112,2026-08-03T05:10:09.838609+00:00,0.0313,24.0,False,True,False,fanduel,2026-08-03T05:08:17.000Z,0.0313,False,f4c41403ae7ae2c809f24d341a61d34faf49054707ad0de27b2281300c46faf4
sports_game_odds,20260803T051009Z-f34e0721,i2sZpNIJTUwvNYL1CBN4,g12,401856776,1,1,Colorado,Georgia Tech,fanduel,spread,away,6.5,-105,True,False,2026-08-03T05:08:22.253Z,7.5,-120,2026-08-03T05:10:09.838609+00:00,0.0299,24.0,False,True,False,fanduel,2026-08-03T05:08:22.253Z,0.0299,False,3a4de7e6f2b4f2c155ebfa3e207b733ee44050ab451b8348446bec466f44cfe7
sports_game_odds,20260803T051009Z-f34e0721,i2sZpNIJTUwvNYL1CBN4,g12,401856776,1,1,Colorado,Georgia Tech,draftkings,spread,away,7.0,-110,True,False,2026-08-03T05:08:22.214Z,7.5,-112,2026-08-03T05:10:09.838609+00:00,0.0299,24.0,False,True,False,draftkings,2026-08-03T05:08:22.214Z,0.0299,False,a804c18f2268dcd138118e34cb52e3a5b3b8f6fde7ae6220da3f24a39334f658
sports_game_odds,20260803T051009Z-f34e0721,i2sZpNIJTUwvNYL1CBN4,g12,401856776,1,1,Colorado,Georgia Tech,caesars,spread,away,7.0,-110,True,False,2026-08-03T05:08:12.000Z,7.5,-117,2026-08-03T05:10:09.838609+00:00,0.0327,24.0,False,True,False,caesars,2026-08-03T05:08:12.000Z,0.0327,False,850256663104856b4f2d9aa3c5a3cbb5b5fb731a5833988fe6783362179efaa1
sports_game_odds,20260803T051009Z-f34e0721,i2sZpNIJTUwvNYL1CBN4,g12,401856776,1,1,Colorado,Georgia Tech,bovada,spread,away,7.0,-110,True,False,2026-08-03T05:08:22.000Z,7.5,-110,2026-08-03T05:10:09.838609+00:00,0.03,24.0,False,True,False,bovada,2026-08-03T05:08:22.000Z,0.03,False,48ef15b4eeb8c066fddc5d09c25f61dd52552e21f19c622824b6ea5d1b2277e7
sports_game_odds,20260803T051009Z-f34e0721,i2sZpNIJTUwvNYL1CBN4,g12,401856776,1,1,Colorado,Georgia Tech,betmgm,spread,away,7.0,-110,True,False,2026-08-03T05:08:17.000Z,7.5,-120,2026-08-03T05:10:09.838609+00:00,0.0313,24.0,False,True,False,betmgm,2026-08-03T05:08:17.000Z,0.0313,False,8e7e71b773a7080105c9191524b5da3d2046faad1337bbe513021387bdc4e512
sports_game_odds,20260803T051009Z-f34e0721,i2sZpNIJTUwvNYL1CBN4,g12,401856776,1,1,Colorado,Georgia Tech,fanduel,spread,home,-6.5,-115,True,False,2026-08-03T05:08:22.253Z,-7.5,-102,2026-08-03T05:10:09.838609+00:00,0.0299,24.0,False,True,False,fanduel,2026-08-03T05:08:22.253Z,0.0299,False,e169231cd003e7cf4f841ef21a648b3b730af8720fa8592f609ce8acb2a98d0d
sports_game_odds,20260803T051009Z-f34e0721,i2sZpNIJTUwvNYL1CBN4,g12,401856776,1,1,Colorado,Georgia Tech,draftkings,spread,home,-7.0,-110,True,False,2026-08-03T05:08:22.214Z,-7.5,-108,2026-08-03T05:10:09.838609+00:00,0.0299,24.0,False,True,False,draftkings,2026-08-03T05:08:22.214Z,0.0299,False,45640b18ac8555d171607a22245a2a9e6061eee508b8b09c773881dd9e99a598
sports_game_odds,20260803T051009Z-f34e0721,i2sZpNIJTUwvNYL1CBN4,g12,401856776,1,1,Colorado,Georgia Tech,caesars,spread,home,-7.0,-110,True,False,2026-08-03T05:08:12.000Z,-7.5,-104,2026-08-03T05:10:09.838609+00:00,0.0327,24.0,False,True,False,caesars,2026-08-03T05:08:12.000Z,0.0327,False,13519ee0b24ef2846887b32edd72ed2f13a0a0f4d1f10a35b02642300644e71f
sports_game_odds,20260803T051009Z-f34e0721,i2sZpNIJTUwvNYL1CBN4,g12,401856776,1,1,Colorado,Georgia Tech,bovada,spread,home,-7.0,-110,True,False,2026-08-03T05:08:22.000Z,-7.5,-110,2026-08-03T05:10:09.838609+00:00,0.03,24.0,False,True,False,bovada,2026-08-03T05:08:22.000Z,0.03,False,1b6adf05d4ff2393b629d10e053bc95872e7b26b9c475b7d0fecf54f3f3360ab
sports_game_odds,20260803T051009Z-f34e0721,i2sZpNIJTUwvNYL1CBN4,g12,401856776,1,1,Colorado,Georgia Tech,betmgm,spread,home,-7.0,-110,True,False,2026-08-03T05:08:17.000Z,-7.5,100,2026-08-03T05:10:09.838609+00:00,0.0313,24.0,False,True,False,betmgm,2026-08-03T05:08:17.000Z,0.0313,False,f9c2c814af5d0327c8c75b8337f87acb8f8f1d72966fd14ce157b454b5c948fa
sports_game_odds,20260803T051009Z-f34e0721,i2sZpNIJTUwvNYL1CBN4,g12,401856776,1,1,Colorado,Georgia Tech,fanduel,total,over,51.5,-110,False,False,2026-07-30T16:39:47.743Z,51.5,-110,2026-08-03T05:10:09.838609+00:00,84.5061,24.0,True,False,False,fanduel,2026-07-30T16:39:47.743Z,84.5061,True,dea65925603e8202f4f1294b998ad553d869266fa7fd60afc39a5b43073e4a4f
sports_game_odds,20260803T051009Z-f34e0721,i2sZpNIJTUwvNYL1CBN4,g12,401856776,1,1,Colorado,Georgia Tech,draftkings,total,over,51.5,-112,True,False,2026-08-03T05:08:22.214Z,51.5,-112,2026-08-03T05:10:09.838609+00:00,0.0299,24.0,False,True,False,draftkings,2026-08-03T05:08:22.214Z,0.0299,False,6c39d03f265e60e8a35f871a5a10edf49e92abaa66272596fbedda7143defbde
sports_game_odds,20260803T051009Z-f34e0721,i2sZpNIJTUwvNYL1CBN4,g12,401856776,1,1,Colorado,Georgia Tech,bovada,total,over,51.5,-110,True,False,2026-08-03T05:08:22.000Z,51.5,-110,2026-08-03T05:10:09.838609+00:00,0.03,24.0,False,True,False,bovada,2026-08-03T05:08:22.000Z,0.03,False,915b0c726c82f4d01b3326fc2bfb25ea9b47ece6607eb27f7b609bb07e0a2977
sports_game_odds,20260803T051009Z-f34e0721,i2sZpNIJTUwvNYL1CBN4,g12,401856776,1,1,Colorado,Georgia Tech,caesars,total,over,51.5,-103,True,False,2026-08-03T05:08:12.000Z,51.5,-110,2026-08-03T05:10:09.838609+00:00,0.0327,24.0,False,True,False,caesars,2026-08-03T05:08:12.000Z,0.0327,False,0243e5db8b19b7443d5b80e1e7cc7fb379c1b5110aaf23a5ad33c2503af4105b
sports_game_odds,20260803T051009Z-f34e0721,i2sZpNIJTUwvNYL1CBN4,g12,401856776,1,1,Colorado,Georgia Tech,betmgm,total,over,51.5,-110,True,False,2026-08-03T05:08:17.000Z,51.5,-110,2026-08-03T05:10:09.838609+00:00,0.0313,24.0,False,True,False,betmgm,2026-08-03T05:08:17.000Z,0.0313,False,46ee96c6c150114440921d8a0b321ecdf2da5f9baf8c6672b4aff6bb960943dc
sports_game_odds,20260803T051009Z-f34e0721,i2sZpNIJTUwvNYL1CBN4,g12,401856776,1,1,Colorado,Georgia Tech,fanduel,total,under,51.5,-110,False,False,2026-07-30T16:39:47.743Z,51.5,-110,2026-08-03T05:10:09.838609+00:00,84.5061,24.0,True,False,False,fanduel,2026-07-30T16:39:47.743Z,84.5061,True,4b7ca83f7036316a7168c749f94c361896602503921e2536bb6b19318dd3f477
sports_game_odds,20260803T051009Z-f34e0721,i2sZpNIJTUwvNYL1CBN4,g12,401856776,1,1,Colorado,Georgia Tech,draftkings,total,under,51.5,-108,True,False,2026-08-03T05:08:22.214Z,51.5,-108,2026-08-03T05:10:09.838609+00:00,0.0299,24.0,False,True,False,draftkings,2026-08-03T05:08:22.214Z,0.0299,False,85d558aada68b08947a3db6c7afd300d7ee4ac4f7603e580c4ce4325fd3145f0
sports_game_odds,20260803T051009Z-f34e0721,i2sZpNIJTUwvNYL1CBN4,g12,401856776,1,1,Colorado,Georgia Tech,bovada,total,under,51.5,-110,True,False,2026-08-03T05:08:22.000Z,51.5,-110,2026-08-03T05:10:09.838609+00:00,0.03,24.0,False,True,False,bovada,2026-08-03T05:08:22.000Z,0.03,False,190087900aaa15453cab97ebb1eeddc3733da9951d28e24c7b838c4c73076f46
sports_game_odds,20260803T051009Z-f34e0721,i2sZpNIJTUwvNYL1CBN4,g12,401856776,1,1,Colorado,Georgia Tech,caesars,total,under,51.5,-118,True,False,2026-08-03T05:08:12.000Z,51.5,-109,2026-08-03T05:10:09.838609+00:00,0.0327,24.0,False,True,False,caesars,2026-08-03T05:08:12.000Z,0.0327,False,9a90a90649c083ba3c26ddf6b7928d721654492a58b1941f775e659a0c22ee6a
sports_game_odds,20260803T051009Z-f34e0721,i2sZpNIJTUwvNYL1CBN4,g12,401856776,1,1,Colorado,Georgia Tech,betmgm,total,under,51.5,-110,True,False,2026-08-03T05:08:17.000Z,51.5,-110,2026-08-03T05:10:09.838609+00:00,0.0313,24.0,False,True,False,betmgm,2026-08-03T05:08:17.000Z,0.0313,False,e32acfc524255ada8b4072bf4cd8a415e76f1f02a98ab4001929403f9470aaf0
sports_game_odds,20260803T051009Z-f34e0721,i2sZpNIJTUwvNYL1CBN4,g12,401856776,1,1,Colorado,Georgia Tech,fanduel,moneyline,away,,202,True,False,2026-08-03T05:08:22.253Z,225.0,225,2026-08-03T05:10:09.838609+00:00,0.0299,24.0,False,True,False,fanduel,2026-08-03T05:08:22.253Z,0.0299,False,eb04f5b019c1b346bcd2837f96c5ab73b871831eee63f9bff614e1419740f313
sports_game_odds,20260803T051009Z-f34e0721,i2sZpNIJTUwvNYL1CBN4,g12,401856776,1,1,Colorado,Georgia Tech,draftkings,moneyline,away,,210,True,False,2026-08-03T05:08:22.214Z,235.0,235,2026-08-03T05:10:09.838609+00:00,0.0299,24.0,False,True,False,draftkings,2026-08-03T05:08:22.214Z,0.0299,False,5f7e124d4ccd466b7f88cc9cbd18927eac1e48859b3ae9981e4291a64fb07173
sports_game_odds,20260803T051009Z-f34e0721,i2sZpNIJTUwvNYL1CBN4,g12,401856776,1,1,Colorado,Georgia Tech,caesars,moneyline,away,,215,True,False,2026-08-03T05:08:12.000Z,230.0,230,2026-08-03T05:10:09.838609+00:00,0.0327,24.0,False,True,False,caesars,2026-08-03T05:08:12.000Z,0.0327,False,9e41093dac68b53eee73a7cfd85e717be660b3362ce592f8ad055c512d4f376b
sports_game_odds,20260803T051009Z-f34e0721,i2sZpNIJTUwvNYL1CBN4,g12,401856776,1,1,Colorado,Georgia Tech,bovada,moneyline,away,,215,True,False,2026-08-03T05:08:22.000Z,240.0,240,2026-08-03T05:10:09.838609+00:00,0.03,24.0,False,True,False,bovada,2026-08-03T05:08:22.000Z,0.03,False,9b8235ff242f960262505b00d5530277523401cb9510eac79b82e40c56293400
sports_game_odds,20260803T051009Z-f34e0721,i2sZpNIJTUwvNYL1CBN4,g12,401856776,1,1,Colorado,Georgia Tech,betmgm,moneyline,away,,220,True,False,2026-08-03T05:08:17.000Z,220.0,220,2026-08-03T05:10:09.838609+00:00,0.0313,24.0,False,True,False,betmgm,2026-08-03T05:08:17.000Z,0.0313,False,ad8dac3d8a16351d7089f985ca40d43ab7a0b5595a9cae35454e012a61aa35a3
sports_game_odds,20260803T051009Z-f34e0721,i2sZpNIJTUwvNYL1CBN4,g12,401856776,1,1,Colorado,Georgia Tech,fanduel,moneyline,home,,-250,True,False,2026-08-03T05:08:22.253Z,-280.0,-280,2026-08-03T05:10:09.838609+00:00,0.0299,24.0,False,True,False,fanduel,2026-08-03T05:08:22.253Z,0.0299,False,c907bf6f34167d498ae31da90bccfbca8bfd8f7c8f8fecc54f2fd4f38df47b39
sports_game_odds,20260803T051009Z-f34e0721,i2sZpNIJTUwvNYL1CBN4,g12,401856776,1,1,Colorado,Georgia Tech,draftkings,moneyline,home,,-258,True,False,2026-08-03T05:08:22.214Z,-290.0,-290,2026-08-03T05:10:09.838609+00:00,0.0299,24.0,False,True,False,draftkings,2026-08-03T05:08:22.214Z,0.0299,False,972c421b57d71ff3caeb3d55e53e1567a127857018061193eb347709d522433f
sports_game_odds,20260803T051009Z-f34e0721,i2sZpNIJTUwvNYL1CBN4,g12,401856776,1,1,Colorado,Georgia Tech,caesars,moneyline,home,,-265,True,False,2026-08-03T05:08:12.000Z,-290.0,-290,2026-08-03T05:10:09.838609+00:00,0.0327,24.0,False,True,False,caesars,2026-08-03T05:08:12.000Z,0.0327,False,7f062cdab3fdf6a5027d52cc60181a6f9aedf60457b0cdedc4e1b51e959e719f
sports_game_odds,20260803T051009Z-f34e0721,i2sZpNIJTUwvNYL1CBN4,g12,401856776,1,1,Colorado,Georgia Tech,bovada,moneyline,home,,-260,True,False,2026-08-03T05:08:22.000Z,-290.0,-290,2026-08-03T05:10:09.838609+00:00,0.03,24.0,False,True,False,bovada,2026-08-03T05:08:22.000Z,0.03,False,2d2d4a02b5bfcd4382b7f5f9e9f7978f8bba2927fafc76e75231894ddcbe833a
sports_game_odds,20260803T051009Z-f34e0721,i2sZpNIJTUwvNYL1CBN4,g12,401856776,1,1,Colorado,Georgia Tech,betmgm,moneyline,home,,-275,True,False,2026-08-03T05:08:17.000Z,-275.0,-275,2026-08-03T05:10:09.838609+00:00,0.0313,24.0,False,True,False,betmgm,2026-08-03T05:08:17.000Z,0.0313,False,61b88d8ecaa7f248b5b47debff317d7a267cf6c3530e1178156186404f131f63
sports_game_odds,20260803T051009Z-f34e0721,BKDm2qvNPYjNHWcGfcmd,g17,401856768,1,1,Idaho,Utah,fanduel,spread,away,34.5,-110,True,False,2026-08-03T05:08:22.253Z,35.5,-108,2026-08-03T05:10:09.838609+00:00,0.0299,24.0,False,True,False,fanduel,2026-08-03T05:08:22.253Z,0.0299,False,c51ed4163cbfcee94ffe1003338c65d874a04fdebcb0a2906e617f089fc78e40
sports_game_odds,20260803T051009Z-f34e0721,BKDm2qvNPYjNHWcGfcmd,g17,401856768,1,1,Idaho,Utah,fanduel,spread,home,-34.5,-110,True,False,2026-08-03T05:08:22.253Z,-35.5,-112,2026-08-03T05:10:09.838609+00:00,0.0299,24.0,False,True,False,fanduel,2026-08-03T05:08:22.253Z,0.0299,False,ac67ee2fcb0016b8a0a00026a9e782823a89aced4d49d6037271e1c40757e878
sports_game_odds,20260803T051009Z-f34e0721,BKDm2qvNPYjNHWcGfcmd,g17,401856768,1,1,Idaho,Utah,fanduel,total,over,57.5,-110,True,False,2026-08-03T05:08:22.253Z,56.5,-110,2026-08-03T05:10:09.838609+00:00,0.0299,24.0,False,True,False,fanduel,2026-08-03T05:08:22.253Z,0.0299,False,d5771fca797f69b4d69778b613a76a20a26b4aea258cff7faca3651d22d12956
sports_game_odds,20260803T051009Z-f34e0721,BKDm2qvNPYjNHWcGfcmd,g17,401856768,1,1,Idaho,Utah,fanduel,total,under,57.5,-110,True,False,2026-08-03T05:08:22.253Z,56.5,-110,2026-08-03T05:10:09.838609+00:00,0.0299,24.0,False,True,False,fanduel,2026-08-03T05:08:22.253Z,0.0299,False,f10812ce5e406c600e5673abd5f9ded8102d48fb13c7de519bacb9246b9fd527
sports_game_odds,20260803T051009Z-f34e0721,BKDm2qvNPYjNHWcGfcmd,g17,401856768,1,1,Idaho,Utah,fanduel,moneyline,away,,4000,True,False,2026-08-03T05:08:22.253Z,6500.0,6500,2026-08-03T05:10:09.838609+00:00,0.0299,24.0,False,True,False,fanduel,2026-08-03T05:08:22.253Z,0.0299,False,070abc73b4e46c61478e1506a0c8cb47242e2acd6b05adfc9682ac18c18e332d
sports_game_odds,20260803T051009Z-f34e0721,BKDm2qvNPYjNHWcGfcmd,g17,401856768,1,1,Idaho,Utah,fanduel,moneyline,home,,-30000,True,False,2026-08-03T05:08:22.253Z,-100000.0,-100000,2026-08-03T05:10:09.838609+00:00,0.0299,24.0,False,True,False,fanduel,2026-08-03T05:08:22.253Z,0.0299,False,a04643bb469554e503173054d1c007ff01f9880a5f7e1f6a2278abfea36bba12
sports_game_odds,20260803T051009Z-f34e0721,tfs8VIXkQrSg2WwKbljD,g19,401864495,1,1,San Jose State,Eastern Michigan,fanduel,spread,away,4.5,-110,True,False,2026-08-03T05:08:22.253Z,3.5,-114,2026-08-03T05:10:09.838609+00:00,0.0299,24.0,False,True,False,fanduel,2026-08-03T05:08:22.253Z,0.0299,False,7cb90ce5300ea9a5b0dc63857d90ab6e4410936edea6f40b154f50828634fe54
sports_game_odds,20260803T051009Z-f34e0721,tfs8VIXkQrSg2WwKbljD,g19,401864495,1,1,San Jose State,Eastern Michigan,draftkings,spread,away,4.0,-110,True,False,2026-08-03T05:08:22.214Z,4.0,-115,2026-08-03T05:10:09.838609+00:00,0.0299,24.0,False,True,False,draftkings,2026-08-03T05:08:22.214Z,0.0299,False,98b1c631453ce656cb3d1860581cf69bdff8dab9d8e248d18308e28de514808a
sports_game_odds,20260803T051009Z-f34e0721,tfs8VIXkQrSg2WwKbljD,g19,401864495,1,1,San Jose State,Eastern Michigan,caesars,spread,away,4.5,-110,True,False,2026-08-03T05:08:12.000Z,4.5,-114,2026-08-03T05:10:09.838609+00:00,0.0327,24.0,False,True,False,caesars,2026-08-03T05:08:12.000Z,0.0327,False,99287f97aa6b3631210067c32852f2575099071696e5e29b33346f6ec96d8fac
sports_game_odds,20260803T051009Z-f34e0721,tfs8VIXkQrSg2WwKbljD,g19,401864495,1,1,San Jose State,Eastern Michigan,bovada,spread,away,4.0,-110,True,False,2026-08-03T05:08:22.000Z,4.0,-115,2026-08-03T05:10:09.838609+00:00,0.03,24.0,False,True,False,bovada,2026-08-03T05:08:22.000Z,0.03,False,cd07073fe5872ae752d8d16851c28e887bebf14e256ba3f88b80841523b4b089
sports_game_odds,20260803T051009Z-f34e0721,tfs8VIXkQrSg2WwKbljD,g19,401864495,1,1,San Jose State,Eastern Michigan,betmgm,spread,away,4.5,-110,True,False,2026-08-03T05:08:17.000Z,4.5,-115,2026-08-03T05:10:09.838609+00:00,0.0313,24.0,False,True,False,betmgm,2026-08-03T05:08:17.000Z,0.0313,False,121583641831f681864f4dc5e5c1e33be4515bba2fa54ddb0aa7be73cc75e9b4
sports_game_odds,20260803T051009Z-f34e0721,tfs8VIXkQrSg2WwKbljD,g19,401864495,1,1,San Jose State,Eastern Michigan,fanduel,spread,home,-4.5,-110,True,False,2026-08-03T05:08:22.253Z,-3.5,-106,2026-08-03T05:10:09.838609+00:00,0.0299,24.0,False,True,False,fanduel,2026-08-03T05:08:22.253Z,0.0299,False,f22bde0afd8bb6c65e0a114eacfdef81f7a1551f8bf4ac2ea090a81c5d7eed14
sports_game_odds,20260803T051009Z-f34e0721,tfs8VIXkQrSg2WwKbljD,g19,401864495,1,1,San Jose State,Eastern Michigan,draftkings,spread,home,-4.0,-110,True,False,2026-08-03T05:08:22.214Z,-4.0,-105,2026-08-03T05:10:09.838609+00:00,0.0299,24.0,False,True,False,draftkings,2026-08-03T05:08:22.214Z,0.0299,False,0eb98732a2c60e6fd2bbc0f76efac3dee0c81fdee88d5850afb4bdb8e440f2a5
sports_game_odds,20260803T051009Z-f34e0721,tfs8VIXkQrSg2WwKbljD,g19,401864495,1,1,San Jose State,Eastern Michigan,caesars,spread,home,-4.5,-109,True,False,2026-08-03T05:08:12.000Z,-4.5,-106,2026-08-03T05:10:09.838609+00:00,0.0327,24.0,False,True,False,caesars,2026-08-03T05:08:12.000Z,0.0327,False,5e4704e6f2bbbdfb6882c9324822b915ad6dd1e8228b74076120ab82ed789cf2
sports_game_odds,20260803T051009Z-f34e0721,tfs8VIXkQrSg2WwKbljD,g19,401864495,1,1,San Jose State,Eastern Michigan,bovada,spread,home,-4.0,-110,True,False,2026-08-03T05:08:22.000Z,-4.0,-105,2026-08-03T05:10:09.838609+00:00,0.03,24.0,False,True,False,bovada,2026-08-03T05:08:22.000Z,0.03,False,0d8dd79ab41aaaee3cdbec7d7055b4095276a26fdb2c7ba171b11a0eecb32b9a
sports_game_odds,20260803T051009Z-f34e0721,tfs8VIXkQrSg2WwKbljD,g19,401864495,1,1,San Jose State,Eastern Michigan,betmgm,spread,home,-4.5,-110,True,False,2026-08-03T05:08:17.000Z,-4.5,-105,2026-08-03T05:10:09.838609+00:00,0.0313,24.0,False,True,False,betmgm,2026-08-03T05:08:17.000Z,0.0313,False,2a735316c1f7b7ac6c68900cb3898509a14ab3a32b189a3a0e6b9207ed11dfb7
sports_game_odds,20260803T051009Z-f34e0721,tfs8VIXkQrSg2WwKbljD,g19,401864495,1,1,San Jose State,Eastern Michigan,fanduel,total,over,54.5,-110,True,False,2026-08-03T05:08:22.253Z,54.5,-110,2026-08-03T05:10:09.838609+00:00,0.0299,24.0,False,True,False,fanduel,2026-08-03T05:08:22.253Z,0.0299,False,58098c5d691442206db085d9f1b9596588ab2ec3a9dc9e75703273259938a9bb
sports_game_odds,20260803T051009Z-f34e0721,tfs8VIXkQrSg2WwKbljD,g19,401864495,1,1,San Jose State,Eastern Michigan,draftkings,total,over,53.5,-110,False,False,2026-07-20T20:08:00.684Z,53.5,-115,2026-08-03T05:10:09.838609+00:00,321.0359,24.0,True,False,False,draftkings,2026-07-20T20:08:00.684Z,321.0359,True,3d286e5a9f685ab400bd582443bc300edb348b3b11de6d2abc7c1b4c8e68f9f6
sports_game_odds,20260803T051009Z-f34e0721,tfs8VIXkQrSg2WwKbljD,g19,401864495,1,1,San Jose State,Eastern Michigan,bovada,total,over,53.5,-110,False,False,2026-07-20T20:11:20.139Z,53.5,-115,2026-08-03T05:10:09.838609+00:00,320.9805,24.0,True,False,False,bovada,2026-07-20T20:11:20.139Z,320.9805,True,116e9ba8054b1245be28fa8a85c9e1c7ee7ffb4cf18245295db383c90b6c1adc
sports_game_odds,20260803T051009Z-f34e0721,tfs8VIXkQrSg2WwKbljD,g19,401864495,1,1,San Jose State,Eastern Michigan,caesars,total,over,53.5,-117,True,False,2026-08-03T05:08:12.000Z,53.5,-114,2026-08-03T05:10:09.838609+00:00,0.0327,24.0,False,True,False,caesars,2026-08-03T05:08:12.000Z,0.0327,False,7b25faee17ac8bb460151294eb2147f22891f0e56cbf43b48253b60876608e65
sports_game_odds,20260803T051009Z-f34e0721,tfs8VIXkQrSg2WwKbljD,g19,401864495,1,1,San Jose State,Eastern Michigan,betmgm,total,over,53.5,-110,True,False,2026-08-03T05:08:17.000Z,53.5,-110,2026-08-03T05:10:09.838609+00:00,0.0313,24.0,False,True,False,betmgm,2026-08-03T05:08:17.000Z,0.0313,False,ecf8c93689a0874f7b225eb2f74163e5fa8e779d49a77c6654072a62b307ff2b
sports_game_odds,20260803T051009Z-f34e0721,tfs8VIXkQrSg2WwKbljD,g19,401864495,1,1,San Jose State,Eastern Michigan,fanduel,total,under,54.5,-110,True,False,2026-08-03T05:08:22.253Z,54.5,-110,2026-08-03T05:10:09.838609+00:00,0.0299,24.0,False,True,False,fanduel,2026-08-03T05:08:22.253Z,0.0299,False,2ad4299d5b0fe4441a73e0429ca21de7c8bf04a000ffdad807b4e289a0033b45
sports_game_odds,20260803T051009Z-f34e0721,tfs8VIXkQrSg2WwKbljD,g19,401864495,1,1,San Jose State,Eastern Michigan,draftkings,total,under,53.5,-110,False,False,2026-07-20T20:08:00.684Z,53.5,-105,2026-08-03T05:10:09.838609+00:00,321.0359,24.0,True,False,False,draftkings,2026-07-20T20:08:00.684Z,321.0359,True,7d2fde3c9f18aa27fe9afc7d08335bb7e6eb8d7bc888f8ebc211836e123fead0
sports_game_odds,20260803T051009Z-f34e0721,tfs8VIXkQrSg2WwKbljD,g19,401864495,1,1,San Jose State,Eastern Michigan,bovada,total,under,53.5,-110,False,False,2026-07-20T20:11:20.139Z,53.5,-105,2026-08-03T05:10:09.838609+00:00,320.9805,24.0,True,False,False,bovada,2026-07-20T20:11:20.139Z,320.9805,True,898e7af9ea8f29b3ad5491a5c5d6c6e221e82faa01ea8dd62e900db18ad108df
sports_game_odds,20260803T051009Z-f34e0721,tfs8VIXkQrSg2WwKbljD,g19,401864495,1,1,San Jose State,Eastern Michigan,caesars,total,under,53.5,-104,True,False,2026-08-03T05:08:12.000Z,53.5,-106,2026-08-03T05:10:09.838609+00:00,0.0327,24.0,False,True,False,caesars,2026-08-03T05:08:12.000Z,0.0327,False,d921af9fe9335619d10e649b2a0c590ff20bcd2ecafcaed816b87cab6b216a9d
sports_game_odds,20260803T051009Z-f34e0721,tfs8VIXkQrSg2WwKbljD,g19,401864495,1,1,San Jose State,Eastern Michigan,betmgm,total,under,53.5,-110,True,False,2026-08-03T05:08:17.000Z,53.5,-110,2026-08-03T05:10:09.838609+00:00,0.0313,24.0,False,True,False,betmgm,2026-08-03T05:08:17.000Z,0.0313,False,feeb0f7a99edbe27e9fe890ca0be5dbff81622605c9761869bef25ae1466111e
sports_game_odds,20260803T051009Z-f34e0721,tfs8VIXkQrSg2WwKbljD,g19,401864495,1,1,San Jose State,Eastern Michigan,fanduel,moneyline,away,,158,True,False,2026-08-03T05:08:22.253Z,136.0,136,2026-08-03T05:10:09.838609+00:00,0.0299,24.0,False,True,False,fanduel,2026-08-03T05:08:22.253Z,0.0299,False,cff77aa05ff11b5d695a5f6c500f63f486f713b0afef2402bcfb760abafa42ca
sports_game_odds,20260803T051009Z-f34e0721,tfs8VIXkQrSg2WwKbljD,g19,401864495,1,1,San Jose State,Eastern Michigan,draftkings,moneyline,away,,160,True,False,2026-08-03T05:08:22.214Z,140.0,140,2026-08-03T05:10:09.838609+00:00,0.0299,24.0,False,True,False,draftkings,2026-08-03T05:08:22.214Z,0.0299,False,3d22231b02274be029f7908b4c60a68ae399744b42ecff31dc9dd8c61358385b
sports_game_odds,20260803T051009Z-f34e0721,tfs8VIXkQrSg2WwKbljD,g19,401864495,1,1,San Jose State,Eastern Michigan,caesars,moneyline,away,,161,True,False,2026-08-03T05:08:12.000Z,137.0,137,2026-08-03T05:10:09.838609+00:00,0.0327,24.0,False,True,False,caesars,2026-08-03T05:08:12.000Z,0.0327,False,62f76c95fd7dd36802d2a9c31e4784eede136fbe38a1ae252f0f5771f675f6d0
sports_game_odds,20260803T051009Z-f34e0721,tfs8VIXkQrSg2WwKbljD,g19,401864495,1,1,San Jose State,Eastern Michigan,bovada,moneyline,away,,165,True,False,2026-08-03T05:08:22.000Z,140.0,140,2026-08-03T05:10:09.838609+00:00,0.03,24.0,False,True,False,bovada,2026-08-03T05:08:22.000Z,0.03,False,a42eb99cf53864191a79b786708c8c1e4d4ba673db6c2f74d672bddc079e7941
sports_game_odds,20260803T051009Z-f34e0721,tfs8VIXkQrSg2WwKbljD,g19,401864495,1,1,San Jose State,Eastern Michigan,betmgm,moneyline,away,,165,True,False,2026-08-03T05:08:17.000Z,165.0,165,2026-08-03T05:10:09.838609+00:00,0.0313,24.0,False,True,False,betmgm,2026-08-03T05:08:17.000Z,0.0313,False,86d4a084f35cc51ad82689575b3c6e4af147ffaaffe13ddd2b68dc489d423514
sports_game_odds,20260803T051009Z-f34e0721,tfs8VIXkQrSg2WwKbljD,g19,401864495,1,1,San Jose State,Eastern Michigan,fanduel,moneyline,home,,-192,True,False,2026-08-03T05:08:22.253Z,-164.0,-164,2026-08-03T05:10:09.838609+00:00,0.0299,24.0,False,True,False,fanduel,2026-08-03T05:08:22.253Z,0.0299,False,990ed4887d50db6c31541d2d1a5d138abdb463175a8d454fdc7f3d0118082e45
sports_game_odds,20260803T051009Z-f34e0721,tfs8VIXkQrSg2WwKbljD,g19,401864495,1,1,San Jose State,Eastern Michigan,draftkings,moneyline,home,,-192,True,False,2026-08-03T05:08:22.214Z,-166.0,-166,2026-08-03T05:10:09.838609+00:00,0.0299,24.0,False,True,False,draftkings,2026-08-03T05:08:22.214Z,0.0299,False,b15617322d912bd2e76130f785a8d6b30d9f8d3b358e8ddc4775913e419d0cf2
sports_game_odds,20260803T051009Z-f34e0721,tfs8VIXkQrSg2WwKbljD,g19,401864495,1,1,San Jose State,Eastern Michigan,caesars,moneyline,home,,-193,True,False,2026-08-03T05:08:12.000Z,-164.0,-164,2026-08-03T05:10:09.838609+00:00,0.0327,24.0,False,True,False,caesars,2026-08-03T05:08:12.000Z,0.0327,False,46d71ebd8df0e9d8b53b707ac0b17f633af2b8a74d744467ac0d85c70224a709
sports_game_odds,20260803T051009Z-f34e0721,tfs8VIXkQrSg2WwKbljD,g19,401864495,1,1,San Jose State,Eastern Michigan,bovada,moneyline,home,,-195,True,False,2026-08-03T05:08:22.000Z,-165.0,-165,2026-08-03T05:10:09.838609+00:00,0.03,24.0,False,True,False,bovada,2026-08-03T05:08:22.000Z,0.03,False,ed70293dea7cceb671be2ceab3622735702af045bdffd1d4a864ae6dd3bbe99b
sports_game_odds,20260803T051009Z-f34e0721,tfs8VIXkQrSg2WwKbljD,g19,401864495,1,1,San Jose State,Eastern Michigan,betmgm,moneyline,home,,-200,True,False,2026-08-03T05:08:17.000Z,-200.0,-200,2026-08-03T05:10:09.838609+00:00,0.0313,24.0,False,True,False,betmgm,2026-08-03T05:08:17.000Z,0.0313,False,2f338a78f16cfc69d572e05d688f3ab09fb812582924ff2ac572c72e433d1cff
sports_game_odds,20260803T051009Z-f34e0721,Sn9lSY6Vl6nL6uMM3dCa,g20,401866623,1,1,North Carolina A&T,Georgia State,fanduel,spread,away,27.5,-110,True,False,2026-08-03T05:08:22.253Z,26.5,-105,2026-08-03T05:10:09.838609+00:00,0.0299,24.0,False,True,False,fanduel,2026-08-03T05:08:22.253Z,0.0299,False,504a588261cdf541e79dd1b1522648d126169955666c4e5925b5bffbf89bf16b
sports_game_odds,20260803T051009Z-f34e0721,Sn9lSY6Vl6nL6uMM3dCa,g20,401866623,1,1,North Carolina A&T,Georgia State,fanduel,spread,home,-27.5,-110,True,False,2026-08-03T05:08:22.253Z,-26.5,-115,2026-08-03T05:10:09.838609+00:00,0.0299,24.0,False,True,False,fanduel,2026-08-03T05:08:22.253Z,0.0299,False,2b9fbd0bd5decca5f4fc4dc60036409bfe1bc0439270a3b7fb1a87ffc61092f2
sports_game_odds,20260803T051009Z-f34e0721,Sn9lSY6Vl6nL6uMM3dCa,g20,401866623,1,1,North Carolina A&T,Georgia State,fanduel,total,over,58.5,-110,True,False,2026-08-03T05:08:22.253Z,54.5,-115,2026-08-03T05:10:09.838609+00:00,0.0299,24.0,False,True,False,fanduel,2026-08-03T05:08:22.253Z,0.0299,False,dbb19ec6fd229c23122ba97f26c8469964522987a6d264c41d95f427446cc84f
sports_game_odds,20260803T051009Z-f34e0721,Sn9lSY6Vl6nL6uMM3dCa,g20,401866623,1,1,North Carolina A&T,Georgia State,fanduel,total,under,58.5,-110,True,False,2026-08-03T05:08:22.253Z,54.5,-105,2026-08-03T05:10:09.838609+00:00,0.0299,24.0,False,True,False,fanduel,2026-08-03T05:08:22.253Z,0.0299,False,8a5ccd46f3e5e0084b74909fa0d7f3658ca043ec1363bcac1a870457b3c5e436
sports_game_odds,20260803T051009Z-f34e0721,Sn9lSY6Vl6nL6uMM3dCa,g20,401866623,1,1,North Carolina A&T,Georgia State,fanduel,moneyline,away,,1600,True,False,2026-08-03T05:08:22.253Z,1600.0,1600,2026-08-03T05:10:09.838609+00:00,0.0299,24.0,False,True,False,fanduel,2026-08-03T05:08:22.253Z,0.0299,False,6a60c6e68fc744e2f294c7a97d09d6b89665181bdec4b73216ad5034ec811afa
sports_game_odds,20260803T051009Z-f34e0721,Sn9lSY6Vl6nL6uMM3dCa,g20,401866623,1,1,North Carolina A&T,Georgia State,fanduel,moneyline,home,,-4500,True,False,2026-08-03T05:08:22.253Z,-4500.0,-4500,2026-08-03T05:10:09.838609+00:00,0.0299,24.0,False,True,False,fanduel,2026-08-03T05:08:22.253Z,0.0299,False,958a430f59f0dd3192e5eecbb2dfe7d63a2af8bdcb313697389bd5704b0b4ed7
sports_game_odds,20260803T051009Z-f34e0721,qLAmI3fBIsxh2bjBe4xb,g74,401858435,1,1,Indiana State,Purdue,fanduel,spread,away,35.5,-108,True,False,2026-08-03T05:08:22.253Z,28.5,-110,2026-08-03T05:10:09.838609+00:00,0.0299,24.0,False,True,False,fanduel,2026-08-03T05:08:22.253Z,0.0299,False,f86cb09a7b213d5a95a10ec50db29a5396ffd7bee688ba18ae9529e780e2bbcb
sports_game_odds,20260803T051009Z-f34e0721,qLAmI3fBIsxh2bjBe4xb,g74,401858435,1,1,Indiana State,Purdue,fanduel,spread,home,-35.5,-112,True,False,2026-08-03T05:08:22.253Z,-28.5,-110,2026-08-03T05:10:09.838609+00:00,0.0299,24.0,False,True,False,fanduel,2026-08-03T05:08:22.253Z,0.0299,False,84918586ba2fdb9dded16f30893dfb48fa8faa2b0366605ebd2b20d1581df5f4
sports_game_odds,20260803T051009Z-f34e0721,qLAmI3fBIsxh2bjBe4xb,g74,401858435,1,1,Indiana State,Purdue,fanduel,total,over,57.5,-110,True,False,2026-08-03T05:08:22.253Z,56.5,-110,2026-08-03T05:10:09.838609+00:00,0.0299,24.0,False,True,False,fanduel,2026-08-03T05:08:22.253Z,0.0299,False,1e99b6f0d7443e47c4263da4e34a29de0530f029ba8bd660f9756c82d0e69feb
sports_game_odds,20260803T051009Z-f34e0721,qLAmI3fBIsxh2bjBe4xb,g74,401858435,1,1,Indiana State,Purdue,fanduel,total,under,57.5,-110,True,False,2026-08-03T05:08:22.253Z,56.5,-110,2026-08-03T05:10:09.838609+00:00,0.0299,24.0,False,True,False,fanduel,2026-08-03T05:08:22.253Z,0.0299,False,6bacff9170538b20450eddd9be8586318910d95e858ba53cd38dcb4e192a5656
sports_game_odds,20260803T051009Z-f34e0721,qLAmI3fBIsxh2bjBe4xb,g74,401858435,1,1,Indiana State,Purdue,fanduel,moneyline,away,,6500,True,False,2026-08-03T05:08:22.253Z,2200.0,2200,2026-08-03T05:10:09.838609+00:00,0.0299,24.0,False,True,False,fanduel,2026-08-03T05:08:22.253Z,0.0299,False,b9beb50278214ba4dce1d62d024f398ee4d5f52e5f05d22aa98c16decae56aac
sports_game_odds,20260803T051009Z-f34e0721,qLAmI3fBIsxh2bjBe4xb,g74,401858435,1,1,Indiana State,Purdue,fanduel,moneyline,home,,-30000,False,False,2026-08-03T05:08:04.700Z,-8000.0,-8000,2026-08-03T05:10:09.838609+00:00,0.0348,24.0,False,False,False,fanduel,2026-08-03T05:08:04.700Z,0.0348,False,5d2090f99b2314c5e40e8503fd39499437081ac65392f3b617a045e799252b73
sports_game_odds,20260803T051009Z-f34e0721,8Uz5w2S0U0bhj4DPHLLy,g21,401856769,1,1,LIU,Kansas,fanduel,spread,away,40.5,-115,True,False,2026-08-03T05:08:22.253Z,40.5,-112,2026-08-03T05:10:09.838609+00:00,0.0299,24.0,False,True,False,fanduel,2026-08-03T05:08:22.253Z,0.0299,False,1ee8a2125ad6a889dcaf7ca265500aae47a09eceaf5c44a1258d9b853975e45d
sports_game_odds,20260803T051009Z-f34e0721,8Uz5w2S0U0bhj4DPHLLy,g21,401856769,1,1,LIU,Kansas,fanduel,spread,home,-40.5,-105,True,False,2026-08-03T05:08:22.253Z,-40.5,-108,2026-08-03T05:10:09.838609+00:00,0.0299,24.0,False,True,False,fanduel,2026-08-03T05:08:22.253Z,0.0299,False,94e2d0b26c355c2dabb2b243469598033f80dce6df6a5126aad79d6f0d881554
sports_game_odds,20260803T051009Z-f34e0721,8Uz5w2S0U0bhj4DPHLLy,g21,401856769,1,1,LIU,Kansas,fanduel,total,over,52.5,-110,True,False,2026-08-03T05:08:22.253Z,52.5,-110,2026-08-03T05:10:09.838609+00:00,0.0299,24.0,False,True,False,fanduel,2026-08-03T05:08:22.253Z,0.0299,False,17bc72a60fc559712fb3f8f699a19153b26a0957055fc9ccbe596476faeae0e6
sports_game_odds,20260803T051009Z-f34e0721,8Uz5w2S0U0bhj4DPHLLy,g21,401856769,1,1,LIU,Kansas,fanduel,total,under,52.5,-110,True,False,2026-08-03T05:08:22.253Z,52.5,-110,2026-08-03T05:10:09.838609+00:00,0.0299,24.0,False,True,False,fanduel,2026-08-03T05:08:22.253Z,0.0299,False,1b2b44bb78439e0a0d673c915ac99390a395b83ecb3f4acd0c9317ddf3e9a2c5
sports_game_odds,20260803T051009Z-f34e0721,K9AlGiLXhMvLjbIsjbMv,g69,401856664,1,1,UTEP,Oklahoma,fanduel,spread,away,39.5,-105,True,False,2026-08-03T05:08:22.253Z,39.5,-105,2026-08-03T05:10:09.838609+00:00,0.0299,24.0,False,True,False,fanduel,2026-08-03T05:08:22.253Z,0.0299,False,6f91ba77ff9fb5f8fcbcb5a51962971822da9ecc161b64513c53c0e3a9932b74
sports_game_odds,20260803T051009Z-f34e0721,K9AlGiLXhMvLjbIsjbMv,g69,401856664,1,1,UTEP,Oklahoma,draftkings,spread,away,40.5,-112,True,False,2026-08-03T05:08:22.214Z,40.5,-108,2026-08-03T05:10:09.838609+00:00,0.0299,24.0,False,True,False,draftkings,2026-08-03T05:08:22.214Z,0.0299,False,deb00d374ad38c3f66d6a616323a76fc24fc6d4e502f71d62f1e3446452e74fa
sports_game_odds,20260803T051009Z-f34e0721,K9AlGiLXhMvLjbIsjbMv,g69,401856664,1,1,UTEP,Oklahoma,caesars,spread,away,40.5,-109,True,False,2026-08-03T05:08:12.000Z,40.5,-113,2026-08-03T05:10:09.838609+00:00,0.0327,24.0,False,True,False,caesars,2026-08-03T05:08:12.000Z,0.0327,False,1d04b866157ed09830314afa08fec8743a09f5f703576ea9e3bde5ec7e7f19f2
sports_game_odds,20260803T051009Z-f34e0721,K9AlGiLXhMvLjbIsjbMv,g69,401856664,1,1,UTEP,Oklahoma,bovada,spread,away,40.5,-110,True,False,2026-08-03T05:08:22.000Z,40.5,-110,2026-08-03T05:10:09.838609+00:00,0.03,24.0,False,True,False,bovada,2026-08-03T05:08:22.000Z,0.03,False,310c677dc27bfe3f646e8c6136cd65d763cc838ab167129af0dc43ea96fcf13c
sports_game_odds,20260803T051009Z-f34e0721,K9AlGiLXhMvLjbIsjbMv,g69,401856664,1,1,UTEP,Oklahoma,betmgm,spread,away,40.5,-110,True,False,2026-08-03T05:08:17.000Z,40.5,-110,2026-08-03T05:10:09.838609+00:00,0.0313,24.0,False,True,False,betmgm,2026-08-03T05:08:17.000Z,0.0313,False,47fc0bcc0f12874058dc9d1c64a5bb87b180cf3343423a73eef59a7d2f491461
sports_game_odds,20260803T051009Z-f34e0721,K9AlGiLXhMvLjbIsjbMv,g69,401856664,1,1,UTEP,Oklahoma,fanduel,spread,home,-39.5,-115,True,False,2026-08-03T05:08:22.253Z,-39.5,-115,2026-08-03T05:10:09.838609+00:00,0.0299,24.0,False,True,False,fanduel,2026-08-03T05:08:22.253Z,0.0299,False,40c2ef0e346264f02dff2c0741f2734c3c2e2055425b5c889f13788d1013e770
sports_game_odds,20260803T051009Z-f34e0721,K9AlGiLXhMvLjbIsjbMv,g69,401856664,1,1,UTEP,Oklahoma,draftkings,spread,home,-40.5,-108,True,False,2026-08-03T05:08:22.214Z,-40.5,-112,2026-08-03T05:10:09.838609+00:00,0.0299,24.0,False,True,False,draftkings,2026-08-03T05:08:22.214Z,0.0299,False,12a4eef3a822665310215a8f1f8d6905474dcce892444708f76e6e24e710897c
sports_game_odds,20260803T051009Z-f34e0721,K9AlGiLXhMvLjbIsjbMv,g69,401856664,1,1,UTEP,Oklahoma,caesars,spread,home,-40.5,-110,True,False,2026-08-03T05:08:12.000Z,-40.5,-107,2026-08-03T05:10:09.838609+00:00,0.0327,24.0,False,True,False,caesars,2026-08-03T05:08:12.000Z,0.0327,False,005e55acb8a1dd93cbec7c3fa1a6e2d095e813bc3504caa0f0299aa39b56fa6e
sports_game_odds,20260803T051009Z-f34e0721,K9AlGiLXhMvLjbIsjbMv,g69,401856664,1,1,UTEP,Oklahoma,bovada,spread,home,-40.5,-110,True,False,2026-08-03T05:08:22.000Z,-40.5,-110,2026-08-03T05:10:09.838609+00:00,0.03,24.0,False,True,False,bovada,2026-08-03T05:08:22.000Z,0.03,False,4d36790e9ba9262ac1432249b1d5899a559d250e9379c9af7d61f33d7820e4eb
sports_game_odds,20260803T051009Z-f34e0721,K9AlGiLXhMvLjbIsjbMv,g69,401856664,1,1,UTEP,Oklahoma,betmgm,spread,home,-40.5,-110,True,False,2026-08-03T05:08:17.000Z,-40.5,-110,2026-08-03T05:10:09.838609+00:00,0.0313,24.0,False,True,False,betmgm,2026-08-03T05:08:17.000Z,0.0313,False,b929dc0d88ccdb49a28eb7e7af5d1099e63fd3915105cf9e9d79b0586af6656c
sports_game_odds,20260803T051009Z-f34e0721,K9AlGiLXhMvLjbIsjbMv,g69,401856664,1,1,UTEP,Oklahoma,fanduel,total,over,49.5,-114,True,False,2026-08-03T05:08:22.253Z,49.5,-114,2026-08-03T05:10:09.838609+00:00,0.0299,24.0,False,True,False,fanduel,2026-08-03T05:08:22.253Z,0.0299,False,a3edee686f3263b3bf2f23b5e6ad7c4db6880f27d9f2c56a53d2393d8a966ce0
sports_game_odds,20260803T051009Z-f34e0721,K9AlGiLXhMvLjbIsjbMv,g69,401856664,1,1,UTEP,Oklahoma,draftkings,total,over,50.5,-110,False,False,2026-07-20T20:23:51.096Z,50.5,-105,2026-08-03T05:10:09.838609+00:00,320.7719,24.0,True,False,False,draftkings,2026-07-20T20:23:51.096Z,320.7719,True,02a1298b27d9f466dc8c9c25f8da8fc301c5b1371e2bf127077ff3c93459412e
sports_game_odds,20260803T051009Z-f34e0721,K9AlGiLXhMvLjbIsjbMv,g69,401856664,1,1,UTEP,Oklahoma,caesars,total,over,50.5,-105,False,False,2026-08-02T16:59:34.000Z,50.5,-106,2026-08-03T05:10:09.838609+00:00,12.1766,24.0,False,False,False,caesars,2026-08-02T16:59:34.000Z,12.1766,False,66cd1212ef28510ff070764ed8371f09ff397bdec37909bb18a748896f5cf63e
sports_game_odds,20260803T051009Z-f34e0721,K9AlGiLXhMvLjbIsjbMv,g69,401856664,1,1,UTEP,Oklahoma,bovada,total,over,50.5,-110,False,False,2026-07-20T20:23:51.096Z,50.5,-105,2026-08-03T05:10:09.838609+00:00,320.7719,24.0,True,False,False,bovada,2026-07-20T20:23:51.096Z,320.7719,True,23cef69e3735b55c88c5649632e902cf4202ae67a9e2b34fdf1702e7c7bc59e8
sports_game_odds,20260803T051009Z-f34e0721,K9AlGiLXhMvLjbIsjbMv,g69,401856664,1,1,UTEP,Oklahoma,betmgm,total,over,50.5,-105,True,False,2026-08-03T05:08:17.000Z,50.5,-110,2026-08-03T05:10:09.838609+00:00,0.0313,24.0,False,True,False,betmgm,2026-08-03T05:08:17.000Z,0.0313,False,4929018d97d93b8b0efb7cb4ab5af01f5780aa146c74e5f87c598daaebfa62ae
sports_game_odds,20260803T051009Z-f34e0721,K9AlGiLXhMvLjbIsjbMv,g69,401856664,1,1,UTEP,Oklahoma,fanduel,total,under,49.5,-106,True,False,2026-08-03T05:08:22.253Z,49.5,-106,2026-08-03T05:10:09.838609+00:00,0.0299,24.0,False,True,False,fanduel,2026-08-03T05:08:22.253Z,0.0299,False,8ccddede19ce86e5592fa22047e99229878b741051e2f9b4b56cc270476f3d1c
sports_game_odds,20260803T051009Z-f34e0721,K9AlGiLXhMvLjbIsjbMv,g69,401856664,1,1,UTEP,Oklahoma,draftkings,total,under,50.5,-110,False,False,2026-07-20T20:23:51.096Z,50.5,-115,2026-08-03T05:10:09.838609+00:00,320.7719,24.0,True,False,False,draftkings,2026-07-20T20:23:51.096Z,320.7719,True,f9872c85136eab01b1ccf08a7e0e9eb6ed90e3cc58dd9870a0ea4053022ea503
sports_game_odds,20260803T051009Z-f34e0721,K9AlGiLXhMvLjbIsjbMv,g69,401856664,1,1,UTEP,Oklahoma,caesars,total,under,50.5,-117,False,False,2026-08-02T16:59:34.000Z,50.5,-114,2026-08-03T05:10:09.838609+00:00,12.1766,24.0,False,False,False,caesars,2026-08-02T16:59:34.000Z,12.1766,False,3a524ba94944c92214c8784bf864cf9aa38f008d4c4a861a852d477c2145f989
sports_game_odds,20260803T051009Z-f34e0721,K9AlGiLXhMvLjbIsjbMv,g69,401856664,1,1,UTEP,Oklahoma,bovada,total,under,50.5,-110,False,False,2026-07-20T20:23:51.096Z,50.5,-115,2026-08-03T05:10:09.838609+00:00,320.7719,24.0,True,False,False,bovada,2026-07-20T20:23:51.096Z,320.7719,True,f2e175e308ab75c8faf4792825618728b7038044c5e332a5ac5496f47e837715
sports_game_odds,20260803T051009Z-f34e0721,K9AlGiLXhMvLjbIsjbMv,g69,401856664,1,1,UTEP,Oklahoma,betmgm,total,under,50.5,-115,True,False,2026-08-03T05:08:17.000Z,50.5,-110,2026-08-03T05:10:09.838609+00:00,0.0313,24.0,False,True,False,betmgm,2026-08-03T05:08:17.000Z,0.0313,False,dd3a410b4300f784f7d4b09e3c1d86a436f6113e326f7740d803009cf5080b34
sports_game_odds,20260803T051009Z-f34e0721,zlMp0XcOLjhlE6T30F4o,g58,401858429,1,1,Toledo,Michigan State,fanduel,spread,away,11.5,-110,True,False,2026-08-03T05:08:22.253Z,11.5,-115,2026-08-03T05:10:09.838609+00:00,0.0299,24.0,False,True,False,fanduel,2026-08-03T05:08:22.253Z,0.0299,False,386fb65252971047c30e2bc526bd56a8c80fd4b332285b3404e5826ffc46d373
sports_game_odds,20260803T051009Z-f34e0721,zlMp0XcOLjhlE6T30F4o,g58,401858429,1,1,Toledo,Michigan State,draftkings,spread,away,11.5,-115,True,False,2026-08-03T05:08:22.214Z,10.5,-110,2026-08-03T05:10:09.838609+00:00,0.0299,24.0,False,True,False,draftkings,2026-08-03T05:08:22.214Z,0.0299,False,640657d2f206c220d20514c09f67d2b1c0b6c77722a8e40d974b82e769d6b799
sports_game_odds,20260803T051009Z-f34e0721,zlMp0XcOLjhlE6T30F4o,g58,401858429,1,1,Toledo,Michigan State,caesars,spread,away,11.5,-110,True,False,2026-08-03T05:08:12.000Z,10.5,-109,2026-08-03T05:10:09.838609+00:00,0.0327,24.0,False,True,False,caesars,2026-08-03T05:08:12.000Z,0.0327,False,17ea0b2a5778fade52db5e0d45c2f376c4db2d5d3e3d953a8c0c4132e6e7442f
sports_game_odds,20260803T051009Z-f34e0721,zlMp0XcOLjhlE6T30F4o,g58,401858429,1,1,Toledo,Michigan State,bovada,spread,away,11.5,-115,True,False,2026-08-03T05:08:22.000Z,10.5,-110,2026-08-03T05:10:09.838609+00:00,0.03,24.0,False,True,False,bovada,2026-08-03T05:08:22.000Z,0.03,False,f32524986831da775f290da6d425cece6c403ed2bfa8ffaf5ed9e614b0cd089f
sports_game_odds,20260803T051009Z-f34e0721,zlMp0XcOLjhlE6T30F4o,g58,401858429,1,1,Toledo,Michigan State,betmgm,spread,away,11.5,-110,True,False,2026-08-03T05:08:17.000Z,10.5,-110,2026-08-03T05:10:09.838609+00:00,0.0313,24.0,False,True,False,betmgm,2026-08-03T05:08:17.000Z,0.0313,False,a9acab7adb97af4619c375d863db1f8c67102d0bb2310f7ecd73b0a7894ca738
sports_game_odds,20260803T051009Z-f34e0721,zlMp0XcOLjhlE6T30F4o,g58,401858429,1,1,Toledo,Michigan State,fanduel,spread,home,-11.5,-110,True,False,2026-08-03T05:08:22.253Z,-11.5,-105,2026-08-03T05:10:09.838609+00:00,0.0299,24.0,False,True,False,fanduel,2026-08-03T05:08:22.253Z,0.0299,False,4f6114b6e4fd15e523b808475667f12110402bcf8450d93d382dceaeff510ea4
sports_game_odds,20260803T051009Z-f34e0721,zlMp0XcOLjhlE6T30F4o,g58,401858429,1,1,Toledo,Michigan State,draftkings,spread,home,-11.5,-105,True,False,2026-08-03T05:08:22.214Z,-10.5,-110,2026-08-03T05:10:09.838609+00:00,0.0299,24.0,False,True,False,draftkings,2026-08-03T05:08:22.214Z,0.0299,False,a697638aa50013d79c4904c38949a031ef2284ad0d22a73283a4f200d601bdd8
sports_game_odds,20260803T051009Z-f34e0721,zlMp0XcOLjhlE6T30F4o,g58,401858429,1,1,Toledo,Michigan State,caesars,spread,home,-11.5,-109,True,False,2026-08-03T05:08:12.000Z,-10.5,-110,2026-08-03T05:10:09.838609+00:00,0.0327,24.0,False,True,False,caesars,2026-08-03T05:08:12.000Z,0.0327,False,4e7b1a38bf8ca6ef32fccccb355faa213e257480f12308e22aa56f2fcae2c5cc
sports_game_odds,20260803T051009Z-f34e0721,zlMp0XcOLjhlE6T30F4o,g58,401858429,1,1,Toledo,Michigan State,bovada,spread,home,-11.5,-105,True,False,2026-08-03T05:08:22.000Z,-10.5,-110,2026-08-03T05:10:09.838609+00:00,0.03,24.0,False,True,False,bovada,2026-08-03T05:08:22.000Z,0.03,False,7562dc49f83443d4e0f09f63ce156e58215519172692d583068518cfa7607a46
sports_game_odds,20260803T051009Z-f34e0721,zlMp0XcOLjhlE6T30F4o,g58,401858429,1,1,Toledo,Michigan State,betmgm,spread,home,-11.5,-110,True,False,2026-08-03T05:08:17.000Z,-10.5,-110,2026-08-03T05:10:09.838609+00:00,0.0313,24.0,False,True,False,betmgm,2026-08-03T05:08:17.000Z,0.0313,False,38d7a7d2d72b0211b284414c0ac9b5021285f5b466a17f3dafe48597917c772f
sports_game_odds,20260803T051009Z-f34e0721,zlMp0XcOLjhlE6T30F4o,g58,401858429,1,1,Toledo,Michigan State,fanduel,total,over,48.5,-115,True,False,2026-08-03T05:08:22.253Z,48.5,-115,2026-08-03T05:10:09.838609+00:00,0.0299,24.0,False,True,False,fanduel,2026-08-03T05:08:22.253Z,0.0299,False,cdf19b86429875c6e1818a2ae778e5c65a72cb1e46c60f1ca9126566d2db6518
sports_game_odds,20260803T051009Z-f34e0721,zlMp0XcOLjhlE6T30F4o,g58,401858429,1,1,Toledo,Michigan State,draftkings,total,over,49.5,-108,True,False,2026-08-03T05:08:22.214Z,49.5,-108,2026-08-03T05:10:09.838609+00:00,0.0299,24.0,False,True,False,draftkings,2026-08-03T05:08:22.214Z,0.0299,False,eba29b46a56e3aba440ebdfe15c6f3a6f7faf21da09876a2d132fc7cf6ec5dcc
sports_game_odds,20260803T051009Z-f34e0721,zlMp0XcOLjhlE6T30F4o,g58,401858429,1,1,Toledo,Michigan State,bovada,total,over,49.5,-110,True,False,2026-08-03T05:08:22.000Z,49.5,-110,2026-08-03T05:10:09.838609+00:00,0.03,24.0,False,True,False,bovada,2026-08-03T05:08:22.000Z,0.03,False,6368969615e008490b5cf9f1b6fc2e2927d4e41135288d7b04f670ecf70211cb
sports_game_odds,20260803T051009Z-f34e0721,zlMp0XcOLjhlE6T30F4o,g58,401858429,1,1,Toledo,Michigan State,caesars,total,over,49.5,-108,True,False,2026-08-03T05:08:12.000Z,49.5,-108,2026-08-03T05:10:09.838609+00:00,0.0327,24.0,False,True,False,caesars,2026-08-03T05:08:12.000Z,0.0327,False,f65026783954667b69ba66fc95f76c58d4188bdae54a4a7842d3ae3350ac99dc
sports_game_odds,20260803T051009Z-f34e0721,zlMp0XcOLjhlE6T30F4o,g58,401858429,1,1,Toledo,Michigan State,betmgm,total,over,49.5,-110,True,False,2026-08-03T05:08:17.000Z,49.5,-110,2026-08-03T05:10:09.838609+00:00,0.0313,24.0,False,True,False,betmgm,2026-08-03T05:08:17.000Z,0.0313,False,6883d7d532dae150beb250e807d782d49a615d9a207f1629afb5ba6064c39701
sports_game_odds,20260803T051009Z-f34e0721,zlMp0XcOLjhlE6T30F4o,g58,401858429,1,1,Toledo,Michigan State,fanduel,total,under,48.5,-105,True,False,2026-08-03T05:08:22.253Z,48.5,-105,2026-08-03T05:10:09.838609+00:00,0.0299,24.0,False,True,False,fanduel,2026-08-03T05:08:22.253Z,0.0299,False,37a5f405c43f6aeef22ddf32cd3610c91cea31ab02c884af5048e4a9e934f7d5
sports_game_odds,20260803T051009Z-f34e0721,zlMp0XcOLjhlE6T30F4o,g58,401858429,1,1,Toledo,Michigan State,draftkings,total,under,49.5,-112,True,False,2026-08-03T05:08:22.214Z,49.5,-112,2026-08-03T05:10:09.838609+00:00,0.0299,24.0,False,True,False,draftkings,2026-08-03T05:08:22.214Z,0.0299,False,108ef5279fd1a89f247daac2e62651431df86f1a3860250b5704c6b0f87dcbec
sports_game_odds,20260803T051009Z-f34e0721,zlMp0XcOLjhlE6T30F4o,g58,401858429,1,1,Toledo,Michigan State,bovada,total,under,49.5,-110,True,False,2026-08-03T05:08:22.000Z,49.5,-110,2026-08-03T05:10:09.838609+00:00,0.03,24.0,False,True,False,bovada,2026-08-03T05:08:22.000Z,0.03,False,b9a4b1f6ac874d6353c26d3ab83859334dabee3f6fe55a41f31768b3de2c7e25
sports_game_odds,20260803T051009Z-f34e0721,zlMp0XcOLjhlE6T30F4o,g58,401858429,1,1,Toledo,Michigan State,caesars,total,under,49.5,-113,True,False,2026-08-03T05:08:12.000Z,49.5,-112,2026-08-03T05:10:09.838609+00:00,0.0327,24.0,False,True,False,caesars,2026-08-03T05:08:12.000Z,0.0327,False,8832acdca73a8fc95886babffa0c886e694831b9c33f6c106df48dde3945c7c8
sports_game_odds,20260803T051009Z-f34e0721,zlMp0XcOLjhlE6T30F4o,g58,401858429,1,1,Toledo,Michigan State,betmgm,total,under,49.5,-110,True,False,2026-08-03T05:08:17.000Z,49.5,-110,2026-08-03T05:10:09.838609+00:00,0.0313,24.0,False,True,False,betmgm,2026-08-03T05:08:17.000Z,0.0313,False,fa69523f8c0eba00e360c72276d9123797a953a13d108dd45c67356f2ad9df05
sports_game_odds,20260803T051009Z-f34e0721,zlMp0XcOLjhlE6T30F4o,g58,401858429,1,1,Toledo,Michigan State,fanduel,moneyline,away,,360,True,False,2026-08-03T05:08:22.253Z,330.0,330,2026-08-03T05:10:09.838609+00:00,0.0299,24.0,False,True,False,fanduel,2026-08-03T05:08:22.253Z,0.0299,False,5bcf8aed992619e6c8785bb51f514e8a286dcd5a6d60ad00c104dd7a46db0513
sports_game_odds,20260803T051009Z-f34e0721,zlMp0XcOLjhlE6T30F4o,g58,401858429,1,1,Toledo,Michigan State,draftkings,moneyline,away,,310,True,False,2026-08-03T05:08:22.214Z,310.0,310,2026-08-03T05:10:09.838609+00:00,0.0299,24.0,False,True,False,draftkings,2026-08-03T05:08:22.214Z,0.0299,False,fec662a72babc07863371d5a3c0f8ebbc19d939e4e12b99317e05956ba730381
sports_game_odds,20260803T051009Z-f34e0721,zlMp0XcOLjhlE6T30F4o,g58,401858429,1,1,Toledo,Michigan State,caesars,moneyline,away,,325,True,False,2026-08-03T05:08:12.000Z,320.0,320,2026-08-03T05:10:09.838609+00:00,0.0327,24.0,False,True,False,caesars,2026-08-03T05:08:12.000Z,0.0327,False,e3b8c6b87762b36a48d43dc50efd91dab5a438224fc87a6420f98ed354adb72d
sports_game_odds,20260803T051009Z-f34e0721,zlMp0XcOLjhlE6T30F4o,g58,401858429,1,1,Toledo,Michigan State,bovada,moneyline,away,,300,True,False,2026-08-03T05:08:22.000Z,305.0,305,2026-08-03T05:10:09.838609+00:00,0.03,24.0,False,True,False,bovada,2026-08-03T05:08:22.000Z,0.03,False,98ea633766c7b859e9bb6a850368bd911537db5992f4c30caf5614da2a505d2d
sports_game_odds,20260803T051009Z-f34e0721,zlMp0XcOLjhlE6T30F4o,g58,401858429,1,1,Toledo,Michigan State,betmgm,moneyline,away,,350,True,False,2026-08-03T05:08:17.000Z,350.0,350,2026-08-03T05:10:09.838609+00:00,0.0313,24.0,False,True,False,betmgm,2026-08-03T05:08:17.000Z,0.0313,False,f0bcb2368abd050fbf6668c3d3e21cc9bf3cdc923cfb0b900fdd3797cafafa3a
sports_game_odds,20260803T051009Z-f34e0721,zlMp0XcOLjhlE6T30F4o,g58,401858429,1,1,Toledo,Michigan State,fanduel,moneyline,home,,-480,True,False,2026-08-03T05:08:22.253Z,-430.0,-430,2026-08-03T05:10:09.838609+00:00,0.0299,24.0,False,True,False,fanduel,2026-08-03T05:08:22.253Z,0.0299,False,d356127434cc78384581fa02b267f7ce317a4c159846c62b3e7a0d5400119317
sports_game_odds,20260803T051009Z-f34e0721,zlMp0XcOLjhlE6T30F4o,g58,401858429,1,1,Toledo,Michigan State,draftkings,moneyline,home,,-395,True,False,2026-08-03T05:08:22.214Z,-395.0,-395,2026-08-03T05:10:09.838609+00:00,0.0299,24.0,False,True,False,draftkings,2026-08-03T05:08:22.214Z,0.0299,False,bbe3e1ba90887ac1a69a6f91276430db49a47f746d1bb060c8a165bae447d415
sports_game_odds,20260803T051009Z-f34e0721,zlMp0XcOLjhlE6T30F4o,g58,401858429,1,1,Toledo,Michigan State,caesars,moneyline,home,,-420,True,False,2026-08-03T05:08:12.000Z,-420.0,-420,2026-08-03T05:10:09.838609+00:00,0.0327,24.0,False,True,False,caesars,2026-08-03T05:08:12.000Z,0.0327,False,9d01f35e967fbaf0f72a850f0adec88248f586273a10c5da69f60ac42de3d557
sports_game_odds,20260803T051009Z-f34e0721,zlMp0XcOLjhlE6T30F4o,g58,401858429,1,1,Toledo,Michigan State,bovada,moneyline,home,,-400,True,False,2026-08-03T05:08:22.000Z,-410.0,-410,2026-08-03T05:10:09.838609+00:00,0.03,24.0,False,True,False,bovada,2026-08-03T05:08:22.000Z,0.03,False,bf117c7fb55993738b436b167db5401eac951a412be54f779ecc3f5d2ccf50f5
sports_game_odds,20260803T051009Z-f34e0721,zlMp0XcOLjhlE6T30F4o,g58,401858429,1,1,Toledo,Michigan State,betmgm,moneyline,home,,-450,True,False,2026-08-03T05:08:17.000Z,-450.0,-450,2026-08-03T05:10:09.838609+00:00,0.0313,24.0,False,True,False,betmgm,2026-08-03T05:08:17.000Z,0.0313,False,f965635bf2f7ba3306e7cda8ebd0a8b88465db335b998367a6eb157c6f1cd6a3
sports_game_odds,20260803T051009Z-f34e0721,f5mweoy6d2NQvns6K9mB,g22,401858206,1,1,Miami-FL,Stanford,fanduel,spread,away,-23.5,-115,True,False,2026-08-03T05:08:22.253Z,-21.5,-105,2026-08-03T05:10:09.838609+00:00,0.0299,24.0,False,True,False,fanduel,2026-08-03T05:08:22.253Z,0.0299,False,9403311b59be6b395563384d7e415aa6a20a6accedca5183a0158f9ee216f2d9
sports_game_odds,20260803T051009Z-f34e0721,f5mweoy6d2NQvns6K9mB,g22,401858206,1,1,Miami-FL,Stanford,draftkings,spread,away,-23.5,-112,True,False,2026-08-03T05:08:22.214Z,-22.5,-110,2026-08-03T05:10:09.838609+00:00,0.0299,24.0,False,True,False,draftkings,2026-08-03T05:08:22.214Z,0.0299,False,16f646403bb03aeff78c4a93ab5fbcc97c5927203ad09111a041da64099bd0b6
sports_game_odds,20260803T051009Z-f34e0721,f5mweoy6d2NQvns6K9mB,g22,401858206,1,1,Miami-FL,Stanford,caesars,spread,away,-22.5,-110,True,False,2026-08-03T05:08:12.000Z,-22.0,-110,2026-08-03T05:10:09.838609+00:00,0.0327,24.0,False,True,False,caesars,2026-08-03T05:08:12.000Z,0.0327,False,2bbf9a2f23d10909eca8f5402cf609f99a5c9da47cca86272a48415187b61f61
sports_game_odds,20260803T051009Z-f34e0721,f5mweoy6d2NQvns6K9mB,g22,401858206,1,1,Miami-FL,Stanford,bovada,spread,away,-23.5,-110,True,False,2026-08-03T05:08:22.000Z,-22.5,-110,2026-08-03T05:10:09.838609+00:00,0.03,24.0,False,True,False,bovada,2026-08-03T05:08:22.000Z,0.03,False,651c99ce9a5cb0e601fc58c0446ccbeedefa48dc4fb55a576a8bbf1067537a3a
sports_game_odds,20260803T051009Z-f34e0721,f5mweoy6d2NQvns6K9mB,g22,401858206,1,1,Miami-FL,Stanford,betmgm,spread,away,-22.5,-110,True,False,2026-08-03T05:08:17.000Z,-22.5,-110,2026-08-03T05:10:09.838609+00:00,0.0313,24.0,False,True,False,betmgm,2026-08-03T05:08:17.000Z,0.0313,False,996878d0d0e45263557efaa3cf0118bffb056352fd3ec5128845a8fc1de061d4
sports_game_odds,20260803T051009Z-f34e0721,f5mweoy6d2NQvns6K9mB,g22,401858206,1,1,Miami-FL,Stanford,fanduel,spread,home,23.5,-105,True,False,2026-08-03T05:08:22.253Z,21.5,-115,2026-08-03T05:10:09.838609+00:00,0.0299,24.0,False,True,False,fanduel,2026-08-03T05:08:22.253Z,0.0299,False,d062c009e8f32abcb867ef7c09767a7fe4998045a368f49f55f60a6a22d020e7
sports_game_odds,20260803T051009Z-f34e0721,f5mweoy6d2NQvns6K9mB,g22,401858206,1,1,Miami-FL,Stanford,draftkings,spread,home,23.5,-108,True,False,2026-08-03T05:08:22.214Z,22.5,-110,2026-08-03T05:10:09.838609+00:00,0.0299,24.0,False,True,False,draftkings,2026-08-03T05:08:22.214Z,0.0299,False,c50decfdb58b5d540a4a8bfe32a1d705be37c44e681b6afe29fcbdf6b0e39b81
sports_game_odds,20260803T051009Z-f34e0721,f5mweoy6d2NQvns6K9mB,g22,401858206,1,1,Miami-FL,Stanford,caesars,spread,home,22.5,-111,True,False,2026-08-03T05:08:12.000Z,22.0,-111,2026-08-03T05:10:09.838609+00:00,0.0327,24.0,False,True,False,caesars,2026-08-03T05:08:12.000Z,0.0327,False,014b3e3fa5d4fbdc62a3ac3fed9c5555adf92b822daf48f304748ea48da8497a
sports_game_odds,20260803T051009Z-f34e0721,f5mweoy6d2NQvns6K9mB,g22,401858206,1,1,Miami-FL,Stanford,bovada,spread,home,23.5,-110,True,False,2026-08-03T05:08:22.000Z,22.5,-110,2026-08-03T05:10:09.838609+00:00,0.03,24.0,False,True,False,bovada,2026-08-03T05:08:22.000Z,0.03,False,453095250c255f48f91cb6af22bf41ac31632c503e91c7e0d6d446985855402d
sports_game_odds,20260803T051009Z-f34e0721,f5mweoy6d2NQvns6K9mB,g22,401858206,1,1,Miami-FL,Stanford,betmgm,spread,home,22.5,-110,True,False,2026-08-03T05:08:17.000Z,22.5,-110,2026-08-03T05:10:09.838609+00:00,0.0313,24.0,False,True,False,betmgm,2026-08-03T05:08:17.000Z,0.0313,False,57d0453c26a4d2cac28ee7504eca2ad12618c08f84dbc532ca9acd4983acab8c
sports_game_odds,20260803T051009Z-f34e0721,f5mweoy6d2NQvns6K9mB,g22,401858206,1,1,Miami-FL,Stanford,fanduel,total,over,49.5,-110,True,False,2026-08-03T05:08:22.253Z,48.5,-110,2026-08-03T05:10:09.838609+00:00,0.0299,24.0,False,True,False,fanduel,2026-08-03T05:08:22.253Z,0.0299,False,b367138b13f975cacba91ddcc7a84677b77b507b8a65d7d4db3b2bbbdb17518f
sports_game_odds,20260803T051009Z-f34e0721,f5mweoy6d2NQvns6K9mB,g22,401858206,1,1,Miami-FL,Stanford,draftkings,total,over,49.5,-115,True,False,2026-08-03T05:08:22.214Z,49.5,-110,2026-08-03T05:10:09.838609+00:00,0.0299,24.0,False,True,False,draftkings,2026-08-03T05:08:22.214Z,0.0299,False,afbb7455de18f9e59c038d638f06faf45357029472109f6f08cc94f6852388af
sports_game_odds,20260803T051009Z-f34e0721,f5mweoy6d2NQvns6K9mB,g22,401858206,1,1,Miami-FL,Stanford,bovada,total,over,49.5,-115,True,False,2026-08-03T05:08:22.000Z,49.5,-110,2026-08-03T05:10:09.838609+00:00,0.03,24.0,False,True,False,bovada,2026-08-03T05:08:22.000Z,0.03,False,81ecb79670ab446ee513f68203b9d86fd2e446091aad62e9f644534f5743778c
sports_game_odds,20260803T051009Z-f34e0721,f5mweoy6d2NQvns6K9mB,g22,401858206,1,1,Miami-FL,Stanford,caesars,total,over,49.5,-110,True,False,2026-08-03T05:08:12.000Z,49.5,-107,2026-08-03T05:10:09.838609+00:00,0.0327,24.0,False,True,False,caesars,2026-08-03T05:08:12.000Z,0.0327,False,3001400d3b20a91f7b3b18f5ec0b671ac6205b11564cd759b886b6d98fa386b6
sports_game_odds,20260803T051009Z-f34e0721,f5mweoy6d2NQvns6K9mB,g22,401858206,1,1,Miami-FL,Stanford,betmgm,total,over,49.5,-110,True,False,2026-08-03T05:08:17.000Z,49.5,-110,2026-08-03T05:10:09.838609+00:00,0.0313,24.0,False,True,False,betmgm,2026-08-03T05:08:17.000Z,0.0313,False,4551a3af6aab57b10403f2a75b52b0094913879a3804618881f20f056c07f62a
sports_game_odds,20260803T051009Z-f34e0721,f5mweoy6d2NQvns6K9mB,g22,401858206,1,1,Miami-FL,Stanford,fanduel,total,under,49.5,-110,True,False,2026-08-03T05:08:22.253Z,48.5,-110,2026-08-03T05:10:09.838609+00:00,0.0299,24.0,False,True,False,fanduel,2026-08-03T05:08:22.253Z,0.0299,False,fee742582f12266b5b9b27a5829881b88c82625517554f5e762872e6a0204545
sports_game_odds,20260803T051009Z-f34e0721,f5mweoy6d2NQvns6K9mB,g22,401858206,1,1,Miami-FL,Stanford,draftkings,total,under,49.5,-105,True,False,2026-08-03T05:08:22.214Z,49.5,-110,2026-08-03T05:10:09.838609+00:00,0.0299,24.0,False,True,False,draftkings,2026-08-03T05:08:22.214Z,0.0299,False,d38dafc953edd6778a6ecbc5bca12681cda439c614bc5441984126a936b58d00
sports_game_odds,20260803T051009Z-f34e0721,f5mweoy6d2NQvns6K9mB,g22,401858206,1,1,Miami-FL,Stanford,bovada,total,under,49.5,-105,True,False,2026-08-03T05:08:22.000Z,49.5,-110,2026-08-03T05:10:09.838609+00:00,0.03,24.0,False,True,False,bovada,2026-08-03T05:08:22.000Z,0.03,False,4e26b012360404ad6de65985cca3287af0261d77612b8b7eb836dd3bbf2ab497
sports_game_odds,20260803T051009Z-f34e0721,f5mweoy6d2NQvns6K9mB,g22,401858206,1,1,Miami-FL,Stanford,caesars,total,under,49.5,-110,True,False,2026-08-03T05:08:12.000Z,49.5,-114,2026-08-03T05:10:09.838609+00:00,0.0327,24.0,False,True,False,caesars,2026-08-03T05:08:12.000Z,0.0327,False,8fc979653bb5d027d3dc48d4195b559d8db166db5197da10bb6d22be43ece6cb
sports_game_odds,20260803T051009Z-f34e0721,f5mweoy6d2NQvns6K9mB,g22,401858206,1,1,Miami-FL,Stanford,betmgm,total,under,49.5,-110,True,False,2026-08-03T05:08:17.000Z,49.5,-110,2026-08-03T05:10:09.838609+00:00,0.0313,24.0,False,True,False,betmgm,2026-08-03T05:08:17.000Z,0.0313,False,f849072ab071cb8f351adf15cd31e1ba5b01eeb8a823121412db9429b9bda9ad
sports_game_odds,20260803T051009Z-f34e0721,f5mweoy6d2NQvns6K9mB,g22,401858206,1,1,Miami-FL,Stanford,fanduel,moneyline,away,,-3500,True,False,2026-08-03T05:08:22.253Z,-2800.0,-2800,2026-08-03T05:10:09.838609+00:00,0.0299,24.0,False,True,False,fanduel,2026-08-03T05:08:22.253Z,0.0299,False,8d8d60fa8ba34b010ec06742b3796ac9e84a34d11a53f40fa0a614e616492e52
sports_game_odds,20260803T051009Z-f34e0721,f5mweoy6d2NQvns6K9mB,g22,401858206,1,1,Miami-FL,Stanford,draftkings,moneyline,away,,-2800,True,False,2026-08-03T05:08:22.214Z,-2400.0,-2400,2026-08-03T05:10:09.838609+00:00,0.0299,24.0,False,True,False,draftkings,2026-08-03T05:08:22.214Z,0.0299,False,f85b141457c8a971ae44700a3b6fbdd5831c471cff1ed8d39b1e1f4310857b16
sports_game_odds,20260803T051009Z-f34e0721,f5mweoy6d2NQvns6K9mB,g22,401858206,1,1,Miami-FL,Stanford,caesars,moneyline,away,,-3500,True,False,2026-08-03T05:08:12.000Z,-2500.0,-2500,2026-08-03T05:10:09.838609+00:00,0.0327,24.0,False,True,False,caesars,2026-08-03T05:08:12.000Z,0.0327,False,90913f6282a37db9b866a2554b5fd3c582f999b63fd4bf663c96273fdcea8537
sports_game_odds,20260803T051009Z-f34e0721,f5mweoy6d2NQvns6K9mB,g22,401858206,1,1,Miami-FL,Stanford,bovada,moneyline,away,,-4000,True,False,2026-08-03T05:08:22.000Z,-3333.0,-3333,2026-08-03T05:10:09.838609+00:00,0.03,24.0,False,True,False,bovada,2026-08-03T05:08:22.000Z,0.03,False,f5166f5cbcdc66759e9019425628af075051a477716504d768db6b4bf0932303
sports_game_odds,20260803T051009Z-f34e0721,f5mweoy6d2NQvns6K9mB,g22,401858206,1,1,Miami-FL,Stanford,betmgm,moneyline,away,,-3000,True,False,2026-08-03T05:08:17.000Z,-3000.0,-3000,2026-08-03T05:10:09.838609+00:00,0.0313,24.0,False,True,False,betmgm,2026-08-03T05:08:17.000Z,0.0313,False,d2d7b5d797f728941634e3f1c669762ae524011c7af97c9a1e3eae78f9da63f9
sports_game_odds,20260803T051009Z-f34e0721,f5mweoy6d2NQvns6K9mB,g22,401858206,1,1,Miami-FL,Stanford,fanduel,moneyline,home,,1280,True,False,2026-08-03T05:08:22.253Z,1160.0,1160,2026-08-03T05:10:09.838609+00:00,0.0299,24.0,False,True,False,fanduel,2026-08-03T05:08:22.253Z,0.0299,False,509933b2821d16c7110bb07e84668438cc2a610566d159dc28e554cf7a9c94ba
sports_game_odds,20260803T051009Z-f34e0721,f5mweoy6d2NQvns6K9mB,g22,401858206,1,1,Miami-FL,Stanford,draftkings,moneyline,home,,1300,True,False,2026-08-03T05:08:22.214Z,1200.0,1200,2026-08-03T05:10:09.838609+00:00,0.0299,24.0,False,True,False,draftkings,2026-08-03T05:08:22.214Z,0.0299,False,c30835271a82d2396ba6360c31f68f7823e11735f331118bb935790e0eac9215
sports_game_odds,20260803T051009Z-f34e0721,f5mweoy6d2NQvns6K9mB,g22,401858206,1,1,Miami-FL,Stanford,caesars,moneyline,home,,1200,True,False,2026-08-03T05:08:12.000Z,1100.0,1100,2026-08-03T05:10:09.838609+00:00,0.0327,24.0,False,True,False,caesars,2026-08-03T05:08:12.000Z,0.0327,False,bd29af7fe83a5b54067785bac18e67d0c85dd38a5e2e7b7233df4a0230086822
sports_game_odds,20260803T051009Z-f34e0721,f5mweoy6d2NQvns6K9mB,g22,401858206,1,1,Miami-FL,Stanford,bovada,moneyline,home,,1200,True,False,2026-08-03T05:08:22.000Z,1100.0,1100,2026-08-03T05:10:09.838609+00:00,0.03,24.0,False,True,False,bovada,2026-08-03T05:08:22.000Z,0.03,False,90f8b34d9ce02980fd14e9b3a02d8c54f7d5692656731b59df69665a6959f5a3
sports_game_odds,20260803T051009Z-f34e0721,f5mweoy6d2NQvns6K9mB,g22,401858206,1,1,Miami-FL,Stanford,betmgm,moneyline,home,,1200,True,False,2026-08-03T05:08:17.000Z,1200.0,1200,2026-08-03T05:10:09.838609+00:00,0.0313,24.0,False,True,False,betmgm,2026-08-03T05:08:17.000Z,0.0313,False,98ff0296a2d357628357db0a662d99270a59b29a65637eb5a5b72a565f120a14
sports_game_odds,20260803T051009Z-f34e0721,wkXTMpBXvNifeeZh0HsX,g90,401858436,1,1,Fresno State,USC,fanduel,spread,away,23.5,-110,True,False,2026-08-03T05:08:22.253Z,23.5,-105,2026-08-03T05:10:09.838609+00:00,0.0299,24.0,False,True,False,fanduel,2026-08-03T05:08:22.253Z,0.0299,False,8e071a2b1534dd23aa6d88d9fc2ee2bcd64cdb9868e5e8c7a4e8ffe69317b478
sports_game_odds,20260803T051009Z-f34e0721,wkXTMpBXvNifeeZh0HsX,g90,401858436,1,1,Fresno State,USC,draftkings,spread,away,23.5,-110,True,False,2026-08-03T05:08:22.214Z,23.5,-110,2026-08-03T05:10:09.838609+00:00,0.0299,24.0,False,True,False,draftkings,2026-08-03T05:08:22.214Z,0.0299,False,9ecad6a9a3437c4076fe1ce073442a8ecd3330609dda8398a14785593a5b8448
sports_game_odds,20260803T051009Z-f34e0721,wkXTMpBXvNifeeZh0HsX,g90,401858436,1,1,Fresno State,USC,caesars,spread,away,23.5,-118,True,False,2026-08-03T05:08:12.000Z,23.5,-118,2026-08-03T05:10:09.838609+00:00,0.0327,24.0,False,True,False,caesars,2026-08-03T05:08:12.000Z,0.0327,False,6c53f3366d46a8b5ff35e7b08231125a62dec83929eea69f32120d5d6b08446a
sports_game_odds,20260803T051009Z-f34e0721,wkXTMpBXvNifeeZh0HsX,g90,401858436,1,1,Fresno State,USC,bovada,spread,away,23.5,-110,True,False,2026-08-03T05:08:22.000Z,23.5,-110,2026-08-03T05:10:09.838609+00:00,0.03,24.0,False,True,False,bovada,2026-08-03T05:08:22.000Z,0.03,False,6ad3a925a0c5b3389942127a93336880ab7652e8b560478e79f813922fdb5576
sports_game_odds,20260803T051009Z-f34e0721,wkXTMpBXvNifeeZh0HsX,g90,401858436,1,1,Fresno State,USC,betmgm,spread,away,23.5,-110,True,False,2026-08-03T05:08:17.000Z,23.5,-110,2026-08-03T05:10:09.838609+00:00,0.0313,24.0,False,True,False,betmgm,2026-08-03T05:08:17.000Z,0.0313,False,93052601ee25a288b548537430c67fd82abb94d2187ed16ae06e80bd88fe4e89
sports_game_odds,20260803T051009Z-f34e0721,wkXTMpBXvNifeeZh0HsX,g90,401858436,1,1,Fresno State,USC,fanduel,spread,home,-23.5,-110,True,False,2026-08-03T05:08:22.253Z,-23.5,-115,2026-08-03T05:10:09.838609+00:00,0.0299,24.0,False,True,False,fanduel,2026-08-03T05:08:22.253Z,0.0299,False,411771aa90fc3e08fc8e8688396b22bb061802aa4853d32f4426c2887af06735
sports_game_odds,20260803T051009Z-f34e0721,wkXTMpBXvNifeeZh0HsX,g90,401858436,1,1,Fresno State,USC,draftkings,spread,home,-23.5,-110,True,False,2026-08-03T05:08:22.214Z,-23.5,-110,2026-08-03T05:10:09.838609+00:00,0.0299,24.0,False,True,False,draftkings,2026-08-03T05:08:22.214Z,0.0299,False,f0238b828b3e553ddb7881e7301177274902d96d000910516bd37edcd92bc7ed
sports_game_odds,20260803T051009Z-f34e0721,wkXTMpBXvNifeeZh0HsX,g90,401858436,1,1,Fresno State,USC,caesars,spread,home,-23.5,-102,True,False,2026-08-03T05:08:12.000Z,-23.5,-102,2026-08-03T05:10:09.838609+00:00,0.0327,24.0,False,True,False,caesars,2026-08-03T05:08:12.000Z,0.0327,False,d34d5e21d5dac895f88cc8b8a2007ec593a5307116bc15e571f0b9b8557ef0cc
sports_game_odds,20260803T051009Z-f34e0721,wkXTMpBXvNifeeZh0HsX,g90,401858436,1,1,Fresno State,USC,bovada,spread,home,-23.5,-110,True,False,2026-08-03T05:08:22.000Z,-23.5,-110,2026-08-03T05:10:09.838609+00:00,0.03,24.0,False,True,False,bovada,2026-08-03T05:08:22.000Z,0.03,False,f5c17ca50eb0baf68ff5e15ba9d0cf6f032493963ad71ea5522225a02c810a59
sports_game_odds,20260803T051009Z-f34e0721,wkXTMpBXvNifeeZh0HsX,g90,401858436,1,1,Fresno State,USC,betmgm,spread,home,-23.5,-110,True,False,2026-08-03T05:08:17.000Z,-23.5,-110,2026-08-03T05:10:09.838609+00:00,0.0313,24.0,False,True,False,betmgm,2026-08-03T05:08:17.000Z,0.0313,False,f57410fe77d3ff15f7a244ea73841893bc601f796c2e9a07fc47921d93843dff
sports_game_odds,20260803T051009Z-f34e0721,wkXTMpBXvNifeeZh0HsX,g90,401858436,1,1,Fresno State,USC,fanduel,total,over,50.5,-110,True,False,2026-08-03T05:08:22.253Z,49.5,-115,2026-08-03T05:10:09.838609+00:00,0.0299,24.0,False,True,False,fanduel,2026-08-03T05:08:22.253Z,0.0299,False,8f8a9de423c90df3d72f83116c7e3d44ec46c3ca72a44265a71e3c6b3773f305
sports_game_odds,20260803T051009Z-f34e0721,wkXTMpBXvNifeeZh0HsX,g90,401858436,1,1,Fresno State,USC,draftkings,total,over,51.5,-112,True,False,2026-08-03T05:08:22.214Z,51.5,-112,2026-08-03T05:10:09.838609+00:00,0.0299,24.0,False,True,False,draftkings,2026-08-03T05:08:22.214Z,0.0299,False,5d2737e939e591f8a9c1cfb0d7d2a2b4d26ce045c0a33086532f3140fe182567
sports_game_odds,20260803T051009Z-f34e0721,wkXTMpBXvNifeeZh0HsX,g90,401858436,1,1,Fresno State,USC,bovada,total,over,51.5,-110,True,False,2026-08-03T05:08:22.000Z,51.5,-110,2026-08-03T05:10:09.838609+00:00,0.03,24.0,False,True,False,bovada,2026-08-03T05:08:22.000Z,0.03,False,a0cddf1df4abeb18e963d0f2ec0310ff91f64f2139315a3a4374dd2ed8ae3a01
sports_game_odds,20260803T051009Z-f34e0721,wkXTMpBXvNifeeZh0HsX,g90,401858436,1,1,Fresno State,USC,caesars,total,over,51.5,-107,True,False,2026-08-03T05:08:12.000Z,51.5,-109,2026-08-03T05:10:09.838609+00:00,0.0327,24.0,False,True,False,caesars,2026-08-03T05:08:12.000Z,0.0327,False,3c2f47d16b2d754ffa34caf03493e67401d789fe88cc7869373d616ea9075705
sports_game_odds,20260803T051009Z-f34e0721,wkXTMpBXvNifeeZh0HsX,g90,401858436,1,1,Fresno State,USC,betmgm,total,over,51.5,-110,True,False,2026-08-03T05:08:17.000Z,51.5,-110,2026-08-03T05:10:09.838609+00:00,0.0313,24.0,False,True,False,betmgm,2026-08-03T05:08:17.000Z,0.0313,False,cb4baa187df815ff64ecc7cd9b1a59ac763fc82042cc05541eafda08556a0f05
sports_game_odds,20260803T051009Z-f34e0721,wkXTMpBXvNifeeZh0HsX,g90,401858436,1,1,Fresno State,USC,fanduel,total,under,50.5,-110,True,False,2026-08-03T05:08:22.253Z,49.5,-105,2026-08-03T05:10:09.838609+00:00,0.0299,24.0,False,True,False,fanduel,2026-08-03T05:08:22.253Z,0.0299,False,44cb5f5226915a89cf42cac6ba249e1c2b14f456b4820c3e14a97a7bc0923f63
sports_game_odds,20260803T051009Z-f34e0721,wkXTMpBXvNifeeZh0HsX,g90,401858436,1,1,Fresno State,USC,draftkings,total,under,51.5,-108,True,False,2026-08-03T05:08:22.214Z,51.5,-108,2026-08-03T05:10:09.838609+00:00,0.0299,24.0,False,True,False,draftkings,2026-08-03T05:08:22.214Z,0.0299,False,c8b5710d869f7f88c212545c024b6cee4f8e8c833a952155554a2b99d3841e26
sports_game_odds,20260803T051009Z-f34e0721,wkXTMpBXvNifeeZh0HsX,g90,401858436,1,1,Fresno State,USC,bovada,total,under,51.5,-110,True,False,2026-08-03T05:08:22.000Z,51.5,-110,2026-08-03T05:10:09.838609+00:00,0.03,24.0,False,True,False,bovada,2026-08-03T05:08:22.000Z,0.03,False,e8ad3edca44015c3f068ef29fb52980e1ce2571eb48410aba8317cec50926ab6
sports_game_odds,20260803T051009Z-f34e0721,wkXTMpBXvNifeeZh0HsX,g90,401858436,1,1,Fresno State,USC,caesars,total,under,51.5,-113,True,False,2026-08-03T05:08:12.000Z,51.5,-112,2026-08-03T05:10:09.838609+00:00,0.0327,24.0,False,True,False,caesars,2026-08-03T05:08:12.000Z,0.0327,False,9930b5db773655cc63e0aee8f19a8adf38e22dddd81dfdbdb3ccf4d275a5370e
sports_game_odds,20260803T051009Z-f34e0721,wkXTMpBXvNifeeZh0HsX,g90,401858436,1,1,Fresno State,USC,betmgm,total,under,51.5,-110,True,False,2026-08-03T05:08:17.000Z,51.5,-110,2026-08-03T05:10:09.838609+00:00,0.0313,24.0,False,True,False,betmgm,2026-08-03T05:08:17.000Z,0.0313,False,9642fa5afe7db24dd43eb2d6614145f851dcd7bcf3f33dea07b45aa274478605
sports_game_odds,20260803T051009Z-f34e0721,wkXTMpBXvNifeeZh0HsX,g90,401858436,1,1,Fresno State,USC,fanduel,moneyline,away,,1200,True,False,2026-08-03T05:08:22.253Z,1280.0,1280,2026-08-03T05:10:09.838609+00:00,0.0299,24.0,False,True,False,fanduel,2026-08-03T05:08:22.253Z,0.0299,False,2ce3e22eb874992368394b8e03171dbbc463168aaa8a27fc14e835291000cce6
sports_game_odds,20260803T051009Z-f34e0721,wkXTMpBXvNifeeZh0HsX,g90,401858436,1,1,Fresno State,USC,draftkings,moneyline,away,,1200,True,False,2026-08-03T05:08:22.214Z,1300.0,1300,2026-08-03T05:10:09.838609+00:00,0.0299,24.0,False,True,False,draftkings,2026-08-03T05:08:22.214Z,0.0299,False,fd606c560fe54f88ff8742303b2003dd9da8aaee094074b09af40a57ab8139aa
sports_game_odds,20260803T051009Z-f34e0721,wkXTMpBXvNifeeZh0HsX,g90,401858436,1,1,Fresno State,USC,caesars,moneyline,away,,1200,True,False,2026-08-03T05:08:12.000Z,1200.0,1200,2026-08-03T05:10:09.838609+00:00,0.0327,24.0,False,True,False,caesars,2026-08-03T05:08:12.000Z,0.0327,False,8526b954f94b7a461b8675667a3771d0569a8bbfa2f31ade2c9b384f65a260ca
sports_game_odds,20260803T051009Z-f34e0721,wkXTMpBXvNifeeZh0HsX,g90,401858436,1,1,Fresno State,USC,bovada,moneyline,away,,1100,True,False,2026-08-03T05:08:22.000Z,1200.0,1200,2026-08-03T05:10:09.838609+00:00,0.03,24.0,False,True,False,bovada,2026-08-03T05:08:22.000Z,0.03,False,e4a5c7e8edd550d26cd165540ab027023088e107d4fb0016e349cc78c641811b
sports_game_odds,20260803T051009Z-f34e0721,wkXTMpBXvNifeeZh0HsX,g90,401858436,1,1,Fresno State,USC,betmgm,moneyline,away,,1200,True,False,2026-08-03T05:08:17.000Z,1200.0,1200,2026-08-03T05:10:09.838609+00:00,0.0313,24.0,False,True,False,betmgm,2026-08-03T05:08:17.000Z,0.0313,False,728fc691c677b960a258bb1753c1d6aeffa55ce9f318f319c8ab9fc7a946f660
sports_game_odds,20260803T051009Z-f34e0721,wkXTMpBXvNifeeZh0HsX,g90,401858436,1,1,Fresno State,USC,fanduel,moneyline,home,,-3000,True,False,2026-08-03T05:08:22.253Z,-3500.0,-3500,2026-08-03T05:10:09.838609+00:00,0.0299,24.0,False,True,False,fanduel,2026-08-03T05:08:22.253Z,0.0299,False,85895158e4549a13c52f481877b4f3ba4e17a544e4da06e21cd4f762d3b45aac
sports_game_odds,20260803T051009Z-f34e0721,wkXTMpBXvNifeeZh0HsX,g90,401858436,1,1,Fresno State,USC,draftkings,moneyline,home,,-2400,True,False,2026-08-03T05:08:22.214Z,-2800.0,-2800,2026-08-03T05:10:09.838609+00:00,0.0299,24.0,False,True,False,draftkings,2026-08-03T05:08:22.214Z,0.0299,False,0557e60452aa48c1dee68a8d19a4f71d2a4d0e776699e91a295435eaaa1209af
sports_game_odds,20260803T051009Z-f34e0721,wkXTMpBXvNifeeZh0HsX,g90,401858436,1,1,Fresno State,USC,caesars,moneyline,home,,-3500,True,False,2026-08-03T05:08:12.000Z,-3500.0,-3500,2026-08-03T05:10:09.838609+00:00,0.0327,24.0,False,True,False,caesars,2026-08-03T05:08:12.000Z,0.0327,False,9ec5c1f20f138ae4dcc88f211935480b2e9143ea1da7bdd7fb7dd578682b71cc
sports_game_odds,20260803T051009Z-f34e0721,wkXTMpBXvNifeeZh0HsX,g90,401858436,1,1,Fresno State,USC,bovada,moneyline,home,,-3500,True,False,2026-08-03T05:08:22.000Z,-4000.0,-4000,2026-08-03T05:10:09.838609+00:00,0.03,24.0,False,True,False,bovada,2026-08-03T05:08:22.000Z,0.03,False,0abcd3c0c53c308ae388ffcdcf8d4c724552a05db51baced23ccb76743760720
sports_game_odds,20260803T051009Z-f34e0721,wkXTMpBXvNifeeZh0HsX,g90,401858436,1,1,Fresno State,USC,betmgm,moneyline,home,,-3000,True,False,2026-08-03T05:08:17.000Z,-3000.0,-3000,2026-08-03T05:10:09.838609+00:00,0.0313,24.0,False,True,False,betmgm,2026-08-03T05:08:17.000Z,0.0313,False,038f81aa0cb94de82c25042489f82535459c15cd45f95b89880da22651fd621a
sports_game_odds,20260803T051009Z-f34e0721,5wjGIw0vqFVmwRPn8RoJ,g24,401856634,1,1,East Carolina,Alabama,fanduel,spread,away,27.5,-106,False,False,2026-07-30T17:43:56.447Z,25.5,-105,2026-08-03T05:10:09.838609+00:00,83.4371,24.0,True,False,False,fanduel,2026-07-30T17:43:56.447Z,83.4371,True,f5c34eac4369da11867e48450f87026a9884e4cf28bc515a456206c9d7f8b21c
sports_game_odds,20260803T051009Z-f34e0721,5wjGIw0vqFVmwRPn8RoJ,g24,401856634,1,1,East Carolina,Alabama,draftkings,spread,away,28.5,-118,True,False,2026-08-03T05:08:22.214Z,26.5,-108,2026-08-03T05:10:09.838609+00:00,0.0299,24.0,False,True,False,draftkings,2026-08-03T05:08:22.214Z,0.0299,False,408d6ce159cce7ef175f62f8ace1c3206c63ca9fd01cadd0afce3572eb3f05e9
sports_game_odds,20260803T051009Z-f34e0721,5wjGIw0vqFVmwRPn8RoJ,g24,401856634,1,1,East Carolina,Alabama,caesars,spread,away,28.5,-106,True,False,2026-08-03T05:08:12.000Z,26.5,-106,2026-08-03T05:10:09.838609+00:00,0.0327,24.0,False,True,False,caesars,2026-08-03T05:08:12.000Z,0.0327,False,36ed6632328b596aff8272d96b8ecc438ea5ac9b7a54ced974a4eaef09cf3390
sports_game_odds,20260803T051009Z-f34e0721,5wjGIw0vqFVmwRPn8RoJ,g24,401856634,1,1,East Carolina,Alabama,bovada,spread,away,28.5,-120,True,False,2026-08-03T05:08:22.000Z,26.5,-110,2026-08-03T05:10:09.838609+00:00,0.03,24.0,False,True,False,bovada,2026-08-03T05:08:22.000Z,0.03,False,90a55d70d0210f4ae14edecc295f4916ea701ad8550f6da99dab20284b3112e6
sports_game_odds,20260803T051009Z-f34e0721,5wjGIw0vqFVmwRPn8RoJ,g24,401856634,1,1,East Carolina,Alabama,betmgm,spread,away,28.5,-110,True,False,2026-08-03T05:08:17.000Z,26.5,-110,2026-08-03T05:10:09.838609+00:00,0.0313,24.0,False,True,False,betmgm,2026-08-03T05:08:17.000Z,0.0313,False,ff2eb57cd7a8da13343877a3fbff711669c7c2b4d8fb6a472c1f970697a013f1
sports_game_odds,20260803T051009Z-f34e0721,5wjGIw0vqFVmwRPn8RoJ,g24,401856634,1,1,East Carolina,Alabama,fanduel,spread,home,-27.5,-114,False,False,2026-07-30T17:43:56.447Z,-25.5,-115,2026-08-03T05:10:09.838609+00:00,83.4371,24.0,True,False,False,fanduel,2026-07-30T17:43:56.447Z,83.4371,True,d4fcbd2b682b3c7f6592d4ab388ee0816627a5209cbbdd6911f14a062d23433f
sports_game_odds,20260803T051009Z-f34e0721,5wjGIw0vqFVmwRPn8RoJ,g24,401856634,1,1,East Carolina,Alabama,draftkings,spread,home,-28.5,-102,True,False,2026-08-03T05:08:22.214Z,-26.5,-112,2026-08-03T05:10:09.838609+00:00,0.0299,24.0,False,True,False,draftkings,2026-08-03T05:08:22.214Z,0.0299,False,c36e712d2568fe437203711c5983d844cb8a542597b959ba950b697993e60c80
sports_game_odds,20260803T051009Z-f34e0721,5wjGIw0vqFVmwRPn8RoJ,g24,401856634,1,1,East Carolina,Alabama,caesars,spread,home,-28.5,-114,True,False,2026-08-03T05:08:12.000Z,-26.5,-114,2026-08-03T05:10:09.838609+00:00,0.0327,24.0,False,True,False,caesars,2026-08-03T05:08:12.000Z,0.0327,False,3f6315bd5a63c4a169e05d9b8f0bab945fa8558165e9b6f3f863f6f33343e715
sports_game_odds,20260803T051009Z-f34e0721,5wjGIw0vqFVmwRPn8RoJ,g24,401856634,1,1,East Carolina,Alabama,bovada,spread,home,-28.5,100,True,False,2026-08-03T05:08:22.000Z,-26.5,-110,2026-08-03T05:10:09.838609+00:00,0.03,24.0,False,True,False,bovada,2026-08-03T05:08:22.000Z,0.03,False,3ccf8cb69a6b794e69c44550af194a43fb9e37ab451a6ffd0ec57bc8735b68bd
sports_game_odds,20260803T051009Z-f34e0721,5wjGIw0vqFVmwRPn8RoJ,g24,401856634,1,1,East Carolina,Alabama,betmgm,spread,home,-28.5,-110,True,False,2026-08-03T05:08:17.000Z,-26.5,-110,2026-08-03T05:10:09.838609+00:00,0.0313,24.0,False,True,False,betmgm,2026-08-03T05:08:17.000Z,0.0313,False,75b0565cff1ab7a1b0db5913d5c3a11f15935d73be23e7f51c6fb1c66ba2ddfa
sports_game_odds,20260803T051009Z-f34e0721,5wjGIw0vqFVmwRPn8RoJ,g24,401856634,1,1,East Carolina,Alabama,fanduel,total,over,54.5,-110,True,False,2026-08-03T05:08:22.253Z,54.5,-110,2026-08-03T05:10:09.838609+00:00,0.0299,24.0,False,True,False,fanduel,2026-08-03T05:08:22.253Z,0.0299,False,421c70640440056b89b0d7a9a291ff35fac72863b3ed37c8b6be7f77f5535509
sports_game_odds,20260803T051009Z-f34e0721,5wjGIw0vqFVmwRPn8RoJ,g24,401856634,1,1,East Carolina,Alabama,draftkings,total,over,54.5,-112,True,False,2026-08-03T05:08:22.214Z,53.5,-120,2026-08-03T05:10:09.838609+00:00,0.0299,24.0,False,True,False,draftkings,2026-08-03T05:08:22.214Z,0.0299,False,913c1d34a776eb6eba4a1dfe1c2ef11cc6cc3c18db5e8df528fcd6b37e90fc0a
sports_game_odds,20260803T051009Z-f34e0721,5wjGIw0vqFVmwRPn8RoJ,g24,401856634,1,1,East Carolina,Alabama,caesars,total,over,54.5,-108,True,False,2026-08-03T05:08:12.000Z,54.5,-108,2026-08-03T05:10:09.838609+00:00,0.0327,24.0,False,True,False,caesars,2026-08-03T05:08:12.000Z,0.0327,False,aa87d43e3388cb4fdb604d2355ac83f14b37d461a83b99846bb11f03eef319b4
sports_game_odds,20260803T051009Z-f34e0721,5wjGIw0vqFVmwRPn8RoJ,g24,401856634,1,1,East Carolina,Alabama,bovada,total,over,54.5,-110,True,False,2026-08-03T05:08:22.000Z,53.5,-120,2026-08-03T05:10:09.838609+00:00,0.03,24.0,False,True,False,bovada,2026-08-03T05:08:22.000Z,0.03,False,764a941441dbfa84f5293c46170d3b11c667ddafaa6141c4ff18f607079baad7
sports_game_odds,20260803T051009Z-f34e0721,5wjGIw0vqFVmwRPn8RoJ,g24,401856634,1,1,East Carolina,Alabama,betmgm,total,over,54.5,-110,True,False,2026-08-03T05:08:17.000Z,54.5,-110,2026-08-03T05:10:09.838609+00:00,0.0313,24.0,False,True,False,betmgm,2026-08-03T05:08:17.000Z,0.0313,False,737a25d01872b08ec50b78ccda2606cc168bedf6887861f15c076c256720a4f3
sports_game_odds,20260803T051009Z-f34e0721,5wjGIw0vqFVmwRPn8RoJ,g24,401856634,1,1,East Carolina,Alabama,fanduel,total,under,54.5,-110,True,False,2026-08-03T05:08:22.253Z,54.5,-110,2026-08-03T05:10:09.838609+00:00,0.0299,24.0,False,True,False,fanduel,2026-08-03T05:08:22.253Z,0.0299,False,edcdf61404f9c58fbe28ec97a3e4931ce38ea70d399d113ea79607b87c1743fc
sports_game_odds,20260803T051009Z-f34e0721,5wjGIw0vqFVmwRPn8RoJ,g24,401856634,1,1,East Carolina,Alabama,draftkings,total,under,54.5,-108,True,False,2026-08-03T05:08:22.214Z,53.5,100,2026-08-03T05:10:09.838609+00:00,0.0299,24.0,False,True,False,draftkings,2026-08-03T05:08:22.214Z,0.0299,False,8eab5d433593ccbec3098124888337d2e0c0e1663c9a4ec0629af984270fc51e
sports_game_odds,20260803T051009Z-f34e0721,5wjGIw0vqFVmwRPn8RoJ,g24,401856634,1,1,East Carolina,Alabama,caesars,total,under,54.5,-112,True,False,2026-08-03T05:08:12.000Z,54.5,-112,2026-08-03T05:10:09.838609+00:00,0.0327,24.0,False,True,False,caesars,2026-08-03T05:08:12.000Z,0.0327,False,cbf20d94cf6422b76857606d0bd07c763c7dba8d79ddfe81faec53921abf80a7
sports_game_odds,20260803T051009Z-f34e0721,5wjGIw0vqFVmwRPn8RoJ,g24,401856634,1,1,East Carolina,Alabama,bovada,total,under,54.5,-110,True,False,2026-08-03T05:08:22.000Z,53.5,100,2026-08-03T05:10:09.838609+00:00,0.03,24.0,False,True,False,bovada,2026-08-03T05:08:22.000Z,0.03,False,c1a5932444bcf7245596413bbed4a8fe690e548bb5c2b7546a4df5a5ff3d94a8
sports_game_odds,20260803T051009Z-f34e0721,5wjGIw0vqFVmwRPn8RoJ,g24,401856634,1,1,East Carolina,Alabama,betmgm,total,under,54.5,-110,True,False,2026-08-03T05:08:17.000Z,54.5,-110,2026-08-03T05:10:09.838609+00:00,0.0313,24.0,False,True,False,betmgm,2026-08-03T05:08:17.000Z,0.0313,False,2f5ea97c3313258d712da8c52f265acd3fb4fcb148c411b70ec322dd45085e78
sports_game_odds,20260803T051009Z-f34e0721,5wjGIw0vqFVmwRPn8RoJ,g24,401856634,1,1,East Carolina,Alabama,fanduel,moneyline,away,,2400,True,False,2026-08-03T05:08:22.253Z,1600.0,1600,2026-08-03T05:10:09.838609+00:00,0.0299,24.0,False,True,False,fanduel,2026-08-03T05:08:22.253Z,0.0299,False,23ffc567bf320e9ef40c0dbaf4590d6c49dad1510a4907f6da32a5736644f761
sports_game_odds,20260803T051009Z-f34e0721,5wjGIw0vqFVmwRPn8RoJ,g24,401856634,1,1,East Carolina,Alabama,draftkings,moneyline,away,,2200,True,False,2026-08-03T05:08:22.214Z,1600.0,1600,2026-08-03T05:10:09.838609+00:00,0.0299,24.0,False,True,False,draftkings,2026-08-03T05:08:22.214Z,0.0299,False,dc1c23c299dc078833b67c1bcade21c53e8d50b883fc7438ed6cdde49d9bac8d
sports_game_odds,20260803T051009Z-f34e0721,5wjGIw0vqFVmwRPn8RoJ,g24,401856634,1,1,East Carolina,Alabama,bovada,moneyline,away,,2200,True,False,2026-08-03T05:08:04.700Z,1600.0,1600,2026-08-03T05:10:09.838609+00:00,0.0348,24.0,False,True,False,bovada,2026-08-03T05:08:04.700Z,0.0348,False,91a609d7df51f70fc5ac4556a99d029a980f615ec6811ffbda4096002c1de418
sports_game_odds,20260803T051009Z-f34e0721,5wjGIw0vqFVmwRPn8RoJ,g24,401856634,1,1,East Carolina,Alabama,caesars,moneyline,away,,1500,True,False,2026-08-03T05:08:12.000Z,1400.0,1400,2026-08-03T05:10:09.838609+00:00,0.0327,24.0,False,True,False,caesars,2026-08-03T05:08:12.000Z,0.0327,False,a588332c7902dec4983ea9b96fc117f4db0764358b31bdd1a88971a0f34b6bd9
sports_game_odds,20260803T051009Z-f34e0721,5wjGIw0vqFVmwRPn8RoJ,g24,401856634,1,1,East Carolina,Alabama,fanduel,moneyline,home,,-10000,True,False,2026-08-03T05:08:22.253Z,-4500.0,-4500,2026-08-03T05:10:09.838609+00:00,0.0299,24.0,False,True,False,fanduel,2026-08-03T05:08:22.253Z,0.0299,False,cb770ba59fe5900ff3efe141d0c78d32195b85b652181dd7d02df712a670281c
sports_game_odds,20260803T051009Z-f34e0721,5wjGIw0vqFVmwRPn8RoJ,g24,401856634,1,1,East Carolina,Alabama,draftkings,moneyline,home,,-8000,True,False,2026-08-03T05:08:22.214Z,-4000.0,-4000,2026-08-03T05:10:09.838609+00:00,0.0299,24.0,False,True,False,draftkings,2026-08-03T05:08:22.214Z,0.0299,False,aa8273d4fcce31c67aa5405c36de60bcc6d5db97821941f3c870adca7c685f6d
sports_game_odds,20260803T051009Z-f34e0721,5wjGIw0vqFVmwRPn8RoJ,g24,401856634,1,1,East Carolina,Alabama,bovada,moneyline,home,,-10000,False,False,2026-08-03T05:08:04.700Z,-10000.0,-10000,2026-08-03T05:10:09.838609+00:00,0.0348,24.0,False,False,False,bovada,2026-08-03T05:08:04.700Z,0.0348,False,f59e6ef3672eb4658ea83323bf07ecdbd60072579e3b9bce87e391ce7d67f47b
sports_game_odds,20260803T051009Z-f34e0721,5wjGIw0vqFVmwRPn8RoJ,g24,401856634,1,1,East Carolina,Alabama,caesars,moneyline,home,,-5000,True,False,2026-08-03T05:08:12.000Z,-5000.0,-5000,2026-08-03T05:10:09.838609+00:00,0.0327,24.0,False,True,False,caesars,2026-08-03T05:08:12.000Z,0.0327,False,6da31f3d7172358ec2ced014b31e918874f3c8d83550f6f43344d5dfe9228721
sports_game_odds,20260803T051009Z-f34e0721,74v9yKrwzXldQu0ziXCq,g62,401858430,1,1,Ohio,Nebraska,fanduel,spread,away,23.5,100,True,False,2026-08-03T05:08:22.253Z,23.5,-110,2026-08-03T05:10:09.838609+00:00,0.0299,24.0,False,True,False,fanduel,2026-08-03T05:08:22.253Z,0.0299,False,70c6f37422be55918f574654f9d7f103838d077911acf4079f8f718e4296991a
sports_game_odds,20260803T051009Z-f34e0721,74v9yKrwzXldQu0ziXCq,g62,401858430,1,1,Ohio,Nebraska,draftkings,spread,away,23.5,-110,False,False,2026-07-30T16:39:12.000Z,23.5,-112,2026-08-03T05:10:09.838609+00:00,84.5161,24.0,True,False,False,draftkings,2026-07-30T16:39:12.000Z,84.5161,True,3a26188a29ec8eae9261b6ee1bbda9694b0bee96d5bca4facbb5afab624ad438
sports_game_odds,20260803T051009Z-f34e0721,74v9yKrwzXldQu0ziXCq,g62,401858430,1,1,Ohio,Nebraska,caesars,spread,away,23.5,-104,False,False,2026-08-01T03:31:53.000Z,23.5,-112,2026-08-03T05:10:09.838609+00:00,49.638,24.0,True,False,False,caesars,2026-08-01T03:31:53.000Z,49.638,True,df9e02b98c1687564fb7abca0da8e7375c5588a27631e3681d14ec5b3124ee91
sports_game_odds,20260803T051009Z-f34e0721,74v9yKrwzXldQu0ziXCq,g62,401858430,1,1,Ohio,Nebraska,bovada,spread,away,23.5,-110,False,False,2026-07-30T16:38:48.000Z,23.5,-110,2026-08-03T05:10:09.838609+00:00,84.5227,24.0,True,False,False,bovada,2026-07-30T16:38:48.000Z,84.5227,True,3d06de2e08913f7874c46882b568a90475efa1673d62e3904131ec15d3b66078
sports_game_odds,20260803T051009Z-f34e0721,74v9yKrwzXldQu0ziXCq,g62,401858430,1,1,Ohio,Nebraska,betmgm,spread,away,23.5,-110,False,False,2026-07-31T13:09:47.000Z,23.5,-110,2026-08-03T05:10:09.838609+00:00,64.0063,24.0,True,False,False,betmgm,2026-07-31T13:09:47.000Z,64.0063,True,5ee1ee959e89cc9f6f02afaf1014e02f1c8393e5b941b26083967d04eb4f4e57
sports_game_odds,20260803T051009Z-f34e0721,74v9yKrwzXldQu0ziXCq,g62,401858430,1,1,Ohio,Nebraska,fanduel,spread,home,-23.5,-122,True,False,2026-08-03T05:08:22.253Z,-23.5,-110,2026-08-03T05:10:09.838609+00:00,0.0299,24.0,False,True,False,fanduel,2026-08-03T05:08:22.253Z,0.0299,False,597a71ebc44a33e9ff45e4bf596f55d298add9c61ce6d19a5ec7541eda8d6579
sports_game_odds,20260803T051009Z-f34e0721,74v9yKrwzXldQu0ziXCq,g62,401858430,1,1,Ohio,Nebraska,draftkings,spread,home,-23.5,-110,False,False,2026-07-30T16:39:12.000Z,-23.5,-108,2026-08-03T05:10:09.838609+00:00,84.5161,24.0,True,False,False,draftkings,2026-07-30T16:39:12.000Z,84.5161,True,2a6ca2fa8a2358e6e00dd94dee2bead3ad064788b8136f1a29507bf76619dfb0
sports_game_odds,20260803T051009Z-f34e0721,74v9yKrwzXldQu0ziXCq,g62,401858430,1,1,Ohio,Nebraska,caesars,spread,home,-23.5,-117,False,False,2026-08-01T03:31:53.000Z,-23.5,-108,2026-08-03T05:10:09.838609+00:00,49.638,24.0,True,False,False,caesars,2026-08-01T03:31:53.000Z,49.638,True,d7ba0c85ab0454b156ec7d9f08c5a750e78eb81aa5f70967208ed4e4ab7007cb
sports_game_odds,20260803T051009Z-f34e0721,74v9yKrwzXldQu0ziXCq,g62,401858430,1,1,Ohio,Nebraska,bovada,spread,home,-23.5,-110,False,False,2026-07-30T16:38:48.000Z,-23.5,-110,2026-08-03T05:10:09.838609+00:00,84.5227,24.0,True,False,False,bovada,2026-07-30T16:38:48.000Z,84.5227,True,b1dacae9d6b57b0af6c199e9dc2c13ffe349782fc3e8c9d9440e490961f67135
sports_game_odds,20260803T051009Z-f34e0721,74v9yKrwzXldQu0ziXCq,g62,401858430,1,1,Ohio,Nebraska,betmgm,spread,home,-23.5,-110,False,False,2026-07-31T13:09:47.000Z,-23.5,-110,2026-08-03T05:10:09.838609+00:00,64.0063,24.0,True,False,False,betmgm,2026-07-31T13:09:47.000Z,64.0063,True,38afa40615bd220110a806c1020d20491a3d3ba4ee6bfe651bdf5941d7b8d63d
sports_game_odds,20260803T051009Z-f34e0721,74v9yKrwzXldQu0ziXCq,g62,401858430,1,1,Ohio,Nebraska,fanduel,total,over,48.5,-115,True,False,2026-08-03T05:08:22.253Z,46.5,-110,2026-08-03T05:10:09.838609+00:00,0.0299,24.0,False,True,False,fanduel,2026-08-03T05:08:22.253Z,0.0299,False,a2cd9fde001267029823b6b6d3030f19f2458f9841bcab97f55a3b0140fb1901
sports_game_odds,20260803T051009Z-f34e0721,74v9yKrwzXldQu0ziXCq,g62,401858430,1,1,Ohio,Nebraska,draftkings,total,over,47.5,-115,True,False,2026-08-03T05:08:22.214Z,47.5,-112,2026-08-03T05:10:09.838609+00:00,0.0299,24.0,False,True,False,draftkings,2026-08-03T05:08:22.214Z,0.0299,False,f85580570b08005170490ae12c53718671c2a58daeee234507b6abb48e2fb388
sports_game_odds,20260803T051009Z-f34e0721,74v9yKrwzXldQu0ziXCq,g62,401858430,1,1,Ohio,Nebraska,caesars,total,over,47.5,-115,True,False,2026-08-03T05:08:12.000Z,46.5,-115,2026-08-03T05:10:09.838609+00:00,0.0327,24.0,False,True,False,caesars,2026-08-03T05:08:12.000Z,0.0327,False,1c7931052644c7eed61d598a7b0cb8d63eeecb9ac0dfe665f766d2fab507af60
sports_game_odds,20260803T051009Z-f34e0721,74v9yKrwzXldQu0ziXCq,g62,401858430,1,1,Ohio,Nebraska,bovada,total,over,47.5,-115,True,False,2026-08-03T05:08:22.000Z,47.5,-110,2026-08-03T05:10:09.838609+00:00,0.03,24.0,False,True,False,bovada,2026-08-03T05:08:22.000Z,0.03,False,e398d29da0211195cf80adcd432216affc86fd2b6226eaf9d70f749ceff31ae6
sports_game_odds,20260803T051009Z-f34e0721,74v9yKrwzXldQu0ziXCq,g62,401858430,1,1,Ohio,Nebraska,betmgm,total,over,47.5,-110,True,False,2026-08-03T05:08:17.000Z,45.5,-115,2026-08-03T05:10:09.838609+00:00,0.0313,24.0,False,True,False,betmgm,2026-08-03T05:08:17.000Z,0.0313,False,cdae1f4efcffdfce1bc4108e64e43bfd1840833b254b695c916088fc051fa42e
sports_game_odds,20260803T051009Z-f34e0721,74v9yKrwzXldQu0ziXCq,g62,401858430,1,1,Ohio,Nebraska,fanduel,total,under,48.5,-105,True,False,2026-08-03T05:08:22.253Z,46.5,-110,2026-08-03T05:10:09.838609+00:00,0.0299,24.0,False,True,False,fanduel,2026-08-03T05:08:22.253Z,0.0299,False,bec9e5bb8a6e36b93feccfad3ff31af8b064e4e802946217769ac93cd3652054
sports_game_odds,20260803T051009Z-f34e0721,74v9yKrwzXldQu0ziXCq,g62,401858430,1,1,Ohio,Nebraska,draftkings,total,under,47.5,-105,True,False,2026-08-03T05:08:22.214Z,47.5,-108,2026-08-03T05:10:09.838609+00:00,0.0299,24.0,False,True,False,draftkings,2026-08-03T05:08:22.214Z,0.0299,False,c15b7ec3e1273a6ee41fcf31033d588fa42537762ac7da104fa5587031fdde7d
sports_game_odds,20260803T051009Z-f34e0721,74v9yKrwzXldQu0ziXCq,g62,401858430,1,1,Ohio,Nebraska,caesars,total,under,47.5,-106,True,False,2026-08-03T05:08:12.000Z,46.5,-106,2026-08-03T05:10:09.838609+00:00,0.0327,24.0,False,True,False,caesars,2026-08-03T05:08:12.000Z,0.0327,False,9ccd8638b4e156747d20c7834584ab6238c735b283f5d9285d015e4490eacc5b
sports_game_odds,20260803T051009Z-f34e0721,74v9yKrwzXldQu0ziXCq,g62,401858430,1,1,Ohio,Nebraska,bovada,total,under,47.5,-105,True,False,2026-08-03T05:08:22.000Z,47.5,-110,2026-08-03T05:10:09.838609+00:00,0.03,24.0,False,True,False,bovada,2026-08-03T05:08:22.000Z,0.03,False,ab8a30413593f71aef1b31078665dcd68fe40b0ada6f0a1532d74313a1568ada
sports_game_odds,20260803T051009Z-f34e0721,74v9yKrwzXldQu0ziXCq,g62,401858430,1,1,Ohio,Nebraska,betmgm,total,under,47.5,-110,True,False,2026-08-03T05:08:17.000Z,45.5,-105,2026-08-03T05:10:09.838609+00:00,0.0313,24.0,False,True,False,betmgm,2026-08-03T05:08:17.000Z,0.0313,False,5a54b9e04d86fc7950e8201bd3514db372c8d609dd66a29d14764265f06104f5
sports_game_odds,20260803T051009Z-f34e0721,74v9yKrwzXldQu0ziXCq,g62,401858430,1,1,Ohio,Nebraska,fanduel,moneyline,away,,1400,True,False,2026-08-03T05:08:22.253Z,1400.0,1400,2026-08-03T05:10:09.838609+00:00,0.0299,24.0,False,True,False,fanduel,2026-08-03T05:08:22.253Z,0.0299,False,089989d8a5244634035baa0ce580d905bd766b9d1fe9e631ea6eac35dbe3d0bf
sports_game_odds,20260803T051009Z-f34e0721,74v9yKrwzXldQu0ziXCq,g62,401858430,1,1,Ohio,Nebraska,caesars,moneyline,away,,1300,True,False,2026-08-03T05:08:12.000Z,1300.0,1300,2026-08-03T05:10:09.838609+00:00,0.0327,24.0,False,True,False,caesars,2026-08-03T05:08:12.000Z,0.0327,False,b00b399f065217a59aa543450ccb01855a59ea0f3be7a3181fa32148704fe9e7
sports_game_odds,20260803T051009Z-f34e0721,74v9yKrwzXldQu0ziXCq,g62,401858430,1,1,Ohio,Nebraska,bovada,moneyline,away,,1600,True,False,2026-08-03T05:08:22.000Z,1200.0,1200,2026-08-03T05:10:09.838609+00:00,0.03,24.0,False,True,False,bovada,2026-08-03T05:08:22.000Z,0.03,False,e7a186c501da15b65daf5e643ff37934f6348c8c492e29a52471b2315c543393
sports_game_odds,20260803T051009Z-f34e0721,74v9yKrwzXldQu0ziXCq,g62,401858430,1,1,Ohio,Nebraska,draftkings,moneyline,away,,1600,True,False,2026-08-03T05:08:22.214Z,1300.0,1300,2026-08-03T05:10:09.838609+00:00,0.0299,24.0,False,True,False,draftkings,2026-08-03T05:08:22.214Z,0.0299,False,ce773b4121b2cf8de58f5d5d77f16927466825ddb3283f70b4097ca960884e19
sports_game_odds,20260803T051009Z-f34e0721,74v9yKrwzXldQu0ziXCq,g62,401858430,1,1,Ohio,Nebraska,betmgm,moneyline,away,,1200,True,False,2026-08-03T05:08:17.000Z,1200.0,1200,2026-08-03T05:10:09.838609+00:00,0.0313,24.0,False,True,False,betmgm,2026-08-03T05:08:17.000Z,0.0313,False,4ce6496bdaa1f67826a843edf648cc41203e1770242316edef492f6bcc9d3605
sports_game_odds,20260803T051009Z-f34e0721,74v9yKrwzXldQu0ziXCq,g62,401858430,1,1,Ohio,Nebraska,fanduel,moneyline,home,,-4000,True,False,2026-08-03T05:08:22.253Z,-4000.0,-4000,2026-08-03T05:10:09.838609+00:00,0.0299,24.0,False,True,False,fanduel,2026-08-03T05:08:22.253Z,0.0299,False,9e36d569f4b803280e4c4dfd9f662d0ec4932cc76831196ff0a4dcadde143c39
sports_game_odds,20260803T051009Z-f34e0721,74v9yKrwzXldQu0ziXCq,g62,401858430,1,1,Ohio,Nebraska,caesars,moneyline,home,,-3500,True,False,2026-08-03T05:08:12.000Z,-3500.0,-3500,2026-08-03T05:10:09.838609+00:00,0.0327,24.0,False,True,False,caesars,2026-08-03T05:08:12.000Z,0.0327,False,3147eca6efdd0c5f9f78a101c0211f7dd7d6d2b51a7d37945112b41d4487082b
sports_game_odds,20260803T051009Z-f34e0721,74v9yKrwzXldQu0ziXCq,g62,401858430,1,1,Ohio,Nebraska,bovada,moneyline,home,,-10000,True,False,2026-08-03T05:08:22.000Z,-4000.0,-4000,2026-08-03T05:10:09.838609+00:00,0.03,24.0,False,True,False,bovada,2026-08-03T05:08:22.000Z,0.03,False,bf4504667b89710fc4064183ce77bb228fa3c145fb6477c9f6fb72d60df37c35
sports_game_odds,20260803T051009Z-f34e0721,74v9yKrwzXldQu0ziXCq,g62,401858430,1,1,Ohio,Nebraska,draftkings,moneyline,home,,-4000,True,False,2026-08-03T05:08:22.214Z,-2800.0,-2800,2026-08-03T05:10:09.838609+00:00,0.0299,24.0,False,True,False,draftkings,2026-08-03T05:08:22.214Z,0.0299,False,010f2298e832a9d4e1e76185e2a77c58a26569306cccadb7f72af56ca3d6c102
sports_game_odds,20260803T051009Z-f34e0721,74v9yKrwzXldQu0ziXCq,g62,401858430,1,1,Ohio,Nebraska,betmgm,moneyline,home,,-3000,True,False,2026-08-03T05:08:17.000Z,-3000.0,-3000,2026-08-03T05:10:09.838609+00:00,0.0313,24.0,False,True,False,betmgm,2026-08-03T05:08:17.000Z,0.0313,False,87eb5f8ba5d1509a8fe0497587bc168bf5008f8e440a3d8371f0441268e47005
sports_game_odds,20260803T051009Z-f34e0721,9UbfMF0IzZX7B0dhDdu3,g43,401856778,1,1,Oregon State,Houston,fanduel,spread,away,19.5,-110,True,False,2026-08-03T05:08:22.253Z,18.5,-110,2026-08-03T05:10:09.838609+00:00,0.0299,24.0,False,True,False,fanduel,2026-08-03T05:08:22.253Z,0.0299,False,145f495c0b742b5aebbe9f710dc58a4b67cdf03037aef4b0c685906295b7fd85
sports_game_odds,20260803T051009Z-f34e0721,9UbfMF0IzZX7B0dhDdu3,g43,401856778,1,1,Oregon State,Houston,draftkings,spread,away,19.5,-108,True,False,2026-08-03T05:08:22.214Z,18.5,-110,2026-08-03T05:10:09.838609+00:00,0.0299,24.0,False,True,False,draftkings,2026-08-03T05:08:22.214Z,0.0299,False,4d9b789fe76ecb679ca0266d424cd8b78eacfa9d6079aa1edc2336cdf902fa1a
sports_game_odds,20260803T051009Z-f34e0721,9UbfMF0IzZX7B0dhDdu3,g43,401856778,1,1,Oregon State,Houston,caesars,spread,away,19.5,-112,True,False,2026-08-03T05:08:12.000Z,18.5,-112,2026-08-03T05:10:09.838609+00:00,0.0327,24.0,False,True,False,caesars,2026-08-03T05:08:12.000Z,0.0327,False,b0a4b22aee6b871fe9113cd9d67348e7dc5418aafe143ef40c7fa90073e3f13c
sports_game_odds,20260803T051009Z-f34e0721,9UbfMF0IzZX7B0dhDdu3,g43,401856778,1,1,Oregon State,Houston,bovada,spread,away,19.5,-110,True,False,2026-08-03T05:08:22.000Z,18.5,-110,2026-08-03T05:10:09.838609+00:00,0.03,24.0,False,True,False,bovada,2026-08-03T05:08:22.000Z,0.03,False,0c9dbc606684e0d34ee8f3ee8e888c599f478a66d20f75bad4e8f566a1ee637d
sports_game_odds,20260803T051009Z-f34e0721,9UbfMF0IzZX7B0dhDdu3,g43,401856778,1,1,Oregon State,Houston,betmgm,spread,away,19.5,-110,True,False,2026-08-03T05:08:17.000Z,18.5,-110,2026-08-03T05:10:09.838609+00:00,0.0313,24.0,False,True,False,betmgm,2026-08-03T05:08:17.000Z,0.0313,False,3e495976ba336c8fee2686779abe80f725d88ba265f77b8290e082c4f12e780b
sports_game_odds,20260803T051009Z-f34e0721,9UbfMF0IzZX7B0dhDdu3,g43,401856778,1,1,Oregon State,Houston,fanduel,spread,home,-19.5,-110,True,False,2026-08-03T05:08:22.253Z,-18.5,-110,2026-08-03T05:10:09.838609+00:00,0.0299,24.0,False,True,False,fanduel,2026-08-03T05:08:22.253Z,0.0299,False,83847d0215834d5ba4b46727beb285a8737baa089e686202af7463c8cb5c20ba
sports_game_odds,20260803T051009Z-f34e0721,9UbfMF0IzZX7B0dhDdu3,g43,401856778,1,1,Oregon State,Houston,draftkings,spread,home,-19.5,-112,True,False,2026-08-03T05:08:22.214Z,-18.5,-110,2026-08-03T05:10:09.838609+00:00,0.0299,24.0,False,True,False,draftkings,2026-08-03T05:08:22.214Z,0.0299,False,3011da629e5ee96f1057d3fb665d2715d984e874ffc5f9d8a0895e35243e2dc4
sports_game_odds,20260803T051009Z-f34e0721,9UbfMF0IzZX7B0dhDdu3,g43,401856778,1,1,Oregon State,Houston,caesars,spread,home,-19.5,-108,True,False,2026-08-03T05:08:12.000Z,-18.5,-109,2026-08-03T05:10:09.838609+00:00,0.0327,24.0,False,True,False,caesars,2026-08-03T05:08:12.000Z,0.0327,False,6f50ee6e8f374e3d65d126f1bb8d05459d9aac16d5d0536c96e21065079766d9
sports_game_odds,20260803T051009Z-f34e0721,9UbfMF0IzZX7B0dhDdu3,g43,401856778,1,1,Oregon State,Houston,bovada,spread,home,-19.5,-110,True,False,2026-08-03T05:08:22.000Z,-18.5,-110,2026-08-03T05:10:09.838609+00:00,0.03,24.0,False,True,False,bovada,2026-08-03T05:08:22.000Z,0.03,False,da860bfaccf9b2ee4761ecaab041dd67b8271b0b1e850a0badbb2f1c987ba21c
sports_game_odds,20260803T051009Z-f34e0721,9UbfMF0IzZX7B0dhDdu3,g43,401856778,1,1,Oregon State,Houston,betmgm,spread,home,-19.5,-110,True,False,2026-08-03T05:08:17.000Z,-18.5,-110,2026-08-03T05:10:09.838609+00:00,0.0313,24.0,False,True,False,betmgm,2026-08-03T05:08:17.000Z,0.0313,False,efb5bde275d0d068479d32c9f6dd3d1ea4a3a2100e828b93193f597f7f622257
sports_game_odds,20260803T051009Z-f34e0721,9UbfMF0IzZX7B0dhDdu3,g43,401856778,1,1,Oregon State,Houston,fanduel,total,over,50.5,-115,True,False,2026-08-03T05:08:22.253Z,50.5,-110,2026-08-03T05:10:09.838609+00:00,0.0299,24.0,False,True,False,fanduel,2026-08-03T05:08:22.253Z,0.0299,False,d2ced4f7f35f9c1054a4979793fefe2e1bc6faa3799344bcc5f69c34fdce3a96
sports_game_odds,20260803T051009Z-f34e0721,9UbfMF0IzZX7B0dhDdu3,g43,401856778,1,1,Oregon State,Houston,draftkings,total,over,50.5,-112,True,False,2026-08-03T05:08:22.214Z,51.5,102,2026-08-03T05:10:09.838609+00:00,0.0299,24.0,False,True,False,draftkings,2026-08-03T05:08:22.214Z,0.0299,False,043663b9cd5d6876bf7474502720d3257eaa925b81af625f8342a37ed910e5ea
sports_game_odds,20260803T051009Z-f34e0721,9UbfMF0IzZX7B0dhDdu3,g43,401856778,1,1,Oregon State,Houston,bovada,total,over,50.5,-110,True,False,2026-08-03T05:08:22.000Z,51.5,105,2026-08-03T05:10:09.838609+00:00,0.03,24.0,False,True,False,bovada,2026-08-03T05:08:22.000Z,0.03,False,c94eeb74006f632033d750b928b26e4fdf4f81943a375c5afa8a02ac0af7dfc3
sports_game_odds,20260803T051009Z-f34e0721,9UbfMF0IzZX7B0dhDdu3,g43,401856778,1,1,Oregon State,Houston,caesars,total,over,50.5,-114,True,False,2026-08-03T05:08:12.000Z,51.5,103,2026-08-03T05:10:09.838609+00:00,0.0327,24.0,False,True,False,caesars,2026-08-03T05:08:12.000Z,0.0327,False,c43cd088265be57553560aea6ad68b641dd42349b26817f9b6d8e687f8090947
sports_game_odds,20260803T051009Z-f34e0721,9UbfMF0IzZX7B0dhDdu3,g43,401856778,1,1,Oregon State,Houston,betmgm,total,over,50.5,-110,True,False,2026-08-03T05:08:17.000Z,51.5,100,2026-08-03T05:10:09.838609+00:00,0.0313,24.0,False,True,False,betmgm,2026-08-03T05:08:17.000Z,0.0313,False,32101695fc874da8c30470d6be92e851bfd58b83cf8cf0eb816d8a7913661ad8
sports_game_odds,20260803T051009Z-f34e0721,9UbfMF0IzZX7B0dhDdu3,g43,401856778,1,1,Oregon State,Houston,fanduel,total,under,50.5,-105,True,False,2026-08-03T05:08:22.253Z,50.5,-110,2026-08-03T05:10:09.838609+00:00,0.0299,24.0,False,True,False,fanduel,2026-08-03T05:08:22.253Z,0.0299,False,5030435a249325940255e2497d3f3c5531e1b480e4d1898b8ae78f3a27590b5f
sports_game_odds,20260803T051009Z-f34e0721,9UbfMF0IzZX7B0dhDdu3,g43,401856778,1,1,Oregon State,Houston,draftkings,total,under,50.5,-108,True,False,2026-08-03T05:08:22.214Z,51.5,-122,2026-08-03T05:10:09.838609+00:00,0.0299,24.0,False,True,False,draftkings,2026-08-03T05:08:22.214Z,0.0299,False,720328ff2dfd1c61f94063454923f37e6bac43ec10e6a7e3924c698314069c4f
sports_game_odds,20260803T051009Z-f34e0721,9UbfMF0IzZX7B0dhDdu3,g43,401856778,1,1,Oregon State,Houston,bovada,total,under,50.5,-110,True,False,2026-08-03T05:08:22.000Z,51.5,-125,2026-08-03T05:10:09.838609+00:00,0.03,24.0,False,True,False,bovada,2026-08-03T05:08:22.000Z,0.03,False,c6683bbea36b161340e4e105f36cf563790fb9a1ec65e3d66ff38e968f96fecd
sports_game_odds,20260803T051009Z-f34e0721,9UbfMF0IzZX7B0dhDdu3,g43,401856778,1,1,Oregon State,Houston,caesars,total,under,50.5,-106,True,False,2026-08-03T05:08:12.000Z,51.5,-124,2026-08-03T05:10:09.838609+00:00,0.0327,24.0,False,True,False,caesars,2026-08-03T05:08:12.000Z,0.0327,False,0bfe43cd74fafe375dbb4cede710711456a6c931c5352b35d1b82954013331aa
sports_game_odds,20260803T051009Z-f34e0721,9UbfMF0IzZX7B0dhDdu3,g43,401856778,1,1,Oregon State,Houston,betmgm,total,under,50.5,-110,True,False,2026-08-03T05:08:17.000Z,51.5,-120,2026-08-03T05:10:09.838609+00:00,0.0313,24.0,False,True,False,betmgm,2026-08-03T05:08:17.000Z,0.0313,False,6bd1d3c6c4e98a99ce43f541e652cc7b02481eff10e83190b2bf1b6a82b2530b
sports_game_odds,20260803T051009Z-f34e0721,9UbfMF0IzZX7B0dhDdu3,g43,401856778,1,1,Oregon State,Houston,fanduel,moneyline,away,,860,True,False,2026-08-03T05:08:22.253Z,800.0,800,2026-08-03T05:10:09.838609+00:00,0.0299,24.0,False,True,False,fanduel,2026-08-03T05:08:22.253Z,0.0299,False,ca252cea1ed39d3a79d00ccaa66cb53c4ccb863d6aabb0484a1e58fd7e8b77c4
sports_game_odds,20260803T051009Z-f34e0721,9UbfMF0IzZX7B0dhDdu3,g43,401856778,1,1,Oregon State,Houston,draftkings,moneyline,away,,750,True,False,2026-08-03T05:08:22.214Z,750.0,750,2026-08-03T05:10:09.838609+00:00,0.0299,24.0,False,True,False,draftkings,2026-08-03T05:08:22.214Z,0.0299,False,7320facf6744ea98fbc180d266c9a4036bef93ae9d05df3b1478afa4807311cc
sports_game_odds,20260803T051009Z-f34e0721,9UbfMF0IzZX7B0dhDdu3,g43,401856778,1,1,Oregon State,Houston,caesars,moneyline,away,,750,True,False,2026-08-03T05:08:12.000Z,750.0,750,2026-08-03T05:10:09.838609+00:00,0.0327,24.0,False,True,False,caesars,2026-08-03T05:08:12.000Z,0.0327,False,b646c7682c42a14f815527430e431304c1056e496197849dfff6dfa65e0cd8d3
sports_game_odds,20260803T051009Z-f34e0721,9UbfMF0IzZX7B0dhDdu3,g43,401856778,1,1,Oregon State,Houston,bovada,moneyline,away,,725,True,False,2026-08-03T05:08:22.000Z,725.0,725,2026-08-03T05:10:09.838609+00:00,0.03,24.0,False,True,False,bovada,2026-08-03T05:08:22.000Z,0.03,False,9c7290614a0371ba2e5b360a0acfca8b6a4caea2d8ed5058314ac7a4ec955dab
sports_game_odds,20260803T051009Z-f34e0721,9UbfMF0IzZX7B0dhDdu3,g43,401856778,1,1,Oregon State,Houston,betmgm,moneyline,away,,800,True,False,2026-08-03T05:08:17.000Z,800.0,800,2026-08-03T05:10:09.838609+00:00,0.0313,24.0,False,True,False,betmgm,2026-08-03T05:08:17.000Z,0.0313,False,fea72c0bf7cedf93f7ec68a50f9ad76a5934aedf71a485c941ad8447ebc9fde7
sports_game_odds,20260803T051009Z-f34e0721,9UbfMF0IzZX7B0dhDdu3,g43,401856778,1,1,Oregon State,Houston,fanduel,moneyline,home,,-1600,True,False,2026-08-03T05:08:22.253Z,-1400.0,-1400,2026-08-03T05:10:09.838609+00:00,0.0299,24.0,False,True,False,fanduel,2026-08-03T05:08:22.253Z,0.0299,False,ff8260879632578208b563bab819c9398b106b975ec924f44bb0ad5d8541f4bf
sports_game_odds,20260803T051009Z-f34e0721,9UbfMF0IzZX7B0dhDdu3,g43,401856778,1,1,Oregon State,Houston,draftkings,moneyline,home,,-1200,True,False,2026-08-03T05:08:22.214Z,-1200.0,-1200,2026-08-03T05:10:09.838609+00:00,0.0299,24.0,False,True,False,draftkings,2026-08-03T05:08:22.214Z,0.0299,False,b19a3f0baf3123df32f52230df1fd7fbf5bc05850879886377ac2c4b236c10f0
sports_game_odds,20260803T051009Z-f34e0721,9UbfMF0IzZX7B0dhDdu3,g43,401856778,1,1,Oregon State,Houston,caesars,moneyline,home,,-1250,True,False,2026-08-03T05:08:12.000Z,-1250.0,-1250,2026-08-03T05:10:09.838609+00:00,0.0327,24.0,False,True,False,caesars,2026-08-03T05:08:12.000Z,0.0327,False,1816f59b9dc559b97351cc9bfbc538a7ebe1a66054ee7263f5ab0fad6788a578
sports_game_odds,20260803T051009Z-f34e0721,9UbfMF0IzZX7B0dhDdu3,g43,401856778,1,1,Oregon State,Houston,bovada,moneyline,home,,-1300,True,False,2026-08-03T05:08:22.000Z,-1300.0,-1300,2026-08-03T05:10:09.838609+00:00,0.03,24.0,False,True,False,bovada,2026-08-03T05:08:22.000Z,0.03,False,916fea8b4a21c62bffe47fa84ac2f2d9b7c03526af0c090dbd9abfb4f59b4441
sports_game_odds,20260803T051009Z-f34e0721,9UbfMF0IzZX7B0dhDdu3,g43,401856778,1,1,Oregon State,Houston,betmgm,moneyline,home,,-1400,True,False,2026-08-03T05:08:17.000Z,-1400.0,-1400,2026-08-03T05:10:09.838609+00:00,0.0313,24.0,False,True,False,betmgm,2026-08-03T05:08:17.000Z,0.0313,False,1f4edb48fbc7570ee2c9def21db0feb829ac08adc5451954966fa6c5ed093448
sports_game_odds,20260803T051009Z-f34e0721,D4RTUQjYXxqj2IPwAAY2,g23,401864496,1,1,Duquesne,Air Force,fanduel,spread,away,27.5,-104,True,False,2026-08-03T05:08:22.253Z,23.5,-115,2026-08-03T05:10:09.838609+00:00,0.0299,24.0,False,True,False,fanduel,2026-08-03T05:08:22.253Z,0.0299,False,4eb4206a71660207d0502521b0225735485e951fb39ba23fcf9f91b498c012ce
sports_game_odds,20260803T051009Z-f34e0721,D4RTUQjYXxqj2IPwAAY2,g23,401864496,1,1,Duquesne,Air Force,fanduel,spread,home,-27.5,-118,True,False,2026-08-03T05:08:22.253Z,-23.5,-105,2026-08-03T05:10:09.838609+00:00,0.0299,24.0,False,True,False,fanduel,2026-08-03T05:08:22.253Z,0.0299,False,f86d5d5c24ad8078f85cf7cde84600eb8563af4d8f9cf7570ce2ee236725a9c1
sports_game_odds,20260803T051009Z-f34e0721,D4RTUQjYXxqj2IPwAAY2,g23,401864496,1,1,Duquesne,Air Force,fanduel,total,over,56.5,-115,True,False,2026-08-03T05:08:22.253Z,53.5,-110,2026-08-03T05:10:09.838609+00:00,0.0299,24.0,False,True,False,fanduel,2026-08-03T05:08:22.253Z,0.0299,False,48e32869591f636ff1dbe552072cf77409a55d4ee2be01e7a9cda253261979cc
sports_game_odds,20260803T051009Z-f34e0721,D4RTUQjYXxqj2IPwAAY2,g23,401864496,1,1,Duquesne,Air Force,fanduel,total,under,56.5,-105,True,False,2026-08-03T05:08:22.253Z,53.5,-110,2026-08-03T05:10:09.838609+00:00,0.0299,24.0,False,True,False,fanduel,2026-08-03T05:08:22.253Z,0.0299,False,c15da4599581ee69a93b2a6f7c65510e5496689038163e300e774c844a3baf2e
sports_game_odds,20260803T051009Z-f34e0721,D4RTUQjYXxqj2IPwAAY2,g23,401864496,1,1,Duquesne,Air Force,fanduel,moneyline,away,,2000,True,False,2026-08-03T05:08:22.253Z,1200.0,1200,2026-08-03T05:10:09.838609+00:00,0.0299,24.0,False,True,False,fanduel,2026-08-03T05:08:22.253Z,0.0299,False,9b7f764f74d64d1d793eec857f5259e8ea172107f5d862d8e6844713fd95d6cd
sports_game_odds,20260803T051009Z-f34e0721,D4RTUQjYXxqj2IPwAAY2,g23,401864496,1,1,Duquesne,Air Force,fanduel,moneyline,home,,-7000,True,False,2026-08-03T05:08:22.253Z,-3000.0,-3000,2026-08-03T05:10:09.838609+00:00,0.0299,24.0,False,True,False,fanduel,2026-08-03T05:08:22.253Z,0.0299,False,3b0f7d3f7af18d0a7ad9fe54bddd62c47d9c0520c8eeabab731e2e9011577873
sports_game_odds,20260803T051009Z-f34e0721,HdatPSq7j0x8G0U0R2Ud,g96,401856780,1,1,Coastal Carolina,West Virginia,fanduel,spread,away,20.5,-105,False,False,2026-08-03T01:36:54.197Z,18.5,-115,2026-08-03T05:10:09.838609+00:00,3.5543,24.0,False,False,False,fanduel,2026-08-03T01:36:54.197Z,3.5543,False,3710860178138c37954101415163c591182b2bdcff5db6a864df10ada7388eb1
sports_game_odds,20260803T051009Z-f34e0721,HdatPSq7j0x8G0U0R2Ud,g96,401856780,1,1,Coastal Carolina,West Virginia,draftkings,spread,away,21.0,-110,True,False,2026-08-03T05:08:22.214Z,17.5,-108,2026-08-03T05:10:09.838609+00:00,0.0299,24.0,False,True,False,draftkings,2026-08-03T05:08:22.214Z,0.0299,False,7ddb900be5e26d649ca27aca1a3cee711990be89da9cd422f2789da33fe51486
sports_game_odds,20260803T051009Z-f34e0721,HdatPSq7j0x8G0U0R2Ud,g96,401856780,1,1,Coastal Carolina,West Virginia,caesars,spread,away,21.0,-104,True,False,2026-08-03T05:08:12.000Z,17.5,-107,2026-08-03T05:10:09.838609+00:00,0.0327,24.0,False,True,False,caesars,2026-08-03T05:08:12.000Z,0.0327,False,db9afb98382566e9e64ef7a1d69ca93577d7ddefc3cd761daeb3a4a4362277be
sports_game_odds,20260803T051009Z-f34e0721,HdatPSq7j0x8G0U0R2Ud,g96,401856780,1,1,Coastal Carolina,West Virginia,bovada,spread,away,21.0,-110,True,False,2026-08-03T05:08:22.000Z,17.5,-110,2026-08-03T05:10:09.838609+00:00,0.03,24.0,False,True,False,bovada,2026-08-03T05:08:22.000Z,0.03,False,c0cab85ef9afd157796606d042e6812e99948ca27ed63989619adebd81eb0b00
sports_game_odds,20260803T051009Z-f34e0721,HdatPSq7j0x8G0U0R2Ud,g96,401856780,1,1,Coastal Carolina,West Virginia,betmgm,spread,away,21.0,-105,True,False,2026-08-03T05:08:17.000Z,17.5,-110,2026-08-03T05:10:09.838609+00:00,0.0313,24.0,False,True,False,betmgm,2026-08-03T05:08:17.000Z,0.0313,False,0ceb8f2fcb2961275ec9da33cb354050252268eeb6017e41c71d83e88f2e4d65
sports_game_odds,20260803T051009Z-f34e0721,HdatPSq7j0x8G0U0R2Ud,g96,401856780,1,1,Coastal Carolina,West Virginia,fanduel,spread,home,-20.5,-115,False,False,2026-08-03T01:36:54.197Z,-18.5,-105,2026-08-03T05:10:09.838609+00:00,3.5543,24.0,False,False,False,fanduel,2026-08-03T01:36:54.197Z,3.5543,False,7f624b104dd23d2b01a0c582bc36d7f19bd24fc05a1762d31e125e2e4bdf4f6e
sports_game_odds,20260803T051009Z-f34e0721,HdatPSq7j0x8G0U0R2Ud,g96,401856780,1,1,Coastal Carolina,West Virginia,draftkings,spread,home,-21.0,-110,True,False,2026-08-03T05:08:22.214Z,-17.5,-112,2026-08-03T05:10:09.838609+00:00,0.0299,24.0,False,True,False,draftkings,2026-08-03T05:08:22.214Z,0.0299,False,f9ff98ce06e5f11d8cae022bdae777d140d74671cd136922396fee985e4caf61
sports_game_odds,20260803T051009Z-f34e0721,HdatPSq7j0x8G0U0R2Ud,g96,401856780,1,1,Coastal Carolina,West Virginia,caesars,spread,home,-21.0,-117,True,False,2026-08-03T05:08:12.000Z,-17.5,-113,2026-08-03T05:10:09.838609+00:00,0.0327,24.0,False,True,False,caesars,2026-08-03T05:08:12.000Z,0.0327,False,3a60f7e6c1135c57940c2411a3ee54872a7fd4e9a8c613bf90f6e10bf71bd926
sports_game_odds,20260803T051009Z-f34e0721,HdatPSq7j0x8G0U0R2Ud,g96,401856780,1,1,Coastal Carolina,West Virginia,bovada,spread,home,-21.0,-110,True,False,2026-08-03T05:08:22.000Z,-17.5,-110,2026-08-03T05:10:09.838609+00:00,0.03,24.0,False,True,False,bovada,2026-08-03T05:08:22.000Z,0.03,False,18ae4716b1ff0a3e35396f8127c9303770166a805e5067cb2489871160bb236b
sports_game_odds,20260803T051009Z-f34e0721,HdatPSq7j0x8G0U0R2Ud,g96,401856780,1,1,Coastal Carolina,West Virginia,betmgm,spread,home,-21.0,-115,True,False,2026-08-03T05:08:17.000Z,-17.5,-110,2026-08-03T05:10:09.838609+00:00,0.0313,24.0,False,True,False,betmgm,2026-08-03T05:08:17.000Z,0.0313,False,29f53d7404390278b1014c8035e2e85334768bba28cddebbd8708acbd9622339
sports_game_odds,20260803T051009Z-f34e0721,HdatPSq7j0x8G0U0R2Ud,g96,401856780,1,1,Coastal Carolina,West Virginia,fanduel,total,over,58.5,-105,True,False,2026-08-03T05:08:22.253Z,57.5,-110,2026-08-03T05:10:09.838609+00:00,0.0299,24.0,False,True,False,fanduel,2026-08-03T05:08:22.253Z,0.0299,False,1423a7651a9747db6d80a189a2e20afcebd2110b8d50e423e28fa44d1788797c
sports_game_odds,20260803T051009Z-f34e0721,HdatPSq7j0x8G0U0R2Ud,g96,401856780,1,1,Coastal Carolina,West Virginia,draftkings,total,over,57.5,-115,True,False,2026-08-03T05:08:22.214Z,57.5,-120,2026-08-03T05:10:09.838609+00:00,0.0299,24.0,False,True,False,draftkings,2026-08-03T05:08:22.214Z,0.0299,False,437ca1d953f1263e4aee58aec126f85191a9f17f26de5a34aba9237c5e349088
sports_game_odds,20260803T051009Z-f34e0721,HdatPSq7j0x8G0U0R2Ud,g96,401856780,1,1,Coastal Carolina,West Virginia,caesars,total,over,58.5,-107,True,False,2026-08-03T05:08:12.000Z,57.5,-121,2026-08-03T05:10:09.838609+00:00,0.0327,24.0,False,True,False,caesars,2026-08-03T05:08:12.000Z,0.0327,False,ad1fad1134f9011b77929f82b979fc18fd82714b23a0bb5c028815bfe08792c8
sports_game_odds,20260803T051009Z-f34e0721,HdatPSq7j0x8G0U0R2Ud,g96,401856780,1,1,Coastal Carolina,West Virginia,bovada,total,over,57.5,-115,True,False,2026-08-03T05:08:22.000Z,57.5,-120,2026-08-03T05:10:09.838609+00:00,0.03,24.0,False,True,False,bovada,2026-08-03T05:08:22.000Z,0.03,False,09cfdc9579faeab2499ff83fc235fc53a37485fac3067b0c5d6ddda6d8ccf237
sports_game_odds,20260803T051009Z-f34e0721,HdatPSq7j0x8G0U0R2Ud,g96,401856780,1,1,Coastal Carolina,West Virginia,betmgm,total,over,58.5,-110,True,False,2026-08-03T05:08:17.000Z,58.5,-110,2026-08-03T05:10:09.838609+00:00,0.0313,24.0,False,True,False,betmgm,2026-08-03T05:08:17.000Z,0.0313,False,8d258b09c969bf835cea5b7b71f7d990b48aac481715e1e10b69da928f769bea
sports_game_odds,20260803T051009Z-f34e0721,HdatPSq7j0x8G0U0R2Ud,g96,401856780,1,1,Coastal Carolina,West Virginia,fanduel,total,under,58.5,-115,True,False,2026-08-03T05:08:22.253Z,57.5,-110,2026-08-03T05:10:09.838609+00:00,0.0299,24.0,False,True,False,fanduel,2026-08-03T05:08:22.253Z,0.0299,False,49576e991be92d0103eaa579d38fcd0e83b66e836669411e377e413a8e1ba601
sports_game_odds,20260803T051009Z-f34e0721,HdatPSq7j0x8G0U0R2Ud,g96,401856780,1,1,Coastal Carolina,West Virginia,draftkings,total,under,57.5,-105,True,False,2026-08-03T05:08:22.214Z,57.5,100,2026-08-03T05:10:09.838609+00:00,0.0299,24.0,False,True,False,draftkings,2026-08-03T05:08:22.214Z,0.0299,False,4079ce2f834dcd16a5cc1b8969f875b1f14458f5a7855f22dd30f5eae8efac43
sports_game_odds,20260803T051009Z-f34e0721,HdatPSq7j0x8G0U0R2Ud,g96,401856780,1,1,Coastal Carolina,West Virginia,caesars,total,under,58.5,-114,True,False,2026-08-03T05:08:12.000Z,57.5,100,2026-08-03T05:10:09.838609+00:00,0.0327,24.0,False,True,False,caesars,2026-08-03T05:08:12.000Z,0.0327,False,178a9aac0275bbdcc01813385e6851166d3acc70af3bae3a8266a043beac0b54
sports_game_odds,20260803T051009Z-f34e0721,HdatPSq7j0x8G0U0R2Ud,g96,401856780,1,1,Coastal Carolina,West Virginia,bovada,total,under,57.5,-105,True,False,2026-08-03T05:08:22.000Z,57.5,100,2026-08-03T05:10:09.838609+00:00,0.03,24.0,False,True,False,bovada,2026-08-03T05:08:22.000Z,0.03,False,a28b8306d1a80e21539cdbb8f07c66f8a035aeb09f14e0d07dc5a414f6b031b6
sports_game_odds,20260803T051009Z-f34e0721,HdatPSq7j0x8G0U0R2Ud,g96,401856780,1,1,Coastal Carolina,West Virginia,betmgm,total,under,58.5,-110,True,False,2026-08-03T05:08:17.000Z,58.5,-110,2026-08-03T05:10:09.838609+00:00,0.0313,24.0,False,True,False,betmgm,2026-08-03T05:08:17.000Z,0.0313,False,50fa1e439a81d3ba5f4953cf795435745e55da1aee6f8142e23a50e8c3c2895f
sports_game_odds,20260803T051009Z-f34e0721,HdatPSq7j0x8G0U0R2Ud,g96,401856780,1,1,Coastal Carolina,West Virginia,fanduel,moneyline,away,,1100,True,False,2026-08-03T05:08:22.253Z,740.0,740,2026-08-03T05:10:09.838609+00:00,0.0299,24.0,False,True,False,fanduel,2026-08-03T05:08:22.253Z,0.0299,False,97624c6950bf85a04e270e75a118b9adefc9338057e19c2d7f14a9c5836411a2
sports_game_odds,20260803T051009Z-f34e0721,HdatPSq7j0x8G0U0R2Ud,g96,401856780,1,1,Coastal Carolina,West Virginia,draftkings,moneyline,away,,900,True,False,2026-08-03T05:08:22.214Z,900.0,900,2026-08-03T05:10:09.838609+00:00,0.0299,24.0,False,True,False,draftkings,2026-08-03T05:08:22.214Z,0.0299,False,1fbe63cafba3aa2ba02c331f1ce2d10f39c4a5c85a9852074d1530a6ea3a2265
sports_game_odds,20260803T051009Z-f34e0721,HdatPSq7j0x8G0U0R2Ud,g96,401856780,1,1,Coastal Carolina,West Virginia,caesars,moneyline,away,,950,True,False,2026-08-03T05:08:12.000Z,800.0,800,2026-08-03T05:10:09.838609+00:00,0.0327,24.0,False,True,False,caesars,2026-08-03T05:08:12.000Z,0.0327,False,d2c99ccc769adc1ced40818e529f4810ac10a9b91c59429a30824f5f6f9f7741
sports_game_odds,20260803T051009Z-f34e0721,HdatPSq7j0x8G0U0R2Ud,g96,401856780,1,1,Coastal Carolina,West Virginia,bovada,moneyline,away,,900,True,False,2026-08-03T05:08:22.000Z,850.0,850,2026-08-03T05:10:09.838609+00:00,0.03,24.0,False,True,False,bovada,2026-08-03T05:08:22.000Z,0.03,False,addaf228763df984821ed769ab353a3a990dedebdd666b9c000b477224c6bd89
sports_game_odds,20260803T051009Z-f34e0721,HdatPSq7j0x8G0U0R2Ud,g96,401856780,1,1,Coastal Carolina,West Virginia,betmgm,moneyline,away,,1000,True,False,2026-08-03T05:08:17.000Z,1000.0,1000,2026-08-03T05:10:09.838609+00:00,0.0313,24.0,False,True,False,betmgm,2026-08-03T05:08:17.000Z,0.0313,False,2ddd028989f990bd10d064c9ac5ec81483d550a8c6fe9a05d740c56b8981dc95
sports_game_odds,20260803T051009Z-f34e0721,HdatPSq7j0x8G0U0R2Ud,g96,401856780,1,1,Coastal Carolina,West Virginia,fanduel,moneyline,home,,-2500,True,False,2026-08-03T05:08:22.253Z,-1250.0,-1250,2026-08-03T05:10:09.838609+00:00,0.0299,24.0,False,True,False,fanduel,2026-08-03T05:08:22.253Z,0.0299,False,5a7178b8edf658f2dbe977d128bf953d5b4e49d8e25fb105ed547e3ec452b5bc
sports_game_odds,20260803T051009Z-f34e0721,HdatPSq7j0x8G0U0R2Ud,g96,401856780,1,1,Coastal Carolina,West Virginia,draftkings,moneyline,home,,-1600,True,False,2026-08-03T05:08:22.214Z,-1600.0,-1600,2026-08-03T05:10:09.838609+00:00,0.0299,24.0,False,True,False,draftkings,2026-08-03T05:08:22.214Z,0.0299,False,9e1a86f658b55bfec2dea1726d85862abb577cd4c78447a605f8f48542ad8bbc
sports_game_odds,20260803T051009Z-f34e0721,HdatPSq7j0x8G0U0R2Ud,g96,401856780,1,1,Coastal Carolina,West Virginia,caesars,moneyline,home,,-1700,True,False,2026-08-03T05:08:12.000Z,-1450.0,-1450,2026-08-03T05:10:09.838609+00:00,0.0327,24.0,False,True,False,caesars,2026-08-03T05:08:12.000Z,0.0327,False,9b883c878bb627a4d5fc9f3da8cf6e412fc420742f12f2dd5e4c7cc84bef0009
sports_game_odds,20260803T051009Z-f34e0721,HdatPSq7j0x8G0U0R2Ud,g96,401856780,1,1,Coastal Carolina,West Virginia,bovada,moneyline,home,,-1900,True,False,2026-08-03T05:08:22.000Z,-1800.0,-1800,2026-08-03T05:10:09.838609+00:00,0.03,24.0,False,True,False,bovada,2026-08-03T05:08:22.000Z,0.03,False,3c63c3c1b651d2f931d385fdff4f7b85be79a2bceebf325ddc9908538ae0f565
sports_game_odds,20260803T051009Z-f34e0721,HdatPSq7j0x8G0U0R2Ud,g96,401856780,1,1,Coastal Carolina,West Virginia,betmgm,moneyline,home,,-2000,True,False,2026-08-03T05:08:17.000Z,-2000.0,-2000,2026-08-03T05:10:09.838609+00:00,0.0313,24.0,False,True,False,betmgm,2026-08-03T05:08:17.000Z,0.0313,False,d1660efbc58976bfa10ea16f461e3c3321680e9590dd8d35abde07140e10e582
sports_game_odds,20260803T051009Z-f34e0721,QzGmzxPGyovJ48j1BUHc,g45,401858425,1,1,North Texas,Indiana,fanduel,spread,away,40.5,-110,True,False,2026-08-03T05:08:22.253Z,39.5,-115,2026-08-03T05:10:09.838609+00:00,0.0299,24.0,False,True,False,fanduel,2026-08-03T05:08:22.253Z,0.0299,False,de96ead5ebf1f4d5cb2209fab92993b67bf72fefb8b23faa874c2959f55e892a
sports_game_odds,20260803T051009Z-f34e0721,QzGmzxPGyovJ48j1BUHc,g45,401858425,1,1,North Texas,Indiana,draftkings,spread,away,40.5,-108,True,False,2026-08-03T05:08:22.214Z,40.5,-110,2026-08-03T05:10:09.838609+00:00,0.0299,24.0,False,True,False,draftkings,2026-08-03T05:08:22.214Z,0.0299,False,b4a7be213d7a557d797ce7f1bfd9afc2dbcd5aa0698b1a6053c146f9e7445301
sports_game_odds,20260803T051009Z-f34e0721,QzGmzxPGyovJ48j1BUHc,g45,401858425,1,1,North Texas,Indiana,caesars,spread,away,40.5,-107,True,False,2026-08-03T05:08:12.000Z,40.5,-115,2026-08-03T05:10:09.838609+00:00,0.0327,24.0,False,True,False,caesars,2026-08-03T05:08:12.000Z,0.0327,False,03fbdd9aa1eed7d290bf60ed365c8b08422e5c56e65532ba6421e5b3f1b3c16e
sports_game_odds,20260803T051009Z-f34e0721,QzGmzxPGyovJ48j1BUHc,g45,401858425,1,1,North Texas,Indiana,bovada,spread,away,40.5,-110,True,False,2026-08-03T05:08:22.000Z,40.5,-110,2026-08-03T05:10:09.838609+00:00,0.03,24.0,False,True,False,bovada,2026-08-03T05:08:22.000Z,0.03,False,0d4204c5ffb2f16a858c7fd83784da871da27e45f214cf7289df33f9118f6a4e
sports_game_odds,20260803T051009Z-f34e0721,QzGmzxPGyovJ48j1BUHc,g45,401858425,1,1,North Texas,Indiana,betmgm,spread,away,40.5,-110,True,False,2026-08-03T05:08:17.000Z,40.5,-110,2026-08-03T05:10:09.838609+00:00,0.0313,24.0,False,True,False,betmgm,2026-08-03T05:08:17.000Z,0.0313,False,4205b7adfb6fe6e393a2859b27524673388ef675df353f99a7db08ca76028a76
sports_game_odds,20260803T051009Z-f34e0721,QzGmzxPGyovJ48j1BUHc,g45,401858425,1,1,North Texas,Indiana,fanduel,spread,home,-40.5,-110,True,False,2026-08-03T05:08:22.253Z,-39.5,-105,2026-08-03T05:10:09.838609+00:00,0.0299,24.0,False,True,False,fanduel,2026-08-03T05:08:22.253Z,0.0299,False,a728ed91cdb19fd37f1cf8d34b4ad202718eadbd81ad3b41156c0f8946733f08
sports_game_odds,20260803T051009Z-f34e0721,QzGmzxPGyovJ48j1BUHc,g45,401858425,1,1,North Texas,Indiana,draftkings,spread,home,-40.5,-112,True,False,2026-08-03T05:08:22.214Z,-40.5,-110,2026-08-03T05:10:09.838609+00:00,0.0299,24.0,False,True,False,draftkings,2026-08-03T05:08:22.214Z,0.0299,False,205f8cebe7c7808096a1a1a1ce075fad0e644759eb2c7ce7691dedd531da3a22
sports_game_odds,20260803T051009Z-f34e0721,QzGmzxPGyovJ48j1BUHc,g45,401858425,1,1,North Texas,Indiana,caesars,spread,home,-40.5,-113,True,False,2026-08-03T05:08:12.000Z,-40.5,-105,2026-08-03T05:10:09.838609+00:00,0.0327,24.0,False,True,False,caesars,2026-08-03T05:08:12.000Z,0.0327,False,9cb73c4f759c645f32aa10a907dc02b116caeb89c7064c85ec25f409bd71af7d
sports_game_odds,20260803T051009Z-f34e0721,QzGmzxPGyovJ48j1BUHc,g45,401858425,1,1,North Texas,Indiana,bovada,spread,home,-40.5,-110,True,False,2026-08-03T05:08:22.000Z,-40.5,-110,2026-08-03T05:10:09.838609+00:00,0.03,24.0,False,True,False,bovada,2026-08-03T05:08:22.000Z,0.03,False,1bb0b69f3ea34ee8bb44e2b2e41a23ed735789705d5a0dfcb3d4dde8c790f149
sports_game_odds,20260803T051009Z-f34e0721,QzGmzxPGyovJ48j1BUHc,g45,401858425,1,1,North Texas,Indiana,betmgm,spread,home,-40.5,-110,True,False,2026-08-03T05:08:17.000Z,-40.5,-110,2026-08-03T05:10:09.838609+00:00,0.0313,24.0,False,True,False,betmgm,2026-08-03T05:08:17.000Z,0.0313,False,b9f1d82b8acbac36d4b919124e1b3ef13d1dbbd3cff598c874016da0ffae00cd
sports_game_odds,20260803T051009Z-f34e0721,QzGmzxPGyovJ48j1BUHc,g45,401858425,1,1,North Texas,Indiana,fanduel,total,over,54.5,-112,True,False,2026-08-03T05:08:22.253Z,54.5,-110,2026-08-03T05:10:09.838609+00:00,0.0299,24.0,False,True,False,fanduel,2026-08-03T05:08:22.253Z,0.0299,False,f955e725a3be5fd366ec64589f13ac55a2bca48282d04ec953c04580e1ed8267
sports_game_odds,20260803T051009Z-f34e0721,QzGmzxPGyovJ48j1BUHc,g45,401858425,1,1,North Texas,Indiana,draftkings,total,over,55.5,-118,False,False,2026-07-20T20:27:02.954Z,55.5,-118,2026-08-03T05:10:09.838609+00:00,320.7186,24.0,True,False,False,draftkings,2026-07-20T20:27:02.954Z,320.7186,True,2ea4cba453338241d7e00ee4fead50478860fc35474b7b731a3a1661e1908a82
sports_game_odds,20260803T051009Z-f34e0721,QzGmzxPGyovJ48j1BUHc,g45,401858425,1,1,North Texas,Indiana,caesars,total,over,55.5,-106,False,False,2026-08-01T03:31:53.000Z,54.5,-121,2026-08-03T05:10:09.838609+00:00,49.638,24.0,True,False,False,caesars,2026-08-01T03:31:53.000Z,49.638,True,0d0f058122166612b34b4440ec2d4deca5477fd0ee0fbe1eddc3e76ce1a69fff
sports_game_odds,20260803T051009Z-f34e0721,QzGmzxPGyovJ48j1BUHc,g45,401858425,1,1,North Texas,Indiana,bovada,total,over,55.5,-120,False,False,2026-07-20T20:29:59.701Z,55.5,-120,2026-08-03T05:10:09.838609+00:00,320.6695,24.0,True,False,False,bovada,2026-07-20T20:29:59.701Z,320.6695,True,43b38bd8bd49e39dce694644e794664a0c010f3ef827ce4bfc5d2c7996abc1f7
sports_game_odds,20260803T051009Z-f34e0721,QzGmzxPGyovJ48j1BUHc,g45,401858425,1,1,North Texas,Indiana,betmgm,total,over,55.5,-115,True,False,2026-08-03T05:08:17.000Z,54.5,-110,2026-08-03T05:10:09.838609+00:00,0.0313,24.0,False,True,False,betmgm,2026-08-03T05:08:17.000Z,0.0313,False,614754678cf8e31ce4df57630bb650d603353ccfb91691422c8a6c5734c69cf6
sports_game_odds,20260803T051009Z-f34e0721,QzGmzxPGyovJ48j1BUHc,g45,401858425,1,1,North Texas,Indiana,fanduel,total,under,54.5,-108,True,False,2026-08-03T05:08:22.253Z,54.5,-110,2026-08-03T05:10:09.838609+00:00,0.0299,24.0,False,True,False,fanduel,2026-08-03T05:08:22.253Z,0.0299,False,b002885ddd4bf4aedb447f83c9e783e4492679908bd61fce572a0d02a430f9c7
sports_game_odds,20260803T051009Z-f34e0721,QzGmzxPGyovJ48j1BUHc,g45,401858425,1,1,North Texas,Indiana,draftkings,total,under,55.5,-102,False,False,2026-07-20T20:27:02.954Z,55.5,-102,2026-08-03T05:10:09.838609+00:00,320.7186,24.0,True,False,False,draftkings,2026-07-20T20:27:02.954Z,320.7186,True,4dbaebb6f76d3f9677663ae97a850018383a03dcb333fb3d3ab1f5889cf666ca
sports_game_odds,20260803T051009Z-f34e0721,QzGmzxPGyovJ48j1BUHc,g45,401858425,1,1,North Texas,Indiana,caesars,total,under,55.5,-115,False,False,2026-08-01T03:31:53.000Z,54.5,100,2026-08-03T05:10:09.838609+00:00,49.638,24.0,True,False,False,caesars,2026-08-01T03:31:53.000Z,49.638,True,38363990220d448f7af444a6ab7a6df0306284bd0b09395b15d0cfdb8023afd1
sports_game_odds,20260803T051009Z-f34e0721,QzGmzxPGyovJ48j1BUHc,g45,401858425,1,1,North Texas,Indiana,bovada,total,under,55.5,100,False,False,2026-07-20T20:29:59.701Z,55.5,100,2026-08-03T05:10:09.838609+00:00,320.6695,24.0,True,False,False,bovada,2026-07-20T20:29:59.701Z,320.6695,True,e5cdc6c58d05479cd893cd6a8d90b90d337410d01954055751bce7c6a0049f8d
sports_game_odds,20260803T051009Z-f34e0721,QzGmzxPGyovJ48j1BUHc,g45,401858425,1,1,North Texas,Indiana,betmgm,total,under,55.5,-105,True,False,2026-08-03T05:08:17.000Z,54.5,-110,2026-08-03T05:10:09.838609+00:00,0.0313,24.0,False,True,False,betmgm,2026-08-03T05:08:17.000Z,0.0313,False,5ebb8158db32bc7fe08c1828585ad0dfae8be88b1c9c873f9c52b04b8dc380c9
sports_game_odds,20260803T051009Z-f34e0721,T1iAvSJ2Kf95H9lunvdb,g48,,1,1,Liberty,James Madison,fanduel,spread,away,6.5,-115,True,False,2026-08-03T05:08:22.253Z,6.5,-108,2026-08-03T05:10:09.838609+00:00,0.0299,24.0,False,True,False,fanduel,2026-08-03T05:08:22.253Z,0.0299,False,060cd6d92634a29ce39714013290fb2aca0df068b266ebfa76379fc85b1a799f
sports_game_odds,20260803T051009Z-f34e0721,T1iAvSJ2Kf95H9lunvdb,g48,,1,1,Liberty,James Madison,draftkings,spread,away,6.5,-112,True,False,2026-08-03T05:07:38.000Z,6.0,-110,2026-08-03T05:10:09.838609+00:00,0.0422,24.0,False,True,False,draftkings,2026-08-03T05:07:38.000Z,0.0422,False,d6b2177930b77a22ec45f2ef3a1a7a3232b8baf5b71682dd5bb7216e53a547d2
sports_game_odds,20260803T051009Z-f34e0721,T1iAvSJ2Kf95H9lunvdb,g48,,1,1,Liberty,James Madison,caesars,spread,away,6.5,-112,True,False,2026-08-03T05:08:12.000Z,6.0,-106,2026-08-03T05:10:09.838609+00:00,0.0327,24.0,False,True,False,caesars,2026-08-03T05:08:12.000Z,0.0327,False,1a0d9c031fb143d2b0c448cc6248d9c7a6916676430d8723d9c852855339c4c1
sports_game_odds,20260803T051009Z-f34e0721,T1iAvSJ2Kf95H9lunvdb,g48,,1,1,Liberty,James Madison,bovada,spread,away,6.5,-110,True,False,2026-08-03T05:08:22.000Z,6.0,-110,2026-08-03T05:10:09.838609+00:00,0.03,24.0,False,True,False,bovada,2026-08-03T05:08:22.000Z,0.03,False,39593f1dd441a35098e537927a41647227f3428a1b3ed9be645d6e68bde1962f
sports_game_odds,20260803T051009Z-f34e0721,T1iAvSJ2Kf95H9lunvdb,g48,,1,1,Liberty,James Madison,betmgm,spread,away,6.5,-110,True,False,2026-08-03T05:08:17.000Z,6.5,-110,2026-08-03T05:10:09.838609+00:00,0.0313,24.0,False,True,False,betmgm,2026-08-03T05:08:17.000Z,0.0313,False,31c7b9457de929af34f3f20f904ab382a1bbabfbe5d523383ce88384e56ea121
sports_game_odds,20260803T051009Z-f34e0721,T1iAvSJ2Kf95H9lunvdb,g48,,1,1,Liberty,James Madison,fanduel,spread,home,-6.5,-105,True,False,2026-08-03T05:08:22.253Z,-6.5,-112,2026-08-03T05:10:09.838609+00:00,0.0299,24.0,False,True,False,fanduel,2026-08-03T05:08:22.253Z,0.0299,False,96535102899a731065db257b89607436224c57167b047e85b2826070d09976d7
sports_game_odds,20260803T051009Z-f34e0721,T1iAvSJ2Kf95H9lunvdb,g48,,1,1,Liberty,James Madison,draftkings,spread,home,-6.5,-108,True,False,2026-08-03T05:07:38.000Z,-6.0,-110,2026-08-03T05:10:09.838609+00:00,0.0422,24.0,False,True,False,draftkings,2026-08-03T05:07:38.000Z,0.0422,False,539e8e677bd6d5775d25b6cc6b8ebfa965dbf10c6fa07fc04cd7325398cdda28
sports_game_odds,20260803T051009Z-f34e0721,T1iAvSJ2Kf95H9lunvdb,g48,,1,1,Liberty,James Madison,caesars,spread,home,-6.5,-109,True,False,2026-08-03T05:08:12.000Z,-6.0,-114,2026-08-03T05:10:09.838609+00:00,0.0327,24.0,False,True,False,caesars,2026-08-03T05:08:12.000Z,0.0327,False,4108e8421b830dc85a29399c24f5cddf4872878285b66b17a83528e83b9cfabf
sports_game_odds,20260803T051009Z-f34e0721,T1iAvSJ2Kf95H9lunvdb,g48,,1,1,Liberty,James Madison,bovada,spread,home,-6.5,-110,True,False,2026-08-03T05:08:22.000Z,-6.0,-110,2026-08-03T05:10:09.838609+00:00,0.03,24.0,False,True,False,bovada,2026-08-03T05:08:22.000Z,0.03,False,6bf65dbba1fdfb9761b664df2055a33c54003e81b09e9c675200563dff613ff1
sports_game_odds,20260803T051009Z-f34e0721,T1iAvSJ2Kf95H9lunvdb,g48,,1,1,Liberty,James Madison,betmgm,spread,home,-6.5,-110,True,False,2026-08-03T05:08:17.000Z,-6.5,-110,2026-08-03T05:10:09.838609+00:00,0.0313,24.0,False,True,False,betmgm,2026-08-03T05:08:17.000Z,0.0313,False,5dde40d84f3e1db4325777b391a926db8838747aac58cdf9e18337d82a866d3f
sports_game_odds,20260803T051009Z-f34e0721,T1iAvSJ2Kf95H9lunvdb,g48,,1,1,Liberty,James Madison,fanduel,total,over,52.5,-105,True,False,2026-08-03T05:08:22.253Z,52.5,-105,2026-08-03T05:10:09.838609+00:00,0.0299,24.0,False,True,False,fanduel,2026-08-03T05:08:22.253Z,0.0299,False,2dce8ec400fc4310074b4fd9d205d0b290f668433525f47f9cab9fa5c038fc3a
sports_game_odds,20260803T051009Z-f34e0721,T1iAvSJ2Kf95H9lunvdb,g48,,1,1,Liberty,James Madison,draftkings,total,over,52.5,-110,True,False,2026-08-03T05:07:38.000Z,50.5,-112,2026-08-03T05:10:09.838609+00:00,0.0422,24.0,False,True,False,draftkings,2026-08-03T05:07:38.000Z,0.0422,False,bb06b8e2f1afee772e989308232ed8ecd763591f4fe36013fb479709feb28a81
sports_game_odds,20260803T051009Z-f34e0721,T1iAvSJ2Kf95H9lunvdb,g48,,1,1,Liberty,James Madison,caesars,total,over,52.5,-104,True,False,2026-08-03T05:08:12.000Z,51.5,-109,2026-08-03T05:10:09.838609+00:00,0.0327,24.0,False,True,False,caesars,2026-08-03T05:08:12.000Z,0.0327,False,aefc734353bd33cda337be020394fce6ee748c15495f76c8951d72877289eb9b
sports_game_odds,20260803T051009Z-f34e0721,T1iAvSJ2Kf95H9lunvdb,g48,,1,1,Liberty,James Madison,bovada,total,over,52.5,-110,True,False,2026-08-03T05:08:22.000Z,50.5,-110,2026-08-03T05:10:09.838609+00:00,0.03,24.0,False,True,False,bovada,2026-08-03T05:08:22.000Z,0.03,False,d9c8b70c5fb538cebc23e6ab456094f4a04105bfc9efe9dd1a393ba42556650a
sports_game_odds,20260803T051009Z-f34e0721,T1iAvSJ2Kf95H9lunvdb,g48,,1,1,Liberty,James Madison,betmgm,total,over,51.5,-110,True,False,2026-08-03T05:08:17.000Z,52.5,-105,2026-08-03T05:10:09.838609+00:00,0.0313,24.0,False,True,False,betmgm,2026-08-03T05:08:17.000Z,0.0313,False,cb90c13c21d39a4d62884a6b6dbf05d455c9c0d66aa0897ecae69d0265c80881
sports_game_odds,20260803T051009Z-f34e0721,T1iAvSJ2Kf95H9lunvdb,g48,,1,1,Liberty,James Madison,fanduel,total,under,52.5,-115,True,False,2026-08-03T05:08:22.253Z,52.5,-115,2026-08-03T05:10:09.838609+00:00,0.0299,24.0,False,True,False,fanduel,2026-08-03T05:08:22.253Z,0.0299,False,0056d7b607ec0a590a229f7dcff8898612dccf04dd8a7af21107ddb295da3993
sports_game_odds,20260803T051009Z-f34e0721,T1iAvSJ2Kf95H9lunvdb,g48,,1,1,Liberty,James Madison,draftkings,total,under,52.5,-110,True,False,2026-08-03T05:07:38.000Z,50.5,-108,2026-08-03T05:10:09.838609+00:00,0.0422,24.0,False,True,False,draftkings,2026-08-03T05:07:38.000Z,0.0422,False,020e8e4e644dcc130a616e8a9c35130e0e8860fd520402021605eba8ece3bdaa
sports_game_odds,20260803T051009Z-f34e0721,T1iAvSJ2Kf95H9lunvdb,g48,,1,1,Liberty,James Madison,caesars,total,under,52.5,-117,True,False,2026-08-03T05:08:12.000Z,51.5,-110,2026-08-03T05:10:09.838609+00:00,0.0327,24.0,False,True,False,caesars,2026-08-03T05:08:12.000Z,0.0327,False,471034a7fe7527174838751bade0b7ae6c157842fa2dcf50b97fc98ed4dcfa45
sports_game_odds,20260803T051009Z-f34e0721,T1iAvSJ2Kf95H9lunvdb,g48,,1,1,Liberty,James Madison,bovada,total,under,52.5,-110,True,False,2026-08-03T05:08:22.000Z,50.5,-110,2026-08-03T05:10:09.838609+00:00,0.03,24.0,False,True,False,bovada,2026-08-03T05:08:22.000Z,0.03,False,2819b53965a12203e06e2829ba04223a770c78b61c91ca94f137802efc990324
sports_game_odds,20260803T051009Z-f34e0721,T1iAvSJ2Kf95H9lunvdb,g48,,1,1,Liberty,James Madison,betmgm,total,under,51.5,-110,True,False,2026-08-03T05:08:17.000Z,52.5,-115,2026-08-03T05:10:09.838609+00:00,0.0313,24.0,False,True,False,betmgm,2026-08-03T05:08:17.000Z,0.0313,False,bbd410bea56b530118ff17f67875c9de3d7acccd846d4294f743a711e514bb26
sports_game_odds,20260803T051009Z-f34e0721,T1iAvSJ2Kf95H9lunvdb,g48,,1,1,Liberty,James Madison,fanduel,moneyline,away,,188,True,False,2026-08-03T05:08:22.253Z,195.0,195,2026-08-03T05:10:09.838609+00:00,0.0299,24.0,False,True,False,fanduel,2026-08-03T05:08:22.253Z,0.0299,False,ee76b3e9ee9603c791fd0c0966421661093a3182e631cd3f8f0b4ae30f89d4f1
sports_game_odds,20260803T051009Z-f34e0721,T1iAvSJ2Kf95H9lunvdb,g48,,1,1,Liberty,James Madison,draftkings,moneyline,away,,195,True,False,2026-08-03T05:07:38.000Z,205.0,205,2026-08-03T05:10:09.838609+00:00,0.0422,24.0,False,True,False,draftkings,2026-08-03T05:07:38.000Z,0.0422,False,534593347a589c7e6c803cf685ff5f94cdb72bd91d300d6e18e4c1c0f31f922a
sports_game_odds,20260803T051009Z-f34e0721,T1iAvSJ2Kf95H9lunvdb,g48,,1,1,Liberty,James Madison,caesars,moneyline,away,,199,True,False,2026-08-03T05:08:12.000Z,200.0,200,2026-08-03T05:10:09.838609+00:00,0.0327,24.0,False,True,False,caesars,2026-08-03T05:08:12.000Z,0.0327,False,a608e85b192f472ee967cad0d31e2bdb4339757e3c3e438e083dbce3a74b727d
sports_game_odds,20260803T051009Z-f34e0721,T1iAvSJ2Kf95H9lunvdb,g48,,1,1,Liberty,James Madison,bovada,moneyline,away,,195,True,False,2026-08-03T05:08:22.000Z,210.0,210,2026-08-03T05:10:09.838609+00:00,0.03,24.0,False,True,False,bovada,2026-08-03T05:08:22.000Z,0.03,False,22a758e88aaa82b0f21ce1775e47b0f71ecbfa2edff37c70d7a2f4d6422ff28b
sports_game_odds,20260803T051009Z-f34e0721,T1iAvSJ2Kf95H9lunvdb,g48,,1,1,Liberty,James Madison,betmgm,moneyline,away,,200,True,False,2026-08-03T05:08:17.000Z,200.0,200,2026-08-03T05:10:09.838609+00:00,0.0313,24.0,False,True,False,betmgm,2026-08-03T05:08:17.000Z,0.0313,False,75408dd8eed85b5f66207ddb4a9cced37f228e04db802687cfb10368ffac1d01
sports_game_odds,20260803T051009Z-f34e0721,T1iAvSJ2Kf95H9lunvdb,g48,,1,1,Liberty,James Madison,fanduel,moneyline,home,,-230,True,False,2026-08-03T05:08:22.253Z,-245.0,-245,2026-08-03T05:10:09.838609+00:00,0.0299,24.0,False,True,False,fanduel,2026-08-03T05:08:22.253Z,0.0299,False,c1c01c877ec1a1b2b087e5f76c97e0ce334607ad9746daad32ea10cfef0011b8
sports_game_odds,20260803T051009Z-f34e0721,T1iAvSJ2Kf95H9lunvdb,g48,,1,1,Liberty,James Madison,draftkings,moneyline,home,,-238,True,False,2026-08-03T05:07:38.000Z,-250.0,-250,2026-08-03T05:10:09.838609+00:00,0.0422,24.0,False,True,False,draftkings,2026-08-03T05:07:38.000Z,0.0422,False,4ed7127dc9ee9e96cdd9e0ac69732982c123e05d24065ef5982b5c71a779eac3
sports_game_odds,20260803T051009Z-f34e0721,T1iAvSJ2Kf95H9lunvdb,g48,,1,1,Liberty,James Madison,caesars,moneyline,home,,-240,True,False,2026-08-03T05:08:12.000Z,-245.0,-245,2026-08-03T05:10:09.838609+00:00,0.0327,24.0,False,True,False,caesars,2026-08-03T05:08:12.000Z,0.0327,False,2c5f0462abd0455dde9fd20c6607cec10d5d2e7f90e3673c76d0e27384f52aa7
sports_game_odds,20260803T051009Z-f34e0721,T1iAvSJ2Kf95H9lunvdb,g48,,1,1,Liberty,James Madison,bovada,moneyline,home,,-235,True,False,2026-08-03T05:08:22.000Z,-250.0,-250,2026-08-03T05:10:09.838609+00:00,0.03,24.0,False,True,False,bovada,2026-08-03T05:08:22.000Z,0.03,False,aa42003f8226664724d4f2e04de7e1a17f34c7b3628d62078b252f8f5e895bbd
sports_game_odds,20260803T051009Z-f34e0721,T1iAvSJ2Kf95H9lunvdb,g48,,1,1,Liberty,James Madison,betmgm,moneyline,home,,-250,True,False,2026-08-03T05:08:17.000Z,-250.0,-250,2026-08-03T05:10:09.838609+00:00,0.0313,24.0,False,True,False,betmgm,2026-08-03T05:08:17.000Z,0.0313,False,955b5fdb78dbe911a9f838e4557604032e2ceed3bce53ab2e01137919d18a217
sports_game_odds,20260803T051009Z-f34e0721,eCuBudSWyYuMxRRPiTPz,g29,401862701,1,1,Bryant,Army,fanduel,spread,away,38.5,-105,True,False,2026-08-03T05:08:22.253Z,37.5,-105,2026-08-03T05:10:09.838609+00:00,0.0299,24.0,False,True,False,fanduel,2026-08-03T05:08:22.253Z,0.0299,False,f108b3ffce9ac4b9c5d303125fdfdbb1b941496a252cf9a92811ead2777e5d57
sports_game_odds,20260803T051009Z-f34e0721,eCuBudSWyYuMxRRPiTPz,g29,401862701,1,1,Bryant,Army,fanduel,spread,home,-38.5,-115,True,False,2026-08-03T05:08:22.253Z,-37.5,-115,2026-08-03T05:10:09.838609+00:00,0.0299,24.0,False,True,False,fanduel,2026-08-03T05:08:22.253Z,0.0299,False,bffeb13fe3ffa9441449118643dfe5239aeaedb4f1cbff80a853d8271003a65f
sports_game_odds,20260803T051009Z-f34e0721,eCuBudSWyYuMxRRPiTPz,g29,401862701,1,1,Bryant,Army,fanduel,total,over,51.5,-110,True,False,2026-08-03T05:08:22.253Z,51.5,-110,2026-08-03T05:10:09.838609+00:00,0.0299,24.0,False,True,False,fanduel,2026-08-03T05:08:22.253Z,0.0299,False,f2886fbc6e00c2fb40f9637c20a1e097beff16f5bc9a92a338b80aac6eeb871a
sports_game_odds,20260803T051009Z-f34e0721,eCuBudSWyYuMxRRPiTPz,g29,401862701,1,1,Bryant,Army,fanduel,total,under,51.5,-110,True,False,2026-08-03T05:08:22.253Z,51.5,-110,2026-08-03T05:10:09.838609+00:00,0.0299,24.0,False,True,False,fanduel,2026-08-03T05:08:22.253Z,0.0299,False,9455f9c1f94cffb9a4ef0be92e89bccea6a6d7a521898cebcae49861c1de06bb
sports_game_odds,20260803T051009Z-f34e0721,eCuBudSWyYuMxRRPiTPz,g29,401862701,1,1,Bryant,Army,fanduel,moneyline,away,,8000,True,False,2026-08-03T05:08:22.253Z,8000.0,8000,2026-08-03T05:10:09.838609+00:00,0.0299,24.0,False,True,False,fanduel,2026-08-03T05:08:22.253Z,0.0299,False,5b347686f162913c229f044d6a73a0d5244c9e7d3dddec19c44761df7cfe2817
sports_game_odds,20260803T051009Z-f34e0721,hc8OWcoYDJuOEBl3XfFJ,g82,401858208,1,1,New Hampshire,Syracuse,fanduel,spread,away,32.5,-105,True,False,2026-08-03T05:08:22.253Z,27.5,-112,2026-08-03T05:10:09.838609+00:00,0.0299,24.0,False,True,False,fanduel,2026-08-03T05:08:22.253Z,0.0299,False,a4fe9893321fc201f207a551dc32dc9b992fff09d67cd455c5fb48e142a534ea
sports_game_odds,20260803T051009Z-f34e0721,hc8OWcoYDJuOEBl3XfFJ,g82,401858208,1,1,New Hampshire,Syracuse,fanduel,spread,home,-32.5,-115,True,False,2026-08-03T05:08:22.253Z,-27.5,-108,2026-08-03T05:10:09.838609+00:00,0.0299,24.0,False,True,False,fanduel,2026-08-03T05:08:22.253Z,0.0299,False,acc863b967ebd3804fa1e4b69cdc35a83e1a7697fc0b9b4c8129aabd5a335556
sports_game_odds,20260803T051009Z-f34e0721,hc8OWcoYDJuOEBl3XfFJ,g82,401858208,1,1,New Hampshire,Syracuse,fanduel,total,over,57.5,-110,True,False,2026-08-03T05:08:22.253Z,49.5,-110,2026-08-03T05:10:09.838609+00:00,0.0299,24.0,False,True,False,fanduel,2026-08-03T05:08:22.253Z,0.0299,False,d880fd19f4c4006a022daa19e60d62b474d7c55130e17163ae6d84709bb3b64a
sports_game_odds,20260803T051009Z-f34e0721,hc8OWcoYDJuOEBl3XfFJ,g82,401858208,1,1,New Hampshire,Syracuse,fanduel,total,under,57.5,-110,True,False,2026-08-03T05:08:22.253Z,49.5,-110,2026-08-03T05:10:09.838609+00:00,0.0299,24.0,False,True,False,fanduel,2026-08-03T05:08:22.253Z,0.0299,False,9529d355808a5cf3c8b2108783ef93053ea85e8c6292632a2dd308c9660974bb
sports_game_odds,20260803T051009Z-f34e0721,hc8OWcoYDJuOEBl3XfFJ,g82,401858208,1,1,New Hampshire,Syracuse,fanduel,moneyline,away,,3500,True,False,2026-08-03T05:08:22.253Z,2000.0,2000,2026-08-03T05:10:09.838609+00:00,0.0299,24.0,False,True,False,fanduel,2026-08-03T05:08:22.253Z,0.0299,False,506087d201a869c222c1d0bd0cf14fc40927e75092169ca4c1ac0b6ac0472a8d
sports_game_odds,20260803T051009Z-f34e0721,hc8OWcoYDJuOEBl3XfFJ,g82,401858208,1,1,New Hampshire,Syracuse,fanduel,moneyline,home,,-20000,True,False,2026-08-03T05:08:22.253Z,-7000.0,-7000,2026-08-03T05:10:09.838609+00:00,0.0299,24.0,False,True,False,fanduel,2026-08-03T05:08:22.253Z,0.0299,False,7170fcdbe6263e4fd7f9c97648e06d7a9d7cf54d9e73100a4495a6af8212b49a
sports_game_odds,20260803T051009Z-f34e0721,ndZjaKF9HZGCGNyZ1w45,g73,401858207,1,1,Miami-OH,Pittsburgh,fanduel,spread,away,16.5,-105,True,False,2026-08-03T05:08:22.253Z,15.5,-105,2026-08-03T05:10:09.838609+00:00,0.0299,24.0,False,True,False,fanduel,2026-08-03T05:08:22.253Z,0.0299,False,f17a658f39f2005482acd9da5e017ca834af3439dd8e9a036277eeaa15129f38
sports_game_odds,20260803T051009Z-f34e0721,ndZjaKF9HZGCGNyZ1w45,g73,401858207,1,1,Miami-OH,Pittsburgh,draftkings,spread,away,16.5,-115,True,False,2026-08-03T05:08:22.214Z,15.5,-110,2026-08-03T05:10:09.838609+00:00,0.0299,24.0,False,True,False,draftkings,2026-08-03T05:08:22.214Z,0.0299,False,3aee68bac6eb5fd1705f6a20c896d002f90f4a81bbd67d7dddac8d030577830f
sports_game_odds,20260803T051009Z-f34e0721,ndZjaKF9HZGCGNyZ1w45,g73,401858207,1,1,Miami-OH,Pittsburgh,caesars,spread,away,16.5,-108,True,False,2026-08-03T05:08:12.000Z,15.5,-104,2026-08-03T05:10:09.838609+00:00,0.0327,24.0,False,True,False,caesars,2026-08-03T05:08:12.000Z,0.0327,False,9dea26e9bd73ad9e02ecc665fd63917d27c669ef19757a3596b6e38ffd0fe857
sports_game_odds,20260803T051009Z-f34e0721,ndZjaKF9HZGCGNyZ1w45,g73,401858207,1,1,Miami-OH,Pittsburgh,bovada,spread,away,16.5,-115,True,False,2026-08-03T05:08:22.000Z,15.5,-110,2026-08-03T05:10:09.838609+00:00,0.03,24.0,False,True,False,bovada,2026-08-03T05:08:22.000Z,0.03,False,c341f7a175e7b478f88baf75ea751332357c8c4ac7f9fd3e4a3faa89075fa1d6
sports_game_odds,20260803T051009Z-f34e0721,ndZjaKF9HZGCGNyZ1w45,g73,401858207,1,1,Miami-OH,Pittsburgh,fanduel,spread,home,-16.5,-115,True,False,2026-08-03T05:08:22.253Z,-15.5,-115,2026-08-03T05:10:09.838609+00:00,0.0299,24.0,False,True,False,fanduel,2026-08-03T05:08:22.253Z,0.0299,False,045b0567f10eb07641393c7b8213a70e4072701a95c1d435c5bbe8ba28aafd31
sports_game_odds,20260803T051009Z-f34e0721,ndZjaKF9HZGCGNyZ1w45,g73,401858207,1,1,Miami-OH,Pittsburgh,draftkings,spread,home,-16.5,-105,True,False,2026-08-03T05:08:22.214Z,-15.5,-110,2026-08-03T05:10:09.838609+00:00,0.0299,24.0,False,True,False,draftkings,2026-08-03T05:08:22.214Z,0.0299,False,49c0b53b7f353f4d1840c12153351b107c5a1ede5d3a0e0bd05aab553fff268b
sports_game_odds,20260803T051009Z-f34e0721,ndZjaKF9HZGCGNyZ1w45,g73,401858207,1,1,Miami-OH,Pittsburgh,caesars,spread,home,-16.5,-112,True,False,2026-08-03T05:08:12.000Z,-15.5,-117,2026-08-03T05:10:09.838609+00:00,0.0327,24.0,False,True,False,caesars,2026-08-03T05:08:12.000Z,0.0327,False,0f835e0909aa022c00c52232ce62f0f1e51c09f91407ce4ee7114e524fe20b07
sports_game_odds,20260803T051009Z-f34e0721,ndZjaKF9HZGCGNyZ1w45,g73,401858207,1,1,Miami-OH,Pittsburgh,bovada,spread,home,-16.5,-105,True,False,2026-08-03T05:08:22.000Z,-15.5,-110,2026-08-03T05:10:09.838609+00:00,0.03,24.0,False,True,False,bovada,2026-08-03T05:08:22.000Z,0.03,False,63fe53a0fd578b90ab7760fad182627972aafb2cd393964c0c9e0d8cf765e048
sports_game_odds,20260803T051009Z-f34e0721,ndZjaKF9HZGCGNyZ1w45,g73,401858207,1,1,Miami-OH,Pittsburgh,betmgm,spread,home,-16.5,-110,True,False,2026-08-03T05:08:04.700Z,-16.5,-110,2026-08-03T05:10:09.838609+00:00,0.0348,24.0,False,True,False,betmgm,2026-08-03T05:08:04.700Z,0.0348,False,6457a1f791eefc3cfc908903c726180f4515c7414b54d549d4e42c6249d6397f
sports_game_odds,20260803T051009Z-f34e0721,ndZjaKF9HZGCGNyZ1w45,g73,401858207,1,1,Miami-OH,Pittsburgh,fanduel,total,over,50.5,-110,True,False,2026-08-03T05:08:22.253Z,49.5,-110,2026-08-03T05:10:09.838609+00:00,0.0299,24.0,False,True,False,fanduel,2026-08-03T05:08:22.253Z,0.0299,False,cb5ff064d066e5e7c7ac72cf4f9480afb8d7bf674affd288ba0694e55afd2e91
sports_game_odds,20260803T051009Z-f34e0721,ndZjaKF9HZGCGNyZ1w45,g73,401858207,1,1,Miami-OH,Pittsburgh,draftkings,total,over,50.5,-112,True,False,2026-08-03T05:08:22.214Z,50.5,-115,2026-08-03T05:10:09.838609+00:00,0.0299,24.0,False,True,False,draftkings,2026-08-03T05:08:22.214Z,0.0299,False,1cae35477d87e3d1377dd71c8502b872d128a7903442f74ec48debe6679ced5f
sports_game_odds,20260803T051009Z-f34e0721,ndZjaKF9HZGCGNyZ1w45,g73,401858207,1,1,Miami-OH,Pittsburgh,bovada,total,over,50.5,-110,True,False,2026-08-03T05:08:22.000Z,50.5,-115,2026-08-03T05:10:09.838609+00:00,0.03,24.0,False,True,False,bovada,2026-08-03T05:08:22.000Z,0.03,False,34153c9d1ac9658213ef39aa92abc92e6c00aa145aa1717939ac21e7f292d937
sports_game_odds,20260803T051009Z-f34e0721,ndZjaKF9HZGCGNyZ1w45,g73,401858207,1,1,Miami-OH,Pittsburgh,caesars,total,over,50.5,-113,True,False,2026-08-03T05:08:12.000Z,50.5,-113,2026-08-03T05:10:09.838609+00:00,0.0327,24.0,False,True,False,caesars,2026-08-03T05:08:12.000Z,0.0327,False,60ff96b5c07a148a4cd21b252ad4da38859a5e0b11228313306fc75d31c83ae9
sports_game_odds,20260803T051009Z-f34e0721,ndZjaKF9HZGCGNyZ1w45,g73,401858207,1,1,Miami-OH,Pittsburgh,betmgm,total,over,50.5,-110,True,False,2026-08-03T05:08:17.000Z,50.5,-110,2026-08-03T05:10:09.838609+00:00,0.0313,24.0,False,True,False,betmgm,2026-08-03T05:08:17.000Z,0.0313,False,615547681ad0d901c2cc9c0f74f07b1e8f537e83868481d877f14bd400895a73
sports_game_odds,20260803T051009Z-f34e0721,ndZjaKF9HZGCGNyZ1w45,g73,401858207,1,1,Miami-OH,Pittsburgh,fanduel,total,under,50.5,-110,True,False,2026-08-03T05:08:22.253Z,49.5,-110,2026-08-03T05:10:09.838609+00:00,0.0299,24.0,False,True,False,fanduel,2026-08-03T05:08:22.253Z,0.0299,False,c9b72fe2f7912544f1ce741ca6ced7e043d52f37b77385d258eb8b5ed1de1cac
sports_game_odds,20260803T051009Z-f34e0721,ndZjaKF9HZGCGNyZ1w45,g73,401858207,1,1,Miami-OH,Pittsburgh,draftkings,total,under,50.5,-108,True,False,2026-08-03T05:08:22.214Z,50.5,-105,2026-08-03T05:10:09.838609+00:00,0.0299,24.0,False,True,False,draftkings,2026-08-03T05:08:22.214Z,0.0299,False,7383d3f2f177fac7adf8c8d1c69adaadd1ea72fec4dbc554dec7bb02d3d2cff3
sports_game_odds,20260803T051009Z-f34e0721,ndZjaKF9HZGCGNyZ1w45,g73,401858207,1,1,Miami-OH,Pittsburgh,bovada,total,under,50.5,-110,True,False,2026-08-03T05:08:22.000Z,50.5,-105,2026-08-03T05:10:09.838609+00:00,0.03,24.0,False,True,False,bovada,2026-08-03T05:08:22.000Z,0.03,False,9d07c147fc246ce6c7f7e505c812f8a9431bdd122a061e29cbd3321b11babdd7
sports_game_odds,20260803T051009Z-f34e0721,ndZjaKF9HZGCGNyZ1w45,g73,401858207,1,1,Miami-OH,Pittsburgh,caesars,total,under,50.5,-108,True,False,2026-08-03T05:08:12.000Z,50.5,-108,2026-08-03T05:10:09.838609+00:00,0.0327,24.0,False,True,False,caesars,2026-08-03T05:08:12.000Z,0.0327,False,48c43aa804b82c5df4787166032506c4bee101055680a1d63a4ac9d414900d8d
sports_game_odds,20260803T051009Z-f34e0721,ndZjaKF9HZGCGNyZ1w45,g73,401858207,1,1,Miami-OH,Pittsburgh,betmgm,total,under,50.5,-110,True,False,2026-08-03T05:08:17.000Z,50.5,-110,2026-08-03T05:10:09.838609+00:00,0.0313,24.0,False,True,False,betmgm,2026-08-03T05:08:17.000Z,0.0313,False,0e4a65b8395ab9b074bc25dee18a10e44b285c35948872070dc5517dde2b23d4
sports_game_odds,20260803T051009Z-f34e0721,ndZjaKF9HZGCGNyZ1w45,g73,401858207,1,1,Miami-OH,Pittsburgh,fanduel,moneyline,away,,610,True,False,2026-08-03T05:08:22.253Z,580.0,580,2026-08-03T05:10:09.838609+00:00,0.0299,24.0,False,True,False,fanduel,2026-08-03T05:08:22.253Z,0.0299,False,2c557e4eac7dc31f8c674a5e0a037f88c49ba32d54d48d7f4539b21f5776ad33
sports_game_odds,20260803T051009Z-f34e0721,ndZjaKF9HZGCGNyZ1w45,g73,401858207,1,1,Miami-OH,Pittsburgh,draftkings,moneyline,away,,550,True,False,2026-08-03T05:08:22.214Z,525.0,525,2026-08-03T05:10:09.838609+00:00,0.0299,24.0,False,True,False,draftkings,2026-08-03T05:08:22.214Z,0.0299,False,799f05e9ab439e49b98fa6dbce2d3d669640a4ae7ef5d60b1b1315d3d470572c
sports_game_odds,20260803T051009Z-f34e0721,ndZjaKF9HZGCGNyZ1w45,g73,401858207,1,1,Miami-OH,Pittsburgh,caesars,moneyline,away,,550,True,False,2026-08-03T05:08:12.000Z,550.0,550,2026-08-03T05:10:09.838609+00:00,0.0327,24.0,False,True,False,caesars,2026-08-03T05:08:12.000Z,0.0327,False,cf8df122dafc3847b6cd288eb399c356937b1e012110b19b5948f4c726921243
sports_game_odds,20260803T051009Z-f34e0721,ndZjaKF9HZGCGNyZ1w45,g73,401858207,1,1,Miami-OH,Pittsburgh,bovada,moneyline,away,,550,True,False,2026-08-03T05:08:22.000Z,525.0,525,2026-08-03T05:10:09.838609+00:00,0.03,24.0,False,True,False,bovada,2026-08-03T05:08:22.000Z,0.03,False,2a79defed19d6cb28c91a452c31f48d8f89fb9d0854450f7e45ebfb26737e372
sports_game_odds,20260803T051009Z-f34e0721,ndZjaKF9HZGCGNyZ1w45,g73,401858207,1,1,Miami-OH,Pittsburgh,betmgm,moneyline,away,,575,True,False,2026-08-03T05:08:17.000Z,575.0,575,2026-08-03T05:10:09.838609+00:00,0.0313,24.0,False,True,False,betmgm,2026-08-03T05:08:17.000Z,0.0313,False,7d9ed50b4ba20642dcf4192cfe156f3721d3321c3d23acb5fff767c5bc86c84d
sports_game_odds,20260803T051009Z-f34e0721,ndZjaKF9HZGCGNyZ1w45,g73,401858207,1,1,Miami-OH,Pittsburgh,fanduel,moneyline,home,,-950,True,False,2026-08-03T05:08:22.253Z,-880.0,-880,2026-08-03T05:10:09.838609+00:00,0.0299,24.0,False,True,False,fanduel,2026-08-03T05:08:22.253Z,0.0299,False,a261873bbc1712a6b62c98c059c97aacd8a57e1bc97f1d70183da04cb28696f9
sports_game_odds,20260803T051009Z-f34e0721,ndZjaKF9HZGCGNyZ1w45,g73,401858207,1,1,Miami-OH,Pittsburgh,draftkings,moneyline,home,,-800,True,False,2026-08-03T05:08:22.214Z,-750.0,-750,2026-08-03T05:10:09.838609+00:00,0.0299,24.0,False,True,False,draftkings,2026-08-03T05:08:22.214Z,0.0299,False,65a4317c7dee0c7de170b2ce6ce7f0685466a2c2f562e818042e16b3e207b9d4
sports_game_odds,20260803T051009Z-f34e0721,ndZjaKF9HZGCGNyZ1w45,g73,401858207,1,1,Miami-OH,Pittsburgh,caesars,moneyline,home,,-850,True,False,2026-08-03T05:08:12.000Z,-850.0,-850,2026-08-03T05:10:09.838609+00:00,0.0327,24.0,False,True,False,caesars,2026-08-03T05:08:12.000Z,0.0327,False,586a37eca1f9e22e62e1b99088b5956e41bdd8dc370b3dc640960cd2a144f70a
sports_game_odds,20260803T051009Z-f34e0721,ndZjaKF9HZGCGNyZ1w45,g73,401858207,1,1,Miami-OH,Pittsburgh,bovada,moneyline,home,,-850,True,False,2026-08-03T05:08:22.000Z,-800.0,-800,2026-08-03T05:10:09.838609+00:00,0.03,24.0,False,True,False,bovada,2026-08-03T05:08:22.000Z,0.03,False,7661995d5df0f877ab3d3d226217ebe342e61cd9321ec4bdf9c4c6fc974a1eb7
sports_game_odds,20260803T051009Z-f34e0721,ndZjaKF9HZGCGNyZ1w45,g73,401858207,1,1,Miami-OH,Pittsburgh,betmgm,moneyline,home,,-800,True,False,2026-08-03T05:08:17.000Z,-800.0,-800,2026-08-03T05:10:09.838609+00:00,0.0313,24.0,False,True,False,betmgm,2026-08-03T05:08:17.000Z,0.0313,False,cf8c595699d9769344ae29d83725f1ab92d82d335133c533f5a95127cd84459a
sports_game_odds,20260803T051009Z-f34e0721,GG3fOKVE2R9vCGktXb9Z,g68,401858432,1,1,Ball State,Ohio State,fanduel,spread,away,50.5,-115,False,False,2026-07-22T02:06:12.872Z,50.5,-115,2026-08-03T05:10:09.838609+00:00,291.0658,24.0,True,False,False,fanduel,2026-07-22T02:06:12.872Z,291.0658,True,c6025c2330976340d22fc8a8e46f85475c518ca432c2a92da449adf3aafee45f
sports_game_odds,20260803T051009Z-f34e0721,GG3fOKVE2R9vCGktXb9Z,g68,401858432,1,1,Ball State,Ohio State,draftkings,spread,away,50.5,-112,True,False,2026-08-03T05:08:22.214Z,50.5,-112,2026-08-03T05:10:09.838609+00:00,0.0299,24.0,False,True,False,draftkings,2026-08-03T05:08:22.214Z,0.0299,False,9456e84b4a9f265d30ce91d172f7dd512e94bf15b4c3889cb92c74c0f07de02b
sports_game_odds,20260803T051009Z-f34e0721,GG3fOKVE2R9vCGktXb9Z,g68,401858432,1,1,Ball State,Ohio State,caesars,spread,away,50.5,-112,True,False,2026-08-03T05:08:12.000Z,50.5,-114,2026-08-03T05:10:09.838609+00:00,0.0327,24.0,False,True,False,caesars,2026-08-03T05:08:12.000Z,0.0327,False,865b966f33a2a86043846cdbc34bf1f9a095e7bfdde2e5b51aab4264e678eaf7
sports_game_odds,20260803T051009Z-f34e0721,GG3fOKVE2R9vCGktXb9Z,g68,401858432,1,1,Ball State,Ohio State,bovada,spread,away,50.5,-110,True,False,2026-08-03T05:08:22.000Z,50.5,-110,2026-08-03T05:10:09.838609+00:00,0.03,24.0,False,True,False,bovada,2026-08-03T05:08:22.000Z,0.03,False,6bf5b98c9a2f504d37ad9266d4135cf61250e3d82d2b68021e102cb09d6e3763
sports_game_odds,20260803T051009Z-f34e0721,GG3fOKVE2R9vCGktXb9Z,g68,401858432,1,1,Ball State,Ohio State,betmgm,spread,away,50.5,-110,True,False,2026-08-03T05:08:17.000Z,50.5,-110,2026-08-03T05:10:09.838609+00:00,0.0313,24.0,False,True,False,betmgm,2026-08-03T05:08:17.000Z,0.0313,False,95df53bd68b37a8feed4f335b532620146f44865b00d25e9b7639af5e300050a
sports_game_odds,20260803T051009Z-f34e0721,GG3fOKVE2R9vCGktXb9Z,g68,401858432,1,1,Ball State,Ohio State,fanduel,spread,home,-50.5,-105,False,False,2026-07-22T02:06:12.872Z,-50.5,-105,2026-08-03T05:10:09.838609+00:00,291.0658,24.0,True,False,False,fanduel,2026-07-22T02:06:12.872Z,291.0658,True,d4caa1e876ea8084d4f2bc2ed548e812ee95051aa3b38ce5bb2352e3cf8237f6
sports_game_odds,20260803T051009Z-f34e0721,GG3fOKVE2R9vCGktXb9Z,g68,401858432,1,1,Ball State,Ohio State,draftkings,spread,home,-50.5,-108,True,False,2026-08-03T05:08:22.214Z,-50.5,-108,2026-08-03T05:10:09.838609+00:00,0.0299,24.0,False,True,False,draftkings,2026-08-03T05:08:22.214Z,0.0299,False,fdeb563fab5e84115e666a11a820f0a54443b1afb5bf9360345826b293a516f5
sports_game_odds,20260803T051009Z-f34e0721,GG3fOKVE2R9vCGktXb9Z,g68,401858432,1,1,Ball State,Ohio State,caesars,spread,home,-50.5,-108,True,False,2026-08-03T05:08:12.000Z,-50.5,-106,2026-08-03T05:10:09.838609+00:00,0.0327,24.0,False,True,False,caesars,2026-08-03T05:08:12.000Z,0.0327,False,0ecf4935172a08fd99aa45a79c2f135d28a083ace77aa88effa7c33b9fd334e1
sports_game_odds,20260803T051009Z-f34e0721,GG3fOKVE2R9vCGktXb9Z,g68,401858432,1,1,Ball State,Ohio State,bovada,spread,home,-50.5,-110,True,False,2026-08-03T05:08:22.000Z,-50.5,-110,2026-08-03T05:10:09.838609+00:00,0.03,24.0,False,True,False,bovada,2026-08-03T05:08:22.000Z,0.03,False,2f3f9c11b7bc7fb35f1d0b9daaf6672ba0ecf87e7957538c059337c84ba3271c
sports_game_odds,20260803T051009Z-f34e0721,GG3fOKVE2R9vCGktXb9Z,g68,401858432,1,1,Ball State,Ohio State,betmgm,spread,home,-50.5,-110,True,False,2026-08-03T05:08:17.000Z,-50.5,-110,2026-08-03T05:10:09.838609+00:00,0.0313,24.0,False,True,False,betmgm,2026-08-03T05:08:17.000Z,0.0313,False,6484526c42fa0fdcc28882be3d844b9dd7c867aeddc55c7036ecb478a242cb32
sports_game_odds,20260803T051009Z-f34e0721,GG3fOKVE2R9vCGktXb9Z,g68,401858432,1,1,Ball State,Ohio State,fanduel,total,over,56.5,-110,True,False,2026-08-03T05:08:22.253Z,57.5,-115,2026-08-03T05:10:09.838609+00:00,0.0299,24.0,False,True,False,fanduel,2026-08-03T05:08:22.253Z,0.0299,False,40ae4b1e2d9999f546dc73fb51fbaada9a381a5c16b5ad0783c74be2bf745d54
sports_game_odds,20260803T051009Z-f34e0721,GG3fOKVE2R9vCGktXb9Z,g68,401858432,1,1,Ball State,Ohio State,draftkings,total,over,56.5,-115,True,False,2026-08-03T05:08:22.214Z,56.5,-112,2026-08-03T05:10:09.838609+00:00,0.0299,24.0,False,True,False,draftkings,2026-08-03T05:08:22.214Z,0.0299,False,8959fe6f0b9fd957a0384b23a54742dea06d52088ba7ba661dcc0dccfddfea45
sports_game_odds,20260803T051009Z-f34e0721,GG3fOKVE2R9vCGktXb9Z,g68,401858432,1,1,Ball State,Ohio State,bovada,total,over,56.5,-115,True,False,2026-08-03T05:08:22.000Z,56.5,-110,2026-08-03T05:10:09.838609+00:00,0.03,24.0,False,True,False,bovada,2026-08-03T05:08:22.000Z,0.03,False,5ce2e572e2df1f3533dbd16f551b3623b3ea0d421bb97573ad524bc32a26970f
sports_game_odds,20260803T051009Z-f34e0721,GG3fOKVE2R9vCGktXb9Z,g68,401858432,1,1,Ball State,Ohio State,caesars,total,over,56.5,-113,True,False,2026-08-03T05:08:12.000Z,56.5,-113,2026-08-03T05:10:09.838609+00:00,0.0327,24.0,False,True,False,caesars,2026-08-03T05:08:12.000Z,0.0327,False,143f751ac26ec5866271fafc9b2d0873e17973b273539c0ea09f3de27fe409e4
sports_game_odds,20260803T051009Z-f34e0721,GG3fOKVE2R9vCGktXb9Z,g68,401858432,1,1,Ball State,Ohio State,betmgm,total,over,56.5,-110,True,False,2026-08-03T05:08:17.000Z,56.5,-110,2026-08-03T05:10:09.838609+00:00,0.0313,24.0,False,True,False,betmgm,2026-08-03T05:08:17.000Z,0.0313,False,e9cfcf1e383b48bace42afb85e14d22a966b852eb8a318c218b0774d29fe4b34
sports_game_odds,20260803T051009Z-f34e0721,GG3fOKVE2R9vCGktXb9Z,g68,401858432,1,1,Ball State,Ohio State,fanduel,total,under,56.5,-110,True,False,2026-08-03T05:08:22.253Z,57.5,-105,2026-08-03T05:10:09.838609+00:00,0.0299,24.0,False,True,False,fanduel,2026-08-03T05:08:22.253Z,0.0299,False,1eb5b21ea28edf6f0c311e126a90c45935b1cdb502e0e4a08ee52cdcda75e1e9
sports_game_odds,20260803T051009Z-f34e0721,GG3fOKVE2R9vCGktXb9Z,g68,401858432,1,1,Ball State,Ohio State,draftkings,total,under,56.5,-105,True,False,2026-08-03T05:08:22.214Z,56.5,-108,2026-08-03T05:10:09.838609+00:00,0.0299,24.0,False,True,False,draftkings,2026-08-03T05:08:22.214Z,0.0299,False,e942ee274ea5cdfd9304c8a9a69059eb4dd3288c3f008502a900cd889f5783ba
sports_game_odds,20260803T051009Z-f34e0721,GG3fOKVE2R9vCGktXb9Z,g68,401858432,1,1,Ball State,Ohio State,bovada,total,under,56.5,-105,True,False,2026-08-03T05:08:22.000Z,56.5,-110,2026-08-03T05:10:09.838609+00:00,0.03,24.0,False,True,False,bovada,2026-08-03T05:08:22.000Z,0.03,False,de98267e2465bb704222a13154c14d9f9c08eec46428aafb472c4cfb45b49cb8
sports_game_odds,20260803T051009Z-f34e0721,GG3fOKVE2R9vCGktXb9Z,g68,401858432,1,1,Ball State,Ohio State,caesars,total,under,56.5,-107,True,False,2026-08-03T05:08:12.000Z,56.5,-108,2026-08-03T05:10:09.838609+00:00,0.0327,24.0,False,True,False,caesars,2026-08-03T05:08:12.000Z,0.0327,False,977b4c60f5b5e169dbb52e06d8ab456d97807cd5cd7d96969309a62ca0163642
sports_game_odds,20260803T051009Z-f34e0721,GG3fOKVE2R9vCGktXb9Z,g68,401858432,1,1,Ball State,Ohio State,betmgm,total,under,56.5,-110,True,False,2026-08-03T05:08:17.000Z,56.5,-110,2026-08-03T05:10:09.838609+00:00,0.0313,24.0,False,True,False,betmgm,2026-08-03T05:08:17.000Z,0.0313,False,f24f3b4f2cc082abca6594b9217234b16ed679287671280de4f7627479ade40d
sports_game_odds,20260803T051009Z-f34e0721,GG3fOKVE2R9vCGktXb9Z,g68,401858432,1,1,Ball State,Ohio State,fanduel,moneyline,away,,8000,False,False,2026-07-22T02:06:12.872Z,8000.0,8000,2026-08-03T05:10:09.838609+00:00,291.0658,24.0,True,False,False,fanduel,2026-07-22T02:06:12.872Z,291.0658,True,6b7a1a2d9f8c13c1cf732051677f318e04896c8502b8277b1bda90d2fcdc65b1
sports_game_odds,20260803T051009Z-f34e0721,Vv702wdDL9UTjPpUz33t,g79,401856665,1,1,Kent State,South Carolina,fanduel,spread,away,34.5,-102,True,False,2026-08-03T05:08:22.253Z,34.5,-108,2026-08-03T05:10:09.838609+00:00,0.0299,24.0,False,True,False,fanduel,2026-08-03T05:08:22.253Z,0.0299,False,539ea79e3edfc0e7e6e924d6039fae14e37156e9d10e95a624d0fa9b211be1a2
sports_game_odds,20260803T051009Z-f34e0721,Vv702wdDL9UTjPpUz33t,g79,401856665,1,1,Kent State,South Carolina,draftkings,spread,away,34.5,-112,True,False,2026-08-03T05:08:22.214Z,34.5,-110,2026-08-03T05:10:09.838609+00:00,0.0299,24.0,False,True,False,draftkings,2026-08-03T05:08:22.214Z,0.0299,False,6fbecd73d1e9221420a126071b854680b10a77c8647ae52bb02e226d98026b90
sports_game_odds,20260803T051009Z-f34e0721,Vv702wdDL9UTjPpUz33t,g79,401856665,1,1,Kent State,South Carolina,caesars,spread,away,34.5,-108,True,False,2026-08-03T05:08:12.000Z,34.5,-108,2026-08-03T05:10:09.838609+00:00,0.0327,24.0,False,True,False,caesars,2026-08-03T05:08:12.000Z,0.0327,False,1751aef05a95618b7f6905f903a3448a7fe73a18fb6e234d7bdd6ff18ba5144e
sports_game_odds,20260803T051009Z-f34e0721,Vv702wdDL9UTjPpUz33t,g79,401856665,1,1,Kent State,South Carolina,bovada,spread,away,34.5,-110,True,False,2026-08-03T05:08:22.000Z,34.5,-110,2026-08-03T05:10:09.838609+00:00,0.03,24.0,False,True,False,bovada,2026-08-03T05:08:22.000Z,0.03,False,02096d09262d69c74404eaceb3823109a4bd81ba9e598081c3b97a34f5511173
sports_game_odds,20260803T051009Z-f34e0721,Vv702wdDL9UTjPpUz33t,g79,401856665,1,1,Kent State,South Carolina,betmgm,spread,away,34.5,-105,True,False,2026-08-03T05:08:17.000Z,34.5,-110,2026-08-03T05:10:09.838609+00:00,0.0313,24.0,False,True,False,betmgm,2026-08-03T05:08:17.000Z,0.0313,False,404ef5e56fda7331d49d3e6a013e0cc197a89ac6f2f5a4221a9a5cd686de1b54
sports_game_odds,20260803T051009Z-f34e0721,Vv702wdDL9UTjPpUz33t,g79,401856665,1,1,Kent State,South Carolina,fanduel,spread,home,-34.5,-120,True,False,2026-08-03T05:08:22.253Z,-34.5,-112,2026-08-03T05:10:09.838609+00:00,0.0299,24.0,False,True,False,fanduel,2026-08-03T05:08:22.253Z,0.0299,False,9c5d80c3c82c37c4732b532d8f7bc22496b8cd01de971131725c8a4a4f402ce9
sports_game_odds,20260803T051009Z-f34e0721,Vv702wdDL9UTjPpUz33t,g79,401856665,1,1,Kent State,South Carolina,draftkings,spread,home,-34.5,-108,True,False,2026-08-03T05:08:22.214Z,-34.5,-110,2026-08-03T05:10:09.838609+00:00,0.0299,24.0,False,True,False,draftkings,2026-08-03T05:08:22.214Z,0.0299,False,7719d0de04af4cd553d5d8a6715648d4f075695a7e22fee59d8c68de2e8990df
sports_game_odds,20260803T051009Z-f34e0721,Vv702wdDL9UTjPpUz33t,g79,401856665,1,1,Kent State,South Carolina,caesars,spread,home,-34.5,-114,True,False,2026-08-03T05:08:12.000Z,-34.5,-114,2026-08-03T05:10:09.838609+00:00,0.0327,24.0,False,True,False,caesars,2026-08-03T05:08:12.000Z,0.0327,False,21b9e8fa8b2d6ddf17d42ee5e652d3e73aa8509b4e048517855eb5821c5b58f5
sports_game_odds,20260803T051009Z-f34e0721,Vv702wdDL9UTjPpUz33t,g79,401856665,1,1,Kent State,South Carolina,bovada,spread,home,-34.5,-110,True,False,2026-08-03T05:08:22.000Z,-34.5,-110,2026-08-03T05:10:09.838609+00:00,0.03,24.0,False,True,False,bovada,2026-08-03T05:08:22.000Z,0.03,False,ee70fe83ccbccc9fecf8a885367cd5dc5e856c9b2a55d1ee416006ea7b1fe9b8
sports_game_odds,20260803T051009Z-f34e0721,Vv702wdDL9UTjPpUz33t,g79,401856665,1,1,Kent State,South Carolina,betmgm,spread,home,-34.5,-115,True,False,2026-08-03T05:08:17.000Z,-34.5,-110,2026-08-03T05:10:09.838609+00:00,0.0313,24.0,False,True,False,betmgm,2026-08-03T05:08:17.000Z,0.0313,False,3688216e46fcc5eedab437af7b4fbcfb91e3f5d6b597d2927411d96b2d6d22fc
sports_game_odds,20260803T051009Z-f34e0721,Vv702wdDL9UTjPpUz33t,g79,401856665,1,1,Kent State,South Carolina,fanduel,total,over,53.5,-110,True,False,2026-08-03T05:08:22.253Z,51.5,-105,2026-08-03T05:10:09.838609+00:00,0.0299,24.0,False,True,False,fanduel,2026-08-03T05:08:22.253Z,0.0299,False,bbb0d0c392665196860c6c3f3761964b3129eb47f3e002951875420b4db494d8
sports_game_odds,20260803T051009Z-f34e0721,Vv702wdDL9UTjPpUz33t,g79,401856665,1,1,Kent State,South Carolina,draftkings,total,over,52.5,-108,True,False,2026-08-03T05:08:22.214Z,52.5,-105,2026-08-03T05:10:09.838609+00:00,0.0299,24.0,False,True,False,draftkings,2026-08-03T05:08:22.214Z,0.0299,False,3f9005d6068daf243915794e9427ccf992ab53db7b7569b8ec86bc4a3b64e794
sports_game_odds,20260803T051009Z-f34e0721,Vv702wdDL9UTjPpUz33t,g79,401856665,1,1,Kent State,South Carolina,bovada,total,over,52.5,-110,True,False,2026-08-03T05:08:22.000Z,52.5,-105,2026-08-03T05:10:09.838609+00:00,0.03,24.0,False,True,False,bovada,2026-08-03T05:08:22.000Z,0.03,False,40f3000141ec6cebccee8601843bb6853161a35188872b0999040470f0d436b5
sports_game_odds,20260803T051009Z-f34e0721,Vv702wdDL9UTjPpUz33t,g79,401856665,1,1,Kent State,South Carolina,caesars,total,over,52.5,-122,True,False,2026-08-03T05:08:12.000Z,52.5,-106,2026-08-03T05:10:09.838609+00:00,0.0327,24.0,False,True,False,caesars,2026-08-03T05:08:12.000Z,0.0327,False,f829877c8d0f0f01176ba28444f66460af7b459b382fc89dc1b9c87da951ca38
sports_game_odds,20260803T051009Z-f34e0721,Vv702wdDL9UTjPpUz33t,g79,401856665,1,1,Kent State,South Carolina,betmgm,total,over,52.5,-110,True,False,2026-08-03T05:08:17.000Z,51.5,-110,2026-08-03T05:10:09.838609+00:00,0.0313,24.0,False,True,False,betmgm,2026-08-03T05:08:17.000Z,0.0313,False,8c0f9f47f130df75377fbd57e699b35333de8628f6dcc5b4b2fdb17aa210a057
sports_game_odds,20260803T051009Z-f34e0721,Vv702wdDL9UTjPpUz33t,g79,401856665,1,1,Kent State,South Carolina,fanduel,total,under,53.5,-110,True,False,2026-08-03T05:08:22.253Z,51.5,-115,2026-08-03T05:10:09.838609+00:00,0.0299,24.0,False,True,False,fanduel,2026-08-03T05:08:22.253Z,0.0299,False,c35d70bbca444fda0379b3a6a0131048f918a027c97b77623e6232e4b5ae3722
sports_game_odds,20260803T051009Z-f34e0721,Vv702wdDL9UTjPpUz33t,g79,401856665,1,1,Kent State,South Carolina,draftkings,total,under,52.5,-112,True,False,2026-08-03T05:08:22.214Z,52.5,-115,2026-08-03T05:10:09.838609+00:00,0.0299,24.0,False,True,False,draftkings,2026-08-03T05:08:22.214Z,0.0299,False,aa9f2a88372c846961c30532068e260b94a7a38f47c63abf4cc3673544685768
sports_game_odds,20260803T051009Z-f34e0721,Vv702wdDL9UTjPpUz33t,g79,401856665,1,1,Kent State,South Carolina,bovada,total,under,52.5,-110,True,False,2026-08-03T05:08:22.000Z,52.5,-115,2026-08-03T05:10:09.838609+00:00,0.03,24.0,False,True,False,bovada,2026-08-03T05:08:22.000Z,0.03,False,3297ef453a3f7cdd664de493bd3546ee75d0101758e5325f76a69f42c685602d
sports_game_odds,20260803T051009Z-f34e0721,Vv702wdDL9UTjPpUz33t,g79,401856665,1,1,Kent State,South Carolina,caesars,total,under,52.5,102,True,False,2026-08-03T05:08:12.000Z,52.5,-115,2026-08-03T05:10:09.838609+00:00,0.0327,24.0,False,True,False,caesars,2026-08-03T05:08:12.000Z,0.0327,False,22648e51843d483e45bb42688445c95f1bbb6a351040e125de8e78603893dd00
sports_game_odds,20260803T051009Z-f34e0721,Vv702wdDL9UTjPpUz33t,g79,401856665,1,1,Kent State,South Carolina,betmgm,total,under,52.5,-110,True,False,2026-08-03T05:08:17.000Z,51.5,-110,2026-08-03T05:10:09.838609+00:00,0.0313,24.0,False,True,False,betmgm,2026-08-03T05:08:17.000Z,0.0313,False,c56b1e4f6925035977a2336e44c113fb791f360d3e56197baf8e626cc9ef32d5
sports_game_odds,20260803T051009Z-f34e0721,Vv702wdDL9UTjPpUz33t,g79,401856665,1,1,Kent State,South Carolina,fanduel,moneyline,away,,5500,True,False,2026-08-03T05:08:04.700Z,5500.0,5500,2026-08-03T05:10:09.838609+00:00,0.0348,24.0,False,True,False,fanduel,2026-08-03T05:08:04.700Z,0.0348,False,cb7a4f090995756d8bd04004d955df30430d9e3054925102ecf099c3160d84e3
sports_game_odds,20260803T051009Z-f34e0721,Vv702wdDL9UTjPpUz33t,g79,401856665,1,1,Kent State,South Carolina,draftkings,moneyline,away,,3000,True,False,2026-08-03T05:08:22.214Z,3500.0,3500,2026-08-03T05:10:09.838609+00:00,0.0299,24.0,False,True,False,draftkings,2026-08-03T05:08:22.214Z,0.0299,False,5a5e9f97793c2cee38e7fa90d3e6881bfa78b4fd9d86e54f7cb260abd48ce32b
sports_game_odds,20260803T051009Z-f34e0721,Vv702wdDL9UTjPpUz33t,g79,401856665,1,1,Kent State,South Carolina,fanduel,moneyline,home,,-50000,False,False,2026-08-03T05:08:04.700Z,,,2026-08-03T05:10:09.838609+00:00,0.0348,24.0,False,False,False,fanduel,2026-08-03T05:08:04.700Z,0.0348,False,5387278539a809be88de3ba55da21fc729518543302c94a611db0505dbb2d619
sports_game_odds,20260803T051009Z-f34e0721,Vv702wdDL9UTjPpUz33t,g79,401856665,1,1,Kent State,South Carolina,draftkings,moneyline,home,,-10000,True,False,2026-08-03T05:08:22.214Z,-20000.0,-20000,2026-08-03T05:10:09.838609+00:00,0.0299,24.0,False,True,False,draftkings,2026-08-03T05:08:22.214Z,0.0299,False,a9d5680b0afcf6a53dce30248730c090829a3e1e588b327e2021d599884e7e78
sports_game_odds,20260803T051009Z-f34e0721,cq5qD0OhWf6h7LKEOTok,g47,401856779,1,1,Southeast Missouri,Iowa State,fanduel,spread,away,30.5,-112,True,False,2026-08-03T05:08:22.253Z,30.5,-110,2026-08-03T05:10:09.838609+00:00,0.0299,24.0,False,True,False,fanduel,2026-08-03T05:08:22.253Z,0.0299,False,8804193264a07e77273caf09ce6230a870955e461e94890d61d6c44ba5f7928e
sports_game_odds,20260803T051009Z-f34e0721,cq5qD0OhWf6h7LKEOTok,g47,401856779,1,1,Southeast Missouri,Iowa State,fanduel,spread,home,-30.5,-108,True,False,2026-08-03T05:08:22.253Z,-30.5,-110,2026-08-03T05:10:09.838609+00:00,0.0299,24.0,False,True,False,fanduel,2026-08-03T05:08:22.253Z,0.0299,False,f40b06796844996933ba193aa0536dae36bfa7ecbde76bc5887772d218f694f8
sports_game_odds,20260803T051009Z-f34e0721,cq5qD0OhWf6h7LKEOTok,g47,401856779,1,1,Southeast Missouri,Iowa State,fanduel,total,over,52.5,-105,True,False,2026-08-03T05:08:22.253Z,52.5,-105,2026-08-03T05:10:09.838609+00:00,0.0299,24.0,False,True,False,fanduel,2026-08-03T05:08:22.253Z,0.0299,False,d09cd7f6096c2228752716be6f360cc2d2bdbcb8f99ff885557a69c004c81e1c
sports_game_odds,20260803T051009Z-f34e0721,cq5qD0OhWf6h7LKEOTok,g47,401856779,1,1,Southeast Missouri,Iowa State,fanduel,total,under,52.5,-115,True,False,2026-08-03T05:08:22.253Z,52.5,-115,2026-08-03T05:10:09.838609+00:00,0.0299,24.0,False,True,False,fanduel,2026-08-03T05:08:22.253Z,0.0299,False,440c4ce27508d4b8bdee6001250b741ab31bbb8b24b5aad8292ced5fe190e0f2
sports_game_odds,20260803T051009Z-f34e0721,cq5qD0OhWf6h7LKEOTok,g47,401856779,1,1,Southeast Missouri,Iowa State,fanduel,moneyline,away,,2500,True,False,2026-08-03T05:08:22.253Z,2800.0,2800,2026-08-03T05:10:09.838609+00:00,0.0299,24.0,False,True,False,fanduel,2026-08-03T05:08:22.253Z,0.0299,False,d16eebe863679b2e1ed23b77367b77ed80be60882d347993b2f644eb49587b52
sports_game_odds,20260803T051009Z-f34e0721,cq5qD0OhWf6h7LKEOTok,g47,401856779,1,1,Southeast Missouri,Iowa State,fanduel,moneyline,home,,-10000,True,False,2026-08-03T05:08:22.253Z,-10000.0,-10000,2026-08-03T05:10:09.838609+00:00,0.0299,24.0,False,True,False,fanduel,2026-08-03T05:08:22.253Z,0.0299,False,2d9e2ac58517563a59dff6b25f71979e6d29f664ab1c482a2b3c07017126c98d
sports_game_odds,20260803T051009Z-f34e0721,qSEcSd2nxNKOt6IUPtKs,g51,401856659,1,1,Youngstown State,Kentucky,fanduel,spread,away,23.5,-110,True,False,2026-08-03T05:08:22.253Z,27.5,-106,2026-08-03T05:10:09.838609+00:00,0.0299,24.0,False,True,False,fanduel,2026-08-03T05:08:22.253Z,0.0299,False,cea99281e13d5880f45c34205fcd22ff8677eafd05d9b347ee4a89ce4d4478aa
sports_game_odds,20260803T051009Z-f34e0721,qSEcSd2nxNKOt6IUPtKs,g51,401856659,1,1,Youngstown State,Kentucky,fanduel,spread,home,-23.5,-110,True,False,2026-08-03T05:08:22.253Z,-27.5,-114,2026-08-03T05:10:09.838609+00:00,0.0299,24.0,False,True,False,fanduel,2026-08-03T05:08:22.253Z,0.0299,False,e9164691977b8ed561b0ccce4256013bcb95ee46a6be63ea297234b218b2e2d6
sports_game_odds,20260803T051009Z-f34e0721,qSEcSd2nxNKOt6IUPtKs,g51,401856659,1,1,Youngstown State,Kentucky,fanduel,total,over,62.5,-110,True,False,2026-08-03T05:08:22.253Z,56.5,-115,2026-08-03T05:10:09.838609+00:00,0.0299,24.0,False,True,False,fanduel,2026-08-03T05:08:22.253Z,0.0299,False,d13d02f7531733edf631266bc1bcf57186e90555d357f423c1c31b6de8612cb4
sports_game_odds,20260803T051009Z-f34e0721,qSEcSd2nxNKOt6IUPtKs,g51,401856659,1,1,Youngstown State,Kentucky,fanduel,total,under,62.5,-110,True,False,2026-08-03T05:08:22.253Z,56.5,-105,2026-08-03T05:10:09.838609+00:00,0.0299,24.0,False,True,False,fanduel,2026-08-03T05:08:22.253Z,0.0299,False,c312592dfec044fdbfa9e4d065c1b98280c10459784b7b22ec60e50c6bcf832d
sports_game_odds,20260803T051009Z-f34e0721,qSEcSd2nxNKOt6IUPtKs,g51,401856659,1,1,Youngstown State,Kentucky,fanduel,moneyline,away,,1200,True,False,2026-08-03T05:08:22.253Z,2000.0,2000,2026-08-03T05:10:09.838609+00:00,0.0299,24.0,False,True,False,fanduel,2026-08-03T05:08:22.253Z,0.0299,False,923cec8b1b528d52dd3ffd1287648c3f0b1f79ef057c08be5cb93edcfab93d9f
sports_game_odds,20260803T051009Z-f34e0721,qSEcSd2nxNKOt6IUPtKs,g51,401856659,1,1,Youngstown State,Kentucky,fanduel,moneyline,home,,-3000,True,False,2026-08-03T05:08:22.253Z,-7000.0,-7000,2026-08-03T05:10:09.838609+00:00,0.0299,24.0,False,True,False,fanduel,2026-08-03T05:08:22.253Z,0.0299,False,b82b5c9d1aeae01e3aafbe119e90dc0538920c61b07ecc088c8e7d6693dc5ced
sports_game_odds,20260803T051009Z-f34e0721,YX8NmwDI9ck1pCvAC6k1,g83,401862698,1,1,Rhode Island,Temple,fanduel,spread,away,10.5,-110,True,False,2026-08-03T05:08:22.253Z,12.5,-105,2026-08-03T05:10:09.838609+00:00,0.0299,24.0,False,True,False,fanduel,2026-08-03T05:08:22.253Z,0.0299,False,fc303563870a5eee2361058c8fbb5260ccb67853ffba961c36a51025bc53d7a7
sports_game_odds,20260803T051009Z-f34e0721,YX8NmwDI9ck1pCvAC6k1,g83,401862698,1,1,Rhode Island,Temple,fanduel,spread,home,-10.5,-110,True,False,2026-08-03T05:08:22.253Z,-12.5,-115,2026-08-03T05:10:09.838609+00:00,0.0299,24.0,False,True,False,fanduel,2026-08-03T05:08:22.253Z,0.0299,False,a0ecd6e010851b18e78070552496fbc8b6a23c375bec02d35fac779fdb4508f7
sports_game_odds,20260803T051009Z-f34e0721,YX8NmwDI9ck1pCvAC6k1,g83,401862698,1,1,Rhode Island,Temple,fanduel,total,over,52.5,-110,True,False,2026-08-03T05:08:22.253Z,48.5,-110,2026-08-03T05:10:09.838609+00:00,0.0299,24.0,False,True,False,fanduel,2026-08-03T05:08:22.253Z,0.0299,False,2f3b3a13dc143b1247007cf380d91389979ff605dbe3cb03d9f8bd2722388cac
sports_game_odds,20260803T051009Z-f34e0721,YX8NmwDI9ck1pCvAC6k1,g83,401862698,1,1,Rhode Island,Temple,fanduel,total,under,52.5,-110,True,False,2026-08-03T05:08:22.253Z,48.5,-110,2026-08-03T05:10:09.838609+00:00,0.0299,24.0,False,True,False,fanduel,2026-08-03T05:08:22.253Z,0.0299,False,a2c830397f2eadc54be1ed10966bad77a59c5db1f5ea739a396901c4dc289191
sports_game_odds,20260803T051009Z-f34e0721,YX8NmwDI9ck1pCvAC6k1,g83,401862698,1,1,Rhode Island,Temple,fanduel,moneyline,away,,340,True,False,2026-08-03T05:08:22.253Z,450.0,450,2026-08-03T05:10:09.838609+00:00,0.0299,24.0,False,True,False,fanduel,2026-08-03T05:08:22.253Z,0.0299,False,017f950da3a574ec671701e204101a24e2e81307391a6f1348971e95cacf9e1a
sports_game_odds,20260803T051009Z-f34e0721,YX8NmwDI9ck1pCvAC6k1,g83,401862698,1,1,Rhode Island,Temple,fanduel,moneyline,home,,-450,True,False,2026-08-03T05:08:22.253Z,-630.0,-630,2026-08-03T05:10:09.838609+00:00,0.0299,24.0,False,True,False,fanduel,2026-08-03T05:08:22.253Z,0.0299,False,d330decf69604b11ca8e0a2f14ed6c551a7e3e40e35494de4158ab6a7fe0fb67
sports_game_odds,20260803T051009Z-f34e0721,35ixAmNGCYeG1ZUoJYAd,g35,401856777,1,1,Boston College,Cincinnati,fanduel,spread,away,7.5,-122,True,False,2026-08-03T05:08:22.253Z,7.5,-122,2026-08-03T05:10:09.838609+00:00,0.0299,24.0,False,True,False,fanduel,2026-08-03T05:08:22.253Z,0.0299,False,2ecb426dff7465cac230fb6a3e88905d1992562c431011635200f066688f1de0
sports_game_odds,20260803T051009Z-f34e0721,35ixAmNGCYeG1ZUoJYAd,g35,401856777,1,1,Boston College,Cincinnati,draftkings,spread,away,7.5,-112,True,False,2026-08-03T05:08:22.214Z,7.5,-110,2026-08-03T05:10:09.838609+00:00,0.0299,24.0,False,True,False,draftkings,2026-08-03T05:08:22.214Z,0.0299,False,de1816b96156e1edd745541837a264abce57ae780131b600e59b6b768d6f4197
sports_game_odds,20260803T051009Z-f34e0721,35ixAmNGCYeG1ZUoJYAd,g35,401856777,1,1,Boston College,Cincinnati,caesars,spread,away,7.5,-113,True,False,2026-08-03T05:08:12.000Z,7.5,-109,2026-08-03T05:10:09.838609+00:00,0.0327,24.0,False,True,False,caesars,2026-08-03T05:08:12.000Z,0.0327,False,d7f64b89b9d7754f6943e6dfc724d92ea4d2430aadf89b593bde746a5cfcdde6
sports_game_odds,20260803T051009Z-f34e0721,35ixAmNGCYeG1ZUoJYAd,g35,401856777,1,1,Boston College,Cincinnati,bovada,spread,away,7.5,-110,True,False,2026-08-03T05:08:22.000Z,7.5,-110,2026-08-03T05:10:09.838609+00:00,0.03,24.0,False,True,False,bovada,2026-08-03T05:08:22.000Z,0.03,False,d9d96044c33ec88bdfc012da54a34165098f5be6ed6302c87df82ddffcd2dec9
sports_game_odds,20260803T051009Z-f34e0721,35ixAmNGCYeG1ZUoJYAd,g35,401856777,1,1,Boston College,Cincinnati,betmgm,spread,away,7.5,-105,True,False,2026-08-03T05:08:17.000Z,7.5,-105,2026-08-03T05:10:09.838609+00:00,0.0313,24.0,False,True,False,betmgm,2026-08-03T05:08:17.000Z,0.0313,False,5470eb98564efd65762d2b8686507ccfc64e71661a48a8d96d169c38fb9d66e9
sports_game_odds,20260803T051009Z-f34e0721,35ixAmNGCYeG1ZUoJYAd,g35,401856777,1,1,Boston College,Cincinnati,fanduel,spread,home,-7.5,100,True,False,2026-08-03T05:08:22.253Z,-7.5,100,2026-08-03T05:10:09.838609+00:00,0.0299,24.0,False,True,False,fanduel,2026-08-03T05:08:22.253Z,0.0299,False,f6a287d7f9c00cf5df5d93b99567fa042a2a163dc52f516f47b7ad67b7d02240
sports_game_odds,20260803T051009Z-f34e0721,35ixAmNGCYeG1ZUoJYAd,g35,401856777,1,1,Boston College,Cincinnati,draftkings,spread,home,-7.5,-108,True,False,2026-08-03T05:08:22.214Z,-7.5,-110,2026-08-03T05:10:09.838609+00:00,0.0299,24.0,False,True,False,draftkings,2026-08-03T05:08:22.214Z,0.0299,False,1c402a9416164df67c6ce54d5c893f2bd80613a55b2d24e2ff47f3d845e92135
sports_game_odds,20260803T051009Z-f34e0721,35ixAmNGCYeG1ZUoJYAd,g35,401856777,1,1,Boston College,Cincinnati,caesars,spread,home,-7.5,-108,True,False,2026-08-03T05:08:12.000Z,-7.5,-112,2026-08-03T05:10:09.838609+00:00,0.0327,24.0,False,True,False,caesars,2026-08-03T05:08:12.000Z,0.0327,False,a9e3ed2afadc14756946cd11a39bc2cdf1a9357d38bdb388249d1e2b746cceb5
sports_game_odds,20260803T051009Z-f34e0721,35ixAmNGCYeG1ZUoJYAd,g35,401856777,1,1,Boston College,Cincinnati,bovada,spread,home,-7.5,-110,True,False,2026-08-03T05:08:22.000Z,-7.5,-110,2026-08-03T05:10:09.838609+00:00,0.03,24.0,False,True,False,bovada,2026-08-03T05:08:22.000Z,0.03,False,d7bd0e9ae2e4054552f1759ec8b8c8f03d7ec83d5ce1f5be7ecd895850d3a046
sports_game_odds,20260803T051009Z-f34e0721,35ixAmNGCYeG1ZUoJYAd,g35,401856777,1,1,Boston College,Cincinnati,betmgm,spread,home,-7.5,-115,True,False,2026-08-03T05:08:17.000Z,-7.5,-115,2026-08-03T05:10:09.838609+00:00,0.0313,24.0,False,True,False,betmgm,2026-08-03T05:08:17.000Z,0.0313,False,d111f3b3768baba442c3c5a2a20ab3840f1cfee7e855f59400c585fe306dc01e
sports_game_odds,20260803T051009Z-f34e0721,35ixAmNGCYeG1ZUoJYAd,g35,401856777,1,1,Boston College,Cincinnati,fanduel,total,over,54.5,-110,True,False,2026-08-03T05:08:22.253Z,53.5,-110,2026-08-03T05:10:09.838609+00:00,0.0299,24.0,False,True,False,fanduel,2026-08-03T05:08:22.253Z,0.0299,False,1b89ac0dc18fdbd202c276350f0bd1d0f081f661be55bcb6f6261fcff909ade1
sports_game_odds,20260803T051009Z-f34e0721,35ixAmNGCYeG1ZUoJYAd,g35,401856777,1,1,Boston College,Cincinnati,draftkings,total,over,54.5,-110,True,False,2026-08-03T05:08:22.214Z,54.5,-112,2026-08-03T05:10:09.838609+00:00,0.0299,24.0,False,True,False,draftkings,2026-08-03T05:08:22.214Z,0.0299,False,0f527453ff028c8559e184867d0538442f415d6239fd837583ff30b0d72338c0
sports_game_odds,20260803T051009Z-f34e0721,35ixAmNGCYeG1ZUoJYAd,g35,401856777,1,1,Boston College,Cincinnati,caesars,total,over,54.5,-108,True,False,2026-08-03T05:08:12.000Z,53.5,-117,2026-08-03T05:10:09.838609+00:00,0.0327,24.0,False,True,False,caesars,2026-08-03T05:08:12.000Z,0.0327,False,f6e9b5985ce8dfc7663cb2bf5cc1ddd6f47af6f588723687a09427f63ec0ac4b
sports_game_odds,20260803T051009Z-f34e0721,35ixAmNGCYeG1ZUoJYAd,g35,401856777,1,1,Boston College,Cincinnati,bovada,total,over,54.5,-110,True,False,2026-08-03T05:08:22.000Z,54.5,-110,2026-08-03T05:10:09.838609+00:00,0.03,24.0,False,True,False,bovada,2026-08-03T05:08:22.000Z,0.03,False,43f72199199d0d7749ed7991f153aadc4930834c37c0ce6126fbc0255b87d02e
sports_game_odds,20260803T051009Z-f34e0721,35ixAmNGCYeG1ZUoJYAd,g35,401856777,1,1,Boston College,Cincinnati,betmgm,total,over,54.5,-110,True,False,2026-08-03T05:08:17.000Z,53.5,-110,2026-08-03T05:10:09.838609+00:00,0.0313,24.0,False,True,False,betmgm,2026-08-03T05:08:17.000Z,0.0313,False,065812744709f5f0b1eba579c3d33e31bbbf25da32e05868cc72cc9862acddb9
sports_game_odds,20260803T051009Z-f34e0721,35ixAmNGCYeG1ZUoJYAd,g35,401856777,1,1,Boston College,Cincinnati,fanduel,total,under,54.5,-110,True,False,2026-08-03T05:08:22.253Z,53.5,-110,2026-08-03T05:10:09.838609+00:00,0.0299,24.0,False,True,False,fanduel,2026-08-03T05:08:22.253Z,0.0299,False,af61e0ab0550c57032619e11449623b88848b211a1d945ad2ec0e55b1738670f
sports_game_odds,20260803T051009Z-f34e0721,35ixAmNGCYeG1ZUoJYAd,g35,401856777,1,1,Boston College,Cincinnati,draftkings,total,under,54.5,-110,True,False,2026-08-03T05:08:22.214Z,54.5,-108,2026-08-03T05:10:09.838609+00:00,0.0299,24.0,False,True,False,draftkings,2026-08-03T05:08:22.214Z,0.0299,False,28ac0fcca617e844b71f233925d6fe0b4fb5b7ea556b3b82b19dd1d7b4f4190e
sports_game_odds,20260803T051009Z-f34e0721,35ixAmNGCYeG1ZUoJYAd,g35,401856777,1,1,Boston College,Cincinnati,caesars,total,under,54.5,-113,True,False,2026-08-03T05:08:12.000Z,53.5,-104,2026-08-03T05:10:09.838609+00:00,0.0327,24.0,False,True,False,caesars,2026-08-03T05:08:12.000Z,0.0327,False,5c33bd3e27eaecee6bda28c153d990b13047406d9ece32e0d6b71843a3e66cc8
sports_game_odds,20260803T051009Z-f34e0721,35ixAmNGCYeG1ZUoJYAd,g35,401856777,1,1,Boston College,Cincinnati,bovada,total,under,54.5,-110,True,False,2026-08-03T05:08:22.000Z,54.5,-110,2026-08-03T05:10:09.838609+00:00,0.03,24.0,False,True,False,bovada,2026-08-03T05:08:22.000Z,0.03,False,2c5fa252e4daa3b77325cf24d2f067724569134127a2ec900b5e0eae7dc42281
sports_game_odds,20260803T051009Z-f34e0721,35ixAmNGCYeG1ZUoJYAd,g35,401856777,1,1,Boston College,Cincinnati,betmgm,total,under,54.5,-110,True,False,2026-08-03T05:08:17.000Z,53.5,-110,2026-08-03T05:10:09.838609+00:00,0.0313,24.0,False,True,False,betmgm,2026-08-03T05:08:17.000Z,0.0313,False,fe308b81b5f159cf60c201449cdc34fd21910f3c8e455933ccf0a6afa771d251
sports_game_odds,20260803T051009Z-f34e0721,35ixAmNGCYeG1ZUoJYAd,g35,401856777,1,1,Boston College,Cincinnati,fanduel,moneyline,away,,225,True,False,2026-08-03T05:08:22.253Z,225.0,225,2026-08-03T05:10:09.838609+00:00,0.0299,24.0,False,True,False,fanduel,2026-08-03T05:08:22.253Z,0.0299,False,27af5a947d2651b1cb90147bde2afecbf2d8122e6fd8e89da07f78d6d0239d0b
sports_game_odds,20260803T051009Z-f34e0721,35ixAmNGCYeG1ZUoJYAd,g35,401856777,1,1,Boston College,Cincinnati,draftkings,moneyline,away,,210,True,False,2026-08-03T05:08:22.214Z,215.0,215,2026-08-03T05:10:09.838609+00:00,0.0299,24.0,False,True,False,draftkings,2026-08-03T05:08:22.214Z,0.0299,False,045fed481f8ca910b736bf7ff6e42f3f4d1803313dde51e48746c636bd2d67fb
sports_game_odds,20260803T051009Z-f34e0721,35ixAmNGCYeG1ZUoJYAd,g35,401856777,1,1,Boston College,Cincinnati,caesars,moneyline,away,,220,True,False,2026-08-03T05:08:12.000Z,220.0,220,2026-08-03T05:10:09.838609+00:00,0.0327,24.0,False,True,False,caesars,2026-08-03T05:08:12.000Z,0.0327,False,12553d1d33cfe01d31d1a9b67f5870ae262159f6621cee0cd75656efd4b88df6
sports_game_odds,20260803T051009Z-f34e0721,35ixAmNGCYeG1ZUoJYAd,g35,401856777,1,1,Boston College,Cincinnati,bovada,moneyline,away,,215,True,False,2026-08-03T05:08:22.000Z,220.0,220,2026-08-03T05:10:09.838609+00:00,0.03,24.0,False,True,False,bovada,2026-08-03T05:08:22.000Z,0.03,False,49f309e72cc7e7074ebad659e29daec2d6d0ab7e1e03c2eb1a56db9a982398ec
sports_game_odds,20260803T051009Z-f34e0721,35ixAmNGCYeG1ZUoJYAd,g35,401856777,1,1,Boston College,Cincinnati,betmgm,moneyline,away,,220,True,False,2026-08-03T05:08:17.000Z,220.0,220,2026-08-03T05:10:09.838609+00:00,0.0313,24.0,False,True,False,betmgm,2026-08-03T05:08:17.000Z,0.0313,False,463a9e77525a34063ccd2fbc285444fa9637bc13257585680719ddcd34ccbf17
sports_game_odds,20260803T051009Z-f34e0721,35ixAmNGCYeG1ZUoJYAd,g35,401856777,1,1,Boston College,Cincinnati,fanduel,moneyline,home,,-280,True,False,2026-08-03T05:08:22.253Z,-280.0,-280,2026-08-03T05:10:09.838609+00:00,0.0299,24.0,False,True,False,fanduel,2026-08-03T05:08:22.253Z,0.0299,False,0e90f74a7856e6ad59e1d701cf8517105ddc4a99adfc6a6b6d9859c35c907f4c
sports_game_odds,20260803T051009Z-f34e0721,35ixAmNGCYeG1ZUoJYAd,g35,401856777,1,1,Boston College,Cincinnati,draftkings,moneyline,home,,-258,True,False,2026-08-03T05:08:22.214Z,-265.0,-265,2026-08-03T05:10:09.838609+00:00,0.0299,24.0,False,True,False,draftkings,2026-08-03T05:08:22.214Z,0.0299,False,e6d8d534e460a8bcbe5c9293322382714fb007616927017c7193b64d53651bdb
sports_game_odds,20260803T051009Z-f34e0721,35ixAmNGCYeG1ZUoJYAd,g35,401856777,1,1,Boston College,Cincinnati,caesars,moneyline,home,,-275,True,False,2026-08-03T05:08:12.000Z,-280.0,-280,2026-08-03T05:10:09.838609+00:00,0.0327,24.0,False,True,False,caesars,2026-08-03T05:08:12.000Z,0.0327,False,3f6000929246ba3abd2eec66665e111b7d45717b75ba9b36464eaecded799ca7
sports_game_odds,20260803T051009Z-f34e0721,35ixAmNGCYeG1ZUoJYAd,g35,401856777,1,1,Boston College,Cincinnati,bovada,moneyline,home,,-260,True,False,2026-08-03T05:08:22.000Z,-270.0,-270,2026-08-03T05:10:09.838609+00:00,0.03,24.0,False,True,False,bovada,2026-08-03T05:08:22.000Z,0.03,False,17896260d8b68fa2d14148e1c6b9ee0ed9ca13d5e5a14aec06a54d111abc9be2
sports_game_odds,20260803T051009Z-f34e0721,35ixAmNGCYeG1ZUoJYAd,g35,401856777,1,1,Boston College,Cincinnati,betmgm,moneyline,home,,-275,True,False,2026-08-03T05:08:17.000Z,-275.0,-275,2026-08-03T05:10:09.838609+00:00,0.0313,24.0,False,True,False,betmgm,2026-08-03T05:08:17.000Z,0.0313,False,ab847577902fa59ec591df9ca228a90f1fd578bbaaf0587cae5aa9bd6ba43c7a
sports_game_odds,20260803T051009Z-f34e0721,7E4NVGk8rSOZkq38zL8k,g38,401858209,1,1,Tulane,Duke,fanduel,spread,away,10.5,-110,True,False,2026-08-03T05:08:22.253Z,10.5,-105,2026-08-03T05:10:09.838609+00:00,0.0299,24.0,False,True,False,fanduel,2026-08-03T05:08:22.253Z,0.0299,False,7e059d4ef7379ac0a6df3cc239c94a8288e13711c9e367561b3403541d1c8cc8
sports_game_odds,20260803T051009Z-f34e0721,7E4NVGk8rSOZkq38zL8k,g38,401858209,1,1,Tulane,Duke,draftkings,spread,away,10.0,-110,True,False,2026-08-03T05:08:22.214Z,9.5,-115,2026-08-03T05:10:09.838609+00:00,0.0299,24.0,False,True,False,draftkings,2026-08-03T05:08:22.214Z,0.0299,False,153c6681e8c8c4582f76ee59c1a7a6ed5e8db3d74fda974c93cadf88af41b302
sports_game_odds,20260803T051009Z-f34e0721,7E4NVGk8rSOZkq38zL8k,g38,401858209,1,1,Tulane,Duke,caesars,spread,away,10.0,-109,True,False,2026-08-03T05:08:12.000Z,9.5,-114,2026-08-03T05:10:09.838609+00:00,0.0327,24.0,False,True,False,caesars,2026-08-03T05:08:12.000Z,0.0327,False,288468c6101933c2148f7730034070845ceb29908a4ff7841e6b43adb6809534
sports_game_odds,20260803T051009Z-f34e0721,7E4NVGk8rSOZkq38zL8k,g38,401858209,1,1,Tulane,Duke,bovada,spread,away,10.0,-110,True,False,2026-08-03T05:08:22.000Z,9.5,-115,2026-08-03T05:10:09.838609+00:00,0.03,24.0,False,True,False,bovada,2026-08-03T05:08:22.000Z,0.03,False,5230c76a4a9d47781feb116b9dc6d5f7eb8166a8d9cc8a4341286ff710633b1b
sports_game_odds,20260803T051009Z-f34e0721,7E4NVGk8rSOZkq38zL8k,g38,401858209,1,1,Tulane,Duke,betmgm,spread,away,10.0,-110,True,False,2026-08-03T05:08:17.000Z,9.5,-110,2026-08-03T05:10:09.838609+00:00,0.0313,24.0,False,True,False,betmgm,2026-08-03T05:08:17.000Z,0.0313,False,13c44e1b53e8237075246cd78feb6c2c66175eae3e5f4cbc074146e52be16ad8
sports_game_odds,20260803T051009Z-f34e0721,7E4NVGk8rSOZkq38zL8k,g38,401858209,1,1,Tulane,Duke,fanduel,spread,home,-10.5,-110,True,False,2026-08-03T05:08:22.253Z,-10.5,-115,2026-08-03T05:10:09.838609+00:00,0.0299,24.0,False,True,False,fanduel,2026-08-03T05:08:22.253Z,0.0299,False,ee4afb18cb5a490b008018494553402c63d371e8163cfeedf633b3a05813d6f6
sports_game_odds,20260803T051009Z-f34e0721,7E4NVGk8rSOZkq38zL8k,g38,401858209,1,1,Tulane,Duke,draftkings,spread,home,-10.0,-110,True,False,2026-08-03T05:08:22.214Z,-9.5,-105,2026-08-03T05:10:09.838609+00:00,0.0299,24.0,False,True,False,draftkings,2026-08-03T05:08:22.214Z,0.0299,False,ae6162e8f0dfc5091914f3b6678992c776d252f25833d75dbe89e36021d40966
sports_game_odds,20260803T051009Z-f34e0721,7E4NVGk8rSOZkq38zL8k,g38,401858209,1,1,Tulane,Duke,caesars,spread,home,-10.0,-110,True,False,2026-08-03T05:08:12.000Z,-9.5,-106,2026-08-03T05:10:09.838609+00:00,0.0327,24.0,False,True,False,caesars,2026-08-03T05:08:12.000Z,0.0327,False,3db7d3d9f1fe6b7e8eb982c076b18194b6f85a63b20af12d63ae9698b5d73cd3
sports_game_odds,20260803T051009Z-f34e0721,7E4NVGk8rSOZkq38zL8k,g38,401858209,1,1,Tulane,Duke,bovada,spread,home,-10.0,-110,True,False,2026-08-03T05:08:22.000Z,-9.5,-105,2026-08-03T05:10:09.838609+00:00,0.03,24.0,False,True,False,bovada,2026-08-03T05:08:22.000Z,0.03,False,e6cde0e2e466778ed7f3dd4801d653988a0edcc24e5ac07f66ade99443d36883
sports_game_odds,20260803T051009Z-f34e0721,7E4NVGk8rSOZkq38zL8k,g38,401858209,1,1,Tulane,Duke,betmgm,spread,home,-10.0,-110,True,False,2026-08-03T05:08:17.000Z,-9.5,-110,2026-08-03T05:10:09.838609+00:00,0.0313,24.0,False,True,False,betmgm,2026-08-03T05:08:17.000Z,0.0313,False,04eed5cfa849e898de55b80b4aee07f364018e16734577b6f74ea8ba0fad36e4
sports_game_odds,20260803T051009Z-f34e0721,7E4NVGk8rSOZkq38zL8k,g38,401858209,1,1,Tulane,Duke,fanduel,total,over,52.5,-110,True,False,2026-08-03T05:08:22.253Z,53.5,-110,2026-08-03T05:10:09.838609+00:00,0.0299,24.0,False,True,False,fanduel,2026-08-03T05:08:22.253Z,0.0299,False,ea59d5053b8bf78ee61d27e14a961ea09e1d7211386bd1167c85da3f24f39bf2
sports_game_odds,20260803T051009Z-f34e0721,7E4NVGk8rSOZkq38zL8k,g38,401858209,1,1,Tulane,Duke,draftkings,total,over,52.5,-112,True,False,2026-08-03T05:08:22.214Z,53.5,-112,2026-08-03T05:10:09.838609+00:00,0.0299,24.0,False,True,False,draftkings,2026-08-03T05:08:22.214Z,0.0299,False,c52af5d678e530cfaef8f75de41a5d39989b1f97b8ac3ff05bda4f2c43dc4aae
sports_game_odds,20260803T051009Z-f34e0721,7E4NVGk8rSOZkq38zL8k,g38,401858209,1,1,Tulane,Duke,caesars,total,over,52.5,-115,True,False,2026-08-03T05:08:12.000Z,53.5,-117,2026-08-03T05:10:09.838609+00:00,0.0327,24.0,False,True,False,caesars,2026-08-03T05:08:12.000Z,0.0327,False,783039fecb68e71041ab3c2ef07b90d59d1649d3e48a375b2add8713f1b47419
sports_game_odds,20260803T051009Z-f34e0721,7E4NVGk8rSOZkq38zL8k,g38,401858209,1,1,Tulane,Duke,bovada,total,over,52.5,-110,True,False,2026-08-03T05:08:22.000Z,53.5,-110,2026-08-03T05:10:09.838609+00:00,0.03,24.0,False,True,False,bovada,2026-08-03T05:08:22.000Z,0.03,False,3db053b9e28a30e263879d61b1c764c435285628e86f23fdfdd6799c4917c803
sports_game_odds,20260803T051009Z-f34e0721,7E4NVGk8rSOZkq38zL8k,g38,401858209,1,1,Tulane,Duke,betmgm,total,over,52.5,-110,True,False,2026-08-03T05:08:17.000Z,54.5,-110,2026-08-03T05:10:09.838609+00:00,0.0313,24.0,False,True,False,betmgm,2026-08-03T05:08:17.000Z,0.0313,False,c3d35dfbe8b7dcde511087f2c9e5e111faa09290a22d6a0e6aa783fa2bc9dd2d
sports_game_odds,20260803T051009Z-f34e0721,7E4NVGk8rSOZkq38zL8k,g38,401858209,1,1,Tulane,Duke,fanduel,total,under,52.5,-110,True,False,2026-08-03T05:08:22.253Z,53.5,-110,2026-08-03T05:10:09.838609+00:00,0.0299,24.0,False,True,False,fanduel,2026-08-03T05:08:22.253Z,0.0299,False,ac3a085c74714f8418d040185ee3acdbfefe647e4daf312ba370173808340bf1
sports_game_odds,20260803T051009Z-f34e0721,7E4NVGk8rSOZkq38zL8k,g38,401858209,1,1,Tulane,Duke,draftkings,total,under,52.5,-108,True,False,2026-08-03T05:08:22.214Z,53.5,-108,2026-08-03T05:10:09.838609+00:00,0.0299,24.0,False,True,False,draftkings,2026-08-03T05:08:22.214Z,0.0299,False,01259f9605fbaad67856ba3e854b1de74af9f14e7bd87dfa69fb78cfbc5eed68
sports_game_odds,20260803T051009Z-f34e0721,7E4NVGk8rSOZkq38zL8k,g38,401858209,1,1,Tulane,Duke,caesars,total,under,52.5,-105,True,False,2026-08-03T05:08:12.000Z,53.5,-104,2026-08-03T05:10:09.838609+00:00,0.0327,24.0,False,True,False,caesars,2026-08-03T05:08:12.000Z,0.0327,False,5ca214f8451115a473d1a64121509d3ebc38aa9b84889b99317936687e237dcd
sports_game_odds,20260803T051009Z-f34e0721,7E4NVGk8rSOZkq38zL8k,g38,401858209,1,1,Tulane,Duke,bovada,total,under,52.5,-110,True,False,2026-08-03T05:08:22.000Z,53.5,-110,2026-08-03T05:10:09.838609+00:00,0.03,24.0,False,True,False,bovada,2026-08-03T05:08:22.000Z,0.03,False,aa7c2d9989cd62e0b9559e8f476d973c266cbc3930fd7eb8f356c75b0a974e0a
sports_game_odds,20260803T051009Z-f34e0721,7E4NVGk8rSOZkq38zL8k,g38,401858209,1,1,Tulane,Duke,betmgm,total,under,52.5,-110,True,False,2026-08-03T05:08:17.000Z,54.5,-110,2026-08-03T05:10:09.838609+00:00,0.0313,24.0,False,True,False,betmgm,2026-08-03T05:08:17.000Z,0.0313,False,af1c423b2b1290457c73011c600d00235542e5ffb8a4869aedae66d1ff51e108
sports_game_odds,20260803T051009Z-f34e0721,7E4NVGk8rSOZkq38zL8k,g38,401858209,1,1,Tulane,Duke,fanduel,moneyline,away,,330,True,False,2026-08-03T05:08:22.253Z,350.0,350,2026-08-03T05:10:09.838609+00:00,0.0299,24.0,False,True,False,fanduel,2026-08-03T05:08:22.253Z,0.0299,False,8ed5d7a554635d8aa31b249367563570aa9d91a018cf92d46f698fd069cad7b1
sports_game_odds,20260803T051009Z-f34e0721,7E4NVGk8rSOZkq38zL8k,g38,401858209,1,1,Tulane,Duke,draftkings,moneyline,away,,330,True,False,2026-08-03T05:08:22.214Z,350.0,350,2026-08-03T05:10:09.838609+00:00,0.0299,24.0,False,True,False,draftkings,2026-08-03T05:08:22.214Z,0.0299,False,be15ca49147ab08fe782cf9ca5cfaa786b26c3d8df6d829bf1665ac3f6424b2c
sports_game_odds,20260803T051009Z-f34e0721,7E4NVGk8rSOZkq38zL8k,g38,401858209,1,1,Tulane,Duke,caesars,moneyline,away,,325,True,False,2026-08-03T05:08:12.000Z,340.0,340,2026-08-03T05:10:09.838609+00:00,0.0327,24.0,False,True,False,caesars,2026-08-03T05:08:12.000Z,0.0327,False,9426e120b9e9d84dae60f4840f5b6b2bdc9a136317da4e3b1f5ffbb86dfc027a
sports_game_odds,20260803T051009Z-f34e0721,7E4NVGk8rSOZkq38zL8k,g38,401858209,1,1,Tulane,Duke,bovada,moneyline,away,,330,True,False,2026-08-03T05:08:22.000Z,350.0,350,2026-08-03T05:10:09.838609+00:00,0.03,24.0,False,True,False,bovada,2026-08-03T05:08:22.000Z,0.03,False,eea95430ef668116cd3708078e6cc41843df68fa51bf0b3e101a213e871b2eb2
sports_game_odds,20260803T051009Z-f34e0721,7E4NVGk8rSOZkq38zL8k,g38,401858209,1,1,Tulane,Duke,betmgm,moneyline,away,,350,True,False,2026-08-03T05:08:17.000Z,350.0,350,2026-08-03T05:10:09.838609+00:00,0.0313,24.0,False,True,False,betmgm,2026-08-03T05:08:17.000Z,0.0313,False,4831a7d4aa64b9501aca5d3ec148a4fe82dd79e29a341c13069e11defb218cf6
sports_game_odds,20260803T051009Z-f34e0721,7E4NVGk8rSOZkq38zL8k,g38,401858209,1,1,Tulane,Duke,fanduel,moneyline,home,,-430,True,False,2026-08-03T05:08:22.253Z,-465.0,-465,2026-08-03T05:10:09.838609+00:00,0.0299,24.0,False,True,False,fanduel,2026-08-03T05:08:22.253Z,0.0299,False,1c68e5ad98add64b047861d812eeef1b4c36c38ab84d0aa43b9bacfcb3e2e058
sports_game_odds,20260803T051009Z-f34e0721,7E4NVGk8rSOZkq38zL8k,g38,401858209,1,1,Tulane,Duke,draftkings,moneyline,home,,-425,True,False,2026-08-03T05:08:22.214Z,-455.0,-455,2026-08-03T05:10:09.838609+00:00,0.0299,24.0,False,True,False,draftkings,2026-08-03T05:08:22.214Z,0.0299,False,5c5218e909fddcca672bc9b48a26e5187fab77e2d2fb04ee4e9405e5242ca0cf
sports_game_odds,20260803T051009Z-f34e0721,7E4NVGk8rSOZkq38zL8k,g38,401858209,1,1,Tulane,Duke,caesars,moneyline,home,,-420,True,False,2026-08-03T05:08:12.000Z,-460.0,-460,2026-08-03T05:10:09.838609+00:00,0.0327,24.0,False,True,False,caesars,2026-08-03T05:08:12.000Z,0.0327,False,63bfd59432d8610c59c9e5130dfc53761ee7451a3d5c5223d32dcf8e84bb2f71
sports_game_odds,20260803T051009Z-f34e0721,7E4NVGk8rSOZkq38zL8k,g38,401858209,1,1,Tulane,Duke,bovada,moneyline,home,,-440,True,False,2026-08-03T05:08:22.000Z,-480.0,-480,2026-08-03T05:10:09.838609+00:00,0.03,24.0,False,True,False,bovada,2026-08-03T05:08:22.000Z,0.03,False,79e2ef05e872597f3e0bcbf18afc2f9eb82742c90fb021dce312c240fe86591e
sports_game_odds,20260803T051009Z-f34e0721,7E4NVGk8rSOZkq38zL8k,g38,401858209,1,1,Tulane,Duke,betmgm,moneyline,home,,-450,True,False,2026-08-03T05:08:17.000Z,-450.0,-450,2026-08-03T05:10:09.838609+00:00,0.0313,24.0,False,True,False,betmgm,2026-08-03T05:08:17.000Z,0.0313,False,7271ed3646def8ffa8100a29a5050f8d80a626e7399dec08890c419035639622
sports_game_odds,20260803T051009Z-f34e0721,OohgfMztifcxuXCIxTIC,g61,401862696,1,1,Towson,Navy,fanduel,spread,away,31.5,-110,True,False,2026-08-03T05:08:22.253Z,30.5,-105,2026-08-03T05:10:09.838609+00:00,0.0299,24.0,False,True,False,fanduel,2026-08-03T05:08:22.253Z,0.0299,False,e1555ec88daf035d958c44df16a71f3ade797aac3564abdb82e0ad68b04b9489
sports_game_odds,20260803T051009Z-f34e0721,OohgfMztifcxuXCIxTIC,g61,401862696,1,1,Towson,Navy,fanduel,spread,home,-31.5,-110,True,False,2026-08-03T05:08:22.253Z,-30.5,-115,2026-08-03T05:10:09.838609+00:00,0.0299,24.0,False,True,False,fanduel,2026-08-03T05:08:22.253Z,0.0299,False,7ffd437b35a318e1ae4c2b113226bd100cb635c7e25b675d09b0c5ad2cc51e22
sports_game_odds,20260803T051009Z-f34e0721,OohgfMztifcxuXCIxTIC,g61,401862696,1,1,Towson,Navy,fanduel,total,over,53.5,-112,True,False,2026-08-03T05:08:22.253Z,54.5,-105,2026-08-03T05:10:09.838609+00:00,0.0299,24.0,False,True,False,fanduel,2026-08-03T05:08:22.253Z,0.0299,False,767739b59250d329e0624943867f779954812efe6d4de3c206b7f81ad446ba6c
sports_game_odds,20260803T051009Z-f34e0721,OohgfMztifcxuXCIxTIC,g61,401862696,1,1,Towson,Navy,fanduel,total,under,53.5,-108,True,False,2026-08-03T05:08:22.253Z,54.5,-115,2026-08-03T05:10:09.838609+00:00,0.0299,24.0,False,True,False,fanduel,2026-08-03T05:08:22.253Z,0.0299,False,3c6d87357819c13fdbcd0682c0413521e1bd8b157e0dbaaace50462afa736cd3
sports_game_odds,20260803T051009Z-f34e0721,OohgfMztifcxuXCIxTIC,g61,401862696,1,1,Towson,Navy,fanduel,moneyline,away,,3500,True,False,2026-08-03T05:08:22.253Z,2800.0,2800,2026-08-03T05:10:09.838609+00:00,0.0299,24.0,False,True,False,fanduel,2026-08-03T05:08:22.253Z,0.0299,False,7b1ee4451bf576ae825a36de53c793b7171b1e99766f9bd4b2b8a47576881dbb
sports_game_odds,20260803T051009Z-f34e0721,OohgfMztifcxuXCIxTIC,g61,401862696,1,1,Towson,Navy,fanduel,moneyline,home,,-20000,True,False,2026-08-03T05:08:22.253Z,-10000.0,-10000,2026-08-03T05:10:09.838609+00:00,0.0299,24.0,False,True,False,fanduel,2026-08-03T05:08:22.253Z,0.0299,False,06f443762225c2312ef5e1b2ec731a0ba8abccb1b7c98389ac7e05d2489ba8f9
sports_game_odds,20260803T051009Z-f34e0721,QEX6ohNIEja9RlrRxQik,g34,401862694,1,1,The Citadel,Charlotte,fanduel,spread,away,12.5,-110,True,False,2026-08-03T05:08:22.253Z,17.5,-110,2026-08-03T05:10:09.838609+00:00,0.0299,24.0,False,True,False,fanduel,2026-08-03T05:08:22.253Z,0.0299,False,06a4f339b8c2f4e6b4281dbc63ae821cc5242c65892b7608468f433faacac395
sports_game_odds,20260803T051009Z-f34e0721,QEX6ohNIEja9RlrRxQik,g34,401862694,1,1,The Citadel,Charlotte,fanduel,spread,home,-12.5,-110,True,False,2026-08-03T05:08:22.253Z,-17.5,-110,2026-08-03T05:10:09.838609+00:00,0.0299,24.0,False,True,False,fanduel,2026-08-03T05:08:22.253Z,0.0299,False,6ddc6317697a0775d544f5354ed08b35a5ee488343491ba321a6ebe92ea22c08
sports_game_odds,20260803T051009Z-f34e0721,QEX6ohNIEja9RlrRxQik,g34,401862694,1,1,The Citadel,Charlotte,fanduel,total,over,45.5,-105,True,False,2026-08-03T05:08:22.253Z,45.5,-110,2026-08-03T05:10:09.838609+00:00,0.0299,24.0,False,True,False,fanduel,2026-08-03T05:08:22.253Z,0.0299,False,19b154f392fecc2a4d7c6eaf664c71fcdc2fae00349d10f5b44579bde8e55208
sports_game_odds,20260803T051009Z-f34e0721,QEX6ohNIEja9RlrRxQik,g34,401862694,1,1,The Citadel,Charlotte,fanduel,total,under,45.5,-115,True,False,2026-08-03T05:08:22.253Z,45.5,-110,2026-08-03T05:10:09.838609+00:00,0.0299,24.0,False,True,False,fanduel,2026-08-03T05:08:22.253Z,0.0299,False,b316d667ac033aee6b1662eb98cff496350243ce177e756848856b2ff47a7f02
sports_game_odds,20260803T051009Z-f34e0721,QEX6ohNIEja9RlrRxQik,g34,401862694,1,1,The Citadel,Charlotte,fanduel,moneyline,away,,400,True,False,2026-08-03T05:08:22.253Z,720.0,720,2026-08-03T05:10:09.838609+00:00,0.0299,24.0,False,True,False,fanduel,2026-08-03T05:08:22.253Z,0.0299,False,867be3050657eaed12801aa74ea50da4d4c20982ee806d09637e857f3fe61e8c
sports_game_odds,20260803T051009Z-f34e0721,QEX6ohNIEja9RlrRxQik,g34,401862694,1,1,The Citadel,Charlotte,fanduel,moneyline,home,,-550,True,False,2026-08-03T05:08:22.253Z,-1200.0,-1200,2026-08-03T05:10:09.838609+00:00,0.0299,24.0,False,True,False,fanduel,2026-08-03T05:08:22.253Z,0.0299,False,beae172695f00a2c274d0193507390075fcf017133fea7e9b8c03a06391ddd1e
sports_game_odds,20260803T051009Z-f34e0721,UPDAxh2NwSvHC9O92Pf8,g85,401856667,1,1,Texas State,Texas,fanduel,spread,away,30.5,-110,True,False,2026-08-03T05:08:22.253Z,31.5,-115,2026-08-03T05:10:09.838609+00:00,0.0299,24.0,False,True,False,fanduel,2026-08-03T05:08:22.253Z,0.0299,False,1d70630edde129656d15975ea285b94ebdae0f112ce17aaae86da75b4484a051
sports_game_odds,20260803T051009Z-f34e0721,UPDAxh2NwSvHC9O92Pf8,g85,401856667,1,1,Texas State,Texas,draftkings,spread,away,30.5,-110,True,False,2026-08-03T05:08:22.214Z,30.5,-110,2026-08-03T05:10:09.838609+00:00,0.0299,24.0,False,True,False,draftkings,2026-08-03T05:08:22.214Z,0.0299,False,373d71a59661969bc0036b4bf53b6a39aa49fbb78e8ee9f71aae186c77b6ef07
sports_game_odds,20260803T051009Z-f34e0721,UPDAxh2NwSvHC9O92Pf8,g85,401856667,1,1,Texas State,Texas,caesars,spread,away,30.5,-105,True,False,2026-08-03T05:08:12.000Z,30.5,-105,2026-08-03T05:10:09.838609+00:00,0.0327,24.0,False,True,False,caesars,2026-08-03T05:08:12.000Z,0.0327,False,0e59ae5c797475c9e7d52d8a2213cd52cb1fb99459aa43acc858425707d507e6
sports_game_odds,20260803T051009Z-f34e0721,UPDAxh2NwSvHC9O92Pf8,g85,401856667,1,1,Texas State,Texas,bovada,spread,away,30.5,-110,True,False,2026-08-03T05:08:22.000Z,30.5,-110,2026-08-03T05:10:09.838609+00:00,0.03,24.0,False,True,False,bovada,2026-08-03T05:08:22.000Z,0.03,False,7c0bf6a17775583d45ec1afdc017f603068b35302cfbceb8642cfec516e846cc
sports_game_odds,20260803T051009Z-f34e0721,UPDAxh2NwSvHC9O92Pf8,g85,401856667,1,1,Texas State,Texas,betmgm,spread,away,31.5,-110,True,False,2026-08-03T05:08:17.000Z,31.5,-110,2026-08-03T05:10:09.838609+00:00,0.0313,24.0,False,True,False,betmgm,2026-08-03T05:08:17.000Z,0.0313,False,f20c63df4492e1736730727a786ac43a869a993ac9d90baabec535771edd2a4d
sports_game_odds,20260803T051009Z-f34e0721,UPDAxh2NwSvHC9O92Pf8,g85,401856667,1,1,Texas State,Texas,fanduel,spread,home,-30.5,-110,True,False,2026-08-03T05:08:22.253Z,-31.5,-105,2026-08-03T05:10:09.838609+00:00,0.0299,24.0,False,True,False,fanduel,2026-08-03T05:08:22.253Z,0.0299,False,92b33adba2ec84f3a7e8c519cecb2037018d0f93fd9f97be20e6c9840b0f466a
sports_game_odds,20260803T051009Z-f34e0721,UPDAxh2NwSvHC9O92Pf8,g85,401856667,1,1,Texas State,Texas,draftkings,spread,home,-30.5,-110,True,False,2026-08-03T05:08:22.214Z,-30.5,-110,2026-08-03T05:10:09.838609+00:00,0.0299,24.0,False,True,False,draftkings,2026-08-03T05:08:22.214Z,0.0299,False,4cf7fec40be8666b62d010416dd99223490940e63f904cf996509a0f23e25dfc
sports_game_odds,20260803T051009Z-f34e0721,UPDAxh2NwSvHC9O92Pf8,g85,401856667,1,1,Texas State,Texas,caesars,spread,home,-30.5,-115,True,False,2026-08-03T05:08:12.000Z,-30.5,-115,2026-08-03T05:10:09.838609+00:00,0.0327,24.0,False,True,False,caesars,2026-08-03T05:08:12.000Z,0.0327,False,35686da4ff80cd548132f3d03b7ab8f0d8eb5ec82cd0ae3a33015af4a2654efd
sports_game_odds,20260803T051009Z-f34e0721,UPDAxh2NwSvHC9O92Pf8,g85,401856667,1,1,Texas State,Texas,bovada,spread,home,-30.5,-110,True,False,2026-08-03T05:08:22.000Z,-30.5,-110,2026-08-03T05:10:09.838609+00:00,0.03,24.0,False,True,False,bovada,2026-08-03T05:08:22.000Z,0.03,False,645ca1b0a32f2071116fda540706e4d657bc87d1183134215721fef22e17d01b
sports_game_odds,20260803T051009Z-f34e0721,UPDAxh2NwSvHC9O92Pf8,g85,401856667,1,1,Texas State,Texas,betmgm,spread,home,-31.5,-110,True,False,2026-08-03T05:08:17.000Z,-31.5,-110,2026-08-03T05:10:09.838609+00:00,0.0313,24.0,False,True,False,betmgm,2026-08-03T05:08:17.000Z,0.0313,False,0d22f8ec77c9720122d7be4f5fb8719a8a89891cd92f34a1755c59f3d383ddff
sports_game_odds,20260803T051009Z-f34e0721,UPDAxh2NwSvHC9O92Pf8,g85,401856667,1,1,Texas State,Texas,fanduel,total,over,59.5,-115,True,False,2026-08-03T05:08:22.253Z,60.5,-110,2026-08-03T05:10:09.838609+00:00,0.0299,24.0,False,True,False,fanduel,2026-08-03T05:08:22.253Z,0.0299,False,2141374a3661e1593864884bb259589e54d2d5cd1b2517ce8adb827f0b4ef03e
sports_game_odds,20260803T051009Z-f34e0721,UPDAxh2NwSvHC9O92Pf8,g85,401856667,1,1,Texas State,Texas,draftkings,total,over,59.5,-112,True,False,2026-08-03T05:08:22.214Z,59.5,-108,2026-08-03T05:10:09.838609+00:00,0.0299,24.0,False,True,False,draftkings,2026-08-03T05:08:22.214Z,0.0299,False,fb71537e435455766545804410cf506b4c98dd0c5b07c2a7fc5fa59db40e6e46
sports_game_odds,20260803T051009Z-f34e0721,UPDAxh2NwSvHC9O92Pf8,g85,401856667,1,1,Texas State,Texas,caesars,total,over,59.5,-113,True,False,2026-08-03T05:08:12.000Z,59.5,-115,2026-08-03T05:10:09.838609+00:00,0.0327,24.0,False,True,False,caesars,2026-08-03T05:08:12.000Z,0.0327,False,faff51751277587e260464fe2dbc1fa1369c01dbede4bb5555ec6b98b1211bc5
sports_game_odds,20260803T051009Z-f34e0721,UPDAxh2NwSvHC9O92Pf8,g85,401856667,1,1,Texas State,Texas,bovada,total,over,59.5,-110,True,False,2026-08-03T05:08:22.000Z,59.5,-110,2026-08-03T05:10:09.838609+00:00,0.03,24.0,False,True,False,bovada,2026-08-03T05:08:22.000Z,0.03,False,a5bec66239489b1c81a1bcf76c7493822c6012ccb8e8408c78f20ce86ccd185c
sports_game_odds,20260803T051009Z-f34e0721,UPDAxh2NwSvHC9O92Pf8,g85,401856667,1,1,Texas State,Texas,betmgm,total,over,59.5,-110,True,False,2026-08-03T05:08:17.000Z,60.5,-110,2026-08-03T05:10:09.838609+00:00,0.0313,24.0,False,True,False,betmgm,2026-08-03T05:08:17.000Z,0.0313,False,f3c0d0b5b7d207023f608a5031cd1de9a9d868b4aff01460f72d6b6deb2f5779
sports_game_odds,20260803T051009Z-f34e0721,UPDAxh2NwSvHC9O92Pf8,g85,401856667,1,1,Texas State,Texas,fanduel,total,under,59.5,-105,True,False,2026-08-03T05:08:22.253Z,60.5,-110,2026-08-03T05:10:09.838609+00:00,0.0299,24.0,False,True,False,fanduel,2026-08-03T05:08:22.253Z,0.0299,False,a94b9e06ea381eaac697773ca943f05d5fc4d0144d12c57daa8a9ee231f06023
sports_game_odds,20260803T051009Z-f34e0721,UPDAxh2NwSvHC9O92Pf8,g85,401856667,1,1,Texas State,Texas,draftkings,total,under,59.5,-108,True,False,2026-08-03T05:08:22.214Z,59.5,-112,2026-08-03T05:10:09.838609+00:00,0.0299,24.0,False,True,False,draftkings,2026-08-03T05:08:22.214Z,0.0299,False,c1878ce3319cf0c7cc22fbfa64aedb55a6bfba5783b8464fcbb897045768606c
sports_game_odds,20260803T051009Z-f34e0721,UPDAxh2NwSvHC9O92Pf8,g85,401856667,1,1,Texas State,Texas,caesars,total,under,59.5,-107,True,False,2026-08-03T05:08:12.000Z,59.5,-106,2026-08-03T05:10:09.838609+00:00,0.0327,24.0,False,True,False,caesars,2026-08-03T05:08:12.000Z,0.0327,False,bc3b0c029c0ed80d358f84cb69d3f20f1ef4884bf206e2139efb40d09cddd84b
sports_game_odds,20260803T051009Z-f34e0721,UPDAxh2NwSvHC9O92Pf8,g85,401856667,1,1,Texas State,Texas,bovada,total,under,59.5,-110,True,False,2026-08-03T05:08:22.000Z,59.5,-110,2026-08-03T05:10:09.838609+00:00,0.03,24.0,False,True,False,bovada,2026-08-03T05:08:22.000Z,0.03,False,0b9ce6734af915369c3e2f901d847a90aaef064674349d1c5815d34f2e397090
sports_game_odds,20260803T051009Z-f34e0721,UPDAxh2NwSvHC9O92Pf8,g85,401856667,1,1,Texas State,Texas,betmgm,total,under,59.5,-110,True,False,2026-08-03T05:08:17.000Z,60.5,-110,2026-08-03T05:10:09.838609+00:00,0.0313,24.0,False,True,False,betmgm,2026-08-03T05:08:17.000Z,0.0313,False,d1f85da50d73628538ffd0ff2c77ca0e380ab85c50f6d247dc51f13b7a1fa6ff
sports_game_odds,20260803T051009Z-f34e0721,UPDAxh2NwSvHC9O92Pf8,g85,401856667,1,1,Texas State,Texas,fanduel,moneyline,away,,2400,True,False,2026-08-03T05:08:22.253Z,2400.0,2400,2026-08-03T05:10:09.838609+00:00,0.0299,24.0,False,True,False,fanduel,2026-08-03T05:08:22.253Z,0.0299,False,c5761c016075b7c77e7298e085e830911546d0c01095d9296b48134e56b88277
sports_game_odds,20260803T051009Z-f34e0721,UPDAxh2NwSvHC9O92Pf8,g85,401856667,1,1,Texas State,Texas,draftkings,moneyline,away,,2500,True,False,2026-08-03T05:08:22.214Z,2500.0,2500,2026-08-03T05:10:09.838609+00:00,0.0299,24.0,False,True,False,draftkings,2026-08-03T05:08:22.214Z,0.0299,False,f5d255e47bcc2c44c3f50ff7ec0e79266b4d042146fdc685f143c49494f89446
sports_game_odds,20260803T051009Z-f34e0721,UPDAxh2NwSvHC9O92Pf8,g85,401856667,1,1,Texas State,Texas,bovada,moneyline,away,,2500,True,False,2026-08-03T05:08:04.700Z,2500.0,2500,2026-08-03T05:10:09.838609+00:00,0.0348,24.0,False,True,False,bovada,2026-08-03T05:08:04.700Z,0.0348,False,afb8bd2827a8641e406d671e0465b258932d6984a1e7ef2c078b7ce55f05b5dd
sports_game_odds,20260803T051009Z-f34e0721,UPDAxh2NwSvHC9O92Pf8,g85,401856667,1,1,Texas State,Texas,caesars,moneyline,away,,1900,True,False,2026-08-03T05:08:12.000Z,1800.0,1800,2026-08-03T05:10:09.838609+00:00,0.0327,24.0,False,True,False,caesars,2026-08-03T05:08:12.000Z,0.0327,False,2d1952f32ba4d7f3faf23a8bf94e7109e4fefe850538c2d6b278ec6256480fb3
sports_game_odds,20260803T051009Z-f34e0721,UPDAxh2NwSvHC9O92Pf8,g85,401856667,1,1,Texas State,Texas,fanduel,moneyline,home,,-10000,True,False,2026-08-03T05:08:22.253Z,-10000.0,-10000,2026-08-03T05:10:09.838609+00:00,0.0299,24.0,False,True,False,fanduel,2026-08-03T05:08:22.253Z,0.0299,False,908142b689892704ebeda0881b27e127f3bc0acffde60dee11b74a613cbfdb62
sports_game_odds,20260803T051009Z-f34e0721,UPDAxh2NwSvHC9O92Pf8,g85,401856667,1,1,Texas State,Texas,draftkings,moneyline,home,,-9000,True,False,2026-08-03T05:08:22.214Z,-9000.0,-9000,2026-08-03T05:10:09.838609+00:00,0.0299,24.0,False,True,False,draftkings,2026-08-03T05:08:22.214Z,0.0299,False,7fa9f0b42b6fe1fbd92c667f0f2198123520d6067d204c34cbfe66f0de0ccdae
sports_game_odds,20260803T051009Z-f34e0721,UPDAxh2NwSvHC9O92Pf8,g85,401856667,1,1,Texas State,Texas,bovada,moneyline,home,,-10000,False,False,2026-08-03T05:08:04.700Z,-10000.0,-10000,2026-08-03T05:10:09.838609+00:00,0.0348,24.0,False,False,False,bovada,2026-08-03T05:08:04.700Z,0.0348,False,1ac0cd4b4481b9b72e80cf6693a3d75b1322f9d0d219551c55a1dc5abea95670
sports_game_odds,20260803T051009Z-f34e0721,UPDAxh2NwSvHC9O92Pf8,g85,401856667,1,1,Texas State,Texas,caesars,moneyline,home,,-10000,True,False,2026-08-03T05:08:12.000Z,-10000.0,-10000,2026-08-03T05:10:09.838609+00:00,0.0327,24.0,False,True,False,caesars,2026-08-03T05:08:12.000Z,0.0327,False,c1ca98ed511562fc14ccf5b3deb43b3eaa834620877c328d3b8af9b4f3f79b9f
sports_game_odds,20260803T051009Z-f34e0721,ciyi8mDL3QdYXhwbLgqU,g66,401864499,1,1,Fordham,North Dakota State,fanduel,spread,away,38.5,-105,True,False,2026-08-03T05:08:22.253Z,35.5,-105,2026-08-03T05:10:09.838609+00:00,0.0299,24.0,False,True,False,fanduel,2026-08-03T05:08:22.253Z,0.0299,False,9109b8283719478195e8294a06e5934cfb8b2689cdad46f825232756d3e346d9
sports_game_odds,20260803T051009Z-f34e0721,ciyi8mDL3QdYXhwbLgqU,g66,401864499,1,1,Fordham,North Dakota State,fanduel,spread,home,-38.5,-115,True,False,2026-08-03T05:08:22.253Z,-35.5,-115,2026-08-03T05:10:09.838609+00:00,0.0299,24.0,False,True,False,fanduel,2026-08-03T05:08:22.253Z,0.0299,False,5b55ca9986444c3644b73cb19a359c2b388ba7b43525b0ba73a56128a22c92e5
sports_game_odds,20260803T051009Z-f34e0721,ciyi8mDL3QdYXhwbLgqU,g66,401864499,1,1,Fordham,North Dakota State,fanduel,total,over,57.5,-110,True,False,2026-08-03T05:08:22.253Z,58.5,-110,2026-08-03T05:10:09.838609+00:00,0.0299,24.0,False,True,False,fanduel,2026-08-03T05:08:22.253Z,0.0299,False,33725aff8a3b088fa02b19fdf047c477f7bdbab7e5b26cb1485db607941009fa
sports_game_odds,20260803T051009Z-f34e0721,ciyi8mDL3QdYXhwbLgqU,g66,401864499,1,1,Fordham,North Dakota State,fanduel,total,under,57.5,-110,True,False,2026-08-03T05:08:22.253Z,58.5,-110,2026-08-03T05:10:09.838609+00:00,0.0299,24.0,False,True,False,fanduel,2026-08-03T05:08:22.253Z,0.0299,False,9c8adfe89cd2fe4e77d2dcb61eca944d2636bdb3c370e1e32439491382c5750e
sports_game_odds,20260803T051009Z-f34e0721,ciyi8mDL3QdYXhwbLgqU,g66,401864499,1,1,Fordham,North Dakota State,fanduel,moneyline,away,,8000,True,False,2026-08-03T05:08:22.253Z,5500.0,5500,2026-08-03T05:10:09.838609+00:00,0.0299,24.0,False,True,False,fanduel,2026-08-03T05:08:22.253Z,0.0299,False,a2a5f22fe04dbf99db614850833a01df992603bcf9670b43e50c00798be97c5e
sports_game_odds,20260803T051009Z-f34e0721,ciyi8mDL3QdYXhwbLgqU,g66,401864499,1,1,Fordham,North Dakota State,fanduel,moneyline,home,,-50000,False,False,2026-08-03T05:08:04.700Z,,,2026-08-03T05:10:09.838609+00:00,0.0348,24.0,False,False,False,fanduel,2026-08-03T05:08:04.700Z,0.0348,False,daedd52f164ce5506f9adbb8b06954f29a201d2cfc4f67733cb41ff7bd42806b
sports_game_odds,20260803T051009Z-f34e0721,oNUzPlA3Q1o7Dz69Ozn0,g30,401856636,1,1,Baylor,Auburn,fanduel,spread,away,7.5,-115,True,False,2026-08-03T05:08:22.253Z,7.5,-110,2026-08-03T05:10:09.838609+00:00,0.0299,24.0,False,True,False,fanduel,2026-08-03T05:08:22.253Z,0.0299,False,54a0159bfb3d7b7d78dc3e737f2a5147fd777f71b3acd1ed771ea93b5b53bce6
sports_game_odds,20260803T051009Z-f34e0721,oNUzPlA3Q1o7Dz69Ozn0,g30,401856636,1,1,Baylor,Auburn,bovada,spread,away,7.0,100,True,False,2026-08-03T05:08:22.000Z,7.0,-105,2026-08-03T05:10:09.838609+00:00,0.03,24.0,False,True,False,bovada,2026-08-03T05:08:22.000Z,0.03,False,0eb1944483a064630cdb8532cd1599a78a5bed6d27b92959541d62c259ba8c91
sports_game_odds,20260803T051009Z-f34e0721,oNUzPlA3Q1o7Dz69Ozn0,g30,401856636,1,1,Baylor,Auburn,draftkings,spread,away,7.0,-110,True,False,2026-08-03T05:08:22.214Z,7.0,-115,2026-08-03T05:10:09.838609+00:00,0.0299,24.0,False,True,False,draftkings,2026-08-03T05:08:22.214Z,0.0299,False,694159309c41a8c84a85dda9880496d688f9a145cd9192b4d13638bfea638dda
sports_game_odds,20260803T051009Z-f34e0721,oNUzPlA3Q1o7Dz69Ozn0,g30,401856636,1,1,Baylor,Auburn,betmgm,spread,away,7.5,-115,True,False,2026-08-03T05:08:17.000Z,7.5,-115,2026-08-03T05:10:09.838609+00:00,0.0313,24.0,False,True,False,betmgm,2026-08-03T05:08:17.000Z,0.0313,False,3969658c366e2ba54fc52fb40d7465d31545ba7e508d0deb09e7732983073224
sports_game_odds,20260803T051009Z-f34e0721,oNUzPlA3Q1o7Dz69Ozn0,g30,401856636,1,1,Baylor,Auburn,caesars,spread,away,7.5,-117,False,False,2026-08-01T18:51:29.049Z,7.0,-108,2026-08-03T05:10:09.838609+00:00,34.3113,24.0,True,False,False,caesars,2026-08-01T18:51:29.049Z,34.3113,True,2ea418aad4908bcd504f35b11fcbd3cc4442571a83189417a5df0dab244cf068
sports_game_odds,20260803T051009Z-f34e0721,oNUzPlA3Q1o7Dz69Ozn0,g30,401856636,1,1,Baylor,Auburn,fanduel,spread,home,-7.5,-105,True,False,2026-08-03T05:08:22.253Z,-7.5,-110,2026-08-03T05:10:09.838609+00:00,0.0299,24.0,False,True,False,fanduel,2026-08-03T05:08:22.253Z,0.0299,False,03094b9a16ad256246466e7eda325178257cfb4f98974e9d31a0ada2931fe6f0
sports_game_odds,20260803T051009Z-f34e0721,oNUzPlA3Q1o7Dz69Ozn0,g30,401856636,1,1,Baylor,Auburn,bovada,spread,home,-7.0,-120,True,False,2026-08-03T05:08:22.000Z,-7.0,-115,2026-08-03T05:10:09.838609+00:00,0.03,24.0,False,True,False,bovada,2026-08-03T05:08:22.000Z,0.03,False,35ad4e95666949578401a5cc4c381e392b8974a00d6efa35f102550b8beb7787
sports_game_odds,20260803T051009Z-f34e0721,oNUzPlA3Q1o7Dz69Ozn0,g30,401856636,1,1,Baylor,Auburn,draftkings,spread,home,-7.0,-110,True,False,2026-08-03T05:08:22.214Z,-7.0,-105,2026-08-03T05:10:09.838609+00:00,0.0299,24.0,False,True,False,draftkings,2026-08-03T05:08:22.214Z,0.0299,False,11d2d34ef63e9b1a0f43415b4f6059a5b12184e08279b756c459deadf49c4111
sports_game_odds,20260803T051009Z-f34e0721,oNUzPlA3Q1o7Dz69Ozn0,g30,401856636,1,1,Baylor,Auburn,betmgm,spread,home,-7.5,-105,True,False,2026-08-03T05:08:17.000Z,-7.5,-105,2026-08-03T05:10:09.838609+00:00,0.0313,24.0,False,True,False,betmgm,2026-08-03T05:08:17.000Z,0.0313,False,2d40b7884bd45cf7565f1bef943f47d530976ee7d20fd259f5103f18b3bcde33
sports_game_odds,20260803T051009Z-f34e0721,oNUzPlA3Q1o7Dz69Ozn0,g30,401856636,1,1,Baylor,Auburn,caesars,spread,home,-7.5,-104,False,False,2026-08-01T18:51:29.049Z,-7.0,-112,2026-08-03T05:10:09.838609+00:00,34.3113,24.0,True,False,False,caesars,2026-08-01T18:51:29.049Z,34.3113,True,49a1814c3073c9c8f6ed3e8e24c92188d2f020057739819e2a569d4afb4dc994
sports_game_odds,20260803T051009Z-f34e0721,oNUzPlA3Q1o7Dz69Ozn0,g30,401856636,1,1,Baylor,Auburn,fanduel,total,over,60.5,-110,True,False,2026-08-03T05:08:22.253Z,59.5,-110,2026-08-03T05:10:09.838609+00:00,0.0299,24.0,False,True,False,fanduel,2026-08-03T05:08:22.253Z,0.0299,False,98bb308d8640ca0ef259486c9dd35e956370a17b71870db173e7670f1808fb55
sports_game_odds,20260803T051009Z-f34e0721,oNUzPlA3Q1o7Dz69Ozn0,g30,401856636,1,1,Baylor,Auburn,bovada,total,over,59.5,-115,True,False,2026-08-03T05:08:22.000Z,59.5,-110,2026-08-03T05:10:09.838609+00:00,0.03,24.0,False,True,False,bovada,2026-08-03T05:08:22.000Z,0.03,False,a1e6a8acd4f73d6546914c709190a36c5ea3b443079111d2d986ae1c3ba50db1
sports_game_odds,20260803T051009Z-f34e0721,oNUzPlA3Q1o7Dz69Ozn0,g30,401856636,1,1,Baylor,Auburn,draftkings,total,over,59.5,-115,True,False,2026-08-03T05:08:22.214Z,59.5,-110,2026-08-03T05:10:09.838609+00:00,0.0299,24.0,False,True,False,draftkings,2026-08-03T05:08:22.214Z,0.0299,False,a4ab0995b8f40e2b4f8a100a2a3c4ac6354908bb0a5745568fe92e527bb202ab
sports_game_odds,20260803T051009Z-f34e0721,oNUzPlA3Q1o7Dz69Ozn0,g30,401856636,1,1,Baylor,Auburn,betmgm,total,over,60.5,-110,True,False,2026-08-03T05:08:17.000Z,59.5,-110,2026-08-03T05:10:09.838609+00:00,0.0313,24.0,False,True,False,betmgm,2026-08-03T05:08:17.000Z,0.0313,False,eaac05d4de441efed958a51184c0b6cde36675ad6a22b370ded4a253889955cb
sports_game_odds,20260803T051009Z-f34e0721,oNUzPlA3Q1o7Dz69Ozn0,g30,401856636,1,1,Baylor,Auburn,caesars,total,over,60.5,-107,True,False,2026-08-03T05:08:12.000Z,59.5,-109,2026-08-03T05:10:09.838609+00:00,0.0327,24.0,False,True,False,caesars,2026-08-03T05:08:12.000Z,0.0327,False,462311e3e902079dea6a13ae3b99b31c192bb745cdeac943d809d646afa7b1c8
sports_game_odds,20260803T051009Z-f34e0721,oNUzPlA3Q1o7Dz69Ozn0,g30,401856636,1,1,Baylor,Auburn,fanduel,total,under,60.5,-110,True,False,2026-08-03T05:08:22.253Z,59.5,-110,2026-08-03T05:10:09.838609+00:00,0.0299,24.0,False,True,False,fanduel,2026-08-03T05:08:22.253Z,0.0299,False,1de67c45f7f7fa8f737eac3abeb1e5523570352a7fdeb8c5d3f44ec320b5b460
sports_game_odds,20260803T051009Z-f34e0721,oNUzPlA3Q1o7Dz69Ozn0,g30,401856636,1,1,Baylor,Auburn,bovada,total,under,59.5,-105,True,False,2026-08-03T05:08:22.000Z,59.5,-110,2026-08-03T05:10:09.838609+00:00,0.03,24.0,False,True,False,bovada,2026-08-03T05:08:22.000Z,0.03,False,589deb3d5c296dc99e3f7e1308b887ca7607a1d028ef4e73c97fe9c1e24a287d
sports_game_odds,20260803T051009Z-f34e0721,oNUzPlA3Q1o7Dz69Ozn0,g30,401856636,1,1,Baylor,Auburn,draftkings,total,under,59.5,-105,True,False,2026-08-03T05:08:22.214Z,59.5,-110,2026-08-03T05:10:09.838609+00:00,0.0299,24.0,False,True,False,draftkings,2026-08-03T05:08:22.214Z,0.0299,False,a6ed43256ee7b096958fcfb5d23ab0aaa2ae3bfea6d56812e8bcb04714b10e34
sports_game_odds,20260803T051009Z-f34e0721,oNUzPlA3Q1o7Dz69Ozn0,g30,401856636,1,1,Baylor,Auburn,betmgm,total,under,60.5,-110,True,False,2026-08-03T05:08:17.000Z,59.5,-110,2026-08-03T05:10:09.838609+00:00,0.0313,24.0,False,True,False,betmgm,2026-08-03T05:08:17.000Z,0.0313,False,92b51b58758ac8407078a8b8724d29cd716d6930269e43d6db4e827b1f230981
sports_game_odds,20260803T051009Z-f34e0721,oNUzPlA3Q1o7Dz69Ozn0,g30,401856636,1,1,Baylor,Auburn,caesars,total,under,60.5,-113,True,False,2026-08-03T05:08:12.000Z,59.5,-110,2026-08-03T05:10:09.838609+00:00,0.0327,24.0,False,True,False,caesars,2026-08-03T05:08:12.000Z,0.0327,False,9e06af50c814b19406c4967e3f60024da10b4cb317924ceab059367f2fea1ee1
sports_game_odds,20260803T051009Z-f34e0721,oNUzPlA3Q1o7Dz69Ozn0,g30,401856636,1,1,Baylor,Auburn,fanduel,moneyline,away,,235,True,False,2026-08-03T05:08:22.253Z,235.0,235,2026-08-03T05:10:09.838609+00:00,0.0299,24.0,False,True,False,fanduel,2026-08-03T05:08:22.253Z,0.0299,False,f0f924906730957b804875f32df4eae7a713eb76e0ea35e4c6c878078d470427
sports_game_odds,20260803T051009Z-f34e0721,oNUzPlA3Q1o7Dz69Ozn0,g30,401856636,1,1,Baylor,Auburn,bovada,moneyline,away,,230,True,False,2026-08-03T05:08:22.000Z,220.0,220,2026-08-03T05:10:09.838609+00:00,0.03,24.0,False,True,False,bovada,2026-08-03T05:08:22.000Z,0.03,False,b14805c49111aecf6c56a3f8871d46ea2bb87f9580ea7bd2dbc482ede7ae42e4
sports_game_odds,20260803T051009Z-f34e0721,oNUzPlA3Q1o7Dz69Ozn0,g30,401856636,1,1,Baylor,Auburn,draftkings,moneyline,away,,225,True,False,2026-08-03T05:08:22.214Z,215.0,215,2026-08-03T05:10:09.838609+00:00,0.0299,24.0,False,True,False,draftkings,2026-08-03T05:08:22.214Z,0.0299,False,246d5c84565ff7dbf8a6126e77bc502c53328eeec5c6341eca652f50fa036fd2
sports_game_odds,20260803T051009Z-f34e0721,oNUzPlA3Q1o7Dz69Ozn0,g30,401856636,1,1,Baylor,Auburn,caesars,moneyline,away,,225,True,False,2026-08-03T05:08:12.000Z,230.0,230,2026-08-03T05:10:09.838609+00:00,0.0327,24.0,False,True,False,caesars,2026-08-03T05:08:12.000Z,0.0327,False,6365207d960f8e9fdedd7eeb16fbd060d8db84335ceb5f9dd234adc179eb18ee
sports_game_odds,20260803T051009Z-f34e0721,oNUzPlA3Q1o7Dz69Ozn0,g30,401856636,1,1,Baylor,Auburn,betmgm,moneyline,away,,240,True,False,2026-08-03T05:08:17.000Z,240.0,240,2026-08-03T05:10:09.838609+00:00,0.0313,24.0,False,True,False,betmgm,2026-08-03T05:08:17.000Z,0.0313,False,1fb6d6ce6bd0a1794e0acb1c800bbbd76a6c862cb0dabbf2b4eee5c8f4020f86
sports_game_odds,20260803T051009Z-f34e0721,oNUzPlA3Q1o7Dz69Ozn0,g30,401856636,1,1,Baylor,Auburn,fanduel,moneyline,home,,-295,True,False,2026-08-03T05:08:22.253Z,-295.0,-295,2026-08-03T05:10:09.838609+00:00,0.0299,24.0,False,True,False,fanduel,2026-08-03T05:08:22.253Z,0.0299,False,5afaa290ccf8b63aa6979e3e636a5923badfd31415a68c71530fe2db2ab888b9
sports_game_odds,20260803T051009Z-f34e0721,oNUzPlA3Q1o7Dz69Ozn0,g30,401856636,1,1,Baylor,Auburn,bovada,moneyline,home,,-280,True,False,2026-08-03T05:08:22.000Z,-270.0,-270,2026-08-03T05:10:09.838609+00:00,0.03,24.0,False,True,False,bovada,2026-08-03T05:08:22.000Z,0.03,False,3f810d66e0e0e6ce0b4103e797a94f7c47f4b199ad1f294a0985d28381e44f79
sports_game_odds,20260803T051009Z-f34e0721,oNUzPlA3Q1o7Dz69Ozn0,g30,401856636,1,1,Baylor,Auburn,draftkings,moneyline,home,,-278,True,False,2026-08-03T05:08:22.214Z,-265.0,-265,2026-08-03T05:10:09.838609+00:00,0.0299,24.0,False,True,False,draftkings,2026-08-03T05:08:22.214Z,0.0299,False,d33de0e54a001c194342532b45faa07ebaa811eeb7a374abc9e9dfa7d1a86169
sports_game_odds,20260803T051009Z-f34e0721,oNUzPlA3Q1o7Dz69Ozn0,g30,401856636,1,1,Baylor,Auburn,caesars,moneyline,home,,-280,True,False,2026-08-03T05:08:12.000Z,-290.0,-290,2026-08-03T05:10:09.838609+00:00,0.0327,24.0,False,True,False,caesars,2026-08-03T05:08:12.000Z,0.0327,False,d875927124b3840e303571d1ed5911cf5c93fabe207ae0e47a86483c0fdbff64
sports_game_odds,20260803T051009Z-f34e0721,oNUzPlA3Q1o7Dz69Ozn0,g30,401856636,1,1,Baylor,Auburn,betmgm,moneyline,home,,-300,True,False,2026-08-03T05:08:17.000Z,-300.0,-300,2026-08-03T05:10:09.838609+00:00,0.0313,24.0,False,True,False,betmgm,2026-08-03T05:08:17.000Z,0.0313,False,b9d5fae378d897d3b893f17dbe0cd45bf30cea6a006fedf7407a6df9dc40e2cf
sports_game_odds,20260803T051009Z-f34e0721,s2a7VoKzBXyXOtflhoGl,g72,401858434,1,1,Marshall,Penn State,fanduel,spread,away,24.5,-110,True,False,2026-08-03T05:08:22.253Z,23.5,-110,2026-08-03T05:10:09.838609+00:00,0.0299,24.0,False,True,False,fanduel,2026-08-03T05:08:22.253Z,0.0299,False,8a5450007cff0bae74f11c810042e493e5a14f491f06ae3a2d6319959d929fd8
sports_game_odds,20260803T051009Z-f34e0721,s2a7VoKzBXyXOtflhoGl,g72,401858434,1,1,Marshall,Penn State,draftkings,spread,away,24.5,-115,True,False,2026-08-03T05:08:22.214Z,23.5,-112,2026-08-03T05:10:09.838609+00:00,0.0299,24.0,False,True,False,draftkings,2026-08-03T05:08:22.214Z,0.0299,False,aed05b709459e2d24122b5bebb7441b8e0687214ce6f7727a567803d757c53f0
sports_game_odds,20260803T051009Z-f34e0721,s2a7VoKzBXyXOtflhoGl,g72,401858434,1,1,Marshall,Penn State,caesars,spread,away,24.5,-113,True,False,2026-08-03T05:08:12.000Z,23.5,-112,2026-08-03T05:10:09.838609+00:00,0.0327,24.0,False,True,False,caesars,2026-08-03T05:08:12.000Z,0.0327,False,32d2ceedd9a1b7ab3d0f97051345bfa2ccb9686bcfd92b93efb3532cbc99ae74
sports_game_odds,20260803T051009Z-f34e0721,s2a7VoKzBXyXOtflhoGl,g72,401858434,1,1,Marshall,Penn State,bovada,spread,away,24.5,-115,True,False,2026-08-03T05:08:22.000Z,23.5,-110,2026-08-03T05:10:09.838609+00:00,0.03,24.0,False,True,False,bovada,2026-08-03T05:08:22.000Z,0.03,False,30b12e99eccaaa7e3d3bf81032b4910b505581350d1c31029252e97999626e4c
sports_game_odds,20260803T051009Z-f34e0721,s2a7VoKzBXyXOtflhoGl,g72,401858434,1,1,Marshall,Penn State,betmgm,spread,away,23.5,-105,True,False,2026-08-03T05:08:17.000Z,23.5,-110,2026-08-03T05:10:09.838609+00:00,0.0313,24.0,False,True,False,betmgm,2026-08-03T05:08:17.000Z,0.0313,False,213dfcd6e0124341ee8c0517754045f7346164510b7cbb773bf4d12bc65e0c0c
sports_game_odds,20260803T051009Z-f34e0721,s2a7VoKzBXyXOtflhoGl,g72,401858434,1,1,Marshall,Penn State,fanduel,spread,home,-24.5,-110,True,False,2026-08-03T05:08:22.253Z,-23.5,-110,2026-08-03T05:10:09.838609+00:00,0.0299,24.0,False,True,False,fanduel,2026-08-03T05:08:22.253Z,0.0299,False,d3555f88cc541fe02f5f337d8ee55f3868934885f5ec15ce0b72068d43474644
sports_game_odds,20260803T051009Z-f34e0721,s2a7VoKzBXyXOtflhoGl,g72,401858434,1,1,Marshall,Penn State,draftkings,spread,home,-24.5,-105,True,False,2026-08-03T05:08:22.214Z,-23.5,-108,2026-08-03T05:10:09.838609+00:00,0.0299,24.0,False,True,False,draftkings,2026-08-03T05:08:22.214Z,0.0299,False,77209b4265a81d4c2908abb60428a125386ccf425920b581473ac6364037c900
sports_game_odds,20260803T051009Z-f34e0721,s2a7VoKzBXyXOtflhoGl,g72,401858434,1,1,Marshall,Penn State,caesars,spread,home,-24.5,-107,True,False,2026-08-03T05:08:12.000Z,-23.5,-108,2026-08-03T05:10:09.838609+00:00,0.0327,24.0,False,True,False,caesars,2026-08-03T05:08:12.000Z,0.0327,False,2c1eb11b8fe05bde01bd574e30f6f7280740d17194fb92e05896df4b0b9ea2e1
sports_game_odds,20260803T051009Z-f34e0721,s2a7VoKzBXyXOtflhoGl,g72,401858434,1,1,Marshall,Penn State,bovada,spread,home,-24.5,-105,True,False,2026-08-03T05:08:22.000Z,-23.5,-110,2026-08-03T05:10:09.838609+00:00,0.03,24.0,False,True,False,bovada,2026-08-03T05:08:22.000Z,0.03,False,38ee0ee95ef63d8a7bb0cc7cc179e62365f2ed120e6523cf4d77c24a05d64aa5
sports_game_odds,20260803T051009Z-f34e0721,s2a7VoKzBXyXOtflhoGl,g72,401858434,1,1,Marshall,Penn State,betmgm,spread,home,-23.5,-115,True,False,2026-08-03T05:08:17.000Z,-23.5,-110,2026-08-03T05:10:09.838609+00:00,0.0313,24.0,False,True,False,betmgm,2026-08-03T05:08:17.000Z,0.0313,False,1314512b57e3aeeeeabd0d171948964af0eb6da54651d68215f29d888a64a7ed
sports_game_odds,20260803T051009Z-f34e0721,s2a7VoKzBXyXOtflhoGl,g72,401858434,1,1,Marshall,Penn State,fanduel,total,over,53.5,-115,True,False,2026-08-03T05:08:22.253Z,53.5,-105,2026-08-03T05:10:09.838609+00:00,0.0299,24.0,False,True,False,fanduel,2026-08-03T05:08:22.253Z,0.0299,False,0648afd1adc08fbac00ce8b33eacfab55101ea2b44203e563638ab7f65d3a34b
sports_game_odds,20260803T051009Z-f34e0721,s2a7VoKzBXyXOtflhoGl,g72,401858434,1,1,Marshall,Penn State,draftkings,total,over,54.5,-112,True,False,2026-08-03T05:08:22.214Z,54.5,-112,2026-08-03T05:10:09.838609+00:00,0.0299,24.0,False,True,False,draftkings,2026-08-03T05:08:22.214Z,0.0299,False,0a9e4c5a05eb57bab8da8705ccb264b1e3ff3f066f37c44d30913a547ebca05a
sports_game_odds,20260803T051009Z-f34e0721,s2a7VoKzBXyXOtflhoGl,g72,401858434,1,1,Marshall,Penn State,caesars,total,over,54.5,-108,True,False,2026-08-03T05:08:12.000Z,53.5,-117,2026-08-03T05:10:09.838609+00:00,0.0327,24.0,False,True,False,caesars,2026-08-03T05:08:12.000Z,0.0327,False,57b3bc3d98873e34a8c2495e2bec0b23fc996b616000db89460a4b24f49104af
sports_game_odds,20260803T051009Z-f34e0721,s2a7VoKzBXyXOtflhoGl,g72,401858434,1,1,Marshall,Penn State,bovada,total,over,54.5,-110,True,False,2026-08-03T05:08:22.000Z,54.5,-110,2026-08-03T05:10:09.838609+00:00,0.03,24.0,False,True,False,bovada,2026-08-03T05:08:22.000Z,0.03,False,35621c1b6c0b99fb56fc0248ecf0475fff6bd75925027ca8ddbfd5b6c253c49e
sports_game_odds,20260803T051009Z-f34e0721,s2a7VoKzBXyXOtflhoGl,g72,401858434,1,1,Marshall,Penn State,betmgm,total,over,54.5,-110,True,False,2026-08-03T05:08:17.000Z,53.5,-110,2026-08-03T05:10:09.838609+00:00,0.0313,24.0,False,True,False,betmgm,2026-08-03T05:08:17.000Z,0.0313,False,c2fa5adc184391582b7017360b47aa3edb1ad7e412de12aed36113f810eb6079
sports_game_odds,20260803T051009Z-f34e0721,s2a7VoKzBXyXOtflhoGl,g72,401858434,1,1,Marshall,Penn State,fanduel,total,under,53.5,-105,True,False,2026-08-03T05:08:22.253Z,53.5,-115,2026-08-03T05:10:09.838609+00:00,0.0299,24.0,False,True,False,fanduel,2026-08-03T05:08:22.253Z,0.0299,False,9f1069d3736839acb3169f9a4eab848b23e81c994c42e39fd2cdf35d6d8d5c21
sports_game_odds,20260803T051009Z-f34e0721,s2a7VoKzBXyXOtflhoGl,g72,401858434,1,1,Marshall,Penn State,draftkings,total,under,54.5,-108,True,False,2026-08-03T05:08:22.214Z,54.5,-108,2026-08-03T05:10:09.838609+00:00,0.0299,24.0,False,True,False,draftkings,2026-08-03T05:08:22.214Z,0.0299,False,ea38e44faaee9fb77dbff2036a5fba20f9fc770bb31c6de6050315d12f73e13a
sports_game_odds,20260803T051009Z-f34e0721,s2a7VoKzBXyXOtflhoGl,g72,401858434,1,1,Marshall,Penn State,caesars,total,under,54.5,-112,True,False,2026-08-03T05:08:12.000Z,53.5,-104,2026-08-03T05:10:09.838609+00:00,0.0327,24.0,False,True,False,caesars,2026-08-03T05:08:12.000Z,0.0327,False,f0b4a37d483a0a84fd756d2ad0e8d0d670d4dbed7b3f6284eeb4b174108bc136
sports_game_odds,20260803T051009Z-f34e0721,s2a7VoKzBXyXOtflhoGl,g72,401858434,1,1,Marshall,Penn State,bovada,total,under,54.5,-110,True,False,2026-08-03T05:08:22.000Z,54.5,-110,2026-08-03T05:10:09.838609+00:00,0.03,24.0,False,True,False,bovada,2026-08-03T05:08:22.000Z,0.03,False,f034b73614425d0d1b7d2edbda6651f099c66639f5e1c8cf26f8a87ab699b434
sports_game_odds,20260803T051009Z-f34e0721,s2a7VoKzBXyXOtflhoGl,g72,401858434,1,1,Marshall,Penn State,betmgm,total,under,54.5,-110,True,False,2026-08-03T05:08:17.000Z,53.5,-110,2026-08-03T05:10:09.838609+00:00,0.0313,24.0,False,True,False,betmgm,2026-08-03T05:08:17.000Z,0.0313,False,eca0b6deb7b15598e92dc815994d4035bd5c64955fb77fc3f3f898d80aed1c64
sports_game_odds,20260803T051009Z-f34e0721,s2a7VoKzBXyXOtflhoGl,g72,401858434,1,1,Marshall,Penn State,fanduel,moneyline,away,,1400,True,False,2026-08-03T05:08:22.253Z,1280.0,1280,2026-08-03T05:10:09.838609+00:00,0.0299,24.0,False,True,False,fanduel,2026-08-03T05:08:22.253Z,0.0299,False,eef55f38ca7f9a9b6701094d43a20d443bc1db96410b393850950730a3183882
sports_game_odds,20260803T051009Z-f34e0721,s2a7VoKzBXyXOtflhoGl,g72,401858434,1,1,Marshall,Penn State,draftkings,moneyline,away,,1400,True,False,2026-08-03T05:08:22.214Z,1200.0,1200,2026-08-03T05:10:09.838609+00:00,0.0299,24.0,False,True,False,draftkings,2026-08-03T05:08:22.214Z,0.0299,False,d17cbf757b93dc5369d6e8b41122a1d0e432285433d453d8651de5c0c181927a
sports_game_odds,20260803T051009Z-f34e0721,s2a7VoKzBXyXOtflhoGl,g72,401858434,1,1,Marshall,Penn State,caesars,moneyline,away,,1200,True,False,2026-08-03T05:08:12.000Z,1200.0,1200,2026-08-03T05:10:09.838609+00:00,0.0327,24.0,False,True,False,caesars,2026-08-03T05:08:12.000Z,0.0327,False,b7e372f7953aa4012c72cec1b573c7413e7abe8a78730729c476c78f33da64b0
sports_game_odds,20260803T051009Z-f34e0721,s2a7VoKzBXyXOtflhoGl,g72,401858434,1,1,Marshall,Penn State,bovada,moneyline,away,,1300,True,False,2026-08-03T05:08:22.000Z,1100.0,1100,2026-08-03T05:10:09.838609+00:00,0.03,24.0,False,True,False,bovada,2026-08-03T05:08:22.000Z,0.03,False,0100974b29e5366001db10de990b035d457fdc8bfdeeef45d8648745757559a9
sports_game_odds,20260803T051009Z-f34e0721,s2a7VoKzBXyXOtflhoGl,g72,401858434,1,1,Marshall,Penn State,betmgm,moneyline,away,,1200,True,False,2026-08-03T05:08:17.000Z,1200.0,1200,2026-08-03T05:10:09.838609+00:00,0.0313,24.0,False,True,False,betmgm,2026-08-03T05:08:17.000Z,0.0313,False,3eb5599524649ff1e892e9477d729ef94a1a2e808110b76d4d16a87eab633241
sports_game_odds,20260803T051009Z-f34e0721,s2a7VoKzBXyXOtflhoGl,g72,401858434,1,1,Marshall,Penn State,fanduel,moneyline,home,,-4000,True,False,2026-08-03T05:08:22.253Z,-3500.0,-3500,2026-08-03T05:10:09.838609+00:00,0.0299,24.0,False,True,False,fanduel,2026-08-03T05:08:22.253Z,0.0299,False,c7af07308386d94e9ae7c0e1d1115e15dfa13c04f3d6afd50f696c2dc78bcb7c
sports_game_odds,20260803T051009Z-f34e0721,s2a7VoKzBXyXOtflhoGl,g72,401858434,1,1,Marshall,Penn State,draftkings,moneyline,home,,-3200,True,False,2026-08-03T05:08:22.214Z,-2400.0,-2400,2026-08-03T05:10:09.838609+00:00,0.0299,24.0,False,True,False,draftkings,2026-08-03T05:08:22.214Z,0.0299,False,3f10e47f3cc440e4b00e424b868d98c7320ee5be6b9f8311659a9fbcda31ebe6
sports_game_odds,20260803T051009Z-f34e0721,s2a7VoKzBXyXOtflhoGl,g72,401858434,1,1,Marshall,Penn State,caesars,moneyline,home,,-3500,True,False,2026-08-03T05:08:12.000Z,-3500.0,-3500,2026-08-03T05:10:09.838609+00:00,0.0327,24.0,False,True,False,caesars,2026-08-03T05:08:12.000Z,0.0327,False,815d31606dad46ef4cd13aa90eca8d2b85c017abcab3b57f9f55dec82a4b9336
sports_game_odds,20260803T051009Z-f34e0721,s2a7VoKzBXyXOtflhoGl,g72,401858434,1,1,Marshall,Penn State,bovada,moneyline,home,,-5000,True,False,2026-08-03T05:08:22.000Z,-3300.0,-3300,2026-08-03T05:10:09.838609+00:00,0.03,24.0,False,True,False,bovada,2026-08-03T05:08:22.000Z,0.03,False,466fb5c06b89649d816bf41347f2f0cc93d4fa40dabf46cee887a0fa56ed541e
sports_game_odds,20260803T051009Z-f34e0721,s2a7VoKzBXyXOtflhoGl,g72,401858434,1,1,Marshall,Penn State,betmgm,moneyline,home,,-3000,True,False,2026-08-03T05:08:17.000Z,-3000.0,-3000,2026-08-03T05:10:09.838609+00:00,0.0313,24.0,False,True,False,betmgm,2026-08-03T05:08:17.000Z,0.0313,False,12eb03c9663785bf85a9f5b9f7dd6c2df25455b9496b4eba19eb717437a68076
sports_game_odds,20260803T051009Z-f34e0721,slZTJGQxDLCmZ9JSGnz4,g84,401856666,1,1,Furman,Tennessee,fanduel,spread,away,48.5,-105,True,False,2026-08-03T05:08:22.253Z,47.5,-110,2026-08-03T05:10:09.838609+00:00,0.0299,24.0,False,True,False,fanduel,2026-08-03T05:08:22.253Z,0.0299,False,9c040dc9f825ab5d44befaeedd5a4b1ef1599e1ee8a8185d1d78c11b3b2a9e61
sports_game_odds,20260803T051009Z-f34e0721,slZTJGQxDLCmZ9JSGnz4,g84,401856666,1,1,Furman,Tennessee,fanduel,spread,home,-48.5,-115,True,False,2026-08-03T05:08:22.253Z,-47.5,-110,2026-08-03T05:10:09.838609+00:00,0.0299,24.0,False,True,False,fanduel,2026-08-03T05:08:22.253Z,0.0299,False,d82b735df750dcc2990b226d10e8be463489d64f7ba7cb4b2e0d40e694214b47
sports_game_odds,20260803T051009Z-f34e0721,slZTJGQxDLCmZ9JSGnz4,g84,401856666,1,1,Furman,Tennessee,fanduel,total,over,66.5,-115,True,False,2026-08-03T05:08:22.253Z,61.5,-105,2026-08-03T05:10:09.838609+00:00,0.0299,24.0,False,True,False,fanduel,2026-08-03T05:08:22.253Z,0.0299,False,6ea7ec4aec14eda7798d7c5ad0926190455150b6bae777064b371069d79f930b
sports_game_odds,20260803T051009Z-f34e0721,slZTJGQxDLCmZ9JSGnz4,g84,401856666,1,1,Furman,Tennessee,fanduel,total,under,66.5,-105,True,False,2026-08-03T05:08:22.253Z,61.5,-115,2026-08-03T05:10:09.838609+00:00,0.0299,24.0,False,True,False,fanduel,2026-08-03T05:08:22.253Z,0.0299,False,47aaddb6d13052a6e3d650f91fc6cac41aa5061aff1b18b0a73167ec5a388a43
sports_game_odds,20260803T051009Z-f34e0721,syqwuJuim8sIquTxIvRr,g71,401858433,1,1,Boise State,Oregon,fanduel,spread,away,24.5,-110,True,False,2026-08-03T05:08:22.253Z,24.5,-110,2026-08-03T05:10:09.838609+00:00,0.0299,24.0,False,True,False,fanduel,2026-08-03T05:08:22.253Z,0.0299,False,f377ab2b872f95654a78b21cbc17a62c07e99198058259b80160127d3101e5b3
sports_game_odds,20260803T051009Z-f34e0721,syqwuJuim8sIquTxIvRr,g71,401858433,1,1,Boise State,Oregon,draftkings,spread,away,24.5,-112,True,False,2026-08-03T05:08:22.214Z,24.5,-105,2026-08-03T05:10:09.838609+00:00,0.0299,24.0,False,True,False,draftkings,2026-08-03T05:08:22.214Z,0.0299,False,3821df1d69e3118db819a39ac5411caead28a167abe957669811c4ef12aa630c
sports_game_odds,20260803T051009Z-f34e0721,syqwuJuim8sIquTxIvRr,g71,401858433,1,1,Boise State,Oregon,caesars,spread,away,24.5,-112,True,False,2026-08-03T05:08:12.000Z,24.5,-109,2026-08-03T05:10:09.838609+00:00,0.0327,24.0,False,True,False,caesars,2026-08-03T05:08:12.000Z,0.0327,False,a2ef4db992f3e8154a8a8e70598a286a7f5830d7bf4b7a974d7a4a943e4f189d
sports_game_odds,20260803T051009Z-f34e0721,syqwuJuim8sIquTxIvRr,g71,401858433,1,1,Boise State,Oregon,bovada,spread,away,24.5,-110,True,False,2026-08-03T05:08:22.000Z,24.5,-105,2026-08-03T05:10:09.838609+00:00,0.03,24.0,False,True,False,bovada,2026-08-03T05:08:22.000Z,0.03,False,b9319277e83673cc7bd041f7ff51d57c90d06cad925c6869f1775d483a4a3d53
sports_game_odds,20260803T051009Z-f34e0721,syqwuJuim8sIquTxIvRr,g71,401858433,1,1,Boise State,Oregon,betmgm,spread,away,24.5,-110,True,False,2026-08-03T05:08:17.000Z,24.5,-110,2026-08-03T05:10:09.838609+00:00,0.0313,24.0,False,True,False,betmgm,2026-08-03T05:08:17.000Z,0.0313,False,326cc3f6c9bfc253cdce631e12efedca6aac01eba751b3b26f3a859abf2c2488
sports_game_odds,20260803T051009Z-f34e0721,syqwuJuim8sIquTxIvRr,g71,401858433,1,1,Boise State,Oregon,fanduel,spread,home,-24.5,-110,True,False,2026-08-03T05:08:22.253Z,-24.5,-110,2026-08-03T05:10:09.838609+00:00,0.0299,24.0,False,True,False,fanduel,2026-08-03T05:08:22.253Z,0.0299,False,3ce3afcc8242121fc90a986b6a74bf4a47ec712afe769143e70012d1716fc4a1
sports_game_odds,20260803T051009Z-f34e0721,syqwuJuim8sIquTxIvRr,g71,401858433,1,1,Boise State,Oregon,draftkings,spread,home,-24.5,-108,True,False,2026-08-03T05:08:22.214Z,-24.5,-115,2026-08-03T05:10:09.838609+00:00,0.0299,24.0,False,True,False,draftkings,2026-08-03T05:08:22.214Z,0.0299,False,0cabaf4f6a53eded322708790d57169814aa2d30e7ee8b8e2cf3eb3f29f8c362
sports_game_odds,20260803T051009Z-f34e0721,syqwuJuim8sIquTxIvRr,g71,401858433,1,1,Boise State,Oregon,caesars,spread,home,-24.5,-108,True,False,2026-08-03T05:08:12.000Z,-24.5,-112,2026-08-03T05:10:09.838609+00:00,0.0327,24.0,False,True,False,caesars,2026-08-03T05:08:12.000Z,0.0327,False,590195aadcfb7d821ba4b397762d0c61df2cf96f6d6e2ace654699d5817dda06
sports_game_odds,20260803T051009Z-f34e0721,syqwuJuim8sIquTxIvRr,g71,401858433,1,1,Boise State,Oregon,bovada,spread,home,-24.5,-110,True,False,2026-08-03T05:08:22.000Z,-24.5,-115,2026-08-03T05:10:09.838609+00:00,0.03,24.0,False,True,False,bovada,2026-08-03T05:08:22.000Z,0.03,False,6f6aeb802df807b7945ed42fa040645eec96deb158e8d05ecf5b8e9b9bb627fd
sports_game_odds,20260803T051009Z-f34e0721,syqwuJuim8sIquTxIvRr,g71,401858433,1,1,Boise State,Oregon,betmgm,spread,home,-24.5,-110,True,False,2026-08-03T05:08:17.000Z,-24.5,-110,2026-08-03T05:10:09.838609+00:00,0.0313,24.0,False,True,False,betmgm,2026-08-03T05:08:17.000Z,0.0313,False,37f3deb05b76aa7eaa1f9bc1e180c919d0efe47b33ff864bfc95134a439fcfcf
sports_game_odds,20260803T051009Z-f34e0721,syqwuJuim8sIquTxIvRr,g71,401858433,1,1,Boise State,Oregon,fanduel,total,over,52.5,-105,True,False,2026-08-03T05:08:22.253Z,53.5,-110,2026-08-03T05:10:09.838609+00:00,0.0299,24.0,False,True,False,fanduel,2026-08-03T05:08:22.253Z,0.0299,False,4c14833b2608a9894d187de07d1e082ad3fa55f26970effe19163128af97faef
sports_game_odds,20260803T051009Z-f34e0721,syqwuJuim8sIquTxIvRr,g71,401858433,1,1,Boise State,Oregon,draftkings,total,over,52.5,-110,True,False,2026-08-03T05:08:22.214Z,52.5,-112,2026-08-03T05:10:09.838609+00:00,0.0299,24.0,False,True,False,draftkings,2026-08-03T05:08:22.214Z,0.0299,False,9b6b089035f2fdf9ef8e9a3dfcf1a2f4ad79464c5a7a270c7595ae94eb64a656
sports_game_odds,20260803T051009Z-f34e0721,syqwuJuim8sIquTxIvRr,g71,401858433,1,1,Boise State,Oregon,caesars,total,over,52.5,-105,True,False,2026-08-03T05:08:12.000Z,53.5,-107,2026-08-03T05:10:09.838609+00:00,0.0327,24.0,False,True,False,caesars,2026-08-03T05:08:12.000Z,0.0327,False,3218b31cd99190487f39ac4a22f899d53ede439887901c75daf1ca812374bd5f
sports_game_odds,20260803T051009Z-f34e0721,syqwuJuim8sIquTxIvRr,g71,401858433,1,1,Boise State,Oregon,betmgm,total,over,51.5,-115,True,False,2026-08-03T05:08:17.000Z,53.5,-110,2026-08-03T05:10:09.838609+00:00,0.0313,24.0,False,True,False,betmgm,2026-08-03T05:08:17.000Z,0.0313,False,3ae1b741e78e47791c3f6014c52dd5217a12909f5667f6c86c2f68b580faf1ea
sports_game_odds,20260803T051009Z-f34e0721,syqwuJuim8sIquTxIvRr,g71,401858433,1,1,Boise State,Oregon,fanduel,total,under,52.5,-115,True,False,2026-08-03T05:08:22.253Z,53.5,-110,2026-08-03T05:10:09.838609+00:00,0.0299,24.0,False,True,False,fanduel,2026-08-03T05:08:22.253Z,0.0299,False,9dd73611abda775ffe37f83c0848452fa20e816098f73c573c1c41a9fb25c41b
sports_game_odds,20260803T051009Z-f34e0721,syqwuJuim8sIquTxIvRr,g71,401858433,1,1,Boise State,Oregon,draftkings,total,under,52.5,-110,True,False,2026-08-03T05:08:22.214Z,52.5,-108,2026-08-03T05:10:09.838609+00:00,0.0299,24.0,False,True,False,draftkings,2026-08-03T05:08:22.214Z,0.0299,False,3d180f9380ca6f88a2ec0fb2cee131d1fe6786a21ab10b22b82a7f57be843b9c
sports_game_odds,20260803T051009Z-f34e0721,syqwuJuim8sIquTxIvRr,g71,401858433,1,1,Boise State,Oregon,caesars,total,under,52.5,-115,True,False,2026-08-03T05:08:12.000Z,53.5,-114,2026-08-03T05:10:09.838609+00:00,0.0327,24.0,False,True,False,caesars,2026-08-03T05:08:12.000Z,0.0327,False,0db5d1d48664c81e23930f503c1d44a9fddd9ebb5f0f91153e728aac62a3a7f2
sports_game_odds,20260803T051009Z-f34e0721,syqwuJuim8sIquTxIvRr,g71,401858433,1,1,Boise State,Oregon,betmgm,total,under,51.5,-105,True,False,2026-08-03T05:08:17.000Z,53.5,-110,2026-08-03T05:10:09.838609+00:00,0.0313,24.0,False,True,False,betmgm,2026-08-03T05:08:17.000Z,0.0313,False,4dfe27e9f059fe7fab59dd21df71f6f9ff418fd1e277efea685ee8bd98219c39
sports_game_odds,20260803T051009Z-f34e0721,syqwuJuim8sIquTxIvRr,g71,401858433,1,1,Boise State,Oregon,fanduel,moneyline,away,,1400,True,False,2026-08-03T05:08:22.253Z,1400.0,1400,2026-08-03T05:10:09.838609+00:00,0.0299,24.0,False,True,False,fanduel,2026-08-03T05:08:22.253Z,0.0299,False,81111dd8f094a4f10d9c90069e2dfce6f37754fb52363b467356457750e3608c
sports_game_odds,20260803T051009Z-f34e0721,syqwuJuim8sIquTxIvRr,g71,401858433,1,1,Boise State,Oregon,draftkings,moneyline,away,,1500,True,False,2026-08-03T05:08:22.214Z,1500.0,1500,2026-08-03T05:10:09.838609+00:00,0.0299,24.0,False,True,False,draftkings,2026-08-03T05:08:22.214Z,0.0299,False,0944c576999765ce476b6e0d9440d660af07a218a880aa472ac6a8565223a5fa
sports_game_odds,20260803T051009Z-f34e0721,syqwuJuim8sIquTxIvRr,g71,401858433,1,1,Boise State,Oregon,caesars,moneyline,away,,1400,True,False,2026-08-03T05:08:12.000Z,1400.0,1400,2026-08-03T05:10:09.838609+00:00,0.0327,24.0,False,True,False,caesars,2026-08-03T05:08:12.000Z,0.0327,False,3fa2cb84deef24b62ce922c6b8d8654a9dfc3f5e92261f9cb57f98e5aeaa9ee1
sports_game_odds,20260803T051009Z-f34e0721,syqwuJuim8sIquTxIvRr,g71,401858433,1,1,Boise State,Oregon,bovada,moneyline,away,,1600,False,False,2026-08-03T05:08:04.700Z,1300.0,1300,2026-08-03T05:10:09.838609+00:00,0.0348,24.0,False,False,False,bovada,2026-08-03T05:08:04.700Z,0.0348,False,398c6cb5b48e5a17b09493bdcab348265b8e9f6011fa6ba7c69de07517e30ace
sports_game_odds,20260803T051009Z-f34e0721,syqwuJuim8sIquTxIvRr,g71,401858433,1,1,Boise State,Oregon,betmgm,moneyline,away,,1200,True,False,2026-08-03T05:08:17.000Z,1200.0,1200,2026-08-03T05:10:09.838609+00:00,0.0313,24.0,False,True,False,betmgm,2026-08-03T05:08:17.000Z,0.0313,False,f81ca7d7b666e7b02cae0864b7f6fc2e50c60a4cb957b1795620389fe0b5a0c1
sports_game_odds,20260803T051009Z-f34e0721,syqwuJuim8sIquTxIvRr,g71,401858433,1,1,Boise State,Oregon,fanduel,moneyline,home,,-4000,True,False,2026-08-03T05:08:22.253Z,-4000.0,-4000,2026-08-03T05:10:09.838609+00:00,0.0299,24.0,False,True,False,fanduel,2026-08-03T05:08:22.253Z,0.0299,False,0fc643c62ff268a34a48fb50c5452f36957090129e4802ae933fab397174bb0c
sports_game_odds,20260803T051009Z-f34e0721,syqwuJuim8sIquTxIvRr,g71,401858433,1,1,Boise State,Oregon,draftkings,moneyline,home,,-3600,True,False,2026-08-03T05:08:22.214Z,-3600.0,-3600,2026-08-03T05:10:09.838609+00:00,0.0299,24.0,False,True,False,draftkings,2026-08-03T05:08:22.214Z,0.0299,False,c8c01eb0f7c0d2fcd29982fa7e8005fad7d9d40f4a085a77f2a3f6cccd248c07
sports_game_odds,20260803T051009Z-f34e0721,syqwuJuim8sIquTxIvRr,g71,401858433,1,1,Boise State,Oregon,caesars,moneyline,home,,-3500,True,False,2026-08-03T05:08:12.000Z,-5000.0,-5000,2026-08-03T05:10:09.838609+00:00,0.0327,24.0,False,True,False,caesars,2026-08-03T05:08:12.000Z,0.0327,False,e7dea9654da2f90ad845ccee82116be564cb288c068037d43c382a24c94c2292
sports_game_odds,20260803T051009Z-f34e0721,syqwuJuim8sIquTxIvRr,g71,401858433,1,1,Boise State,Oregon,bovada,moneyline,home,,-10000,False,False,2026-08-03T05:08:04.700Z,-7000.0,-7000,2026-08-03T05:10:09.838609+00:00,0.0348,24.0,False,False,False,bovada,2026-08-03T05:08:04.700Z,0.0348,False,88e735ee82903e6af8e0ab680f54f959dbc5fb4a6f21751e9dd45f5af39cca05
sports_game_odds,20260803T051009Z-f34e0721,syqwuJuim8sIquTxIvRr,g71,401858433,1,1,Boise State,Oregon,betmgm,moneyline,home,,-3000,True,False,2026-08-03T05:08:17.000Z,-3000.0,-3000,2026-08-03T05:10:09.838609+00:00,0.0313,24.0,False,True,False,betmgm,2026-08-03T05:08:17.000Z,0.0313,False,83325c996a9bd571548277216038e23729f326f9ea80ee2fe4e1696d53f5eeda
sports_game_odds,20260803T051009Z-f34e0721,xtPSJzCkSOgQds0t2492,g25,401866627,1,1,Maine,Appalachian State,fanduel,spread,away,18.5,-110,True,False,2026-08-03T05:08:22.253Z,22.5,-110,2026-08-03T05:10:09.838609+00:00,0.0299,24.0,False,True,False,fanduel,2026-08-03T05:08:22.253Z,0.0299,False,88e295a739b465566b3b49208b731711ff8f676b1599392d2c0ee015a8d1d280
sports_game_odds,20260803T051009Z-f34e0721,xtPSJzCkSOgQds0t2492,g25,401866627,1,1,Maine,Appalachian State,fanduel,spread,home,-18.5,-110,True,False,2026-08-03T05:08:22.253Z,-22.5,-110,2026-08-03T05:10:09.838609+00:00,0.0299,24.0,False,True,False,fanduel,2026-08-03T05:08:22.253Z,0.0299,False,7654a150533099c975b36513c41974c9af0d24324e61aae282dcf45c7f5884f2
sports_game_odds,20260803T051009Z-f34e0721,xtPSJzCkSOgQds0t2492,g25,401866627,1,1,Maine,Appalachian State,fanduel,total,over,51.5,-110,True,False,2026-08-03T05:08:22.253Z,50.5,-110,2026-08-03T05:10:09.838609+00:00,0.0299,24.0,False,True,False,fanduel,2026-08-03T05:08:22.253Z,0.0299,False,1d38e61186f49624ee6a97f693aa48166e6d5f317a2a15a24aaf48cdd1d2f158
sports_game_odds,20260803T051009Z-f34e0721,xtPSJzCkSOgQds0t2492,g25,401866627,1,1,Maine,Appalachian State,fanduel,total,under,51.5,-110,True,False,2026-08-03T05:08:22.253Z,50.5,-110,2026-08-03T05:10:09.838609+00:00,0.0299,24.0,False,True,False,fanduel,2026-08-03T05:08:22.253Z,0.0299,False,3434a1cf63b79fd3f4ab713987befdab152cb87c3c3169f24e94f96b9f00bc73
sports_game_odds,20260803T051009Z-f34e0721,xtPSJzCkSOgQds0t2492,g25,401866627,1,1,Maine,Appalachian State,fanduel,moneyline,away,,760,True,False,2026-08-03T05:08:22.253Z,1200.0,1200,2026-08-03T05:10:09.838609+00:00,0.0299,24.0,False,True,False,fanduel,2026-08-03T05:08:22.253Z,0.0299,False,c1a12298c69fcaee01a25109baacac243930d6ec3a716b797437927f6418e8e0
sports_game_odds,20260803T051009Z-f34e0721,xtPSJzCkSOgQds0t2492,g25,401866627,1,1,Maine,Appalachian State,fanduel,moneyline,home,,-1300,True,False,2026-08-03T05:08:22.253Z,-3000.0,-3000,2026-08-03T05:10:09.838609+00:00,0.0299,24.0,False,True,False,fanduel,2026-08-03T05:08:22.253Z,0.0299,False,86bc922f863d6d3f5b11bfaae3b48825f73291cb664154e4bf79adbd96db351e
sports_game_odds,20260803T051009Z-f34e0721,YX6NHCmoUUrny3GYGb2p,g89,401856772,1,1,Oklahoma State,Tulsa,fanduel,spread,away,-13.5,-105,True,False,2026-08-03T05:08:22.253Z,-13.5,-105,2026-08-03T05:10:09.838609+00:00,0.0299,24.0,False,True,False,fanduel,2026-08-03T05:08:22.253Z,0.0299,False,364d71c23c38ecf01caace327fb6a03365d4143e868c0b026540914e0a4b32d3
sports_game_odds,20260803T051009Z-f34e0721,YX6NHCmoUUrny3GYGb2p,g89,401856772,1,1,Oklahoma State,Tulsa,draftkings,spread,away,-13.5,-105,True,False,2026-08-03T05:08:22.214Z,-12.5,-112,2026-08-03T05:10:09.838609+00:00,0.0299,24.0,False,True,False,draftkings,2026-08-03T05:08:22.214Z,0.0299,False,146c33634e424deaab8e0a1689821590eeb65c089f5ffee13477ee52a3f34ea8
sports_game_odds,20260803T051009Z-f34e0721,YX6NHCmoUUrny3GYGb2p,g89,401856772,1,1,Oklahoma State,Tulsa,caesars,spread,away,-12.5,-112,False,False,2026-07-29T20:29:47.835Z,-12.5,-112,2026-08-03T05:10:09.838609+00:00,104.6728,24.0,True,False,False,caesars,2026-07-29T20:29:47.835Z,104.6728,True,0585816146b10fee6308f85539917bb46e9a159a5910e60299b2e56e6b114204
sports_game_odds,20260803T051009Z-f34e0721,YX6NHCmoUUrny3GYGb2p,g89,401856772,1,1,Oklahoma State,Tulsa,bovada,spread,away,-13.5,-105,True,False,2026-08-03T05:08:22.000Z,-12.5,-110,2026-08-03T05:10:09.838609+00:00,0.03,24.0,False,True,False,bovada,2026-08-03T05:08:22.000Z,0.03,False,42a827a14b0f608d850bfe242535e8eb3dbf1cd68c4e003fd377f193e42b76c5
sports_game_odds,20260803T051009Z-f34e0721,YX6NHCmoUUrny3GYGb2p,g89,401856772,1,1,Oklahoma State,Tulsa,betmgm,spread,away,-13.5,-110,True,False,2026-08-03T05:08:17.000Z,-12.5,-110,2026-08-03T05:10:09.838609+00:00,0.0313,24.0,False,True,False,betmgm,2026-08-03T05:08:17.000Z,0.0313,False,64652da0922b541ce1dbd24e2283d36506f2f82d9091e45982d41d27790f3e87
sports_game_odds,20260803T051009Z-f34e0721,YX6NHCmoUUrny3GYGb2p,g89,401856772,1,1,Oklahoma State,Tulsa,fanduel,spread,home,13.5,-115,True,False,2026-08-03T05:08:22.253Z,13.5,-115,2026-08-03T05:10:09.838609+00:00,0.0299,24.0,False,True,False,fanduel,2026-08-03T05:08:22.253Z,0.0299,False,f0575ef1c8cb0e441d564c5839f572cd2f0a3ce3b22137c2bea2d91d9a5688c8
sports_game_odds,20260803T051009Z-f34e0721,YX6NHCmoUUrny3GYGb2p,g89,401856772,1,1,Oklahoma State,Tulsa,draftkings,spread,home,13.5,-115,True,False,2026-08-03T05:08:22.214Z,12.5,-108,2026-08-03T05:10:09.838609+00:00,0.0299,24.0,False,True,False,draftkings,2026-08-03T05:08:22.214Z,0.0299,False,47f0e8f5dd2f710a8ef8d208ed211398352a53fae61617d4a545e15633617c98
sports_game_odds,20260803T051009Z-f34e0721,YX6NHCmoUUrny3GYGb2p,g89,401856772,1,1,Oklahoma State,Tulsa,caesars,spread,home,12.5,-108,False,False,2026-07-29T20:29:47.835Z,12.5,-108,2026-08-03T05:10:09.838609+00:00,104.6728,24.0,True,False,False,caesars,2026-07-29T20:29:47.835Z,104.6728,True,e0e384bf830b9d9ee19e1f723b98af6bcd7c521de79266849bd761085ffc496f
sports_game_odds,20260803T051009Z-f34e0721,YX6NHCmoUUrny3GYGb2p,g89,401856772,1,1,Oklahoma State,Tulsa,bovada,spread,home,13.5,-115,True,False,2026-08-03T05:08:22.000Z,12.5,-110,2026-08-03T05:10:09.838609+00:00,0.03,24.0,False,True,False,bovada,2026-08-03T05:08:22.000Z,0.03,False,5c786960a02d825ec152127c85add3d2216d7ab4ea1ed5552015b317b42e64e4
sports_game_odds,20260803T051009Z-f34e0721,YX6NHCmoUUrny3GYGb2p,g89,401856772,1,1,Oklahoma State,Tulsa,betmgm,spread,home,13.5,-110,True,False,2026-08-03T05:08:17.000Z,12.5,-110,2026-08-03T05:10:09.838609+00:00,0.0313,24.0,False,True,False,betmgm,2026-08-03T05:08:17.000Z,0.0313,False,94329612b46ad0f7313840f816605136d54eef7259ac5ce763b01f2062968d48
sports_game_odds,20260803T051009Z-f34e0721,YX6NHCmoUUrny3GYGb2p,g89,401856772,1,1,Oklahoma State,Tulsa,fanduel,total,over,61.5,-105,True,False,2026-08-03T05:08:22.253Z,60.5,-108,2026-08-03T05:10:09.838609+00:00,0.0299,24.0,False,True,False,fanduel,2026-08-03T05:08:22.253Z,0.0299,False,a93dbc4defc021fd86e95123bb93b814807799224df4b90d5863a4e2ecd50137
sports_game_odds,20260803T051009Z-f34e0721,YX6NHCmoUUrny3GYGb2p,g89,401856772,1,1,Oklahoma State,Tulsa,draftkings,total,over,61.5,-108,True,False,2026-08-03T05:08:22.214Z,61.5,-112,2026-08-03T05:10:09.838609+00:00,0.0299,24.0,False,True,False,draftkings,2026-08-03T05:08:22.214Z,0.0299,False,9e18dcaab9333c1cac709c09e2cf64e3a39327e1d529cbba5bd40985a662bcfa
sports_game_odds,20260803T051009Z-f34e0721,YX6NHCmoUUrny3GYGb2p,g89,401856772,1,1,Oklahoma State,Tulsa,caesars,total,over,60.5,-117,False,False,2026-07-29T20:29:47.835Z,61.5,-106,2026-08-03T05:10:09.838609+00:00,104.6728,24.0,True,False,False,caesars,2026-07-29T20:29:47.835Z,104.6728,True,603a4aeb1f68e9a9d416f971dcd389bb91f0d0bd202b138e6de570df1957d6cc
sports_game_odds,20260803T051009Z-f34e0721,YX6NHCmoUUrny3GYGb2p,g89,401856772,1,1,Oklahoma State,Tulsa,bovada,total,over,61.5,-110,True,False,2026-08-03T05:08:22.000Z,61.5,-110,2026-08-03T05:10:09.838609+00:00,0.03,24.0,False,True,False,bovada,2026-08-03T05:08:22.000Z,0.03,False,0831ff04a538d07b7d1e7ea579cb941e7953d0e73130b9b3e76be1768fa2e5a0
sports_game_odds,20260803T051009Z-f34e0721,YX6NHCmoUUrny3GYGb2p,g89,401856772,1,1,Oklahoma State,Tulsa,betmgm,total,over,61.5,-110,True,False,2026-08-03T05:08:17.000Z,60.5,-110,2026-08-03T05:10:09.838609+00:00,0.0313,24.0,False,True,False,betmgm,2026-08-03T05:08:17.000Z,0.0313,False,ddc38d7f61ed8086a084fb7e184a25bd6e28d211fe7a306e95ac7ab5126b3727
sports_game_odds,20260803T051009Z-f34e0721,YX6NHCmoUUrny3GYGb2p,g89,401856772,1,1,Oklahoma State,Tulsa,fanduel,total,under,61.5,-115,True,False,2026-08-03T05:08:22.253Z,60.5,-112,2026-08-03T05:10:09.838609+00:00,0.0299,24.0,False,True,False,fanduel,2026-08-03T05:08:22.253Z,0.0299,False,c66f12a375548e813c907d3e7b73e6314378f9275f16270c12fe04aa2eb5d8d2
sports_game_odds,20260803T051009Z-f34e0721,YX6NHCmoUUrny3GYGb2p,g89,401856772,1,1,Oklahoma State,Tulsa,draftkings,total,under,61.5,-112,True,False,2026-08-03T05:08:22.214Z,61.5,-108,2026-08-03T05:10:09.838609+00:00,0.0299,24.0,False,True,False,draftkings,2026-08-03T05:08:22.214Z,0.0299,False,0fb0c54763c4d270ea865944b519b53276a2f579b4764cca67eda216de7da8a1
sports_game_odds,20260803T051009Z-f34e0721,YX6NHCmoUUrny3GYGb2p,g89,401856772,1,1,Oklahoma State,Tulsa,caesars,total,under,60.5,-104,False,False,2026-07-29T20:29:47.835Z,61.5,-114,2026-08-03T05:10:09.838609+00:00,104.6728,24.0,True,False,False,caesars,2026-07-29T20:29:47.835Z,104.6728,True,cd44245ff4b392a570b3b1734eeb0c6a4435f715cd58a71832a141dd9fdc5a65
sports_game_odds,20260803T051009Z-f34e0721,YX6NHCmoUUrny3GYGb2p,g89,401856772,1,1,Oklahoma State,Tulsa,bovada,total,under,61.5,-110,True,False,2026-08-03T05:08:22.000Z,61.5,-110,2026-08-03T05:10:09.838609+00:00,0.03,24.0,False,True,False,bovada,2026-08-03T05:08:22.000Z,0.03,False,60a11b16fac03e8fb7074a6f87292371e35b3b3b6bfd7a6c2f2f7352189d9b7e
sports_game_odds,20260803T051009Z-f34e0721,YX6NHCmoUUrny3GYGb2p,g89,401856772,1,1,Oklahoma State,Tulsa,betmgm,total,under,61.5,-110,True,False,2026-08-03T05:08:17.000Z,60.5,-110,2026-08-03T05:10:09.838609+00:00,0.0313,24.0,False,True,False,betmgm,2026-08-03T05:08:17.000Z,0.0313,False,891b1bc2445ac356fb4ccc37e67b469d3b3567a379c1ba809a7087719138659a
sports_game_odds,20260803T051009Z-f34e0721,YX6NHCmoUUrny3GYGb2p,g89,401856772,1,1,Oklahoma State,Tulsa,fanduel,moneyline,away,,-550,True,False,2026-08-03T05:08:22.253Z,-520.0,-520,2026-08-03T05:10:09.838609+00:00,0.0299,24.0,False,True,False,fanduel,2026-08-03T05:08:22.253Z,0.0299,False,7053faf8fdc6c0f3bd753c39c6658ee0814e1e56bc5345c73ab6b1bc16378bdc
sports_game_odds,20260803T051009Z-f34e0721,YX6NHCmoUUrny3GYGb2p,g89,401856772,1,1,Oklahoma State,Tulsa,draftkings,moneyline,away,,-550,True,False,2026-08-03T05:08:22.214Z,-520.0,-520,2026-08-03T05:10:09.838609+00:00,0.0299,24.0,False,True,False,draftkings,2026-08-03T05:08:22.214Z,0.0299,False,1d24b3233f21085d2adb96bbe1afdca315a841039a47ebbbf25916f4df4d7998
sports_game_odds,20260803T051009Z-f34e0721,YX6NHCmoUUrny3GYGb2p,g89,401856772,1,1,Oklahoma State,Tulsa,caesars,moneyline,away,,-550,True,False,2026-08-03T05:08:12.000Z,-530.0,-530,2026-08-03T05:10:09.838609+00:00,0.0327,24.0,False,True,False,caesars,2026-08-03T05:08:12.000Z,0.0327,False,434dac209fc7ef2cb552a1c2d54136865f07d793aeed823351a8e09b243ce540
sports_game_odds,20260803T051009Z-f34e0721,YX6NHCmoUUrny3GYGb2p,g89,401856772,1,1,Oklahoma State,Tulsa,bovada,moneyline,away,,-575,True,False,2026-08-03T05:08:22.000Z,-550.0,-550,2026-08-03T05:10:09.838609+00:00,0.03,24.0,False,True,False,bovada,2026-08-03T05:08:22.000Z,0.03,False,172c86d54bc2befe80af0f4326f68df3127a077aad9edbacc612492f479b6451
sports_game_odds,20260803T051009Z-f34e0721,YX6NHCmoUUrny3GYGb2p,g89,401856772,1,1,Oklahoma State,Tulsa,betmgm,moneyline,away,,-550,True,False,2026-08-03T05:08:17.000Z,-550.0,-550,2026-08-03T05:10:09.838609+00:00,0.0313,24.0,False,True,False,betmgm,2026-08-03T05:08:17.000Z,0.0313,False,f4b1815c07cbf02e4c932327b2af6ca8247211952be124e5a617e71f689d3ead
sports_game_odds,20260803T051009Z-f34e0721,YX6NHCmoUUrny3GYGb2p,g89,401856772,1,1,Oklahoma State,Tulsa,fanduel,moneyline,home,,400,True,False,2026-08-03T05:08:22.253Z,385.0,385,2026-08-03T05:10:09.838609+00:00,0.0299,24.0,False,True,False,fanduel,2026-08-03T05:08:22.253Z,0.0299,False,0178ebfc679b348d09d194b00e949979c68aef0f9b306c3cff09aacc84df9bdf
sports_game_odds,20260803T051009Z-f34e0721,YX6NHCmoUUrny3GYGb2p,g89,401856772,1,1,Oklahoma State,Tulsa,draftkings,moneyline,home,,410,True,False,2026-08-03T05:08:22.214Z,390.0,390,2026-08-03T05:10:09.838609+00:00,0.0299,24.0,False,True,False,draftkings,2026-08-03T05:08:22.214Z,0.0299,False,9b545f3a99561b80fbf9f98250493fd3591d61ea0c33754b4cb510ea593ab0ba
sports_game_odds,20260803T051009Z-f34e0721,YX6NHCmoUUrny3GYGb2p,g89,401856772,1,1,Oklahoma State,Tulsa,caesars,moneyline,home,,400,True,False,2026-08-03T05:08:12.000Z,390.0,390,2026-08-03T05:10:09.838609+00:00,0.0327,24.0,False,True,False,caesars,2026-08-03T05:08:12.000Z,0.0327,False,8fad96852834a4629a0e85ff625ec1e80d5ed9634aeb22b81196f89fc91d733b
sports_game_odds,20260803T051009Z-f34e0721,YX6NHCmoUUrny3GYGb2p,g89,401856772,1,1,Oklahoma State,Tulsa,bovada,moneyline,home,,400,True,False,2026-08-03T05:08:22.000Z,390.0,390,2026-08-03T05:10:09.838609+00:00,0.03,24.0,False,True,False,bovada,2026-08-03T05:08:22.000Z,0.03,False,751d853f2fd30f07e5d98806a2efc0a2cce93325bf84ace32caa6da5d40f50ff
sports_game_odds,20260803T051009Z-f34e0721,YX6NHCmoUUrny3GYGb2p,g89,401856772,1,1,Oklahoma State,Tulsa,betmgm,moneyline,home,,400,True,False,2026-08-03T05:08:17.000Z,400.0,400,2026-08-03T05:10:09.838609+00:00,0.0313,24.0,False,True,False,betmgm,2026-08-03T05:08:17.000Z,0.0313,False,11220e92558d887f13896a1b309d22b941c981cddfcf17ac756e1ee5339a7f1f
sports_game_odds,20260803T051009Z-f34e0721,n7uFVbrzQVtyouWP4rIL,g46,401858426,1,1,Northern Illinois,Iowa,draftkings,spread,away,30.5,-110,True,False,2026-08-03T05:08:22.214Z,30.5,-115,2026-08-03T05:10:09.838609+00:00,0.0299,24.0,False,True,False,draftkings,2026-08-03T05:08:22.214Z,0.0299,False,3cb3b3ddb811c92155046cf546ab72d5fc4841a987958782e02c72777e1a9918
sports_game_odds,20260803T051009Z-f34e0721,n7uFVbrzQVtyouWP4rIL,g46,401858426,1,1,Northern Illinois,Iowa,caesars,spread,away,30.5,-109,True,False,2026-08-03T05:08:12.000Z,30.5,-112,2026-08-03T05:10:09.838609+00:00,0.0327,24.0,False,True,False,caesars,2026-08-03T05:08:12.000Z,0.0327,False,7e290bf4d16415ea53bbd35a5fc80461b421ad8560f86787f01800f20b588e5d
sports_game_odds,20260803T051009Z-f34e0721,n7uFVbrzQVtyouWP4rIL,g46,401858426,1,1,Northern Illinois,Iowa,bovada,spread,away,30.5,-110,True,False,2026-08-03T05:08:22.000Z,30.5,-115,2026-08-03T05:10:09.838609+00:00,0.03,24.0,False,True,False,bovada,2026-08-03T05:08:22.000Z,0.03,False,88b1ffa1f70139f1c951c0a22ff1dc242b4735886609a791e56fdc5b028af7f9
sports_game_odds,20260803T051009Z-f34e0721,n7uFVbrzQVtyouWP4rIL,g46,401858426,1,1,Northern Illinois,Iowa,fanduel,spread,away,30.5,-110,True,False,2026-08-03T05:08:17.000Z,30.5,-110,2026-08-03T05:10:09.838609+00:00,0.0313,24.0,False,True,False,fanduel,2026-08-03T05:08:17.000Z,0.0313,False,ebfd37863231e4fa1c0afe5fdcf2495e9746250f17254253b16dc1e2aaf0585d
sports_game_odds,20260803T051009Z-f34e0721,n7uFVbrzQVtyouWP4rIL,g46,401858426,1,1,Northern Illinois,Iowa,betmgm,spread,away,30.5,-110,True,False,2026-08-03T05:08:17.000Z,30.5,-110,2026-08-03T05:10:09.838609+00:00,0.0313,24.0,False,True,False,betmgm,2026-08-03T05:08:17.000Z,0.0313,False,dd3a1ab275c4b81d2d789e40cdc6e2999d04e06573fc29a59b06492fa5c7a9e2
sports_game_odds,20260803T051009Z-f34e0721,n7uFVbrzQVtyouWP4rIL,g46,401858426,1,1,Northern Illinois,Iowa,draftkings,spread,home,-30.5,-110,True,False,2026-08-03T05:08:22.214Z,-30.5,-105,2026-08-03T05:10:09.838609+00:00,0.0299,24.0,False,True,False,draftkings,2026-08-03T05:08:22.214Z,0.0299,False,3a7691ed2efe38708175ee6b8681b974e267e868ba64833fd4b458d760b2e725
sports_game_odds,20260803T051009Z-f34e0721,n7uFVbrzQVtyouWP4rIL,g46,401858426,1,1,Northern Illinois,Iowa,caesars,spread,home,-30.5,-112,True,False,2026-08-03T05:08:12.000Z,-30.5,-108,2026-08-03T05:10:09.838609+00:00,0.0327,24.0,False,True,False,caesars,2026-08-03T05:08:12.000Z,0.0327,False,214c1554782a48b8cd623a5c1b5a2268e02d3d99261b2ec5da9b484cd12b7999
sports_game_odds,20260803T051009Z-f34e0721,n7uFVbrzQVtyouWP4rIL,g46,401858426,1,1,Northern Illinois,Iowa,bovada,spread,home,-30.5,-110,True,False,2026-08-03T05:08:22.000Z,-30.5,-105,2026-08-03T05:10:09.838609+00:00,0.03,24.0,False,True,False,bovada,2026-08-03T05:08:22.000Z,0.03,False,cf92bc321fd82560938d04c807467bd484742e3202c91ff246cc89cfcaacb768
sports_game_odds,20260803T051009Z-f34e0721,n7uFVbrzQVtyouWP4rIL,g46,401858426,1,1,Northern Illinois,Iowa,fanduel,spread,home,-30.5,-110,True,False,2026-08-03T05:08:17.000Z,-30.5,-110,2026-08-03T05:10:09.838609+00:00,0.0313,24.0,False,True,False,fanduel,2026-08-03T05:08:17.000Z,0.0313,False,a7a319a7754db37f5c267dcd3e1278369781274c48aa6578692367416e23af3a
sports_game_odds,20260803T051009Z-f34e0721,n7uFVbrzQVtyouWP4rIL,g46,401858426,1,1,Northern Illinois,Iowa,betmgm,spread,home,-30.5,-110,True,False,2026-08-03T05:08:17.000Z,-30.5,-110,2026-08-03T05:10:09.838609+00:00,0.0313,24.0,False,True,False,betmgm,2026-08-03T05:08:17.000Z,0.0313,False,955f9d85afd53f68fd359c23f7c1e6feda33e91e6ca3d7680ac64f449f3c3fb7
sports_game_odds,20260803T051009Z-f34e0721,n7uFVbrzQVtyouWP4rIL,g46,401858426,1,1,Northern Illinois,Iowa,draftkings,total,over,45.5,-112,True,False,2026-08-03T05:08:22.214Z,43.5,-112,2026-08-03T05:10:09.838609+00:00,0.0299,24.0,False,True,False,draftkings,2026-08-03T05:08:22.214Z,0.0299,False,414d012d4a88040123bd3d6571ec0996926107463274cd742aef6a8fc741c11b
sports_game_odds,20260803T051009Z-f34e0721,n7uFVbrzQVtyouWP4rIL,g46,401858426,1,1,Northern Illinois,Iowa,bovada,total,over,45.5,-110,True,False,2026-08-03T05:08:22.000Z,43.5,-110,2026-08-03T05:10:09.838609+00:00,0.03,24.0,False,True,False,bovada,2026-08-03T05:08:22.000Z,0.03,False,2e28afc2a18fedb61d95b7c7392c789c5aa3448426525d0371846afe6470eb33
sports_game_odds,20260803T051009Z-f34e0721,n7uFVbrzQVtyouWP4rIL,g46,401858426,1,1,Northern Illinois,Iowa,fanduel,total,over,45.5,-105,True,False,2026-08-03T05:08:17.000Z,45.5,-105,2026-08-03T05:10:09.838609+00:00,0.0313,24.0,False,True,False,fanduel,2026-08-03T05:08:17.000Z,0.0313,False,0cfe40246cab5120b11f85360c58b29ef89e5ef8f7a92fe6fe79288d76fa1b70
sports_game_odds,20260803T051009Z-f34e0721,n7uFVbrzQVtyouWP4rIL,g46,401858426,1,1,Northern Illinois,Iowa,caesars,total,over,45.5,-109,True,False,2026-08-03T05:08:12.000Z,43.5,-115,2026-08-03T05:10:09.838609+00:00,0.0327,24.0,False,True,False,caesars,2026-08-03T05:08:12.000Z,0.0327,False,d4acbde707923cfd32ebe9abc42ba0da330d3d78446498bda5bf668444ddfedb
sports_game_odds,20260803T051009Z-f34e0721,n7uFVbrzQVtyouWP4rIL,g46,401858426,1,1,Northern Illinois,Iowa,betmgm,total,over,45.5,-110,True,False,2026-08-03T05:08:17.000Z,43.5,-110,2026-08-03T05:10:09.838609+00:00,0.0313,24.0,False,True,False,betmgm,2026-08-03T05:08:17.000Z,0.0313,False,95dce5f2c6178e0cc8aca2ec0607de061c6141a4a374f0517da88e39cdafd964
sports_game_odds,20260803T051009Z-f34e0721,n7uFVbrzQVtyouWP4rIL,g46,401858426,1,1,Northern Illinois,Iowa,draftkings,total,under,45.5,-108,True,False,2026-08-03T05:08:22.214Z,43.5,-108,2026-08-03T05:10:09.838609+00:00,0.0299,24.0,False,True,False,draftkings,2026-08-03T05:08:22.214Z,0.0299,False,ab7c5ca970d1513620da23855d3d69ce549d0d129c6e73e5691781b95652f540
sports_game_odds,20260803T051009Z-f34e0721,n7uFVbrzQVtyouWP4rIL,g46,401858426,1,1,Northern Illinois,Iowa,bovada,total,under,45.5,-110,True,False,2026-08-03T05:08:22.000Z,43.5,-110,2026-08-03T05:10:09.838609+00:00,0.03,24.0,False,True,False,bovada,2026-08-03T05:08:22.000Z,0.03,False,e3b927ec5711e09e97e973d3419852957258cd783a296405e46c8b09a884373d
sports_game_odds,20260803T051009Z-f34e0721,n7uFVbrzQVtyouWP4rIL,g46,401858426,1,1,Northern Illinois,Iowa,fanduel,total,under,45.5,-115,True,False,2026-08-03T05:08:17.000Z,45.5,-115,2026-08-03T05:10:09.838609+00:00,0.0313,24.0,False,True,False,fanduel,2026-08-03T05:08:17.000Z,0.0313,False,dca151d2c055237ece8ec50f7924881c69dbbad5901aea593a941a405397078b
sports_game_odds,20260803T051009Z-f34e0721,n7uFVbrzQVtyouWP4rIL,g46,401858426,1,1,Northern Illinois,Iowa,caesars,total,under,45.5,-110,True,False,2026-08-03T05:08:12.000Z,43.5,-105,2026-08-03T05:10:09.838609+00:00,0.0327,24.0,False,True,False,caesars,2026-08-03T05:08:12.000Z,0.0327,False,d50129d3f60558bc651fadf2a9e5e4916e3743920afd85acf476a64074124ebc
sports_game_odds,20260803T051009Z-f34e0721,n7uFVbrzQVtyouWP4rIL,g46,401858426,1,1,Northern Illinois,Iowa,betmgm,total,under,45.5,-110,True,False,2026-08-03T05:08:17.000Z,43.5,-110,2026-08-03T05:10:09.838609+00:00,0.0313,24.0,False,True,False,betmgm,2026-08-03T05:08:17.000Z,0.0313,False,ccf454a7ea90b44b143ca570091be2359c6dbe32395de8779b67540a663176ec
sports_game_odds,20260803T051009Z-f34e0721,n7uFVbrzQVtyouWP4rIL,g46,401858426,1,1,Northern Illinois,Iowa,fanduel,moneyline,away,,3500,True,False,2026-08-03T05:08:17.000Z,3500.0,3500,2026-08-03T05:10:09.838609+00:00,0.0313,24.0,False,True,False,fanduel,2026-08-03T05:08:17.000Z,0.0313,False,41d26409ed8de9b569b4db2a11cb661e8df2fc5f544c12e9e29e1648513e28e8
sports_game_odds,20260803T051009Z-f34e0721,n7uFVbrzQVtyouWP4rIL,g46,401858426,1,1,Northern Illinois,Iowa,draftkings,moneyline,away,,2500,True,False,2026-08-03T05:08:22.214Z,2500.0,2500,2026-08-03T05:10:09.838609+00:00,0.0299,24.0,False,True,False,draftkings,2026-08-03T05:08:22.214Z,0.0299,False,ba48dd1b1ce1a069bbdc08d72a2ffee291dd724c45a2c950ae7e9e914dfa9cd3
sports_game_odds,20260803T051009Z-f34e0721,n7uFVbrzQVtyouWP4rIL,g46,401858426,1,1,Northern Illinois,Iowa,caesars,moneyline,away,,1900,True,False,2026-08-03T05:08:12.000Z,1800.0,1800,2026-08-03T05:10:09.838609+00:00,0.0327,24.0,False,True,False,caesars,2026-08-03T05:08:12.000Z,0.0327,False,a6581f50990795a52ba59e04572e7fa775dade7c17454a466e5b78dd00a37fd6
sports_game_odds,20260803T051009Z-f34e0721,n7uFVbrzQVtyouWP4rIL,g46,401858426,1,1,Northern Illinois,Iowa,bovada,moneyline,away,,2500,True,False,2026-08-03T05:08:04.700Z,2500.0,2500,2026-08-03T05:10:09.838609+00:00,0.0348,24.0,False,True,False,bovada,2026-08-03T05:08:04.700Z,0.0348,False,a82a6e8b8cec36eb8f1263b4234167af52df83721839a3c92d9395c1f73f3e4f
sports_game_odds,20260803T051009Z-f34e0721,n7uFVbrzQVtyouWP4rIL,g46,401858426,1,1,Northern Illinois,Iowa,fanduel,moneyline,home,,-20000,True,False,2026-08-03T05:08:17.000Z,-20000.0,-20000,2026-08-03T05:10:09.838609+00:00,0.0313,24.0,False,True,False,fanduel,2026-08-03T05:08:17.000Z,0.0313,False,b5a60236a8288a791eecc52d9b884a3c2ad333b4e6db83d6f954d27deda67ed9
sports_game_odds,20260803T051009Z-f34e0721,n7uFVbrzQVtyouWP4rIL,g46,401858426,1,1,Northern Illinois,Iowa,draftkings,moneyline,home,,-9000,True,False,2026-08-03T05:08:22.214Z,-9000.0,-9000,2026-08-03T05:10:09.838609+00:00,0.0299,24.0,False,True,False,draftkings,2026-08-03T05:08:22.214Z,0.0299,False,8c0f62063d9590beb4521dc66ab0f8a491a3dcadb649d63a176e29088c039191
sports_game_odds,20260803T051009Z-f34e0721,n7uFVbrzQVtyouWP4rIL,g46,401858426,1,1,Northern Illinois,Iowa,caesars,moneyline,home,,-10000,True,False,2026-08-03T05:08:12.000Z,-10000.0,-10000,2026-08-03T05:10:09.838609+00:00,0.0327,24.0,False,True,False,caesars,2026-08-03T05:08:12.000Z,0.0327,False,8e7c20c14ca2d7fbff030438091bffe40959c9bc1f68ceec5ddc7c787d580d40
sports_game_odds,20260803T051009Z-f34e0721,lMqpoVGutqEBKXjQOC7Z,g81,401868356,1,1,Alcorn State,Southern Miss,fanduel,spread,away,22.5,-110,True,False,2026-08-03T05:08:22.253Z,23.5,-110,2026-08-03T05:10:09.838609+00:00,0.0299,24.0,False,True,False,fanduel,2026-08-03T05:08:22.253Z,0.0299,False,96885c3c04ec2364e1327a0bd099403c2d8637642b1d7c07fb16d205b56a29df
sports_game_odds,20260803T051009Z-f34e0721,lMqpoVGutqEBKXjQOC7Z,g81,401868356,1,1,Alcorn State,Southern Miss,fanduel,spread,home,-22.5,-110,True,False,2026-08-03T05:08:22.253Z,-23.5,-110,2026-08-03T05:10:09.838609+00:00,0.0299,24.0,False,True,False,fanduel,2026-08-03T05:08:22.253Z,0.0299,False,72d6e59e0bde15ee591e9a5e0a73e02826529b5591915a8030bc11e61d1fc447
sports_game_odds,20260803T051009Z-f34e0721,lMqpoVGutqEBKXjQOC7Z,g81,401868356,1,1,Alcorn State,Southern Miss,fanduel,total,over,52.5,-112,True,False,2026-08-03T05:08:22.253Z,51.5,-115,2026-08-03T05:10:09.838609+00:00,0.0299,24.0,False,True,False,fanduel,2026-08-03T05:08:22.253Z,0.0299,False,748a2b15d009254580b3f1eef647ee7017b8b35653f240f11869361b424965cd
sports_game_odds,20260803T051009Z-f34e0721,lMqpoVGutqEBKXjQOC7Z,g81,401868356,1,1,Alcorn State,Southern Miss,fanduel,total,under,52.5,-108,True,False,2026-08-03T05:08:22.253Z,51.5,-105,2026-08-03T05:10:09.838609+00:00,0.0299,24.0,False,True,False,fanduel,2026-08-03T05:08:22.253Z,0.0299,False,83f183f84dcf657114984bd000b98def2378c561671f1ad10f2921ef20e0ffad
sports_game_odds,20260803T051009Z-f34e0721,lMqpoVGutqEBKXjQOC7Z,g81,401868356,1,1,Alcorn State,Southern Miss,fanduel,moneyline,away,,1200,True,False,2026-08-03T05:08:22.253Z,1280.0,1280,2026-08-03T05:10:09.838609+00:00,0.0299,24.0,False,True,False,fanduel,2026-08-03T05:08:22.253Z,0.0299,False,00a0eda21f6391ccd8b120b64f0f6cc09505261389b8177558106712c0201f30
sports_game_odds,20260803T051009Z-f34e0721,lMqpoVGutqEBKXjQOC7Z,g81,401868356,1,1,Alcorn State,Southern Miss,fanduel,moneyline,home,,-3000,True,False,2026-08-03T05:08:22.253Z,-3500.0,-3500,2026-08-03T05:10:09.838609+00:00,0.0299,24.0,False,True,False,fanduel,2026-08-03T05:08:22.253Z,0.0299,False,68e22112510ee6306bdbd74d7c769ec228812aed989b896ee6f4cf501c67b6cb
sports_game_odds,20260803T051009Z-f34e0721,aqN72YVA53sNvZVuwW6R,g36,401860878,1,1,Wyoming,Colorado State,fanduel,spread,away,3.5,-106,True,False,2026-08-03T05:08:22.253Z,3.5,-105,2026-08-03T05:10:09.838609+00:00,0.0299,24.0,False,True,False,fanduel,2026-08-03T05:08:22.253Z,0.0299,False,0b60dc87869f9023fa7be7971f45aaea975913abffd256e1d4ec75053f703905
sports_game_odds,20260803T051009Z-f34e0721,aqN72YVA53sNvZVuwW6R,g36,401860878,1,1,Wyoming,Colorado State,draftkings,spread,away,4.0,-112,True,False,2026-08-03T05:08:22.214Z,4.0,-115,2026-08-03T05:10:09.838609+00:00,0.0299,24.0,False,True,False,draftkings,2026-08-03T05:08:22.214Z,0.0299,False,0f090f11799ed730fd460a8a0db2c6fad63989053bfc6a8ad2394dd9928a84e9
sports_game_odds,20260803T051009Z-f34e0721,aqN72YVA53sNvZVuwW6R,g36,401860878,1,1,Wyoming,Colorado State,caesars,spread,away,4.0,-112,True,False,2026-08-03T05:08:12.000Z,3.5,-107,2026-08-03T05:10:09.838609+00:00,0.0327,24.0,False,True,False,caesars,2026-08-03T05:08:12.000Z,0.0327,False,6a18adb0d013651276516d7c2997b8ee8d31c2c9b734fa1048d5784486673f88
sports_game_odds,20260803T051009Z-f34e0721,aqN72YVA53sNvZVuwW6R,g36,401860878,1,1,Wyoming,Colorado State,bovada,spread,away,4.0,-110,True,False,2026-08-03T05:08:22.000Z,4.0,-115,2026-08-03T05:10:09.838609+00:00,0.03,24.0,False,True,False,bovada,2026-08-03T05:08:22.000Z,0.03,False,8c37a774f4dc0f84d1fb96148eed5c1b0e887b9e3bbdc0c88ca784e3d88c0df5
sports_game_odds,20260803T051009Z-f34e0721,aqN72YVA53sNvZVuwW6R,g36,401860878,1,1,Wyoming,Colorado State,betmgm,spread,away,4.0,-110,True,False,2026-08-03T05:08:17.000Z,3.5,-110,2026-08-03T05:10:09.838609+00:00,0.0313,24.0,False,True,False,betmgm,2026-08-03T05:08:17.000Z,0.0313,False,4284d794dd5ddcfd36b5c36625bf4b4455a7b02a921a829d93ad0aafdb645b96
sports_game_odds,20260803T051009Z-f34e0721,aqN72YVA53sNvZVuwW6R,g36,401860878,1,1,Wyoming,Colorado State,fanduel,spread,home,-3.5,-114,True,False,2026-08-03T05:08:22.253Z,-3.5,-115,2026-08-03T05:10:09.838609+00:00,0.0299,24.0,False,True,False,fanduel,2026-08-03T05:08:22.253Z,0.0299,False,9446119e6c544920b4a7d329b0450be4de3f25a39a52048de586b9a0ad10ab10
sports_game_odds,20260803T051009Z-f34e0721,aqN72YVA53sNvZVuwW6R,g36,401860878,1,1,Wyoming,Colorado State,draftkings,spread,home,-4.0,-108,True,False,2026-08-03T05:08:22.214Z,-4.0,-105,2026-08-03T05:10:09.838609+00:00,0.0299,24.0,False,True,False,draftkings,2026-08-03T05:08:22.214Z,0.0299,False,7becc41fd16d63409fcf0e91d34e39d9dde3dcbe2af429bfc486eebeccf6ba1e
sports_game_odds,20260803T051009Z-f34e0721,aqN72YVA53sNvZVuwW6R,g36,401860878,1,1,Wyoming,Colorado State,caesars,spread,home,-4.0,-108,True,False,2026-08-03T05:08:12.000Z,-3.5,-113,2026-08-03T05:10:09.838609+00:00,0.0327,24.0,False,True,False,caesars,2026-08-03T05:08:12.000Z,0.0327,False,ea17de86094788d331f73cd50c88df0cfb9e9a9229de025757ca4ffe20d3540d
sports_game_odds,20260803T051009Z-f34e0721,aqN72YVA53sNvZVuwW6R,g36,401860878,1,1,Wyoming,Colorado State,bovada,spread,home,-4.0,-110,True,False,2026-08-03T05:08:22.000Z,-4.0,-105,2026-08-03T05:10:09.838609+00:00,0.03,24.0,False,True,False,bovada,2026-08-03T05:08:22.000Z,0.03,False,f93a58b78cc8c02af24d3beb7c42cc5f869058e1721db680043314cd59bdd2aa
sports_game_odds,20260803T051009Z-f34e0721,aqN72YVA53sNvZVuwW6R,g36,401860878,1,1,Wyoming,Colorado State,betmgm,spread,home,-4.0,-110,True,False,2026-08-03T05:08:17.000Z,-3.5,-110,2026-08-03T05:10:09.838609+00:00,0.0313,24.0,False,True,False,betmgm,2026-08-03T05:08:17.000Z,0.0313,False,990c0f20fccfbb27cae579608d7836f6861d807229768192370d24cfdff5585c
sports_game_odds,20260803T051009Z-f34e0721,aqN72YVA53sNvZVuwW6R,g36,401860878,1,1,Wyoming,Colorado State,fanduel,total,over,48.5,-110,True,False,2026-08-03T05:08:22.253Z,47.5,-110,2026-08-03T05:10:09.838609+00:00,0.0299,24.0,False,True,False,fanduel,2026-08-03T05:08:22.253Z,0.0299,False,cd4705bcfeab31e294e6c5644d34c50d34d36db59932cca7f1afc1a27adaf959
sports_game_odds,20260803T051009Z-f34e0721,aqN72YVA53sNvZVuwW6R,g36,401860878,1,1,Wyoming,Colorado State,draftkings,total,over,48.5,-105,True,False,2026-08-03T05:08:22.214Z,47.5,-120,2026-08-03T05:10:09.838609+00:00,0.0299,24.0,False,True,False,draftkings,2026-08-03T05:08:22.214Z,0.0299,False,caa9831cb970eddda3ee1a93cf834246754041e2b7592c77277209d33979b51a
sports_game_odds,20260803T051009Z-f34e0721,aqN72YVA53sNvZVuwW6R,g36,401860878,1,1,Wyoming,Colorado State,bovada,total,over,48.5,-105,True,False,2026-08-03T05:08:22.000Z,47.5,-120,2026-08-03T05:10:09.838609+00:00,0.03,24.0,False,True,False,bovada,2026-08-03T05:08:22.000Z,0.03,False,1097cea1f79ca4b68f2e5d85c6a120ef33f224d5f2d3dee7464cc8dbb0213990
sports_game_odds,20260803T051009Z-f34e0721,aqN72YVA53sNvZVuwW6R,g36,401860878,1,1,Wyoming,Colorado State,caesars,total,over,48.5,-106,True,False,2026-08-03T05:08:12.000Z,47.5,-118,2026-08-03T05:10:09.838609+00:00,0.0327,24.0,False,True,False,caesars,2026-08-03T05:08:12.000Z,0.0327,False,dd884651b165ce466d181960b0da2137ec28d8ebb2b0504cb83414926c578703
sports_game_odds,20260803T051009Z-f34e0721,aqN72YVA53sNvZVuwW6R,g36,401860878,1,1,Wyoming,Colorado State,betmgm,total,over,48.5,-105,True,False,2026-08-03T05:08:17.000Z,47.5,-115,2026-08-03T05:10:09.838609+00:00,0.0313,24.0,False,True,False,betmgm,2026-08-03T05:08:17.000Z,0.0313,False,6f05c185b03f098170e72f389df973acaeeab28f25c23223d55e46a3e153c8fa
sports_game_odds,20260803T051009Z-f34e0721,aqN72YVA53sNvZVuwW6R,g36,401860878,1,1,Wyoming,Colorado State,fanduel,total,under,48.5,-110,True,False,2026-08-03T05:08:22.253Z,47.5,-110,2026-08-03T05:10:09.838609+00:00,0.0299,24.0,False,True,False,fanduel,2026-08-03T05:08:22.253Z,0.0299,False,d81a2979f83ee2a4f814579072fab1989d566ce47010c02468f48527744925ed
sports_game_odds,20260803T051009Z-f34e0721,aqN72YVA53sNvZVuwW6R,g36,401860878,1,1,Wyoming,Colorado State,draftkings,total,under,48.5,-115,True,False,2026-08-03T05:08:22.214Z,47.5,100,2026-08-03T05:10:09.838609+00:00,0.0299,24.0,False,True,False,draftkings,2026-08-03T05:08:22.214Z,0.0299,False,2ba1b92197472bf8da146c3087494bc8d85fb8ae2157f7f15d11537995f099af
sports_game_odds,20260803T051009Z-f34e0721,aqN72YVA53sNvZVuwW6R,g36,401860878,1,1,Wyoming,Colorado State,bovada,total,under,48.5,-115,True,False,2026-08-03T05:08:22.000Z,47.5,100,2026-08-03T05:10:09.838609+00:00,0.03,24.0,False,True,False,bovada,2026-08-03T05:08:22.000Z,0.03,False,fa46af5fe40617edca8094387b27abba74649183aafe442b0a3ca762b70daf84
sports_game_odds,20260803T051009Z-f34e0721,aqN72YVA53sNvZVuwW6R,g36,401860878,1,1,Wyoming,Colorado State,caesars,total,under,48.5,-115,True,False,2026-08-03T05:08:12.000Z,47.5,-103,2026-08-03T05:10:09.838609+00:00,0.0327,24.0,False,True,False,caesars,2026-08-03T05:08:12.000Z,0.0327,False,899364729d66ff403201901ab6d77888c45ac37abb70256fbe83c1f49cb05807
sports_game_odds,20260803T051009Z-f34e0721,aqN72YVA53sNvZVuwW6R,g36,401860878,1,1,Wyoming,Colorado State,betmgm,total,under,48.5,-115,True,False,2026-08-03T05:08:17.000Z,47.5,-105,2026-08-03T05:10:09.838609+00:00,0.0313,24.0,False,True,False,betmgm,2026-08-03T05:08:17.000Z,0.0313,False,f7e89b0a2c903ee1ac7cc12831556f390e5807c2c29a2e7cebaa8b6454614b2d
sports_game_odds,20260803T051009Z-f34e0721,aqN72YVA53sNvZVuwW6R,g36,401860878,1,1,Wyoming,Colorado State,fanduel,moneyline,away,,150,True,False,2026-08-03T05:08:22.253Z,150.0,150,2026-08-03T05:10:09.838609+00:00,0.0299,24.0,False,True,False,fanduel,2026-08-03T05:08:22.253Z,0.0299,False,801805765983e6b31a94e7804902d2043e5cd731ee6d660e519d7e068db63639
sports_game_odds,20260803T051009Z-f34e0721,aqN72YVA53sNvZVuwW6R,g36,401860878,1,1,Wyoming,Colorado State,draftkings,moneyline,away,,150,True,False,2026-08-03T05:08:22.214Z,150.0,150,2026-08-03T05:10:09.838609+00:00,0.0299,24.0,False,True,False,draftkings,2026-08-03T05:08:22.214Z,0.0299,False,60e831fd225c2547baad7040df7e832eb998afe9615059309036c135cc15e91c
sports_game_odds,20260803T051009Z-f34e0721,aqN72YVA53sNvZVuwW6R,g36,401860878,1,1,Wyoming,Colorado State,caesars,moneyline,away,,151,True,False,2026-08-03T05:08:12.000Z,150.0,150,2026-08-03T05:10:09.838609+00:00,0.0327,24.0,False,True,False,caesars,2026-08-03T05:08:12.000Z,0.0327,False,d9507be5c75b77b44f92827ace4bad7c82b9e0dc29bc7426b277bd06abbddfaf
sports_game_odds,20260803T051009Z-f34e0721,aqN72YVA53sNvZVuwW6R,g36,401860878,1,1,Wyoming,Colorado State,bovada,moneyline,away,,155,True,False,2026-08-03T05:08:22.000Z,155.0,155,2026-08-03T05:10:09.838609+00:00,0.03,24.0,False,True,False,bovada,2026-08-03T05:08:22.000Z,0.03,False,2da397eacc9d75ac1f7c6c63481b1b5f0beb2bb8a58e0d8e22111f125a590113
sports_game_odds,20260803T051009Z-f34e0721,aqN72YVA53sNvZVuwW6R,g36,401860878,1,1,Wyoming,Colorado State,betmgm,moneyline,away,,150,True,False,2026-08-03T05:08:17.000Z,150.0,150,2026-08-03T05:10:09.838609+00:00,0.0313,24.0,False,True,False,betmgm,2026-08-03T05:08:17.000Z,0.0313,False,b0365b65f8420771f87867dde6bad687847c814e475f49c969dbed6dc6d27679
sports_game_odds,20260803T051009Z-f34e0721,aqN72YVA53sNvZVuwW6R,g36,401860878,1,1,Wyoming,Colorado State,fanduel,moneyline,home,,-182,True,False,2026-08-03T05:08:22.253Z,-182.0,-182,2026-08-03T05:10:09.838609+00:00,0.0299,24.0,False,True,False,fanduel,2026-08-03T05:08:22.253Z,0.0299,False,53eecb73b5625ca90e7f0e99055c325247d45a2ca27c70f71134a8c3cb1e36bc
sports_game_odds,20260803T051009Z-f34e0721,aqN72YVA53sNvZVuwW6R,g36,401860878,1,1,Wyoming,Colorado State,draftkings,moneyline,home,,-180,True,False,2026-08-03T05:08:22.214Z,-180.0,-180,2026-08-03T05:10:09.838609+00:00,0.0299,24.0,False,True,False,draftkings,2026-08-03T05:08:22.214Z,0.0299,False,a1511401b41c73695b996899b2c713b28b7b8e8e6929221b35aa137c06995298
sports_game_odds,20260803T051009Z-f34e0721,aqN72YVA53sNvZVuwW6R,g36,401860878,1,1,Wyoming,Colorado State,caesars,moneyline,home,,-179,True,False,2026-08-03T05:08:12.000Z,-179.0,-179,2026-08-03T05:10:09.838609+00:00,0.0327,24.0,False,True,False,caesars,2026-08-03T05:08:12.000Z,0.0327,False,c4204a86d2a702400f6d52e88abf68f4a223bb8227920568d8a34a6b9166cc89
sports_game_odds,20260803T051009Z-f34e0721,aqN72YVA53sNvZVuwW6R,g36,401860878,1,1,Wyoming,Colorado State,bovada,moneyline,home,,-180,True,False,2026-08-03T05:08:22.000Z,-180.0,-180,2026-08-03T05:10:09.838609+00:00,0.03,24.0,False,True,False,bovada,2026-08-03T05:08:22.000Z,0.03,False,193d4ffd87a7eb070ee9352a05a9ab4ba0376be746a0d8cec02b8a0e76a4b602
sports_game_odds,20260803T051009Z-f34e0721,aqN72YVA53sNvZVuwW6R,g36,401860878,1,1,Wyoming,Colorado State,betmgm,moneyline,home,,-185,True,False,2026-08-03T05:08:17.000Z,-185.0,-185,2026-08-03T05:10:09.838609+00:00,0.0313,24.0,False,True,False,betmgm,2026-08-03T05:08:17.000Z,0.0313,False,0c187b6f58826cff99802d62a348cafbb7a63d085e500e9973b50d46207f08ec
sports_game_odds,20260803T051009Z-f34e0721,s58w84yjLkfVPAsRAkNd,g70,401867973,1,1,Norfolk State,Old Dominion,fanduel,spread,away,40.5,-110,True,False,2026-08-03T05:08:22.253Z,41.5,-105,2026-08-03T05:10:09.838609+00:00,0.0299,24.0,False,True,False,fanduel,2026-08-03T05:08:22.253Z,0.0299,False,b1251903d5a981111e74b3811672b133c8ca034630162448ca89dd36ceb5d74d
sports_game_odds,20260803T051009Z-f34e0721,s58w84yjLkfVPAsRAkNd,g70,401867973,1,1,Norfolk State,Old Dominion,fanduel,spread,home,-40.5,-110,True,False,2026-08-03T05:08:22.253Z,-41.5,-115,2026-08-03T05:10:09.838609+00:00,0.0299,24.0,False,True,False,fanduel,2026-08-03T05:08:22.253Z,0.0299,False,45cfcc4f1cc838236986999c6ebae27de366f045b10927a9e273e24d7726cd8d
sports_game_odds,20260803T051009Z-f34e0721,s58w84yjLkfVPAsRAkNd,g70,401867973,1,1,Norfolk State,Old Dominion,fanduel,total,over,53.5,-110,True,False,2026-08-03T05:08:22.253Z,56.5,-105,2026-08-03T05:10:09.838609+00:00,0.0299,24.0,False,True,False,fanduel,2026-08-03T05:08:22.253Z,0.0299,False,483f8f4955707d454fbe0e84cd41d9370863fdb51a5a920efcb8bef3fe287cab
sports_game_odds,20260803T051009Z-f34e0721,s58w84yjLkfVPAsRAkNd,g70,401867973,1,1,Norfolk State,Old Dominion,fanduel,total,under,53.5,-110,True,False,2026-08-03T05:08:22.253Z,56.5,-115,2026-08-03T05:10:09.838609+00:00,0.0299,24.0,False,True,False,fanduel,2026-08-03T05:08:22.253Z,0.0299,False,27003dedba06f12a3f8a746ccba85d5e10b7418d1b3f2b2872ab64d6dd2680a9
sports_game_odds,20260803T051009Z-f34e0721,s58w84yjLkfVPAsRAkNd,g70,401867973,1,1,Norfolk State,Old Dominion,fanduel,moneyline,away,,8000,True,False,2026-08-03T05:08:22.253Z,8000.0,8000,2026-08-03T05:10:09.838609+00:00,0.0299,24.0,False,True,False,fanduel,2026-08-03T05:08:22.253Z,0.0299,False,f57883b273ee47b79cc985a26910b0ce2a5e48d3258adc739dd1e450c24bd332
sports_game_odds,20260803T051009Z-f34e0721,2qDNoGX27GAXfuBxwYsq,g49,401868140,1,1,Eastern Kentucky,Jacksonville State,fanduel,spread,away,20.5,-110,True,False,2026-08-03T05:08:22.253Z,20.5,-105,2026-08-03T05:10:09.838609+00:00,0.0299,24.0,False,True,False,fanduel,2026-08-03T05:08:22.253Z,0.0299,False,d0008eb9c35e2d3527b1dac7a82f608b24d201349153e826ae32ccb8e554d5d8
sports_game_odds,20260803T051009Z-f34e0721,2qDNoGX27GAXfuBxwYsq,g49,401868140,1,1,Eastern Kentucky,Jacksonville State,fanduel,spread,home,-20.5,-110,True,False,2026-08-03T05:08:22.253Z,-20.5,-115,2026-08-03T05:10:09.838609+00:00,0.0299,24.0,False,True,False,fanduel,2026-08-03T05:08:22.253Z,0.0299,False,d24a36b00e2b595b6cbd8b3a19ccb2ac304c3c08252bb95dbf8ba8f8e8d3dc5d
sports_game_odds,20260803T051009Z-f34e0721,2qDNoGX27GAXfuBxwYsq,g49,401868140,1,1,Eastern Kentucky,Jacksonville State,fanduel,total,over,54.5,-110,True,False,2026-08-03T05:08:22.253Z,50.5,-115,2026-08-03T05:10:09.838609+00:00,0.0299,24.0,False,True,False,fanduel,2026-08-03T05:08:22.253Z,0.0299,False,53b41e6edbd78fc213b49c41f734a4146341c50c1dc8c5c5138484ff8c2ccded
sports_game_odds,20260803T051009Z-f34e0721,2qDNoGX27GAXfuBxwYsq,g49,401868140,1,1,Eastern Kentucky,Jacksonville State,fanduel,total,under,54.5,-110,True,False,2026-08-03T05:08:22.253Z,50.5,-105,2026-08-03T05:10:09.838609+00:00,0.0299,24.0,False,True,False,fanduel,2026-08-03T05:08:22.253Z,0.0299,False,390409a29bcf673f9dedbfa232fa8fd2b4fe134937d5066e3081d7f72431813d
sports_game_odds,20260803T051009Z-f34e0721,2qDNoGX27GAXfuBxwYsq,g49,401868140,1,1,Eastern Kentucky,Jacksonville State,fanduel,moneyline,away,,920,True,False,2026-08-03T05:08:22.253Z,980.0,980,2026-08-03T05:10:09.838609+00:00,0.0299,24.0,False,True,False,fanduel,2026-08-03T05:08:22.253Z,0.0299,False,ff3ae120852eaeeea2b66e8d2fc58613889dc860c2eb2a210708e9186300ddca
sports_game_odds,20260803T051009Z-f34e0721,2qDNoGX27GAXfuBxwYsq,g49,401868140,1,1,Eastern Kentucky,Jacksonville State,fanduel,moneyline,home,,-1800,True,False,2026-08-03T05:08:22.253Z,-2000.0,-2000,2026-08-03T05:10:09.838609+00:00,0.0299,24.0,False,True,False,fanduel,2026-08-03T05:08:22.253Z,0.0299,False,fa4f36dee723d2cd9ea1561527e2d1ebe8fb5074df5581be709b3e853ff554bc
sports_game_odds,20260803T051009Z-f34e0721,8aNEhHhmw3icIhiwopsW,g59,401867866,1,1,Murray State,Middle Tennessee,fanduel,spread,away,24.5,-110,True,False,2026-08-03T05:08:22.253Z,25.5,-110,2026-08-03T05:10:09.838609+00:00,0.0299,24.0,False,True,False,fanduel,2026-08-03T05:08:22.253Z,0.0299,False,c00c129a4e63514a01084cb97f84c9611d3823a58514a41b8f121f3f05be3962
sports_game_odds,20260803T051009Z-f34e0721,8aNEhHhmw3icIhiwopsW,g59,401867866,1,1,Murray State,Middle Tennessee,fanduel,spread,home,-24.5,-110,True,False,2026-08-03T05:08:22.253Z,-25.5,-110,2026-08-03T05:10:09.838609+00:00,0.0299,24.0,False,True,False,fanduel,2026-08-03T05:08:22.253Z,0.0299,False,a4c87f327ac22ffe05d8a0d4a1a250a06e1be428dc3678b0d91f43feb9e1d84e
sports_game_odds,20260803T051009Z-f34e0721,8aNEhHhmw3icIhiwopsW,g59,401867866,1,1,Murray State,Middle Tennessee,fanduel,total,over,60.5,-110,True,False,2026-08-03T05:08:22.253Z,59.5,-115,2026-08-03T05:10:09.838609+00:00,0.0299,24.0,False,True,False,fanduel,2026-08-03T05:08:22.253Z,0.0299,False,7b7f36cc0586838da59a5c7ff84dd7bb019741abaad765317d72d8cd99498ab7
sports_game_odds,20260803T051009Z-f34e0721,8aNEhHhmw3icIhiwopsW,g59,401867866,1,1,Murray State,Middle Tennessee,fanduel,total,under,60.5,-110,True,False,2026-08-03T05:08:22.253Z,59.5,-105,2026-08-03T05:10:09.838609+00:00,0.0299,24.0,False,True,False,fanduel,2026-08-03T05:08:22.253Z,0.0299,False,8f5d389b29a02c7dd07ca1625a3ae58706be29224047d2a276f2bd58bd6ef6ff
sports_game_odds,20260803T051009Z-f34e0721,8aNEhHhmw3icIhiwopsW,g59,401867866,1,1,Murray State,Middle Tennessee,fanduel,moneyline,away,,1400,True,False,2026-08-03T05:08:22.253Z,1600.0,1600,2026-08-03T05:10:09.838609+00:00,0.0299,24.0,False,True,False,fanduel,2026-08-03T05:08:22.253Z,0.0299,False,949ab50d807f69379f4c8e9ec6071a19a53d56cecf16d03fef5b89729a2de80f
sports_game_odds,20260803T051009Z-f34e0721,8aNEhHhmw3icIhiwopsW,g59,401867866,1,1,Murray State,Middle Tennessee,fanduel,moneyline,home,,-4000,True,False,2026-08-03T05:08:22.253Z,-4500.0,-4500,2026-08-03T05:10:09.838609+00:00,0.0299,24.0,False,True,False,fanduel,2026-08-03T05:08:22.253Z,0.0299,False,f4cbf140dc10a0378d35c6eaa93884bb3f1efdcb28835de3b6f6e2e5af930b36
sports_game_odds,20260803T051009Z-f34e0721,8gIBsnuiBtudBpmcmigp,g78,401868316,1,1,Southeastern La.,South Alabama,fanduel,spread,away,11.5,-110,True,False,2026-08-03T05:08:22.253Z,14.5,-110,2026-08-03T05:10:09.838609+00:00,0.0299,24.0,False,True,False,fanduel,2026-08-03T05:08:22.253Z,0.0299,False,02443a93cc124805a98a1dd720d4a9f65acb347ba0157d6a6864bde47a3f399b
sports_game_odds,20260803T051009Z-f34e0721,8gIBsnuiBtudBpmcmigp,g78,401868316,1,1,Southeastern La.,South Alabama,fanduel,spread,home,-11.5,-110,True,False,2026-08-03T05:08:22.253Z,-14.5,-110,2026-08-03T05:10:09.838609+00:00,0.0299,24.0,False,True,False,fanduel,2026-08-03T05:08:22.253Z,0.0299,False,ace998ef85dce412b5ee609085b52489e5c16d88348f0049c3890707803a38b8
sports_game_odds,20260803T051009Z-f34e0721,8gIBsnuiBtudBpmcmigp,g78,401868316,1,1,Southeastern La.,South Alabama,fanduel,total,over,51.5,-115,True,False,2026-08-03T05:08:22.253Z,51.5,-115,2026-08-03T05:10:09.838609+00:00,0.0299,24.0,False,True,False,fanduel,2026-08-03T05:08:22.253Z,0.0299,False,0be83ca26e610cf779bbdfc566052d3a98f85878dc373052e6081311912bff96
sports_game_odds,20260803T051009Z-f34e0721,8gIBsnuiBtudBpmcmigp,g78,401868316,1,1,Southeastern La.,South Alabama,fanduel,total,under,51.5,-105,True,False,2026-08-03T05:08:22.253Z,51.5,-105,2026-08-03T05:10:09.838609+00:00,0.0299,24.0,False,True,False,fanduel,2026-08-03T05:08:22.253Z,0.0299,False,ef7fb7c31254e776dd6c5001f53860da196faec3bc748e42e83df9469e4f1a24
sports_game_odds,20260803T051009Z-f34e0721,8gIBsnuiBtudBpmcmigp,g78,401868316,1,1,Southeastern La.,South Alabama,fanduel,moneyline,away,,375,True,False,2026-08-03T05:08:22.253Z,500.0,500,2026-08-03T05:10:09.838609+00:00,0.0299,24.0,False,True,False,fanduel,2026-08-03T05:08:22.253Z,0.0299,False,c1908d3cfd8762a1b0e985605b9ede63a9b784b923d46952f5680f312117f28d
sports_game_odds,20260803T051009Z-f34e0721,8gIBsnuiBtudBpmcmigp,g78,401868316,1,1,Southeastern La.,South Alabama,fanduel,moneyline,home,,-500,True,False,2026-08-03T05:08:22.253Z,-720.0,-720,2026-08-03T05:10:09.838609+00:00,0.0299,24.0,False,True,False,fanduel,2026-08-03T05:08:22.253Z,0.0299,False,a73ef2fd707c1389b9f5184149ebdfc9bc80a70d51c260b9aff9f34b6851c394
sports_game_odds,20260803T051009Z-f34e0721,E9tNTBNvn8V9SNkvhuJy,g75,401862697,1,1,HCU,Rice,fanduel,spread,away,24.5,-105,True,False,2026-08-03T05:08:22.253Z,21.5,-105,2026-08-03T05:10:09.838609+00:00,0.0299,24.0,False,True,False,fanduel,2026-08-03T05:08:22.253Z,0.0299,False,6d3a4fe36d27b94c1067eb25f4fde5124e6565cf6d47d97b8982e4ee60d03f97
sports_game_odds,20260803T051009Z-f34e0721,E9tNTBNvn8V9SNkvhuJy,g75,401862697,1,1,HCU,Rice,fanduel,spread,home,-24.5,-115,True,False,2026-08-03T05:08:22.253Z,-21.5,-115,2026-08-03T05:10:09.838609+00:00,0.0299,24.0,False,True,False,fanduel,2026-08-03T05:08:22.253Z,0.0299,False,d6298a8438b05612a8d55c66756a57e2009434cc8c6b3711a176e4d06680ffb5
sports_game_odds,20260803T051009Z-f34e0721,E9tNTBNvn8V9SNkvhuJy,g75,401862697,1,1,HCU,Rice,fanduel,total,over,47.5,-115,True,False,2026-08-03T05:08:22.253Z,46.5,-110,2026-08-03T05:10:09.838609+00:00,0.0299,24.0,False,True,False,fanduel,2026-08-03T05:08:22.253Z,0.0299,False,d4c59f1e916bdcb43bb1d9c74b6fb222de7d2ee2b5e366d42b196367d3d83fa3
sports_game_odds,20260803T051009Z-f34e0721,E9tNTBNvn8V9SNkvhuJy,g75,401862697,1,1,HCU,Rice,fanduel,total,under,47.5,-105,True,False,2026-08-03T05:08:22.253Z,46.5,-110,2026-08-03T05:10:09.838609+00:00,0.0299,24.0,False,True,False,fanduel,2026-08-03T05:08:22.253Z,0.0299,False,99795f351c7f78e4d6fa43edc08658c9c71582b9436a74807a8fe99703044b9d
sports_game_odds,20260803T051009Z-f34e0721,E9tNTBNvn8V9SNkvhuJy,g75,401862697,1,1,HCU,Rice,fanduel,moneyline,away,,1600,True,False,2026-08-03T05:08:22.253Z,1280.0,1280,2026-08-03T05:10:09.838609+00:00,0.0299,24.0,False,True,False,fanduel,2026-08-03T05:08:22.253Z,0.0299,False,9e5f81c0d28fb092b4d19526962e29ff9bd7d4fcdd7acb4790b1855eb499f152
sports_game_odds,20260803T051009Z-f34e0721,E9tNTBNvn8V9SNkvhuJy,g75,401862697,1,1,HCU,Rice,fanduel,moneyline,home,,-4500,True,False,2026-08-03T05:08:22.253Z,-3500.0,-3500,2026-08-03T05:10:09.838609+00:00,0.0299,24.0,False,True,False,fanduel,2026-08-03T05:08:22.253Z,0.0299,False,6e0808577b18478204ec975b7ea993a6880aa50f9e0aa94b3370697d16bfc4c4
sports_game_odds,20260803T051009Z-f34e0721,JjRSjyrJwNSwEf0XB8pX,g56,401862695,1,1,Arkansas State,Memphis,fanduel,spread,away,10.5,-110,True,False,2026-08-03T05:08:22.253Z,10.5,-110,2026-08-03T05:10:09.838609+00:00,0.0299,24.0,False,True,False,fanduel,2026-08-03T05:08:22.253Z,0.0299,False,ea6698dbd42600efc18ce5208f7e72cd717a784857f07fcd5e6706568c6ecbf0
sports_game_odds,20260803T051009Z-f34e0721,JjRSjyrJwNSwEf0XB8pX,g56,401862695,1,1,Arkansas State,Memphis,draftkings,spread,away,10.5,-110,True,False,2026-08-03T05:08:22.214Z,10.5,-110,2026-08-03T05:10:09.838609+00:00,0.0299,24.0,False,True,False,draftkings,2026-08-03T05:08:22.214Z,0.0299,False,e33e3c0dd72851638f1e954c0b9328bd5e4b48b6d0395f172f7ba488fae9eede
sports_game_odds,20260803T051009Z-f34e0721,JjRSjyrJwNSwEf0XB8pX,g56,401862695,1,1,Arkansas State,Memphis,caesars,spread,away,10.5,-113,True,False,2026-08-03T05:08:12.000Z,10.5,-112,2026-08-03T05:10:09.838609+00:00,0.0327,24.0,False,True,False,caesars,2026-08-03T05:08:12.000Z,0.0327,False,033fa05583b5b86e9e6db60d4aabf24c4cacf4a6470b7ab6db6ab2d9a78d8916
sports_game_odds,20260803T051009Z-f34e0721,JjRSjyrJwNSwEf0XB8pX,g56,401862695,1,1,Arkansas State,Memphis,bovada,spread,away,10.5,-110,True,False,2026-08-03T05:08:22.000Z,10.5,-110,2026-08-03T05:10:09.838609+00:00,0.03,24.0,False,True,False,bovada,2026-08-03T05:08:22.000Z,0.03,False,6823e0cad61562dc1635ee7e599998d76c4056c3e85a5b8b0a1a342d3de0eef7
sports_game_odds,20260803T051009Z-f34e0721,JjRSjyrJwNSwEf0XB8pX,g56,401862695,1,1,Arkansas State,Memphis,betmgm,spread,away,10.5,-110,True,False,2026-08-03T05:08:17.000Z,10.5,-110,2026-08-03T05:10:09.838609+00:00,0.0313,24.0,False,True,False,betmgm,2026-08-03T05:08:17.000Z,0.0313,False,1ae48795636c82b56a98bdee7f423ab19318200b942a7ca1a600524fdf054225
sports_game_odds,20260803T051009Z-f34e0721,JjRSjyrJwNSwEf0XB8pX,g56,401862695,1,1,Arkansas State,Memphis,fanduel,spread,home,-10.5,-110,True,False,2026-08-03T05:08:22.253Z,-10.5,-110,2026-08-03T05:10:09.838609+00:00,0.0299,24.0,False,True,False,fanduel,2026-08-03T05:08:22.253Z,0.0299,False,8fc60f2bde57135afedd827a1acc704c536d1cb387ebe6128c75727215af6028
sports_game_odds,20260803T051009Z-f34e0721,JjRSjyrJwNSwEf0XB8pX,g56,401862695,1,1,Arkansas State,Memphis,draftkings,spread,home,-10.5,-110,True,False,2026-08-03T05:08:22.214Z,-10.5,-110,2026-08-03T05:10:09.838609+00:00,0.0299,24.0,False,True,False,draftkings,2026-08-03T05:08:22.214Z,0.0299,False,b0ca7baccaa0394d0155333af3301ff2459fa9adfe38dcb4c35333075be5a070
sports_game_odds,20260803T051009Z-f34e0721,JjRSjyrJwNSwEf0XB8pX,g56,401862695,1,1,Arkansas State,Memphis,caesars,spread,home,-10.5,-107,True,False,2026-08-03T05:08:12.000Z,-10.5,-109,2026-08-03T05:10:09.838609+00:00,0.0327,24.0,False,True,False,caesars,2026-08-03T05:08:12.000Z,0.0327,False,0519772d52e1490a1f68933d2dd1709a515d2a7ba75da53386a3f26ff908eb32
sports_game_odds,20260803T051009Z-f34e0721,JjRSjyrJwNSwEf0XB8pX,g56,401862695,1,1,Arkansas State,Memphis,bovada,spread,home,-10.5,-110,True,False,2026-08-03T05:08:22.000Z,-10.5,-110,2026-08-03T05:10:09.838609+00:00,0.03,24.0,False,True,False,bovada,2026-08-03T05:08:22.000Z,0.03,False,53395ad5fc84f9b88d219dfb4405330c7583d90db5ebee08132abac588c3df77
sports_game_odds,20260803T051009Z-f34e0721,JjRSjyrJwNSwEf0XB8pX,g56,401862695,1,1,Arkansas State,Memphis,betmgm,spread,home,-10.5,-110,True,False,2026-08-03T05:08:17.000Z,-10.5,-110,2026-08-03T05:10:09.838609+00:00,0.0313,24.0,False,True,False,betmgm,2026-08-03T05:08:17.000Z,0.0313,False,18769325b1896babf568a5a9c00fe3ff29e1849ef2f59f5313ba34e722ce4233
sports_game_odds,20260803T051009Z-f34e0721,JjRSjyrJwNSwEf0XB8pX,g56,401862695,1,1,Arkansas State,Memphis,fanduel,total,over,55.5,-115,True,False,2026-08-03T05:08:22.253Z,56.5,-110,2026-08-03T05:10:09.838609+00:00,0.0299,24.0,False,True,False,fanduel,2026-08-03T05:08:22.253Z,0.0299,False,9706a167e8ccaac00685a8ae9b5494314895a44c984188e05b1c842471c604a0
sports_game_odds,20260803T051009Z-f34e0721,JjRSjyrJwNSwEf0XB8pX,g56,401862695,1,1,Arkansas State,Memphis,draftkings,total,over,55.5,-108,False,False,2026-07-20T20:45:55.167Z,55.5,-112,2026-08-03T05:10:09.838609+00:00,320.4041,24.0,True,False,False,draftkings,2026-07-20T20:45:55.167Z,320.4041,True,d6e6f172cf3300c7cc5467aa4c11924dde15cb3e00a5913dab9b02e1bd72bf36
sports_game_odds,20260803T051009Z-f34e0721,JjRSjyrJwNSwEf0XB8pX,g56,401862695,1,1,Arkansas State,Memphis,bovada,total,over,55.5,-110,False,False,2026-07-20T20:45:55.167Z,55.5,-110,2026-08-03T05:10:09.838609+00:00,320.4041,24.0,True,False,False,bovada,2026-07-20T20:45:55.167Z,320.4041,True,f5ef12d4b48f7913d4cc204b36193f1732fa6e5379bb2991b3fefd0a2e53d247
sports_game_odds,20260803T051009Z-f34e0721,JjRSjyrJwNSwEf0XB8pX,g56,401862695,1,1,Arkansas State,Memphis,caesars,total,over,55.5,-115,True,False,2026-08-03T05:08:12.000Z,55.5,-113,2026-08-03T05:10:09.838609+00:00,0.0327,24.0,False,True,False,caesars,2026-08-03T05:08:12.000Z,0.0327,False,ff2ed98d3be7b14a812fed043437d0b75e631d181262807aaa9ecfe646bdbbd3
sports_game_odds,20260803T051009Z-f34e0721,JjRSjyrJwNSwEf0XB8pX,g56,401862695,1,1,Arkansas State,Memphis,betmgm,total,over,55.5,-110,True,False,2026-08-03T05:08:17.000Z,55.5,-110,2026-08-03T05:10:09.838609+00:00,0.0313,24.0,False,True,False,betmgm,2026-08-03T05:08:17.000Z,0.0313,False,2fce9c3f65d4c86740357b7f7ea97052fa16fd83cf7d7a150e1eb4dfd287879d
sports_game_odds,20260803T051009Z-f34e0721,JjRSjyrJwNSwEf0XB8pX,g56,401862695,1,1,Arkansas State,Memphis,fanduel,total,under,55.5,-105,True,False,2026-08-03T05:08:22.253Z,56.5,-110,2026-08-03T05:10:09.838609+00:00,0.0299,24.0,False,True,False,fanduel,2026-08-03T05:08:22.253Z,0.0299,False,bd32166c3d29e38b30a69042f9a422695fa56ac65cde2e151c8abdc7bbfb48fc
sports_game_odds,20260803T051009Z-f34e0721,JjRSjyrJwNSwEf0XB8pX,g56,401862695,1,1,Arkansas State,Memphis,draftkings,total,under,55.5,-112,False,False,2026-07-20T20:45:55.167Z,55.5,-108,2026-08-03T05:10:09.838609+00:00,320.4041,24.0,True,False,False,draftkings,2026-07-20T20:45:55.167Z,320.4041,True,bb2c70f5b1027ae50475c221ee17a1202bd5c8f90bd054067eb2b3826566622b
sports_game_odds,20260803T051009Z-f34e0721,JjRSjyrJwNSwEf0XB8pX,g56,401862695,1,1,Arkansas State,Memphis,bovada,total,under,55.5,-110,False,False,2026-07-20T20:45:55.167Z,55.5,-110,2026-08-03T05:10:09.838609+00:00,320.4041,24.0,True,False,False,bovada,2026-07-20T20:45:55.167Z,320.4041,True,6065de65a2d236e6c42359372801dcf775ec965c987fd9d2e0aa08c382d2ea1d
sports_game_odds,20260803T051009Z-f34e0721,JjRSjyrJwNSwEf0XB8pX,g56,401862695,1,1,Arkansas State,Memphis,caesars,total,under,55.5,-106,True,False,2026-08-03T05:08:12.000Z,55.5,-108,2026-08-03T05:10:09.838609+00:00,0.0327,24.0,False,True,False,caesars,2026-08-03T05:08:12.000Z,0.0327,False,f76725e8c59b08f6837aeea9f7ed043beeb13b0b5d701d23e27bbea9d81d4573
sports_game_odds,20260803T051009Z-f34e0721,JjRSjyrJwNSwEf0XB8pX,g56,401862695,1,1,Arkansas State,Memphis,betmgm,total,under,55.5,-110,True,False,2026-08-03T05:08:17.000Z,55.5,-110,2026-08-03T05:10:09.838609+00:00,0.0313,24.0,False,True,False,betmgm,2026-08-03T05:08:17.000Z,0.0313,False,66c978aeb97239c5c4d888afdac1246d71a95fbfd748b3899ca4be2aa5f6be57
sports_game_odds,20260803T051009Z-f34e0721,JjRSjyrJwNSwEf0XB8pX,g56,401862695,1,1,Arkansas State,Memphis,fanduel,moneyline,away,,320,True,False,2026-08-03T05:08:22.253Z,315.0,315,2026-08-03T05:10:09.838609+00:00,0.0299,24.0,False,True,False,fanduel,2026-08-03T05:08:22.253Z,0.0299,False,6cd83eb7efc1bc795f495b97157fcfab45f53bc27e151d5b81cb508aa0ed4147
sports_game_odds,20260803T051009Z-f34e0721,JjRSjyrJwNSwEf0XB8pX,g56,401862695,1,1,Arkansas State,Memphis,draftkings,moneyline,away,,320,True,False,2026-08-03T05:08:22.214Z,330.0,330,2026-08-03T05:10:09.838609+00:00,0.0299,24.0,False,True,False,draftkings,2026-08-03T05:08:22.214Z,0.0299,False,8baba0630ac86dd3dd4c63355f9d417f5d951b2f1b825d654d5d2c3561f7b82e
sports_game_odds,20260803T051009Z-f34e0721,JjRSjyrJwNSwEf0XB8pX,g56,401862695,1,1,Arkansas State,Memphis,caesars,moneyline,away,,325,True,False,2026-08-03T05:08:12.000Z,320.0,320,2026-08-03T05:10:09.838609+00:00,0.0327,24.0,False,True,False,caesars,2026-08-03T05:08:12.000Z,0.0327,False,c674fd05cb9f02eba8d9cefe509aba40771d81b5192719893911bddedb3dc9db
sports_game_odds,20260803T051009Z-f34e0721,JjRSjyrJwNSwEf0XB8pX,g56,401862695,1,1,Arkansas State,Memphis,bovada,moneyline,away,,315,True,False,2026-08-03T05:08:22.000Z,330.0,330,2026-08-03T05:10:09.838609+00:00,0.03,24.0,False,True,False,bovada,2026-08-03T05:08:22.000Z,0.03,False,aca071c29dd91cc22913c50b94173af1db8a7da91b6204ab5a36856454d2e93d
sports_game_odds,20260803T051009Z-f34e0721,JjRSjyrJwNSwEf0XB8pX,g56,401862695,1,1,Arkansas State,Memphis,betmgm,moneyline,away,,310,True,False,2026-08-03T05:08:17.000Z,310.0,310,2026-08-03T05:10:09.838609+00:00,0.0313,24.0,False,True,False,betmgm,2026-08-03T05:08:17.000Z,0.0313,False,f06731a3ca5f536dced7fa8445655253d471fcf4b77ccf0de845824aa3bf8428
sports_game_odds,20260803T051009Z-f34e0721,JjRSjyrJwNSwEf0XB8pX,g56,401862695,1,1,Arkansas State,Memphis,fanduel,moneyline,home,,-420,True,False,2026-08-03T05:08:22.253Z,-410.0,-410,2026-08-03T05:10:09.838609+00:00,0.0299,24.0,False,True,False,fanduel,2026-08-03T05:08:22.253Z,0.0299,False,5d6e1c16e9931ec380e1421f84bbaa15fcb0e32d6607aae00a4f64792b623f96
sports_game_odds,20260803T051009Z-f34e0721,JjRSjyrJwNSwEf0XB8pX,g56,401862695,1,1,Arkansas State,Memphis,draftkings,moneyline,home,,-410,True,False,2026-08-03T05:08:22.214Z,-425.0,-425,2026-08-03T05:10:09.838609+00:00,0.0299,24.0,False,True,False,draftkings,2026-08-03T05:08:22.214Z,0.0299,False,a458d37e3a4ca8bc3978e04f03d98dc037937795d4d74cae2981e3edd728a673
sports_game_odds,20260803T051009Z-f34e0721,JjRSjyrJwNSwEf0XB8pX,g56,401862695,1,1,Arkansas State,Memphis,caesars,moneyline,home,,-420,True,False,2026-08-03T05:08:12.000Z,-420.0,-420,2026-08-03T05:10:09.838609+00:00,0.0327,24.0,False,True,False,caesars,2026-08-03T05:08:12.000Z,0.0327,False,71242fbbe870c8aeda94139da3a3c27503345d1aa3dab121fe0d1a10f620ebb5
sports_game_odds,20260803T051009Z-f34e0721,JjRSjyrJwNSwEf0XB8pX,g56,401862695,1,1,Arkansas State,Memphis,bovada,moneyline,home,,-420,True,False,2026-08-03T05:08:22.000Z,-440.0,-440,2026-08-03T05:10:09.838609+00:00,0.03,24.0,False,True,False,bovada,2026-08-03T05:08:22.000Z,0.03,False,9e3e5e6735efa664f951034960cac6fb6f65e5aee43f3b03f216cdd158ed0897
sports_game_odds,20260803T051009Z-f34e0721,JjRSjyrJwNSwEf0XB8pX,g56,401862695,1,1,Arkansas State,Memphis,betmgm,moneyline,home,,-400,True,False,2026-08-03T05:08:17.000Z,-400.0,-400,2026-08-03T05:10:09.838609+00:00,0.0313,24.0,False,True,False,betmgm,2026-08-03T05:08:17.000Z,0.0313,False,d94bbb0321ed1b5db270ebe166472284e03847d6a570f7601c66518c3f32b7d7
sports_game_odds,20260803T051009Z-f34e0721,MDbkvXn79Ym1jQwMuxHs,g92,401860880,1,1,Idaho State,Utah State,fanduel,spread,away,16.5,-105,True,False,2026-08-03T05:08:22.253Z,23.5,-110,2026-08-03T05:10:09.838609+00:00,0.0299,24.0,False,True,False,fanduel,2026-08-03T05:08:22.253Z,0.0299,False,0aca203a6807f63eeca4867230362b698b68e64e905f4339a55354b276cc25c8
sports_game_odds,20260803T051009Z-f34e0721,MDbkvXn79Ym1jQwMuxHs,g92,401860880,1,1,Idaho State,Utah State,fanduel,spread,home,-16.5,-115,True,False,2026-08-03T05:08:22.253Z,-23.5,-110,2026-08-03T05:10:09.838609+00:00,0.0299,24.0,False,True,False,fanduel,2026-08-03T05:08:22.253Z,0.0299,False,e22c3a301ecd8dc57c86acad302961b51e08c71487a54e7c3408881db1f6cb8c
sports_game_odds,20260803T051009Z-f34e0721,MDbkvXn79Ym1jQwMuxHs,g92,401860880,1,1,Idaho State,Utah State,fanduel,total,over,61.5,-110,True,False,2026-08-03T05:08:22.253Z,58.5,-105,2026-08-03T05:10:09.838609+00:00,0.0299,24.0,False,True,False,fanduel,2026-08-03T05:08:22.253Z,0.0299,False,fe10d7bd791339cf9a7406111e0779b411b228782deb361ba583446f328f2ca1
sports_game_odds,20260803T051009Z-f34e0721,MDbkvXn79Ym1jQwMuxHs,g92,401860880,1,1,Idaho State,Utah State,fanduel,total,under,61.5,-110,True,False,2026-08-03T05:08:22.253Z,58.5,-115,2026-08-03T05:10:09.838609+00:00,0.0299,24.0,False,True,False,fanduel,2026-08-03T05:08:22.253Z,0.0299,False,ddbf27d7de58871c54045d0768b4c176cba2a4a40ccefab6a9e5b54748559d81
sports_game_odds,20260803T051009Z-f34e0721,MDbkvXn79Ym1jQwMuxHs,g92,401860880,1,1,Idaho State,Utah State,fanduel,moneyline,away,,610,True,False,2026-08-03T05:08:22.253Z,1200.0,1200,2026-08-03T05:10:09.838609+00:00,0.0299,24.0,False,True,False,fanduel,2026-08-03T05:08:22.253Z,0.0299,False,a736c298a2427f456f8c3e9f432574c5b9f748559b0fc0c96529c49989e98f32
sports_game_odds,20260803T051009Z-f34e0721,MDbkvXn79Ym1jQwMuxHs,g92,401860880,1,1,Idaho State,Utah State,fanduel,moneyline,home,,-950,True,False,2026-08-03T05:08:22.253Z,-3000.0,-3000,2026-08-03T05:10:09.838609+00:00,0.0299,24.0,False,True,False,fanduel,2026-08-03T05:08:22.253Z,0.0299,False,d1e612e405101c82ed17421bc942256a212d08db996fdbd7f65f20f2445d7c89
sports_game_odds,20260803T051009Z-f34e0721,MqZ2egIP5A3T0fDWIAF1,g86,401856668,1,1,Missouri State,Texas A&M,fanduel,spread,away,39.5,-110,True,False,2026-08-03T05:08:22.253Z,39.5,-110,2026-08-03T05:10:09.838609+00:00,0.0299,24.0,False,True,False,fanduel,2026-08-03T05:08:22.253Z,0.0299,False,10efd87acd43815111c1b898b7dc4d703c88de4bdda71e263e03eacf65c8fd2b
sports_game_odds,20260803T051009Z-f34e0721,MqZ2egIP5A3T0fDWIAF1,g86,401856668,1,1,Missouri State,Texas A&M,draftkings,spread,away,39.5,-110,True,False,2026-08-03T05:08:22.214Z,38.5,-110,2026-08-03T05:10:09.838609+00:00,0.0299,24.0,False,True,False,draftkings,2026-08-03T05:08:22.214Z,0.0299,False,85a432fa13309ce281802c647e90577172726009b1d9f95ff146eb67851d0519
sports_game_odds,20260803T051009Z-f34e0721,MqZ2egIP5A3T0fDWIAF1,g86,401856668,1,1,Missouri State,Texas A&M,caesars,spread,away,39.5,-114,True,False,2026-08-03T05:08:12.000Z,38.5,-105,2026-08-03T05:10:09.838609+00:00,0.0327,24.0,False,True,False,caesars,2026-08-03T05:08:12.000Z,0.0327,False,3b14be57c82d5a39beade365192c4af2a1e8c9cf6ae92a73ccddcf16574fa8a6
sports_game_odds,20260803T051009Z-f34e0721,MqZ2egIP5A3T0fDWIAF1,g86,401856668,1,1,Missouri State,Texas A&M,bovada,spread,away,39.5,-110,True,False,2026-08-03T05:08:22.000Z,38.5,-110,2026-08-03T05:10:09.838609+00:00,0.03,24.0,False,True,False,bovada,2026-08-03T05:08:22.000Z,0.03,False,5bb7fe57fc6a04aa0a90e75e5862710ab41f9d976af6cd8bdc56283aebde4e93
sports_game_odds,20260803T051009Z-f34e0721,MqZ2egIP5A3T0fDWIAF1,g86,401856668,1,1,Missouri State,Texas A&M,betmgm,spread,away,39.5,-110,True,False,2026-08-03T05:08:17.000Z,39.5,-110,2026-08-03T05:10:09.838609+00:00,0.0313,24.0,False,True,False,betmgm,2026-08-03T05:08:17.000Z,0.0313,False,8c05f38c895e23f77196621358e52308f796c8fab05a29ae0b79668df707d7e7
sports_game_odds,20260803T051009Z-f34e0721,MqZ2egIP5A3T0fDWIAF1,g86,401856668,1,1,Missouri State,Texas A&M,fanduel,spread,home,-39.5,-110,True,False,2026-08-03T05:08:22.253Z,-39.5,-110,2026-08-03T05:10:09.838609+00:00,0.0299,24.0,False,True,False,fanduel,2026-08-03T05:08:22.253Z,0.0299,False,6425fc75e889adcc5e3c00085040eb441b9d9d6070d565c8a959811681e90be3
sports_game_odds,20260803T051009Z-f34e0721,MqZ2egIP5A3T0fDWIAF1,g86,401856668,1,1,Missouri State,Texas A&M,draftkings,spread,home,-39.5,-110,True,False,2026-08-03T05:08:22.214Z,-38.5,-110,2026-08-03T05:10:09.838609+00:00,0.0299,24.0,False,True,False,draftkings,2026-08-03T05:08:22.214Z,0.0299,False,eedd9d3c71d26717d42ddf18425a2e6249ea35dcce80d05a7293ef919390b991
sports_game_odds,20260803T051009Z-f34e0721,MqZ2egIP5A3T0fDWIAF1,g86,401856668,1,1,Missouri State,Texas A&M,caesars,spread,home,-39.5,-106,True,False,2026-08-03T05:08:12.000Z,-38.5,-115,2026-08-03T05:10:09.838609+00:00,0.0327,24.0,False,True,False,caesars,2026-08-03T05:08:12.000Z,0.0327,False,66d5b881e0ce2486f3f206dbfe60966c76d19e743c38f284deb3000d352a70c7
sports_game_odds,20260803T051009Z-f34e0721,MqZ2egIP5A3T0fDWIAF1,g86,401856668,1,1,Missouri State,Texas A&M,bovada,spread,home,-39.5,-110,True,False,2026-08-03T05:08:22.000Z,-38.5,-110,2026-08-03T05:10:09.838609+00:00,0.03,24.0,False,True,False,bovada,2026-08-03T05:08:22.000Z,0.03,False,8b263df36cfaade58c17509c72613ef708b120912861de1d657d100eccd03385
sports_game_odds,20260803T051009Z-f34e0721,MqZ2egIP5A3T0fDWIAF1,g86,401856668,1,1,Missouri State,Texas A&M,betmgm,spread,home,-39.5,-110,True,False,2026-08-03T05:08:17.000Z,-39.5,-110,2026-08-03T05:10:09.838609+00:00,0.0313,24.0,False,True,False,betmgm,2026-08-03T05:08:17.000Z,0.0313,False,f150332facd43b1b201f9faa1373ecce38434f9a6d4233ed1dcca800d9e43255
sports_game_odds,20260803T051009Z-f34e0721,MqZ2egIP5A3T0fDWIAF1,g86,401856668,1,1,Missouri State,Texas A&M,fanduel,total,over,52.5,-115,True,False,2026-08-03T05:08:22.253Z,53.5,-112,2026-08-03T05:10:09.838609+00:00,0.0299,24.0,False,True,False,fanduel,2026-08-03T05:08:22.253Z,0.0299,False,ec760e2a413657d491dbe8c32370ced285ae9e11ee518aaf11b90a8f52b4392f
sports_game_odds,20260803T051009Z-f34e0721,MqZ2egIP5A3T0fDWIAF1,g86,401856668,1,1,Missouri State,Texas A&M,draftkings,total,over,52.5,-110,True,False,2026-08-03T05:08:22.214Z,52.5,-115,2026-08-03T05:10:09.838609+00:00,0.0299,24.0,False,True,False,draftkings,2026-08-03T05:08:22.214Z,0.0299,False,bb48de9ecdc76139da2d2432b81b0eb5b1fdf258b02344d45081eac1960c38ab
sports_game_odds,20260803T051009Z-f34e0721,MqZ2egIP5A3T0fDWIAF1,g86,401856668,1,1,Missouri State,Texas A&M,bovada,total,over,52.5,-110,True,False,2026-08-03T05:08:22.000Z,52.5,-115,2026-08-03T05:10:09.838609+00:00,0.03,24.0,False,True,False,bovada,2026-08-03T05:08:22.000Z,0.03,False,682e4b549a7372d6dfe4350340e5e000a845385083364591995e83fe8082b480
sports_game_odds,20260803T051009Z-f34e0721,MqZ2egIP5A3T0fDWIAF1,g86,401856668,1,1,Missouri State,Texas A&M,caesars,total,over,52.5,-114,True,False,2026-08-03T05:08:12.000Z,52.5,-117,2026-08-03T05:10:09.838609+00:00,0.0327,24.0,False,True,False,caesars,2026-08-03T05:08:12.000Z,0.0327,False,d4a3aaf90d7ef6d7bb215570468f86e6c36688efb2bea67a42778a10d913a31c
sports_game_odds,20260803T051009Z-f34e0721,MqZ2egIP5A3T0fDWIAF1,g86,401856668,1,1,Missouri State,Texas A&M,betmgm,total,over,52.5,-115,True,False,2026-08-03T05:08:17.000Z,52.5,-115,2026-08-03T05:10:09.838609+00:00,0.0313,24.0,False,True,False,betmgm,2026-08-03T05:08:17.000Z,0.0313,False,bf657c27c3d10a3c5c9f586c410359528ff3abd97dabf9597dbd5e86ed43bf8b
sports_game_odds,20260803T051009Z-f34e0721,MqZ2egIP5A3T0fDWIAF1,g86,401856668,1,1,Missouri State,Texas A&M,fanduel,total,under,52.5,-105,True,False,2026-08-03T05:08:22.253Z,53.5,-108,2026-08-03T05:10:09.838609+00:00,0.0299,24.0,False,True,False,fanduel,2026-08-03T05:08:22.253Z,0.0299,False,c263ff0e6cb72b14d120109decac392e6e2ccaa70cbdabf588c696f41768a93d
sports_game_odds,20260803T051009Z-f34e0721,MqZ2egIP5A3T0fDWIAF1,g86,401856668,1,1,Missouri State,Texas A&M,draftkings,total,under,52.5,-110,True,False,2026-08-03T05:08:22.214Z,52.5,-105,2026-08-03T05:10:09.838609+00:00,0.0299,24.0,False,True,False,draftkings,2026-08-03T05:08:22.214Z,0.0299,False,9dcc5fd0ef17c4c0c293907d9be2251cb8e6c27676ce62b6aa5ad12575019a50
sports_game_odds,20260803T051009Z-f34e0721,MqZ2egIP5A3T0fDWIAF1,g86,401856668,1,1,Missouri State,Texas A&M,bovada,total,under,52.5,-110,True,False,2026-08-03T05:08:22.000Z,52.5,-105,2026-08-03T05:10:09.838609+00:00,0.03,24.0,False,True,False,bovada,2026-08-03T05:08:22.000Z,0.03,False,6eec5e2ccf398d346b96a114f2c2334df6935c744b7ad944cafbee2adc32f42b
sports_game_odds,20260803T051009Z-f34e0721,MqZ2egIP5A3T0fDWIAF1,g86,401856668,1,1,Missouri State,Texas A&M,caesars,total,under,52.5,-107,True,False,2026-08-03T05:08:12.000Z,52.5,-104,2026-08-03T05:10:09.838609+00:00,0.0327,24.0,False,True,False,caesars,2026-08-03T05:08:12.000Z,0.0327,False,6d2cf3c1499a8114cd6a22cf8a0fbdf0d1bc7469e6dcc39ece304f48f25c11ec
sports_game_odds,20260803T051009Z-f34e0721,MqZ2egIP5A3T0fDWIAF1,g86,401856668,1,1,Missouri State,Texas A&M,betmgm,total,under,52.5,-105,True,False,2026-08-03T05:08:17.000Z,52.5,-105,2026-08-03T05:10:09.838609+00:00,0.0313,24.0,False,True,False,betmgm,2026-08-03T05:08:17.000Z,0.0313,False,1c163bc9b7b0d00874fb6ed8ca56033df049c329ef62b1cd3446df1878829a7a
sports_game_odds,20260803T051009Z-f34e0721,Ou2Uf8XAHMpvbsJMTirP,g93,401856669,1,1,Austin Peay,Vanderbilt,fanduel,spread,away,32.5,-110,True,False,2026-08-03T05:08:22.253Z,35.5,-115,2026-08-03T05:10:09.838609+00:00,0.0299,24.0,False,True,False,fanduel,2026-08-03T05:08:22.253Z,0.0299,False,ab8359625ed2c1236a660857a829f34b9a2280e843c5c376d2284240bcd44f91
sports_game_odds,20260803T051009Z-f34e0721,Ou2Uf8XAHMpvbsJMTirP,g93,401856669,1,1,Austin Peay,Vanderbilt,fanduel,spread,home,-32.5,-110,True,False,2026-08-03T05:08:22.253Z,-35.5,-105,2026-08-03T05:10:09.838609+00:00,0.0299,24.0,False,True,False,fanduel,2026-08-03T05:08:22.253Z,0.0299,False,4ee4f81f5035eba1073e159453eea101e49c46886b5abcfb81c335c29eacd020
sports_game_odds,20260803T051009Z-f34e0721,Ou2Uf8XAHMpvbsJMTirP,g93,401856669,1,1,Austin Peay,Vanderbilt,fanduel,total,over,60.5,-105,True,False,2026-08-03T05:08:22.253Z,61.5,-105,2026-08-03T05:10:09.838609+00:00,0.0299,24.0,False,True,False,fanduel,2026-08-03T05:08:22.253Z,0.0299,False,dfa55c2b94d3da260f15a9ab24b3175c3d95b4779e86f374177d18aa08cfc516
sports_game_odds,20260803T051009Z-f34e0721,Ou2Uf8XAHMpvbsJMTirP,g93,401856669,1,1,Austin Peay,Vanderbilt,fanduel,total,under,60.5,-115,True,False,2026-08-03T05:08:22.253Z,61.5,-115,2026-08-03T05:10:09.838609+00:00,0.0299,24.0,False,True,False,fanduel,2026-08-03T05:08:22.253Z,0.0299,False,184523e5f44ec3b89e5ed11ff3220e5933486e0c65adfb25c79017bf338b6c5c
sports_game_odds,20260803T051009Z-f34e0721,Ou2Uf8XAHMpvbsJMTirP,g93,401856669,1,1,Austin Peay,Vanderbilt,fanduel,moneyline,away,,3500,True,False,2026-08-03T05:08:22.253Z,5500.0,5500,2026-08-03T05:10:09.838609+00:00,0.0299,24.0,False,True,False,fanduel,2026-08-03T05:08:22.253Z,0.0299,False,f67eddd242f37a292900455dbfad07e464f3fcf74f7b4eaf0f4ce4d9dc987c31
sports_game_odds,20260803T051009Z-f34e0721,Ou2Uf8XAHMpvbsJMTirP,g93,401856669,1,1,Austin Peay,Vanderbilt,fanduel,moneyline,home,,-20000,True,False,2026-08-03T05:08:22.253Z,-20000.0,-20000,2026-08-03T05:10:09.838609+00:00,0.0299,24.0,False,True,False,fanduel,2026-08-03T05:08:22.253Z,0.0299,False,e050483522e3588297ffd763eed2b8cab0af3e543ed80696b0fc2b8dd65c1dce
sports_game_odds,20260803T051009Z-f34e0721,Si64bZ7darAXgp38JAFa,g87,401856770,1,1,Abilene Christian,Texas Tech,fanduel,spread,away,42.5,-112,True,False,2026-08-03T05:08:22.253Z,41.5,-105,2026-08-03T05:10:09.838609+00:00,0.0299,24.0,False,True,False,fanduel,2026-08-03T05:08:22.253Z,0.0299,False,df9ae26de0570d73519a62ccb723a6a410a5d74f50c61131da740acc0cff82c2
sports_game_odds,20260803T051009Z-f34e0721,Si64bZ7darAXgp38JAFa,g87,401856770,1,1,Abilene Christian,Texas Tech,fanduel,spread,home,-42.5,-108,True,False,2026-08-03T05:08:22.253Z,-41.5,-115,2026-08-03T05:10:09.838609+00:00,0.0299,24.0,False,True,False,fanduel,2026-08-03T05:08:22.253Z,0.0299,False,c843d9937f6a1f54ad4b1cf6c98368105f97f3b8167e64c7858f6bda8c50f8e8
sports_game_odds,20260803T051009Z-f34e0721,Si64bZ7darAXgp38JAFa,g87,401856770,1,1,Abilene Christian,Texas Tech,fanduel,total,over,58.5,-115,True,False,2026-08-03T05:08:22.253Z,55.5,-105,2026-08-03T05:10:09.838609+00:00,0.0299,24.0,False,True,False,fanduel,2026-08-03T05:08:22.253Z,0.0299,False,6c2111fff1d462c84559ce105302b60d6a840f29e766e27aa9c09bfdcbcc6248
sports_game_odds,20260803T051009Z-f34e0721,Si64bZ7darAXgp38JAFa,g87,401856770,1,1,Abilene Christian,Texas Tech,fanduel,total,under,58.5,-105,True,False,2026-08-03T05:08:22.253Z,55.5,-115,2026-08-03T05:10:09.838609+00:00,0.0299,24.0,False,True,False,fanduel,2026-08-03T05:08:22.253Z,0.0299,False,3b0d8eab7424fa0c417fdc7de9b1bdcff182c828bfacc2510e0b12a051e929c6
sports_game_odds,20260803T051009Z-f34e0721,Z91ZtMSoOLs0ejgUSkyt,g88,,1,1,Sam Houston,Troy,fanduel,spread,away,15.5,-110,True,False,2026-08-03T05:08:22.253Z,17.5,-110,2026-08-03T05:10:09.838609+00:00,0.0299,24.0,False,True,False,fanduel,2026-08-03T05:08:22.253Z,0.0299,False,0b2a4a1960cb3cc4c8b12877a5a6349af3f23426efc6f6a96df77006a25e0dbd
sports_game_odds,20260803T051009Z-f34e0721,Z91ZtMSoOLs0ejgUSkyt,g88,,1,1,Sam Houston,Troy,draftkings,spread,away,16.5,-108,True,False,2026-08-03T05:08:22.214Z,17.5,-115,2026-08-03T05:10:09.838609+00:00,0.0299,24.0,False,True,False,draftkings,2026-08-03T05:08:22.214Z,0.0299,False,9fdcc660009d426217879fe013f28770a017eb6672038b9c33bb3eec949853e4
sports_game_odds,20260803T051009Z-f34e0721,Z91ZtMSoOLs0ejgUSkyt,g88,,1,1,Sam Houston,Troy,caesars,spread,away,15.5,-105,True,False,2026-08-03T05:08:12.000Z,18.0,-109,2026-08-03T05:10:09.838609+00:00,0.0327,24.0,False,True,False,caesars,2026-08-03T05:08:12.000Z,0.0327,False,d815685aed8a40395c49be5a434d5fc65f8bd4d98d2ceb5be932e59896220a21
sports_game_odds,20260803T051009Z-f34e0721,Z91ZtMSoOLs0ejgUSkyt,g88,,1,1,Sam Houston,Troy,bovada,spread,away,16.5,-110,True,False,2026-08-03T05:08:22.000Z,17.5,-115,2026-08-03T05:10:09.838609+00:00,0.03,24.0,False,True,False,bovada,2026-08-03T05:08:22.000Z,0.03,False,b07f391103a2ec208acccdca5edd330709cada86b475fe18c74becc4ceaded65
sports_game_odds,20260803T051009Z-f34e0721,Z91ZtMSoOLs0ejgUSkyt,g88,,1,1,Sam Houston,Troy,betmgm,spread,away,16.5,-110,False,False,2026-07-26T18:52:19.000Z,17.5,-110,2026-08-03T05:10:09.838609+00:00,178.2975,24.0,True,False,False,betmgm,2026-07-26T18:52:19.000Z,178.2975,True,6f2ab6937ba138b3e49574091b2f2bdc9cb07c35fcf71bd246b1e2e960109c10
sports_game_odds,20260803T051009Z-f34e0721,Z91ZtMSoOLs0ejgUSkyt,g88,,1,1,Sam Houston,Troy,fanduel,spread,home,-15.5,-110,True,False,2026-08-03T05:08:22.253Z,-17.5,-110,2026-08-03T05:10:09.838609+00:00,0.0299,24.0,False,True,False,fanduel,2026-08-03T05:08:22.253Z,0.0299,False,746e6786c60d540c28282e97df262fdaab32c50768ae3bd34bb23715b2fd562d
sports_game_odds,20260803T051009Z-f34e0721,Z91ZtMSoOLs0ejgUSkyt,g88,,1,1,Sam Houston,Troy,draftkings,spread,home,-16.5,-112,True,False,2026-08-03T05:08:22.214Z,-17.5,-105,2026-08-03T05:10:09.838609+00:00,0.0299,24.0,False,True,False,draftkings,2026-08-03T05:08:22.214Z,0.0299,False,014818643b08b2d0c80841a5c1654ff92293a90a8a6db5002cb62df0ee7f88c8
sports_game_odds,20260803T051009Z-f34e0721,Z91ZtMSoOLs0ejgUSkyt,g88,,1,1,Sam Houston,Troy,caesars,spread,home,-15.5,-115,True,False,2026-08-03T05:08:12.000Z,-18.0,-110,2026-08-03T05:10:09.838609+00:00,0.0327,24.0,False,True,False,caesars,2026-08-03T05:08:12.000Z,0.0327,False,26fb5d81edb296208d5fc2fc9c588f3b431db4e87ebae56b258c398e69d74ca7
sports_game_odds,20260803T051009Z-f34e0721,Z91ZtMSoOLs0ejgUSkyt,g88,,1,1,Sam Houston,Troy,bovada,spread,home,-16.5,-110,True,False,2026-08-03T05:08:22.000Z,-17.5,-105,2026-08-03T05:10:09.838609+00:00,0.03,24.0,False,True,False,bovada,2026-08-03T05:08:22.000Z,0.03,False,8099a2e499eee523f369d1db920bb0822d8bfd03250e55fab74a7668cb70a893
sports_game_odds,20260803T051009Z-f34e0721,Z91ZtMSoOLs0ejgUSkyt,g88,,1,1,Sam Houston,Troy,betmgm,spread,home,-16.5,-110,False,False,2026-07-26T18:52:19.000Z,-17.5,-110,2026-08-03T05:10:09.838609+00:00,178.2975,24.0,True,False,False,betmgm,2026-07-26T18:52:19.000Z,178.2975,True,0325b42ccd129ae9fe0dde2606a07b5f938ed77bbfa899d66c5f8423ec8ba57a
sports_game_odds,20260803T051009Z-f34e0721,Z91ZtMSoOLs0ejgUSkyt,g88,,1,1,Sam Houston,Troy,fanduel,total,over,51.5,-110,True,False,2026-08-03T05:08:22.253Z,51.5,-110,2026-08-03T05:10:09.838609+00:00,0.0299,24.0,False,True,False,fanduel,2026-08-03T05:08:22.253Z,0.0299,False,9dcd27246c61a5a99043acdc2c049bbbf54630c6eef16428fec0ccb5135d3bff
sports_game_odds,20260803T051009Z-f34e0721,Z91ZtMSoOLs0ejgUSkyt,g88,,1,1,Sam Houston,Troy,draftkings,total,over,51.5,-115,True,False,2026-08-03T05:08:22.214Z,50.5,-112,2026-08-03T05:10:09.838609+00:00,0.0299,24.0,False,True,False,draftkings,2026-08-03T05:08:22.214Z,0.0299,False,166d53b64bf5a9250d085a71d3b9e9ec4775b528ae8ad2934474d539298c1135
sports_game_odds,20260803T051009Z-f34e0721,Z91ZtMSoOLs0ejgUSkyt,g88,,1,1,Sam Houston,Troy,bovada,total,over,51.5,-115,True,False,2026-08-03T05:08:22.000Z,50.5,-110,2026-08-03T05:10:09.838609+00:00,0.03,24.0,False,True,False,bovada,2026-08-03T05:08:22.000Z,0.03,False,726dda700ae24598eb6c3797b5ae706a1b64e2d2c3075e4fc7a39d31080cb00b
sports_game_odds,20260803T051009Z-f34e0721,Z91ZtMSoOLs0ejgUSkyt,g88,,1,1,Sam Houston,Troy,caesars,total,over,51.5,-109,True,False,2026-08-03T05:08:12.000Z,50.5,-113,2026-08-03T05:10:09.838609+00:00,0.0327,24.0,False,True,False,caesars,2026-08-03T05:08:12.000Z,0.0327,False,7cd52dae861b83c33e523c645cb344bdfa8fac71bc81296cbc0f2524d74d0df1
sports_game_odds,20260803T051009Z-f34e0721,Z91ZtMSoOLs0ejgUSkyt,g88,,1,1,Sam Houston,Troy,betmgm,total,over,51.5,-110,True,False,2026-08-03T05:08:17.000Z,50.5,-110,2026-08-03T05:10:09.838609+00:00,0.0313,24.0,False,True,False,betmgm,2026-08-03T05:08:17.000Z,0.0313,False,39eea2d5376a385707780cad8ccf6e33f25c3954f24961bcf4fda9dbc021016b
sports_game_odds,20260803T051009Z-f34e0721,Z91ZtMSoOLs0ejgUSkyt,g88,,1,1,Sam Houston,Troy,fanduel,total,under,51.5,-110,True,False,2026-08-03T05:08:22.253Z,51.5,-110,2026-08-03T05:10:09.838609+00:00,0.0299,24.0,False,True,False,fanduel,2026-08-03T05:08:22.253Z,0.0299,False,05d71c6b90ea900e6f4471e367dcaf81b62925e8444a0c19e8281a9da80a3776
sports_game_odds,20260803T051009Z-f34e0721,Z91ZtMSoOLs0ejgUSkyt,g88,,1,1,Sam Houston,Troy,draftkings,total,under,51.5,-105,True,False,2026-08-03T05:08:22.214Z,50.5,-108,2026-08-03T05:10:09.838609+00:00,0.0299,24.0,False,True,False,draftkings,2026-08-03T05:08:22.214Z,0.0299,False,748b803dbaaeb5bd7f935372c269cb521d409378e7e410c3f3eee28764512bc7
sports_game_odds,20260803T051009Z-f34e0721,Z91ZtMSoOLs0ejgUSkyt,g88,,1,1,Sam Houston,Troy,bovada,total,under,51.5,-105,True,False,2026-08-03T05:08:22.000Z,50.5,-110,2026-08-03T05:10:09.838609+00:00,0.03,24.0,False,True,False,bovada,2026-08-03T05:08:22.000Z,0.03,False,857318a446ab4952b77467897708f97171c48afa97410c5d85e3a6309b59870b
sports_game_odds,20260803T051009Z-f34e0721,Z91ZtMSoOLs0ejgUSkyt,g88,,1,1,Sam Houston,Troy,caesars,total,under,51.5,-110,True,False,2026-08-03T05:08:12.000Z,50.5,-107,2026-08-03T05:10:09.838609+00:00,0.0327,24.0,False,True,False,caesars,2026-08-03T05:08:12.000Z,0.0327,False,1b4f83ccdf75de573a24adc35af315db67324114b00af9561122ee25975836ac
sports_game_odds,20260803T051009Z-f34e0721,Z91ZtMSoOLs0ejgUSkyt,g88,,1,1,Sam Houston,Troy,betmgm,total,under,51.5,-110,True,False,2026-08-03T05:08:17.000Z,50.5,-110,2026-08-03T05:10:09.838609+00:00,0.0313,24.0,False,True,False,betmgm,2026-08-03T05:08:17.000Z,0.0313,False,6ce16283b377b780d9245a091b88b81595c97b60eca89b471f2397307035938f
sports_game_odds,20260803T051009Z-f34e0721,Z91ZtMSoOLs0ejgUSkyt,g88,,1,1,Sam Houston,Troy,fanduel,moneyline,away,,550,True,False,2026-08-03T05:08:22.253Z,720.0,720,2026-08-03T05:10:09.838609+00:00,0.0299,24.0,False,True,False,fanduel,2026-08-03T05:08:22.253Z,0.0299,False,fcfac4e8b6e5474d8a2f5be8fdd922bf7bc231b735c9b1e9d10e89da3c5287e3
sports_game_odds,20260803T051009Z-f34e0721,Z91ZtMSoOLs0ejgUSkyt,g88,,1,1,Sam Houston,Troy,draftkings,moneyline,away,,600,True,False,2026-08-03T05:08:22.214Z,750.0,750,2026-08-03T05:10:09.838609+00:00,0.0299,24.0,False,True,False,draftkings,2026-08-03T05:08:22.214Z,0.0299,False,5226fde6b739e07af718a5138231ba9d757347511dbb6cf6fe1e4de2bb90b1b1
sports_game_odds,20260803T051009Z-f34e0721,Z91ZtMSoOLs0ejgUSkyt,g88,,1,1,Sam Houston,Troy,caesars,moneyline,away,,575,True,False,2026-08-03T05:08:12.000Z,700.0,700,2026-08-03T05:10:09.838609+00:00,0.0327,24.0,False,True,False,caesars,2026-08-03T05:08:12.000Z,0.0327,False,ea423668aa392b3688c1c63ac329ef77c9ef955b2d0ca964975e9027e2cd9563
sports_game_odds,20260803T051009Z-f34e0721,Z91ZtMSoOLs0ejgUSkyt,g88,,1,1,Sam Houston,Troy,bovada,moneyline,away,,600,True,False,2026-08-03T05:08:22.000Z,725.0,725,2026-08-03T05:10:09.838609+00:00,0.03,24.0,False,True,False,bovada,2026-08-03T05:08:22.000Z,0.03,False,69035ce2dd38c131ac359346a90cef47e664d520bffb8458074e7ffbe556d730
sports_game_odds,20260803T051009Z-f34e0721,Z91ZtMSoOLs0ejgUSkyt,g88,,1,1,Sam Houston,Troy,betmgm,moneyline,away,,550,True,False,2026-08-03T05:08:17.000Z,550.0,550,2026-08-03T05:10:09.838609+00:00,0.0313,24.0,False,True,False,betmgm,2026-08-03T05:08:17.000Z,0.0313,False,4722c9d19c3dbeec59b586602dcf40e891047946593f65de20269292792d54e8
sports_game_odds,20260803T051009Z-f34e0721,Z91ZtMSoOLs0ejgUSkyt,g88,,1,1,Sam Houston,Troy,fanduel,moneyline,home,,-820,True,False,2026-08-03T05:08:22.253Z,-1200.0,-1200,2026-08-03T05:10:09.838609+00:00,0.0299,24.0,False,True,False,fanduel,2026-08-03T05:08:22.253Z,0.0299,False,2a724c04b84c14c3beb17f98b0a226351140fba8ad7f7af11dabf226738f31ef
sports_game_odds,20260803T051009Z-f34e0721,Z91ZtMSoOLs0ejgUSkyt,g88,,1,1,Sam Houston,Troy,draftkings,moneyline,home,,-900,True,False,2026-08-03T05:08:22.214Z,-1200.0,-1200,2026-08-03T05:10:09.838609+00:00,0.0299,24.0,False,True,False,draftkings,2026-08-03T05:08:22.214Z,0.0299,False,0d09e527f9891a800b2119011423bd3f7253e54fcf845b8fa761c288a36bd03d
sports_game_odds,20260803T051009Z-f34e0721,Z91ZtMSoOLs0ejgUSkyt,g88,,1,1,Sam Houston,Troy,caesars,moneyline,home,,-850,True,False,2026-08-03T05:08:12.000Z,-1250.0,-1250,2026-08-03T05:10:09.838609+00:00,0.0327,24.0,False,True,False,caesars,2026-08-03T05:08:12.000Z,0.0327,False,347bddbc87193c87814a33f254e6a8dde109486e5ace281225f9ed54c1871455
sports_game_odds,20260803T051009Z-f34e0721,Z91ZtMSoOLs0ejgUSkyt,g88,,1,1,Sam Houston,Troy,bovada,moneyline,home,,-950,True,False,2026-08-03T05:08:22.000Z,-1300.0,-1300,2026-08-03T05:10:09.838609+00:00,0.03,24.0,False,True,False,bovada,2026-08-03T05:08:22.000Z,0.03,False,beaafd0bed4ef9839c4afbdec803a55de429c83102ee99ef8e6cf3d354a15443
sports_game_odds,20260803T051009Z-f34e0721,Z91ZtMSoOLs0ejgUSkyt,g88,,1,1,Sam Houston,Troy,betmgm,moneyline,home,,-800,True,False,2026-08-03T05:08:17.000Z,-800.0,-800,2026-08-03T05:10:09.838609+00:00,0.0313,24.0,False,True,False,betmgm,2026-08-03T05:08:17.000Z,0.0313,False,1de62c2fb98e085fec978cb9f80f731b7a2b2928278c453d4243373a01133879
sports_game_odds,20260803T051009Z-f34e0721,bnPQwgu3S8yE9hXpuhkj,g80,401862699,1,1,Florida International,South Florida,fanduel,spread,away,12.5,-110,True,False,2026-08-03T05:08:22.253Z,11.5,-110,2026-08-03T05:10:09.838609+00:00,0.0299,24.0,False,True,False,fanduel,2026-08-03T05:08:22.253Z,0.0299,False,b2032fcc511ae5196619d8e9bd98a489aad077102b2dde80cbf36f4e9e560de2
sports_game_odds,20260803T051009Z-f34e0721,bnPQwgu3S8yE9hXpuhkj,g80,401862699,1,1,Florida International,South Florida,draftkings,spread,away,12.5,-110,True,False,2026-08-03T05:08:22.214Z,12.5,-108,2026-08-03T05:10:09.838609+00:00,0.0299,24.0,False,True,False,draftkings,2026-08-03T05:08:22.214Z,0.0299,False,417cd8849d0e2b142fac1d6e4300b7bbf3d36ce127598d9ebe09e16474154f98
sports_game_odds,20260803T051009Z-f34e0721,bnPQwgu3S8yE9hXpuhkj,g80,401862699,1,1,Florida International,South Florida,caesars,spread,away,12.5,-110,True,False,2026-08-03T05:08:12.000Z,12.5,-110,2026-08-03T05:10:09.838609+00:00,0.0327,24.0,False,True,False,caesars,2026-08-03T05:08:12.000Z,0.0327,False,aa06ba1f9489be8ba5730fb96ea32a53c9ca060a258d9a5f9ad2a4c05af5e5ee
sports_game_odds,20260803T051009Z-f34e0721,bnPQwgu3S8yE9hXpuhkj,g80,401862699,1,1,Florida International,South Florida,bovada,spread,away,12.5,-110,True,False,2026-08-03T05:08:22.000Z,12.5,-110,2026-08-03T05:10:09.838609+00:00,0.03,24.0,False,True,False,bovada,2026-08-03T05:08:22.000Z,0.03,False,f1cfcaf5a7127b7eb43e840a72f84eb08b1375051e9cc0914c0485739b58f59e
sports_game_odds,20260803T051009Z-f34e0721,bnPQwgu3S8yE9hXpuhkj,g80,401862699,1,1,Florida International,South Florida,betmgm,spread,away,12.5,-110,True,False,2026-08-03T05:08:17.000Z,12.5,-110,2026-08-03T05:10:09.838609+00:00,0.0313,24.0,False,True,False,betmgm,2026-08-03T05:08:17.000Z,0.0313,False,c6360e511f68ae073a44f996b06d8acf5bd58921e5b9adca8ed71f945b4b4de9
sports_game_odds,20260803T051009Z-f34e0721,bnPQwgu3S8yE9hXpuhkj,g80,401862699,1,1,Florida International,South Florida,fanduel,spread,home,-12.5,-110,True,False,2026-08-03T05:08:22.253Z,-11.5,-110,2026-08-03T05:10:09.838609+00:00,0.0299,24.0,False,True,False,fanduel,2026-08-03T05:08:22.253Z,0.0299,False,2d0abf0712f6c59dcf2c9130b141725ec06ac57b5c01ac0d5940ae47ed07cb3d
sports_game_odds,20260803T051009Z-f34e0721,bnPQwgu3S8yE9hXpuhkj,g80,401862699,1,1,Florida International,South Florida,draftkings,spread,home,-12.5,-110,True,False,2026-08-03T05:08:22.214Z,-12.5,-112,2026-08-03T05:10:09.838609+00:00,0.0299,24.0,False,True,False,draftkings,2026-08-03T05:08:22.214Z,0.0299,False,91391c35531109742369b31ba8118106e9ccc55abf27681eabd8c13de4403d4e
sports_game_odds,20260803T051009Z-f34e0721,bnPQwgu3S8yE9hXpuhkj,g80,401862699,1,1,Florida International,South Florida,caesars,spread,home,-12.5,-110,True,False,2026-08-03T05:08:12.000Z,-12.5,-110,2026-08-03T05:10:09.838609+00:00,0.0327,24.0,False,True,False,caesars,2026-08-03T05:08:12.000Z,0.0327,False,fd1021e7fd447aab1bce449454ba237d2d03eb56de36d21660f89761ed24af1b
sports_game_odds,20260803T051009Z-f34e0721,bnPQwgu3S8yE9hXpuhkj,g80,401862699,1,1,Florida International,South Florida,bovada,spread,home,-12.5,-110,True,False,2026-08-03T05:08:22.000Z,-12.5,-110,2026-08-03T05:10:09.838609+00:00,0.03,24.0,False,True,False,bovada,2026-08-03T05:08:22.000Z,0.03,False,17f3c228d46df651b5d9ff65140456f78a8995a362bb9af56b06a911efb70279
sports_game_odds,20260803T051009Z-f34e0721,bnPQwgu3S8yE9hXpuhkj,g80,401862699,1,1,Florida International,South Florida,betmgm,spread,home,-12.5,-110,True,False,2026-08-03T05:08:17.000Z,-12.5,-110,2026-08-03T05:10:09.838609+00:00,0.0313,24.0,False,True,False,betmgm,2026-08-03T05:08:17.000Z,0.0313,False,55f749eec583a813ed84a7b17b6b3dacd1378d8ca2b4c5fea972856a87679e75
sports_game_odds,20260803T051009Z-f34e0721,bnPQwgu3S8yE9hXpuhkj,g80,401862699,1,1,Florida International,South Florida,fanduel,total,over,54.5,-112,True,False,2026-08-03T05:08:22.253Z,55.5,-105,2026-08-03T05:10:09.838609+00:00,0.0299,24.0,False,True,False,fanduel,2026-08-03T05:08:22.253Z,0.0299,False,a323ce405e7d233662d5d3869d9f1180166bc5e4e0b60080f861d640d8da8667
sports_game_odds,20260803T051009Z-f34e0721,bnPQwgu3S8yE9hXpuhkj,g80,401862699,1,1,Florida International,South Florida,draftkings,total,over,54.5,-112,True,False,2026-08-03T05:08:22.214Z,54.5,-108,2026-08-03T05:10:09.838609+00:00,0.0299,24.0,False,True,False,draftkings,2026-08-03T05:08:22.214Z,0.0299,False,7fb8e09ff4b2700e0716e66dfc1fb4d46b219d8e0d62051f1d2dc3a5474e8b0b
sports_game_odds,20260803T051009Z-f34e0721,bnPQwgu3S8yE9hXpuhkj,g80,401862699,1,1,Florida International,South Florida,bovada,total,over,54.5,-110,True,False,2026-08-03T05:08:22.000Z,54.5,-110,2026-08-03T05:10:09.838609+00:00,0.03,24.0,False,True,False,bovada,2026-08-03T05:08:22.000Z,0.03,False,da2ccb4b827a2008d9ead67590d5d8e159af845ed56fb28f89cb99df232cc729
sports_game_odds,20260803T051009Z-f34e0721,bnPQwgu3S8yE9hXpuhkj,g80,401862699,1,1,Florida International,South Florida,caesars,total,over,54.5,-113,True,False,2026-08-03T05:08:12.000Z,54.5,-110,2026-08-03T05:10:09.838609+00:00,0.0327,24.0,False,True,False,caesars,2026-08-03T05:08:12.000Z,0.0327,False,6381bd823cdf0cbe94ddccca658fe77f10c1e302fdb09e0a11cadd7a6b66e3df
sports_game_odds,20260803T051009Z-f34e0721,bnPQwgu3S8yE9hXpuhkj,g80,401862699,1,1,Florida International,South Florida,betmgm,total,over,54.5,-110,True,False,2026-08-03T05:08:17.000Z,54.5,-110,2026-08-03T05:10:09.838609+00:00,0.0313,24.0,False,True,False,betmgm,2026-08-03T05:08:17.000Z,0.0313,False,f88aaeadec322d408c391ab820e4e12b1064413f80df1bd99dfb05c35254d8cc
sports_game_odds,20260803T051009Z-f34e0721,bnPQwgu3S8yE9hXpuhkj,g80,401862699,1,1,Florida International,South Florida,fanduel,total,under,54.5,-108,True,False,2026-08-03T05:08:22.253Z,55.5,-115,2026-08-03T05:10:09.838609+00:00,0.0299,24.0,False,True,False,fanduel,2026-08-03T05:08:22.253Z,0.0299,False,e790a6c5aca2554fa3516f4253281b7355e973976af9b98af88bae90333151c5
sports_game_odds,20260803T051009Z-f34e0721,bnPQwgu3S8yE9hXpuhkj,g80,401862699,1,1,Florida International,South Florida,draftkings,total,under,54.5,-108,True,False,2026-08-03T05:08:22.214Z,54.5,-112,2026-08-03T05:10:09.838609+00:00,0.0299,24.0,False,True,False,draftkings,2026-08-03T05:08:22.214Z,0.0299,False,74e93a088ca421e4dd4bf531b2dd28b67104d20318d13406968128b736433722
sports_game_odds,20260803T051009Z-f34e0721,bnPQwgu3S8yE9hXpuhkj,g80,401862699,1,1,Florida International,South Florida,bovada,total,under,54.5,-110,True,False,2026-08-03T05:08:22.000Z,54.5,-110,2026-08-03T05:10:09.838609+00:00,0.03,24.0,False,True,False,bovada,2026-08-03T05:08:22.000Z,0.03,False,a371be4a73bce9bbeaff82dff9bad1f9239249c81510074974173b814b38a204
sports_game_odds,20260803T051009Z-f34e0721,bnPQwgu3S8yE9hXpuhkj,g80,401862699,1,1,Florida International,South Florida,caesars,total,under,54.5,-107,True,False,2026-08-03T05:08:12.000Z,54.5,-110,2026-08-03T05:10:09.838609+00:00,0.0327,24.0,False,True,False,caesars,2026-08-03T05:08:12.000Z,0.0327,False,2f15b7fb0b02d995cb48d12f887f175398aa00bfecc971c8d336ee4635c6c8f0
sports_game_odds,20260803T051009Z-f34e0721,bnPQwgu3S8yE9hXpuhkj,g80,401862699,1,1,Florida International,South Florida,betmgm,total,under,54.5,-110,True,False,2026-08-03T05:08:17.000Z,54.5,-110,2026-08-03T05:10:09.838609+00:00,0.0313,24.0,False,True,False,betmgm,2026-08-03T05:08:17.000Z,0.0313,False,32d5568c4ce7239bcc9617a3da723b20397e0662204a98c0610359b49e38858d
sports_game_odds,20260803T051009Z-f34e0721,bnPQwgu3S8yE9hXpuhkj,g80,401862699,1,1,Florida International,South Florida,fanduel,moneyline,away,,385,True,False,2026-08-03T05:08:22.253Z,350.0,350,2026-08-03T05:10:09.838609+00:00,0.0299,24.0,False,True,False,fanduel,2026-08-03T05:08:22.253Z,0.0299,False,8e25ab0729fde91f6b930d775e510638f233712e1eb54bcaed898c1eef700f29
sports_game_odds,20260803T051009Z-f34e0721,bnPQwgu3S8yE9hXpuhkj,g80,401862699,1,1,Florida International,South Florida,draftkings,moneyline,away,,360,True,False,2026-08-03T05:08:22.214Z,340.0,340,2026-08-03T05:10:09.838609+00:00,0.0299,24.0,False,True,False,draftkings,2026-08-03T05:08:22.214Z,0.0299,False,1be422deabe3469365c2768cf0f4d780719b8bc34f5130b1ee56ba580e0d435e
sports_game_odds,20260803T051009Z-f34e0721,bnPQwgu3S8yE9hXpuhkj,g80,401862699,1,1,Florida International,South Florida,caesars,moneyline,away,,360,True,False,2026-08-03T05:08:12.000Z,350.0,350,2026-08-03T05:10:09.838609+00:00,0.0327,24.0,False,True,False,caesars,2026-08-03T05:08:12.000Z,0.0327,False,4487ed91d834f62053af39af3235f97d473c802a04774480de409ffdf9479866
sports_game_odds,20260803T051009Z-f34e0721,bnPQwgu3S8yE9hXpuhkj,g80,401862699,1,1,Florida International,South Florida,bovada,moneyline,away,,355,True,False,2026-08-03T05:08:22.000Z,340.0,340,2026-08-03T05:10:09.838609+00:00,0.03,24.0,False,True,False,bovada,2026-08-03T05:08:22.000Z,0.03,False,81cf22da6bd0573074188fe81b125170cc908d9f1b324608208ac4f8dc0591ce
sports_game_odds,20260803T051009Z-f34e0721,bnPQwgu3S8yE9hXpuhkj,g80,401862699,1,1,Florida International,South Florida,betmgm,moneyline,away,,400,True,False,2026-08-03T05:08:17.000Z,400.0,400,2026-08-03T05:10:09.838609+00:00,0.0313,24.0,False,True,False,betmgm,2026-08-03T05:08:17.000Z,0.0313,False,caf155bc877166d137541bb1f06bdfe97fdf24a7955b30a4bbf70c7977685232
sports_game_odds,20260803T051009Z-f34e0721,bnPQwgu3S8yE9hXpuhkj,g80,401862699,1,1,Florida International,South Florida,fanduel,moneyline,home,,-520,True,False,2026-08-03T05:08:22.253Z,-465.0,-465,2026-08-03T05:10:09.838609+00:00,0.0299,24.0,False,True,False,fanduel,2026-08-03T05:08:22.253Z,0.0299,False,0020fd0b7aa17b145aa5adcc3f750947202e3fc46c2fcfe7cd3208760cd26bc5
sports_game_odds,20260803T051009Z-f34e0721,bnPQwgu3S8yE9hXpuhkj,g80,401862699,1,1,Florida International,South Florida,draftkings,moneyline,home,,-470,True,False,2026-08-03T05:08:22.214Z,-440.0,-440,2026-08-03T05:10:09.838609+00:00,0.0299,24.0,False,True,False,draftkings,2026-08-03T05:08:22.214Z,0.0299,False,5a6701185e9a9d99500fc67c5b54074e9883317ac8cf3ee2abba20cba5da515e
sports_game_odds,20260803T051009Z-f34e0721,bnPQwgu3S8yE9hXpuhkj,g80,401862699,1,1,Florida International,South Florida,caesars,moneyline,home,,-460,True,False,2026-08-03T05:08:12.000Z,-460.0,-460,2026-08-03T05:10:09.838609+00:00,0.0327,24.0,False,True,False,caesars,2026-08-03T05:08:12.000Z,0.0327,False,80792a9e35465d7233f8f630f2b64d40b902571d3916b1f4143d18fe32fdf5d2
sports_game_odds,20260803T051009Z-f34e0721,bnPQwgu3S8yE9hXpuhkj,g80,401862699,1,1,Florida International,South Florida,bovada,moneyline,home,,-490,True,False,2026-08-03T05:08:22.000Z,-460.0,-460,2026-08-03T05:10:09.838609+00:00,0.03,24.0,False,True,False,bovada,2026-08-03T05:08:22.000Z,0.03,False,1928a3e63d2a9745086f6b724ff2c4463943a1881730b0d7941909d5199cfecb
sports_game_odds,20260803T051009Z-f34e0721,bnPQwgu3S8yE9hXpuhkj,g80,401862699,1,1,Florida International,South Florida,betmgm,moneyline,home,,-550,True,False,2026-08-03T05:08:17.000Z,-550.0,-550,2026-08-03T05:10:09.838609+00:00,0.0313,24.0,False,True,False,betmgm,2026-08-03T05:08:17.000Z,0.0313,False,e9bafcb9ad225381c4e766741660d075aaef3e40e910501b34176be72d5b75cf
sports_game_odds,20260803T051009Z-f34e0721,f8abigiP87CWvmwp9f1w,g41,401868170,1,1,Charleston So.,Georgia Southern,fanduel,spread,away,27.5,-112,True,False,2026-08-03T05:08:22.253Z,26.5,-110,2026-08-03T05:10:09.838609+00:00,0.0299,24.0,False,True,False,fanduel,2026-08-03T05:08:22.253Z,0.0299,False,c492fb9f619f4458476006a03757836f9dc562faaeac1a7142069b2fb2e9e7cd
sports_game_odds,20260803T051009Z-f34e0721,f8abigiP87CWvmwp9f1w,g41,401868170,1,1,Charleston So.,Georgia Southern,fanduel,spread,home,-27.5,-108,True,False,2026-08-03T05:08:22.253Z,-26.5,-110,2026-08-03T05:10:09.838609+00:00,0.0299,24.0,False,True,False,fanduel,2026-08-03T05:08:22.253Z,0.0299,False,665ae4c2ea99e96ee7a0d7d06eb366c203a193773b1f2a0bcad05cdcef6a1298
sports_game_odds,20260803T051009Z-f34e0721,f8abigiP87CWvmwp9f1w,g41,401868170,1,1,Charleston So.,Georgia Southern,fanduel,total,over,52.5,-115,True,False,2026-08-03T05:08:22.253Z,52.5,-110,2026-08-03T05:10:09.838609+00:00,0.0299,24.0,False,True,False,fanduel,2026-08-03T05:08:22.253Z,0.0299,False,cab5ece0b3cdd4f1275a11ee7a3a720a8760cc56abcadc0d92b8ec7c426645fc
sports_game_odds,20260803T051009Z-f34e0721,f8abigiP87CWvmwp9f1w,g41,401868170,1,1,Charleston So.,Georgia Southern,fanduel,total,under,52.5,-105,True,False,2026-08-03T05:08:22.253Z,52.5,-110,2026-08-03T05:10:09.838609+00:00,0.0299,24.0,False,True,False,fanduel,2026-08-03T05:08:22.253Z,0.0299,False,51ab9d95a709d90daa5dd7ebc568d28674427633dfb616960371b32bd39f0a95
sports_game_odds,20260803T051009Z-f34e0721,f8abigiP87CWvmwp9f1w,g41,401868170,1,1,Charleston So.,Georgia Southern,fanduel,moneyline,away,,2000,True,False,2026-08-03T05:08:22.253Z,1600.0,1600,2026-08-03T05:10:09.838609+00:00,0.0299,24.0,False,True,False,fanduel,2026-08-03T05:08:22.253Z,0.0299,False,830dccf71218a2ebdb73f5da4f0cfd2c68117ee571ce04f8612597396ebd1954
sports_game_odds,20260803T051009Z-f34e0721,f8abigiP87CWvmwp9f1w,g41,401868170,1,1,Charleston So.,Georgia Southern,fanduel,moneyline,home,,-7000,True,False,2026-08-03T05:08:22.253Z,-4500.0,-4500,2026-08-03T05:10:09.838609+00:00,0.0299,24.0,False,True,False,fanduel,2026-08-03T05:08:22.253Z,0.0299,False,387eb5e95dd8b04659f993defb2ad9ccb7b9fa6572f401ec4f5fa47a1e168c98
sports_game_odds,20260803T051009Z-f34e0721,j9jd8VUR9a9nePUknLKU,g50,401856771,1,1,Nicholls,Kansas State,fanduel,spread,away,42.5,-110,True,False,2026-08-03T05:08:22.253Z,41.5,-110,2026-08-03T05:10:09.838609+00:00,0.0299,24.0,False,True,False,fanduel,2026-08-03T05:08:22.253Z,0.0299,False,d52174e754c8455d3f8e265e9952c3ff8aefec3a2adc2f2c34d30650bd1c3ec2
sports_game_odds,20260803T051009Z-f34e0721,j9jd8VUR9a9nePUknLKU,g50,401856771,1,1,Nicholls,Kansas State,fanduel,spread,home,-42.5,-110,True,False,2026-08-03T05:08:22.253Z,-41.5,-110,2026-08-03T05:10:09.838609+00:00,0.0299,24.0,False,True,False,fanduel,2026-08-03T05:08:22.253Z,0.0299,False,4cbbe99d91a6bf734176d5ddf79c26b1dc7872109f5a1fa83a9ca39a4cd63b09
sports_game_odds,20260803T051009Z-f34e0721,j9jd8VUR9a9nePUknLKU,g50,401856771,1,1,Nicholls,Kansas State,fanduel,total,over,54.5,-110,True,False,2026-08-03T05:08:22.253Z,52.5,-115,2026-08-03T05:10:09.838609+00:00,0.0299,24.0,False,True,False,fanduel,2026-08-03T05:08:22.253Z,0.0299,False,5c41c8ba8c63ef5f7cde0e752b44f3bab3d1496e3f0315fdbcf334e27c77bf1b
sports_game_odds,20260803T051009Z-f34e0721,j9jd8VUR9a9nePUknLKU,g50,401856771,1,1,Nicholls,Kansas State,fanduel,total,under,54.5,-110,True,False,2026-08-03T05:08:22.253Z,52.5,-105,2026-08-03T05:10:09.838609+00:00,0.0299,24.0,False,True,False,fanduel,2026-08-03T05:08:22.253Z,0.0299,False,b6a2be0a69a08d1f125e6f81592b40438c869ce79f7e92f16b7589b6cc56877c
sports_game_odds,20260803T051009Z-f34e0721,4rH1jk14I7IrvagNrLvq,g54,401869129,1,1,Northwestern State,Louisiana Tech,fanduel,spread,away,42.5,-110,True,False,2026-08-03T05:08:17.000Z,40.5,-110,2026-08-03T05:10:09.838609+00:00,0.0313,24.0,False,True,False,fanduel,2026-08-03T05:08:17.000Z,0.0313,False,4c8783cb9c5812c9c70c1afa6beb874f7fe845e591e5ca9d3e6d8fc071cfe086
sports_game_odds,20260803T051009Z-f34e0721,4rH1jk14I7IrvagNrLvq,g54,401869129,1,1,Northwestern State,Louisiana Tech,fanduel,spread,home,-42.5,-110,True,False,2026-08-03T05:08:17.000Z,-40.5,-110,2026-08-03T05:10:09.838609+00:00,0.0313,24.0,False,True,False,fanduel,2026-08-03T05:08:17.000Z,0.0313,False,9ffa21e40631cf880ad18627fa564e2c60ec44df40861b5e30efac7a6f483aad
sports_game_odds,20260803T051009Z-f34e0721,4rH1jk14I7IrvagNrLvq,g54,401869129,1,1,Northwestern State,Louisiana Tech,fanduel,total,over,53.5,-115,True,False,2026-08-03T05:08:17.000Z,51.5,-110,2026-08-03T05:10:09.838609+00:00,0.0313,24.0,False,True,False,fanduel,2026-08-03T05:08:17.000Z,0.0313,False,4a021e1ca2bb87bc23b6c23f959e6d5d92e49d46fca2184af3b8de1f455ae1d8
sports_game_odds,20260803T051009Z-f34e0721,4rH1jk14I7IrvagNrLvq,g54,401869129,1,1,Northwestern State,Louisiana Tech,fanduel,total,under,53.5,-105,True,False,2026-08-03T05:08:17.000Z,51.5,-110,2026-08-03T05:10:09.838609+00:00,0.0313,24.0,False,True,False,fanduel,2026-08-03T05:08:17.000Z,0.0313,False,f0e526f6067c80bcb28a3da3abc69b03860ae92e48c783256ee7c246cd11636b
sports_game_odds,20260803T051009Z-f34e0721,TJ6DlzmPVDrSBTfxxVmG,g57,401858428,1,1,Western Michigan,Michigan,fanduel,spread,away,26.5,-105,True,False,2026-08-03T05:08:22.253Z,25.5,-108,2026-08-03T05:10:09.838609+00:00,0.0299,24.0,False,True,False,fanduel,2026-08-03T05:08:22.253Z,0.0299,False,701902952e08dc02547eb011f3773cc1cd6b89b30baef5ae00c2296e93236885
sports_game_odds,20260803T051009Z-f34e0721,TJ6DlzmPVDrSBTfxxVmG,g57,401858428,1,1,Western Michigan,Michigan,draftkings,spread,away,26.5,-108,True,False,2026-08-03T05:08:22.214Z,26.5,-108,2026-08-03T05:10:09.838609+00:00,0.0299,24.0,False,True,False,draftkings,2026-08-03T05:08:22.214Z,0.0299,False,37a715fa59ee46954af2788cfe2d98b8191d4687eeaca4ab5a74c2cbf467d6d1
sports_game_odds,20260803T051009Z-f34e0721,TJ6DlzmPVDrSBTfxxVmG,g57,401858428,1,1,Western Michigan,Michigan,caesars,spread,away,26.5,-107,True,False,2026-08-03T05:08:12.000Z,26.5,-110,2026-08-03T05:10:09.838609+00:00,0.0327,24.0,False,True,False,caesars,2026-08-03T05:08:12.000Z,0.0327,False,5addf09f7f7dc5e62605c88638f424f0105fb5464f00e9f693f614a49f8da5ab
sports_game_odds,20260803T051009Z-f34e0721,TJ6DlzmPVDrSBTfxxVmG,g57,401858428,1,1,Western Michigan,Michigan,bovada,spread,away,26.5,-110,True,False,2026-08-03T05:08:22.000Z,26.5,-110,2026-08-03T05:10:09.838609+00:00,0.03,24.0,False,True,False,bovada,2026-08-03T05:08:22.000Z,0.03,False,1b60581eb058aa09412b7fdfb74219a547ff043f577279fc12ee0558f29589b4
sports_game_odds,20260803T051009Z-f34e0721,TJ6DlzmPVDrSBTfxxVmG,g57,401858428,1,1,Western Michigan,Michigan,betmgm,spread,away,26.5,-110,True,False,2026-08-03T05:08:17.000Z,26.5,-110,2026-08-03T05:10:09.838609+00:00,0.0313,24.0,False,True,False,betmgm,2026-08-03T05:08:17.000Z,0.0313,False,5bdf5906d1cc37a772cddd1e864d98a0acec034628ff23c84f987a1cc5f48735
sports_game_odds,20260803T051009Z-f34e0721,TJ6DlzmPVDrSBTfxxVmG,g57,401858428,1,1,Western Michigan,Michigan,fanduel,spread,home,-26.5,-115,True,False,2026-08-03T05:08:22.253Z,-25.5,-112,2026-08-03T05:10:09.838609+00:00,0.0299,24.0,False,True,False,fanduel,2026-08-03T05:08:22.253Z,0.0299,False,d200c5012564b4198c46e8303e218a7854c720c33518569be9e476d82574f9e6
sports_game_odds,20260803T051009Z-f34e0721,TJ6DlzmPVDrSBTfxxVmG,g57,401858428,1,1,Western Michigan,Michigan,draftkings,spread,home,-26.5,-112,True,False,2026-08-03T05:08:22.214Z,-26.5,-112,2026-08-03T05:10:09.838609+00:00,0.0299,24.0,False,True,False,draftkings,2026-08-03T05:08:22.214Z,0.0299,False,0e36c863dd0e820935db69d1f5e026484eeb494da46d852254c717885c66d4ef
sports_game_odds,20260803T051009Z-f34e0721,TJ6DlzmPVDrSBTfxxVmG,g57,401858428,1,1,Western Michigan,Michigan,caesars,spread,home,-26.5,-113,True,False,2026-08-03T05:08:12.000Z,-26.5,-109,2026-08-03T05:10:09.838609+00:00,0.0327,24.0,False,True,False,caesars,2026-08-03T05:08:12.000Z,0.0327,False,07c62c10ec748b914d5ab06faad538bbe3577103907a9edfa9609d109cf86623
sports_game_odds,20260803T051009Z-f34e0721,TJ6DlzmPVDrSBTfxxVmG,g57,401858428,1,1,Western Michigan,Michigan,bovada,spread,home,-26.5,-110,True,False,2026-08-03T05:08:22.000Z,-26.5,-110,2026-08-03T05:10:09.838609+00:00,0.03,24.0,False,True,False,bovada,2026-08-03T05:08:22.000Z,0.03,False,295e10bd36b38a2e9a48a080d0d4200dc6fac9b51777e57e55175d8a4e57d97a
sports_game_odds,20260803T051009Z-f34e0721,TJ6DlzmPVDrSBTfxxVmG,g57,401858428,1,1,Western Michigan,Michigan,betmgm,spread,home,-26.5,-110,True,False,2026-08-03T05:08:17.000Z,-26.5,-110,2026-08-03T05:10:09.838609+00:00,0.0313,24.0,False,True,False,betmgm,2026-08-03T05:08:17.000Z,0.0313,False,0d1d3b80e63462508492ffee984c09eda3e1ff61e0acce0d988e9fa223573bdd
sports_game_odds,20260803T051009Z-f34e0721,TJ6DlzmPVDrSBTfxxVmG,g57,401858428,1,1,Western Michigan,Michigan,fanduel,total,over,46.5,-115,True,False,2026-08-03T05:08:22.253Z,46.5,-115,2026-08-03T05:10:09.838609+00:00,0.0299,24.0,False,True,False,fanduel,2026-08-03T05:08:22.253Z,0.0299,False,b1526693604526762e8f68d6d2f14cf750eeb81a548dc9c0cbc64e48562b7280
sports_game_odds,20260803T051009Z-f34e0721,TJ6DlzmPVDrSBTfxxVmG,g57,401858428,1,1,Western Michigan,Michigan,draftkings,total,over,47.5,-110,True,False,2026-08-03T05:08:22.214Z,47.5,-115,2026-08-03T05:10:09.838609+00:00,0.0299,24.0,False,True,False,draftkings,2026-08-03T05:08:22.214Z,0.0299,False,3867ba47173d3f0d36ea95abb4a6e57ecc598ad95d2dd6d2ab61ba646e7cebf3
sports_game_odds,20260803T051009Z-f34e0721,TJ6DlzmPVDrSBTfxxVmG,g57,401858428,1,1,Western Michigan,Michigan,bovada,total,over,47.5,-110,True,False,2026-08-03T05:08:22.000Z,47.5,-115,2026-08-03T05:10:09.838609+00:00,0.03,24.0,False,True,False,bovada,2026-08-03T05:08:22.000Z,0.03,False,c3478373589deaf862dda7f5e72c8b8086a5557da086356cc70839ff1e7c96db
sports_game_odds,20260803T051009Z-f34e0721,TJ6DlzmPVDrSBTfxxVmG,g57,401858428,1,1,Western Michigan,Michigan,caesars,total,over,47.5,-110,True,False,2026-08-03T05:08:12.000Z,47.5,-114,2026-08-03T05:10:09.838609+00:00,0.0327,24.0,False,True,False,caesars,2026-08-03T05:08:12.000Z,0.0327,False,2981bbf3fdfcbf5bc90197326fa266165336e58ccfe0bdea656ba7c4d919658a
sports_game_odds,20260803T051009Z-f34e0721,TJ6DlzmPVDrSBTfxxVmG,g57,401858428,1,1,Western Michigan,Michigan,betmgm,total,over,47.5,-110,True,False,2026-08-03T05:08:17.000Z,47.5,-110,2026-08-03T05:10:09.838609+00:00,0.0313,24.0,False,True,False,betmgm,2026-08-03T05:08:17.000Z,0.0313,False,7208313d3a57b33f5d46d32763d229a10b064cddbfba029df250fd91d7b28c47
sports_game_odds,20260803T051009Z-f34e0721,TJ6DlzmPVDrSBTfxxVmG,g57,401858428,1,1,Western Michigan,Michigan,fanduel,total,under,46.5,-105,True,False,2026-08-03T05:08:22.253Z,46.5,-105,2026-08-03T05:10:09.838609+00:00,0.0299,24.0,False,True,False,fanduel,2026-08-03T05:08:22.253Z,0.0299,False,df1c354fbea1bdb842779a1c60b6958901649a5650657a1246e42ec40fc3f137
sports_game_odds,20260803T051009Z-f34e0721,TJ6DlzmPVDrSBTfxxVmG,g57,401858428,1,1,Western Michigan,Michigan,draftkings,total,under,47.5,-110,True,False,2026-08-03T05:08:22.214Z,47.5,-105,2026-08-03T05:10:09.838609+00:00,0.0299,24.0,False,True,False,draftkings,2026-08-03T05:08:22.214Z,0.0299,False,f477ebeee3089f7a111b37e9e9264fd0198750abc3473cdddde44a03b8f0c690
sports_game_odds,20260803T051009Z-f34e0721,TJ6DlzmPVDrSBTfxxVmG,g57,401858428,1,1,Western Michigan,Michigan,bovada,total,under,47.5,-110,True,False,2026-08-03T05:08:22.000Z,47.5,-105,2026-08-03T05:10:09.838609+00:00,0.03,24.0,False,True,False,bovada,2026-08-03T05:08:22.000Z,0.03,False,659e5c3a27efc6eb07709b1bfe24d4f6eb47f3b961ec905b1b811df347695b5c
sports_game_odds,20260803T051009Z-f34e0721,TJ6DlzmPVDrSBTfxxVmG,g57,401858428,1,1,Western Michigan,Michigan,caesars,total,under,47.5,-110,True,False,2026-08-03T05:08:12.000Z,47.5,-107,2026-08-03T05:10:09.838609+00:00,0.0327,24.0,False,True,False,caesars,2026-08-03T05:08:12.000Z,0.0327,False,f012b5de67848be6e7dc4b7537686fe6f9afa3e4688d2af92702bd39ea7c0c6e
sports_game_odds,20260803T051009Z-f34e0721,TJ6DlzmPVDrSBTfxxVmG,g57,401858428,1,1,Western Michigan,Michigan,betmgm,total,under,47.5,-110,True,False,2026-08-03T05:08:17.000Z,47.5,-110,2026-08-03T05:10:09.838609+00:00,0.0313,24.0,False,True,False,betmgm,2026-08-03T05:08:17.000Z,0.0313,False,d7b1df57bba75f642d49109e88a1bb6dd8e0c1df57fc85763d8757b2c03288df
sports_game_odds,20260803T051009Z-f34e0721,TJ6DlzmPVDrSBTfxxVmG,g57,401858428,1,1,Western Michigan,Michigan,fanduel,moneyline,away,,2000,True,False,2026-08-03T05:08:22.253Z,2000.0,2000,2026-08-03T05:10:09.838609+00:00,0.0299,24.0,False,True,False,fanduel,2026-08-03T05:08:22.253Z,0.0299,False,0d8a14145702a4a9da326843c4b45bef559943ab73c18fba564c372292d1d3b1
sports_game_odds,20260803T051009Z-f34e0721,TJ6DlzmPVDrSBTfxxVmG,g57,401858428,1,1,Western Michigan,Michigan,draftkings,moneyline,away,,2000,True,False,2026-08-03T05:08:22.214Z,2000.0,2000,2026-08-03T05:10:09.838609+00:00,0.0299,24.0,False,True,False,draftkings,2026-08-03T05:08:22.214Z,0.0299,False,d5f3b32b89d76f80baf202bfd4ed05876902f6a27252ba689fffacffc8904038
sports_game_odds,20260803T051009Z-f34e0721,TJ6DlzmPVDrSBTfxxVmG,g57,401858428,1,1,Western Michigan,Michigan,bovada,moneyline,away,,2000,True,False,2026-08-03T05:08:04.700Z,2000.0,2000,2026-08-03T05:10:09.838609+00:00,0.0348,24.0,False,True,False,bovada,2026-08-03T05:08:04.700Z,0.0348,False,8ff4fca40d65ebce915a9ea60b3caa1e00da888ee2c326b3bebef61bee0e73f0
sports_game_odds,20260803T051009Z-f34e0721,TJ6DlzmPVDrSBTfxxVmG,g57,401858428,1,1,Western Michigan,Michigan,caesars,moneyline,away,,1750,True,False,2026-08-03T05:08:12.000Z,1700.0,1700,2026-08-03T05:10:09.838609+00:00,0.0327,24.0,False,True,False,caesars,2026-08-03T05:08:12.000Z,0.0327,False,413e4b30c60f006a976b08441e8e2220cd56532385c8c1ce2eeb104bd1a870f2
sports_game_odds,20260803T051009Z-f34e0721,TJ6DlzmPVDrSBTfxxVmG,g57,401858428,1,1,Western Michigan,Michigan,betmgm,moneyline,away,,1800,True,False,2026-08-03T05:08:17.000Z,1800.0,1800,2026-08-03T05:10:09.838609+00:00,0.0313,24.0,False,True,False,betmgm,2026-08-03T05:08:17.000Z,0.0313,False,190f0a69ac3927f7ffa92ffe58f41deadd7145e7000ea71eeb0b87cde4589876
sports_game_odds,20260803T051009Z-f34e0721,TJ6DlzmPVDrSBTfxxVmG,g57,401858428,1,1,Western Michigan,Michigan,fanduel,moneyline,home,,-7000,True,False,2026-08-03T05:08:22.253Z,-7000.0,-7000,2026-08-03T05:10:09.838609+00:00,0.0299,24.0,False,True,False,fanduel,2026-08-03T05:08:22.253Z,0.0299,False,129603c43c5b9e94827f2f40327bd5245df950dbf50c13ca1a1e36b203f6f5b1
sports_game_odds,20260803T051009Z-f34e0721,TJ6DlzmPVDrSBTfxxVmG,g57,401858428,1,1,Western Michigan,Michigan,draftkings,moneyline,home,,-6500,True,False,2026-08-03T05:08:22.214Z,-6500.0,-6500,2026-08-03T05:10:09.838609+00:00,0.0299,24.0,False,True,False,draftkings,2026-08-03T05:08:22.214Z,0.0299,False,004a90bf52a6ac99f1e8128b688d5f9bbdc60bc460b38f4b821bebdb9b3cc7d9
sports_game_odds,20260803T051009Z-f34e0721,TJ6DlzmPVDrSBTfxxVmG,g57,401858428,1,1,Western Michigan,Michigan,caesars,moneyline,home,,-10000,True,False,2026-08-03T05:08:12.000Z,-10000.0,-10000,2026-08-03T05:10:09.838609+00:00,0.0327,24.0,False,True,False,caesars,2026-08-03T05:08:12.000Z,0.0327,False,6463cb5945ba05845677226adc8ceefb467d7237f1d95187ef5d52039e36f95a
sports_game_odds,20260803T051009Z-f34e0721,TJ6DlzmPVDrSBTfxxVmG,g57,401858428,1,1,Western Michigan,Michigan,betmgm,moneyline,home,,-10000,True,False,2026-08-03T05:08:17.000Z,-10000.0,-10000,2026-08-03T05:10:09.838609+00:00,0.0313,24.0,False,True,False,betmgm,2026-08-03T05:08:17.000Z,0.0313,False,50f41cc7c30edee433da2cbc500c7e740fec5a6fea8f4b2e474b188c594e06b1
sports_game_odds,20260803T051009Z-f34e0721,iRUQMY8AVHv7mJi5tHaF,g94,401858211,1,1,VMI,Virginia Tech,fanduel,spread,away,51.5,-105,True,False,2026-08-03T05:08:22.253Z,47.5,-108,2026-08-03T05:10:09.838609+00:00,0.0299,24.0,False,True,False,fanduel,2026-08-03T05:08:22.253Z,0.0299,False,09bc5b3b50d22eac9357455bb7b59175acc3f15fa3cf5adc1f3629d29fe70a25
sports_game_odds,20260803T051009Z-f34e0721,iRUQMY8AVHv7mJi5tHaF,g94,401858211,1,1,VMI,Virginia Tech,fanduel,spread,home,-51.5,-115,True,False,2026-08-03T05:08:22.253Z,-47.5,-112,2026-08-03T05:10:09.838609+00:00,0.0299,24.0,False,True,False,fanduel,2026-08-03T05:08:22.253Z,0.0299,False,fa2ac0f4e21293a7d7533aa9d1c74c6da2235d98928f0d71b9f6b777cbb1f8ae
sports_game_odds,20260803T051009Z-f34e0721,iRUQMY8AVHv7mJi5tHaF,g94,401858211,1,1,VMI,Virginia Tech,fanduel,total,over,58.5,-110,True,False,2026-08-03T05:08:22.253Z,54.5,-110,2026-08-03T05:10:09.838609+00:00,0.0299,24.0,False,True,False,fanduel,2026-08-03T05:08:22.253Z,0.0299,False,3f1b032ffde6ad5fa616c1f296dcf67557cad627cffd745963148a27a2bc0b9c
sports_game_odds,20260803T051009Z-f34e0721,iRUQMY8AVHv7mJi5tHaF,g94,401858211,1,1,VMI,Virginia Tech,fanduel,total,under,58.5,-110,True,False,2026-08-03T05:08:22.253Z,54.5,-110,2026-08-03T05:10:09.838609+00:00,0.0299,24.0,False,True,False,fanduel,2026-08-03T05:08:22.253Z,0.0299,False,2384b8ff6ad80cd7b77fb4834bd5621c4b6a6d963adbd2b6f3d6969ca7256cfb
sports_game_odds,20260803T051009Z-f34e0721,rMHlsh9uyGQJHnyrq4eo,g60,401856662,1,1,UL-Monroe,Mississippi State,fanduel,spread,away,29.5,-105,True,False,2026-08-03T05:08:22.253Z,28.5,-108,2026-08-03T05:10:09.838609+00:00,0.0299,24.0,False,True,False,fanduel,2026-08-03T05:08:22.253Z,0.0299,False,0f37f85122b4c016c204a162738e9a1af5a6ebcc98b5cfe00fe6ae3c2df95608
sports_game_odds,20260803T051009Z-f34e0721,rMHlsh9uyGQJHnyrq4eo,g60,401856662,1,1,UL-Monroe,Mississippi State,draftkings,spread,away,29.5,-112,True,False,2026-08-03T05:08:22.214Z,28.5,-112,2026-08-03T05:10:09.838609+00:00,0.0299,24.0,False,True,False,draftkings,2026-08-03T05:08:22.214Z,0.0299,False,2cd67408898483d41b4f01cef1934eebe88fe3f25501ed618cd72f63e7053ff0
sports_game_odds,20260803T051009Z-f34e0721,rMHlsh9uyGQJHnyrq4eo,g60,401856662,1,1,UL-Monroe,Mississippi State,caesars,spread,away,29.5,-115,True,False,2026-08-03T05:08:12.000Z,28.5,-112,2026-08-03T05:10:09.838609+00:00,0.0327,24.0,False,True,False,caesars,2026-08-03T05:08:12.000Z,0.0327,False,be8b8a1868a9bc7a7b894d0fe4e6bef296f418549ac15fe076c397d41366999e
sports_game_odds,20260803T051009Z-f34e0721,rMHlsh9uyGQJHnyrq4eo,g60,401856662,1,1,UL-Monroe,Mississippi State,bovada,spread,away,29.5,-110,True,False,2026-08-03T05:08:22.000Z,28.5,-110,2026-08-03T05:10:09.838609+00:00,0.03,24.0,False,True,False,bovada,2026-08-03T05:08:22.000Z,0.03,False,8049bf5d4cb017523fdfdee28a339d1cbc04b6554928f3e2c97721dc11d658e4
sports_game_odds,20260803T051009Z-f34e0721,rMHlsh9uyGQJHnyrq4eo,g60,401856662,1,1,UL-Monroe,Mississippi State,betmgm,spread,away,29.5,-110,True,False,2026-08-03T05:08:17.000Z,28.5,-110,2026-08-03T05:10:09.838609+00:00,0.0313,24.0,False,True,False,betmgm,2026-08-03T05:08:17.000Z,0.0313,False,0a434721b1ae7cf03ca1230b573dab861018f849d9f0dd68827158cdadd73cac
sports_game_odds,20260803T051009Z-f34e0721,rMHlsh9uyGQJHnyrq4eo,g60,401856662,1,1,UL-Monroe,Mississippi State,fanduel,spread,home,-29.5,-115,True,False,2026-08-03T05:08:22.253Z,-28.5,-112,2026-08-03T05:10:09.838609+00:00,0.0299,24.0,False,True,False,fanduel,2026-08-03T05:08:22.253Z,0.0299,False,9c85e57b6e606231a02d29fdcd5ba31f87a74a6994c49f900c297e6dd95b6090
sports_game_odds,20260803T051009Z-f34e0721,rMHlsh9uyGQJHnyrq4eo,g60,401856662,1,1,UL-Monroe,Mississippi State,draftkings,spread,home,-29.5,-108,True,False,2026-08-03T05:08:22.214Z,-28.5,-108,2026-08-03T05:10:09.838609+00:00,0.0299,24.0,False,True,False,draftkings,2026-08-03T05:08:22.214Z,0.0299,False,c415f89d1cc27dbb48156e4f093826c1d833f8c4bee4e856ec4d301e9a2b2f41
sports_game_odds,20260803T051009Z-f34e0721,rMHlsh9uyGQJHnyrq4eo,g60,401856662,1,1,UL-Monroe,Mississippi State,caesars,spread,home,-29.5,-105,True,False,2026-08-03T05:08:12.000Z,-28.5,-108,2026-08-03T05:10:09.838609+00:00,0.0327,24.0,False,True,False,caesars,2026-08-03T05:08:12.000Z,0.0327,False,722e749b5ca8b88707831785bba10791df5b7ba878a419489d91f1101b76d087
sports_game_odds,20260803T051009Z-f34e0721,rMHlsh9uyGQJHnyrq4eo,g60,401856662,1,1,UL-Monroe,Mississippi State,bovada,spread,home,-29.5,-110,True,False,2026-08-03T05:08:22.000Z,-28.5,-110,2026-08-03T05:10:09.838609+00:00,0.03,24.0,False,True,False,bovada,2026-08-03T05:08:22.000Z,0.03,False,1e8215e5e5c9d68f4e1386c19fe696a54f926169c8b6fae8efd4e7f51e97c608
sports_game_odds,20260803T051009Z-f34e0721,rMHlsh9uyGQJHnyrq4eo,g60,401856662,1,1,UL-Monroe,Mississippi State,betmgm,spread,home,-29.5,-110,True,False,2026-08-03T05:08:17.000Z,-28.5,-110,2026-08-03T05:10:09.838609+00:00,0.0313,24.0,False,True,False,betmgm,2026-08-03T05:08:17.000Z,0.0313,False,8440d918c3b16f4795f2f27b8bf08c1fdbb6bbc310add62106137d1fc2e8670d
sports_game_odds,20260803T051009Z-f34e0721,rMHlsh9uyGQJHnyrq4eo,g60,401856662,1,1,UL-Monroe,Mississippi State,fanduel,total,over,56.5,-110,True,False,2026-08-03T05:08:22.253Z,53.5,-112,2026-08-03T05:10:09.838609+00:00,0.0299,24.0,False,True,False,fanduel,2026-08-03T05:08:22.253Z,0.0299,False,f168d11636cf523a67984bb8331df4d2a4adad14d2fea34315efdfccc175ba6a
sports_game_odds,20260803T051009Z-f34e0721,rMHlsh9uyGQJHnyrq4eo,g60,401856662,1,1,UL-Monroe,Mississippi State,draftkings,total,over,55.5,-108,True,False,2026-08-03T05:08:22.214Z,55.5,-102,2026-08-03T05:10:09.838609+00:00,0.0299,24.0,False,True,False,draftkings,2026-08-03T05:08:22.214Z,0.0299,False,b746f6f786a8b08adc3fa7cb2e4e6f8fd4f081b885acbdeac702debe5d832e40
sports_game_odds,20260803T051009Z-f34e0721,rMHlsh9uyGQJHnyrq4eo,g60,401856662,1,1,UL-Monroe,Mississippi State,bovada,total,over,55.5,-110,True,False,2026-08-03T05:08:22.000Z,55.5,100,2026-08-03T05:10:09.838609+00:00,0.03,24.0,False,True,False,bovada,2026-08-03T05:08:22.000Z,0.03,False,5ff73e34c29f59a11449beefdabae7315a02b95d6bd16d5667e9bee1dd0bffc0
sports_game_odds,20260803T051009Z-f34e0721,rMHlsh9uyGQJHnyrq4eo,g60,401856662,1,1,UL-Monroe,Mississippi State,caesars,total,over,55.5,-114,True,False,2026-08-03T05:08:12.000Z,55.5,-103,2026-08-03T05:10:09.838609+00:00,0.0327,24.0,False,True,False,caesars,2026-08-03T05:08:12.000Z,0.0327,False,0e7d5c24264e79076c54f8424d837b1c537cd424ef00b7b59444996a710c2cd5
sports_game_odds,20260803T051009Z-f34e0721,rMHlsh9uyGQJHnyrq4eo,g60,401856662,1,1,UL-Monroe,Mississippi State,betmgm,total,over,55.5,-110,True,False,2026-08-03T05:08:17.000Z,55.5,-110,2026-08-03T05:10:09.838609+00:00,0.0313,24.0,False,True,False,betmgm,2026-08-03T05:08:17.000Z,0.0313,False,63f90407250eb0dda33963ac723813d7eed77432e1b39c7f1e40b150c70f5a52
sports_game_odds,20260803T051009Z-f34e0721,rMHlsh9uyGQJHnyrq4eo,g60,401856662,1,1,UL-Monroe,Mississippi State,fanduel,total,under,56.5,-110,True,False,2026-08-03T05:08:22.253Z,53.5,-108,2026-08-03T05:10:09.838609+00:00,0.0299,24.0,False,True,False,fanduel,2026-08-03T05:08:22.253Z,0.0299,False,1fc65569e673604097b9a30ae55ae4332ba7078eee3020a088c1059c4dca57b4
sports_game_odds,20260803T051009Z-f34e0721,rMHlsh9uyGQJHnyrq4eo,g60,401856662,1,1,UL-Monroe,Mississippi State,draftkings,total,under,55.5,-112,True,False,2026-08-03T05:08:22.214Z,55.5,-118,2026-08-03T05:10:09.838609+00:00,0.0299,24.0,False,True,False,draftkings,2026-08-03T05:08:22.214Z,0.0299,False,dca3c9286ec2a1dd9a710f80addfe91333fdaa62ac14f0fc69bebdcd610e228a
sports_game_odds,20260803T051009Z-f34e0721,rMHlsh9uyGQJHnyrq4eo,g60,401856662,1,1,UL-Monroe,Mississippi State,bovada,total,under,55.5,-110,True,False,2026-08-03T05:08:22.000Z,55.5,-120,2026-08-03T05:10:09.838609+00:00,0.03,24.0,False,True,False,bovada,2026-08-03T05:08:22.000Z,0.03,False,4048471cb72e181603ac214ce3502e07fa6c279b4a1b60013eb9bffa291e5cde
sports_game_odds,20260803T051009Z-f34e0721,rMHlsh9uyGQJHnyrq4eo,g60,401856662,1,1,UL-Monroe,Mississippi State,caesars,total,under,55.5,-107,True,False,2026-08-03T05:08:12.000Z,55.5,-118,2026-08-03T05:10:09.838609+00:00,0.0327,24.0,False,True,False,caesars,2026-08-03T05:08:12.000Z,0.0327,False,aaeac96ae5e9812f21515296e242469356641d416e165485b6c8f4026b10bb31
sports_game_odds,20260803T051009Z-f34e0721,rMHlsh9uyGQJHnyrq4eo,g60,401856662,1,1,UL-Monroe,Mississippi State,betmgm,total,under,55.5,-110,True,False,2026-08-03T05:08:17.000Z,55.5,-110,2026-08-03T05:10:09.838609+00:00,0.0313,24.0,False,True,False,betmgm,2026-08-03T05:08:17.000Z,0.0313,False,31901eb36fb2fdc6404b795f09872feae284971196acabbde1f014d33fc8ab6c
sports_game_odds,20260803T051009Z-f34e0721,rMHlsh9uyGQJHnyrq4eo,g60,401856662,1,1,UL-Monroe,Mississippi State,fanduel,moneyline,away,,2400,True,False,2026-08-03T05:08:22.253Z,2400.0,2400,2026-08-03T05:10:09.838609+00:00,0.0299,24.0,False,True,False,fanduel,2026-08-03T05:08:22.253Z,0.0299,False,bd3b278270885575712cba583347d946d5fc6c226a5b73b4de57659982361634
sports_game_odds,20260803T051009Z-f34e0721,rMHlsh9uyGQJHnyrq4eo,g60,401856662,1,1,UL-Monroe,Mississippi State,draftkings,moneyline,away,,2500,True,False,2026-08-03T05:08:22.214Z,2000.0,2000,2026-08-03T05:10:09.838609+00:00,0.0299,24.0,False,True,False,draftkings,2026-08-03T05:08:22.214Z,0.0299,False,fea2beb0f91ca3f26136022525cdbda1a2623e2eca43d40351f31419a1fce756
sports_game_odds,20260803T051009Z-f34e0721,rMHlsh9uyGQJHnyrq4eo,g60,401856662,1,1,UL-Monroe,Mississippi State,caesars,moneyline,away,,1800,True,False,2026-08-03T05:08:12.000Z,1750.0,1750,2026-08-03T05:10:09.838609+00:00,0.0327,24.0,False,True,False,caesars,2026-08-03T05:08:12.000Z,0.0327,False,fb9511af2376551512c3a5c5157064199ed1818059a3e8de55f2163e90ea411f
sports_game_odds,20260803T051009Z-f34e0721,rMHlsh9uyGQJHnyrq4eo,g60,401856662,1,1,UL-Monroe,Mississippi State,bovada,moneyline,away,,2500,True,False,2026-08-03T05:08:04.700Z,2000.0,2000,2026-08-03T05:10:09.838609+00:00,0.0348,24.0,False,True,False,bovada,2026-08-03T05:08:04.700Z,0.0348,False,636233c6d214ee2de08bd5263b0440e7c67eed010894db5e9b4a71cb88ebbfff
sports_game_odds,20260803T051009Z-f34e0721,rMHlsh9uyGQJHnyrq4eo,g60,401856662,1,1,UL-Monroe,Mississippi State,fanduel,moneyline,home,,-10000,True,False,2026-08-03T05:08:22.253Z,-10000.0,-10000,2026-08-03T05:10:09.838609+00:00,0.0299,24.0,False,True,False,fanduel,2026-08-03T05:08:22.253Z,0.0299,False,74d2a7a792d8da85637f779d76a3b41bc67e6d1ec18e5c59dfb0e0b0837bc49d
sports_game_odds,20260803T051009Z-f34e0721,rMHlsh9uyGQJHnyrq4eo,g60,401856662,1,1,UL-Monroe,Mississippi State,draftkings,moneyline,home,,-9000,True,False,2026-08-03T05:08:22.214Z,-6500.0,-6500,2026-08-03T05:10:09.838609+00:00,0.0299,24.0,False,True,False,draftkings,2026-08-03T05:08:22.214Z,0.0299,False,d14447492f40024bfe858324e65d4b48b9bbb89ecf805240d36e6ada91cd911b
sports_game_odds,20260803T051009Z-f34e0721,rMHlsh9uyGQJHnyrq4eo,g60,401856662,1,1,UL-Monroe,Mississippi State,caesars,moneyline,home,,-10000,True,False,2026-08-03T05:08:12.000Z,-10000.0,-10000,2026-08-03T05:10:09.838609+00:00,0.0327,24.0,False,True,False,caesars,2026-08-03T05:08:12.000Z,0.0327,False,f04bb3553fc0e1cbc00c42d4163f260bc41c916237fe760b94313c6172b313ec
sports_game_odds,20260803T051009Z-f34e0721,vxeZPeAdUGI8dtMW1B7d,g52,401856660,1,1,Clemson,LSU,fanduel,spread,away,9.5,-102,True,False,2026-08-03T05:08:22.253Z,11.5,-110,2026-08-03T05:10:09.838609+00:00,0.0299,24.0,False,True,False,fanduel,2026-08-03T05:08:22.253Z,0.0299,False,1947c2bf09e31e183ec4a44d72ccd8f20443ca366312cc8371e3d29dc9f77b46
sports_game_odds,20260803T051009Z-f34e0721,vxeZPeAdUGI8dtMW1B7d,g52,401856660,1,1,Clemson,LSU,bovada,spread,away,10.0,-110,True,False,2026-08-03T05:08:22.000Z,11.5,-110,2026-08-03T05:10:09.838609+00:00,0.03,24.0,False,True,False,bovada,2026-08-03T05:08:22.000Z,0.03,False,17700e07bff69924040c4c855406a3eceaf00f9e0d4bc428fb7a3f4106880499
sports_game_odds,20260803T051009Z-f34e0721,vxeZPeAdUGI8dtMW1B7d,g52,401856660,1,1,Clemson,LSU,draftkings,spread,away,10.0,-108,True,False,2026-08-03T05:08:22.214Z,11.5,-108,2026-08-03T05:10:09.838609+00:00,0.0299,24.0,False,True,False,draftkings,2026-08-03T05:08:22.214Z,0.0299,False,2dbd4d8e892a565a6479fe28b65ae7a452f513d736d69d819a9431c01fb1679f
sports_game_odds,20260803T051009Z-f34e0721,vxeZPeAdUGI8dtMW1B7d,g52,401856660,1,1,Clemson,LSU,betmgm,spread,away,10.0,-110,False,False,2026-08-02T19:26:25.000Z,11.5,-110,2026-08-03T05:10:09.838609+00:00,9.7291,24.0,False,False,False,betmgm,2026-08-02T19:26:25.000Z,9.7291,False,32c5eb33de090dc0001d25cf5a48922d22a2f6c311e615abf983f8b44518b77a
sports_game_odds,20260803T051009Z-f34e0721,vxeZPeAdUGI8dtMW1B7d,g52,401856660,1,1,Clemson,LSU,caesars,spread,away,10.0,-112,False,False,2026-08-01T18:47:44.640Z,11.5,-112,2026-08-03T05:10:09.838609+00:00,34.3737,24.0,True,False,False,caesars,2026-08-01T18:47:44.640Z,34.3737,True,7e1863b2f919d813508d8d8abdfb18ce03f777100a61837a93209010b9f6ce23
sports_game_odds,20260803T051009Z-f34e0721,vxeZPeAdUGI8dtMW1B7d,g52,401856660,1,1,Clemson,LSU,fanduel,spread,home,-9.5,-120,True,False,2026-08-03T05:08:22.253Z,-11.5,-110,2026-08-03T05:10:09.838609+00:00,0.0299,24.0,False,True,False,fanduel,2026-08-03T05:08:22.253Z,0.0299,False,07ec14b5f30186792ed8aeebc1bb014e7b69ce142ce124be32e08cc5176f083b
sports_game_odds,20260803T051009Z-f34e0721,vxeZPeAdUGI8dtMW1B7d,g52,401856660,1,1,Clemson,LSU,bovada,spread,home,-10.0,-110,True,False,2026-08-03T05:08:22.000Z,-11.5,-110,2026-08-03T05:10:09.838609+00:00,0.03,24.0,False,True,False,bovada,2026-08-03T05:08:22.000Z,0.03,False,32e874937488eb647b50fad4054d11c6ec92c18936a13948d26dd351886bb88a
sports_game_odds,20260803T051009Z-f34e0721,vxeZPeAdUGI8dtMW1B7d,g52,401856660,1,1,Clemson,LSU,draftkings,spread,home,-10.0,-112,True,False,2026-08-03T05:08:22.214Z,-11.5,-112,2026-08-03T05:10:09.838609+00:00,0.0299,24.0,False,True,False,draftkings,2026-08-03T05:08:22.214Z,0.0299,False,cb63df4f45cef80acda6de664c1c236e59419bcf8cc1d89ecd88c56dcdac482a
sports_game_odds,20260803T051009Z-f34e0721,vxeZPeAdUGI8dtMW1B7d,g52,401856660,1,1,Clemson,LSU,betmgm,spread,home,-10.0,-110,False,False,2026-08-02T19:26:25.000Z,-11.5,-110,2026-08-03T05:10:09.838609+00:00,9.7291,24.0,False,False,False,betmgm,2026-08-02T19:26:25.000Z,9.7291,False,10366ffbf535e013f9323907fdef0dbc8f510185ece4eb1d1e3dffccbb281497
sports_game_odds,20260803T051009Z-f34e0721,vxeZPeAdUGI8dtMW1B7d,g52,401856660,1,1,Clemson,LSU,caesars,spread,home,-10.0,-108,False,False,2026-08-01T18:47:44.640Z,-11.5,-108,2026-08-03T05:10:09.838609+00:00,34.3737,24.0,True,False,False,caesars,2026-08-01T18:47:44.640Z,34.3737,True,95044c9ad4fedbb4ada40b2f30a492cc0da0f668c4c386cc5492e14f0a7da131
sports_game_odds,20260803T051009Z-f34e0721,vxeZPeAdUGI8dtMW1B7d,g52,401856660,1,1,Clemson,LSU,fanduel,total,over,50.5,-120,True,False,2026-08-03T05:08:22.253Z,50.5,-110,2026-08-03T05:10:09.838609+00:00,0.0299,24.0,False,True,False,fanduel,2026-08-03T05:08:22.253Z,0.0299,False,741b764416ac9419b710562d574db150b17858e64bfbc8610732419e3cf670dc
sports_game_odds,20260803T051009Z-f34e0721,vxeZPeAdUGI8dtMW1B7d,g52,401856660,1,1,Clemson,LSU,bovada,total,over,50.5,-110,True,False,2026-08-03T05:08:22.000Z,49.5,-115,2026-08-03T05:10:09.838609+00:00,0.03,24.0,False,True,False,bovada,2026-08-03T05:08:22.000Z,0.03,False,3199f7e7d27605d8e06696ca3b07c4f42636a14ec81fa5ee5af6eb3ae57b0606
sports_game_odds,20260803T051009Z-f34e0721,vxeZPeAdUGI8dtMW1B7d,g52,401856660,1,1,Clemson,LSU,draftkings,total,over,50.5,-112,True,False,2026-08-03T05:08:22.214Z,49.5,-115,2026-08-03T05:10:09.838609+00:00,0.0299,24.0,False,True,False,draftkings,2026-08-03T05:08:22.214Z,0.0299,False,136d0ba91bc6dacdf7a942b69c9316343214c853224db28d4b91fa7ffa612869
sports_game_odds,20260803T051009Z-f34e0721,vxeZPeAdUGI8dtMW1B7d,g52,401856660,1,1,Clemson,LSU,betmgm,total,over,50.5,-110,True,False,2026-08-03T05:08:17.000Z,50.5,-110,2026-08-03T05:10:09.838609+00:00,0.0313,24.0,False,True,False,betmgm,2026-08-03T05:08:17.000Z,0.0313,False,66f8632a677e97c893210ebaf95a9f1619da505e180841e1403e03630679a79a
sports_game_odds,20260803T051009Z-f34e0721,vxeZPeAdUGI8dtMW1B7d,g52,401856660,1,1,Clemson,LSU,caesars,total,over,50.5,-113,True,False,2026-08-03T05:08:12.000Z,50.5,-109,2026-08-03T05:10:09.838609+00:00,0.0327,24.0,False,True,False,caesars,2026-08-03T05:08:12.000Z,0.0327,False,2b987060285d0b7adbb278d0b7a8e071c791580e9194887d86b34c12ca82b2a1
sports_game_odds,20260803T051009Z-f34e0721,vxeZPeAdUGI8dtMW1B7d,g52,401856660,1,1,Clemson,LSU,fanduel,total,under,50.5,-102,True,False,2026-08-03T05:08:22.253Z,50.5,-110,2026-08-03T05:10:09.838609+00:00,0.0299,24.0,False,True,False,fanduel,2026-08-03T05:08:22.253Z,0.0299,False,1971198b6c833346a67314ca8d8fea94f9e8c5b8a2eceabf1d89214b303f7e7b
sports_game_odds,20260803T051009Z-f34e0721,vxeZPeAdUGI8dtMW1B7d,g52,401856660,1,1,Clemson,LSU,bovada,total,under,50.5,-110,True,False,2026-08-03T05:08:22.000Z,49.5,-105,2026-08-03T05:10:09.838609+00:00,0.03,24.0,False,True,False,bovada,2026-08-03T05:08:22.000Z,0.03,False,6e76718c9d46446304f1a637169537d70c48b203b60652bedcb7db9729f60ff4
sports_game_odds,20260803T051009Z-f34e0721,vxeZPeAdUGI8dtMW1B7d,g52,401856660,1,1,Clemson,LSU,draftkings,total,under,50.5,-108,True,False,2026-08-03T05:08:22.214Z,49.5,-105,2026-08-03T05:10:09.838609+00:00,0.0299,24.0,False,True,False,draftkings,2026-08-03T05:08:22.214Z,0.0299,False,3ab0276f3c58289b41c709ed2c8b2bfa4384ee04336a84afcdd58cfae982c825
sports_game_odds,20260803T051009Z-f34e0721,vxeZPeAdUGI8dtMW1B7d,g52,401856660,1,1,Clemson,LSU,betmgm,total,under,50.5,-110,True,False,2026-08-03T05:08:17.000Z,50.5,-110,2026-08-03T05:10:09.838609+00:00,0.0313,24.0,False,True,False,betmgm,2026-08-03T05:08:17.000Z,0.0313,False,eae631d7da3f90d12fe5197aa8b713a9420f826ba105ef21d5925d776be99883
sports_game_odds,20260803T051009Z-f34e0721,vxeZPeAdUGI8dtMW1B7d,g52,401856660,1,1,Clemson,LSU,caesars,total,under,50.5,-107,True,False,2026-08-03T05:08:12.000Z,50.5,-110,2026-08-03T05:10:09.838609+00:00,0.0327,24.0,False,True,False,caesars,2026-08-03T05:08:12.000Z,0.0327,False,8419a21ea088567c870c88eb01bb1a6aca31e9c13f18fa724a24a05ef224bde9
sports_game_odds,20260803T051009Z-f34e0721,vxeZPeAdUGI8dtMW1B7d,g52,401856660,1,1,Clemson,LSU,fanduel,moneyline,away,,315,True,False,2026-08-03T05:08:22.253Z,365.0,365,2026-08-03T05:10:09.838609+00:00,0.0299,24.0,False,True,False,fanduel,2026-08-03T05:08:22.253Z,0.0299,False,963271d0cb48e575410ee2351dc4420a09705427c814ac9366471376f7c9ac47
sports_game_odds,20260803T051009Z-f34e0721,vxeZPeAdUGI8dtMW1B7d,g52,401856660,1,1,Clemson,LSU,bovada,moneyline,away,,300,True,False,2026-08-03T05:08:22.000Z,355.0,355,2026-08-03T05:10:09.838609+00:00,0.03,24.0,False,True,False,bovada,2026-08-03T05:08:22.000Z,0.03,False,09e685467d3734e28db5711bf7de3bf13f5b8699bb61c970926d4d9f63f92cd0
sports_game_odds,20260803T051009Z-f34e0721,vxeZPeAdUGI8dtMW1B7d,g52,401856660,1,1,Clemson,LSU,draftkings,moneyline,away,,295,True,False,2026-08-03T05:08:22.214Z,360.0,360,2026-08-03T05:10:09.838609+00:00,0.0299,24.0,False,True,False,draftkings,2026-08-03T05:08:22.214Z,0.0299,False,965c647f9da354760a12eb9d9a30dda0aa69a2cb0190867bd6ecb9c0d6fdbd28
sports_game_odds,20260803T051009Z-f34e0721,vxeZPeAdUGI8dtMW1B7d,g52,401856660,1,1,Clemson,LSU,caesars,moneyline,away,,305,True,False,2026-08-03T05:08:12.000Z,360.0,360,2026-08-03T05:10:09.838609+00:00,0.0327,24.0,False,True,False,caesars,2026-08-03T05:08:12.000Z,0.0327,False,45fe25482a82aedef5e9b0a3a61441f3e61772b7b94af44d19158866f36d388d
sports_game_odds,20260803T051009Z-f34e0721,vxeZPeAdUGI8dtMW1B7d,g52,401856660,1,1,Clemson,LSU,betmgm,moneyline,away,,310,True,False,2026-08-03T05:08:17.000Z,310.0,310,2026-08-03T05:10:09.838609+00:00,0.0313,24.0,False,True,False,betmgm,2026-08-03T05:08:17.000Z,0.0313,False,51c4a5b2ce70b34e4fd625cea5c4dfddb1be4876e2abcc55b0dfea2100ae010d
sports_game_odds,20260803T051009Z-f34e0721,vxeZPeAdUGI8dtMW1B7d,g52,401856660,1,1,Clemson,LSU,fanduel,moneyline,home,,-410,True,False,2026-08-03T05:08:22.253Z,-490.0,-490,2026-08-03T05:10:09.838609+00:00,0.0299,24.0,False,True,False,fanduel,2026-08-03T05:08:22.253Z,0.0299,False,507ea5b809c56a821fe38ccbab0c31ed24879a6966c10534d2617191f6f16b91
sports_game_odds,20260803T051009Z-f34e0721,vxeZPeAdUGI8dtMW1B7d,g52,401856660,1,1,Clemson,LSU,bovada,moneyline,home,,-400,True,False,2026-08-03T05:08:22.000Z,-490.0,-490,2026-08-03T05:10:09.838609+00:00,0.03,24.0,False,True,False,bovada,2026-08-03T05:08:22.000Z,0.03,False,d2cbbf034c1a2121b48f7461dde36a5943b15fb72f5761a9dfff3bac11f938f0
sports_game_odds,20260803T051009Z-f34e0721,vxeZPeAdUGI8dtMW1B7d,g52,401856660,1,1,Clemson,LSU,draftkings,moneyline,home,,-375,True,False,2026-08-03T05:08:22.214Z,-470.0,-470,2026-08-03T05:10:09.838609+00:00,0.0299,24.0,False,True,False,draftkings,2026-08-03T05:08:22.214Z,0.0299,False,e3f163868bd475246b6972a2155d46a32c1f6aa0817cafacf737c6411cbb05a0
sports_game_odds,20260803T051009Z-f34e0721,vxeZPeAdUGI8dtMW1B7d,g52,401856660,1,1,Clemson,LSU,caesars,moneyline,home,,-400,True,False,2026-08-03T05:08:12.000Z,-480.0,-480,2026-08-03T05:10:09.838609+00:00,0.0327,24.0,False,True,False,caesars,2026-08-03T05:08:12.000Z,0.0327,False,5aed646d7ecee2c3142cba4d7f313dbc23d8d12640080045d735919bb5d0b136
sports_game_odds,20260803T051009Z-f34e0721,vxeZPeAdUGI8dtMW1B7d,g52,401856660,1,1,Clemson,LSU,betmgm,moneyline,home,,-400,True,False,2026-08-03T05:08:17.000Z,-400.0,-400,2026-08-03T05:10:09.838609+00:00,0.0313,24.0,False,True,False,betmgm,2026-08-03T05:08:17.000Z,0.0313,False,33d49dccbbe92094e1e9ccbc1e9b86cd45b0e2e874ad1f812d009cb5696edc0f
sports_game_odds,20260803T051009Z-f34e0721,ToQQRtL0qjnAmogJV2hn,g39,401856637,1,1,Florida Atlantic,Florida,fanduel,spread,away,26.5,-115,True,False,2026-08-03T05:08:22.253Z,26.5,-115,2026-08-03T05:10:09.838609+00:00,0.0299,24.0,False,True,False,fanduel,2026-08-03T05:08:22.253Z,0.0299,False,57a63cac7c7124f79ec2d4e21dc4768f53f6cf2fc0927b0ce0cf1e05431e7e66
sports_game_odds,20260803T051009Z-f34e0721,ToQQRtL0qjnAmogJV2hn,g39,401856637,1,1,Florida Atlantic,Florida,draftkings,spread,away,26.5,-108,True,False,2026-08-03T05:08:22.214Z,26.5,-108,2026-08-03T05:10:09.838609+00:00,0.0299,24.0,False,True,False,draftkings,2026-08-03T05:08:22.214Z,0.0299,False,f9350e537579748af9ca073eb8618ce14c88ee1f950239ebcfe175102c8f9ed9
sports_game_odds,20260803T051009Z-f34e0721,ToQQRtL0qjnAmogJV2hn,g39,401856637,1,1,Florida Atlantic,Florida,caesars,spread,away,26.5,-113,True,False,2026-08-03T05:08:12.000Z,26.5,-113,2026-08-03T05:10:09.838609+00:00,0.0327,24.0,False,True,False,caesars,2026-08-03T05:08:12.000Z,0.0327,False,468984f9d99c51ef4184e99f5e6bbf56d95c6cb668159df5fb269337d15cad49
sports_game_odds,20260803T051009Z-f34e0721,ToQQRtL0qjnAmogJV2hn,g39,401856637,1,1,Florida Atlantic,Florida,bovada,spread,away,26.5,-110,True,False,2026-08-03T05:08:22.000Z,26.5,-110,2026-08-03T05:10:09.838609+00:00,0.03,24.0,False,True,False,bovada,2026-08-03T05:08:22.000Z,0.03,False,aca91b9ea6d3a84ebed1381eeaa347efabc536352ae87b9e7056031f73b78148
sports_game_odds,20260803T051009Z-f34e0721,ToQQRtL0qjnAmogJV2hn,g39,401856637,1,1,Florida Atlantic,Florida,betmgm,spread,away,26.5,-110,True,False,2026-08-03T05:08:17.000Z,26.5,-110,2026-08-03T05:10:09.838609+00:00,0.0313,24.0,False,True,False,betmgm,2026-08-03T05:08:17.000Z,0.0313,False,af08d8c1851bee6d8bcdd61d07e24d5dc53eb970dbe4d9eaa6c51c48c6681414
sports_game_odds,20260803T051009Z-f34e0721,ToQQRtL0qjnAmogJV2hn,g39,401856637,1,1,Florida Atlantic,Florida,fanduel,spread,home,-26.5,-105,True,False,2026-08-03T05:08:22.253Z,-26.5,-105,2026-08-03T05:10:09.838609+00:00,0.0299,24.0,False,True,False,fanduel,2026-08-03T05:08:22.253Z,0.0299,False,5b1a433132a40a0b9d105a356c1d3815c2eee02cbcc81129b561b91245ec3acd
sports_game_odds,20260803T051009Z-f34e0721,ToQQRtL0qjnAmogJV2hn,g39,401856637,1,1,Florida Atlantic,Florida,draftkings,spread,home,-26.5,-112,True,False,2026-08-03T05:08:22.214Z,-26.5,-112,2026-08-03T05:10:09.838609+00:00,0.0299,24.0,False,True,False,draftkings,2026-08-03T05:08:22.214Z,0.0299,False,a3937606bae77285ab765b77c3cdb093651193535c2dc5874a7864fdd039cad4
sports_game_odds,20260803T051009Z-f34e0721,ToQQRtL0qjnAmogJV2hn,g39,401856637,1,1,Florida Atlantic,Florida,caesars,spread,home,-26.5,-107,True,False,2026-08-03T05:08:12.000Z,-26.5,-107,2026-08-03T05:10:09.838609+00:00,0.0327,24.0,False,True,False,caesars,2026-08-03T05:08:12.000Z,0.0327,False,ded954ad730242798116d3862124c8c18fcc5eb684cf17fab6d65d5becf03318
sports_game_odds,20260803T051009Z-f34e0721,ToQQRtL0qjnAmogJV2hn,g39,401856637,1,1,Florida Atlantic,Florida,bovada,spread,home,-26.5,-110,True,False,2026-08-03T05:08:22.000Z,-26.5,-110,2026-08-03T05:10:09.838609+00:00,0.03,24.0,False,True,False,bovada,2026-08-03T05:08:22.000Z,0.03,False,0e8abbc68f61d30b8f83688a1d3ebeddfb002aa9acdc5d3bd0b2b6a31b8dece0
sports_game_odds,20260803T051009Z-f34e0721,ToQQRtL0qjnAmogJV2hn,g39,401856637,1,1,Florida Atlantic,Florida,betmgm,spread,home,-26.5,-110,True,False,2026-08-03T05:08:17.000Z,-26.5,-110,2026-08-03T05:10:09.838609+00:00,0.0313,24.0,False,True,False,betmgm,2026-08-03T05:08:17.000Z,0.0313,False,483fd90b4fb8a03e5aa9d4a39adde05b7b36aae146bd11c62babf486f6f34d16
sports_game_odds,20260803T051009Z-f34e0721,ToQQRtL0qjnAmogJV2hn,g39,401856637,1,1,Florida Atlantic,Florida,fanduel,total,over,58.5,-112,True,False,2026-08-03T05:08:22.253Z,58.5,-115,2026-08-03T05:10:09.838609+00:00,0.0299,24.0,False,True,False,fanduel,2026-08-03T05:08:22.253Z,0.0299,False,a224194c49a206f88563df8d230c5d501eb93510e16e92b36c4a9c502aacfa91
sports_game_odds,20260803T051009Z-f34e0721,ToQQRtL0qjnAmogJV2hn,g39,401856637,1,1,Florida Atlantic,Florida,draftkings,total,over,58.5,-110,True,False,2026-08-03T05:08:22.214Z,56.5,-118,2026-08-03T05:10:09.838609+00:00,0.0299,24.0,False,True,False,draftkings,2026-08-03T05:08:22.214Z,0.0299,False,c356e2989cae9422e62ac6b1d0b62b5fe4d87c5c57bb84556a88c6aa383e4a18
sports_game_odds,20260803T051009Z-f34e0721,ToQQRtL0qjnAmogJV2hn,g39,401856637,1,1,Florida Atlantic,Florida,caesars,total,over,58.5,-112,True,False,2026-08-03T05:08:12.000Z,56.5,-129,2026-08-03T05:10:09.838609+00:00,0.0327,24.0,False,True,False,caesars,2026-08-03T05:08:12.000Z,0.0327,False,0b4a15fe337cd22bff13bd533ab8a448ef7507585073d822e98ee4126ad2bb29
sports_game_odds,20260803T051009Z-f34e0721,ToQQRtL0qjnAmogJV2hn,g39,401856637,1,1,Florida Atlantic,Florida,bovada,total,over,58.5,-110,True,False,2026-08-03T05:08:22.000Z,56.5,-120,2026-08-03T05:10:09.838609+00:00,0.03,24.0,False,True,False,bovada,2026-08-03T05:08:22.000Z,0.03,False,9ebc0925463835c6d0084b5d35794bcfce9e3253586b93d012cef9a682b0cb37
sports_game_odds,20260803T051009Z-f34e0721,ToQQRtL0qjnAmogJV2hn,g39,401856637,1,1,Florida Atlantic,Florida,betmgm,total,over,58.5,-110,True,False,2026-08-03T05:08:17.000Z,58.5,-110,2026-08-03T05:10:09.838609+00:00,0.0313,24.0,False,True,False,betmgm,2026-08-03T05:08:17.000Z,0.0313,False,8a2860fb8c523f285510756f19e91d05dad25623ebb3c95a6309d15c1c93ba70
sports_game_odds,20260803T051009Z-f34e0721,ToQQRtL0qjnAmogJV2hn,g39,401856637,1,1,Florida Atlantic,Florida,fanduel,total,under,58.5,-108,True,False,2026-08-03T05:08:22.253Z,58.5,-105,2026-08-03T05:10:09.838609+00:00,0.0299,24.0,False,True,False,fanduel,2026-08-03T05:08:22.253Z,0.0299,False,4cc1829b2775b11e7eb14963f5c94a128daa1945e18cf90d354f4a88c99a7c4a
sports_game_odds,20260803T051009Z-f34e0721,ToQQRtL0qjnAmogJV2hn,g39,401856637,1,1,Florida Atlantic,Florida,draftkings,total,under,58.5,-110,True,False,2026-08-03T05:08:22.214Z,56.5,-102,2026-08-03T05:10:09.838609+00:00,0.0299,24.0,False,True,False,draftkings,2026-08-03T05:08:22.214Z,0.0299,False,afc08f2beb70d5133b957e8b71b2c46208788cd82c80012a9356d34c8427da7e
sports_game_odds,20260803T051009Z-f34e0721,ToQQRtL0qjnAmogJV2hn,g39,401856637,1,1,Florida Atlantic,Florida,caesars,total,under,58.5,-109,True,False,2026-08-03T05:08:12.000Z,56.5,107,2026-08-03T05:10:09.838609+00:00,0.0327,24.0,False,True,False,caesars,2026-08-03T05:08:12.000Z,0.0327,False,1cbbc2d68adb80500b4379e0cc114d8423e0cfe0b34e97801c1f51cb354f895c
sports_game_odds,20260803T051009Z-f34e0721,ToQQRtL0qjnAmogJV2hn,g39,401856637,1,1,Florida Atlantic,Florida,bovada,total,under,58.5,-110,True,False,2026-08-03T05:08:22.000Z,56.5,100,2026-08-03T05:10:09.838609+00:00,0.03,24.0,False,True,False,bovada,2026-08-03T05:08:22.000Z,0.03,False,49cb1935c417e67ace0b75ad8f792e537359c74f5d9aa15ae023a644a2052af4
sports_game_odds,20260803T051009Z-f34e0721,ToQQRtL0qjnAmogJV2hn,g39,401856637,1,1,Florida Atlantic,Florida,betmgm,total,under,58.5,-110,True,False,2026-08-03T05:08:17.000Z,58.5,-110,2026-08-03T05:10:09.838609+00:00,0.0313,24.0,False,True,False,betmgm,2026-08-03T05:08:17.000Z,0.0313,False,c1d2e4fc84d4ea07a0b4c0eb56282fa63ee937744118b8cdd48f0a634a42f6e2
sports_game_odds,20260803T051009Z-f34e0721,ToQQRtL0qjnAmogJV2hn,g39,401856637,1,1,Florida Atlantic,Florida,fanduel,moneyline,away,,1400,True,False,2026-08-03T05:08:22.253Z,1400.0,1400,2026-08-03T05:10:09.838609+00:00,0.0299,24.0,False,True,False,fanduel,2026-08-03T05:08:22.253Z,0.0299,False,1b37e6f449be9c4397c3f6a48eabb5fa1b5c1eb173dc09a2349b6f2dc7fa966d
sports_game_odds,20260803T051009Z-f34e0721,ToQQRtL0qjnAmogJV2hn,g39,401856637,1,1,Florida Atlantic,Florida,caesars,moneyline,away,,1400,True,False,2026-08-03T05:08:12.000Z,1300.0,1300,2026-08-03T05:10:09.838609+00:00,0.0327,24.0,False,True,False,caesars,2026-08-03T05:08:12.000Z,0.0327,False,64ccec04bd0af7b515bfd4d56a1ee9dbeae939e27d5609745b1d79d8c426427f
sports_game_odds,20260803T051009Z-f34e0721,ToQQRtL0qjnAmogJV2hn,g39,401856637,1,1,Florida Atlantic,Florida,draftkings,moneyline,away,,1400,True,False,2026-08-03T05:08:22.214Z,1500.0,1500,2026-08-03T05:10:09.838609+00:00,0.0299,24.0,False,True,False,draftkings,2026-08-03T05:08:22.214Z,0.0299,False,28d436ebc730b3e1a6ea85a9c79a83ea9785bac1be679c46ecc8c1aed8df1c02
sports_game_odds,20260803T051009Z-f34e0721,ToQQRtL0qjnAmogJV2hn,g39,401856637,1,1,Florida Atlantic,Florida,bovada,moneyline,away,,1300,True,False,2026-08-03T05:08:22.000Z,1300.0,1300,2026-08-03T05:10:09.838609+00:00,0.03,24.0,False,True,False,bovada,2026-08-03T05:08:22.000Z,0.03,False,75c576f8a254d48e13e14569c4f7639b51a84063b93c1271e3661e43922d0909
sports_game_odds,20260803T051009Z-f34e0721,ToQQRtL0qjnAmogJV2hn,g39,401856637,1,1,Florida Atlantic,Florida,betmgm,moneyline,away,,1200,True,False,2026-08-03T05:08:17.000Z,1200.0,1200,2026-08-03T05:10:09.838609+00:00,0.0313,24.0,False,True,False,betmgm,2026-08-03T05:08:17.000Z,0.0313,False,e34e91a6dc4873f8eca925e3c0a2c26440578a8c12c9a3104975bd8698162ba4
sports_game_odds,20260803T051009Z-f34e0721,ToQQRtL0qjnAmogJV2hn,g39,401856637,1,1,Florida Atlantic,Florida,fanduel,moneyline,home,,-4000,True,False,2026-08-03T05:08:22.253Z,-4000.0,-4000,2026-08-03T05:10:09.838609+00:00,0.0299,24.0,False,True,False,fanduel,2026-08-03T05:08:22.253Z,0.0299,False,85c472dd77b119cb14455f458cf37d97ae0b4a7596050f31297ba1699051c4e5
sports_game_odds,20260803T051009Z-f34e0721,ToQQRtL0qjnAmogJV2hn,g39,401856637,1,1,Florida Atlantic,Florida,caesars,moneyline,home,,-3500,True,False,2026-08-03T05:08:12.000Z,-3500.0,-3500,2026-08-03T05:10:09.838609+00:00,0.0327,24.0,False,True,False,caesars,2026-08-03T05:08:12.000Z,0.0327,False,a7e86d488b59f7412c8abb6d5c6c2353009fc8dd9c9d4d464906515816acc297
sports_game_odds,20260803T051009Z-f34e0721,ToQQRtL0qjnAmogJV2hn,g39,401856637,1,1,Florida Atlantic,Florida,draftkings,moneyline,home,,-3200,True,False,2026-08-03T05:08:22.214Z,-3600.0,-3600,2026-08-03T05:10:09.838609+00:00,0.0299,24.0,False,True,False,draftkings,2026-08-03T05:08:22.214Z,0.0299,False,660061d48477aeac6a57fc536fceedfc200e4d915082882ce8d050d1f3b0ba36
sports_game_odds,20260803T051009Z-f34e0721,ToQQRtL0qjnAmogJV2hn,g39,401856637,1,1,Florida Atlantic,Florida,bovada,moneyline,home,,-6500,True,False,2026-08-03T05:08:22.000Z,-7000.0,-7000,2026-08-03T05:10:09.838609+00:00,0.03,24.0,False,True,False,bovada,2026-08-03T05:08:22.000Z,0.03,False,fffdbcc08104b545683cedde353cd1595de1b4c757716f6d0a48089b838adf06
sports_game_odds,20260803T051009Z-f34e0721,ToQQRtL0qjnAmogJV2hn,g39,401856637,1,1,Florida Atlantic,Florida,betmgm,moneyline,home,,-3000,True,False,2026-08-03T05:08:17.000Z,-3000.0,-3000,2026-08-03T05:10:09.838609+00:00,0.0313,24.0,False,True,False,betmgm,2026-08-03T05:08:17.000Z,0.0313,False,87123d1f45d381ef789023fd23e54299b6d0f3d3d8b389b42d5ee920ca6dbc35
sports_game_odds,20260803T051009Z-f34e0721,Y9Qsxk7SmfybPdHKqw9w,g53,401869142,1,1,Lamar,Louisiana,fanduel,spread,away,17.5,-110,True,False,2026-08-03T05:08:22.253Z,17.5,-110,2026-08-03T05:10:09.838609+00:00,0.0299,24.0,False,True,False,fanduel,2026-08-03T05:08:22.253Z,0.0299,False,6da279f3b2826cb26a0a6c2e2389bfad72e37aa8be14a9349dfb923bc34e624b
sports_game_odds,20260803T051009Z-f34e0721,Y9Qsxk7SmfybPdHKqw9w,g53,401869142,1,1,Lamar,Louisiana,fanduel,spread,home,-17.5,-110,True,False,2026-08-03T05:08:22.253Z,-17.5,-110,2026-08-03T05:10:09.838609+00:00,0.0299,24.0,False,True,False,fanduel,2026-08-03T05:08:22.253Z,0.0299,False,d389559f50d60e3482187a73d236832407ae70684fb88a8d2295b01709eb2ea7
sports_game_odds,20260803T051009Z-f34e0721,Y9Qsxk7SmfybPdHKqw9w,g53,401869142,1,1,Lamar,Louisiana,fanduel,total,over,49.5,-108,True,False,2026-08-03T05:08:22.253Z,49.5,-108,2026-08-03T05:10:09.838609+00:00,0.0299,24.0,False,True,False,fanduel,2026-08-03T05:08:22.253Z,0.0299,False,357c217a7a0d98f0b867d6c8ce9905c3a8a13b6bd3b53624d8487018e392cf76
sports_game_odds,20260803T051009Z-f34e0721,Y9Qsxk7SmfybPdHKqw9w,g53,401869142,1,1,Lamar,Louisiana,fanduel,total,under,49.5,-112,True,False,2026-08-03T05:08:22.253Z,49.5,-112,2026-08-03T05:10:09.838609+00:00,0.0299,24.0,False,True,False,fanduel,2026-08-03T05:08:22.253Z,0.0299,False,a140632916ce4f652f5f4d5241903fd92eccce281b75a2d5c6ec46bdb058aab4
sports_game_odds,20260803T051009Z-f34e0721,Y9Qsxk7SmfybPdHKqw9w,g53,401869142,1,1,Lamar,Louisiana,fanduel,moneyline,away,,720,True,False,2026-08-03T05:08:22.253Z,720.0,720,2026-08-03T05:10:09.838609+00:00,0.0299,24.0,False,True,False,fanduel,2026-08-03T05:08:22.253Z,0.0299,False,703cd0e2c13f918da0079107761ecd6768435af90566bc2268520823a73965cd
sports_game_odds,20260803T051009Z-f34e0721,Y9Qsxk7SmfybPdHKqw9w,g53,401869142,1,1,Lamar,Louisiana,fanduel,moneyline,home,,-1200,True,False,2026-08-03T05:08:22.253Z,-1200.0,-1200,2026-08-03T05:10:09.838609+00:00,0.0299,24.0,False,True,False,fanduel,2026-08-03T05:08:22.253Z,0.0299,False,581a1c45e739bc14bf90a5623b18889616cb56fa02aa8a330451c0aa79e5d69b
sports_game_odds,20260803T051009Z-f34e0721,fEdcYhtPKzWfY9qXBSBD,g67,401858431,1,1,South Dakota State,Northwestern,fanduel,spread,away,13.5,-110,True,False,2026-08-03T05:08:17.000Z,15.5,-110,2026-08-03T05:10:09.838609+00:00,0.0313,24.0,False,True,False,fanduel,2026-08-03T05:08:17.000Z,0.0313,False,4118ebc82d95260320cc9c4492daf3775ae6b872b052f39c30a667dc16d40f76
sports_game_odds,20260803T051009Z-f34e0721,fEdcYhtPKzWfY9qXBSBD,g67,401858431,1,1,South Dakota State,Northwestern,fanduel,spread,home,-13.5,-110,True,False,2026-08-03T05:08:17.000Z,-15.5,-110,2026-08-03T05:10:09.838609+00:00,0.0313,24.0,False,True,False,fanduel,2026-08-03T05:08:17.000Z,0.0313,False,c43215bb821cc9d7d192b0bc22ae8393572b5c06855b3705dc88b795bd10f99d
sports_game_odds,20260803T051009Z-f34e0721,fEdcYhtPKzWfY9qXBSBD,g67,401858431,1,1,South Dakota State,Northwestern,fanduel,total,over,46.5,-115,True,False,2026-08-03T05:08:17.000Z,46.5,-115,2026-08-03T05:10:09.838609+00:00,0.0313,24.0,False,True,False,fanduel,2026-08-03T05:08:17.000Z,0.0313,False,bce753d69c839a2f90713aa59a5c79a83fb29f68e7fdae4b3b946044b928ab90
sports_game_odds,20260803T051009Z-f34e0721,fEdcYhtPKzWfY9qXBSBD,g67,401858431,1,1,South Dakota State,Northwestern,fanduel,total,under,46.5,-105,True,False,2026-08-03T05:08:17.000Z,46.5,-105,2026-08-03T05:10:09.838609+00:00,0.0313,24.0,False,True,False,fanduel,2026-08-03T05:08:17.000Z,0.0313,False,3356fcc3410d17c83d2e19be2d93f17045643fdd9eb7091c7cfeb7d1f07c62d0
sports_game_odds,20260803T051009Z-f34e0721,fEdcYhtPKzWfY9qXBSBD,g67,401858431,1,1,South Dakota State,Northwestern,fanduel,moneyline,away,,430,True,False,2026-08-03T05:08:17.000Z,540.0,540,2026-08-03T05:10:09.838609+00:00,0.0313,24.0,False,True,False,fanduel,2026-08-03T05:08:17.000Z,0.0313,False,8b58717f9a5a8acd1119222d4e7c784337daf9430e2205b2d86b51f24fb4f7d8
sports_game_odds,20260803T051009Z-f34e0721,fEdcYhtPKzWfY9qXBSBD,g67,401858431,1,1,South Dakota State,Northwestern,fanduel,moneyline,home,,-580,True,False,2026-08-03T05:08:17.000Z,-800.0,-800,2026-08-03T05:10:09.838609+00:00,0.0313,24.0,False,True,False,fanduel,2026-08-03T05:08:17.000Z,0.0313,False,86a39b064c75430a24b8d900a60e0b647e3342a70f17bd5086ae5af7ffd164da
sports_game_odds,20260803T051009Z-f34e0721,v7a9lYXmyWIiq70itqSg,g55,,1,1,Hampton,Maryland,fanduel,spread,away,45.5,-110,True,False,2026-08-03T05:08:22.253Z,41.5,-110,2026-08-03T05:10:09.838609+00:00,0.0299,24.0,False,True,False,fanduel,2026-08-03T05:08:22.253Z,0.0299,False,06d68223562b1dee81a51354efc1f162f3ef6d21f47344b28b8a4d714d4eec0a
sports_game_odds,20260803T051009Z-f34e0721,v7a9lYXmyWIiq70itqSg,g55,,1,1,Hampton,Maryland,fanduel,spread,home,-45.5,-110,True,False,2026-08-03T05:08:22.253Z,-41.5,-110,2026-08-03T05:10:09.838609+00:00,0.0299,24.0,False,True,False,fanduel,2026-08-03T05:08:22.253Z,0.0299,False,96825413c916c68ea20860ac194664e3d0554b71ff7604426454bfaa0affdc5c
sports_game_odds,20260803T051009Z-f34e0721,v7a9lYXmyWIiq70itqSg,g55,,1,1,Hampton,Maryland,fanduel,total,over,57.5,-110,True,False,2026-08-03T05:08:22.253Z,53.5,-110,2026-08-03T05:10:09.838609+00:00,0.0299,24.0,False,True,False,fanduel,2026-08-03T05:08:22.253Z,0.0299,False,6a95dc3331cda6b5cf7637ab71915916100a97a42cf888d9e9f7e4fd7e390385
sports_game_odds,20260803T051009Z-f34e0721,v7a9lYXmyWIiq70itqSg,g55,,1,1,Hampton,Maryland,fanduel,total,under,57.5,-110,True,False,2026-08-03T05:08:22.253Z,53.5,-110,2026-08-03T05:10:09.838609+00:00,0.0299,24.0,False,True,False,fanduel,2026-08-03T05:08:22.253Z,0.0299,False,cab8e5e945ad797c3fb093a3a0b4a9804a0ddc7b2136cb783d4143b47075bc6e
sports_game_odds,20260803T051009Z-f34e0721,CvZtw6DECa0Z08b1KnMf,g65,,1,1,Mercyhurst,New Mexico State,fanduel,spread,away,26.5,-110,True,False,2026-08-03T05:08:17.000Z,23.5,-110,2026-08-03T05:10:09.838609+00:00,0.0313,24.0,False,True,False,fanduel,2026-08-03T05:08:17.000Z,0.0313,False,038be954e0caa37a0a172edb1bd8722da2df13382ca3c5099f0fd538479522a8
sports_game_odds,20260803T051009Z-f34e0721,CvZtw6DECa0Z08b1KnMf,g65,,1,1,Mercyhurst,New Mexico State,fanduel,spread,home,-26.5,-110,True,False,2026-08-03T05:08:22.253Z,-23.5,-110,2026-08-03T05:10:09.838609+00:00,0.0299,24.0,False,True,False,fanduel,2026-08-03T05:08:22.253Z,0.0299,False,38b58c77cc87a02dee869273975c2cc62beb7fad2c72770a0ea22be3c9be077c
sports_game_odds,20260803T051009Z-f34e0721,CvZtw6DECa0Z08b1KnMf,g65,,1,1,Mercyhurst,New Mexico State,fanduel,total,over,51.5,-110,True,False,2026-08-03T05:08:22.253Z,49.5,-105,2026-08-03T05:10:09.838609+00:00,0.0299,24.0,False,True,False,fanduel,2026-08-03T05:08:22.253Z,0.0299,False,a9b637305857536e50cb6544c1cc0d9974fc6a7376366edc98302ac4cfa05d7b
sports_game_odds,20260803T051009Z-f34e0721,CvZtw6DECa0Z08b1KnMf,g65,,1,1,Mercyhurst,New Mexico State,fanduel,total,under,51.5,-110,True,False,2026-08-03T05:08:22.253Z,49.5,-115,2026-08-03T05:10:09.838609+00:00,0.0299,24.0,False,True,False,fanduel,2026-08-03T05:08:22.253Z,0.0299,False,8614d949c9a60744c2b018398cb3a421c67f4b5a4171f5910e1c75fafe3dedff
sports_game_odds,20260803T051009Z-f34e0721,CvZtw6DECa0Z08b1KnMf,g65,,1,1,Mercyhurst,New Mexico State,fanduel,moneyline,away,,1600,True,False,2026-08-03T05:08:17.000Z,1280.0,1280,2026-08-03T05:10:09.838609+00:00,0.0313,24.0,False,True,False,fanduel,2026-08-03T05:08:17.000Z,0.0313,False,a295a0b45a7a1bbae44eeb0d443a64c8eac45ad90b192b253f95113fee45f199
sports_game_odds,20260803T051009Z-f34e0721,CvZtw6DECa0Z08b1KnMf,g65,,1,1,Mercyhurst,New Mexico State,fanduel,moneyline,home,,-4500,True,False,2026-08-03T05:08:22.253Z,-3500.0,-3500,2026-08-03T05:10:09.838609+00:00,0.0299,24.0,False,True,False,fanduel,2026-08-03T05:08:22.253Z,0.0299,False,541c4ba42f9e48202020fd86eed6cd6652a8a1c44a3aaaa7acc6f039c8f8939b
sports_game_odds,20260803T051009Z-f34e0721,F6JAYzQLKcByNfLGmneP,g77,401860879,1,1,Portland State,San Diego State,fanduel,spread,away,41.5,-105,True,False,2026-08-03T05:08:22.253Z,40.5,-110,2026-08-03T05:10:09.838609+00:00,0.0299,24.0,False,True,False,fanduel,2026-08-03T05:08:22.253Z,0.0299,False,c053453e66799d95da746c32b78e14487c0533925990da460657777c63541105
sports_game_odds,20260803T051009Z-f34e0721,F6JAYzQLKcByNfLGmneP,g77,401860879,1,1,Portland State,San Diego State,fanduel,spread,home,-41.5,-115,True,False,2026-08-03T05:08:22.253Z,-40.5,-110,2026-08-03T05:10:09.838609+00:00,0.0299,24.0,False,True,False,fanduel,2026-08-03T05:08:22.253Z,0.0299,False,3de028e9936493078ede16f18d8d74f4a0cce99cc91d93ddde78f62b0d4542b4
sports_game_odds,20260803T051009Z-f34e0721,F6JAYzQLKcByNfLGmneP,g77,401860879,1,1,Portland State,San Diego State,fanduel,total,over,58.5,-110,True,False,2026-08-03T05:08:22.253Z,54.5,-110,2026-08-03T05:10:09.838609+00:00,0.0299,24.0,False,True,False,fanduel,2026-08-03T05:08:22.253Z,0.0299,False,06222eddb249df80539fdbf2d28ea58ae94bcfa6aedb8521695d54d088c0fb95
sports_game_odds,20260803T051009Z-f34e0721,F6JAYzQLKcByNfLGmneP,g77,401860879,1,1,Portland State,San Diego State,fanduel,total,under,58.5,-110,True,False,2026-08-03T05:08:22.253Z,54.5,-110,2026-08-03T05:10:09.838609+00:00,0.0299,24.0,False,True,False,fanduel,2026-08-03T05:08:22.253Z,0.0299,False,0af4edf4a83367c0e7859432f974d888dfb8729172a2257ddc33a5449654240a
sports_game_odds,20260803T051009Z-f34e0721,bwDnMDnEX3kQrxPesrMn,g26,401856773,1,1,Northern Arizona,Arizona,fanduel,spread,away,29.5,-105,True,False,2026-08-03T05:08:22.253Z,29.5,-110,2026-08-03T05:10:09.838609+00:00,0.0299,24.0,False,True,False,fanduel,2026-08-03T05:08:22.253Z,0.0299,False,dd1923c31f274cf804333c84959667d1e30d563bb1deb288c7037aeb4d49d8d9
sports_game_odds,20260803T051009Z-f34e0721,bwDnMDnEX3kQrxPesrMn,g26,401856773,1,1,Northern Arizona,Arizona,fanduel,spread,home,-29.5,-115,True,False,2026-08-03T05:08:22.253Z,-29.5,-110,2026-08-03T05:10:09.838609+00:00,0.0299,24.0,False,True,False,fanduel,2026-08-03T05:08:22.253Z,0.0299,False,1570e9553cfe74b4475afd48ae51164479fe0d10cfab87239bb6c92fcc317efe
sports_game_odds,20260803T051009Z-f34e0721,bwDnMDnEX3kQrxPesrMn,g26,401856773,1,1,Northern Arizona,Arizona,fanduel,total,over,57.5,-110,True,False,2026-08-03T05:08:22.253Z,57.5,-110,2026-08-03T05:10:09.838609+00:00,0.0299,24.0,False,True,False,fanduel,2026-08-03T05:08:22.253Z,0.0299,False,0c83d9a40e29fd3ed16dccc29bffd49138732417aef3567d24c05a2bfdeea5ba
sports_game_odds,20260803T051009Z-f34e0721,bwDnMDnEX3kQrxPesrMn,g26,401856773,1,1,Northern Arizona,Arizona,fanduel,total,under,57.5,-110,True,False,2026-08-03T05:08:22.253Z,57.5,-110,2026-08-03T05:10:09.838609+00:00,0.0299,24.0,False,True,False,fanduel,2026-08-03T05:08:22.253Z,0.0299,False,872585f82aadee3bb5a4df168c95858f314dcc64ab34b0501c7b175f27dfd5f6
sports_game_odds,20260803T051009Z-f34e0721,bwDnMDnEX3kQrxPesrMn,g26,401856773,1,1,Northern Arizona,Arizona,fanduel,moneyline,away,,2200,True,False,2026-08-03T05:08:22.253Z,2400.0,2400,2026-08-03T05:10:09.838609+00:00,0.0299,24.0,False,True,False,fanduel,2026-08-03T05:08:22.253Z,0.0299,False,24baef99bf1c69c7d669d859892e93ccc9720d8412fe5fadfca27c137b7f636f
sports_game_odds,20260803T051009Z-f34e0721,bwDnMDnEX3kQrxPesrMn,g26,401856773,1,1,Northern Arizona,Arizona,fanduel,moneyline,home,,-10000,True,False,2026-08-03T05:08:22.253Z,-10000.0,-10000,2026-08-03T05:10:09.838609+00:00,0.0299,24.0,False,True,False,fanduel,2026-08-03T05:08:22.253Z,0.0299,False,0a8c6eb0b8a49504b231277ed21fcabe17ad57bf4f4535e62b11be85fe17caa5
sports_game_odds,20260803T051009Z-f34e0721,KUvjPeTJpsVjlkykfZLQ,g64,401864498,1,1,Central Michigan,New Mexico,fanduel,spread,away,12.5,-110,True,False,2026-08-03T05:08:22.253Z,11.5,-108,2026-08-03T05:10:09.838609+00:00,0.0299,24.0,False,True,False,fanduel,2026-08-03T05:08:22.253Z,0.0299,False,46dcd3184ba6d90fc8f0d94b1bc00487d636171df076d82e4c08bba95564cce0
sports_game_odds,20260803T051009Z-f34e0721,KUvjPeTJpsVjlkykfZLQ,g64,401864498,1,1,Central Michigan,New Mexico,draftkings,spread,away,12.5,-112,True,False,2026-08-03T05:08:22.214Z,12.5,-112,2026-08-03T05:10:09.838609+00:00,0.0299,24.0,False,True,False,draftkings,2026-08-03T05:08:22.214Z,0.0299,False,0ac3931124644aa966559e7abf85c853acfe36909a87d85c40f9397b780d4eb0
sports_game_odds,20260803T051009Z-f34e0721,KUvjPeTJpsVjlkykfZLQ,g64,401864498,1,1,Central Michigan,New Mexico,caesars,spread,away,12.5,-108,True,False,2026-08-03T05:08:12.000Z,12.5,-112,2026-08-03T05:10:09.838609+00:00,0.0327,24.0,False,True,False,caesars,2026-08-03T05:08:12.000Z,0.0327,False,a6f5b357610efd9c4bce6bfd2b9075344da02a037314d8473e5abbeecb89ccae
sports_game_odds,20260803T051009Z-f34e0721,KUvjPeTJpsVjlkykfZLQ,g64,401864498,1,1,Central Michigan,New Mexico,bovada,spread,away,12.5,-110,True,False,2026-08-03T05:08:04.700Z,12.5,-110,2026-08-03T05:10:09.838609+00:00,0.0348,24.0,False,True,False,bovada,2026-08-03T05:08:04.700Z,0.0348,False,34dbee4b3e1f1c50bd123894c695d827146c1c1e0f64bac1069ced05124f1d48
sports_game_odds,20260803T051009Z-f34e0721,KUvjPeTJpsVjlkykfZLQ,g64,401864498,1,1,Central Michigan,New Mexico,betmgm,spread,away,12.5,-110,True,False,2026-08-03T05:08:17.000Z,12.5,-110,2026-08-03T05:10:09.838609+00:00,0.0313,24.0,False,True,False,betmgm,2026-08-03T05:08:17.000Z,0.0313,False,8dc3969470d90dc66becae20d5774b45ebe41079b2bca14f0acd79f42da2ab88
sports_game_odds,20260803T051009Z-f34e0721,KUvjPeTJpsVjlkykfZLQ,g64,401864498,1,1,Central Michigan,New Mexico,fanduel,spread,home,-12.5,-110,True,False,2026-08-03T05:08:22.253Z,-11.5,-112,2026-08-03T05:10:09.838609+00:00,0.0299,24.0,False,True,False,fanduel,2026-08-03T05:08:22.253Z,0.0299,False,86012ce4d0951602a04c5c47f0630e3c5af0f07eb0a66ad2d634bd3e130c4058
sports_game_odds,20260803T051009Z-f34e0721,KUvjPeTJpsVjlkykfZLQ,g64,401864498,1,1,Central Michigan,New Mexico,draftkings,spread,home,-12.5,-108,True,False,2026-08-03T05:08:22.214Z,-12.5,-108,2026-08-03T05:10:09.838609+00:00,0.0299,24.0,False,True,False,draftkings,2026-08-03T05:08:22.214Z,0.0299,False,7d747fe6a451b0bfded2a08db2f4f8bd5c5eb018ebd6cb1ba7d56f9aa5283516
sports_game_odds,20260803T051009Z-f34e0721,KUvjPeTJpsVjlkykfZLQ,g64,401864498,1,1,Central Michigan,New Mexico,caesars,spread,home,-12.5,-112,True,False,2026-08-03T05:08:12.000Z,-12.5,-109,2026-08-03T05:10:09.838609+00:00,0.0327,24.0,False,True,False,caesars,2026-08-03T05:08:12.000Z,0.0327,False,6110b9816de8590507a15e26b09fd37051cb99c1367806f70077bc1fe53b8cab
sports_game_odds,20260803T051009Z-f34e0721,KUvjPeTJpsVjlkykfZLQ,g64,401864498,1,1,Central Michigan,New Mexico,bovada,spread,home,-12.5,-110,True,False,2026-08-03T05:08:04.700Z,-12.5,-110,2026-08-03T05:10:09.838609+00:00,0.0348,24.0,False,True,False,bovada,2026-08-03T05:08:04.700Z,0.0348,False,53470f4dfeb62b9ccd79c17ccf3e695585aaabcefdb0311a07e3cf4ccd5e5681
sports_game_odds,20260803T051009Z-f34e0721,KUvjPeTJpsVjlkykfZLQ,g64,401864498,1,1,Central Michigan,New Mexico,betmgm,spread,home,-12.5,-110,True,False,2026-08-03T05:08:17.000Z,-12.5,-110,2026-08-03T05:10:09.838609+00:00,0.0313,24.0,False,True,False,betmgm,2026-08-03T05:08:17.000Z,0.0313,False,5675445bf040c61583bdba2c85d3e0b59e9b13d6ec59bcbae5767bbe62c3061b
sports_game_odds,20260803T051009Z-f34e0721,KUvjPeTJpsVjlkykfZLQ,g64,401864498,1,1,Central Michigan,New Mexico,fanduel,total,over,48.5,-110,True,False,2026-08-03T05:08:22.253Z,48.5,-110,2026-08-03T05:10:09.838609+00:00,0.0299,24.0,False,True,False,fanduel,2026-08-03T05:08:22.253Z,0.0299,False,bb1c48d92d97fd8d059edd24470e268834c1825e649ae147fed4c40dd7c00928
sports_game_odds,20260803T051009Z-f34e0721,KUvjPeTJpsVjlkykfZLQ,g64,401864498,1,1,Central Michigan,New Mexico,draftkings,total,over,49.5,-112,False,False,2026-07-20T22:18:25.738Z,49.5,-112,2026-08-03T05:10:09.838609+00:00,318.8623,24.0,True,False,False,draftkings,2026-07-20T22:18:25.738Z,318.8623,True,ae3626f123e26a8db7af2cb9a6d186639d5d76582037bb59b756072f22d89159
sports_game_odds,20260803T051009Z-f34e0721,KUvjPeTJpsVjlkykfZLQ,g64,401864498,1,1,Central Michigan,New Mexico,caesars,total,over,49.5,-104,False,False,2026-07-23T16:18:31.000Z,49.5,-109,2026-08-03T05:10:09.838609+00:00,252.8608,24.0,True,False,False,caesars,2026-07-23T16:18:31.000Z,252.8608,True,fc6817464437aa63b77ad53ba1c4e1d1f829e142729363a586c9554af4261b74
sports_game_odds,20260803T051009Z-f34e0721,KUvjPeTJpsVjlkykfZLQ,g64,401864498,1,1,Central Michigan,New Mexico,betmgm,total,over,49.5,-105,True,False,2026-08-03T05:08:17.000Z,49.5,-110,2026-08-03T05:10:09.838609+00:00,0.0313,24.0,False,True,False,betmgm,2026-08-03T05:08:17.000Z,0.0313,False,edc6351016be117ce57a24e7685db0a6a170c0096b7660846146c57cebffabe7
sports_game_odds,20260803T051009Z-f34e0721,KUvjPeTJpsVjlkykfZLQ,g64,401864498,1,1,Central Michigan,New Mexico,fanduel,total,under,48.5,-110,True,False,2026-08-03T05:08:22.253Z,48.5,-110,2026-08-03T05:10:09.838609+00:00,0.0299,24.0,False,True,False,fanduel,2026-08-03T05:08:22.253Z,0.0299,False,3bdfe14ff951e16da599b43b590ffbc9dfe7cf0728192a32020410cacb431301
sports_game_odds,20260803T051009Z-f34e0721,KUvjPeTJpsVjlkykfZLQ,g64,401864498,1,1,Central Michigan,New Mexico,draftkings,total,under,49.5,-108,False,False,2026-07-20T22:18:25.738Z,49.5,-108,2026-08-03T05:10:09.838609+00:00,318.8623,24.0,True,False,False,draftkings,2026-07-20T22:18:25.738Z,318.8623,True,4ba55b07b63328c4aec2335c8664e3c6039e4b2e294cd5804d944413676f36ca
sports_game_odds,20260803T051009Z-f34e0721,KUvjPeTJpsVjlkykfZLQ,g64,401864498,1,1,Central Michigan,New Mexico,caesars,total,under,49.5,-117,False,False,2026-07-23T16:18:31.000Z,49.5,-112,2026-08-03T05:10:09.838609+00:00,252.8608,24.0,True,False,False,caesars,2026-07-23T16:18:31.000Z,252.8608,True,331d7e563bf2ed45e22652a5c2dde947f2cf07c274a50f9804ad0934b36bf04e
sports_game_odds,20260803T051009Z-f34e0721,KUvjPeTJpsVjlkykfZLQ,g64,401864498,1,1,Central Michigan,New Mexico,betmgm,total,under,49.5,-115,True,False,2026-08-03T05:08:17.000Z,49.5,-110,2026-08-03T05:10:09.838609+00:00,0.0313,24.0,False,True,False,betmgm,2026-08-03T05:08:17.000Z,0.0313,False,cc51ccf6759eeb6fa27bf1bd8ef8862e036a6c511c627fd267ed24b97d15b5b3
sports_game_odds,20260803T051009Z-f34e0721,KUvjPeTJpsVjlkykfZLQ,g64,401864498,1,1,Central Michigan,New Mexico,fanduel,moneyline,away,,400,True,False,2026-08-03T05:08:22.253Z,390.0,390,2026-08-03T05:10:09.838609+00:00,0.0299,24.0,False,True,False,fanduel,2026-08-03T05:08:22.253Z,0.0299,False,c4dae10eb1335ecd933a3a860423711aa2868b0215c0d228751d1dfba7e23474
sports_game_odds,20260803T051009Z-f34e0721,KUvjPeTJpsVjlkykfZLQ,g64,401864498,1,1,Central Michigan,New Mexico,draftkings,moneyline,away,,400,True,False,2026-08-03T05:08:22.214Z,370.0,370,2026-08-03T05:10:09.838609+00:00,0.0299,24.0,False,True,False,draftkings,2026-08-03T05:08:22.214Z,0.0299,False,25a88100c9ba8152b44a2a2e9e98a165381c6d82997db308ebc1fd39996a5749
sports_game_odds,20260803T051009Z-f34e0721,KUvjPeTJpsVjlkykfZLQ,g64,401864498,1,1,Central Michigan,New Mexico,caesars,moneyline,away,,400,True,False,2026-08-03T05:08:12.000Z,380.0,380,2026-08-03T05:10:09.838609+00:00,0.0327,24.0,False,True,False,caesars,2026-08-03T05:08:12.000Z,0.0327,False,f4e8c9e4540310199b1ac9064e14e659e398867296793002331f6d856cd0dfdc
sports_game_odds,20260803T051009Z-f34e0721,KUvjPeTJpsVjlkykfZLQ,g64,401864498,1,1,Central Michigan,New Mexico,betmgm,moneyline,away,,400,True,False,2026-08-03T05:08:17.000Z,400.0,400,2026-08-03T05:10:09.838609+00:00,0.0313,24.0,False,True,False,betmgm,2026-08-03T05:08:17.000Z,0.0313,False,39c2a9f75553c2a9e41769d9f509961a93919e95978bada2450b068cce0a5c85
sports_game_odds,20260803T051009Z-f34e0721,KUvjPeTJpsVjlkykfZLQ,g64,401864498,1,1,Central Michigan,New Mexico,fanduel,moneyline,home,,-550,True,False,2026-08-03T05:08:22.253Z,-530.0,-530,2026-08-03T05:10:09.838609+00:00,0.0299,24.0,False,True,False,fanduel,2026-08-03T05:08:22.253Z,0.0299,False,28953a80469f2630c209f1c216f5f460a48dbe89c15ab7cefe6e4ab7a634dc47
sports_game_odds,20260803T051009Z-f34e0721,KUvjPeTJpsVjlkykfZLQ,g64,401864498,1,1,Central Michigan,New Mexico,draftkings,moneyline,home,,-535,True,False,2026-08-03T05:08:22.214Z,-485.0,-485,2026-08-03T05:10:09.838609+00:00,0.0299,24.0,False,True,False,draftkings,2026-08-03T05:08:22.214Z,0.0299,False,42d39e1a28066a42d1f18236fc6a616565d9f376c23a6dd66606d0e5bb9de974
sports_game_odds,20260803T051009Z-f34e0721,KUvjPeTJpsVjlkykfZLQ,g64,401864498,1,1,Central Michigan,New Mexico,caesars,moneyline,home,,-560,True,False,2026-08-03T05:08:12.000Z,-500.0,-500,2026-08-03T05:10:09.838609+00:00,0.0327,24.0,False,True,False,caesars,2026-08-03T05:08:12.000Z,0.0327,False,612af80260748c40fd7824903934bbd7903b8a8d0cf91ccc0d28dead18710ce8
sports_game_odds,20260803T051009Z-f34e0721,KUvjPeTJpsVjlkykfZLQ,g64,401864498,1,1,Central Michigan,New Mexico,betmgm,moneyline,home,,-550,True,False,2026-08-03T05:08:17.000Z,-550.0,-550,2026-08-03T05:10:09.838609+00:00,0.0313,24.0,False,True,False,betmgm,2026-08-03T05:08:17.000Z,0.0313,False,b113b6d2cee0842901ffe7613e6195e3cbb56bb2ac01a73badee45937b5c9810
sports_game_odds,20260803T051009Z-f34e0721,TIQWHmfhX2onfg8rs8qe,g27,401856774,1,1,Morgan State,Arizona State,fanduel,spread,away,42.5,-114,True,False,2026-08-03T05:08:22.253Z,42.5,-114,2026-08-03T05:10:09.838609+00:00,0.0299,24.0,False,True,False,fanduel,2026-08-03T05:08:22.253Z,0.0299,False,37b0fa3a1de19e0c1d733eb657d4ee5932e630482c2ba030f62ae1fedb2755cd
sports_game_odds,20260803T051009Z-f34e0721,TIQWHmfhX2onfg8rs8qe,g27,401856774,1,1,Morgan State,Arizona State,fanduel,spread,home,-42.5,-106,True,False,2026-08-03T05:08:22.253Z,-42.5,-106,2026-08-03T05:10:09.838609+00:00,0.0299,24.0,False,True,False,fanduel,2026-08-03T05:08:22.253Z,0.0299,False,53a6eafb3dadc901cbb5a3652cbbae3f83f06bb4d96cf723d11c325578390eb7
sports_game_odds,20260803T051009Z-f34e0721,TIQWHmfhX2onfg8rs8qe,g27,401856774,1,1,Morgan State,Arizona State,fanduel,total,over,52.5,-115,True,False,2026-08-03T05:08:22.253Z,51.5,-112,2026-08-03T05:10:09.838609+00:00,0.0299,24.0,False,True,False,fanduel,2026-08-03T05:08:22.253Z,0.0299,False,87b881f715d987d5adb31e7a276366880c16baf143e970ffbedf985462941c9c
sports_game_odds,20260803T051009Z-f34e0721,TIQWHmfhX2onfg8rs8qe,g27,401856774,1,1,Morgan State,Arizona State,fanduel,total,under,52.5,-105,True,False,2026-08-03T05:08:22.253Z,51.5,-108,2026-08-03T05:10:09.838609+00:00,0.0299,24.0,False,True,False,fanduel,2026-08-03T05:08:22.253Z,0.0299,False,c23b0e4723989728c8ff55af9e9d156c568b0ca9fdf210adcc8ab96ba4b23efc
sports_game_odds,20260803T051009Z-f34e0721,WUmsJRPZFs2zuoOoxtcM,g42,401864497,1,1,UNLV,Hawaii,fanduel,spread,away,-2.5,-110,True,False,2026-08-03T05:08:22.253Z,-2.5,-110,2026-08-03T05:10:09.838609+00:00,0.0299,24.0,False,True,False,fanduel,2026-08-03T05:08:22.253Z,0.0299,False,5fee7b3f938b99e4da0e1fefd52a77654a4f5e713820cdc33a966260d8612ef7
sports_game_odds,20260803T051009Z-f34e0721,WUmsJRPZFs2zuoOoxtcM,g42,401864497,1,1,UNLV,Hawaii,draftkings,spread,away,-1.5,-110,True,False,2026-08-03T05:08:22.214Z,-1.5,-108,2026-08-03T05:10:09.838609+00:00,0.0299,24.0,False,True,False,draftkings,2026-08-03T05:08:22.214Z,0.0299,False,9afe5e71a58a6774164cdf0e38b688954cca1f3b187b1e6dc6b8c175e7ae22b8
sports_game_odds,20260803T051009Z-f34e0721,WUmsJRPZFs2zuoOoxtcM,g42,401864497,1,1,UNLV,Hawaii,caesars,spread,away,-1.5,-109,True,False,2026-08-03T05:08:12.000Z,-1.5,-108,2026-08-03T05:10:09.838609+00:00,0.0327,24.0,False,True,False,caesars,2026-08-03T05:08:12.000Z,0.0327,False,190cfec160f37d3d3c339761c0bf2f0d0e2d1022885700028e49dbd4f947d5d5
sports_game_odds,20260803T051009Z-f34e0721,WUmsJRPZFs2zuoOoxtcM,g42,401864497,1,1,UNLV,Hawaii,bovada,spread,away,-1.5,-110,True,False,2026-08-03T05:08:22.000Z,-1.5,-110,2026-08-03T05:10:09.838609+00:00,0.03,24.0,False,True,False,bovada,2026-08-03T05:08:22.000Z,0.03,False,4795af36d02461f40e809e0f7701987aea0eccb7c10fbb2825a26aed7174abd0
sports_game_odds,20260803T051009Z-f34e0721,WUmsJRPZFs2zuoOoxtcM,g42,401864497,1,1,UNLV,Hawaii,betmgm,spread,away,-1.5,-110,True,False,2026-08-03T05:08:17.000Z,-1.5,-110,2026-08-03T05:10:09.838609+00:00,0.0313,24.0,False,True,False,betmgm,2026-08-03T05:08:17.000Z,0.0313,False,e49031f1230f10606fc6254e41b60d7b288df79cfdc93a99a6a60f591030b257
sports_game_odds,20260803T051009Z-f34e0721,WUmsJRPZFs2zuoOoxtcM,g42,401864497,1,1,UNLV,Hawaii,fanduel,spread,home,2.5,-110,True,False,2026-08-03T05:08:22.253Z,2.5,-110,2026-08-03T05:10:09.838609+00:00,0.0299,24.0,False,True,False,fanduel,2026-08-03T05:08:22.253Z,0.0299,False,2346030a155f672ef6c78d65370c3e5fd3331efaf2187204e8e3c14ecfb4fdef
sports_game_odds,20260803T051009Z-f34e0721,WUmsJRPZFs2zuoOoxtcM,g42,401864497,1,1,UNLV,Hawaii,draftkings,spread,home,1.5,-110,True,False,2026-08-03T05:08:22.214Z,1.5,-112,2026-08-03T05:10:09.838609+00:00,0.0299,24.0,False,True,False,draftkings,2026-08-03T05:08:22.214Z,0.0299,False,2fb7363a10d48e912c079d300e28f73589901e38454a82baf777a4487af5d01f
sports_game_odds,20260803T051009Z-f34e0721,WUmsJRPZFs2zuoOoxtcM,g42,401864497,1,1,UNLV,Hawaii,caesars,spread,home,1.5,-112,True,False,2026-08-03T05:08:12.000Z,1.5,-112,2026-08-03T05:10:09.838609+00:00,0.0327,24.0,False,True,False,caesars,2026-08-03T05:08:12.000Z,0.0327,False,432e0197ff4368f1eb10295aadd89d24ab4bbdd088e548a26448c3e76c64de52
sports_game_odds,20260803T051009Z-f34e0721,WUmsJRPZFs2zuoOoxtcM,g42,401864497,1,1,UNLV,Hawaii,bovada,spread,home,1.5,-110,True,False,2026-08-03T05:08:22.000Z,1.5,-110,2026-08-03T05:10:09.838609+00:00,0.03,24.0,False,True,False,bovada,2026-08-03T05:08:22.000Z,0.03,False,413f8c9eeb25102b7ac8de521f6d7991baeeeca66b477060a714427db1adbc73
sports_game_odds,20260803T051009Z-f34e0721,WUmsJRPZFs2zuoOoxtcM,g42,401864497,1,1,UNLV,Hawaii,betmgm,spread,home,1.5,-110,True,False,2026-08-03T05:08:17.000Z,1.5,-110,2026-08-03T05:10:09.838609+00:00,0.0313,24.0,False,True,False,betmgm,2026-08-03T05:08:17.000Z,0.0313,False,b18f393cbe9766fa7617a45b67f5fad43a7b7a7dfc06c06b6902889e9161a340
sports_game_odds,20260803T051009Z-f34e0721,WUmsJRPZFs2zuoOoxtcM,g42,401864497,1,1,UNLV,Hawaii,fanduel,total,over,58.5,-115,True,False,2026-08-03T05:08:22.253Z,58.5,-115,2026-08-03T05:10:09.838609+00:00,0.0299,24.0,False,True,False,fanduel,2026-08-03T05:08:22.253Z,0.0299,False,0ea833d3b702ab00b66fc564ceee572fc5346cc6ef0ff26e1b6f83f1cd5783ae
sports_game_odds,20260803T051009Z-f34e0721,WUmsJRPZFs2zuoOoxtcM,g42,401864497,1,1,UNLV,Hawaii,draftkings,total,over,58.5,-110,True,False,2026-08-03T05:08:22.214Z,58.5,-108,2026-08-03T05:10:09.838609+00:00,0.0299,24.0,False,True,False,draftkings,2026-08-03T05:08:22.214Z,0.0299,False,e7cb8ad573da549fc7ed42c7dee9eadc762e268d9d62f2d7cae12429e1bc29b7
sports_game_odds,20260803T051009Z-f34e0721,WUmsJRPZFs2zuoOoxtcM,g42,401864497,1,1,UNLV,Hawaii,bovada,total,over,58.5,-110,True,False,2026-08-03T05:08:22.000Z,58.5,-110,2026-08-03T05:10:09.838609+00:00,0.03,24.0,False,True,False,bovada,2026-08-03T05:08:22.000Z,0.03,False,ba984449b137d6d6088db3cd6feb4b912dbe565de57f612d1c5f1922ee23cdb3
sports_game_odds,20260803T051009Z-f34e0721,WUmsJRPZFs2zuoOoxtcM,g42,401864497,1,1,UNLV,Hawaii,caesars,total,over,58.5,-110,True,False,2026-08-03T05:08:12.000Z,58.5,-110,2026-08-03T05:10:09.838609+00:00,0.0327,24.0,False,True,False,caesars,2026-08-03T05:08:12.000Z,0.0327,False,da0386fd7abb424bd0c951b2a9f008901aa027f6505151b23069590e76de7f14
sports_game_odds,20260803T051009Z-f34e0721,WUmsJRPZFs2zuoOoxtcM,g42,401864497,1,1,UNLV,Hawaii,betmgm,total,over,58.5,-115,True,False,2026-08-03T05:08:17.000Z,58.5,-105,2026-08-03T05:10:09.838609+00:00,0.0313,24.0,False,True,False,betmgm,2026-08-03T05:08:17.000Z,0.0313,False,261b9666cb0ca5bbfdc9b8dd6ea4c3b8c6c4ca627dbac54a8e7be49e2f05cb73
sports_game_odds,20260803T051009Z-f34e0721,WUmsJRPZFs2zuoOoxtcM,g42,401864497,1,1,UNLV,Hawaii,fanduel,total,under,58.5,-105,True,False,2026-08-03T05:08:22.253Z,58.5,-105,2026-08-03T05:10:09.838609+00:00,0.0299,24.0,False,True,False,fanduel,2026-08-03T05:08:22.253Z,0.0299,False,05a3349197daf69257b6ada8209e7018009f0c530e40af0dfba17902e90f8f0c
sports_game_odds,20260803T051009Z-f34e0721,WUmsJRPZFs2zuoOoxtcM,g42,401864497,1,1,UNLV,Hawaii,draftkings,total,under,58.5,-110,True,False,2026-08-03T05:08:22.214Z,58.5,-112,2026-08-03T05:10:09.838609+00:00,0.0299,24.0,False,True,False,draftkings,2026-08-03T05:08:22.214Z,0.0299,False,ae9a8d9f96609369e675c77b2f0c08b2c0f25fcace646fe3be6bea49a8d9c05d
sports_game_odds,20260803T051009Z-f34e0721,WUmsJRPZFs2zuoOoxtcM,g42,401864497,1,1,UNLV,Hawaii,bovada,total,under,58.5,-110,True,False,2026-08-03T05:08:22.000Z,58.5,-110,2026-08-03T05:10:09.838609+00:00,0.03,24.0,False,True,False,bovada,2026-08-03T05:08:22.000Z,0.03,False,a9011c908b24cec821d716e7d1bcb5c14a6029074f28154aa1f84abbbacbf930
sports_game_odds,20260803T051009Z-f34e0721,WUmsJRPZFs2zuoOoxtcM,g42,401864497,1,1,UNLV,Hawaii,caesars,total,under,58.5,-110,True,False,2026-08-03T05:08:12.000Z,58.5,-110,2026-08-03T05:10:09.838609+00:00,0.0327,24.0,False,True,False,caesars,2026-08-03T05:08:12.000Z,0.0327,False,05fb609383fa84f6be21d7fa836c658ab025c9d6afcadd6e2dde5970abf43d87
sports_game_odds,20260803T051009Z-f34e0721,WUmsJRPZFs2zuoOoxtcM,g42,401864497,1,1,UNLV,Hawaii,betmgm,total,under,58.5,-105,True,False,2026-08-03T05:08:17.000Z,58.5,-115,2026-08-03T05:10:09.838609+00:00,0.0313,24.0,False,True,False,betmgm,2026-08-03T05:08:17.000Z,0.0313,False,480e6f20b2f6d5b1730a51a8efd60de5251ef3c9a65dcf80de826fb8e4223cbf
sports_game_odds,20260803T051009Z-f34e0721,WUmsJRPZFs2zuoOoxtcM,g42,401864497,1,1,UNLV,Hawaii,fanduel,moneyline,away,,-132,True,False,2026-08-03T05:08:22.253Z,-132.0,-132,2026-08-03T05:10:09.838609+00:00,0.0299,24.0,False,True,False,fanduel,2026-08-03T05:08:22.253Z,0.0299,False,a79c9c2de126da252328b8c67162e983ec40d69aeef27cdbe134983574b18c99
sports_game_odds,20260803T051009Z-f34e0721,WUmsJRPZFs2zuoOoxtcM,g42,401864497,1,1,UNLV,Hawaii,draftkings,moneyline,away,,-122,True,False,2026-08-03T05:08:22.214Z,-125.0,-125,2026-08-03T05:10:09.838609+00:00,0.0299,24.0,False,True,False,draftkings,2026-08-03T05:08:22.214Z,0.0299,False,f1e502115b039ebe48652487a1fcc3034076afa1717437e14b6ff94845080569
sports_game_odds,20260803T051009Z-f34e0721,WUmsJRPZFs2zuoOoxtcM,g42,401864497,1,1,UNLV,Hawaii,caesars,moneyline,away,,-122,True,False,2026-08-03T05:08:12.000Z,-127.0,-127,2026-08-03T05:10:09.838609+00:00,0.0327,24.0,False,True,False,caesars,2026-08-03T05:08:12.000Z,0.0327,False,16f229ff8cd9dd60e8a5171dd309193fb9e3aeff48efff41104e657674ad6103
sports_game_odds,20260803T051009Z-f34e0721,WUmsJRPZFs2zuoOoxtcM,g42,401864497,1,1,UNLV,Hawaii,bovada,moneyline,away,,-125,True,False,2026-08-03T05:08:22.000Z,-125.0,-125,2026-08-03T05:10:09.838609+00:00,0.03,24.0,False,True,False,bovada,2026-08-03T05:08:22.000Z,0.03,False,af4060fe528617e1dfbbbe276337da4018a42cc4f771b8b7008b2e5c833eea53
sports_game_odds,20260803T051009Z-f34e0721,WUmsJRPZFs2zuoOoxtcM,g42,401864497,1,1,UNLV,Hawaii,betmgm,moneyline,away,,-120,True,False,2026-08-03T05:08:17.000Z,-120.0,-120,2026-08-03T05:10:09.838609+00:00,0.0313,24.0,False,True,False,betmgm,2026-08-03T05:08:17.000Z,0.0313,False,90a11023250252e3cc9f1512f7a3ac015f4b4fa9901310aaded7eeb98b16ebc6
sports_game_odds,20260803T051009Z-f34e0721,WUmsJRPZFs2zuoOoxtcM,g42,401864497,1,1,UNLV,Hawaii,fanduel,moneyline,home,,110,True,False,2026-08-03T05:08:22.253Z,110.0,110,2026-08-03T05:10:09.838609+00:00,0.0299,24.0,False,True,False,fanduel,2026-08-03T05:08:22.253Z,0.0299,False,01845811c794da08ed385f2fa3a7235f7bb4041a61ba1f74de112c732e179ed1
sports_game_odds,20260803T051009Z-f34e0721,WUmsJRPZFs2zuoOoxtcM,g42,401864497,1,1,UNLV,Hawaii,draftkings,moneyline,home,,102,True,False,2026-08-03T05:08:22.214Z,105.0,105,2026-08-03T05:10:09.838609+00:00,0.0299,24.0,False,True,False,draftkings,2026-08-03T05:08:22.214Z,0.0299,False,7c75447703b8d2c1b83b4f58f700c2ec6da2ba2c8e95e0fc656f824c5608f184
sports_game_odds,20260803T051009Z-f34e0721,WUmsJRPZFs2zuoOoxtcM,g42,401864497,1,1,UNLV,Hawaii,caesars,moneyline,home,,104,True,False,2026-08-03T05:08:12.000Z,107.0,107,2026-08-03T05:10:09.838609+00:00,0.0327,24.0,False,True,False,caesars,2026-08-03T05:08:12.000Z,0.0327,False,190ff4d53b5f7ca696dbb7b6894e50715cb8a33aee36775e258cd10c47d407cd
sports_game_odds,20260803T051009Z-f34e0721,WUmsJRPZFs2zuoOoxtcM,g42,401864497,1,1,UNLV,Hawaii,bovada,moneyline,home,,105,True,False,2026-08-03T05:08:22.000Z,105.0,105,2026-08-03T05:10:09.838609+00:00,0.03,24.0,False,True,False,bovada,2026-08-03T05:08:22.000Z,0.03,False,1a80fb96b1d6198923a27e2dfce062901b3cac529a25369fd01f20d4c67f2793
sports_game_odds,20260803T051009Z-f34e0721,WUmsJRPZFs2zuoOoxtcM,g42,401864497,1,1,UNLV,Hawaii,betmgm,moneyline,home,,100,True,False,2026-08-03T05:08:17.000Z,100.0,100,2026-08-03T05:10:09.838609+00:00,0.0313,24.0,False,True,False,betmgm,2026-08-03T05:08:17.000Z,0.0313,False,8252508eaf034ad8d62727af7c5ab9bc8a8362203a27189ede067189a6597d65
sports_game_odds,20260803T051009Z-f34e0721,y2Us9zvfkdzVDhXxwkDY,g76,401866411,1,1,MVSU,Sacramento State,fanduel,spread,away,35.5,-110,True,False,2026-08-03T05:08:22.253Z,32.5,-110,2026-08-03T05:10:09.838609+00:00,0.0299,24.0,False,True,False,fanduel,2026-08-03T05:08:22.253Z,0.0299,False,4d8af68f6eed8b9a3bc1cfd9209e2cf19e444719e753f28d6d67713c1be627a8
sports_game_odds,20260803T051009Z-f34e0721,y2Us9zvfkdzVDhXxwkDY,g76,401866411,1,1,MVSU,Sacramento State,fanduel,spread,home,-35.5,-110,True,False,2026-08-03T05:08:22.253Z,-32.5,-110,2026-08-03T05:10:09.838609+00:00,0.0299,24.0,False,True,False,fanduel,2026-08-03T05:08:22.253Z,0.0299,False,3b2d19c36ca7b9b8b6aad14368eb213e3c0e90de4eb0c53234b569fa46c149b7
sports_game_odds,20260803T051009Z-f34e0721,y2Us9zvfkdzVDhXxwkDY,g76,401866411,1,1,MVSU,Sacramento State,fanduel,total,over,55.5,-115,True,False,2026-08-03T05:08:22.253Z,55.5,-112,2026-08-03T05:10:09.838609+00:00,0.0299,24.0,False,True,False,fanduel,2026-08-03T05:08:22.253Z,0.0299,False,53dc7ca2cfa4c5b98c5e33f44f272484652b123f8530766fdec61fa5faf37e67
sports_game_odds,20260803T051009Z-f34e0721,y2Us9zvfkdzVDhXxwkDY,g76,401866411,1,1,MVSU,Sacramento State,fanduel,total,under,55.5,-105,True,False,2026-08-03T05:08:22.253Z,55.5,-108,2026-08-03T05:10:09.838609+00:00,0.0299,24.0,False,True,False,fanduel,2026-08-03T05:08:22.253Z,0.0299,False,e84a9458de9768ff170a9e39c1393ab692f9e180d741528117ce61b19437c918
sports_game_odds,20260803T051009Z-f34e0721,y2Us9zvfkdzVDhXxwkDY,g76,401866411,1,1,MVSU,Sacramento State,fanduel,moneyline,away,,5500,True,False,2026-08-03T05:08:04.700Z,3500.0,3500,2026-08-03T05:10:09.838609+00:00,0.0348,24.0,False,True,False,fanduel,2026-08-03T05:08:04.700Z,0.0348,False,6d3a65723f210e26af7060a9979221cef8c477dc163a8c527f11273d7767ddf5
sports_game_odds,20260803T051009Z-f34e0721,y2Us9zvfkdzVDhXxwkDY,g76,401866411,1,1,MVSU,Sacramento State,fanduel,moneyline,home,,-50000,False,False,2026-08-03T05:08:04.700Z,-20000.0,-20000,2026-08-03T05:10:09.838609+00:00,0.0348,24.0,False,False,False,fanduel,2026-08-03T05:08:04.700Z,0.0348,False,d791a0ed0ddd056cf670948b53c6c18f23a8b5038d13b889d40684e281bdb9f6
sports_game_odds,20260803T051009Z-f34e0721,5YQ1dVIMxRp5wfxLUQ58,g63,401864432,1,1,Western Kentucky,Nevada,fanduel,spread,away,-2.5,-124,True,False,2026-08-03T05:08:22.253Z,-2.5,-122,2026-08-03T05:10:09.838609+00:00,0.0299,24.0,False,True,False,fanduel,2026-08-03T05:08:22.253Z,0.0299,False,f8ee250b031ece6e586355e5f9eeef7e74bca5f09156d8384adae1f40798433b
sports_game_odds,20260803T051009Z-f34e0721,5YQ1dVIMxRp5wfxLUQ58,g63,401864432,1,1,Western Kentucky,Nevada,draftkings,spread,away,-3.0,-108,True,False,2026-08-03T05:08:22.214Z,-3.0,-112,2026-08-03T05:10:09.838609+00:00,0.0299,24.0,False,True,False,draftkings,2026-08-03T05:08:22.214Z,0.0299,False,7bf08972d4c53871382edafe38434650312ad817593c9a53d288a6ab11859579
sports_game_odds,20260803T051009Z-f34e0721,5YQ1dVIMxRp5wfxLUQ58,g63,401864432,1,1,Western Kentucky,Nevada,caesars,spread,away,-3.0,-105,True,False,2026-08-03T05:08:12.000Z,-3.0,-112,2026-08-03T05:10:09.838609+00:00,0.0327,24.0,False,True,False,caesars,2026-08-03T05:08:12.000Z,0.0327,False,8a44543b5de00b9e799e9bdaf06b8d7deb5b2a76e17b88619f7195e5d8ac5b76
sports_game_odds,20260803T051009Z-f34e0721,5YQ1dVIMxRp5wfxLUQ58,g63,401864432,1,1,Western Kentucky,Nevada,bovada,spread,away,-3.0,-110,True,False,2026-08-03T05:08:22.000Z,-3.0,-110,2026-08-03T05:10:09.838609+00:00,0.03,24.0,False,True,False,bovada,2026-08-03T05:08:22.000Z,0.03,False,4138580d36c2ab4aff0da4e336b80230d5d84e3a4e9cc369dd375281e2164460
sports_game_odds,20260803T051009Z-f34e0721,5YQ1dVIMxRp5wfxLUQ58,g63,401864432,1,1,Western Kentucky,Nevada,betmgm,spread,away,-3.0,-110,True,False,2026-08-03T05:08:17.000Z,-3.0,-110,2026-08-03T05:10:09.838609+00:00,0.0313,24.0,False,True,False,betmgm,2026-08-03T05:08:17.000Z,0.0313,False,337f849ea4722a4747361fb441b658779f9e3d5139b4120fdc63c762c735705f
sports_game_odds,20260803T051009Z-f34e0721,5YQ1dVIMxRp5wfxLUQ58,g63,401864432,1,1,Western Kentucky,Nevada,fanduel,spread,home,2.5,102,True,False,2026-08-03T05:08:22.253Z,2.5,100,2026-08-03T05:10:09.838609+00:00,0.0299,24.0,False,True,False,fanduel,2026-08-03T05:08:22.253Z,0.0299,False,d0ed9051f7922402f8d0bc413e35f807d90df235e20e895726408c26e94eb7c9
sports_game_odds,20260803T051009Z-f34e0721,5YQ1dVIMxRp5wfxLUQ58,g63,401864432,1,1,Western Kentucky,Nevada,draftkings,spread,home,3.0,-112,True,False,2026-08-03T05:08:22.214Z,3.0,-108,2026-08-03T05:10:09.838609+00:00,0.0299,24.0,False,True,False,draftkings,2026-08-03T05:08:22.214Z,0.0299,False,c05aaa3031a2f3bcc693edd0cfe3d72b47d9a57cb9a047377a8fbe80a9bed8be
sports_game_odds,20260803T051009Z-f34e0721,5YQ1dVIMxRp5wfxLUQ58,g63,401864432,1,1,Western Kentucky,Nevada,caesars,spread,home,3.0,-115,True,False,2026-08-03T05:08:12.000Z,3.0,-109,2026-08-03T05:10:09.838609+00:00,0.0327,24.0,False,True,False,caesars,2026-08-03T05:08:12.000Z,0.0327,False,c23690befb521f68deb3241b4bc22f6a13dc452d23b64a3415ba37f785edf6e8
sports_game_odds,20260803T051009Z-f34e0721,5YQ1dVIMxRp5wfxLUQ58,g63,401864432,1,1,Western Kentucky,Nevada,bovada,spread,home,3.0,-110,True,False,2026-08-03T05:08:22.000Z,3.0,-110,2026-08-03T05:10:09.838609+00:00,0.03,24.0,False,True,False,bovada,2026-08-03T05:08:22.000Z,0.03,False,ba2658cf011208d03b872cdf657c87d9df433c0d429bbb2a9613ef8da25a16cd
sports_game_odds,20260803T051009Z-f34e0721,5YQ1dVIMxRp5wfxLUQ58,g63,401864432,1,1,Western Kentucky,Nevada,betmgm,spread,home,3.0,-110,True,False,2026-08-03T05:08:17.000Z,3.0,-110,2026-08-03T05:10:09.838609+00:00,0.0313,24.0,False,True,False,betmgm,2026-08-03T05:08:17.000Z,0.0313,False,b9b309fc61c238e79a6a8d5c71113258fa2433d02e978fb84b9434e23e4dd9c7
sports_game_odds,20260803T051009Z-f34e0721,5YQ1dVIMxRp5wfxLUQ58,g63,401864432,1,1,Western Kentucky,Nevada,fanduel,total,over,52.5,-115,True,False,2026-08-03T05:08:22.253Z,52.5,-115,2026-08-03T05:10:09.838609+00:00,0.0299,24.0,False,True,False,fanduel,2026-08-03T05:08:22.253Z,0.0299,False,83063c6e999963f3c6d7a893ef1a4f5ed8c833079d3b7d3030dcd4ad08db13cb
sports_game_odds,20260803T051009Z-f34e0721,5YQ1dVIMxRp5wfxLUQ58,g63,401864432,1,1,Western Kentucky,Nevada,draftkings,total,over,52.5,-115,True,False,2026-08-03T05:08:22.214Z,53.5,-102,2026-08-03T05:10:09.838609+00:00,0.0299,24.0,False,True,False,draftkings,2026-08-03T05:08:22.214Z,0.0299,False,1fa3c12731f69449f9c722b19f7072f96fb205286bd5f6f55c898e3e17e0c01f
sports_game_odds,20260803T051009Z-f34e0721,5YQ1dVIMxRp5wfxLUQ58,g63,401864432,1,1,Western Kentucky,Nevada,bovada,total,over,52.5,-115,True,False,2026-08-03T05:08:22.000Z,53.5,100,2026-08-03T05:10:09.838609+00:00,0.03,24.0,False,True,False,bovada,2026-08-03T05:08:22.000Z,0.03,False,9f380e5f2974ec3d513173c165457573c7a77c14353642e5dcebcf3bc23ebce0
sports_game_odds,20260803T051009Z-f34e0721,5YQ1dVIMxRp5wfxLUQ58,g63,401864432,1,1,Western Kentucky,Nevada,caesars,total,over,52.5,-113,True,False,2026-08-03T05:08:12.000Z,53.5,-103,2026-08-03T05:10:09.838609+00:00,0.0327,24.0,False,True,False,caesars,2026-08-03T05:08:12.000Z,0.0327,False,2a249fb0d6dc6a9cf0c2760d114b6e7d32b4520410b2491595f6610307313cf4
sports_game_odds,20260803T051009Z-f34e0721,5YQ1dVIMxRp5wfxLUQ58,g63,401864432,1,1,Western Kentucky,Nevada,betmgm,total,over,52.5,-115,True,False,2026-08-03T05:08:17.000Z,52.5,-115,2026-08-03T05:10:09.838609+00:00,0.0313,24.0,False,True,False,betmgm,2026-08-03T05:08:17.000Z,0.0313,False,ac5c2c7f5bcd921fb4d0524c61b4ec7488e21bfe0c23e430fe21098a7e71dbbc
sports_game_odds,20260803T051009Z-f34e0721,5YQ1dVIMxRp5wfxLUQ58,g63,401864432,1,1,Western Kentucky,Nevada,fanduel,total,under,52.5,-105,True,False,2026-08-03T05:08:22.253Z,52.5,-105,2026-08-03T05:10:09.838609+00:00,0.0299,24.0,False,True,False,fanduel,2026-08-03T05:08:22.253Z,0.0299,False,529b0e3766825cbfb35a014014035fc71b2cb844369aea0d7955ebfe56f746ed
sports_game_odds,20260803T051009Z-f34e0721,5YQ1dVIMxRp5wfxLUQ58,g63,401864432,1,1,Western Kentucky,Nevada,draftkings,total,under,52.5,-105,True,False,2026-08-03T05:08:22.214Z,53.5,-118,2026-08-03T05:10:09.838609+00:00,0.0299,24.0,False,True,False,draftkings,2026-08-03T05:08:22.214Z,0.0299,False,08b99b6d7735f48ac277c76994ffd60e61cd32b0d28599fa6717284e6a63f519
sports_game_odds,20260803T051009Z-f34e0721,5YQ1dVIMxRp5wfxLUQ58,g63,401864432,1,1,Western Kentucky,Nevada,bovada,total,under,52.5,-105,True,False,2026-08-03T05:08:22.000Z,53.5,-120,2026-08-03T05:10:09.838609+00:00,0.03,24.0,False,True,False,bovada,2026-08-03T05:08:22.000Z,0.03,False,da71c778100f46b9e93e4a58742aae69ba640e8aef8f006b6ece8812fc91bfe4
sports_game_odds,20260803T051009Z-f34e0721,5YQ1dVIMxRp5wfxLUQ58,g63,401864432,1,1,Western Kentucky,Nevada,caesars,total,under,52.5,-107,True,False,2026-08-03T05:08:12.000Z,53.5,-118,2026-08-03T05:10:09.838609+00:00,0.0327,24.0,False,True,False,caesars,2026-08-03T05:08:12.000Z,0.0327,False,d7ab16e1a4444534f4eddd3c10d44b59ad0f6e83feb25a44562c0ad56016c4e2
sports_game_odds,20260803T051009Z-f34e0721,5YQ1dVIMxRp5wfxLUQ58,g63,401864432,1,1,Western Kentucky,Nevada,betmgm,total,under,52.5,-105,True,False,2026-08-03T05:08:17.000Z,52.5,-105,2026-08-03T05:10:09.838609+00:00,0.0313,24.0,False,True,False,betmgm,2026-08-03T05:08:17.000Z,0.0313,False,89dc06b716bed4dae817d975d5b4c7262eac0c09d56b79e5efdfb3a24e8fdfb1
sports_game_odds,20260803T051009Z-f34e0721,5YQ1dVIMxRp5wfxLUQ58,g63,401864432,1,1,Western Kentucky,Nevada,fanduel,moneyline,away,,-146,True,False,2026-08-03T05:08:22.253Z,-142.0,-142,2026-08-03T05:10:09.838609+00:00,0.0299,24.0,False,True,False,fanduel,2026-08-03T05:08:22.253Z,0.0299,False,d565ac1d121f5a11ada4819bad256bc30d7a7a20644057d3d6a0f74531250e56
sports_game_odds,20260803T051009Z-f34e0721,5YQ1dVIMxRp5wfxLUQ58,g63,401864432,1,1,Western Kentucky,Nevada,draftkings,moneyline,away,,-142,True,False,2026-08-03T05:08:22.214Z,-142.0,-142,2026-08-03T05:10:09.838609+00:00,0.0299,24.0,False,True,False,draftkings,2026-08-03T05:08:22.214Z,0.0299,False,cf9c66eda110841db40f22883c268e3bb89f0c0ea883377d6f2f36d6daeb8d2d
sports_game_odds,20260803T051009Z-f34e0721,5YQ1dVIMxRp5wfxLUQ58,g63,401864432,1,1,Western Kentucky,Nevada,caesars,moneyline,away,,-143,True,False,2026-08-03T05:08:12.000Z,-143.0,-143,2026-08-03T05:10:09.838609+00:00,0.0327,24.0,False,True,False,caesars,2026-08-03T05:08:12.000Z,0.0327,False,53dc1b35491da0461ac1f7dca65e659caf1ddbda2ef51f4ccf84259f376a6b6c
sports_game_odds,20260803T051009Z-f34e0721,5YQ1dVIMxRp5wfxLUQ58,g63,401864432,1,1,Western Kentucky,Nevada,bovada,moneyline,away,,-140,True,False,2026-08-03T05:08:22.000Z,-140.0,-140,2026-08-03T05:10:09.838609+00:00,0.03,24.0,False,True,False,bovada,2026-08-03T05:08:22.000Z,0.03,False,d039e8f1bd86cf1c5ab8bad2aac068e10c833a0ecdf65c3850dd0f281f5ae03d
sports_game_odds,20260803T051009Z-f34e0721,5YQ1dVIMxRp5wfxLUQ58,g63,401864432,1,1,Western Kentucky,Nevada,betmgm,moneyline,away,,-145,True,False,2026-08-03T05:08:17.000Z,-145.0,-145,2026-08-03T05:10:09.838609+00:00,0.0313,24.0,False,True,False,betmgm,2026-08-03T05:08:17.000Z,0.0313,False,82d733290b51fa94df58087ffa85b5380212649cb8179bd65f3b6717002fae8f
sports_game_odds,20260803T051009Z-f34e0721,5YQ1dVIMxRp5wfxLUQ58,g63,401864432,1,1,Western Kentucky,Nevada,fanduel,moneyline,home,,122,True,False,2026-08-03T05:08:22.253Z,118.0,118,2026-08-03T05:10:09.838609+00:00,0.0299,24.0,False,True,False,fanduel,2026-08-03T05:08:22.253Z,0.0299,False,a1f6f8582cbb337567bfe5ed96b7144c2d29b1445753cc7761ea83285cfb3d12
sports_game_odds,20260803T051009Z-f34e0721,5YQ1dVIMxRp5wfxLUQ58,g63,401864432,1,1,Western Kentucky,Nevada,draftkings,moneyline,home,,120,True,False,2026-08-03T05:08:22.214Z,120.0,120,2026-08-03T05:10:09.838609+00:00,0.0299,24.0,False,True,False,draftkings,2026-08-03T05:08:22.214Z,0.0299,False,ec1b3a537b46f0f2007b689a20f1a136322c95177b1f4ca313de7c4f2c1c6001
sports_game_odds,20260803T051009Z-f34e0721,5YQ1dVIMxRp5wfxLUQ58,g63,401864432,1,1,Western Kentucky,Nevada,caesars,moneyline,home,,121,True,False,2026-08-03T05:08:12.000Z,120.0,120,2026-08-03T05:10:09.838609+00:00,0.0327,24.0,False,True,False,caesars,2026-08-03T05:08:12.000Z,0.0327,False,5ccad5f53478ee06fceb0218917610c9888787a8e008d158c56e9f7eb5c9e617
sports_game_odds,20260803T051009Z-f34e0721,5YQ1dVIMxRp5wfxLUQ58,g63,401864432,1,1,Western Kentucky,Nevada,bovada,moneyline,home,,120,True,False,2026-08-03T05:08:22.000Z,120.0,120,2026-08-03T05:10:09.838609+00:00,0.03,24.0,False,True,False,bovada,2026-08-03T05:08:22.000Z,0.03,False,c9fbc21d34bd7c9cab5f6cd142d6cfc40615a3eba48ef7c24d453431ea9bb52e
sports_game_odds,20260803T051009Z-f34e0721,5YQ1dVIMxRp5wfxLUQ58,g63,401864432,1,1,Western Kentucky,Nevada,betmgm,moneyline,home,,120,True,False,2026-08-03T05:08:17.000Z,120.0,120,2026-08-03T05:10:09.838609+00:00,0.0313,24.0,False,True,False,betmgm,2026-08-03T05:08:17.000Z,0.0313,False,6879c92c1d63f187c0f7c5c88efbf75167403930b9ca77308d10d508af71cbcd
sports_game_odds,20260803T051009Z-f34e0721,C5ZhYNmlvzvlsvVS1QOG,g33,401858210,1,1,UCLA,California,fanduel,spread,away,1.5,-118,False,False,2026-07-20T15:20:48.000Z,1.5,-110,2026-08-03T05:10:09.838609+00:00,325.8227,24.0,True,False,False,fanduel,2026-07-20T15:20:48.000Z,325.8227,True,f50770ffd12447d76374d7e1d31a2996fb80ddf9f4e8775f285f451e8f1c7ca0
sports_game_odds,20260803T051009Z-f34e0721,C5ZhYNmlvzvlsvVS1QOG,g33,401858210,1,1,UCLA,California,bovada,spread,away,1.5,-110,True,False,2026-08-03T05:08:22.000Z,1.5,-110,2026-08-03T05:10:09.838609+00:00,0.03,24.0,False,True,False,bovada,2026-08-03T05:08:22.000Z,0.03,False,063c7e04e3f2913ef782edb83f26f56444675cafa7df165861c6b7494831e023
sports_game_odds,20260803T051009Z-f34e0721,C5ZhYNmlvzvlsvVS1QOG,g33,401858210,1,1,UCLA,California,draftkings,spread,away,1.5,-112,True,False,2026-08-03T05:08:22.214Z,1.5,-112,2026-08-03T05:10:09.838609+00:00,0.0299,24.0,False,True,False,draftkings,2026-08-03T05:08:22.214Z,0.0299,False,2ca52d2246f0d5fb0cc74b5bab890cdd2de4d3e5f3f580f48afbd2b652df49e8
sports_game_odds,20260803T051009Z-f34e0721,C5ZhYNmlvzvlsvVS1QOG,g33,401858210,1,1,UCLA,California,caesars,spread,away,1.0,-125,True,False,2026-08-03T05:08:12.000Z,1.0,-113,2026-08-03T05:10:09.838609+00:00,0.0327,24.0,False,True,False,caesars,2026-08-03T05:08:12.000Z,0.0327,False,1c17fca445349f418f3ed525d8d7eafe80d7ccee72d36829dc4562f9c843cc85
sports_game_odds,20260803T051009Z-f34e0721,C5ZhYNmlvzvlsvVS1QOG,g33,401858210,1,1,UCLA,California,betmgm,spread,away,1.5,-120,True,False,2026-08-03T05:08:17.000Z,1.5,-115,2026-08-03T05:10:09.838609+00:00,0.0313,24.0,False,True,False,betmgm,2026-08-03T05:08:17.000Z,0.0313,False,660dc8ec7031ab03d03859d3cf771d6f5119e8496692e1af255faa94b52a5a6e
sports_game_odds,20260803T051009Z-f34e0721,C5ZhYNmlvzvlsvVS1QOG,g33,401858210,1,1,UCLA,California,fanduel,spread,home,-1.5,-104,False,False,2026-07-20T15:20:48.000Z,-1.5,-110,2026-08-03T05:10:09.838609+00:00,325.8227,24.0,True,False,False,fanduel,2026-07-20T15:20:48.000Z,325.8227,True,fe4aaf2e44e727b34afcbe33ef26e8bf3e9204a167d6ac63f6cac5afa91c8ad4
sports_game_odds,20260803T051009Z-f34e0721,C5ZhYNmlvzvlsvVS1QOG,g33,401858210,1,1,UCLA,California,bovada,spread,home,-1.5,-110,True,False,2026-08-03T05:08:22.000Z,-1.5,-110,2026-08-03T05:10:09.838609+00:00,0.03,24.0,False,True,False,bovada,2026-08-03T05:08:22.000Z,0.03,False,62d04432d38f4a0d1ab4b870ed07e861b0e5a71652c86bca25f29291ebd6e4be
sports_game_odds,20260803T051009Z-f34e0721,C5ZhYNmlvzvlsvVS1QOG,g33,401858210,1,1,UCLA,California,draftkings,spread,home,-1.5,-108,True,False,2026-08-03T05:08:22.214Z,-1.5,-108,2026-08-03T05:10:09.838609+00:00,0.0299,24.0,False,True,False,draftkings,2026-08-03T05:08:22.214Z,0.0299,False,90cecc5c4f94e59198280caab770366a84163221976a6e4039df38bfc920e73e
sports_game_odds,20260803T051009Z-f34e0721,C5ZhYNmlvzvlsvVS1QOG,g33,401858210,1,1,UCLA,California,caesars,spread,home,-1.0,-112,True,False,2026-08-03T05:08:12.000Z,-1.0,-112,2026-08-03T05:10:09.838609+00:00,0.0327,24.0,False,True,False,caesars,2026-08-03T05:08:12.000Z,0.0327,False,8462e675b4012176c2bac6bd128d5fd1b1483829fea62f8e6c7fc5961738adab
sports_game_odds,20260803T051009Z-f34e0721,C5ZhYNmlvzvlsvVS1QOG,g33,401858210,1,1,UCLA,California,betmgm,spread,home,-1.5,100,True,False,2026-08-03T05:08:17.000Z,-1.5,-105,2026-08-03T05:10:09.838609+00:00,0.0313,24.0,False,True,False,betmgm,2026-08-03T05:08:17.000Z,0.0313,False,a89d7269d4aa41c7970b426323f349dc7ca3a675d52f570539e99cecfbfb7bbd
sports_game_odds,20260803T051009Z-f34e0721,C5ZhYNmlvzvlsvVS1QOG,g33,401858210,1,1,UCLA,California,fanduel,total,over,54.5,-110,False,False,2026-07-24T15:06:51.267Z,54.5,-110,2026-08-03T05:10:09.838609+00:00,230.0552,24.0,True,False,False,fanduel,2026-07-24T15:06:51.267Z,230.0552,True,ab04ef1ab6718d9163c040755cca8cddb839a6d99b49deb420bb0383663ca012
sports_game_odds,20260803T051009Z-f34e0721,C5ZhYNmlvzvlsvVS1QOG,g33,401858210,1,1,UCLA,California,bovada,total,over,54.5,-110,True,False,2026-08-03T05:08:22.000Z,53.5,-115,2026-08-03T05:10:09.838609+00:00,0.03,24.0,False,True,False,bovada,2026-08-03T05:08:22.000Z,0.03,False,3745425f6b04922e6bae826c858381f663e10b9997716dd5517b45bcb9abea59
sports_game_odds,20260803T051009Z-f34e0721,C5ZhYNmlvzvlsvVS1QOG,g33,401858210,1,1,UCLA,California,draftkings,total,over,54.5,-112,True,False,2026-08-03T05:08:22.214Z,53.5,-115,2026-08-03T05:10:09.838609+00:00,0.0299,24.0,False,True,False,draftkings,2026-08-03T05:08:22.214Z,0.0299,False,70ba3d641b17cbf39c978b68839b35bb9e8f9c7992fbd4f54aae63335e36f17c
sports_game_odds,20260803T051009Z-f34e0721,C5ZhYNmlvzvlsvVS1QOG,g33,401858210,1,1,UCLA,California,caesars,total,over,54.5,-113,True,False,2026-08-03T05:08:12.000Z,54.5,-109,2026-08-03T05:10:09.838609+00:00,0.0327,24.0,False,True,False,caesars,2026-08-03T05:08:12.000Z,0.0327,False,744caeef18b8964e8f511383226e75c2b6ecec6eb6f5a4b777c8f1e1f2ab2805
sports_game_odds,20260803T051009Z-f34e0721,C5ZhYNmlvzvlsvVS1QOG,g33,401858210,1,1,UCLA,California,betmgm,total,over,54.5,-110,True,False,2026-08-03T05:08:17.000Z,54.5,-110,2026-08-03T05:10:09.838609+00:00,0.0313,24.0,False,True,False,betmgm,2026-08-03T05:08:17.000Z,0.0313,False,0f89c8698857d6e498ca1dd1682e2ff29d853ac2df9fd6177502d295230323fe
sports_game_odds,20260803T051009Z-f34e0721,C5ZhYNmlvzvlsvVS1QOG,g33,401858210,1,1,UCLA,California,fanduel,total,under,54.5,-110,False,False,2026-07-24T15:06:51.267Z,54.5,-110,2026-08-03T05:10:09.838609+00:00,230.0552,24.0,True,False,False,fanduel,2026-07-24T15:06:51.267Z,230.0552,True,a512d98036dadabd0cae013bfdc173bddba76983f1a47eb163ee598fdd5ef0e3
sports_game_odds,20260803T051009Z-f34e0721,C5ZhYNmlvzvlsvVS1QOG,g33,401858210,1,1,UCLA,California,bovada,total,under,54.5,-110,True,False,2026-08-03T05:08:22.000Z,53.5,-105,2026-08-03T05:10:09.838609+00:00,0.03,24.0,False,True,False,bovada,2026-08-03T05:08:22.000Z,0.03,False,c82d6389ab5e8b634ce36d06ff9feb5b0488d862bbb3cad9040779dfbd375f38
sports_game_odds,20260803T051009Z-f34e0721,C5ZhYNmlvzvlsvVS1QOG,g33,401858210,1,1,UCLA,California,draftkings,total,under,54.5,-108,True,False,2026-08-03T05:08:22.214Z,53.5,-105,2026-08-03T05:10:09.838609+00:00,0.0299,24.0,False,True,False,draftkings,2026-08-03T05:08:22.214Z,0.0299,False,84b82aa7e6cace1c1c163a45e3a035cde452072cea84afb05fd0dbe9193a2c6e
sports_game_odds,20260803T051009Z-f34e0721,C5ZhYNmlvzvlsvVS1QOG,g33,401858210,1,1,UCLA,California,caesars,total,under,54.5,-108,True,False,2026-08-03T05:08:12.000Z,54.5,-112,2026-08-03T05:10:09.838609+00:00,0.0327,24.0,False,True,False,caesars,2026-08-03T05:08:12.000Z,0.0327,False,0dffc947ce16fba4c3d7d4e12c4b435f1fa307da09471a4b6d331c712273f2bc
sports_game_odds,20260803T051009Z-f34e0721,C5ZhYNmlvzvlsvVS1QOG,g33,401858210,1,1,UCLA,California,betmgm,total,under,54.5,-110,True,False,2026-08-03T05:08:17.000Z,54.5,-110,2026-08-03T05:10:09.838609+00:00,0.0313,24.0,False,True,False,betmgm,2026-08-03T05:08:17.000Z,0.0313,False,9ad2daf4e24d803874da6d3a766624eccbf0a84e74f240a9c0996b7dfffe0511
sports_game_odds,20260803T051009Z-f34e0721,C5ZhYNmlvzvlsvVS1QOG,g33,401858210,1,1,UCLA,California,fanduel,moneyline,away,,-120,True,False,2026-08-03T05:08:22.253Z,100.0,100,2026-08-03T05:10:09.838609+00:00,0.0299,24.0,False,True,False,fanduel,2026-08-03T05:08:22.253Z,0.0299,False,1239f67e02a43347aa2ffd193a1c947e5a29fb66cb1a85abd5b9cdf004a0f42c
sports_game_odds,20260803T051009Z-f34e0721,C5ZhYNmlvzvlsvVS1QOG,g33,401858210,1,1,UCLA,California,draftkings,moneyline,away,,-108,True,False,2026-08-03T05:08:22.214Z,-108.0,-108,2026-08-03T05:10:09.838609+00:00,0.0299,24.0,False,True,False,draftkings,2026-08-03T05:08:22.214Z,0.0299,False,2b1bb2c7f66a0397c11315a8611ea2bf564e034b34608cae2957c8a64d45b825
sports_game_odds,20260803T051009Z-f34e0721,C5ZhYNmlvzvlsvVS1QOG,g33,401858210,1,1,UCLA,California,caesars,moneyline,away,,-112,True,False,2026-08-03T05:08:12.000Z,-102.0,-102,2026-08-03T05:10:09.838609+00:00,0.0327,24.0,False,True,False,caesars,2026-08-03T05:08:12.000Z,0.0327,False,6ea9c7f68a9b3a23d61f88194ebe479a634fc153ad8a1f3f681fb5494e07e452
sports_game_odds,20260803T051009Z-f34e0721,C5ZhYNmlvzvlsvVS1QOG,g33,401858210,1,1,UCLA,California,bovada,moneyline,away,,-105,False,False,2026-08-03T05:08:04.700Z,,,2026-08-03T05:10:09.838609+00:00,0.0348,24.0,False,False,False,bovada,2026-08-03T05:08:04.700Z,0.0348,False,7c7cae42419f78b62ac7ec90bbd81abf08d1827a6448492b3b168b32fe035bd4
sports_game_odds,20260803T051009Z-f34e0721,C5ZhYNmlvzvlsvVS1QOG,g33,401858210,1,1,UCLA,California,betmgm,moneyline,away,,-120,True,False,2026-08-03T05:08:17.000Z,-120.0,-120,2026-08-03T05:10:09.838609+00:00,0.0313,24.0,False,True,False,betmgm,2026-08-03T05:08:17.000Z,0.0313,False,4c539cc2fd2545253c70e02bc0da711fd93b01b07f8db846848608f1e8c14515
sports_game_odds,20260803T051009Z-f34e0721,C5ZhYNmlvzvlsvVS1QOG,g33,401858210,1,1,UCLA,California,fanduel,moneyline,home,,100,True,False,2026-08-03T05:08:22.253Z,-120.0,-120,2026-08-03T05:10:09.838609+00:00,0.0299,24.0,False,True,False,fanduel,2026-08-03T05:08:22.253Z,0.0299,False,66db82233371abd5abc6d03e7e5113e938535a0087cca171fa1cd583b694348e
sports_game_odds,20260803T051009Z-f34e0721,C5ZhYNmlvzvlsvVS1QOG,g33,401858210,1,1,UCLA,California,draftkings,moneyline,home,,-112,True,False,2026-08-03T05:08:22.214Z,-112.0,-112,2026-08-03T05:10:09.838609+00:00,0.0299,24.0,False,True,False,draftkings,2026-08-03T05:08:22.214Z,0.0299,False,3a9c4bd3e59bbd416aad06499af471083c9a0e64b0065d130cf5e6ac7c1cdf92
sports_game_odds,20260803T051009Z-f34e0721,C5ZhYNmlvzvlsvVS1QOG,g33,401858210,1,1,UCLA,California,caesars,moneyline,home,,-106,True,False,2026-08-03T05:08:12.000Z,-118.0,-118,2026-08-03T05:10:09.838609+00:00,0.0327,24.0,False,True,False,caesars,2026-08-03T05:08:12.000Z,0.0327,False,854e8d0a90fa66f506e9412294ac5ba2000be7d29c98d805f2d298d66c03fd5c
sports_game_odds,20260803T051009Z-f34e0721,C5ZhYNmlvzvlsvVS1QOG,g33,401858210,1,1,UCLA,California,bovada,moneyline,home,,-115,False,False,2026-08-03T05:08:04.700Z,,,2026-08-03T05:10:09.838609+00:00,0.0348,24.0,False,False,False,bovada,2026-08-03T05:08:04.700Z,0.0348,False,3734669feb44647047994db26c173ce5bcf41015b4e0b91cc09a9abf888d0ee1
sports_game_odds,20260803T051009Z-f34e0721,C5ZhYNmlvzvlsvVS1QOG,g33,401858210,1,1,UCLA,California,betmgm,moneyline,home,,100,True,False,2026-08-03T05:08:17.000Z,100.0,100,2026-08-03T05:10:09.838609+00:00,0.0313,24.0,False,True,False,betmgm,2026-08-03T05:08:17.000Z,0.0313,False,9c9757402e536b0506533a3c92c736a72fc2b6ebb200265d67f75e9fffcfa6d3
sports_game_odds,20260803T051009Z-f34e0721,GofL3r3jtxe0HDbnDdXB,g95,401858437,1,1,Washington State,Washington,fanduel,spread,away,21.5,-115,True,False,2026-08-03T05:08:22.253Z,21.5,-115,2026-08-03T05:10:09.838609+00:00,0.0299,24.0,False,True,False,fanduel,2026-08-03T05:08:22.253Z,0.0299,False,2ab3f18f62cf94a941f4f08e5b5e9b9782a4ce43325c74e947ffd4af9666cb42
sports_game_odds,20260803T051009Z-f34e0721,GofL3r3jtxe0HDbnDdXB,g95,401858437,1,1,Washington State,Washington,draftkings,spread,away,21.5,-110,True,False,2026-08-03T05:08:22.214Z,21.5,-112,2026-08-03T05:10:09.838609+00:00,0.0299,24.0,False,True,False,draftkings,2026-08-03T05:08:22.214Z,0.0299,False,b27249e019f18023b2eba29cc2b4326436526fa9d39f9f247c6eca8fa568fbc2
sports_game_odds,20260803T051009Z-f34e0721,GofL3r3jtxe0HDbnDdXB,g95,401858437,1,1,Washington State,Washington,betmgm,spread,away,21.5,-110,True,False,2026-08-03T05:08:17.000Z,21.5,-110,2026-08-03T05:10:09.838609+00:00,0.0313,24.0,False,True,False,betmgm,2026-08-03T05:08:17.000Z,0.0313,False,1ec0aacb1e8148e6dcb6b31773028098f5c8414ccef1e89b1d4ea7b3a3c7c896
sports_game_odds,20260803T051009Z-f34e0721,GofL3r3jtxe0HDbnDdXB,g95,401858437,1,1,Washington State,Washington,caesars,spread,away,21.5,-105,True,False,2026-08-03T05:07:37.700Z,21.5,-112,2026-08-03T05:10:09.838609+00:00,0.0423,24.0,False,True,False,caesars,2026-08-03T05:07:37.700Z,0.0423,False,46320bf113a5d7ec59ed9807a0eee4b79f2546140ee68116533d36ac85e8c694
sports_game_odds,20260803T051009Z-f34e0721,GofL3r3jtxe0HDbnDdXB,g95,401858437,1,1,Washington State,Washington,bovada,spread,away,21.5,-110,True,False,2026-08-03T05:08:22.000Z,21.5,-110,2026-08-03T05:10:09.838609+00:00,0.03,24.0,False,True,False,bovada,2026-08-03T05:08:22.000Z,0.03,False,9c15bfc94833f47a2cdea77e25675a7bea644cc1bcac2c8abac04b59f6e3957c
sports_game_odds,20260803T051009Z-f34e0721,GofL3r3jtxe0HDbnDdXB,g95,401858437,1,1,Washington State,Washington,fanduel,spread,home,-21.5,-105,True,False,2026-08-03T05:08:22.253Z,-21.5,-105,2026-08-03T05:10:09.838609+00:00,0.0299,24.0,False,True,False,fanduel,2026-08-03T05:08:22.253Z,0.0299,False,4679861d574be77a3d2a60dff011eb90bdc9c9bbe602ee826bfe37ad1970d9a6
sports_game_odds,20260803T051009Z-f34e0721,GofL3r3jtxe0HDbnDdXB,g95,401858437,1,1,Washington State,Washington,draftkings,spread,home,-21.5,-110,True,False,2026-08-03T05:08:22.214Z,-21.5,-108,2026-08-03T05:10:09.838609+00:00,0.0299,24.0,False,True,False,draftkings,2026-08-03T05:08:22.214Z,0.0299,False,3d939d9fbbfa0c65207e509435923433abc30d1bd57cbc296379843a0babbc82
sports_game_odds,20260803T051009Z-f34e0721,GofL3r3jtxe0HDbnDdXB,g95,401858437,1,1,Washington State,Washington,betmgm,spread,home,-21.5,-110,True,False,2026-08-03T05:08:17.000Z,-21.5,-110,2026-08-03T05:10:09.838609+00:00,0.0313,24.0,False,True,False,betmgm,2026-08-03T05:08:17.000Z,0.0313,False,06681980e7de3d0035c51f143904e440d131ab06546d9832b4607044a9f2df3a
sports_game_odds,20260803T051009Z-f34e0721,GofL3r3jtxe0HDbnDdXB,g95,401858437,1,1,Washington State,Washington,caesars,spread,home,-21.5,-115,True,False,2026-08-03T05:07:37.700Z,-21.5,-109,2026-08-03T05:10:09.838609+00:00,0.0423,24.0,False,True,False,caesars,2026-08-03T05:07:37.700Z,0.0423,False,b6c282eecb36d9abb03853112c12a742e1a5af364aa6973a678eeacc11088ee6
sports_game_odds,20260803T051009Z-f34e0721,GofL3r3jtxe0HDbnDdXB,g95,401858437,1,1,Washington State,Washington,bovada,spread,home,-21.5,-110,True,False,2026-08-03T05:08:22.000Z,-21.5,-110,2026-08-03T05:10:09.838609+00:00,0.03,24.0,False,True,False,bovada,2026-08-03T05:08:22.000Z,0.03,False,28f4d665106f2a231f578e81d25cc538ac001f098f48a2947cf78d2ce6bcac9c
sports_game_odds,20260803T051009Z-f34e0721,GofL3r3jtxe0HDbnDdXB,g95,401858437,1,1,Washington State,Washington,fanduel,total,over,50.5,-115,True,False,2026-08-03T05:08:22.253Z,49.5,-110,2026-08-03T05:10:09.838609+00:00,0.0299,24.0,False,True,False,fanduel,2026-08-03T05:08:22.253Z,0.0299,False,3092a5a0d06af7f006743146403c742d0f335656b8e8c988328873053c99b124
sports_game_odds,20260803T051009Z-f34e0721,GofL3r3jtxe0HDbnDdXB,g95,401858437,1,1,Washington State,Washington,draftkings,total,over,50.5,-108,True,False,2026-08-03T05:08:22.214Z,50.5,-112,2026-08-03T05:10:09.838609+00:00,0.0299,24.0,False,True,False,draftkings,2026-08-03T05:08:22.214Z,0.0299,False,a304dff2346958a8fe5d52fd63188e0d7c433f34e04736003d5dc29cae34bada
sports_game_odds,20260803T051009Z-f34e0721,GofL3r3jtxe0HDbnDdXB,g95,401858437,1,1,Washington State,Washington,betmgm,total,over,50.5,-110,True,False,2026-08-03T05:08:17.000Z,50.5,-110,2026-08-03T05:10:09.838609+00:00,0.0313,24.0,False,True,False,betmgm,2026-08-03T05:08:17.000Z,0.0313,False,fbac22dbb0c2ab72b3a024d7501be4ceef2536a6aac9f40dc2f9566fc7f095d7
sports_game_odds,20260803T051009Z-f34e0721,GofL3r3jtxe0HDbnDdXB,g95,401858437,1,1,Washington State,Washington,caesars,total,over,50.5,-110,True,False,2026-08-03T05:07:37.700Z,50.5,-110,2026-08-03T05:10:09.838609+00:00,0.0423,24.0,False,True,False,caesars,2026-08-03T05:07:37.700Z,0.0423,False,e5422b7c2c0eb5f271cd170785d1f1d67d1a7491837cb0f260d37e9305ab66be
sports_game_odds,20260803T051009Z-f34e0721,GofL3r3jtxe0HDbnDdXB,g95,401858437,1,1,Washington State,Washington,bovada,total,over,50.5,-110,True,False,2026-08-03T05:08:22.000Z,50.5,-110,2026-08-03T05:10:09.838609+00:00,0.03,24.0,False,True,False,bovada,2026-08-03T05:08:22.000Z,0.03,False,b36df9ddbd80a8daec7d8e85ffbc8f2445e401b82b2c92bbab441c8a7b048c6c
sports_game_odds,20260803T051009Z-f34e0721,GofL3r3jtxe0HDbnDdXB,g95,401858437,1,1,Washington State,Washington,fanduel,total,under,50.5,-105,True,False,2026-08-03T05:08:22.253Z,49.5,-110,2026-08-03T05:10:09.838609+00:00,0.0299,24.0,False,True,False,fanduel,2026-08-03T05:08:22.253Z,0.0299,False,2514926a6310bba73a5684b757ca364dcd4847bf99b585b99ab4a6eb7ebb616d
sports_game_odds,20260803T051009Z-f34e0721,GofL3r3jtxe0HDbnDdXB,g95,401858437,1,1,Washington State,Washington,draftkings,total,under,50.5,-112,True,False,2026-08-03T05:08:22.214Z,50.5,-108,2026-08-03T05:10:09.838609+00:00,0.0299,24.0,False,True,False,draftkings,2026-08-03T05:08:22.214Z,0.0299,False,b1a8051776735e624c10be4e409514f2737de3bcce437f9549ba5d66677a053e
sports_game_odds,20260803T051009Z-f34e0721,GofL3r3jtxe0HDbnDdXB,g95,401858437,1,1,Washington State,Washington,betmgm,total,under,50.5,-110,True,False,2026-08-03T05:08:17.000Z,50.5,-110,2026-08-03T05:10:09.838609+00:00,0.0313,24.0,False,True,False,betmgm,2026-08-03T05:08:17.000Z,0.0313,False,f09135207528df95d3a80257fd4e787cc6f13f5f1f6955b793fb390ae0ea62cc
sports_game_odds,20260803T051009Z-f34e0721,GofL3r3jtxe0HDbnDdXB,g95,401858437,1,1,Washington State,Washington,caesars,total,under,50.5,-110,True,False,2026-08-03T05:07:37.700Z,50.5,-110,2026-08-03T05:10:09.838609+00:00,0.0423,24.0,False,True,False,caesars,2026-08-03T05:07:37.700Z,0.0423,False,79e284772714aca24b56a050345cf82fa3e24398dc0cdb3d2dc97f9489effef3
sports_game_odds,20260803T051009Z-f34e0721,GofL3r3jtxe0HDbnDdXB,g95,401858437,1,1,Washington State,Washington,bovada,total,under,50.5,-110,True,False,2026-08-03T05:08:22.000Z,50.5,-110,2026-08-03T05:10:09.838609+00:00,0.03,24.0,False,True,False,bovada,2026-08-03T05:08:22.000Z,0.03,False,418e7e33516b994c00435fbdb6771356b7124f094ca47f38b21a9ffc9244d9c6
sports_game_odds,20260803T051009Z-f34e0721,GofL3r3jtxe0HDbnDdXB,g95,401858437,1,1,Washington State,Washington,fanduel,moneyline,away,,1000,True,False,2026-08-03T05:08:22.253Z,1000.0,1000,2026-08-03T05:10:09.838609+00:00,0.0299,24.0,False,True,False,fanduel,2026-08-03T05:08:22.253Z,0.0299,False,2d9686b549b1cc8451f7a1aab00adc525e3bcc1659b32874895440e2b6d9e83b
sports_game_odds,20260803T051009Z-f34e0721,GofL3r3jtxe0HDbnDdXB,g95,401858437,1,1,Washington State,Washington,draftkings,moneyline,away,,1000,True,False,2026-08-03T05:08:22.214Z,1000.0,1000,2026-08-03T05:10:09.838609+00:00,0.0299,24.0,False,True,False,draftkings,2026-08-03T05:08:22.214Z,0.0299,False,0d139cb645f454decc6cf1bde3522cefc79aaacd5c94b5f185088d78a10d8d98
sports_game_odds,20260803T051009Z-f34e0721,GofL3r3jtxe0HDbnDdXB,g95,401858437,1,1,Washington State,Washington,caesars,moneyline,away,,1000,True,False,2026-08-03T05:07:37.700Z,950.0,950,2026-08-03T05:10:09.838609+00:00,0.0423,24.0,False,True,False,caesars,2026-08-03T05:07:37.700Z,0.0423,False,df85452138f98168c4a18b58420b7862a2eb04df5287f2a7cf81ee36ccf07277
sports_game_odds,20260803T051009Z-f34e0721,GofL3r3jtxe0HDbnDdXB,g95,401858437,1,1,Washington State,Washington,bovada,moneyline,away,,1000,True,False,2026-08-03T05:08:22.000Z,1000.0,1000,2026-08-03T05:10:09.838609+00:00,0.03,24.0,False,True,False,bovada,2026-08-03T05:08:22.000Z,0.03,False,6d0a794bbdda8756e570c63da9a183ed941a940aa35984d078d97e12eadbf500
sports_game_odds,20260803T051009Z-f34e0721,GofL3r3jtxe0HDbnDdXB,g95,401858437,1,1,Washington State,Washington,betmgm,moneyline,away,,1000,True,False,2026-08-03T05:08:17.000Z,1000.0,1000,2026-08-03T05:10:09.838609+00:00,0.0313,24.0,False,True,False,betmgm,2026-08-03T05:08:17.000Z,0.0313,False,61125e3fbc12954a56d3daf7934ccaf047686b6f0e07af4628239c31afa7977a
sports_game_odds,20260803T051009Z-f34e0721,GofL3r3jtxe0HDbnDdXB,g95,401858437,1,1,Washington State,Washington,fanduel,moneyline,home,,-2100,True,False,2026-08-03T05:08:22.253Z,-2100.0,-2100,2026-08-03T05:10:09.838609+00:00,0.0299,24.0,False,True,False,fanduel,2026-08-03T05:08:22.253Z,0.0299,False,4be0d54d3b838964ab0182cbc80d01e7a7bf91f0e749ac27cad281145d5bf838
sports_game_odds,20260803T051009Z-f34e0721,GofL3r3jtxe0HDbnDdXB,g95,401858437,1,1,Washington State,Washington,draftkings,moneyline,home,,-1800,True,False,2026-08-03T05:08:22.214Z,-1800.0,-1800,2026-08-03T05:10:09.838609+00:00,0.0299,24.0,False,True,False,draftkings,2026-08-03T05:08:22.214Z,0.0299,False,22480bdf1d098bfa17ee21fdddc1af5259db7512b09b439854b2698cd8677c5a
sports_game_odds,20260803T051009Z-f34e0721,GofL3r3jtxe0HDbnDdXB,g95,401858437,1,1,Washington State,Washington,caesars,moneyline,home,,-2000,True,False,2026-08-03T05:07:37.700Z,-2000.0,-2000,2026-08-03T05:10:09.838609+00:00,0.0423,24.0,False,True,False,caesars,2026-08-03T05:07:37.700Z,0.0423,False,0a2c3676116f1b4b3b58c1da9a68cd621c16944c957c7431e8e5e696f13a21b1
sports_game_odds,20260803T051009Z-f34e0721,GofL3r3jtxe0HDbnDdXB,g95,401858437,1,1,Washington State,Washington,bovada,moneyline,home,,-2200,True,False,2026-08-03T05:08:22.000Z,-2200.0,-2200,2026-08-03T05:10:09.838609+00:00,0.03,24.0,False,True,False,bovada,2026-08-03T05:08:22.000Z,0.03,False,fc627b07cf31f3fd02db8383b3204c52c09b1ec3792482c21bfb4c6e8e8f3c85
sports_game_odds,20260803T051009Z-f34e0721,GofL3r3jtxe0HDbnDdXB,g95,401858437,1,1,Washington State,Washington,betmgm,moneyline,home,,-2000,True,False,2026-08-03T05:08:17.000Z,-2000.0,-2000,2026-08-03T05:10:09.838609+00:00,0.0313,24.0,False,True,False,betmgm,2026-08-03T05:08:17.000Z,0.0313,False,e913f1c86dfa89df649bf34fbec0c9fbf70b1212a471ef42d810eacede1faeb4
sports_game_odds,20260803T051009Z-f34e0721,FkwCzMlpJyoD1FXMMXdV,g97,401858438,1,1,Wisconsin,Notre Dame,fanduel,spread,away,20.5,-110,True,False,2026-08-03T05:08:22.253Z,20.5,-110,2026-08-03T05:10:09.838609+00:00,0.0299,24.0,False,True,False,fanduel,2026-08-03T05:08:22.253Z,0.0299,False,2c6b211d26c249bdbcc1374985bedfea65c84f2fe3e16bb2aba09220b9ba7852
sports_game_odds,20260803T051009Z-f34e0721,FkwCzMlpJyoD1FXMMXdV,g97,401858438,1,1,Wisconsin,Notre Dame,bovada,spread,away,20.5,-110,True,False,2026-08-03T05:08:22.000Z,20.5,-110,2026-08-03T05:10:09.838609+00:00,0.03,24.0,False,True,False,bovada,2026-08-03T05:08:22.000Z,0.03,False,38f68b4ef29ffbe665f4bd7151eae83a10f71cf61fdad575d8db5593c1e05f4d
sports_game_odds,20260803T051009Z-f34e0721,FkwCzMlpJyoD1FXMMXdV,g97,401858438,1,1,Wisconsin,Notre Dame,draftkings,spread,away,20.5,-112,True,False,2026-08-03T05:08:22.214Z,20.5,-108,2026-08-03T05:10:09.838609+00:00,0.0299,24.0,False,True,False,draftkings,2026-08-03T05:08:22.214Z,0.0299,False,0384ffc1ae415060d926beccdc33f0a3d5462ee1de2fb30c2f2010ad86d18811
sports_game_odds,20260803T051009Z-f34e0721,FkwCzMlpJyoD1FXMMXdV,g97,401858438,1,1,Wisconsin,Notre Dame,betmgm,spread,away,20.5,-110,True,False,2026-08-03T05:08:04.700Z,20.5,-110,2026-08-03T05:10:09.838609+00:00,0.0348,24.0,False,True,False,betmgm,2026-08-03T05:08:04.700Z,0.0348,False,9f2195764c330997c24fb39727042f5c644f0fb035188d99bc9b734b7fa67677
sports_game_odds,20260803T051009Z-f34e0721,FkwCzMlpJyoD1FXMMXdV,g97,401858438,1,1,Wisconsin,Notre Dame,caesars,spread,away,20.5,-110,True,False,2026-08-03T05:08:12.000Z,20.5,-110,2026-08-03T05:10:09.838609+00:00,0.0327,24.0,False,True,False,caesars,2026-08-03T05:08:12.000Z,0.0327,False,45017d0ca0b05fa99bc3e22990e5cbef00f85fc9928b11efcbb6dead9f5ec850
sports_game_odds,20260803T051009Z-f34e0721,FkwCzMlpJyoD1FXMMXdV,g97,401858438,1,1,Wisconsin,Notre Dame,fanduel,spread,home,-20.5,-110,True,False,2026-08-03T05:08:22.253Z,-20.5,-110,2026-08-03T05:10:09.838609+00:00,0.0299,24.0,False,True,False,fanduel,2026-08-03T05:08:22.253Z,0.0299,False,e5a5e6800b755053287610da90da8282291ba045554f791a61e65dfb4edabb0b
sports_game_odds,20260803T051009Z-f34e0721,FkwCzMlpJyoD1FXMMXdV,g97,401858438,1,1,Wisconsin,Notre Dame,bovada,spread,home,-20.5,-110,True,False,2026-08-03T05:08:22.000Z,-20.5,-110,2026-08-03T05:10:09.838609+00:00,0.03,24.0,False,True,False,bovada,2026-08-03T05:08:22.000Z,0.03,False,26612a50a1a0c7bfaf18b2b7ade192b9f7e239fabb994ddd923c3fa6df8b3b8c
sports_game_odds,20260803T051009Z-f34e0721,FkwCzMlpJyoD1FXMMXdV,g97,401858438,1,1,Wisconsin,Notre Dame,draftkings,spread,home,-20.5,-108,True,False,2026-08-03T05:08:22.214Z,-20.5,-112,2026-08-03T05:10:09.838609+00:00,0.0299,24.0,False,True,False,draftkings,2026-08-03T05:08:22.214Z,0.0299,False,f37ab65d256fa8d31cb7736e3fb658633e5b1cbb7ad55741b48fd8fa87b2bcf9
sports_game_odds,20260803T051009Z-f34e0721,FkwCzMlpJyoD1FXMMXdV,g97,401858438,1,1,Wisconsin,Notre Dame,betmgm,spread,home,-20.5,-110,True,False,2026-08-03T05:08:04.700Z,-20.5,-110,2026-08-03T05:10:09.838609+00:00,0.0348,24.0,False,True,False,betmgm,2026-08-03T05:08:04.700Z,0.0348,False,1f9fe3d78d143470d165933441ae4f93d11c7fa6d1257f7cd51ffc7a4b483f7e
sports_game_odds,20260803T051009Z-f34e0721,FkwCzMlpJyoD1FXMMXdV,g97,401858438,1,1,Wisconsin,Notre Dame,caesars,spread,home,-20.5,-110,True,False,2026-08-03T05:08:12.000Z,-20.5,-110,2026-08-03T05:10:09.838609+00:00,0.0327,24.0,False,True,False,caesars,2026-08-03T05:08:12.000Z,0.0327,False,5228216d4050e823840747d98dee9670730b4097138bec109754c05d14ce2fc9
sports_game_odds,20260803T051009Z-f34e0721,FkwCzMlpJyoD1FXMMXdV,g97,401858438,1,1,Wisconsin,Notre Dame,fanduel,total,over,47.5,-115,True,False,2026-08-03T05:08:22.253Z,47.5,-115,2026-08-03T05:10:09.838609+00:00,0.0299,24.0,False,True,False,fanduel,2026-08-03T05:08:22.253Z,0.0299,False,29599ebf2ffa9c7f18cf0004f75dff8f41fc5e943cc0f57146f8375311ad99e8
sports_game_odds,20260803T051009Z-f34e0721,FkwCzMlpJyoD1FXMMXdV,g97,401858438,1,1,Wisconsin,Notre Dame,bovada,total,over,47.5,-110,True,False,2026-08-03T05:08:22.000Z,47.5,-110,2026-08-03T05:10:09.838609+00:00,0.03,24.0,False,True,False,bovada,2026-08-03T05:08:22.000Z,0.03,False,ab64f8ffd30df69f818d492501b807f93c00ebad2683e0189b8b80eb86071849
sports_game_odds,20260803T051009Z-f34e0721,FkwCzMlpJyoD1FXMMXdV,g97,401858438,1,1,Wisconsin,Notre Dame,draftkings,total,over,47.5,-112,True,False,2026-08-03T05:08:22.214Z,47.5,-112,2026-08-03T05:10:09.838609+00:00,0.0299,24.0,False,True,False,draftkings,2026-08-03T05:08:22.214Z,0.0299,False,89dbfc57a7364acf7397f7b10208cf95b0628683ff7c01575decad6f304c395f
sports_game_odds,20260803T051009Z-f34e0721,FkwCzMlpJyoD1FXMMXdV,g97,401858438,1,1,Wisconsin,Notre Dame,betmgm,total,over,47.5,-110,True,False,2026-08-03T05:08:04.700Z,47.5,-110,2026-08-03T05:10:09.838609+00:00,0.0348,24.0,False,True,False,betmgm,2026-08-03T05:08:04.700Z,0.0348,False,3f788e022a304dab97f7906829b3a043a728bd32664e4389e02517897fe45a9c
sports_game_odds,20260803T051009Z-f34e0721,FkwCzMlpJyoD1FXMMXdV,g97,401858438,1,1,Wisconsin,Notre Dame,caesars,total,over,47.5,-112,True,False,2026-08-03T05:08:12.000Z,47.5,-112,2026-08-03T05:10:09.838609+00:00,0.0327,24.0,False,True,False,caesars,2026-08-03T05:08:12.000Z,0.0327,False,d130bdde4f90c52357f259ad782096e9d74fd1718b7e0668423710b5f149e5de
sports_game_odds,20260803T051009Z-f34e0721,FkwCzMlpJyoD1FXMMXdV,g97,401858438,1,1,Wisconsin,Notre Dame,fanduel,total,under,47.5,-105,True,False,2026-08-03T05:08:22.253Z,47.5,-105,2026-08-03T05:10:09.838609+00:00,0.0299,24.0,False,True,False,fanduel,2026-08-03T05:08:22.253Z,0.0299,False,83422cd7486846cf17ce417f4d737c2f15ad46616aab2783938317ab4f427578
sports_game_odds,20260803T051009Z-f34e0721,FkwCzMlpJyoD1FXMMXdV,g97,401858438,1,1,Wisconsin,Notre Dame,bovada,total,under,47.5,-110,True,False,2026-08-03T05:08:22.000Z,47.5,-110,2026-08-03T05:10:09.838609+00:00,0.03,24.0,False,True,False,bovada,2026-08-03T05:08:22.000Z,0.03,False,88662bdd5432bfe90081662eafb15222f281e9ab588fd3312d7dffbc4d4fafa2
sports_game_odds,20260803T051009Z-f34e0721,FkwCzMlpJyoD1FXMMXdV,g97,401858438,1,1,Wisconsin,Notre Dame,draftkings,total,under,47.5,-108,True,False,2026-08-03T05:08:22.214Z,47.5,-108,2026-08-03T05:10:09.838609+00:00,0.0299,24.0,False,True,False,draftkings,2026-08-03T05:08:22.214Z,0.0299,False,60677cf3cb0d57c18e2917ff4fac70ad971fe31df9cf16b45ea32c15ead8b8f4
sports_game_odds,20260803T051009Z-f34e0721,FkwCzMlpJyoD1FXMMXdV,g97,401858438,1,1,Wisconsin,Notre Dame,betmgm,total,under,47.5,-110,True,False,2026-08-03T05:08:04.700Z,47.5,-110,2026-08-03T05:10:09.838609+00:00,0.0348,24.0,False,True,False,betmgm,2026-08-03T05:08:04.700Z,0.0348,False,0752804f8fe5dc7c07013fb2c7b73b0a3929752c20f846c4a795a20f192ad032
sports_game_odds,20260803T051009Z-f34e0721,FkwCzMlpJyoD1FXMMXdV,g97,401858438,1,1,Wisconsin,Notre Dame,caesars,total,under,47.5,-108,True,False,2026-08-03T05:08:12.000Z,47.5,-108,2026-08-03T05:10:09.838609+00:00,0.0327,24.0,False,True,False,caesars,2026-08-03T05:08:12.000Z,0.0327,False,1f1ddcdf7053e3e6a9b0a08ef5d939669d6a78d7d7ee7c90ac77ffa68fffdeec
sports_game_odds,20260803T051009Z-f34e0721,FkwCzMlpJyoD1FXMMXdV,g97,401858438,1,1,Wisconsin,Notre Dame,fanduel,moneyline,away,,980,True,False,2026-08-03T05:08:22.253Z,980.0,980,2026-08-03T05:10:09.838609+00:00,0.0299,24.0,False,True,False,fanduel,2026-08-03T05:08:22.253Z,0.0299,False,7a3bde70bda9f565cd1bda012c27c4779796a942f6dcdaff1991fb64237a2cc1
sports_game_odds,20260803T051009Z-f34e0721,FkwCzMlpJyoD1FXMMXdV,g97,401858438,1,1,Wisconsin,Notre Dame,bovada,moneyline,away,,1000,True,False,2026-08-03T05:08:22.000Z,1000.0,1000,2026-08-03T05:10:09.838609+00:00,0.03,24.0,False,True,False,bovada,2026-08-03T05:08:22.000Z,0.03,False,ee22607f3b9adb2bbb01663ece48bb928306f1258338251d277ab626691cb5ec
sports_game_odds,20260803T051009Z-f34e0721,FkwCzMlpJyoD1FXMMXdV,g97,401858438,1,1,Wisconsin,Notre Dame,draftkings,moneyline,away,,1100,True,False,2026-08-03T05:08:22.214Z,1100.0,1100,2026-08-03T05:10:09.838609+00:00,0.0299,24.0,False,True,False,draftkings,2026-08-03T05:08:22.214Z,0.0299,False,9e7e99aaa650681c15725d2552ef334c7af0a7d7706e8ba35ae405041dbb1700
sports_game_odds,20260803T051009Z-f34e0721,FkwCzMlpJyoD1FXMMXdV,g97,401858438,1,1,Wisconsin,Notre Dame,caesars,moneyline,away,,1000,True,False,2026-08-03T05:08:12.000Z,950.0,950,2026-08-03T05:10:09.838609+00:00,0.0327,24.0,False,True,False,caesars,2026-08-03T05:08:12.000Z,0.0327,False,fc1b1576da0f947b35379a605d704e856e3bcf2071bc87e361832b57b2ed9245
sports_game_odds,20260803T051009Z-f34e0721,FkwCzMlpJyoD1FXMMXdV,g97,401858438,1,1,Wisconsin,Notre Dame,fanduel,moneyline,home,,-2000,True,False,2026-08-03T05:08:22.253Z,-2000.0,-2000,2026-08-03T05:10:09.838609+00:00,0.0299,24.0,False,True,False,fanduel,2026-08-03T05:08:22.253Z,0.0299,False,7f2632cdcd7d37ba36b07389e9b9f26c613cd37a34f07aad69762ee0c66b6292
sports_game_odds,20260803T051009Z-f34e0721,FkwCzMlpJyoD1FXMMXdV,g97,401858438,1,1,Wisconsin,Notre Dame,bovada,moneyline,home,,-2500,True,False,2026-08-03T05:08:22.000Z,-2500.0,-2500,2026-08-03T05:10:09.838609+00:00,0.03,24.0,False,True,False,bovada,2026-08-03T05:08:22.000Z,0.03,False,f670d0d14859b9963e8648cf16492735a62bbfa3721bbca8821c02ccdf1505d2
sports_game_odds,20260803T051009Z-f34e0721,FkwCzMlpJyoD1FXMMXdV,g97,401858438,1,1,Wisconsin,Notre Dame,draftkings,moneyline,home,,-2100,True,False,2026-08-03T05:08:22.214Z,-2100.0,-2100,2026-08-03T05:10:09.838609+00:00,0.0299,24.0,False,True,False,draftkings,2026-08-03T05:08:22.214Z,0.0299,False,9bc0b466f78aa55134bd3acbb9b2bd2be823b973b445f124240be50a24230dac
sports_game_odds,20260803T051009Z-f34e0721,FkwCzMlpJyoD1FXMMXdV,g97,401858438,1,1,Wisconsin,Notre Dame,caesars,moneyline,home,,-2000,True,False,2026-08-03T05:08:12.000Z,-2000.0,-2000,2026-08-03T05:10:09.838609+00:00,0.0327,24.0,False,True,False,caesars,2026-08-03T05:08:12.000Z,0.0327,False,c15db9d2ad0e2463a0585ea06dc2964ea59569d2e7d456cdec0c3c3b78e695e7
sports_game_odds,20260803T051009Z-f34e0721,UT07SgbIqNfjdj3eh3BV,g98,401856661,1,1,Louisville,Ole Miss,fanduel,spread,away,6.5,-106,True,False,2026-08-03T05:08:22.253Z,6.5,-110,2026-08-03T05:10:09.838609+00:00,0.0299,24.0,False,True,False,fanduel,2026-08-03T05:08:22.253Z,0.0299,False,54afde78aaac4c76047496d9ed9114fac60252e6108b149b96621d54f773eb2b
sports_game_odds,20260803T051009Z-f34e0721,UT07SgbIqNfjdj3eh3BV,g98,401856661,1,1,Louisville,Ole Miss,draftkings,spread,away,6.5,-112,True,False,2026-08-03T05:08:22.214Z,6.5,-108,2026-08-03T05:10:09.838609+00:00,0.0299,24.0,False,True,False,draftkings,2026-08-03T05:08:22.214Z,0.0299,False,a3698dfedb699957697e0ca13e42aaa1ab2259db446ee10c1695cd6a2bc070ba
sports_game_odds,20260803T051009Z-f34e0721,UT07SgbIqNfjdj3eh3BV,g98,401856661,1,1,Louisville,Ole Miss,caesars,spread,away,6.5,-109,True,False,2026-08-03T05:08:12.000Z,6.5,-113,2026-08-03T05:10:09.838609+00:00,0.0327,24.0,False,True,False,caesars,2026-08-03T05:08:12.000Z,0.0327,False,97981ece53d35819fb4bf3f1e20734dc7c46a084d7a95124a00addb191dbbbc9
sports_game_odds,20260803T051009Z-f34e0721,UT07SgbIqNfjdj3eh3BV,g98,401856661,1,1,Louisville,Ole Miss,bovada,spread,away,6.5,-110,True,False,2026-08-03T05:08:22.000Z,6.5,-110,2026-08-03T05:10:09.838609+00:00,0.03,24.0,False,True,False,bovada,2026-08-03T05:08:22.000Z,0.03,False,a16a7f87c33389ca714212dde08febf6b68312b0734144eed563f8ce0b0c8d82
sports_game_odds,20260803T051009Z-f34e0721,UT07SgbIqNfjdj3eh3BV,g98,401856661,1,1,Louisville,Ole Miss,betmgm,spread,away,6.5,-110,True,False,2026-08-03T05:08:17.000Z,6.5,-110,2026-08-03T05:10:09.838609+00:00,0.0313,24.0,False,True,False,betmgm,2026-08-03T05:08:17.000Z,0.0313,False,ff4533c8db65a28d220235fcc75bf9553c17f242a65080a8ee7080aab2c97a9f
sports_game_odds,20260803T051009Z-f34e0721,UT07SgbIqNfjdj3eh3BV,g98,401856661,1,1,Louisville,Ole Miss,fanduel,spread,home,-6.5,-114,True,False,2026-08-03T05:08:22.253Z,-6.5,-110,2026-08-03T05:10:09.838609+00:00,0.0299,24.0,False,True,False,fanduel,2026-08-03T05:08:22.253Z,0.0299,False,2e0dd98fbe87fcb963efb06dd62a446894e1b8742001e78e7cdb683dac4c8f7f
sports_game_odds,20260803T051009Z-f34e0721,UT07SgbIqNfjdj3eh3BV,g98,401856661,1,1,Louisville,Ole Miss,draftkings,spread,home,-6.5,-108,True,False,2026-08-03T05:08:22.214Z,-6.5,-112,2026-08-03T05:10:09.838609+00:00,0.0299,24.0,False,True,False,draftkings,2026-08-03T05:08:22.214Z,0.0299,False,54d9da5ef3416f4f789ca1f4fd592d65750005ab7ffabd3ca3ac16fcac358443
sports_game_odds,20260803T051009Z-f34e0721,UT07SgbIqNfjdj3eh3BV,g98,401856661,1,1,Louisville,Ole Miss,caesars,spread,home,-6.5,-110,True,False,2026-08-03T05:08:12.000Z,-6.5,-107,2026-08-03T05:10:09.838609+00:00,0.0327,24.0,False,True,False,caesars,2026-08-03T05:08:12.000Z,0.0327,False,87a989899d3d22df70917db2a1927f8d91c7558701d37f1d2acc10181cdcfe05
sports_game_odds,20260803T051009Z-f34e0721,UT07SgbIqNfjdj3eh3BV,g98,401856661,1,1,Louisville,Ole Miss,bovada,spread,home,-6.5,-110,True,False,2026-08-03T05:08:22.000Z,-6.5,-110,2026-08-03T05:10:09.838609+00:00,0.03,24.0,False,True,False,bovada,2026-08-03T05:08:22.000Z,0.03,False,57088a06322efc6eed7a01b3864e99cdf661b3a1425bde65b6d8d885de7e5eea
sports_game_odds,20260803T051009Z-f34e0721,UT07SgbIqNfjdj3eh3BV,g98,401856661,1,1,Louisville,Ole Miss,betmgm,spread,home,-6.5,-110,True,False,2026-08-03T05:08:17.000Z,-6.5,-110,2026-08-03T05:10:09.838609+00:00,0.0313,24.0,False,True,False,betmgm,2026-08-03T05:08:17.000Z,0.0313,False,a34fa9dea913a4e0f30c58753a326dee041332d2b349f3b14c6884a6f298ad14
sports_game_odds,20260803T051009Z-f34e0721,UT07SgbIqNfjdj3eh3BV,g98,401856661,1,1,Louisville,Ole Miss,fanduel,total,over,55.5,-115,True,False,2026-08-03T05:08:22.253Z,55.5,-115,2026-08-03T05:10:09.838609+00:00,0.0299,24.0,False,True,False,fanduel,2026-08-03T05:08:22.253Z,0.0299,False,3c6c890f87ee3d909c91365f5d825886ef851e22e890bfe66d24ece038f898ee
sports_game_odds,20260803T051009Z-f34e0721,UT07SgbIqNfjdj3eh3BV,g98,401856661,1,1,Louisville,Ole Miss,draftkings,total,over,55.5,-110,False,False,2026-07-28T17:34:52.748Z,55.5,-112,2026-08-03T05:10:09.838609+00:00,131.5881,24.0,True,False,False,draftkings,2026-07-28T17:34:52.748Z,131.5881,True,65cf886945f4f22aa6f94c43253ab9f998c3675d980425bdd8e45fc269019590
sports_game_odds,20260803T051009Z-f34e0721,UT07SgbIqNfjdj3eh3BV,g98,401856661,1,1,Louisville,Ole Miss,caesars,total,over,55.5,-114,True,False,2026-08-03T05:08:12.000Z,55.5,-110,2026-08-03T05:10:09.838609+00:00,0.0327,24.0,False,True,False,caesars,2026-08-03T05:08:12.000Z,0.0327,False,36d61af1ae8def70edf049f970fbbffcf46742ece98815d1b0789e135f86b543
sports_game_odds,20260803T051009Z-f34e0721,UT07SgbIqNfjdj3eh3BV,g98,401856661,1,1,Louisville,Ole Miss,bovada,total,over,55.5,-110,False,False,2026-07-28T17:33:31.000Z,55.5,-110,2026-08-03T05:10:09.838609+00:00,131.6108,24.0,True,False,False,bovada,2026-07-28T17:33:31.000Z,131.6108,True,728f231c0f7ffe42a8fa80da9918086eb6acd9137fa3bed434e2312c4dfa5d7f
sports_game_odds,20260803T051009Z-f34e0721,UT07SgbIqNfjdj3eh3BV,g98,401856661,1,1,Louisville,Ole Miss,betmgm,total,over,55.5,-110,True,False,2026-08-03T05:08:17.000Z,55.5,-110,2026-08-03T05:10:09.838609+00:00,0.0313,24.0,False,True,False,betmgm,2026-08-03T05:08:17.000Z,0.0313,False,74dba2071d82f36a65de19a1636ac4cd3ccdc6c1dddc772c5afc543de1f5f153
sports_game_odds,20260803T051009Z-f34e0721,UT07SgbIqNfjdj3eh3BV,g98,401856661,1,1,Louisville,Ole Miss,fanduel,total,under,55.5,-105,True,False,2026-08-03T05:08:22.253Z,55.5,-105,2026-08-03T05:10:09.838609+00:00,0.0299,24.0,False,True,False,fanduel,2026-08-03T05:08:22.253Z,0.0299,False,8894d6aa26fddf1deec7564d0f789082ea4e2401f6610c306aa578c9d6c5040a
sports_game_odds,20260803T051009Z-f34e0721,UT07SgbIqNfjdj3eh3BV,g98,401856661,1,1,Louisville,Ole Miss,draftkings,total,under,55.5,-110,False,False,2026-07-28T17:34:52.748Z,55.5,-108,2026-08-03T05:10:09.838609+00:00,131.5881,24.0,True,False,False,draftkings,2026-07-28T17:34:52.748Z,131.5881,True,66b884737a8ca470bc3b707737e0f9690abe2cba9ae3fe65469277d2673f57b6
sports_game_odds,20260803T051009Z-f34e0721,UT07SgbIqNfjdj3eh3BV,g98,401856661,1,1,Louisville,Ole Miss,caesars,total,under,55.5,-107,True,False,2026-08-03T05:08:12.000Z,55.5,-110,2026-08-03T05:10:09.838609+00:00,0.0327,24.0,False,True,False,caesars,2026-08-03T05:08:12.000Z,0.0327,False,48906fb2a791d250826f8871dbfbc35132dc5c5538f32fa579fed9e5c948d68e
sports_game_odds,20260803T051009Z-f34e0721,UT07SgbIqNfjdj3eh3BV,g98,401856661,1,1,Louisville,Ole Miss,bovada,total,under,55.5,-110,False,False,2026-07-28T17:33:31.000Z,55.5,-110,2026-08-03T05:10:09.838609+00:00,131.6108,24.0,True,False,False,bovada,2026-07-28T17:33:31.000Z,131.6108,True,7fa3021018e0d4bc7baacd9888287374716c28b07aff866533c650aaf436a6c8
sports_game_odds,20260803T051009Z-f34e0721,UT07SgbIqNfjdj3eh3BV,g98,401856661,1,1,Louisville,Ole Miss,betmgm,total,under,55.5,-110,True,False,2026-08-03T05:08:17.000Z,55.5,-110,2026-08-03T05:10:09.838609+00:00,0.0313,24.0,False,True,False,betmgm,2026-08-03T05:08:17.000Z,0.0313,False,cec8133836cc1f592ab61b6d8bd962773d29ff3f1fcf2bd8ef6284057cad10bf
sports_game_odds,20260803T051009Z-f34e0721,UT07SgbIqNfjdj3eh3BV,g98,401856661,1,1,Louisville,Ole Miss,fanduel,moneyline,away,,202,True,False,2026-08-03T05:08:22.253Z,188.0,188,2026-08-03T05:10:09.838609+00:00,0.0299,24.0,False,True,False,fanduel,2026-08-03T05:08:22.253Z,0.0299,False,8f9ce57a59afcac7c97db57a219e9d5276f8e29e2f11b85231a5086c2d143140
sports_game_odds,20260803T051009Z-f34e0721,UT07SgbIqNfjdj3eh3BV,g98,401856661,1,1,Louisville,Ole Miss,draftkings,moneyline,away,,220,True,False,2026-08-03T05:08:22.214Z,225.0,225,2026-08-03T05:10:09.838609+00:00,0.0299,24.0,False,True,False,draftkings,2026-08-03T05:08:22.214Z,0.0299,False,db5a9735e4fc30cd8d8b0334202108d333bfe47f01955e2cc502f190911ea5fc
sports_game_odds,20260803T051009Z-f34e0721,UT07SgbIqNfjdj3eh3BV,g98,401856661,1,1,Louisville,Ole Miss,caesars,moneyline,away,,205,True,False,2026-08-03T05:08:12.000Z,205.0,205,2026-08-03T05:10:09.838609+00:00,0.0327,24.0,False,True,False,caesars,2026-08-03T05:08:12.000Z,0.0327,False,e1a964b60700a9ca3c81169f03e7fc95e31601ef82d4e7ccb3854236833972a9
sports_game_odds,20260803T051009Z-f34e0721,UT07SgbIqNfjdj3eh3BV,g98,401856661,1,1,Louisville,Ole Miss,bovada,moneyline,away,,220,True,False,2026-08-03T05:08:22.000Z,230.0,230,2026-08-03T05:10:09.838609+00:00,0.03,24.0,False,True,False,bovada,2026-08-03T05:08:22.000Z,0.03,False,434285fc05fbe5f620628976fa7e0d08fe6e5f52ec854f682f60b725ddc0a498
sports_game_odds,20260803T051009Z-f34e0721,UT07SgbIqNfjdj3eh3BV,g98,401856661,1,1,Louisville,Ole Miss,betmgm,moneyline,away,,200,True,False,2026-08-03T05:08:17.000Z,200.0,200,2026-08-03T05:10:09.838609+00:00,0.0313,24.0,False,True,False,betmgm,2026-08-03T05:08:17.000Z,0.0313,False,70854faf8b4370e8c20531294502b1d12810ff1689f5ecaf7824b23f657c6a72
sports_game_odds,20260803T051009Z-f34e0721,UT07SgbIqNfjdj3eh3BV,g98,401856661,1,1,Louisville,Ole Miss,fanduel,moneyline,home,,-250,True,False,2026-08-03T05:08:22.253Z,-230.0,-230,2026-08-03T05:10:09.838609+00:00,0.0299,24.0,False,True,False,fanduel,2026-08-03T05:08:22.253Z,0.0299,False,85d16f759fbc0e2a05384adc5274df2abd7314a11f876a236f0c640592ce755f
sports_game_odds,20260803T051009Z-f34e0721,UT07SgbIqNfjdj3eh3BV,g98,401856661,1,1,Louisville,Ole Miss,draftkings,moneyline,home,,-270,True,False,2026-08-03T05:08:22.214Z,-278.0,-278,2026-08-03T05:10:09.838609+00:00,0.0299,24.0,False,True,False,draftkings,2026-08-03T05:08:22.214Z,0.0299,False,b5e465aacda04af66bf7bb4a8e2d8f488e307d3c0cbcbf933dc6ce4f5f80cb4f
sports_game_odds,20260803T051009Z-f34e0721,UT07SgbIqNfjdj3eh3BV,g98,401856661,1,1,Louisville,Ole Miss,caesars,moneyline,home,,-250,True,False,2026-08-03T05:08:12.000Z,-250.0,-250,2026-08-03T05:10:09.838609+00:00,0.0327,24.0,False,True,False,caesars,2026-08-03T05:08:12.000Z,0.0327,False,639b8a44b178153534d3929fef1764fd1d321ae07364da672b8281cdb53ee016
sports_game_odds,20260803T051009Z-f34e0721,UT07SgbIqNfjdj3eh3BV,g98,401856661,1,1,Louisville,Ole Miss,bovada,moneyline,home,,-270,True,False,2026-08-03T05:08:22.000Z,-280.0,-280,2026-08-03T05:10:09.838609+00:00,0.03,24.0,False,True,False,bovada,2026-08-03T05:08:22.000Z,0.03,False,6c9c92566dfb9145d54bcab7b000dd342e0451f9c32ad2c811d1748fa8ce48f1
sports_game_odds,20260803T051009Z-f34e0721,UT07SgbIqNfjdj3eh3BV,g98,401856661,1,1,Louisville,Ole Miss,betmgm,moneyline,home,,-250,True,False,2026-08-03T05:08:17.000Z,-250.0,-250,2026-08-03T05:10:09.838609+00:00,0.0313,24.0,False,True,False,betmgm,2026-08-03T05:08:17.000Z,0.0313,False,78d220c4ec86e700c2b018951da6cc6b4cdc132153dbb16b10e6ef4c055064bb
sports_game_odds,20260803T051009Z-f34e0721,2O4LCAU0yn6jnyPhhdE6,g99,401858212,1,1,SMU,Florida State,draftkings,spread,away,-1.5,-118,True,False,2026-08-03T05:08:22.214Z,-2.5,-115,2026-08-03T05:10:09.838609+00:00,0.0299,24.0,False,True,False,draftkings,2026-08-03T05:08:22.214Z,0.0299,False,41845b9fee2011eeea55c0c6bff1fd7b10f362a16a6c44655c14792f3f7e36e6
sports_game_odds,20260803T051009Z-f34e0721,2O4LCAU0yn6jnyPhhdE6,g99,401858212,1,1,SMU,Florida State,bovada,spread,away,-1.5,-120,True,False,2026-08-03T05:08:22.000Z,-2.5,-115,2026-08-03T05:10:09.838609+00:00,0.03,24.0,False,True,False,bovada,2026-08-03T05:08:22.000Z,0.03,False,5520b04575c901ac04311bf2ae3a0e31883116b3277c2b1e3694db96c18fa1f0
sports_game_odds,20260803T051009Z-f34e0721,2O4LCAU0yn6jnyPhhdE6,g99,401858212,1,1,SMU,Florida State,caesars,spread,away,-2.5,-115,True,False,2026-08-03T05:08:12.000Z,-2.5,-115,2026-08-03T05:10:09.838609+00:00,0.0327,24.0,False,True,False,caesars,2026-08-03T05:08:12.000Z,0.0327,False,1332a0dab300b50e1ae4030e363b1b70e9ca71e76adf0ef778c4455b38038c9e
sports_game_odds,20260803T051009Z-f34e0721,2O4LCAU0yn6jnyPhhdE6,g99,401858212,1,1,SMU,Florida State,fanduel,spread,away,-1.5,-114,True,False,2026-08-03T05:08:22.253Z,-2.5,-115,2026-08-03T05:10:09.838609+00:00,0.0299,24.0,False,True,False,fanduel,2026-08-03T05:08:22.253Z,0.0299,False,adb75defac3e0c7a4e1711a3d9d1a2ee0c6aa79ac8724260f66ea331de2ff759
sports_game_odds,20260803T051009Z-f34e0721,2O4LCAU0yn6jnyPhhdE6,g99,401858212,1,1,SMU,Florida State,betmgm,spread,away,-1.5,-115,True,False,2026-08-03T05:08:04.700Z,-2.5,-110,2026-08-03T05:10:09.838609+00:00,0.0348,24.0,False,True,False,betmgm,2026-08-03T05:08:04.700Z,0.0348,False,f4b05ead4e2008c3577089e4cd6d0ad0e9e05a872500553aa51c3e5bcc9e449a
sports_game_odds,20260803T051009Z-f34e0721,2O4LCAU0yn6jnyPhhdE6,g99,401858212,1,1,SMU,Florida State,draftkings,spread,home,1.5,-102,True,False,2026-08-03T05:08:22.214Z,2.5,-105,2026-08-03T05:10:09.838609+00:00,0.0299,24.0,False,True,False,draftkings,2026-08-03T05:08:22.214Z,0.0299,False,2b40f617757fbfd03e5aa1bb8d53932b3340be2be9472f191a7e726829c076ee
sports_game_odds,20260803T051009Z-f34e0721,2O4LCAU0yn6jnyPhhdE6,g99,401858212,1,1,SMU,Florida State,bovada,spread,home,1.5,100,True,False,2026-08-03T05:08:22.000Z,2.5,-105,2026-08-03T05:10:09.838609+00:00,0.03,24.0,False,True,False,bovada,2026-08-03T05:08:22.000Z,0.03,False,3fcb838dddc756a7aeebed8c9a38040ae32be08b64c53a751958bd5cd791fc3e
sports_game_odds,20260803T051009Z-f34e0721,2O4LCAU0yn6jnyPhhdE6,g99,401858212,1,1,SMU,Florida State,caesars,spread,home,2.5,-105,True,False,2026-08-03T05:08:12.000Z,2.5,-105,2026-08-03T05:10:09.838609+00:00,0.0327,24.0,False,True,False,caesars,2026-08-03T05:08:12.000Z,0.0327,False,7cd68f1d7a60e04695401e6aefe1ba81326122d8f05546bb184072783d3d470a
sports_game_odds,20260803T051009Z-f34e0721,2O4LCAU0yn6jnyPhhdE6,g99,401858212,1,1,SMU,Florida State,fanduel,spread,home,1.5,-106,True,False,2026-08-03T05:08:22.253Z,2.5,-105,2026-08-03T05:10:09.838609+00:00,0.0299,24.0,False,True,False,fanduel,2026-08-03T05:08:22.253Z,0.0299,False,e4965909aaf8368bbb8f2393c37ca4a743cc4bdc0e7f9d8a32f62bf10d16a140
sports_game_odds,20260803T051009Z-f34e0721,2O4LCAU0yn6jnyPhhdE6,g99,401858212,1,1,SMU,Florida State,betmgm,spread,home,1.5,-105,True,False,2026-08-03T05:08:04.700Z,2.5,-110,2026-08-03T05:10:09.838609+00:00,0.0348,24.0,False,True,False,betmgm,2026-08-03T05:08:04.700Z,0.0348,False,da224e99ae388523197de1dc98be2bb1a0861bddbe6e89dbe13f56be5a173dda
sports_game_odds,20260803T051009Z-f34e0721,2O4LCAU0yn6jnyPhhdE6,g99,401858212,1,1,SMU,Florida State,draftkings,total,over,53.5,-108,True,False,2026-08-03T05:08:22.214Z,52.5,-112,2026-08-03T05:10:09.838609+00:00,0.0299,24.0,False,True,False,draftkings,2026-08-03T05:08:22.214Z,0.0299,False,2526d11a766c2dc1b19a58e26aba4b325c0d8d8a83414da14a1432f7490e6922
sports_game_odds,20260803T051009Z-f34e0721,2O4LCAU0yn6jnyPhhdE6,g99,401858212,1,1,SMU,Florida State,bovada,total,over,53.5,-110,True,False,2026-08-03T05:08:22.000Z,52.5,-110,2026-08-03T05:10:09.838609+00:00,0.03,24.0,False,True,False,bovada,2026-08-03T05:08:22.000Z,0.03,False,93e89d6e4481ac965de4740b52046afb8e0ecd454f6170797e369e17af437879
sports_game_odds,20260803T051009Z-f34e0721,2O4LCAU0yn6jnyPhhdE6,g99,401858212,1,1,SMU,Florida State,caesars,total,over,53.5,-115,True,False,2026-08-03T05:08:12.000Z,52.5,-115,2026-08-03T05:10:09.838609+00:00,0.0327,24.0,False,True,False,caesars,2026-08-03T05:08:12.000Z,0.0327,False,822d189eabe2e2eab7796c9f24c3dbaab0caa0bcc6a171302361c1f772485b90
sports_game_odds,20260803T051009Z-f34e0721,2O4LCAU0yn6jnyPhhdE6,g99,401858212,1,1,SMU,Florida State,fanduel,total,over,53.5,-110,True,False,2026-08-03T05:08:22.253Z,54.5,-110,2026-08-03T05:10:09.838609+00:00,0.0299,24.0,False,True,False,fanduel,2026-08-03T05:08:22.253Z,0.0299,False,0237c0133b13dc15d8fe6dcd116b61fd28b8c8c1495d5634e445d3da1c6fa131
sports_game_odds,20260803T051009Z-f34e0721,2O4LCAU0yn6jnyPhhdE6,g99,401858212,1,1,SMU,Florida State,betmgm,total,over,53.5,-110,True,False,2026-08-03T05:08:04.700Z,53.5,-110,2026-08-03T05:10:09.838609+00:00,0.0348,24.0,False,True,False,betmgm,2026-08-03T05:08:04.700Z,0.0348,False,4c31740f99e659796cc6de4eecd7d2555f56aae9dae7c4b4a8b71ac7ee78df07
sports_game_odds,20260803T051009Z-f34e0721,2O4LCAU0yn6jnyPhhdE6,g99,401858212,1,1,SMU,Florida State,draftkings,total,under,53.5,-112,True,False,2026-08-03T05:08:22.214Z,52.5,-108,2026-08-03T05:10:09.838609+00:00,0.0299,24.0,False,True,False,draftkings,2026-08-03T05:08:22.214Z,0.0299,False,49d738034bd40067fc059e8a2eb78e6d7505a41e34fb1e3b69d3da9400808365
sports_game_odds,20260803T051009Z-f34e0721,2O4LCAU0yn6jnyPhhdE6,g99,401858212,1,1,SMU,Florida State,bovada,total,under,53.5,-110,True,False,2026-08-03T05:08:22.000Z,52.5,-110,2026-08-03T05:10:09.838609+00:00,0.03,24.0,False,True,False,bovada,2026-08-03T05:08:22.000Z,0.03,False,ab530b303ad5cfa8c88a102f01ac6c1f6d309cd396c5d877ac8ec7775d26ef6b
sports_game_odds,20260803T051009Z-f34e0721,2O4LCAU0yn6jnyPhhdE6,g99,401858212,1,1,SMU,Florida State,caesars,total,under,53.5,-105,True,False,2026-08-03T05:08:12.000Z,52.5,-105,2026-08-03T05:10:09.838609+00:00,0.0327,24.0,False,True,False,caesars,2026-08-03T05:08:12.000Z,0.0327,False,1db1c3276af56fc8910c37205a353a0f870bb5c77fe4ebda8a3560f04f444c56
sports_game_odds,20260803T051009Z-f34e0721,2O4LCAU0yn6jnyPhhdE6,g99,401858212,1,1,SMU,Florida State,fanduel,total,under,53.5,-110,True,False,2026-08-03T05:08:22.253Z,54.5,-110,2026-08-03T05:10:09.838609+00:00,0.0299,24.0,False,True,False,fanduel,2026-08-03T05:08:22.253Z,0.0299,False,50add283acf5dec7fb2a94487c9d10151cb45c472b7d6b6b5c655503d5634e2b
sports_game_odds,20260803T051009Z-f34e0721,2O4LCAU0yn6jnyPhhdE6,g99,401858212,1,1,SMU,Florida State,betmgm,total,under,53.5,-110,True,False,2026-08-03T05:08:04.700Z,53.5,-110,2026-08-03T05:10:09.838609+00:00,0.0348,24.0,False,True,False,betmgm,2026-08-03T05:08:04.700Z,0.0348,False,47999408223a9af58dc675de1ad80eed81f4a035f1109b6214898d051dc128af
sports_game_odds,20260803T051009Z-f34e0721,2O4LCAU0yn6jnyPhhdE6,g99,401858212,1,1,SMU,Florida State,draftkings,moneyline,away,,-130,True,False,2026-08-03T05:08:22.214Z,-142.0,-142,2026-08-03T05:10:09.838609+00:00,0.0299,24.0,False,True,False,draftkings,2026-08-03T05:08:22.214Z,0.0299,False,2ece1ed255bae4aa502620711772234da59c6c3466d8332080e2e83a12f4c209
sports_game_odds,20260803T051009Z-f34e0721,2O4LCAU0yn6jnyPhhdE6,g99,401858212,1,1,SMU,Florida State,bovada,moneyline,away,,-130,True,False,2026-08-03T05:08:22.000Z,-140.0,-140,2026-08-03T05:10:09.838609+00:00,0.03,24.0,False,True,False,bovada,2026-08-03T05:08:22.000Z,0.03,False,60d7e78b51b7db1b5da43139e31d2314c5025e7e45b6cffcbcd7186dd7b15881
sports_game_odds,20260803T051009Z-f34e0721,2O4LCAU0yn6jnyPhhdE6,g99,401858212,1,1,SMU,Florida State,caesars,moneyline,away,,-140,True,False,2026-08-03T05:08:12.000Z,-140.0,-140,2026-08-03T05:10:09.838609+00:00,0.0327,24.0,False,True,False,caesars,2026-08-03T05:08:12.000Z,0.0327,False,2191a222d99d3aed72b282a50129cb5e0c62b66df59833f10930d93295bfbba4
sports_game_odds,20260803T051009Z-f34e0721,2O4LCAU0yn6jnyPhhdE6,g99,401858212,1,1,SMU,Florida State,fanduel,moneyline,away,,-125,True,False,2026-08-03T05:08:22.253Z,-137.0,-137,2026-08-03T05:10:09.838609+00:00,0.0299,24.0,False,True,False,fanduel,2026-08-03T05:08:22.253Z,0.0299,False,335f5f8fb9bbb9ac3498af7edadb0817ab19add0200a32a6a6d33e3388540e91
sports_game_odds,20260803T051009Z-f34e0721,2O4LCAU0yn6jnyPhhdE6,g99,401858212,1,1,SMU,Florida State,betmgm,moneyline,away,,-130,True,False,2026-08-03T05:08:04.700Z,-130.0,-130,2026-08-03T05:10:09.838609+00:00,0.0348,24.0,False,True,False,betmgm,2026-08-03T05:08:04.700Z,0.0348,False,1a5fc85eb46da1cb93014c6ca3795eacdbbf69de0b538e41a9a7729fc4f39105
sports_game_odds,20260803T051009Z-f34e0721,2O4LCAU0yn6jnyPhhdE6,g99,401858212,1,1,SMU,Florida State,draftkings,moneyline,home,,110,True,False,2026-08-03T05:08:22.214Z,120.0,120,2026-08-03T05:10:09.838609+00:00,0.0299,24.0,False,True,False,draftkings,2026-08-03T05:08:22.214Z,0.0299,False,d66f2498f0c4345172fd7ac1f22ee19dd124b11032112aac815410191211c1ca
sports_game_odds,20260803T051009Z-f34e0721,2O4LCAU0yn6jnyPhhdE6,g99,401858212,1,1,SMU,Florida State,bovada,moneyline,home,,110,True,False,2026-08-03T05:08:22.000Z,120.0,120,2026-08-03T05:10:09.838609+00:00,0.03,24.0,False,True,False,bovada,2026-08-03T05:08:22.000Z,0.03,False,4404cd68939d28197012609fd553b750eb8886b9c7d2e491535654e591a51e79
sports_game_odds,20260803T051009Z-f34e0721,2O4LCAU0yn6jnyPhhdE6,g99,401858212,1,1,SMU,Florida State,caesars,moneyline,home,,117,True,False,2026-08-03T05:08:12.000Z,117.0,117,2026-08-03T05:10:09.838609+00:00,0.0327,24.0,False,True,False,caesars,2026-08-03T05:08:12.000Z,0.0327,False,ef8c9b32f4566ecc4a7974923d1ace9d7f93d199286a742b802ce15d6b0a8114
sports_game_odds,20260803T051009Z-f34e0721,2O4LCAU0yn6jnyPhhdE6,g99,401858212,1,1,SMU,Florida State,fanduel,moneyline,home,,104,True,False,2026-08-03T05:08:22.253Z,114.0,114,2026-08-03T05:10:09.838609+00:00,0.0299,24.0,False,True,False,fanduel,2026-08-03T05:08:22.253Z,0.0299,False,f83dbedc7ca764e00219c108df4d5ab2a7a3ea8138d129cdd9a9baed91bbe573
sports_game_odds,20260803T051009Z-f34e0721,2O4LCAU0yn6jnyPhhdE6,g99,401858212,1,1,SMU,Florida State,betmgm,moneyline,home,,110,True,False,2026-08-03T05:08:04.700Z,110.0,110,2026-08-03T05:10:09.838609+00:00,0.0348,24.0,False,True,False,betmgm,2026-08-03T05:08:04.700Z,0.0348,False,e5a1db16e4d41a6d70eea6bfaea620fd64c1eaf178b51a6b69185396c1849f06
sports_game_odds,20260803T051009Z-f34e0721,LWnu84ONVoodtcDuxGON,g102,401856678,2,2,Missouri,Kansas,fanduel,spread,away,-6.5,-112,True,False,2026-08-03T05:08:22.253Z,-6.5,-112,2026-08-03T05:10:09.838609+00:00,0.0299,24.0,False,True,False,fanduel,2026-08-03T05:08:22.253Z,0.0299,False,534adefcd65ef10c98a83bbcbb62babd374225b258531216b110d77e6ea689a8
sports_game_odds,20260803T051009Z-f34e0721,LWnu84ONVoodtcDuxGON,g102,401856678,2,2,Missouri,Kansas,draftkings,spread,away,-7.0,-112,True,False,2026-08-03T05:08:22.214Z,-7.0,-110,2026-08-03T05:10:09.838609+00:00,0.0299,24.0,False,True,False,draftkings,2026-08-03T05:08:22.214Z,0.0299,False,19961905bd8d537671dbb71f5c482fde937891ac4dc0c0307872d90d455e7572
sports_game_odds,20260803T051009Z-f34e0721,LWnu84ONVoodtcDuxGON,g102,401856678,2,2,Missouri,Kansas,betmgm,spread,away,-6.5,-120,True,False,2026-08-03T05:08:04.700Z,-6.5,-120,2026-08-03T05:10:09.838609+00:00,0.0348,24.0,False,True,False,betmgm,2026-08-03T05:08:04.700Z,0.0348,False,99ec187d6f1f1ad9b9f6895e0ae5ada39a7b08ea1b6b82f09276bf2cb3f11d4c
sports_game_odds,20260803T051009Z-f34e0721,LWnu84ONVoodtcDuxGON,g102,401856678,2,2,Missouri,Kansas,fanduel,spread,home,6.5,-108,True,False,2026-08-03T05:08:22.253Z,6.5,-108,2026-08-03T05:10:09.838609+00:00,0.0299,24.0,False,True,False,fanduel,2026-08-03T05:08:22.253Z,0.0299,False,4172ff6e7518320de6254520d4864ae722b29a701241a2e62c85cf500a2536e6
sports_game_odds,20260803T051009Z-f34e0721,LWnu84ONVoodtcDuxGON,g102,401856678,2,2,Missouri,Kansas,draftkings,spread,home,7.0,-108,True,False,2026-08-03T05:08:22.214Z,7.0,-110,2026-08-03T05:10:09.838609+00:00,0.0299,24.0,False,True,False,draftkings,2026-08-03T05:08:22.214Z,0.0299,False,6a11b9165e7d0c697463a37235507f1f28e75ddddd03c9e548d649ccbcaa10ab
sports_game_odds,20260803T051009Z-f34e0721,LWnu84ONVoodtcDuxGON,g102,401856678,2,2,Missouri,Kansas,betmgm,spread,home,6.5,100,True,False,2026-08-03T05:08:04.700Z,6.5,100,2026-08-03T05:10:09.838609+00:00,0.0348,24.0,False,True,False,betmgm,2026-08-03T05:08:04.700Z,0.0348,False,ca37c8627a2414aa23e1c8660cdeffa1b886bfd0f43b73badb41222a05da66a8
sports_game_odds,20260803T051009Z-f34e0721,LWnu84ONVoodtcDuxGON,g102,401856678,2,2,Missouri,Kansas,fanduel,total,over,51.5,-110,True,False,2026-08-03T05:08:22.253Z,51.5,-110,2026-08-03T05:10:09.838609+00:00,0.0299,24.0,False,True,False,fanduel,2026-08-03T05:08:22.253Z,0.0299,False,1ab86ec6ba9bba7b4eded9bcb6d17fdddb279d714fac86f382986e510820276c
sports_game_odds,20260803T051009Z-f34e0721,LWnu84ONVoodtcDuxGON,g102,401856678,2,2,Missouri,Kansas,draftkings,total,over,52.5,-112,True,False,2026-08-03T05:08:22.214Z,53.5,-108,2026-08-03T05:10:09.838609+00:00,0.0299,24.0,False,True,False,draftkings,2026-08-03T05:08:22.214Z,0.0299,False,e424ff9d03255f62439e14edb1da54a8bfc18bffceebdf4f9ada70f88d3c6f3d
sports_game_odds,20260803T051009Z-f34e0721,LWnu84ONVoodtcDuxGON,g102,401856678,2,2,Missouri,Kansas,fanduel,total,under,51.5,-110,True,False,2026-08-03T05:08:22.253Z,51.5,-110,2026-08-03T05:10:09.838609+00:00,0.0299,24.0,False,True,False,fanduel,2026-08-03T05:08:22.253Z,0.0299,False,288246257f8772ebb77931889a24cbe124d7796969082f42ff0a9c6fccb536e7
sports_game_odds,20260803T051009Z-f34e0721,LWnu84ONVoodtcDuxGON,g102,401856678,2,2,Missouri,Kansas,draftkings,total,under,52.5,-108,True,False,2026-08-03T05:08:22.214Z,53.5,-112,2026-08-03T05:10:09.838609+00:00,0.0299,24.0,False,True,False,draftkings,2026-08-03T05:08:22.214Z,0.0299,False,0d19359ff2614ffffda64692d10426917427e208accfb8dbbbc7e43f6b841238
sports_game_odds,20260803T051009Z-f34e0721,LWnu84ONVoodtcDuxGON,g102,401856678,2,2,Missouri,Kansas,fanduel,moneyline,away,,-235,True,False,2026-08-03T05:08:22.253Z,-235.0,-235,2026-08-03T05:10:09.838609+00:00,0.0299,24.0,False,True,False,fanduel,2026-08-03T05:08:22.253Z,0.0299,False,39ccf74535f8333061a2641dbbdd674ae9c7f0002f95935ddcbf6a9351a442e7
sports_game_odds,20260803T051009Z-f34e0721,LWnu84ONVoodtcDuxGON,g102,401856678,2,2,Missouri,Kansas,draftkings,moneyline,away,,-238,True,False,2026-08-03T05:08:22.214Z,-238.0,-238,2026-08-03T05:10:09.838609+00:00,0.0299,24.0,False,True,False,draftkings,2026-08-03T05:08:22.214Z,0.0299,False,dd7e51607dba4b610f122d69691bcb60b93800e3f57479accd1e8e6371b4a66a
sports_game_odds,20260803T051009Z-f34e0721,LWnu84ONVoodtcDuxGON,g102,401856678,2,2,Missouri,Kansas,fanduel,moneyline,home,,190,True,False,2026-08-03T05:08:22.253Z,190.0,190,2026-08-03T05:10:09.838609+00:00,0.0299,24.0,False,True,False,fanduel,2026-08-03T05:08:22.253Z,0.0299,False,71725c3219d8e17fc53aff6ee0a6617c673fc815ebbdfd1542b3f711d9d5e24e
sports_game_odds,20260803T051009Z-f34e0721,LWnu84ONVoodtcDuxGON,g102,401856678,2,2,Missouri,Kansas,draftkings,moneyline,home,,195,True,False,2026-08-03T05:08:22.214Z,195.0,195,2026-08-03T05:10:09.838609+00:00,0.0299,24.0,False,True,False,draftkings,2026-08-03T05:08:22.214Z,0.0299,False,eeecf34475a5b9171c1257bdfcf690cb0c33ffc4bfe2f9be4557297745ce0f1d
sports_game_odds,20260803T051009Z-f34e0721,AH0pqoDo39T8h4SWooJU,g142,401856679,2,2,Oklahoma,Michigan,fanduel,spread,away,2.5,-115,True,False,2026-08-03T05:08:22.253Z,2.5,-104,2026-08-03T05:10:09.838609+00:00,0.0299,24.0,False,True,False,fanduel,2026-08-03T05:08:22.253Z,0.0299,False,c06a4424ec954f7eaf29ea21f806b8520aefde3a31f89482a0dd3dd9597cda27
sports_game_odds,20260803T051009Z-f34e0721,AH0pqoDo39T8h4SWooJU,g142,401856679,2,2,Oklahoma,Michigan,betmgm,spread,away,2.5,-115,True,False,2026-08-03T05:08:04.700Z,2.5,-115,2026-08-03T05:10:09.838609+00:00,0.0348,24.0,False,True,False,betmgm,2026-08-03T05:08:04.700Z,0.0348,False,ea40f4c0fb304af9a1112de1c0dadef9e63c949cd8b4622c026da57f33d79324
sports_game_odds,20260803T051009Z-f34e0721,AH0pqoDo39T8h4SWooJU,g142,401856679,2,2,Oklahoma,Michigan,caesars,spread,away,2.5,-112,True,False,2026-08-03T05:08:12.000Z,2.5,-109,2026-08-03T05:10:09.838609+00:00,0.0327,24.0,False,True,False,caesars,2026-08-03T05:08:12.000Z,0.0327,False,98f1dd1494953bca3247b1ae1cf2e29e9b181f8d8595d2f22ebfdc5258e59cc2
sports_game_odds,20260803T051009Z-f34e0721,AH0pqoDo39T8h4SWooJU,g142,401856679,2,2,Oklahoma,Michigan,draftkings,spread,away,2.5,-110,True,False,2026-08-03T05:08:22.214Z,2.5,-110,2026-08-03T05:10:09.838609+00:00,0.0299,24.0,False,True,False,draftkings,2026-08-03T05:08:22.214Z,0.0299,False,fda60aff65f16004fd4dfa525c260d1cda6d777927744d49d88e6bd48e20c509
sports_game_odds,20260803T051009Z-f34e0721,AH0pqoDo39T8h4SWooJU,g142,401856679,2,2,Oklahoma,Michigan,bovada,spread,away,2.5,105,False,False,2026-08-03T05:08:04.700Z,,,2026-08-03T05:10:09.838609+00:00,0.0348,24.0,False,False,False,bovada,2026-08-03T05:08:04.700Z,0.0348,False,56b712a56ad6933c25c788b32986fdce44f67153747946976025efacc11edf79
sports_game_odds,20260803T051009Z-f34e0721,AH0pqoDo39T8h4SWooJU,g142,401856679,2,2,Oklahoma,Michigan,fanduel,spread,home,-2.5,-105,True,False,2026-08-03T05:08:22.253Z,-2.5,-118,2026-08-03T05:10:09.838609+00:00,0.0299,24.0,False,True,False,fanduel,2026-08-03T05:08:22.253Z,0.0299,False,04423667eb0d23ddea8ba984d465200b883943d5b1ea29cf52c6e467cd826fb3
sports_game_odds,20260803T051009Z-f34e0721,AH0pqoDo39T8h4SWooJU,g142,401856679,2,2,Oklahoma,Michigan,betmgm,spread,home,-2.5,-105,True,False,2026-08-03T05:08:04.700Z,-2.5,-105,2026-08-03T05:10:09.838609+00:00,0.0348,24.0,False,True,False,betmgm,2026-08-03T05:08:04.700Z,0.0348,False,f1e888e8a796760f8f95501564c95784b25c342b57c736573b0b43c52e628ae8
sports_game_odds,20260803T051009Z-f34e0721,AH0pqoDo39T8h4SWooJU,g142,401856679,2,2,Oklahoma,Michigan,caesars,spread,home,-2.5,-108,True,False,2026-08-03T05:08:12.000Z,-2.5,-110,2026-08-03T05:10:09.838609+00:00,0.0327,24.0,False,True,False,caesars,2026-08-03T05:08:12.000Z,0.0327,False,003cca04a29f12cf97948f052c01530b240891236d526aca55a30eea59df8bcb
sports_game_odds,20260803T051009Z-f34e0721,AH0pqoDo39T8h4SWooJU,g142,401856679,2,2,Oklahoma,Michigan,draftkings,spread,home,-2.5,-110,True,False,2026-08-03T05:08:22.214Z,-2.5,-110,2026-08-03T05:10:09.838609+00:00,0.0299,24.0,False,True,False,draftkings,2026-08-03T05:08:22.214Z,0.0299,False,81aa24becb091ca591b855f152ee2c147c4ec183547ae76dfa4ea9bc81f9f203
sports_game_odds,20260803T051009Z-f34e0721,AH0pqoDo39T8h4SWooJU,g142,401856679,2,2,Oklahoma,Michigan,bovada,spread,home,-2.5,-125,False,False,2026-08-03T05:08:04.700Z,,,2026-08-03T05:10:09.838609+00:00,0.0348,24.0,False,False,False,bovada,2026-08-03T05:08:04.700Z,0.0348,False,5bb2a6b5ef37a9ab981c657d7a1304b803e7d5c8a4dde74c83498ccf3760adce
sports_game_odds,20260803T051009Z-f34e0721,AH0pqoDo39T8h4SWooJU,g142,401856679,2,2,Oklahoma,Michigan,fanduel,total,over,45.5,-110,True,False,2026-08-03T05:08:22.253Z,45.5,-110,2026-08-03T05:10:09.838609+00:00,0.0299,24.0,False,True,False,fanduel,2026-08-03T05:08:22.253Z,0.0299,False,328fb79d94ccf900e75706d021212bac87a03856da163c0415dc9cd4604ad9a7
sports_game_odds,20260803T051009Z-f34e0721,AH0pqoDo39T8h4SWooJU,g142,401856679,2,2,Oklahoma,Michigan,betmgm,total,over,45.5,-110,True,False,2026-08-03T05:08:04.700Z,45.5,-110,2026-08-03T05:10:09.838609+00:00,0.0348,24.0,False,True,False,betmgm,2026-08-03T05:08:04.700Z,0.0348,False,2384793bd16ca789f531ee2e5269d2dcc006645d2f2c0c6edebcf0a48ccc3198
sports_game_odds,20260803T051009Z-f34e0721,AH0pqoDo39T8h4SWooJU,g142,401856679,2,2,Oklahoma,Michigan,caesars,total,over,45.5,-120,True,False,2026-08-03T05:08:12.000Z,45.5,-109,2026-08-03T05:10:09.838609+00:00,0.0327,24.0,False,True,False,caesars,2026-08-03T05:08:12.000Z,0.0327,False,70962edfc1f804ad037a56b6fbfb1ea484bd689ad61923fd87413b7f98da5a69
sports_game_odds,20260803T051009Z-f34e0721,AH0pqoDo39T8h4SWooJU,g142,401856679,2,2,Oklahoma,Michigan,bovada,total,over,45.5,-110,False,False,2026-08-03T05:08:04.700Z,,,2026-08-03T05:10:09.838609+00:00,0.0348,24.0,False,False,False,bovada,2026-08-03T05:08:04.700Z,0.0348,False,b1e00dda5b9623fae9be71c4a62e1256def5189b1ff0f4519f672035bd6bccf0
sports_game_odds,20260803T051009Z-f34e0721,AH0pqoDo39T8h4SWooJU,g142,401856679,2,2,Oklahoma,Michigan,draftkings,total,over,45.5,-105,False,False,2026-07-23T20:18:40.748Z,45.5,-105,2026-08-03T05:10:09.838609+00:00,248.8581,24.0,True,False,False,draftkings,2026-07-23T20:18:40.748Z,248.8581,True,225b71e5b5d00e8a7573d3abcfacd70eb6233d855b2f8ee344e4d6b5096f9ff9
sports_game_odds,20260803T051009Z-f34e0721,AH0pqoDo39T8h4SWooJU,g142,401856679,2,2,Oklahoma,Michigan,fanduel,total,under,45.5,-110,True,False,2026-08-03T05:08:22.253Z,45.5,-110,2026-08-03T05:10:09.838609+00:00,0.0299,24.0,False,True,False,fanduel,2026-08-03T05:08:22.253Z,0.0299,False,9757228f23e3be720daf136a724cb9714373ec66eec54605f8313deab521d635
sports_game_odds,20260803T051009Z-f34e0721,AH0pqoDo39T8h4SWooJU,g142,401856679,2,2,Oklahoma,Michigan,betmgm,total,under,45.5,-110,True,False,2026-08-03T05:08:04.700Z,45.5,-110,2026-08-03T05:10:09.838609+00:00,0.0348,24.0,False,True,False,betmgm,2026-08-03T05:08:04.700Z,0.0348,False,e87d58c14850dc146604abd0622968a941cbbf57cf58a9977b9aac421a0b5aca
sports_game_odds,20260803T051009Z-f34e0721,AH0pqoDo39T8h4SWooJU,g142,401856679,2,2,Oklahoma,Michigan,caesars,total,under,45.5,-103,True,False,2026-08-03T05:08:12.000Z,45.5,-112,2026-08-03T05:10:09.838609+00:00,0.0327,24.0,False,True,False,caesars,2026-08-03T05:08:12.000Z,0.0327,False,d59acca44f9effcd45343295eae727e1104f7585e8cfb1867bd7baf4f8327740
sports_game_odds,20260803T051009Z-f34e0721,AH0pqoDo39T8h4SWooJU,g142,401856679,2,2,Oklahoma,Michigan,bovada,total,under,45.5,-110,False,False,2026-08-03T05:08:04.700Z,,,2026-08-03T05:10:09.838609+00:00,0.0348,24.0,False,False,False,bovada,2026-08-03T05:08:04.700Z,0.0348,False,359dc4ed13750fb7eef8c1dd0f7b494ab3580838ea9f37e4d97270a7d0370ede
sports_game_odds,20260803T051009Z-f34e0721,AH0pqoDo39T8h4SWooJU,g142,401856679,2,2,Oklahoma,Michigan,draftkings,total,under,45.5,-115,False,False,2026-07-23T20:18:40.748Z,45.5,-115,2026-08-03T05:10:09.838609+00:00,248.8581,24.0,True,False,False,draftkings,2026-07-23T20:18:40.748Z,248.8581,True,22d121f1cdac98061e5e8bbe3011c57433cea04c0d8c5ab3da5634673d1ac485
sports_game_odds,20260803T051009Z-f34e0721,AH0pqoDo39T8h4SWooJU,g142,401856679,2,2,Oklahoma,Michigan,fanduel,moneyline,away,,105,True,False,2026-08-03T05:08:22.253Z,122.0,122,2026-08-03T05:10:09.838609+00:00,0.0299,24.0,False,True,False,fanduel,2026-08-03T05:08:22.253Z,0.0299,False,c97b24a0ec1ea5a26b48653ed19399486468f64d51516e716fbe303024ae6890
sports_game_odds,20260803T051009Z-f34e0721,AH0pqoDo39T8h4SWooJU,g142,401856679,2,2,Oklahoma,Michigan,caesars,moneyline,away,,115,True,False,2026-08-03T05:08:12.000Z,125.0,125,2026-08-03T05:10:09.838609+00:00,0.0327,24.0,False,True,False,caesars,2026-08-03T05:08:12.000Z,0.0327,False,52d84359c0ca0b8dab9d655e7b95d75499e06541aad99e1b89800c613201262f
sports_game_odds,20260803T051009Z-f34e0721,AH0pqoDo39T8h4SWooJU,g142,401856679,2,2,Oklahoma,Michigan,bovada,moneyline,away,,125,False,False,2026-08-03T05:08:04.700Z,,,2026-08-03T05:10:09.838609+00:00,0.0348,24.0,False,False,False,bovada,2026-08-03T05:08:04.700Z,0.0348,False,5367ad6b3620c29528663c75a56320649bc37bb70711dda3cbe7dc7f055e46a6
sports_game_odds,20260803T051009Z-f34e0721,AH0pqoDo39T8h4SWooJU,g142,401856679,2,2,Oklahoma,Michigan,draftkings,moneyline,away,,114,True,False,2026-08-03T05:08:22.214Z,120.0,120,2026-08-03T05:10:09.838609+00:00,0.0299,24.0,False,True,False,draftkings,2026-08-03T05:08:22.214Z,0.0299,False,33d89f3f95acff57a6f71354d338c4340c23c88813b92908f2822b830073a6a9
sports_game_odds,20260803T051009Z-f34e0721,AH0pqoDo39T8h4SWooJU,g142,401856679,2,2,Oklahoma,Michigan,fanduel,moneyline,home,,-126,True,False,2026-08-03T05:08:22.253Z,-146.0,-146,2026-08-03T05:10:09.838609+00:00,0.0299,24.0,False,True,False,fanduel,2026-08-03T05:08:22.253Z,0.0299,False,486fbf80492dcddd2e7861c83494fbdcf9c462d5dc0074e3e48fac1a48c81251
sports_game_odds,20260803T051009Z-f34e0721,AH0pqoDo39T8h4SWooJU,g142,401856679,2,2,Oklahoma,Michigan,caesars,moneyline,home,,-135,True,False,2026-08-03T05:08:12.000Z,-145.0,-145,2026-08-03T05:10:09.838609+00:00,0.0327,24.0,False,True,False,caesars,2026-08-03T05:08:12.000Z,0.0327,False,3549ae84dc2e141eb7fac39c5ec47835dd8b23ddfdda4b49fd8ae32519c972ae
sports_game_odds,20260803T051009Z-f34e0721,AH0pqoDo39T8h4SWooJU,g142,401856679,2,2,Oklahoma,Michigan,bovada,moneyline,home,,-145,False,False,2026-08-03T05:08:04.700Z,,,2026-08-03T05:10:09.838609+00:00,0.0348,24.0,False,False,False,bovada,2026-08-03T05:08:04.700Z,0.0348,False,e3cdd0c8b8918dfbdf48074ee94953330c326c674dc53916b6272009b22811fb
sports_game_odds,20260803T051009Z-f34e0721,AH0pqoDo39T8h4SWooJU,g142,401856679,2,2,Oklahoma,Michigan,draftkings,moneyline,home,,-135,True,False,2026-08-03T05:08:22.214Z,-142.0,-142,2026-08-03T05:10:09.838609+00:00,0.0299,24.0,False,True,False,draftkings,2026-08-03T05:08:22.214Z,0.0299,False,ffb75258e827c7e209b4f2062283e7b83031334f29b9a0acd84268fe324db05a
sports_game_odds,20260803T051009Z-f34e0721,lHVm91DwSbOUDBgDUrAD,g168,401856683,2,2,Arizona State,Texas A&M,draftkings,spread,away,14.5,-108,True,False,2026-08-03T05:08:22.214Z,14.5,-110,2026-08-03T05:10:09.838609+00:00,0.0299,24.0,False,True,False,draftkings,2026-08-03T05:08:22.214Z,0.0299,False,01d4b8b49ffe365844bf57d64c7458663a4ee942be129f6b34757971fba4e792
sports_game_odds,20260803T051009Z-f34e0721,lHVm91DwSbOUDBgDUrAD,g168,401856683,2,2,Arizona State,Texas A&M,draftkings,spread,home,-14.5,-112,True,False,2026-08-03T05:08:22.214Z,-14.5,-110,2026-08-03T05:10:09.838609+00:00,0.0299,24.0,False,True,False,draftkings,2026-08-03T05:08:22.214Z,0.0299,False,e824a6990455f01bdc17620e07095e788f961e29544c7bdebdf4742fde51e9ec
sports_game_odds,20260803T051009Z-f34e0721,lHVm91DwSbOUDBgDUrAD,g168,401856683,2,2,Arizona State,Texas A&M,draftkings,total,over,51.5,-110,True,False,2026-08-03T05:08:22.214Z,51.5,-110,2026-08-03T05:10:09.838609+00:00,0.0299,24.0,False,True,False,draftkings,2026-08-03T05:08:22.214Z,0.0299,False,d1bac05cb73bf40bd0ee517f7199f861f26f8743b279fdf7318fd5a3e546a847
sports_game_odds,20260803T051009Z-f34e0721,lHVm91DwSbOUDBgDUrAD,g168,401856683,2,2,Arizona State,Texas A&M,draftkings,total,under,51.5,-110,True,False,2026-08-03T05:08:22.214Z,51.5,-110,2026-08-03T05:10:09.838609+00:00,0.0299,24.0,False,True,False,draftkings,2026-08-03T05:08:22.214Z,0.0299,False,e860dfb852cdeaecb08f16438c015d877934f1f45740cfe75865999b7b3c0dac
sports_game_odds,20260803T051009Z-f34e0721,lHVm91DwSbOUDBgDUrAD,g168,401856683,2,2,Arizona State,Texas A&M,draftkings,moneyline,away,,470,True,False,2026-08-03T05:08:22.214Z,470.0,470,2026-08-03T05:10:09.838609+00:00,0.0299,24.0,False,True,False,draftkings,2026-08-03T05:08:22.214Z,0.0299,False,9f5f5ed3e8730c2116f1b8c1802def788c4862a02825c00a056a499a3ffdb561
sports_game_odds,20260803T051009Z-f34e0721,lHVm91DwSbOUDBgDUrAD,g168,401856683,2,2,Arizona State,Texas A&M,draftkings,moneyline,home,,-650,True,False,2026-08-03T05:08:22.214Z,-650.0,-650,2026-08-03T05:10:09.838609+00:00,0.0299,24.0,False,True,False,draftkings,2026-08-03T05:08:22.214Z,0.0299,False,4b062102a7c41cd780b52f7f076564178f1ce43b08a893e57a43922d831196d9
sports_game_odds,20260803T051009Z-f34e0721,qaiSlo6CyCuFajrKdO5e,g155,401856782,2,2,Oregon,Oklahoma State,fanduel,spread,away,-17.5,-105,True,False,2026-08-03T05:08:22.253Z,-17.5,-105,2026-08-03T05:10:09.838609+00:00,0.0299,24.0,False,True,False,fanduel,2026-08-03T05:08:22.253Z,0.0299,False,2eb5f9b587a4d5ebcdc332d5c1cedd2d408971208f4001d1ba81fde09522648e
sports_game_odds,20260803T051009Z-f34e0721,qaiSlo6CyCuFajrKdO5e,g155,401856782,2,2,Oregon,Oklahoma State,draftkings,spread,away,-18.5,-112,True,False,2026-08-03T05:08:22.214Z,-19.5,-110,2026-08-03T05:10:09.838609+00:00,0.0299,24.0,False,True,False,draftkings,2026-08-03T05:08:22.214Z,0.0299,False,ed2730be28e4e345d85c92f3c7d2b4d8cfa0004bc6f905d63bae1d2b3a6d0ddb
sports_game_odds,20260803T051009Z-f34e0721,qaiSlo6CyCuFajrKdO5e,g155,401856782,2,2,Oregon,Oklahoma State,betmgm,spread,away,-18.5,-110,True,False,2026-08-03T05:08:04.700Z,-18.5,-110,2026-08-03T05:10:09.838609+00:00,0.0348,24.0,False,True,False,betmgm,2026-08-03T05:08:04.700Z,0.0348,False,144ad6ba57ced3e63d4bd34dea57407140df9f7d9a52c84d82311ddbed550a01
sports_game_odds,20260803T051009Z-f34e0721,qaiSlo6CyCuFajrKdO5e,g155,401856782,2,2,Oregon,Oklahoma State,fanduel,spread,home,17.5,-115,True,False,2026-08-03T05:08:22.253Z,17.5,-115,2026-08-03T05:10:09.838609+00:00,0.0299,24.0,False,True,False,fanduel,2026-08-03T05:08:22.253Z,0.0299,False,aa397023db5971972b5d08192e6c6af007c49050a2c7a7b3ab200e5056b66b89
sports_game_odds,20260803T051009Z-f34e0721,qaiSlo6CyCuFajrKdO5e,g155,401856782,2,2,Oregon,Oklahoma State,draftkings,spread,home,18.5,-108,True,False,2026-08-03T05:08:22.214Z,19.5,-110,2026-08-03T05:10:09.838609+00:00,0.0299,24.0,False,True,False,draftkings,2026-08-03T05:08:22.214Z,0.0299,False,910f81f079c75e11f7f756e1ef8e63ce02a9e358db7f9285efc5c536995a6acd
sports_game_odds,20260803T051009Z-f34e0721,qaiSlo6CyCuFajrKdO5e,g155,401856782,2,2,Oregon,Oklahoma State,betmgm,spread,home,18.5,-110,True,False,2026-08-03T05:08:04.700Z,18.5,-110,2026-08-03T05:10:09.838609+00:00,0.0348,24.0,False,True,False,betmgm,2026-08-03T05:08:04.700Z,0.0348,False,31a56652287e3d26fedfd334f28f7c675d0c6109afbdd5a34216435fbf8e081b
sports_game_odds,20260803T051009Z-f34e0721,qaiSlo6CyCuFajrKdO5e,g155,401856782,2,2,Oregon,Oklahoma State,fanduel,total,over,60.5,-110,True,False,2026-08-03T05:08:22.253Z,59.5,-105,2026-08-03T05:10:09.838609+00:00,0.0299,24.0,False,True,False,fanduel,2026-08-03T05:08:22.253Z,0.0299,False,e76027e39671de0307d6aba6933e8baadf63c01dd39aa051bf94c9f31b5f095d
sports_game_odds,20260803T051009Z-f34e0721,qaiSlo6CyCuFajrKdO5e,g155,401856782,2,2,Oregon,Oklahoma State,draftkings,total,over,60.5,-112,True,False,2026-08-03T05:08:22.214Z,60.5,-112,2026-08-03T05:10:09.838609+00:00,0.0299,24.0,False,True,False,draftkings,2026-08-03T05:08:22.214Z,0.0299,False,19513593091a0ec42afb8c6ba688af42afdffb4f3fa17b7c7000c808f9035c54
sports_game_odds,20260803T051009Z-f34e0721,qaiSlo6CyCuFajrKdO5e,g155,401856782,2,2,Oregon,Oklahoma State,fanduel,total,under,60.5,-110,True,False,2026-08-03T05:08:22.253Z,59.5,-115,2026-08-03T05:10:09.838609+00:00,0.0299,24.0,False,True,False,fanduel,2026-08-03T05:08:22.253Z,0.0299,False,a06ccde7143c560f6b4b87c50d0b652d28d26de40eb7d0725a9a9808e3c05c69
sports_game_odds,20260803T051009Z-f34e0721,qaiSlo6CyCuFajrKdO5e,g155,401856782,2,2,Oregon,Oklahoma State,draftkings,total,under,60.5,-108,True,False,2026-08-03T05:08:22.214Z,60.5,-108,2026-08-03T05:10:09.838609+00:00,0.0299,24.0,False,True,False,draftkings,2026-08-03T05:08:22.214Z,0.0299,False,bb1fdb7f9010ff64c92fad494db0dfd131e994e1b0220e349e83d69ff22de71a
sports_game_odds,20260803T051009Z-f34e0721,qaiSlo6CyCuFajrKdO5e,g155,401856782,2,2,Oregon,Oklahoma State,fanduel,moneyline,away,,-880,True,False,2026-08-03T05:08:22.253Z,-900.0,-900,2026-08-03T05:10:09.838609+00:00,0.0299,24.0,False,True,False,fanduel,2026-08-03T05:08:22.253Z,0.0299,False,f2db509360d1ed1d40a979999077cdcd531838bc9b5396cc46520b5878b22d58
sports_game_odds,20260803T051009Z-f34e0721,qaiSlo6CyCuFajrKdO5e,g155,401856782,2,2,Oregon,Oklahoma State,draftkings,moneyline,away,,-1050,True,False,2026-08-03T05:08:22.214Z,-1050.0,-1050,2026-08-03T05:10:09.838609+00:00,0.0299,24.0,False,True,False,draftkings,2026-08-03T05:08:22.214Z,0.0299,False,b311bb297e01c3314c58b90296a6f70ed50bf87d1f6893d33caee15786420a99
sports_game_odds,20260803T051009Z-f34e0721,qaiSlo6CyCuFajrKdO5e,g155,401856782,2,2,Oregon,Oklahoma State,fanduel,moneyline,home,,580,True,False,2026-08-03T05:08:22.253Z,590.0,590,2026-08-03T05:10:09.838609+00:00,0.0299,24.0,False,True,False,fanduel,2026-08-03T05:08:22.253Z,0.0299,False,64dd67cb7828ac346aef2eea66ac69cb7fa36a0db0badca4ac346509afd2f930
sports_game_odds,20260803T051009Z-f34e0721,qaiSlo6CyCuFajrKdO5e,g155,401856782,2,2,Oregon,Oklahoma State,draftkings,moneyline,home,,675,True,False,2026-08-03T05:08:22.214Z,675.0,675,2026-08-03T05:10:09.838609+00:00,0.0299,24.0,False,True,False,draftkings,2026-08-03T05:08:22.214Z,0.0299,False,c2faa0d0bc1946dbd4e9cfe5fe98c11b7c9c92fd68bd9e30bb28f7f1f902f293
sports_game_odds,20260803T051009Z-f34e0721,NtdK0vmNaHQiLZSLPpOh,g167,401856682,2,2,Ohio State,Texas,fanduel,spread,away,1.5,-108,True,False,2026-08-03T05:08:22.253Z,1.5,-108,2026-08-03T05:10:09.838609+00:00,0.0299,24.0,False,True,False,fanduel,2026-08-03T05:08:22.253Z,0.0299,False,f7914abafcf26bd8b0200e3ddfbb986b5b576b094cc786dc516505a10e78f824
sports_game_odds,20260803T051009Z-f34e0721,NtdK0vmNaHQiLZSLPpOh,g167,401856682,2,2,Ohio State,Texas,betmgm,spread,away,1.5,-110,True,False,2026-08-03T05:08:04.700Z,1.5,-110,2026-08-03T05:10:09.838609+00:00,0.0348,24.0,False,True,False,betmgm,2026-08-03T05:08:04.700Z,0.0348,False,58b85d7f7a48bba29cbb1bd9a9ea32f408921913326e2c351da4f4ab8acd606c
sports_game_odds,20260803T051009Z-f34e0721,NtdK0vmNaHQiLZSLPpOh,g167,401856682,2,2,Ohio State,Texas,caesars,spread,away,1.5,-109,True,False,2026-08-03T05:08:12.000Z,1.5,-109,2026-08-03T05:10:09.838609+00:00,0.0327,24.0,False,True,False,caesars,2026-08-03T05:08:12.000Z,0.0327,False,67dc6db78da3e6353aca1b6c38a09cca09131865069749b2abdc9a231724db9e
sports_game_odds,20260803T051009Z-f34e0721,NtdK0vmNaHQiLZSLPpOh,g167,401856682,2,2,Ohio State,Texas,draftkings,spread,away,1.5,-115,True,False,2026-08-03T05:08:22.214Z,0.0,-110,2026-08-03T05:10:09.838609+00:00,0.0299,24.0,False,True,False,draftkings,2026-08-03T05:08:22.214Z,0.0299,False,be0157e18a382788a20fc8c207af3cec5d7318ac44df51a8e351350b7142b52b
sports_game_odds,20260803T051009Z-f34e0721,NtdK0vmNaHQiLZSLPpOh,g167,401856682,2,2,Ohio State,Texas,bovada,spread,away,1.5,-110,False,False,2026-08-03T05:08:04.700Z,,,2026-08-03T05:10:09.838609+00:00,0.0348,24.0,False,False,False,bovada,2026-08-03T05:08:04.700Z,0.0348,False,2547e8f4539d9d56aa45fe7832c2001b291d593a006ef2a1f59abda348ed6846
sports_game_odds,20260803T051009Z-f34e0721,NtdK0vmNaHQiLZSLPpOh,g167,401856682,2,2,Ohio State,Texas,fanduel,spread,home,-1.5,-112,True,False,2026-08-03T05:08:22.253Z,-1.5,-112,2026-08-03T05:10:09.838609+00:00,0.0299,24.0,False,True,False,fanduel,2026-08-03T05:08:22.253Z,0.0299,False,1e2f6fa336a08f4bd0735359e7d78e0db8420a1e6dd942895210e7156b85dc9d
sports_game_odds,20260803T051009Z-f34e0721,NtdK0vmNaHQiLZSLPpOh,g167,401856682,2,2,Ohio State,Texas,betmgm,spread,home,-1.5,-110,True,False,2026-08-03T05:08:04.700Z,-1.5,-110,2026-08-03T05:10:09.838609+00:00,0.0348,24.0,False,True,False,betmgm,2026-08-03T05:08:04.700Z,0.0348,False,44a9475d3f63bcd6d50f7d05c4de6a2fe15f8cbc6c693c109ff4603159446435
sports_game_odds,20260803T051009Z-f34e0721,NtdK0vmNaHQiLZSLPpOh,g167,401856682,2,2,Ohio State,Texas,caesars,spread,home,-1.5,-110,True,False,2026-08-03T05:08:12.000Z,-1.5,-110,2026-08-03T05:10:09.838609+00:00,0.0327,24.0,False,True,False,caesars,2026-08-03T05:08:12.000Z,0.0327,False,d4c8f511a1843736fd4d6244a99efcbf1215492db14ca76864509e814cb589bd
sports_game_odds,20260803T051009Z-f34e0721,NtdK0vmNaHQiLZSLPpOh,g167,401856682,2,2,Ohio State,Texas,draftkings,spread,home,-1.5,-105,True,False,2026-08-03T05:08:22.214Z,0.0,-110,2026-08-03T05:10:09.838609+00:00,0.0299,24.0,False,True,False,draftkings,2026-08-03T05:08:22.214Z,0.0299,False,02e7e2402aad380ac41c6d19cdd59b5f9e989645f0556a604ae8697c19c6e7ea
sports_game_odds,20260803T051009Z-f34e0721,NtdK0vmNaHQiLZSLPpOh,g167,401856682,2,2,Ohio State,Texas,bovada,spread,home,-1.5,-110,False,False,2026-08-03T05:08:04.700Z,,,2026-08-03T05:10:09.838609+00:00,0.0348,24.0,False,False,False,bovada,2026-08-03T05:08:04.700Z,0.0348,False,e3676076e4d80d81a75025589c563afe056d5cc243d909fb44f1b760ae3bbf61
sports_game_odds,20260803T051009Z-f34e0721,NtdK0vmNaHQiLZSLPpOh,g167,401856682,2,2,Ohio State,Texas,fanduel,total,over,47.5,-115,True,False,2026-08-03T05:08:22.253Z,47.5,-115,2026-08-03T05:10:09.838609+00:00,0.0299,24.0,False,True,False,fanduel,2026-08-03T05:08:22.253Z,0.0299,False,8d21632a7435d4cb6022928ee2f138115ea2b00baf99672c15f67390e43b08d1
sports_game_odds,20260803T051009Z-f34e0721,NtdK0vmNaHQiLZSLPpOh,g167,401856682,2,2,Ohio State,Texas,betmgm,total,over,47.5,-110,True,False,2026-08-03T05:08:04.700Z,47.5,-110,2026-08-03T05:10:09.838609+00:00,0.0348,24.0,False,True,False,betmgm,2026-08-03T05:08:04.700Z,0.0348,False,96a51bdf82b0ab4bf61c091436b738755e665089f096c984caa9375fad0a568b
sports_game_odds,20260803T051009Z-f34e0721,NtdK0vmNaHQiLZSLPpOh,g167,401856682,2,2,Ohio State,Texas,caesars,total,over,47.5,-114,True,False,2026-08-03T05:08:12.000Z,47.5,-114,2026-08-03T05:10:09.838609+00:00,0.0327,24.0,False,True,False,caesars,2026-08-03T05:08:12.000Z,0.0327,False,589fd14189ca06b231c3c329889aa15aa8bc6c168a622dae024392c696f9f1fd
sports_game_odds,20260803T051009Z-f34e0721,NtdK0vmNaHQiLZSLPpOh,g167,401856682,2,2,Ohio State,Texas,bovada,total,over,47.5,-115,False,False,2026-08-03T05:08:04.700Z,,,2026-08-03T05:10:09.838609+00:00,0.0348,24.0,False,False,False,bovada,2026-08-03T05:08:04.700Z,0.0348,False,08ac7db6a9c8f5d2ce9a8c5ab24d7ebb9d23ff887473733812e6f1b9d10b7bdb
sports_game_odds,20260803T051009Z-f34e0721,NtdK0vmNaHQiLZSLPpOh,g167,401856682,2,2,Ohio State,Texas,draftkings,total,over,47.5,-115,True,False,2026-08-03T05:08:22.214Z,47.5,-115,2026-08-03T05:10:09.838609+00:00,0.0299,24.0,False,True,False,draftkings,2026-08-03T05:08:22.214Z,0.0299,False,ee83df2dfd3eb0b31fddc2018894f712f710cee13ad659d0c672df52d2e84dc0
sports_game_odds,20260803T051009Z-f34e0721,NtdK0vmNaHQiLZSLPpOh,g167,401856682,2,2,Ohio State,Texas,fanduel,total,under,47.5,-105,True,False,2026-08-03T05:08:22.253Z,47.5,-105,2026-08-03T05:10:09.838609+00:00,0.0299,24.0,False,True,False,fanduel,2026-08-03T05:08:22.253Z,0.0299,False,ff5841e51e6cf59647eed6401854a2e4c1091b334948426a341664286e0deeab
sports_game_odds,20260803T051009Z-f34e0721,NtdK0vmNaHQiLZSLPpOh,g167,401856682,2,2,Ohio State,Texas,betmgm,total,under,47.5,-110,True,False,2026-08-03T05:08:04.700Z,47.5,-110,2026-08-03T05:10:09.838609+00:00,0.0348,24.0,False,True,False,betmgm,2026-08-03T05:08:04.700Z,0.0348,False,fc5fc190e16616525a625f62055bdecdcc037db8cb9d59babdb9652eb068f49e
sports_game_odds,20260803T051009Z-f34e0721,NtdK0vmNaHQiLZSLPpOh,g167,401856682,2,2,Ohio State,Texas,caesars,total,under,47.5,-107,True,False,2026-08-03T05:08:12.000Z,47.5,-107,2026-08-03T05:10:09.838609+00:00,0.0327,24.0,False,True,False,caesars,2026-08-03T05:08:12.000Z,0.0327,False,ca7df339d72c386f0a5d65af434a7db70b773220b75af1b54ba8ea7ccdffab2f
sports_game_odds,20260803T051009Z-f34e0721,NtdK0vmNaHQiLZSLPpOh,g167,401856682,2,2,Ohio State,Texas,bovada,total,under,47.5,-105,False,False,2026-08-03T05:08:04.700Z,,,2026-08-03T05:10:09.838609+00:00,0.0348,24.0,False,False,False,bovada,2026-08-03T05:08:04.700Z,0.0348,False,acf4479b1519b246ae98bc22306b875643ffc020382c15a117ee2d336e9a8d1e
sports_game_odds,20260803T051009Z-f34e0721,NtdK0vmNaHQiLZSLPpOh,g167,401856682,2,2,Ohio State,Texas,draftkings,total,under,47.5,-105,True,False,2026-08-03T05:08:22.214Z,47.5,-105,2026-08-03T05:10:09.838609+00:00,0.0299,24.0,False,True,False,draftkings,2026-08-03T05:08:22.214Z,0.0299,False,a163758a152101b2ad60a3507d4b4f753ee4b9866cc1ff19d769d7f98a3adb13
sports_game_odds,20260803T051009Z-f34e0721,NtdK0vmNaHQiLZSLPpOh,g167,401856682,2,2,Ohio State,Texas,fanduel,moneyline,away,,102,True,False,2026-08-03T05:08:22.253Z,102.0,102,2026-08-03T05:10:09.838609+00:00,0.0299,24.0,False,True,False,fanduel,2026-08-03T05:08:22.253Z,0.0299,False,9c4758e6071db13fa8bf23c795c7c3e9eee4a13a07d7dbbd57329b981e78fc25
sports_game_odds,20260803T051009Z-f34e0721,NtdK0vmNaHQiLZSLPpOh,g167,401856682,2,2,Ohio State,Texas,caesars,moneyline,away,,-102,True,False,2026-08-03T05:08:12.000Z,103.0,103,2026-08-03T05:10:09.838609+00:00,0.0327,24.0,False,True,False,caesars,2026-08-03T05:08:12.000Z,0.0327,False,4ddcc41af250bbabbda20c0e89d396f38074c2c93fe20ae1df93001c0fc88f34
sports_game_odds,20260803T051009Z-f34e0721,NtdK0vmNaHQiLZSLPpOh,g167,401856682,2,2,Ohio State,Texas,bovada,moneyline,away,,100,False,False,2026-08-03T05:08:04.700Z,,,2026-08-03T05:10:09.838609+00:00,0.0348,24.0,False,False,False,bovada,2026-08-03T05:08:04.700Z,0.0348,False,388b56c923025499db1fb88147f98eabae90cdff489bb5d209324f93c926798d
sports_game_odds,20260803T051009Z-f34e0721,NtdK0vmNaHQiLZSLPpOh,g167,401856682,2,2,Ohio State,Texas,draftkings,moneyline,away,,-108,True,False,2026-08-03T05:08:22.214Z,-102.0,-102,2026-08-03T05:10:09.838609+00:00,0.0299,24.0,False,True,False,draftkings,2026-08-03T05:08:22.214Z,0.0299,False,35642ef1201049ae0c070b7b4d3b80712708c22b4edaa0c7d70b5168a5cf26b7
sports_game_odds,20260803T051009Z-f34e0721,NtdK0vmNaHQiLZSLPpOh,g167,401856682,2,2,Ohio State,Texas,fanduel,moneyline,home,,-122,True,False,2026-08-03T05:08:22.253Z,-122.0,-122,2026-08-03T05:10:09.838609+00:00,0.0299,24.0,False,True,False,fanduel,2026-08-03T05:08:22.253Z,0.0299,False,f85e88504ae2f47ee5dceceb11a2344d3c1807cdaba49bad99f6332b9212eb50
sports_game_odds,20260803T051009Z-f34e0721,NtdK0vmNaHQiLZSLPpOh,g167,401856682,2,2,Ohio State,Texas,caesars,moneyline,home,,-117,True,False,2026-08-03T05:08:12.000Z,-122.0,-122,2026-08-03T05:10:09.838609+00:00,0.0327,24.0,False,True,False,caesars,2026-08-03T05:08:12.000Z,0.0327,False,baec3f0436def2f64afd0dd946c417136113067f6f68f99d0be2c419e2f235b8
sports_game_odds,20260803T051009Z-f34e0721,NtdK0vmNaHQiLZSLPpOh,g167,401856682,2,2,Ohio State,Texas,bovada,moneyline,home,,-120,False,False,2026-08-03T05:08:04.700Z,,,2026-08-03T05:10:09.838609+00:00,0.0348,24.0,False,False,False,bovada,2026-08-03T05:08:04.700Z,0.0348,False,6989110e93c3db258c76f862cb223dbb323fe49f88cae7bca39435e92803c405
sports_game_odds,20260803T051009Z-f34e0721,NtdK0vmNaHQiLZSLPpOh,g167,401856682,2,2,Ohio State,Texas,draftkings,moneyline,home,,-112,True,False,2026-08-03T05:08:22.214Z,-118.0,-118,2026-08-03T05:10:09.838609+00:00,0.0299,24.0,False,True,False,draftkings,2026-08-03T05:08:22.214Z,0.0299,False,f9339ead11fb1c62d7be7b35ba7d33fad2b1c55ca49426f6e5acd8db4229dcf7
sports_game_odds,20260803T051009Z-f34e0721,URJmol82GHEuj0hcwFst,g131,401856788,2,2,Iowa State,Iowa,fanduel,spread,away,12.5,100,True,False,2026-08-03T05:08:22.253Z,12.5,100,2026-08-03T05:10:09.838609+00:00,0.0299,24.0,False,True,False,fanduel,2026-08-03T05:08:22.253Z,0.0299,False,c29be647c13c74b857ff6ed7d41aa4ae9f3cc59fc2801f30664b6e2111f93861
sports_game_odds,20260803T051009Z-f34e0721,URJmol82GHEuj0hcwFst,g131,401856788,2,2,Iowa State,Iowa,draftkings,spread,away,11.5,-112,True,False,2026-08-03T05:08:22.214Z,11.5,-110,2026-08-03T05:10:09.838609+00:00,0.0299,24.0,False,True,False,draftkings,2026-08-03T05:08:22.214Z,0.0299,False,77c34b16d5b00ae7fc3ea4c999e8fba75ac904551334ccf0245e76a6837adebb
sports_game_odds,20260803T051009Z-f34e0721,URJmol82GHEuj0hcwFst,g131,401856788,2,2,Iowa State,Iowa,fanduel,spread,home,-12.5,-122,True,False,2026-08-03T05:08:22.253Z,-12.5,-122,2026-08-03T05:10:09.838609+00:00,0.0299,24.0,False,True,False,fanduel,2026-08-03T05:08:22.253Z,0.0299,False,4b0bf0f40bc885f0d3bb98526acdca64daca1eb8d0c86869995bddcf5ebdd536
sports_game_odds,20260803T051009Z-f34e0721,URJmol82GHEuj0hcwFst,g131,401856788,2,2,Iowa State,Iowa,draftkings,spread,home,-11.5,-108,True,False,2026-08-03T05:08:22.214Z,-11.5,-110,2026-08-03T05:10:09.838609+00:00,0.0299,24.0,False,True,False,draftkings,2026-08-03T05:08:22.214Z,0.0299,False,7cb2707136abf1b3d3417715bc590994a8f2b0cf5afdf495b8126e64d34ecc74
sports_game_odds,20260803T051009Z-f34e0721,URJmol82GHEuj0hcwFst,g131,401856788,2,2,Iowa State,Iowa,fanduel,total,over,41.5,-105,True,False,2026-08-03T05:08:22.253Z,41.5,-105,2026-08-03T05:10:09.838609+00:00,0.0299,24.0,False,True,False,fanduel,2026-08-03T05:08:22.253Z,0.0299,False,14e2ce6146d19b83c97326cf7879c70fc287948c9e55a570dfed8dcf183e4068
sports_game_odds,20260803T051009Z-f34e0721,URJmol82GHEuj0hcwFst,g131,401856788,2,2,Iowa State,Iowa,draftkings,total,over,41.5,-112,True,False,2026-08-03T05:08:22.214Z,41.5,-112,2026-08-03T05:10:09.838609+00:00,0.0299,24.0,False,True,False,draftkings,2026-08-03T05:08:22.214Z,0.0299,False,a991595d6d3dd7fd5d680c0f1509be4ca83b3b7962f410484032308aed0dc4ea
sports_game_odds,20260803T051009Z-f34e0721,URJmol82GHEuj0hcwFst,g131,401856788,2,2,Iowa State,Iowa,fanduel,total,under,41.5,-115,True,False,2026-08-03T05:08:22.253Z,41.5,-115,2026-08-03T05:10:09.838609+00:00,0.0299,24.0,False,True,False,fanduel,2026-08-03T05:08:22.253Z,0.0299,False,4a2bef8ef95bc987ca2b4346363824ee10bad461b9750a8c4924f24b169b5433
sports_game_odds,20260803T051009Z-f34e0721,URJmol82GHEuj0hcwFst,g131,401856788,2,2,Iowa State,Iowa,draftkings,total,under,41.5,-108,True,False,2026-08-03T05:08:22.214Z,41.5,-108,2026-08-03T05:10:09.838609+00:00,0.0299,24.0,False,True,False,draftkings,2026-08-03T05:08:22.214Z,0.0299,False,fb85a6d0a753a7867a4ffc387da6007b6ce57bb7c25a62333922b95c63ec99f5
sports_game_odds,20260803T051009Z-f34e0721,URJmol82GHEuj0hcwFst,g131,401856788,2,2,Iowa State,Iowa,fanduel,moneyline,away,,440,True,False,2026-08-03T05:08:22.253Z,440.0,440,2026-08-03T05:10:09.838609+00:00,0.0299,24.0,False,True,False,fanduel,2026-08-03T05:08:22.253Z,0.0299,False,c574f6037c0c9f176feaaafba54f3984c12938c5660e193f695c45bcb25f1958
sports_game_odds,20260803T051009Z-f34e0721,URJmol82GHEuj0hcwFst,g131,401856788,2,2,Iowa State,Iowa,draftkings,moneyline,away,,470,True,False,2026-08-03T05:08:22.214Z,470.0,470,2026-08-03T05:10:09.838609+00:00,0.0299,24.0,False,True,False,draftkings,2026-08-03T05:08:22.214Z,0.0299,False,ea6eef39a6b4efe9c8401418f9a075b4c99ac98fdd3c7e6a73782c1395773155
sports_game_odds,20260803T051009Z-f34e0721,URJmol82GHEuj0hcwFst,g131,401856788,2,2,Iowa State,Iowa,fanduel,moneyline,home,,-610,True,False,2026-08-03T05:08:22.253Z,-610.0,-610,2026-08-03T05:10:09.838609+00:00,0.0299,24.0,False,True,False,fanduel,2026-08-03T05:08:22.253Z,0.0299,False,4b93b6ca9075614fe4916da24cd19a1c023414fb17fa676792348e639de0c126
sports_game_odds,20260803T051009Z-f34e0721,URJmol82GHEuj0hcwFst,g131,401856788,2,2,Iowa State,Iowa,draftkings,moneyline,home,,-650,True,False,2026-08-03T05:08:22.214Z,-650.0,-650,2026-08-03T05:10:09.838609+00:00,0.0299,24.0,False,True,False,draftkings,2026-08-03T05:08:22.214Z,0.0299,False,26ff22a005f839c8ac192d8e7e9f5c262f57083a2c9284951c9c8236cb972d4a
sports_game_odds,20260803T051009Z-f34e0721,yYH5LfsNlvzUqCSwHi41,g177,401856670,2,2,Arkansas,Utah,draftkings,spread,away,9.5,-112,True,False,2026-08-03T05:08:22.214Z,10.0,-110,2026-08-03T05:10:09.838609+00:00,0.0299,24.0,False,True,False,draftkings,2026-08-03T05:08:22.214Z,0.0299,False,ac87916e0ca400713c38113638ad41e50521d5b8a71beb70b46bba710fdc3f10
sports_game_odds,20260803T051009Z-f34e0721,yYH5LfsNlvzUqCSwHi41,g177,401856670,2,2,Arkansas,Utah,fanduel,spread,away,7.5,-105,True,False,2026-08-03T05:08:17.000Z,7.5,-105,2026-08-03T05:10:09.838609+00:00,0.0313,24.0,False,True,False,fanduel,2026-08-03T05:08:17.000Z,0.0313,False,1583d0699302b464e064c7dbabca8f606a9dcaf9004a68def2407aae0ba5523a
sports_game_odds,20260803T051009Z-f34e0721,yYH5LfsNlvzUqCSwHi41,g177,401856670,2,2,Arkansas,Utah,draftkings,spread,home,-9.5,-108,True,False,2026-08-03T05:08:22.214Z,-10.0,-110,2026-08-03T05:10:09.838609+00:00,0.0299,24.0,False,True,False,draftkings,2026-08-03T05:08:22.214Z,0.0299,False,a6c28bf0f1e5d1d4cb4fa3af1aa88dbd007affdf875776106270924cdf72e0c8
sports_game_odds,20260803T051009Z-f34e0721,yYH5LfsNlvzUqCSwHi41,g177,401856670,2,2,Arkansas,Utah,fanduel,spread,home,-7.5,-115,True,False,2026-08-03T05:08:17.000Z,-7.5,-115,2026-08-03T05:10:09.838609+00:00,0.0313,24.0,False,True,False,fanduel,2026-08-03T05:08:17.000Z,0.0313,False,95c494e877440286b65fb8cbb333c432db85643ddaa07b3d3084b927996a75ac
sports_game_odds,20260803T051009Z-f34e0721,yYH5LfsNlvzUqCSwHi41,g177,401856670,2,2,Arkansas,Utah,fanduel,total,over,55.5,-110,True,False,2026-08-03T05:08:17.000Z,55.5,-110,2026-08-03T05:10:09.838609+00:00,0.0313,24.0,False,True,False,fanduel,2026-08-03T05:08:17.000Z,0.0313,False,e999ba8f561ebfc6402e832a2bf484c6e1ad56dc5f94e53f76b5a196c44ac1a4
sports_game_odds,20260803T051009Z-f34e0721,yYH5LfsNlvzUqCSwHi41,g177,401856670,2,2,Arkansas,Utah,draftkings,total,over,53.5,-112,True,False,2026-08-03T05:08:22.214Z,53.5,-115,2026-08-03T05:10:09.838609+00:00,0.0299,24.0,False,True,False,draftkings,2026-08-03T05:08:22.214Z,0.0299,False,56a3513f1f00ab0a2a69863f3f20c22febcec89ba67bd7f0ab3c8e005c51e918
sports_game_odds,20260803T051009Z-f34e0721,yYH5LfsNlvzUqCSwHi41,g177,401856670,2,2,Arkansas,Utah,fanduel,total,under,55.5,-110,True,False,2026-08-03T05:08:17.000Z,55.5,-110,2026-08-03T05:10:09.838609+00:00,0.0313,24.0,False,True,False,fanduel,2026-08-03T05:08:17.000Z,0.0313,False,60b00c4419701124067b53c63116710e94dae549e88a9ec88eefb4f1068a9e1b
sports_game_odds,20260803T051009Z-f34e0721,yYH5LfsNlvzUqCSwHi41,g177,401856670,2,2,Arkansas,Utah,draftkings,total,under,53.5,-108,True,False,2026-08-03T05:08:22.214Z,53.5,-105,2026-08-03T05:10:09.838609+00:00,0.0299,24.0,False,True,False,draftkings,2026-08-03T05:08:22.214Z,0.0299,False,e23d43f381afb811748c2beedf8c799f5278a9c6c51cfce20a8916b98c59ed9b
sports_game_odds,20260803T051009Z-f34e0721,yYH5LfsNlvzUqCSwHi41,g177,401856670,2,2,Arkansas,Utah,fanduel,moneyline,away,,255,True,False,2026-08-03T05:08:17.000Z,255.0,255,2026-08-03T05:10:09.838609+00:00,0.0313,24.0,False,True,False,fanduel,2026-08-03T05:08:17.000Z,0.0313,False,00fda1317699228fba5db0c6f77477f3a5ab8fa520df8dd70a9de8eff81f0aa4
sports_game_odds,20260803T051009Z-f34e0721,yYH5LfsNlvzUqCSwHi41,g177,401856670,2,2,Arkansas,Utah,draftkings,moneyline,away,,295,True,False,2026-08-03T05:08:22.214Z,310.0,310,2026-08-03T05:10:09.838609+00:00,0.0299,24.0,False,True,False,draftkings,2026-08-03T05:08:22.214Z,0.0299,False,8c8479f8378e9e359cc57388d38523373029200e033686d37336103a5588ae62
sports_game_odds,20260803T051009Z-f34e0721,yYH5LfsNlvzUqCSwHi41,g177,401856670,2,2,Arkansas,Utah,fanduel,moneyline,home,,-320,True,False,2026-08-03T05:08:17.000Z,-320.0,-320,2026-08-03T05:10:09.838609+00:00,0.0313,24.0,False,True,False,fanduel,2026-08-03T05:08:17.000Z,0.0313,False,fb2bb88f11da5b0bf7aa82730a94ddc4bb7bc5f4ef78926464eabdea985a805e
sports_game_odds,20260803T051009Z-f34e0721,yYH5LfsNlvzUqCSwHi41,g177,401856670,2,2,Arkansas,Utah,draftkings,moneyline,home,,-375,True,False,2026-08-03T05:08:22.214Z,-395.0,-395,2026-08-03T05:10:09.838609+00:00,0.0299,24.0,False,True,False,draftkings,2026-08-03T05:08:22.214Z,0.0299,False,3a26a44d65fb46acadfb41a28b47f78bec0a233d5f02e032b721cb97cacb6778
sports_game_odds,20260803T051009Z-f34e0721,MHdayVACkvNOhCKHZoNl,g187,401856811,3,3,Houston,Texas Tech,fanduel,spread,away,12.5,-105,True,False,2026-08-03T05:08:04.700Z,12.5,-105,2026-08-03T05:10:09.838609+00:00,0.0348,24.0,False,True,False,fanduel,2026-08-03T05:08:04.700Z,0.0348,False,975846d1b1acf9af454d30ec4b9dcd80554cf186715fa9eead54eb7dc51a9df2
sports_game_odds,20260803T051009Z-f34e0721,MHdayVACkvNOhCKHZoNl,g187,401856811,3,3,Houston,Texas Tech,draftkings,spread,away,13.5,-105,True,False,2026-08-03T05:08:04.700Z,13.5,-110,2026-08-03T05:10:09.838609+00:00,0.0348,24.0,False,True,False,draftkings,2026-08-03T05:08:04.700Z,0.0348,False,0fa8f60494c2047576552e487dd1c9594a62267ecc0557d5759ef8e119cf0c0e
sports_game_odds,20260803T051009Z-f34e0721,MHdayVACkvNOhCKHZoNl,g187,401856811,3,3,Houston,Texas Tech,fanduel,spread,home,-12.5,-115,True,False,2026-08-03T05:08:04.700Z,-12.5,-115,2026-08-03T05:10:09.838609+00:00,0.0348,24.0,False,True,False,fanduel,2026-08-03T05:08:04.700Z,0.0348,False,98ac8aebe21c1e45de13bb1c3bf6438057f68f02927b99513f976bbbb29a85e6
sports_game_odds,20260803T051009Z-f34e0721,MHdayVACkvNOhCKHZoNl,g187,401856811,3,3,Houston,Texas Tech,draftkings,spread,home,-13.5,-115,True,False,2026-08-03T05:08:04.700Z,-13.5,-110,2026-08-03T05:10:09.838609+00:00,0.0348,24.0,False,True,False,draftkings,2026-08-03T05:08:04.700Z,0.0348,False,8bf9e19e25138666f4083830e5df5aceec1a6b44130dcad7f33565822ad6a8a7
sports_game_odds,20260803T051009Z-f34e0721,MHdayVACkvNOhCKHZoNl,g187,401856811,3,3,Houston,Texas Tech,fanduel,total,over,53.5,-110,True,False,2026-08-03T05:08:04.700Z,53.5,-110,2026-08-03T05:10:09.838609+00:00,0.0348,24.0,False,True,False,fanduel,2026-08-03T05:08:04.700Z,0.0348,False,050cd1572c2af350e6a79728048555e2efb060d98ab4c39dd035850886683518
sports_game_odds,20260803T051009Z-f34e0721,MHdayVACkvNOhCKHZoNl,g187,401856811,3,3,Houston,Texas Tech,draftkings,total,over,54.5,-115,True,False,2026-08-03T05:08:04.700Z,54.5,-115,2026-08-03T05:10:09.838609+00:00,0.0348,24.0,False,True,False,draftkings,2026-08-03T05:08:04.700Z,0.0348,False,33b0db9212a473b603416a326820ef86d20d0a737a151a22ce75760d4f3862c5
sports_game_odds,20260803T051009Z-f34e0721,MHdayVACkvNOhCKHZoNl,g187,401856811,3,3,Houston,Texas Tech,fanduel,total,under,53.5,-110,True,False,2026-08-03T05:08:04.700Z,53.5,-110,2026-08-03T05:10:09.838609+00:00,0.0348,24.0,False,True,False,fanduel,2026-08-03T05:08:04.700Z,0.0348,False,a7bcac423dd0427db6c59631da3752602658259c5aa549a1eb07edad9c6476fb
sports_game_odds,20260803T051009Z-f34e0721,MHdayVACkvNOhCKHZoNl,g187,401856811,3,3,Houston,Texas Tech,draftkings,total,under,54.5,-105,True,False,2026-08-03T05:08:04.700Z,54.5,-105,2026-08-03T05:10:09.838609+00:00,0.0348,24.0,False,True,False,draftkings,2026-08-03T05:08:04.700Z,0.0348,False,90a466cc3f4deffb6a226702e869b068c36910d8a4503980e7a4988da981fd5e
sports_game_odds,20260803T051009Z-f34e0721,MHdayVACkvNOhCKHZoNl,g187,401856811,3,3,Houston,Texas Tech,fanduel,moneyline,away,,400,True,False,2026-08-03T05:08:04.700Z,400.0,400,2026-08-03T05:10:09.838609+00:00,0.0348,24.0,False,True,False,fanduel,2026-08-03T05:08:04.700Z,0.0348,False,22353f5d9594479c7d8e1907eddcbc08c22cfe2a4a2c31d6570bbe017b140478
sports_game_odds,20260803T051009Z-f34e0721,MHdayVACkvNOhCKHZoNl,g187,401856811,3,3,Houston,Texas Tech,draftkings,moneyline,away,,400,True,False,2026-08-03T05:08:04.700Z,400.0,400,2026-08-03T05:10:09.838609+00:00,0.0348,24.0,False,True,False,draftkings,2026-08-03T05:08:04.700Z,0.0348,False,4fe502c450cd82dc6417711cb80ba7a977b81f67e2839c460b72b21b95d93e9c
sports_game_odds,20260803T051009Z-f34e0721,MHdayVACkvNOhCKHZoNl,g187,401856811,3,3,Houston,Texas Tech,fanduel,moneyline,home,,-550,True,False,2026-08-03T05:08:04.700Z,-550.0,-550,2026-08-03T05:10:09.838609+00:00,0.0348,24.0,False,True,False,fanduel,2026-08-03T05:08:04.700Z,0.0348,False,63f2a864e2e4145ac5c471bc042e2daf6998de2ac5ee9475be20b95cd0d4aa27
sports_game_odds,20260803T051009Z-f34e0721,MHdayVACkvNOhCKHZoNl,g187,401856811,3,3,Houston,Texas Tech,draftkings,moneyline,home,,-535,True,False,2026-08-03T05:08:04.700Z,-535.0,-535,2026-08-03T05:10:09.838609+00:00,0.0348,24.0,False,True,False,draftkings,2026-08-03T05:08:04.700Z,0.0348,False,d5061c97a56afcd44250233dea5036db1dce473a0c783f970bec845a93be33b3
sports_game_odds,20260803T051009Z-f34e0721,TkPdAlDNBRfJBrJvIl7w,g192,401856686,3,3,Georgia,Arkansas,fanduel,spread,away,-14.5,-110,True,False,2026-08-03T05:08:22.253Z,-13.5,-122,2026-08-03T05:10:09.838609+00:00,0.0299,24.0,False,True,False,fanduel,2026-08-03T05:08:22.253Z,0.0299,False,ca0fe4b1dc2e1c7703d39dc6b80ec8acf52bebe186150f2e4bf76ef11eccadf4
sports_game_odds,20260803T051009Z-f34e0721,TkPdAlDNBRfJBrJvIl7w,g192,401856686,3,3,Georgia,Arkansas,fanduel,spread,home,14.5,-110,True,False,2026-08-03T05:08:22.253Z,13.5,100,2026-08-03T05:10:09.838609+00:00,0.0299,24.0,False,True,False,fanduel,2026-08-03T05:08:22.253Z,0.0299,False,2e2273c87be31323ef87f79ecd642754b636b0587ee7ed6fcb3c763604b1dd18
sports_game_odds,20260803T051009Z-f34e0721,TkPdAlDNBRfJBrJvIl7w,g192,401856686,3,3,Georgia,Arkansas,fanduel,total,over,55.5,-110,True,False,2026-08-03T05:08:22.253Z,55.5,-110,2026-08-03T05:10:09.838609+00:00,0.0299,24.0,False,True,False,fanduel,2026-08-03T05:08:22.253Z,0.0299,False,a08c4f09c787e64305493c78a77c935779b81cd0fbf598cc4ed6407791cbd1f6
sports_game_odds,20260803T051009Z-f34e0721,TkPdAlDNBRfJBrJvIl7w,g192,401856686,3,3,Georgia,Arkansas,fanduel,total,under,55.5,-110,True,False,2026-08-03T05:08:22.253Z,55.5,-110,2026-08-03T05:10:09.838609+00:00,0.0299,24.0,False,True,False,fanduel,2026-08-03T05:08:22.253Z,0.0299,False,401626e849fd90312e2d10fbd9594ba77cf15ca43de758c481bae77cd09cc413
sports_game_odds,20260803T051009Z-f34e0721,TkPdAlDNBRfJBrJvIl7w,g192,401856686,3,3,Georgia,Arkansas,fanduel,moneyline,away,,-720,True,False,2026-08-03T05:08:22.253Z,-670.0,-670,2026-08-03T05:10:09.838609+00:00,0.0299,24.0,False,True,False,fanduel,2026-08-03T05:08:22.253Z,0.0299,False,4de9156d37e166227077957ee7de49ac5812863ac9dfbe7bd229c303a3bd3d7c
sports_game_odds,20260803T051009Z-f34e0721,TkPdAlDNBRfJBrJvIl7w,g192,401856686,3,3,Georgia,Arkansas,fanduel,moneyline,home,,500,True,False,2026-08-03T05:08:22.253Z,470.0,470,2026-08-03T05:10:09.838609+00:00,0.0299,24.0,False,True,False,fanduel,2026-08-03T05:08:22.253Z,0.0299,False,71a988b4b6f2e88404800db7e21a988db684a4800df90ad8156a76b1090b7816
sports_game_odds,20260803T051009Z-f34e0721,OFkMVsRCxcp4rSpuWUzB,g189,401856685,3,3,Florida State,Alabama,draftkings,spread,away,15.5,-110,True,False,2026-08-03T05:08:22.214Z,15.5,-110,2026-08-03T05:10:09.838609+00:00,0.0299,24.0,False,True,False,draftkings,2026-08-03T05:08:22.214Z,0.0299,False,4d4be5598c95bd9291bc85df0be64109175af023f9de7cd2a348bc0c97286a8d
sports_game_odds,20260803T051009Z-f34e0721,OFkMVsRCxcp4rSpuWUzB,g189,401856685,3,3,Florida State,Alabama,betmgm,spread,away,15.5,-110,True,False,2026-08-03T05:08:04.700Z,15.5,-110,2026-08-03T05:10:09.838609+00:00,0.0348,24.0,False,True,False,betmgm,2026-08-03T05:08:04.700Z,0.0348,False,7cddccb6b44e01a92366a39c941856c133440ea7da128ffe695861b8cff0630e
sports_game_odds,20260803T051009Z-f34e0721,OFkMVsRCxcp4rSpuWUzB,g189,401856685,3,3,Florida State,Alabama,draftkings,spread,home,-15.5,-110,True,False,2026-08-03T05:08:22.214Z,-15.5,-110,2026-08-03T05:10:09.838609+00:00,0.0299,24.0,False,True,False,draftkings,2026-08-03T05:08:22.214Z,0.0299,False,5b2160eecae0552e6bf77ecedcac7442edd127f06b0f6c05d69f7609e99d30f2
sports_game_odds,20260803T051009Z-f34e0721,OFkMVsRCxcp4rSpuWUzB,g189,401856685,3,3,Florida State,Alabama,betmgm,spread,home,-15.5,-110,True,False,2026-08-03T05:08:04.700Z,-15.5,-110,2026-08-03T05:10:09.838609+00:00,0.0348,24.0,False,True,False,betmgm,2026-08-03T05:08:04.700Z,0.0348,False,5a12c471f5cdaddeef7ede8928717510ef3d065fd1e3b13a87dcd66e6dc0439d
sports_game_odds,20260803T051009Z-f34e0721,OFkMVsRCxcp4rSpuWUzB,g189,401856685,3,3,Florida State,Alabama,draftkings,total,over,52.5,-110,True,False,2026-08-03T05:08:22.214Z,52.5,-110,2026-08-03T05:10:09.838609+00:00,0.0299,24.0,False,True,False,draftkings,2026-08-03T05:08:22.214Z,0.0299,False,098a3fb25c188b076e12ddb0d21850995965afa26adac6faf0d0f1090ae72b6d
sports_game_odds,20260803T051009Z-f34e0721,OFkMVsRCxcp4rSpuWUzB,g189,401856685,3,3,Florida State,Alabama,draftkings,total,under,52.5,-110,True,False,2026-08-03T05:08:22.214Z,52.5,-110,2026-08-03T05:10:09.838609+00:00,0.0299,24.0,False,True,False,draftkings,2026-08-03T05:08:22.214Z,0.0299,False,e9b2198f320d0d295c2272d74f08bb2fbe43dd2fcf7cd80d61e84e358de4c8d3
sports_game_odds,20260803T051009Z-f34e0721,OFkMVsRCxcp4rSpuWUzB,g189,401856685,3,3,Florida State,Alabama,draftkings,moneyline,away,,470,True,False,2026-08-03T05:08:22.214Z,470.0,470,2026-08-03T05:10:09.838609+00:00,0.0299,24.0,False,True,False,draftkings,2026-08-03T05:08:22.214Z,0.0299,False,9f10f2be66d5fe1593896eb62811425ff8f243bec8afa07aa2bafbbcd4c3f8d7
sports_game_odds,20260803T051009Z-f34e0721,OFkMVsRCxcp4rSpuWUzB,g189,401856685,3,3,Florida State,Alabama,draftkings,moneyline,home,,-650,True,False,2026-08-03T05:08:22.214Z,-650.0,-650,2026-08-03T05:10:09.838609+00:00,0.0299,24.0,False,True,False,draftkings,2026-08-03T05:08:22.214Z,0.0299,False,f136b2db6fa25cf2ffa9c6983c3b5ee8890f514b2caf40c24e9efd826b0f0f32
sports_game_odds,20260803T051009Z-f34e0721,yCCgZAcv7e3XPpDfC8Vl,g216,401858230,3,3,SMU,Louisville,draftkings,spread,away,1.5,-115,True,False,2026-08-03T05:08:22.214Z,1.5,-110,2026-08-03T05:10:09.838609+00:00,0.0299,24.0,False,True,False,draftkings,2026-08-03T05:08:22.214Z,0.0299,False,baefd81684f39d754c35a7d4454e50e1f50752de15aab2c40005520aadd19ee9
sports_game_odds,20260803T051009Z-f34e0721,yCCgZAcv7e3XPpDfC8Vl,g216,401858230,3,3,SMU,Louisville,draftkings,spread,home,-1.5,-105,True,False,2026-08-03T05:08:22.214Z,-1.5,-110,2026-08-03T05:10:09.838609+00:00,0.0299,24.0,False,True,False,draftkings,2026-08-03T05:08:22.214Z,0.0299,False,771a26e8507bf12dcc8267c0bef45d8032cd7a4865751f2c716a88af0be30476
sports_game_odds,20260803T051009Z-f34e0721,yCCgZAcv7e3XPpDfC8Vl,g216,401858230,3,3,SMU,Louisville,draftkings,total,over,56.5,-115,True,False,2026-08-03T05:08:22.214Z,56.5,-115,2026-08-03T05:10:09.838609+00:00,0.0299,24.0,False,True,False,draftkings,2026-08-03T05:08:22.214Z,0.0299,False,ed921d76630282e05d78eef9ac01689f8ac8e8e6c28848cfc0283dbe0a741714
sports_game_odds,20260803T051009Z-f34e0721,yCCgZAcv7e3XPpDfC8Vl,g216,401858230,3,3,SMU,Louisville,draftkings,total,under,56.5,-105,True,False,2026-08-03T05:08:22.214Z,56.5,-105,2026-08-03T05:10:09.838609+00:00,0.0299,24.0,False,True,False,draftkings,2026-08-03T05:08:22.214Z,0.0299,False,436a4a95aa3adc2f5756e5921f5c55c6ab1d8ade5ddb44a5d4201638245fada3
sports_game_odds,20260803T051009Z-f34e0721,yCCgZAcv7e3XPpDfC8Vl,g216,401858230,3,3,SMU,Louisville,draftkings,moneyline,away,,-108,True,False,2026-08-03T05:08:22.214Z,-108.0,-108,2026-08-03T05:10:09.838609+00:00,0.0299,24.0,False,True,False,draftkings,2026-08-03T05:08:22.214Z,0.0299,False,7ee44a5ca0498ef653d666f105bb7323e6c08a39b566cf4e402ed83d3134c262
sports_game_odds,20260803T051009Z-f34e0721,yCCgZAcv7e3XPpDfC8Vl,g216,401858230,3,3,SMU,Louisville,draftkings,moneyline,home,,-112,True,False,2026-08-03T05:08:22.214Z,-112.0,-112,2026-08-03T05:10:09.838609+00:00,0.0299,24.0,False,True,False,draftkings,2026-08-03T05:08:22.214Z,0.0299,False,5c9da45d28f4e123a6e96e1acac9ec4df907ac7331f6e90af7c6fd0bb31ac298
sports_game_odds,20260803T051009Z-f34e0721,Dqif0aJhZzB1GITYFgjq,g193,401856687,3,3,Florida,Auburn,draftkings,spread,away,1.5,-115,True,False,2026-08-03T05:08:22.214Z,0.0,-110,2026-08-03T05:10:09.838609+00:00,0.0299,24.0,False,True,False,draftkings,2026-08-03T05:08:22.214Z,0.0299,False,127a78127c46660b62ce47f85c1a46087240618eb63ff0d1dde5a0cb3f2d73a9
sports_game_odds,20260803T051009Z-f34e0721,Dqif0aJhZzB1GITYFgjq,g193,401856687,3,3,Florida,Auburn,draftkings,spread,home,-1.5,-105,True,False,2026-08-03T05:08:22.214Z,0.0,-110,2026-08-03T05:10:09.838609+00:00,0.0299,24.0,False,True,False,draftkings,2026-08-03T05:08:22.214Z,0.0299,False,5c07db6503b70b8f32f26404fe9f9608c7eff4e559fd5d9a1b0019af3da7e145
sports_game_odds,20260803T051009Z-f34e0721,Dqif0aJhZzB1GITYFgjq,g193,401856687,3,3,Florida,Auburn,draftkings,total,over,53.5,-112,True,False,2026-08-03T05:08:22.214Z,53.5,-112,2026-08-03T05:10:09.838609+00:00,0.0299,24.0,False,True,False,draftkings,2026-08-03T05:08:22.214Z,0.0299,False,cfe71ff16d72d18511774c966affdf0764130548fedf86dcb48e9297d66a954d
sports_game_odds,20260803T051009Z-f34e0721,Dqif0aJhZzB1GITYFgjq,g193,401856687,3,3,Florida,Auburn,draftkings,total,under,53.5,-108,True,False,2026-08-03T05:08:22.214Z,53.5,-108,2026-08-03T05:10:09.838609+00:00,0.0299,24.0,False,True,False,draftkings,2026-08-03T05:08:22.214Z,0.0299,False,da8ca6587265d89fc155c478365562434cb21109264e11f4cf06cb299175ed20
sports_game_odds,20260803T051009Z-f34e0721,Dqif0aJhZzB1GITYFgjq,g193,401856687,3,3,Florida,Auburn,draftkings,moneyline,away,,-110,True,False,2026-08-03T05:08:22.214Z,-110.0,-110,2026-08-03T05:10:09.838609+00:00,0.0299,24.0,False,True,False,draftkings,2026-08-03T05:08:22.214Z,0.0299,False,d46625274e8fd22c6913f225954a30bb34dfce48f6e8533caea5f5c3e95e561b
sports_game_odds,20260803T051009Z-f34e0721,Dqif0aJhZzB1GITYFgjq,g193,401856687,3,3,Florida,Auburn,draftkings,moneyline,home,,-110,True,False,2026-08-03T05:08:22.214Z,-110.0,-110,2026-08-03T05:10:09.838609+00:00,0.0299,24.0,False,True,False,draftkings,2026-08-03T05:08:22.214Z,0.0299,False,8eafa29ed33e007fb8cce239da04df66906e1ca9d46c92d6ab5c723e5be045e4
sports_game_odds,20260803T051009Z-f34e0721,37WE79FTeKIKZcrnb2fo,g232,401856688,3,3,LSU,Ole Miss,fanduel,spread,away,2.5,-110,True,False,2026-08-03T05:08:22.253Z,2.5,-110,2026-08-03T05:10:09.838609+00:00,0.0299,24.0,False,True,False,fanduel,2026-08-03T05:08:22.253Z,0.0299,False,f7eaf0a9498276c4cdc1e8117857015268d76699ea9052f44a7a2db172cebad5
sports_game_odds,20260803T051009Z-f34e0721,37WE79FTeKIKZcrnb2fo,g232,401856688,3,3,LSU,Ole Miss,betmgm,spread,away,2.5,-110,True,False,2026-08-03T05:08:04.700Z,2.5,-110,2026-08-03T05:10:09.838609+00:00,0.0348,24.0,False,True,False,betmgm,2026-08-03T05:08:04.700Z,0.0348,False,2b71d58e7299f56804fb480660ffaa8dc9e0028ba4122366317585ebc9d9d998
sports_game_odds,20260803T051009Z-f34e0721,37WE79FTeKIKZcrnb2fo,g232,401856688,3,3,LSU,Ole Miss,draftkings,spread,away,1.5,-105,True,False,2026-08-03T05:08:22.214Z,1.5,-110,2026-08-03T05:10:09.838609+00:00,0.0299,24.0,False,True,False,draftkings,2026-08-03T05:08:22.214Z,0.0299,False,1715fd5526dc3324f6e3fa040e9639f6833d662b461eb8dbe6ccb2a997e040f8
sports_game_odds,20260803T051009Z-f34e0721,37WE79FTeKIKZcrnb2fo,g232,401856688,3,3,LSU,Ole Miss,fanduel,spread,home,-2.5,-110,True,False,2026-08-03T05:08:22.253Z,-2.5,-110,2026-08-03T05:10:09.838609+00:00,0.0299,24.0,False,True,False,fanduel,2026-08-03T05:08:22.253Z,0.0299,False,2151192e367db0c599e13197b55c593cb0df444111b7ab74717dc4bdb467a55e
sports_game_odds,20260803T051009Z-f34e0721,37WE79FTeKIKZcrnb2fo,g232,401856688,3,3,LSU,Ole Miss,betmgm,spread,home,-2.5,-110,True,False,2026-08-03T05:08:04.700Z,-2.5,-110,2026-08-03T05:10:09.838609+00:00,0.0348,24.0,False,True,False,betmgm,2026-08-03T05:08:04.700Z,0.0348,False,1a4b6ba44a160a5302e6c7fcc04ff5ed7f44e5bda92f7d26dd1ccb33bd4f2bfa
sports_game_odds,20260803T051009Z-f34e0721,37WE79FTeKIKZcrnb2fo,g232,401856688,3,3,LSU,Ole Miss,draftkings,spread,home,-1.5,-115,True,False,2026-08-03T05:08:22.214Z,-1.5,-110,2026-08-03T05:10:09.838609+00:00,0.0299,24.0,False,True,False,draftkings,2026-08-03T05:08:22.214Z,0.0299,False,acc3598c21d9176ed2d4949b9d7224de1a732f2f2d7b0a3c0c8bc7901ae043b2
sports_game_odds,20260803T051009Z-f34e0721,37WE79FTeKIKZcrnb2fo,g232,401856688,3,3,LSU,Ole Miss,fanduel,total,over,57.5,-110,True,False,2026-08-03T05:08:22.253Z,57.5,-110,2026-08-03T05:10:09.838609+00:00,0.0299,24.0,False,True,False,fanduel,2026-08-03T05:08:22.253Z,0.0299,False,532d02cdd12274b1d5a75478be63ae0339400e0c10e126cfee66db192c5798e0
sports_game_odds,20260803T051009Z-f34e0721,37WE79FTeKIKZcrnb2fo,g232,401856688,3,3,LSU,Ole Miss,betmgm,total,over,57.5,-110,True,False,2026-08-03T05:08:04.700Z,57.5,-110,2026-08-03T05:10:09.838609+00:00,0.0348,24.0,False,True,False,betmgm,2026-08-03T05:08:04.700Z,0.0348,False,d2bf340fdbc32e5348a8816e57e1b34502412548fd2537ec30133d4981732c51
sports_game_odds,20260803T051009Z-f34e0721,37WE79FTeKIKZcrnb2fo,g232,401856688,3,3,LSU,Ole Miss,draftkings,total,over,57.5,-108,True,False,2026-08-03T05:08:22.214Z,57.5,-108,2026-08-03T05:10:09.838609+00:00,0.0299,24.0,False,True,False,draftkings,2026-08-03T05:08:22.214Z,0.0299,False,d37a59785e386f8fe2152d140c63cdbe56deee00738acfd2ff1effcffbe603b6
sports_game_odds,20260803T051009Z-f34e0721,37WE79FTeKIKZcrnb2fo,g232,401856688,3,3,LSU,Ole Miss,fanduel,total,under,57.5,-110,True,False,2026-08-03T05:08:22.253Z,57.5,-110,2026-08-03T05:10:09.838609+00:00,0.0299,24.0,False,True,False,fanduel,2026-08-03T05:08:22.253Z,0.0299,False,e1d97b51e6443ad803482bb195f7667adff8fa6ba4650754c9c43549122f3f75
sports_game_odds,20260803T051009Z-f34e0721,37WE79FTeKIKZcrnb2fo,g232,401856688,3,3,LSU,Ole Miss,betmgm,total,under,57.5,-110,True,False,2026-08-03T05:08:04.700Z,57.5,-110,2026-08-03T05:10:09.838609+00:00,0.0348,24.0,False,True,False,betmgm,2026-08-03T05:08:04.700Z,0.0348,False,1c5528d379a7c7aa10b340594edae70abd5d0eecae5953f4bfc92f02a65c1709
sports_game_odds,20260803T051009Z-f34e0721,37WE79FTeKIKZcrnb2fo,g232,401856688,3,3,LSU,Ole Miss,draftkings,total,under,57.5,-112,True,False,2026-08-03T05:08:22.214Z,57.5,-112,2026-08-03T05:10:09.838609+00:00,0.0299,24.0,False,True,False,draftkings,2026-08-03T05:08:22.214Z,0.0299,False,ebc17e4d8e1c5cbf2dc8a50965e052c45f6915a5cc5c075de7795a081e0d1690
sports_game_odds,20260803T051009Z-f34e0721,37WE79FTeKIKZcrnb2fo,g232,401856688,3,3,LSU,Ole Miss,fanduel,moneyline,away,,108,True,False,2026-08-03T05:08:22.253Z,108.0,108,2026-08-03T05:10:09.838609+00:00,0.0299,24.0,False,True,False,fanduel,2026-08-03T05:08:22.253Z,0.0299,False,d9a62ed19f14e5b113360df03e8f8c684f3f6e445219cf1d7dab45f21bd2e678
sports_game_odds,20260803T051009Z-f34e0721,37WE79FTeKIKZcrnb2fo,g232,401856688,3,3,LSU,Ole Miss,draftkings,moneyline,away,,105,True,False,2026-08-03T05:08:22.214Z,-105.0,-105,2026-08-03T05:10:09.838609+00:00,0.0299,24.0,False,True,False,draftkings,2026-08-03T05:08:22.214Z,0.0299,False,4d7be02ae211adff81361322996faaa03c54814a9aa7c45fdb9a418c61d93509
sports_game_odds,20260803T051009Z-f34e0721,37WE79FTeKIKZcrnb2fo,g232,401856688,3,3,LSU,Ole Miss,fanduel,moneyline,home,,-130,True,False,2026-08-03T05:08:22.253Z,-130.0,-130,2026-08-03T05:10:09.838609+00:00,0.0299,24.0,False,True,False,fanduel,2026-08-03T05:08:22.253Z,0.0299,False,5d3f1a576759cb3473683a7e35ab6bd19ac1ad5858e1fb168a3458735399d750
sports_game_odds,20260803T051009Z-f34e0721,37WE79FTeKIKZcrnb2fo,g232,401856688,3,3,LSU,Ole Miss,draftkings,moneyline,home,,-125,True,False,2026-08-03T05:08:22.214Z,-115.0,-115,2026-08-03T05:10:09.838609+00:00,0.0299,24.0,False,True,False,draftkings,2026-08-03T05:08:22.214Z,0.0299,False,4bed333eb5d96340ce49194ce3e5cb09c636b9c7bd2b30e8d9d248e0c0637a2e
sports_game_odds,20260803T051009Z-f34e0721,1YPVmQ9Df1bPJ4bw0sY7,g665,401858291,10,10,Miami-FL,Notre Dame,fanduel,spread,away,6.5,-114,True,False,2026-08-03T05:08:22.253Z,6.5,-110,2026-08-03T05:10:09.838609+00:00,0.0299,24.0,False,True,False,fanduel,2026-08-03T05:08:22.253Z,0.0299,False,84301690b85a11f8e271ec55d9029f676f49c583c6228ffe78a1013b0759ddfc
sports_game_odds,20260803T051009Z-f34e0721,1YPVmQ9Df1bPJ4bw0sY7,g665,401858291,10,10,Miami-FL,Notre Dame,betmgm,spread,away,6.5,-110,True,False,2026-08-03T05:08:04.700Z,6.5,-110,2026-08-03T05:10:09.838609+00:00,0.0348,24.0,False,True,False,betmgm,2026-08-03T05:08:04.700Z,0.0348,False,d79dac3f5d7ae55a3cf2e3e4bb93bb5f02508e382c9054a29dfdfffaaacb8e54
sports_game_odds,20260803T051009Z-f34e0721,1YPVmQ9Df1bPJ4bw0sY7,g665,401858291,10,10,Miami-FL,Notre Dame,draftkings,spread,away,7.0,-110,False,False,2026-08-03T05:08:04.700Z,7.0,-110,2026-08-03T05:10:09.838609+00:00,0.0348,24.0,False,False,False,draftkings,2026-08-03T05:08:04.700Z,0.0348,False,14ef30cd253ae2b47660da915fa411fbfe3be3be356db01107b0424507086647
sports_game_odds,20260803T051009Z-f34e0721,1YPVmQ9Df1bPJ4bw0sY7,g665,401858291,10,10,Miami-FL,Notre Dame,fanduel,spread,home,-6.5,-106,True,False,2026-08-03T05:08:22.253Z,-6.5,-110,2026-08-03T05:10:09.838609+00:00,0.0299,24.0,False,True,False,fanduel,2026-08-03T05:08:22.253Z,0.0299,False,ff92e9ef1ffd241ad034310df1d5e85bf38b3b7a506d4f518d8122d82365a227
sports_game_odds,20260803T051009Z-f34e0721,1YPVmQ9Df1bPJ4bw0sY7,g665,401858291,10,10,Miami-FL,Notre Dame,betmgm,spread,home,-6.5,-110,True,False,2026-08-03T05:08:04.700Z,-6.5,-110,2026-08-03T05:10:09.838609+00:00,0.0348,24.0,False,True,False,betmgm,2026-08-03T05:08:04.700Z,0.0348,False,ceb6ae1e32485f6a034bb2ddc11b760159f6b49a86eedac51c1372382fcdb72f
sports_game_odds,20260803T051009Z-f34e0721,1YPVmQ9Df1bPJ4bw0sY7,g665,401858291,10,10,Miami-FL,Notre Dame,draftkings,spread,home,-7.0,-110,False,False,2026-08-03T05:08:04.700Z,-7.0,-110,2026-08-03T05:10:09.838609+00:00,0.0348,24.0,False,False,False,draftkings,2026-08-03T05:08:04.700Z,0.0348,False,4d686ea1ada1d9aee4a57609c2145f10e7aad4c8394022fbbb4914b4dda87cfc
sports_game_odds,20260803T051009Z-f34e0721,1YPVmQ9Df1bPJ4bw0sY7,g665,401858291,10,10,Miami-FL,Notre Dame,fanduel,total,over,54.5,-115,True,False,2026-08-03T05:08:22.253Z,54.5,-115,2026-08-03T05:10:09.838609+00:00,0.0299,24.0,False,True,False,fanduel,2026-08-03T05:08:22.253Z,0.0299,False,620e8797d2612647c3750a6d464219a3341888c66197fedc7a190cc8ec9b4640
sports_game_odds,20260803T051009Z-f34e0721,1YPVmQ9Df1bPJ4bw0sY7,g665,401858291,10,10,Miami-FL,Notre Dame,betmgm,total,over,54.5,-110,True,False,2026-08-03T05:08:04.700Z,54.5,-110,2026-08-03T05:10:09.838609+00:00,0.0348,24.0,False,True,False,betmgm,2026-08-03T05:08:04.700Z,0.0348,False,5ba9888c4baadc2125a7961ad89e1a96d9d6622c73c6a574cc0229ae9168e07f
sports_game_odds,20260803T051009Z-f34e0721,1YPVmQ9Df1bPJ4bw0sY7,g665,401858291,10,10,Miami-FL,Notre Dame,draftkings,total,over,54.5,-105,False,False,2026-08-03T05:08:04.700Z,54.5,-105,2026-08-03T05:10:09.838609+00:00,0.0348,24.0,False,False,False,draftkings,2026-08-03T05:08:04.700Z,0.0348,False,60860149284a2862be9501264c0cf523901b79af74bf57cf169ab9c972863e8b
sports_game_odds,20260803T051009Z-f34e0721,1YPVmQ9Df1bPJ4bw0sY7,g665,401858291,10,10,Miami-FL,Notre Dame,fanduel,total,under,54.5,-105,True,False,2026-08-03T05:08:22.253Z,54.5,-105,2026-08-03T05:10:09.838609+00:00,0.0299,24.0,False,True,False,fanduel,2026-08-03T05:08:22.253Z,0.0299,False,a330d11473513472ddd8dd8b904778f7fd2cfe9aeb6a549c3da4b16677d4cfd9
sports_game_odds,20260803T051009Z-f34e0721,1YPVmQ9Df1bPJ4bw0sY7,g665,401858291,10,10,Miami-FL,Notre Dame,betmgm,total,under,54.5,-110,True,False,2026-08-03T05:08:04.700Z,54.5,-110,2026-08-03T05:10:09.838609+00:00,0.0348,24.0,False,True,False,betmgm,2026-08-03T05:08:04.700Z,0.0348,False,3378417825244b062424a5581867e1f8f1757be6868f2c6136690c7941093f91
sports_game_odds,20260803T051009Z-f34e0721,1YPVmQ9Df1bPJ4bw0sY7,g665,401858291,10,10,Miami-FL,Notre Dame,draftkings,total,under,54.5,-115,False,False,2026-08-03T05:08:04.700Z,54.5,-115,2026-08-03T05:10:09.838609+00:00,0.0348,24.0,False,False,False,draftkings,2026-08-03T05:08:04.700Z,0.0348,False,a772607696badc436b4cdf9fdb8ec326363ba6d4cc4bdbcd8ac6a4c1717e1684
sports_game_odds,20260803T051009Z-f34e0721,1YPVmQ9Df1bPJ4bw0sY7,g665,401858291,10,10,Miami-FL,Notre Dame,fanduel,moneyline,away,,190,True,False,2026-08-03T05:08:22.253Z,190.0,190,2026-08-03T05:10:09.838609+00:00,0.0299,24.0,False,True,False,fanduel,2026-08-03T05:08:22.253Z,0.0299,False,42f9fc19d9bbcc0b633c335458a44821d405eed52bda089d74fb95b14022cc15
sports_game_odds,20260803T051009Z-f34e0721,1YPVmQ9Df1bPJ4bw0sY7,g665,401858291,10,10,Miami-FL,Notre Dame,draftkings,moneyline,away,,200,False,False,2026-08-03T05:08:04.700Z,200.0,200,2026-08-03T05:10:09.838609+00:00,0.0348,24.0,False,False,False,draftkings,2026-08-03T05:08:04.700Z,0.0348,False,580b2532c307e22774533b174c3545e1e6e475ea07ca77a4a6ca4e20122a8d04
sports_game_odds,20260803T051009Z-f34e0721,1YPVmQ9Df1bPJ4bw0sY7,g665,401858291,10,10,Miami-FL,Notre Dame,fanduel,moneyline,home,,-235,True,False,2026-08-03T05:08:22.253Z,-235.0,-235,2026-08-03T05:10:09.838609+00:00,0.0299,24.0,False,True,False,fanduel,2026-08-03T05:08:22.253Z,0.0299,False,99e123b34eb839ce7a4b1ffe59e444398da4acf9b5a883ec2b5b44c266005395
sports_game_odds,20260803T051009Z-f34e0721,1YPVmQ9Df1bPJ4bw0sY7,g665,401858291,10,10,Miami-FL,Notre Dame,draftkings,moneyline,home,,-245,False,False,2026-08-03T05:08:04.700Z,-245.0,-245,2026-08-03T05:10:09.838609+00:00,0.0348,24.0,False,False,False,draftkings,2026-08-03T05:08:04.700Z,0.0348,False,944d094a0aa46941a95562fe07e3f7175012fee18cfe4646e1a673db0d5d7f56
sports_game_odds,20260803T051009Z-f34e0721,HfF3OreR6pOkpPwqCDGB,g800,401858307,12,12,SMU,Notre Dame,draftkings,spread,away,17.5,-110,True,False,2026-07-20T20:08:05.825Z,17.5,-110,2026-08-03T05:10:09.838609+00:00,321.0344,24.0,True,True,False,draftkings,2026-07-20T20:08:05.825Z,321.0344,True,f15d855d4c489b9099d1eba26c51287595c7c742bb0e0e9486bf6de3c5ff3b31
sports_game_odds,20260803T051009Z-f34e0721,HfF3OreR6pOkpPwqCDGB,g800,401858307,12,12,SMU,Notre Dame,draftkings,spread,home,-17.5,-110,True,False,2026-07-20T20:08:05.825Z,-17.5,-110,2026-08-03T05:10:09.838609+00:00,321.0344,24.0,True,True,False,draftkings,2026-07-20T20:08:05.825Z,321.0344,True,814bfc1f8a5acdd229ff9a92d456e5dd5b83a7a3632057f007ef6495c4c8ddd2
sports_game_odds,20260803T051009Z-f34e0721,FWRV2vhcuGKR6GjmIALx,g825,401856879,13,13,TCU,Texas Tech,draftkings,spread,away,16.5,-110,True,False,2026-07-20T20:08:05.825Z,16.5,-110,2026-08-03T05:10:09.838609+00:00,321.0344,24.0,True,True,False,draftkings,2026-07-20T20:08:05.825Z,321.0344,True,bf7d92aa8988a3fba20d3a75b716eceb0b147d54d4a097dcb7c10c7d4ed898f5
sports_game_odds,20260803T051009Z-f34e0721,FWRV2vhcuGKR6GjmIALx,g825,401856879,13,13,TCU,Texas Tech,draftkings,spread,home,-16.5,-110,True,False,2026-07-20T20:08:05.825Z,-16.5,-110,2026-08-03T05:10:09.838609+00:00,321.0344,24.0,True,True,False,draftkings,2026-07-20T20:08:05.825Z,321.0344,True,6df5fb4d8103490c68e0d94cc1c5472742861427432a20948b008ee3e796c685
sports_game_odds,20260803T051009Z-f34e0721,C9ZE2LMBTAtZBPbjmAHT,g830,401856762,13,13,Mississippi State,Ole Miss,draftkings,spread,away,14.5,-110,True,False,2026-07-20T20:08:05.825Z,14.5,-110,2026-08-03T05:10:09.838609+00:00,321.0344,24.0,True,True,False,draftkings,2026-07-20T20:08:05.825Z,321.0344,True,f0e482c4ad99850dbbcf65a59c3e7ac96b14eeb5d3fc7d4a6a14a51aef95146a
sports_game_odds,20260803T051009Z-f34e0721,C9ZE2LMBTAtZBPbjmAHT,g830,401856762,13,13,Mississippi State,Ole Miss,draftkings,spread,home,-14.5,-110,True,False,2026-07-20T20:08:05.825Z,-14.5,-110,2026-08-03T05:10:09.838609+00:00,321.0344,24.0,True,True,False,draftkings,2026-07-20T20:08:05.825Z,321.0344,True,d3df7f0c187f8f3e549228a45f2d8b1665262769a8bbc473b3dc16e7b34e1cc1
sports_game_odds,20260803T051009Z-f34e0721,XKEAYyoLMp32TugmRNmT,g870,401858540,13,13,Michigan,Ohio State,fanduel,spread,away,11.5,-110,True,False,2026-08-03T05:08:22.253Z,11.5,-110,2026-08-03T05:10:09.838609+00:00,0.0299,24.0,False,True,False,fanduel,2026-08-03T05:08:22.253Z,0.0299,False,90302d7fc79b2811d8026a34e2c745d7106378db43119df3a773c73effd033f9
sports_game_odds,20260803T051009Z-f34e0721,XKEAYyoLMp32TugmRNmT,g870,401858540,13,13,Michigan,Ohio State,fanduel,spread,home,-11.5,-110,True,False,2026-08-03T05:08:22.253Z,-11.5,-110,2026-08-03T05:10:09.838609+00:00,0.0299,24.0,False,True,False,fanduel,2026-08-03T05:08:22.253Z,0.0299,False,374c26015901259a7d0acf95f18fcff3b2752a5e8b689912fcefd890fdb0b414
sports_game_odds,20260803T051009Z-f34e0721,XKEAYyoLMp32TugmRNmT,g870,401858540,13,13,Michigan,Ohio State,fanduel,total,over,45.5,-110,True,False,2026-08-03T05:08:22.253Z,45.5,-110,2026-08-03T05:10:09.838609+00:00,0.0299,24.0,False,True,False,fanduel,2026-08-03T05:08:22.253Z,0.0299,False,105f9066a600aca2bf62baa148cec5e557fc17e26f951d20631ffe043529aed7
sports_game_odds,20260803T051009Z-f34e0721,XKEAYyoLMp32TugmRNmT,g870,401858540,13,13,Michigan,Ohio State,fanduel,total,under,45.5,-110,True,False,2026-08-03T05:08:22.253Z,45.5,-110,2026-08-03T05:10:09.838609+00:00,0.0299,24.0,False,True,False,fanduel,2026-08-03T05:08:22.253Z,0.0299,False,60abedbe46a028782dcdb7828d520207fc27853ed8e14f2547793ba94ec0d845
sports_game_odds,20260803T051009Z-f34e0721,XKEAYyoLMp32TugmRNmT,g870,401858540,13,13,Michigan,Ohio State,fanduel,moneyline,away,,360,True,False,2026-08-03T05:08:22.253Z,360.0,360,2026-08-03T05:10:09.838609+00:00,0.0299,24.0,False,True,False,fanduel,2026-08-03T05:08:22.253Z,0.0299,False,9b32e96c8f75b6a798f4bd25f0873384377650df94963f590fc1a3a386153b83
sports_game_odds,20260803T051009Z-f34e0721,XKEAYyoLMp32TugmRNmT,g870,401858540,13,13,Michigan,Ohio State,fanduel,moneyline,home,,-480,True,False,2026-08-03T05:08:22.253Z,-480.0,-480,2026-08-03T05:10:09.838609+00:00,0.0299,24.0,False,True,False,fanduel,2026-08-03T05:08:22.253Z,0.0299,False,f0cac765df3e7d9306d502181e8d5f31a0c401806746a5bc57df5bdcad672b8c
