game_id_example,week_example,away_team_example,home_team_example,team,coach,segment,role,ats_record,ats_pct,ats_sample_size,ou_record,over_pct,ou_sample_size,ats_margin,total_margin
g1,0.0,Sacramento State,Eastern Michigan,Sacramento State,Alonzo Carter,Full game role,Favorite,,,,,,,,
g1,0.0,Sacramento State,Eastern Michigan,Sacramento State,Alonzo Carter,Full game role,Underdog,,,,,,,,
g1,0.0,Sacramento State,Eastern Michigan,Eastern Michigan,Chris Creighton,Full game role,Favorite,21-27-0,43.75,48.0,22-20-1,52.38,43.0,-2.9,3.14
g1,0.0,Sacramento State,Eastern Michigan,Eastern Michigan,Chris Creighton,Full game role,Underdog,48-40-1,54.55,89.0,27-30-2,47.370000000000005,59.0,1.02,-0.9
g1,0.0,Sacramento State,Eastern Michigan,Eastern Michigan,Chris Creighton,Full game role,Favorite,1-6-0,14.29,7.0,2-5-0,28.57,7.0,-6.93,-0.29
g1,0.0,Sacramento State,Eastern Michigan,Eastern Michigan,Chris Creighton,Full game role,Underdog,9-6-0,60.0,15.0,9-5-1,64.29,15.0,1.8,1.97
g1,0.0,Sacramento State,Eastern Michigan,Eastern Michigan,Chris Creighton,Full game role,Favorite,3-5-0,37.5,8.0,6-2-0,75.0,8.0,-1.81,-0.31
g1,0.0,Sacramento State,Eastern Michigan,Eastern Michigan,Chris Creighton,Full game role,Underdog,8-6-0,57.14,14.0,9-5-0,64.29,14.0,1.39,0.71
g2,0.0,New Mexico State,Florida State,New Mexico State,Tony Sanchez,Full game role,Favorite,8-15-0,34.78,23.0,8-6-0,57.14,14.0,-6.15,1.93
g2,0.0,New Mexico State,Florida State,New Mexico State,Tony Sanchez,Full game role,Underdog,33-27-1,55.00000000000001,61.0,23-25-1,47.92,49.0,1.62,1.59
g2,0.0,New Mexico State,Florida State,New Mexico State,Tony Sanchez,Full game role,Favorite,2-2-0,50.0,4.0,0-4-0,0.0,4.0,-2.25,-7.0
g2,0.0,New Mexico State,Florida State,New Mexico State,Tony Sanchez,Full game role,Underdog,8-10-0,44.440000000000005,18.0,11-7-0,61.11,18.0,-1.75,2.47
g2,0.0,New Mexico State,Florida State,New Mexico State,Tony Sanchez,Full game role,Favorite,3-1-0,75.0,4.0,2-2-0,50.0,4.0,6.0,3.0
g2,0.0,New Mexico State,Florida State,New Mexico State,Tony Sanchez,Full game role,Underdog,11-6-0,64.71000000000001,17.0,11-5-1,68.75,17.0,2.18,3.18
g2,0.0,New Mexico State,Florida State,Florida State,Mike Norvell,Full game role,Favorite,44-36-0,55.00000000000001,80.0,38-30-1,55.879999999999995,69.0,1.96,1.63
g2,0.0,New Mexico State,Florida State,Florida State,Mike Norvell,Full game role,Underdog,17-20-1,45.95,38.0,15-20-0,42.86,35.0,-3.18,1.44
g2,0.0,New Mexico State,Florida State,Florida State,Mike Norvell,Full game role,Favorite,5-6-0,45.45,11.0,3-8-0,27.27,11.0,-2.32,-2.64
g2,0.0,New Mexico State,Florida State,Florida State,Mike Norvell,Full game role,Underdog,5-6-0,45.45,11.0,3-8-0,27.27,11.0,-0.18,-1.0
g2,0.0,New Mexico State,Florida State,Florida State,Mike Norvell,Full game role,Favorite,4-8-0,33.33,12.0,5-7-0,41.67,12.0,-3.0,-1.67
g2,0.0,New Mexico State,Florida State,Florida State,Mike Norvell,Full game role,Underdog,4-5-0,44.440000000000005,9.0,6-3-0,66.67,9.0,-1.06,2.78
g3,0.0,Jacksonville State,North Dakota State,Jacksonville State,Charles Kelly,Full game role,Favorite,1-3-0,25.0,4.0,2-2-0,50.0,4.0,-1.25,-0.25
g3,0.0,Jacksonville State,North Dakota State,Jacksonville State,Charles Kelly,Full game role,Underdog,5-4-0,55.559999999999995,9.0,6-3-0,66.67,9.0,4.17,-0.06
g3,0.0,Jacksonville State,North Dakota State,Jacksonville State,Charles Kelly,Full game role,Favorite,2-4-0,33.33,6.0,2-4-0,33.33,6.0,-1.33,-1.42
g3,0.0,Jacksonville State,North Dakota State,Jacksonville State,Charles Kelly,Full game role,Underdog,5-1-0,83.33,6.0,4-2-0,66.67,6.0,4.83,0.33
g3,0.0,Jacksonville State,North Dakota State,Jacksonville State,Charles Kelly,Full game role,Favorite,3-2-0,60.0,5.0,2-3-0,40.0,5.0,3.1,-3.8
g3,0.0,Jacksonville State,North Dakota State,Jacksonville State,Charles Kelly,Full game role,Underdog,4-3-0,57.14,7.0,6-0-1,100.0,7.0,-0.79,5.29
g3,0.0,Jacksonville State,North Dakota State,North Dakota State,Tim Polasek,Full game role,Favorite,,,,,,,,
g3,0.0,Jacksonville State,North Dakota State,North Dakota State,Tim Polasek,Full game role,Underdog,,,,,,,,
g4,0.0,Hawaii,Stanford,Hawaii,Timmy Chang,Full game role,Favorite,6-4-1,60.0,11.0,4-7-0,36.36,11.0,-3.86,-6.23
g4,0.0,Hawaii,Stanford,Hawaii,Timmy Chang,Full game role,Underdog,21-16-1,56.76,38.0,15-22-0,40.54,37.0,1.18,-0.47
g4,0.0,Hawaii,Stanford,Hawaii,Timmy Chang,Full game role,Favorite,7-4-0,63.63999999999999,11.0,7-4-0,63.63999999999999,11.0,-0.95,2.27
g4,0.0,Hawaii,Stanford,Hawaii,Timmy Chang,Full game role,Underdog,7-6-0,53.849999999999994,13.0,4-9-0,30.769999999999996,13.0,0.42,-1.0
g4,0.0,Hawaii,Stanford,Hawaii,Timmy Chang,Full game role,Favorite,4-4-1,50.0,9.0,3-6-0,33.33,9.0,-0.61,-4.83
g4,0.0,Hawaii,Stanford,Hawaii,Timmy Chang,Full game role,Underdog,8-7-0,53.33,15.0,8-7-0,53.33,15.0,2.07,2.0
g4,0.0,Hawaii,Stanford,Stanford,Tavita Pritchard,Full game role,Favorite,,,,,,,,
g4,0.0,Hawaii,Stanford,Stanford,Tavita Pritchard,Full game role,Underdog,,,,,,,,
g5,0.0,North Carolina,TCU,North Carolina,Bill Belichick,Full game role,Favorite,2-1-0,66.67,3.0,0-3-0,0.0,3.0,2.5,-11.17
g5,0.0,North Carolina,TCU,North Carolina,Bill Belichick,Full game role,Underdog,3-5-1,37.5,9.0,5-4-0,55.559999999999995,9.0,-6.28,-1.28
g5,0.0,North Carolina,TCU,North Carolina,Bill Belichick,Full game role,Underdog,1-8-0,11.110000000000001,9.0,6-3-0,66.67,9.0,-6.17,2.67
g5,0.0,North Carolina,TCU,North Carolina,Bill Belichick,Full game role,Favorite,3-1-0,75.0,4.0,3-1-0,75.0,4.0,6.12,-1.25
g5,0.0,North Carolina,TCU,North Carolina,Bill Belichick,Full game role,Underdog,4-4-0,50.0,8.0,3-5-0,37.5,8.0,-0.88,-2.0
g5,0.0,North Carolina,TCU,TCU,Sonny Dykes,Full game role,Favorite,41-42-2,49.4,85.0,35-31-1,53.03,67.0,-0.21,2.19
g5,0.0,North Carolina,TCU,TCU,Sonny Dykes,Full game role,Underdog,25-32-1,43.86,58.0,12-14-0,46.150000000000006,26.0,-0.6,-1.42
g5,0.0,North Carolina,TCU,TCU,Sonny Dykes,Full game role,Favorite,13-7-0,65.0,20.0,6-14-0,30.0,20.0,1.18,-1.58
g5,0.0,North Carolina,TCU,TCU,Sonny Dykes,Full game role,Underdog,4-2-0,66.67,6.0,5-1-0,83.33,6.0,1.83,5.33
g5,0.0,North Carolina,TCU,TCU,Sonny Dykes,Full game role,Favorite,5-9-0,35.709999999999994,14.0,8-6-0,57.14,14.0,-0.54,1.61
g5,0.0,North Carolina,TCU,TCU,Sonny Dykes,Full game role,Underdog,3-7-0,30.0,10.0,4-6-0,40.0,10.0,-2.4,-3.45
g6,0.0,Memphis,UNLV,Memphis,Charles Huff,Full game role,Favorite,21-20-1,51.22,42.0,18-23-1,43.9,42.0,-1.26,-2.5
g6,0.0,Memphis,UNLV,Memphis,Charles Huff,Full game role,Underdog,11-7-1,61.11,19.0,8-9-0,47.06,17.0,3.66,0.53
g6,0.0,Memphis,UNLV,Memphis,Charles Huff,Full game role,Favorite,11-6-0,64.71000000000001,17.0,4-13-0,23.53,17.0,1.53,-2.38
g6,0.0,Memphis,UNLV,Memphis,Charles Huff,Full game role,Underdog,5-3-0,62.5,8.0,3-5-0,37.5,8.0,2.75,0.12
g6,0.0,Memphis,UNLV,Memphis,Charles Huff,Full game role,Favorite,9-8-0,52.94,17.0,11-6-0,64.71000000000001,17.0,-0.09,3.88
g6,0.0,Memphis,UNLV,Memphis,Charles Huff,Full game role,Underdog,4-4-0,50.0,8.0,4-3-1,57.14,8.0,0.44,-0.44
g6,0.0,Memphis,UNLV,UNLV,Dan Mullen,Full game role,Favorite,42-37-1,53.16,80.0,25-28-1,47.17,54.0,0.66,1.38
g6,0.0,Memphis,UNLV,UNLV,Dan Mullen,Full game role,Underdog,23-16-1,58.97,40.0,9-9-1,50.0,19.0,2.12,5.58
g6,0.0,Memphis,UNLV,UNLV,Dan Mullen,Full game role,Favorite,5-4-0,55.559999999999995,9.0,7-2-0,77.78,9.0,-1.72,1.22
g6,0.0,Memphis,UNLV,UNLV,Dan Mullen,Full game role,Underdog,4-0-0,100.0,4.0,3-1-0,75.0,4.0,8.12,8.5
g6,0.0,Memphis,UNLV,UNLV,Dan Mullen,Full game role,Favorite,3-6-0,33.33,9.0,3-5-1,37.5,9.0,1.33,2.44
g6,0.0,Memphis,UNLV,UNLV,Dan Mullen,Full game role,Underdog,1-2-1,33.33,4.0,2-2-0,50.0,4.0,-2.0,-7.0
g7,0.0,San Jose State,USC,San Jose State,Ken Niumatalolo,Full game role,Favorite,31-29-1,51.67,61.0,14-13-1,51.849999999999994,28.0,0.97,4.88
g7,0.0,San Jose State,USC,San Jose State,Ken Niumatalolo,Full game role,Underdog,35-21-2,62.5,58.0,21-22-0,48.84,43.0,2.63,-0.91
g7,0.0,San Jose State,USC,San Jose State,Ken Niumatalolo,Full game role,Favorite,5-7-0,41.67,12.0,8-4-0,66.67,12.0,-1.5,2.33
g7,0.0,San Jose State,USC,San Jose State,Ken Niumatalolo,Full game role,Underdog,8-3-0,72.72999999999999,11.0,7-4-0,63.63999999999999,11.0,1.55,1.55
g7,0.0,San Jose State,USC,San Jose State,Ken Niumatalolo,Full game role,Favorite,4-4-1,50.0,9.0,5-4-0,55.559999999999995,9.0,-1.89,-0.94
g7,0.0,San Jose State,USC,San Jose State,Ken Niumatalolo,Full game role,Underdog,7-7-0,50.0,14.0,7-7-0,50.0,14.0,-0.96,1.07
g7,0.0,San Jose State,USC,USC,Lincoln Riley,Full game role,Favorite,45-52-1,46.39,98.0,57-39-2,59.38,98.0,-1.68,2.77
g7,0.0,San Jose State,USC,USC,Lincoln Riley,Full game role,Underdog,7-4-1,63.63999999999999,12.0,8-3-0,72.72999999999999,11.0,0.67,10.5
g7,0.0,San Jose State,USC,USC,Lincoln Riley,Full game role,Favorite,9-11-0,45.0,20.0,9-11-0,45.0,20.0,-1.88,0.38
g7,0.0,San Jose State,USC,USC,Lincoln Riley,Full game role,Underdog,3-2-0,60.0,5.0,2-3-0,40.0,5.0,-0.5,-1.1
g7,0.0,San Jose State,USC,USC,Lincoln Riley,Full game role,Favorite,11-7-0,61.11,18.0,8-10-0,44.440000000000005,18.0,3.56,-0.22
g7,0.0,San Jose State,USC,USC,Lincoln Riley,Full game role,Underdog,3-4-0,42.86,7.0,5-1-1,83.33,7.0,-0.21,4.86
g8,0.0,NC State,Virginia,NC State,Dave Doeren,Full game role,Favorite,42-43-3,49.41,88.0,26-33-2,44.07,61.0,0.18,-1.8
g8,0.0,NC State,Virginia,NC State,Dave Doeren,Full game role,Underdog,30-37-0,44.78,67.0,25-20-0,55.559999999999995,45.0,-1.63,2.81
g8,0.0,NC State,Virginia,NC State,Dave Doeren,Full game role,Favorite,5-9-0,35.709999999999994,14.0,9-5-0,64.29,14.0,-3.68,2.82
g8,0.0,NC State,Virginia,NC State,Dave Doeren,Full game role,Underdog,7-5-0,58.330000000000005,12.0,5-7-0,41.67,12.0,-1.12,2.38
g8,0.0,NC State,Virginia,NC State,Dave Doeren,Full game role,Favorite,6-6-0,50.0,12.0,3-9-0,25.0,12.0,-0.42,-3.54
g8,0.0,NC State,Virginia,NC State,Dave Doeren,Full game role,Underdog,8-6-0,57.14,14.0,8-5-1,61.53999999999999,14.0,1.14,4.39
g8,0.0,NC State,Virginia,Virginia,Tony Elliott,Full game role,Favorite,8-9-0,47.06,17.0,5-12-0,29.409999999999997,17.0,-2.85,-4.79
g8,0.0,NC State,Virginia,Virginia,Tony Elliott,Full game role,Underdog,18-11-0,62.07,29.0,13-14-2,48.15,29.0,0.16,0.07
g8,0.0,NC State,Virginia,Virginia,Tony Elliott,Full game role,Favorite,6-5-0,54.55,11.0,5-6-0,45.45,11.0,2.82,0.18
g8,0.0,NC State,Virginia,Virginia,Tony Elliott,Full game role,Underdog,6-7-0,46.150000000000006,13.0,5-7-1,41.67,13.0,-1.38,0.54
g8,0.0,NC State,Virginia,Virginia,Tony Elliott,Full game role,Favorite,5-7-0,41.67,12.0,5-7-0,41.67,12.0,-2.46,-2.88
g8,0.0,NC State,Virginia,Virginia,Tony Elliott,Full game role,Underdog,9-3-0,75.0,12.0,6-6-0,50.0,12.0,5.29,1.38
g9,1.0,UAlbany,Buffalo,UAlbany,,Full game role,Favorite,,,,,,,,
g9,1.0,UAlbany,Buffalo,UAlbany,,Full game role,Underdog,,,,,,,,
g9,1.0,UAlbany,Buffalo,Buffalo,Pete Lembo,Full game role,Favorite,11-15-1,42.309999999999995,27.0,5-5-0,50.0,10.0,-1.5,4.05
g9,1.0,UAlbany,Buffalo,Buffalo,Pete Lembo,Full game role,Underdog,14-17-1,45.16,32.0,9-5-1,64.29,15.0,-0.59,3.03
g9,1.0,UAlbany,Buffalo,Buffalo,Pete Lembo,Full game role,Favorite,4-5-0,44.440000000000005,9.0,2-7-0,22.220000000000002,9.0,-0.94,-2.5
g9,1.0,UAlbany,Buffalo,Buffalo,Pete Lembo,Full game role,Underdog,7-4-0,63.63999999999999,11.0,5-5-1,50.0,11.0,2.23,-3.18
g9,1.0,UAlbany,Buffalo,Buffalo,Pete Lembo,Full game role,Favorite,4-6-0,40.0,10.0,10-0-0,100.0,10.0,-1.3,5.0
g9,1.0,UAlbany,Buffalo,Buffalo,Pete Lembo,Full game role,Underdog,8-1-1,88.89,10.0,5-5-0,50.0,10.0,5.95,1.9
g10,1.0,Bethune-Cookman,Central Florida,Bethune-Cookman,,Full game role,Favorite,,,,,,,,
g10,1.0,Bethune-Cookman,Central Florida,Bethune-Cookman,,Full game role,Underdog,,,,,,,,
g10,1.0,Bethune-Cookman,Central Florida,Central Florida,Scott Frost,Full game role,Favorite,9-19-0,32.14,28.0,12-14-1,46.150000000000006,27.0,-3.59,-0.2
g10,1.0,Bethune-Cookman,Central Florida,Central Florida,Scott Frost,Full game role,Underdog,15-11-1,57.69,27.0,12-14-1,46.150000000000006,27.0,-0.57,-2.07
g10,1.0,Bethune-Cookman,Central Florida,Central Florida,Scott Frost,Full game role,Favorite,3-2-0,60.0,5.0,1-4-0,20.0,5.0,3.1,-4.9
g10,1.0,Bethune-Cookman,Central Florida,Central Florida,Scott Frost,Full game role,Underdog,2-5-0,28.57,7.0,3-3-1,50.0,7.0,-5.5,1.71
g10,1.0,Bethune-Cookman,Central Florida,Central Florida,Scott Frost,Full game role,Favorite,4-2-0,66.67,6.0,3-3-0,50.0,6.0,5.42,2.08
g10,1.0,Bethune-Cookman,Central Florida,Central Florida,Scott Frost,Full game role,Underdog,2-4-0,33.33,6.0,2-4-0,33.33,6.0,-3.42,-6.33
g11,1.0,Merrimack,Delaware,Merrimack,,Full game role,Favorite,,,,,,,,
g11,1.0,Merrimack,Delaware,Merrimack,,Full game role,Underdog,,,,,,,,
g11,1.0,Merrimack,Delaware,Delaware,Ryan Carty,Full game role,Favorite,1-5-0,16.669999999999998,6.0,3-3-0,50.0,6.0,-4.75,4.17
g11,1.0,Merrimack,Delaware,Delaware,Ryan Carty,Full game role,Underdog,3-3-0,50.0,6.0,3-3-0,50.0,6.0,-0.42,11.0
g11,1.0,Merrimack,Delaware,Delaware,Ryan Carty,Full game role,Favorite,4-1-0,80.0,5.0,3-2-0,60.0,5.0,4.0,3.9
g11,1.0,Merrimack,Delaware,Delaware,Ryan Carty,Full game role,Underdog,5-2-0,71.43,7.0,3-4-0,42.86,7.0,-0.57,2.86
g11,1.0,Merrimack,Delaware,Delaware,Ryan Carty,Full game role,Favorite,3-3-0,50.0,6.0,2-4-0,33.33,6.0,-1.0,-0.5
g11,1.0,Merrimack,Delaware,Delaware,Ryan Carty,Full game role,Underdog,3-3-0,50.0,6.0,4-2-0,66.67,6.0,0.33,3.83
g12,1.0,Colorado,Georgia Tech,Colorado,Deion Sanders,Full game role,Favorite,9-5-0,64.29,14.0,5-7-1,41.67,13.0,4.07,2.04
g12,1.0,Colorado,Georgia Tech,Colorado,Deion Sanders,Full game role,Underdog,12-10-0,54.55,22.0,9-11-0,45.0,20.0,-0.09,-1.2
g12,1.0,Colorado,Georgia Tech,Colorado,Deion Sanders,Full game role,Favorite,6-6-0,50.0,12.0,6-6-0,50.0,12.0,-1.29,-1.0
g12,1.0,Colorado,Georgia Tech,Colorado,Deion Sanders,Full game role,Underdog,5-8-0,38.46,13.0,6-6-1,50.0,13.0,-1.58,3.0
g12,1.0,Colorado,Georgia Tech,Colorado,Deion Sanders,Full game role,Favorite,7-3-0,70.0,10.0,5-5-0,50.0,10.0,3.0,3.4
g12,1.0,Colorado,Georgia Tech,Colorado,Deion Sanders,Full game role,Underdog,7-8-0,46.67,15.0,7-7-1,50.0,15.0,1.83,-0.53
g12,1.0,Colorado,Georgia Tech,Georgia Tech,Brent Key,Full game role,Favorite,8-13-1,38.1,22.0,14-7-1,66.67,22.0,-6.27,3.3
g12,1.0,Colorado,Georgia Tech,Georgia Tech,Brent Key,Full game role,Underdog,18-8-0,69.23,26.0,9-15-1,37.5,25.0,7.63,-3.62
g12,1.0,Colorado,Georgia Tech,Georgia Tech,Brent Key,Full game role,Favorite,10-6-0,62.5,16.0,9-7-0,56.25,16.0,-0.66,0.75
g12,1.0,Colorado,Georgia Tech,Georgia Tech,Brent Key,Full game role,Underdog,7-2-0,77.78,9.0,5-4-0,55.559999999999995,9.0,4.22,-3.78
g12,1.0,Colorado,Georgia Tech,Georgia Tech,Brent Key,Full game role,Favorite,6-8-0,42.86,14.0,9-5-0,64.29,14.0,-0.68,5.89
g12,1.0,Colorado,Georgia Tech,Georgia Tech,Brent Key,Full game role,Underdog,7-3-1,70.0,11.0,6-5-0,54.55,11.0,1.68,0.18
g13,1.0,West Georgia,Kennesaw State,West Georgia,,Full game role,Favorite,,,,,,,,
g13,1.0,West Georgia,Kennesaw State,West Georgia,,Full game role,Underdog,,,,,,,,
g13,1.0,West Georgia,Kennesaw State,Kennesaw State,Jerry Mack,Full game role,Favorite,6-3-0,66.67,9.0,5-4-0,55.559999999999995,9.0,-0.22,3.06
g13,1.0,West Georgia,Kennesaw State,Kennesaw State,Jerry Mack,Full game role,Underdog,3-1-0,75.0,4.0,1-3-0,25.0,4.0,12.25,-8.0
g13,1.0,West Georgia,Kennesaw State,Kennesaw State,Jerry Mack,Full game role,Favorite,2-6-0,25.0,8.0,3-5-0,37.5,8.0,-1.62,1.75
g13,1.0,West Georgia,Kennesaw State,Kennesaw State,Jerry Mack,Full game role,Underdog,3-1-0,75.0,4.0,2-2-0,50.0,4.0,-3.75,-1.12
g13,1.0,West Georgia,Kennesaw State,Kennesaw State,Jerry Mack,Full game role,Favorite,3-3-0,50.0,6.0,3-3-0,50.0,6.0,-2.92,4.08
g13,1.0,West Georgia,Kennesaw State,Kennesaw State,Jerry Mack,Full game role,Underdog,3-2-0,60.0,5.0,0-5-0,0.0,5.0,5.4,-7.1
g14,1.0,Eastern Illinois,Minnesota,Eastern Illinois,,Full game role,Favorite,,,,,,,,
g14,1.0,Eastern Illinois,Minnesota,Eastern Illinois,,Full game role,Underdog,,,,,,,,
g14,1.0,Eastern Illinois,Minnesota,Minnesota,P. J. Fleck,Full game role,Favorite,,,,,,,,
g14,1.0,Eastern Illinois,Minnesota,Minnesota,P. J. Fleck,Full game role,Underdog,,,,,,,,
g15,1.0,UAPB,Missouri,UAPB,,Full game role,Favorite,,,,,,,,
g15,1.0,UAPB,Missouri,UAPB,,Full game role,Underdog,,,,,,,,
g15,1.0,UAPB,Missouri,Missouri,Eli Drinkwitz,Full game role,Favorite,26-21-0,55.32,47.0,23-22-0,51.11,45.0,1.02,4.27
g15,1.0,UAPB,Missouri,Missouri,Eli Drinkwitz,Full game role,Underdog,20-15-1,57.14,36.0,16-18-0,47.06,34.0,1.08,-2.25
g15,1.0,UAPB,Missouri,Missouri,Eli Drinkwitz,Full game role,Favorite,7-10-0,41.18,17.0,7-10-0,41.18,17.0,-2.03,-0.35
g15,1.0,UAPB,Missouri,Missouri,Eli Drinkwitz,Full game role,Underdog,1-8-0,11.110000000000001,9.0,6-3-0,66.67,9.0,-6.61,-0.5
g15,1.0,UAPB,Missouri,Missouri,Eli Drinkwitz,Full game role,Favorite,14-5-0,73.68,19.0,9-10-0,47.370000000000005,19.0,1.66,1.76
g15,1.0,UAPB,Missouri,Missouri,Eli Drinkwitz,Full game role,Underdog,2-5-0,28.57,7.0,3-4-0,42.86,7.0,-1.0,1.79
g16,1.0,Massachusetts,Rutgers,Massachusetts,Joe Harasymiak,Full game role,Favorite,0-1-0,0.0,1.0,1-0-0,100.0,1.0,-15.5,1.0
g16,1.0,Massachusetts,Rutgers,Massachusetts,Joe Harasymiak,Full game role,Underdog,3-8-0,27.27,11.0,8-3-0,72.72999999999999,11.0,-11.77,0.59
g16,1.0,Massachusetts,Rutgers,Massachusetts,Joe Harasymiak,Full game role,Favorite,1-1-0,50.0,2.0,2-0-0,100.0,2.0,-2.0,4.0
g16,1.0,Massachusetts,Rutgers,Massachusetts,Joe Harasymiak,Full game role,Underdog,4-4-0,50.0,8.0,5-3-0,62.5,8.0,0.62,4.62
g16,1.0,Massachusetts,Rutgers,Massachusetts,Joe Harasymiak,Full game role,Favorite,0-1-0,0.0,1.0,0-1-0,0.0,1.0,-17.5,-1.5
g16,1.0,Massachusetts,Rutgers,Massachusetts,Joe Harasymiak,Full game role,Underdog,0-9-0,0.0,9.0,2-7-0,22.220000000000002,9.0,-3.33,-2.5
g16,1.0,Massachusetts,Rutgers,Rutgers,Greg Schiano,Full game role,Favorite,16-10-0,61.53999999999999,26.0,15-11-0,57.69,26.0,1.54,4.5
g16,1.0,Massachusetts,Rutgers,Rutgers,Greg Schiano,Full game role,Underdog,18-21-4,46.150000000000006,43.0,21-21-0,50.0,42.0,-1.41,0.73
g16,1.0,Massachusetts,Rutgers,Rutgers,Greg Schiano,Full game role,Favorite,9-3-0,75.0,12.0,6-6-0,50.0,12.0,2.71,2.75
g16,1.0,Massachusetts,Rutgers,Rutgers,Greg Schiano,Full game role,Underdog,4-8-0,33.33,12.0,7-5-0,58.330000000000005,12.0,-1.58,3.0
g16,1.0,Massachusetts,Rutgers,Rutgers,Greg Schiano,Full game role,Favorite,5-3-0,62.5,8.0,6-2-0,75.0,8.0,-4.06,7.38
g16,1.0,Massachusetts,Rutgers,Rutgers,Greg Schiano,Full game role,Underdog,7-7-0,50.0,14.0,7-7-0,50.0,14.0,0.21,-0.32
g17,1.0,Idaho,Utah,Idaho,,Full game role,Favorite,,,,,,,,
g17,1.0,Idaho,Utah,Idaho,,Full game role,Underdog,,,,,,,,
g17,1.0,Idaho,Utah,Utah,Morgan Scalley,Full game role,Favorite,,,,,,,,
g17,1.0,Idaho,Utah,Utah,Morgan Scalley,Full game role,Underdog,,,,,,,,
g18,1.0,Akron,Wake Forest,Akron,Joe Moorhead,Full game role,Favorite,13-11-1,54.169999999999995,25.0,13-10-0,56.52,23.0,2.18,-0.78
g18,1.0,Akron,Wake Forest,Akron,Joe Moorhead,Full game role,Underdog,24-22-0,52.17,46.0,18-27-0,40.0,45.0,-0.58,-2.07
g18,1.0,Akron,Wake Forest,Akron,Joe Moorhead,Full game role,Favorite,4-1-0,80.0,5.0,5-0-0,100.0,5.0,3.9,7.6
g18,1.0,Akron,Wake Forest,Akron,Joe Moorhead,Full game role,Underdog,7-8-0,46.67,15.0,9-6-0,60.0,15.0,-0.8,-0.7
g18,1.0,Akron,Wake Forest,Akron,Joe Moorhead,Full game role,Favorite,2-3-0,40.0,5.0,3-2-0,60.0,5.0,-5.5,8.3
g18,1.0,Akron,Wake Forest,Wake Forest,Jake Dickert,Full game role,Favorite,19-13-0,59.38,32.0,17-15-0,53.12,32.0,1.88,0.78
g18,1.0,Akron,Wake Forest,Wake Forest,Jake Dickert,Full game role,Underdog,17-11-0,60.709999999999994,28.0,12-16-0,42.86,28.0,2.64,-4.05
g18,1.0,Akron,Wake Forest,Wake Forest,Jake Dickert,Full game role,Favorite,4-1-0,80.0,5.0,3-2-0,60.0,5.0,8.7,0.5
g18,1.0,Akron,Wake Forest,Wake Forest,Jake Dickert,Full game role,Underdog,5-2-0,71.43,7.0,3-4-0,42.86,7.0,7.57,0.64
g18,1.0,Akron,Wake Forest,Wake Forest,Jake Dickert,Full game role,Favorite,3-2-0,60.0,5.0,3-2-0,60.0,5.0,-1.8,0.0
g18,1.0,Akron,Wake Forest,Wake Forest,Jake Dickert,Full game role,Underdog,2-5-0,28.57,7.0,4-3-0,57.14,7.0,-3.93,2.0
g20,1.0,North Carolina A&T,Georgia State,North Carolina A&T,,Full game role,Favorite,,,,,,,,
g20,1.0,North Carolina A&T,Georgia State,North Carolina A&T,,Full game role,Underdog,,,,,,,,
g20,1.0,North Carolina A&T,Georgia State,Georgia State,Dell McGee,Full game role,Favorite,0-6-0,0.0,6.0,2-4-0,33.33,6.0,-14.0,-3.25
g20,1.0,North Carolina A&T,Georgia State,Georgia State,Dell McGee,Full game role,Underdog,5-12-1,29.409999999999997,18.0,10-7-1,58.81999999999999,18.0,-2.33,3.94
g20,1.0,North Carolina A&T,Georgia State,Georgia State,Dell McGee,Full game role,Favorite,0-1-0,0.0,1.0,1-0-0,100.0,1.0,-2.5,2.5
g20,1.0,North Carolina A&T,Georgia State,Georgia State,Dell McGee,Full game role,Underdog,6-4-0,60.0,10.0,5-5-0,50.0,10.0,1.9,-2.15
g20,1.0,North Carolina A&T,Georgia State,Georgia State,Dell McGee,Full game role,Favorite,0-2-0,0.0,2.0,2-0-0,100.0,2.0,-6.5,10.0
g20,1.0,North Carolina A&T,Georgia State,Georgia State,Dell McGee,Full game role,Underdog,2-7-0,22.220000000000002,9.0,4-5-0,44.440000000000005,9.0,-6.0,-1.06
g21,1.0,LIU,Kansas,LIU,,Full game role,Favorite,,,,,,,,
g21,1.0,LIU,Kansas,LIU,,Full game role,Underdog,,,,,,,,
g21,1.0,LIU,Kansas,Kansas,Lance Leipold,Full game role,Favorite,29-31-0,48.33,60.0,30-22-1,57.69,53.0,-0.61,1.25
g21,1.0,LIU,Kansas,Kansas,Lance Leipold,Full game role,Underdog,34-27-4,55.74,65.0,26-22-0,54.169999999999995,48.0,2.2,3.44
g21,1.0,LIU,Kansas,Kansas,Lance Leipold,Full game role,Favorite,3-12-0,20.0,15.0,11-4-0,73.33,15.0,-4.67,2.6
g21,1.0,LIU,Kansas,Kansas,Lance Leipold,Full game role,Underdog,5-2-0,71.43,7.0,4-3-0,57.14,7.0,3.29,2.21
g21,1.0,LIU,Kansas,Kansas,Lance Leipold,Full game role,Favorite,8-6-0,57.14,14.0,4-10-0,28.57,14.0,-2.36,-2.04
g21,1.0,LIU,Kansas,Kansas,Lance Leipold,Full game role,Underdog,0-8-0,0.0,8.0,5-3-0,62.5,8.0,-5.25,1.5
g22,1.0,Miami-FL,Stanford,Miami-FL,Mario Cristobal,Full game role,Favorite,30-39-1,43.480000000000004,70.0,34-33-1,50.74999999999999,68.0,-1.34,-0.8
g22,1.0,Miami-FL,Stanford,Miami-FL,Mario Cristobal,Full game role,Underdog,10-12-0,45.45,22.0,10-11-0,47.620000000000005,21.0,-0.98,0.95
g22,1.0,Miami-FL,Stanford,Miami-FL,Mario Cristobal,Full game role,Favorite,10-14-0,41.67,24.0,11-13-0,45.83,24.0,-1.0,-0.58
g22,1.0,Miami-FL,Stanford,Miami-FL,Mario Cristobal,Full game role,Underdog,3-2-0,60.0,5.0,0-5-0,0.0,5.0,3.9,-10.5
g22,1.0,Miami-FL,Stanford,Miami-FL,Mario Cristobal,Full game role,Favorite,14-9-0,60.870000000000005,23.0,12-10-1,54.55,23.0,2.57,2.54
g22,1.0,Miami-FL,Stanford,Miami-FL,Mario Cristobal,Full game role,Underdog,4-2-0,66.67,6.0,3-3-0,50.0,6.0,2.75,0.58
g23,1.0,Duquesne,Air Force,Duquesne,,Full game role,Favorite,,,,,,,,
g23,1.0,Duquesne,Air Force,Duquesne,,Full game role,Underdog,,,,,,,,
g23,1.0,Duquesne,Air Force,Air Force,Troy Calhoun,Full game role,Favorite,44-51-0,46.32,95.0,35-36-0,49.3,71.0,-0.55,0.41
g23,1.0,Duquesne,Air Force,Air Force,Troy Calhoun,Full game role,Underdog,28-25-2,52.83,55.0,14-17-1,45.16,32.0,1.92,2.77
g23,1.0,Duquesne,Air Force,Air Force,Troy Calhoun,Full game role,Favorite,3-6-0,33.33,9.0,5-4-0,55.559999999999995,9.0,-1.94,-1.11
g23,1.0,Duquesne,Air Force,Air Force,Troy Calhoun,Full game role,Underdog,7-6-0,53.849999999999994,13.0,3-10-0,23.080000000000002,13.0,3.19,-4.62
g23,1.0,Duquesne,Air Force,Air Force,Troy Calhoun,Full game role,Favorite,3-5-0,37.5,8.0,5-3-0,62.5,8.0,-5.69,5.56
g23,1.0,Duquesne,Air Force,Air Force,Troy Calhoun,Full game role,Underdog,10-3-0,76.92,13.0,6-6-1,50.0,13.0,4.04,4.77
g24,1.0,East Carolina,Alabama,East Carolina,Blake Harrell,Full game role,Favorite,10-6-0,62.5,16.0,10-6-0,62.5,16.0,5.09,4.03
g24,1.0,East Carolina,Alabama,East Carolina,Blake Harrell,Full game role,Underdog,5-2-1,71.43,8.0,2-6-0,25.0,8.0,1.31,-6.31
g24,1.0,East Carolina,Alabama,East Carolina,Blake Harrell,Full game role,Favorite,6-2-0,75.0,8.0,5-3-0,62.5,8.0,5.81,3.81
g24,1.0,East Carolina,Alabama,East Carolina,Blake Harrell,Full game role,Underdog,1-4-0,20.0,5.0,2-3-0,40.0,5.0,-3.9,-6.3
g24,1.0,East Carolina,Alabama,East Carolina,Blake Harrell,Full game role,Favorite,4-4-0,50.0,8.0,4-4-0,50.0,8.0,3.56,-2.19
g24,1.0,East Carolina,Alabama,East Carolina,Blake Harrell,Full game role,Underdog,3-1-0,75.0,4.0,3-1-0,75.0,4.0,7.0,2.62
g24,1.0,East Carolina,Alabama,Alabama,Kalen DeBoer,Full game role,Favorite,31-24-4,56.36,59.0,28-28-1,50.0,57.0,0.39,-0.59
g24,1.0,East Carolina,Alabama,Alabama,Kalen DeBoer,Full game role,Underdog,7-2-0,77.78,9.0,3-6-0,33.33,9.0,7.5,0.28
g24,1.0,East Carolina,Alabama,Alabama,Kalen DeBoer,Full game role,Favorite,13-8-0,61.9,21.0,8-13-0,38.1,21.0,0.71,-0.52
g24,1.0,East Carolina,Alabama,Alabama,Kalen DeBoer,Full game role,Underdog,4-3-0,57.14,7.0,5-2-0,71.43,7.0,1.36,3.79
g24,1.0,East Carolina,Alabama,Alabama,Kalen DeBoer,Full game role,Favorite,9-16-0,36.0,25.0,11-14-0,44.0,25.0,-1.66,-0.78
g24,1.0,East Carolina,Alabama,Alabama,Kalen DeBoer,Full game role,Underdog,1-2-0,33.33,3.0,2-1-0,66.67,3.0,-4.83,0.5
g25,1.0,Maine,Appalachian State,Maine,,Full game role,Favorite,,,,,,,,
g25,1.0,Maine,Appalachian State,Maine,,Full game role,Underdog,,,,,,,,
g25,1.0,Maine,Appalachian State,Appalachian State,Dowell Loggains,Full game role,Favorite,3-4-0,42.86,7.0,3-4-0,42.86,7.0,-4.79,-0.86
g25,1.0,Maine,Appalachian State,Appalachian State,Dowell Loggains,Full game role,Underdog,3-2-0,60.0,5.0,3-2-0,60.0,5.0,-5.3,-0.7
g25,1.0,Maine,Appalachian State,Appalachian State,Dowell Loggains,Full game role,Favorite,4-1-0,80.0,5.0,3-2-0,60.0,5.0,3.9,-0.5
g25,1.0,Maine,Appalachian State,Appalachian State,Dowell Loggains,Full game role,Underdog,3-4-0,42.86,7.0,2-5-0,28.57,7.0,-1.43,-4.0
g25,1.0,Maine,Appalachian State,Appalachian State,Dowell Loggains,Full game role,Favorite,2-2-0,50.0,4.0,3-1-0,75.0,4.0,-3.38,6.62
g25,1.0,Maine,Appalachian State,Appalachian State,Dowell Loggains,Full game role,Underdog,4-4-0,50.0,8.0,3-4-1,42.86,8.0,-0.94,0.31
g26,1.0,Northern Arizona,Arizona,Northern Arizona,,Full game role,Favorite,,,,,,,,
g26,1.0,Northern Arizona,Arizona,Northern Arizona,,Full game role,Underdog,,,,,,,,
g26,1.0,Northern Arizona,Arizona,Arizona,Brent Brennan,Full game role,Favorite,7-7-0,50.0,14.0,4-10-0,28.57,14.0,2.07,-3.75
g26,1.0,Northern Arizona,Arizona,Arizona,Brent Brennan,Full game role,Underdog,3-7-0,30.0,10.0,6-4-0,60.0,10.0,-10.35,0.95
g26,1.0,Northern Arizona,Arizona,Arizona,Brent Brennan,Full game role,Favorite,5-5-0,50.0,10.0,5-5-0,50.0,10.0,-1.2,1.5
g26,1.0,Northern Arizona,Arizona,Arizona,Brent Brennan,Full game role,Underdog,3-10-0,23.080000000000002,13.0,7-6-0,53.849999999999994,13.0,-3.23,-1.0
g26,1.0,Northern Arizona,Arizona,Arizona,Brent Brennan,Full game role,Favorite,8-4-0,66.67,12.0,3-9-0,25.0,12.0,4.46,-2.88
g26,1.0,Northern Arizona,Arizona,Arizona,Brent Brennan,Full game role,Underdog,4-7-0,36.36,11.0,5-6-0,45.45,11.0,-1.09,-0.09
g27,1.0,Morgan State,Arizona State,Morgan State,,Full game role,Favorite,,,,,,,,
g27,1.0,Morgan State,Arizona State,Morgan State,,Full game role,Underdog,,,,,,,,
g27,1.0,Morgan State,Arizona State,Arizona State,Kenny Dillingham,Full game role,Favorite,10-5-1,66.67,16.0,10-6-0,62.5,16.0,2.22,0.28
g27,1.0,Morgan State,Arizona State,Arizona State,Kenny Dillingham,Full game role,Underdog,12-9-0,57.14,21.0,6-13-0,31.580000000000002,19.0,1.14,-4.39
g27,1.0,Morgan State,Arizona State,Arizona State,Kenny Dillingham,Full game role,Favorite,7-5-0,58.330000000000005,12.0,7-5-0,58.330000000000005,12.0,1.21,-0.04
g27,1.0,Morgan State,Arizona State,Arizona State,Kenny Dillingham,Full game role,Underdog,8-5-0,61.53999999999999,13.0,7-6-0,53.849999999999994,13.0,1.08,1.85
g27,1.0,Morgan State,Arizona State,Arizona State,Kenny Dillingham,Full game role,Favorite,6-8-0,42.86,14.0,5-9-0,35.709999999999994,14.0,-2.14,0.29
g27,1.0,Morgan State,Arizona State,Arizona State,Kenny Dillingham,Full game role,Underdog,7-4-0,63.63999999999999,11.0,5-6-0,45.45,11.0,1.95,0.41
g28,1.0,North Alabama,Arkansas,North Alabama,,Full game role,Favorite,,,,,,,,
g28,1.0,North Alabama,Arkansas,North Alabama,,Full game role,Underdog,,,,,,,,
g28,1.0,North Alabama,Arkansas,Arkansas,Ryan Silverfield,Full game role,Favorite,20-26-1,43.480000000000004,47.0,23-21-1,52.27,45.0,0.15,0.84
g28,1.0,North Alabama,Arkansas,Arkansas,Ryan Silverfield,Full game role,Underdog,11-12-0,47.83,23.0,13-10-0,56.52,23.0,-0.41,-0.74
g28,1.0,North Alabama,Arkansas,Arkansas,Ryan Silverfield,Full game role,Favorite,5-12-0,29.409999999999997,17.0,10-7-0,58.81999999999999,17.0,-3.29,2.82
g28,1.0,North Alabama,Arkansas,Arkansas,Ryan Silverfield,Full game role,Underdog,4-3-0,57.14,7.0,4-3-0,57.14,7.0,0.79,2.0
g28,1.0,North Alabama,Arkansas,Arkansas,Ryan Silverfield,Full game role,Favorite,8-11-0,42.11,19.0,9-10-0,47.370000000000005,19.0,0.47,0.13
g28,1.0,North Alabama,Arkansas,Arkansas,Ryan Silverfield,Full game role,Underdog,2-2-0,50.0,4.0,2-2-0,50.0,4.0,0.88,-1.5
g29,1.0,Bryant,Army,Bryant,,Full game role,Favorite,,,,,,,,
g29,1.0,Bryant,Army,Bryant,,Full game role,Underdog,,,,,,,,
g29,1.0,Bryant,Army,Army,Jeff Monken,Full game role,Favorite,34-42-1,44.74,77.0,33-28-2,54.1,63.0,-0.25,-0.57
g29,1.0,Bryant,Army,Army,Jeff Monken,Full game role,Underdog,36-26-2,58.06,64.0,17-26-0,39.53,43.0,3.21,0.26
g29,1.0,Bryant,Army,Army,Jeff Monken,Full game role,Favorite,12-5-0,70.59,17.0,7-10-0,41.18,17.0,3.65,-1.09
g29,1.0,Bryant,Army,Army,Jeff Monken,Full game role,Underdog,5-4-0,55.559999999999995,9.0,5-3-1,62.5,9.0,-0.28,0.5
g29,1.0,Bryant,Army,Army,Jeff Monken,Full game role,Favorite,7-8-1,46.67,16.0,10-6-0,62.5,16.0,0.47,2.53
g29,1.0,Bryant,Army,Army,Jeff Monken,Full game role,Underdog,4-5-0,44.440000000000005,9.0,5-4-0,55.559999999999995,9.0,2.56,0.44
g30,1.0,Baylor,Auburn,Baylor,Dave Aranda,Full game role,Favorite,16-18-0,47.06,34.0,17-16-1,51.519999999999996,34.0,-0.71,1.78
g30,1.0,Baylor,Auburn,Baylor,Dave Aranda,Full game role,Underdog,17-17-2,50.0,36.0,19-15-1,55.879999999999995,35.0,-0.18,3.06
g30,1.0,Baylor,Auburn,Baylor,Dave Aranda,Full game role,Favorite,2-9-0,18.18,11.0,7-4-0,63.63999999999999,11.0,-3.05,4.73
g30,1.0,Baylor,Auburn,Baylor,Dave Aranda,Full game role,Underdog,7-5-0,58.330000000000005,12.0,7-5-0,58.330000000000005,12.0,1.0,3.62
g30,1.0,Baylor,Auburn,Baylor,Dave Aranda,Full game role,Favorite,4-9-0,30.769999999999996,13.0,5-8-0,38.46,13.0,-1.73,-3.58
g30,1.0,Baylor,Auburn,Baylor,Dave Aranda,Full game role,Underdog,5-4-0,55.559999999999995,9.0,6-3-0,66.67,9.0,1.17,2.5
g30,1.0,Baylor,Auburn,Auburn,Alex Golesh,Full game role,Favorite,11-8-0,57.89,19.0,12-6-0,66.67,18.0,2.18,7.89
g30,1.0,Baylor,Auburn,Auburn,Alex Golesh,Full game role,Underdog,9-7-0,56.25,16.0,8-8-0,50.0,16.0,4.59,-1.47
g30,1.0,Baylor,Auburn,Auburn,Alex Golesh,Full game role,Favorite,8-3-0,72.72999999999999,11.0,5-5-1,50.0,11.0,3.27,1.55
g30,1.0,Baylor,Auburn,Auburn,Alex Golesh,Full game role,Underdog,9-5-0,64.29,14.0,6-8-0,42.86,14.0,0.11,-2.89
g30,1.0,Baylor,Auburn,Auburn,Alex Golesh,Full game role,Favorite,8-5-0,61.53999999999999,13.0,8-5-0,61.53999999999999,13.0,2.42,4.69
g30,1.0,Baylor,Auburn,Auburn,Alex Golesh,Full game role,Underdog,5-4-0,55.559999999999995,9.0,4-5-0,44.440000000000005,9.0,0.78,1.39
g31,1.0,Utah Tech,BYU,Utah Tech,,Full game role,Favorite,,,,,,,,
g31,1.0,Utah Tech,BYU,Utah Tech,,Full game role,Underdog,,,,,,,,
g31,1.0,Utah Tech,BYU,BYU,Kalani Sitake,Full game role,Favorite,32-34-1,48.480000000000004,67.0,31-30-0,50.82,61.0,0.7,-0.51
g31,1.0,Utah Tech,BYU,BYU,Kalani Sitake,Full game role,Underdog,30-20-0,60.0,50.0,20-23-0,46.51,43.0,2.63,-0.55
g31,1.0,Utah Tech,BYU,BYU,Kalani Sitake,Full game role,Favorite,8-3-0,72.72999999999999,11.0,7-4-0,63.63999999999999,11.0,1.59,2.27
g31,1.0,Utah Tech,BYU,BYU,Kalani Sitake,Full game role,Underdog,7-5-0,58.330000000000005,12.0,6-6-0,50.0,12.0,3.42,0.96
g31,1.0,Utah Tech,BYU,BYU,Kalani Sitake,Full game role,Favorite,9-5-0,64.29,14.0,8-6-0,57.14,14.0,2.46,1.18
g31,1.0,Utah Tech,BYU,BYU,Kalani Sitake,Full game role,Underdog,5-3-0,62.5,8.0,1-6-1,14.29,8.0,4.0,-3.44
g32,1.0,Tarleton State,Bowling Green,Tarleton State,,Full game role,Favorite,,,,,,,,
g32,1.0,Tarleton State,Bowling Green,Tarleton State,,Full game role,Underdog,,,,,,,,
g32,1.0,Tarleton State,Bowling Green,Bowling Green,Eddie George,Full game role,Favorite,1-5-0,16.669999999999998,6.0,1-5-0,16.669999999999998,6.0,-8.75,-7.42
g32,1.0,Tarleton State,Bowling Green,Bowling Green,Eddie George,Full game role,Underdog,4-2-0,66.67,6.0,4-2-0,66.67,6.0,5.33,1.33
g32,1.0,Tarleton State,Bowling Green,Bowling Green,Eddie George,Full game role,Favorite,3-3-0,50.0,6.0,3-2-1,60.0,6.0,-4.83,1.0
g32,1.0,Tarleton State,Bowling Green,Bowling Green,Eddie George,Full game role,Underdog,2-3-0,40.0,5.0,2-2-1,50.0,5.0,-2.3,2.0
g32,1.0,Tarleton State,Bowling Green,Bowling Green,Eddie George,Full game role,Favorite,1-4-0,20.0,5.0,1-4-0,20.0,5.0,-6.0,-5.0
g32,1.0,Tarleton State,Bowling Green,Bowling Green,Eddie George,Full game role,Underdog,4-2-0,66.67,6.0,5-1-0,83.33,6.0,6.25,3.5
g33,1.0,UCLA,California,UCLA,Bob Chesney,Full game role,Favorite,12-11-0,52.17,23.0,9-14-0,39.129999999999995,23.0,3.7,-0.74
g33,1.0,UCLA,California,UCLA,Bob Chesney,Full game role,Underdog,2-0-0,100.0,2.0,1-1-0,50.0,2.0,16.0,28.25
g33,1.0,UCLA,California,UCLA,Bob Chesney,Full game role,Favorite,8-13-0,38.1,21.0,11-10-0,52.38,21.0,-3.21,2.29
g33,1.0,UCLA,California,UCLA,Bob Chesney,Full game role,Underdog,2-1-0,66.67,3.0,2-1-0,66.67,3.0,10.83,16.67
g33,1.0,UCLA,California,UCLA,Bob Chesney,Full game role,Favorite,12-6-0,66.67,18.0,6-12-0,33.33,18.0,8.39,-0.28
g33,1.0,UCLA,California,UCLA,Bob Chesney,Full game role,Underdog,2-4-0,33.33,6.0,4-2-0,66.67,6.0,-1.08,9.08
g33,1.0,UCLA,California,California,Tosh Lupoi,Full game role,Favorite,,,,,,,,
g33,1.0,UCLA,California,California,Tosh Lupoi,Full game role,Underdog,,,,,,,,
g34,1.0,The Citadel,Charlotte,The Citadel,,Full game role,Favorite,,,,,,,,
g34,1.0,The Citadel,Charlotte,The Citadel,,Full game role,Underdog,,,,,,,,
g34,1.0,The Citadel,Charlotte,Charlotte,Tim Albin,Full game role,Favorite,14-12-0,53.849999999999994,26.0,12-13-0,48.0,25.0,0.23,-0.1
g34,1.0,The Citadel,Charlotte,Charlotte,Tim Albin,Full game role,Underdog,19-17-0,52.78,36.0,15-21-0,41.67,36.0,1.29,-4.35
g34,1.0,The Citadel,Charlotte,Charlotte,Tim Albin,Full game role,Favorite,5-4-0,55.559999999999995,9.0,5-4-0,55.559999999999995,9.0,4.67,0.83
g34,1.0,The Citadel,Charlotte,Charlotte,Tim Albin,Full game role,Underdog,5-11-0,31.25,16.0,5-10-1,33.33,16.0,-3.06,-0.91
g34,1.0,The Citadel,Charlotte,Charlotte,Tim Albin,Full game role,Favorite,4-5-0,44.440000000000005,9.0,2-7-0,22.220000000000002,9.0,0.11,-1.94
g34,1.0,The Citadel,Charlotte,Charlotte,Tim Albin,Full game role,Underdog,9-7-0,56.25,16.0,9-7-0,56.25,16.0,0.12,-1.22
g35,1.0,Boston College,Cincinnati,Boston College,Bill O'Brien,Full game role,Favorite,8-8-0,50.0,16.0,5-4-0,55.559999999999995,9.0,1.88,3.72
g35,1.0,Boston College,Cincinnati,Boston College,Bill O'Brien,Full game role,Underdog,12-8-0,60.0,20.0,10-6-0,62.5,16.0,0.68,2.16
g35,1.0,Boston College,Cincinnati,Boston College,Bill O'Brien,Full game role,Favorite,3-10-0,23.080000000000002,13.0,7-6-0,53.849999999999994,13.0,-3.5,2.65
g35,1.0,Boston College,Cincinnati,Boston College,Bill O'Brien,Full game role,Underdog,7-5-0,58.330000000000005,12.0,7-5-0,58.330000000000005,12.0,-2.21,2.08
g35,1.0,Boston College,Cincinnati,Boston College,Bill O'Brien,Full game role,Favorite,5-5-0,50.0,10.0,6-4-0,60.0,10.0,-0.6,-0.75
g35,1.0,Boston College,Cincinnati,Boston College,Bill O'Brien,Full game role,Underdog,8-6-0,57.14,14.0,8-6-0,57.14,14.0,-0.5,1.57
g35,1.0,Boston College,Cincinnati,Cincinnati,Scott Satterfield,Full game role,Favorite,47-35-3,57.32000000000001,85.0,29-31-2,48.33,62.0,3.85,-1.06
g35,1.0,Boston College,Cincinnati,Cincinnati,Scott Satterfield,Full game role,Underdog,23-32-2,41.82,57.0,21-23-1,47.73,45.0,-1.09,-0.92
g35,1.0,Boston College,Cincinnati,Cincinnati,Scott Satterfield,Full game role,Favorite,9-5-0,64.29,14.0,5-8-1,38.46,14.0,2.82,-0.64
g35,1.0,Boston College,Cincinnati,Cincinnati,Scott Satterfield,Full game role,Underdog,2-7-0,22.220000000000002,9.0,5-4-0,55.559999999999995,9.0,-3.72,-0.61
g35,1.0,Boston College,Cincinnati,Cincinnati,Scott Satterfield,Full game role,Favorite,2-9-0,18.18,11.0,4-7-0,36.36,11.0,-4.82,-4.82
g35,1.0,Boston College,Cincinnati,Cincinnati,Scott Satterfield,Full game role,Underdog,5-6-0,45.45,11.0,5-6-0,45.45,11.0,-1.32,-0.23
g36,1.0,Wyoming,Colorado State,Wyoming,Jay Sawvel,Full game role,Favorite,3-3-0,50.0,6.0,1-5-0,16.669999999999998,6.0,1.17,-14.75
g36,1.0,Wyoming,Colorado State,Wyoming,Jay Sawvel,Full game role,Underdog,7-10-1,41.18,18.0,7-11-0,38.89,18.0,-2.42,-2.61
g36,1.0,Wyoming,Colorado State,Wyoming,Jay Sawvel,Full game role,Favorite,3-3-0,50.0,6.0,3-3-0,50.0,6.0,2.25,-2.42
g36,1.0,Wyoming,Colorado State,Wyoming,Jay Sawvel,Full game role,Underdog,4-14-0,22.220000000000002,18.0,10-8-0,55.559999999999995,18.0,-3.92,-0.78
g36,1.0,Wyoming,Colorado State,Wyoming,Jay Sawvel,Full game role,Favorite,4-4-0,50.0,8.0,1-7-0,12.5,8.0,3.44,-6.69
g36,1.0,Wyoming,Colorado State,Wyoming,Jay Sawvel,Full game role,Underdog,9-6-0,60.0,15.0,4-11-0,26.669999999999998,15.0,3.2,-2.57
g36,1.0,Wyoming,Colorado State,Colorado State,Jim Mora,Full game role,Favorite,20-22-0,47.620000000000005,42.0,5-4-0,55.559999999999995,9.0,-1.13,3.06
g36,1.0,Wyoming,Colorado State,Colorado State,Jim Mora,Full game role,Underdog,4-13-1,23.53,18.0,3-1-0,75.0,4.0,-2.67,8.0
g36,1.0,Wyoming,Colorado State,Colorado State,Jim Mora,Full game role,Favorite,7-8-0,46.67,15.0,8-7-0,53.33,15.0,5.3,5.1
g36,1.0,Wyoming,Colorado State,Colorado State,Jim Mora,Full game role,Underdog,6-5-0,54.55,11.0,7-4-0,63.63999999999999,11.0,2.5,-1.23
g36,1.0,Wyoming,Colorado State,Colorado State,Jim Mora,Full game role,Favorite,6-9-1,40.0,16.0,11-4-0,73.33,15.0,-0.22,3.97
g36,1.0,Wyoming,Colorado State,Colorado State,Jim Mora,Full game role,Underdog,6-3-0,66.67,9.0,7-2-0,77.78,9.0,2.22,5.56
g37,1.0,Lafayette,Connecticut,Lafayette,,Full game role,Favorite,,,,,,,,
g37,1.0,Lafayette,Connecticut,Lafayette,,Full game role,Underdog,,,,,,,,
g37,1.0,Lafayette,Connecticut,Connecticut,Jason Candle,Full game role,Favorite,53-52-0,50.480000000000004,105.0,45-40-0,52.94,85.0,0.27,0.41
g37,1.0,Lafayette,Connecticut,Connecticut,Jason Candle,Full game role,Underdog,12-11-0,52.17,23.0,11-6-1,64.71000000000001,18.0,1.8,5.78
g37,1.0,Lafayette,Connecticut,Connecticut,Jason Candle,Full game role,Favorite,9-11-0,45.0,20.0,12-8-0,60.0,20.0,1.05,-0.12
g37,1.0,Lafayette,Connecticut,Connecticut,Jason Candle,Full game role,Underdog,3-1-0,75.0,4.0,1-3-0,25.0,4.0,8.5,-5.75
g37,1.0,Lafayette,Connecticut,Connecticut,Jason Candle,Full game role,Favorite,5-12-0,29.409999999999997,17.0,10-6-1,62.5,17.0,-2.44,-0.82
g37,1.0,Lafayette,Connecticut,Connecticut,Jason Candle,Full game role,Underdog,4-2-0,66.67,6.0,5-1-0,83.33,6.0,1.58,7.92
g38,1.0,Tulane,Duke,Tulane,Will Hall,Full game role,Favorite,8-4-0,66.67,12.0,5-7-0,41.67,12.0,1.88,-3.12
g38,1.0,Tulane,Duke,Tulane,Will Hall,Full game role,Underdog,13-23-0,36.11,36.0,19-16-0,54.290000000000006,35.0,-5.14,1.63
g38,1.0,Tulane,Duke,Tulane,Will Hall,Full game role,Favorite,0-1-0,0.0,1.0,0-1-0,0.0,1.0,-3.5,-3.5
g38,1.0,Tulane,Duke,Tulane,Will Hall,Full game role,Underdog,4-6-0,40.0,10.0,4-6-0,40.0,10.0,-0.5,2.15
g38,1.0,Tulane,Duke,Tulane,Will Hall,Full game role,Favorite,1-0-0,100.0,1.0,0-1-0,0.0,1.0,11.0,-3.0
g38,1.0,Tulane,Duke,Tulane,Will Hall,Full game role,Underdog,5-5-0,50.0,10.0,2-8-0,20.0,10.0,-4.2,-2.5
g38,1.0,Tulane,Duke,Duke,Manny Diaz,Full game role,Favorite,18-20-1,47.370000000000005,39.0,20-18-1,52.629999999999995,39.0,-0.95,2.05
g38,1.0,Tulane,Duke,Duke,Manny Diaz,Full game role,Underdog,14-5-1,73.68,20.0,10-10-0,50.0,20.0,2.92,2.92
g38,1.0,Tulane,Duke,Duke,Manny Diaz,Full game role,Favorite,7-8-0,46.67,15.0,8-7-0,53.33,15.0,-0.67,1.03
g38,1.0,Tulane,Duke,Duke,Manny Diaz,Full game role,Underdog,4-6-0,40.0,10.0,6-3-1,66.67,10.0,-1.0,2.35
g38,1.0,Tulane,Duke,Duke,Manny Diaz,Full game role,Favorite,6-8-0,42.86,14.0,8-6-0,57.14,14.0,0.36,-0.68
g38,1.0,Tulane,Duke,Duke,Manny Diaz,Full game role,Underdog,8-3-0,72.72999999999999,11.0,6-5-0,54.55,11.0,3.09,3.23
g39,1.0,Florida Atlantic,Florida,Florida Atlantic,Zach Kittley,Full game role,Favorite,3-0-0,100.0,3.0,3-0-0,100.0,3.0,17.0,13.0
g39,1.0,Florida Atlantic,Florida,Florida Atlantic,Zach Kittley,Full game role,Underdog,4-5-0,44.440000000000005,9.0,4-5-0,44.440000000000005,9.0,-6.78,1.72
g39,1.0,Florida Atlantic,Florida,Florida Atlantic,Zach Kittley,Full game role,Favorite,2-2-0,50.0,4.0,2-2-0,50.0,4.0,4.75,3.12
g39,1.0,Florida Atlantic,Florida,Florida Atlantic,Zach Kittley,Full game role,Underdog,3-5-0,37.5,8.0,5-3-0,62.5,8.0,-2.62,2.62
g39,1.0,Florida Atlantic,Florida,Florida Atlantic,Zach Kittley,Full game role,Favorite,0-2-0,0.0,2.0,2-0-0,100.0,2.0,-3.5,7.0
g39,1.0,Florida Atlantic,Florida,Florida Atlantic,Zach Kittley,Full game role,Underdog,4-5-0,44.440000000000005,9.0,3-5-1,37.5,9.0,-4.17,-3.72
g39,1.0,Florida Atlantic,Florida,Florida,Jon Sumrall,Full game role,Favorite,24-15-1,61.53999999999999,40.0,16-21-0,43.24,37.0,4.0,-0.24
g39,1.0,Florida Atlantic,Florida,Florida,Jon Sumrall,Full game role,Underdog,9-3-0,75.0,12.0,6-6-0,50.0,12.0,4.58,-4.96
g39,1.0,Florida Atlantic,Florida,Florida,Jon Sumrall,Full game role,Favorite,15-5-0,75.0,20.0,9-11-0,45.0,20.0,2.75,-0.1
g39,1.0,Florida Atlantic,Florida,Florida,Jon Sumrall,Full game role,Underdog,4-4-0,50.0,8.0,5-3-0,62.5,8.0,2.31,2.75
g39,1.0,Florida Atlantic,Florida,Florida,Jon Sumrall,Full game role,Favorite,8-12-0,40.0,20.0,10-10-0,50.0,20.0,-2.95,-1.32
g39,1.0,Florida Atlantic,Florida,Florida,Jon Sumrall,Full game role,Underdog,3-5-0,37.5,8.0,6-2-0,75.0,8.0,-3.62,4.12
g40,1.0,Tennessee State,Georgia,Tennessee State,,Full game role,Favorite,,,,,,,,
g40,1.0,Tennessee State,Georgia,Tennessee State,,Full game role,Underdog,,,,,,,,
g40,1.0,Tennessee State,Georgia,Georgia,Kirby Smart,Full game role,Favorite,56-57-1,49.559999999999995,114.0,46-55-0,45.540000000000006,101.0,0.23,-0.22
g40,1.0,Tennessee State,Georgia,Georgia,Kirby Smart,Full game role,Underdog,6-5-0,54.55,11.0,2-5-0,28.57,7.0,-0.27,-11.43
g40,1.0,Tennessee State,Georgia,Georgia,Kirby Smart,Full game role,Favorite,4-7-0,36.36,11.0,4-6-1,40.0,11.0,-2.64,-2.05
g40,1.0,Tennessee State,Georgia,Georgia,Kirby Smart,Full game role,Underdog,1-4-0,20.0,5.0,2-3-0,40.0,5.0,2.5,-4.5
g40,1.0,Tennessee State,Georgia,Georgia,Kirby Smart,Full game role,Favorite,5-5-0,50.0,10.0,4-6-0,40.0,10.0,-1.0,0.95
g40,1.0,Tennessee State,Georgia,Georgia,Kirby Smart,Full game role,Underdog,3-3-0,50.0,6.0,3-3-0,50.0,6.0,2.67,3.5
g41,1.0,Charleston So.,Georgia Southern,Charleston So.,,Full game role,Favorite,,,,,,,,
g41,1.0,Charleston So.,Georgia Southern,Charleston So.,,Full game role,Underdog,,,,,,,,
g41,1.0,Charleston So.,Georgia Southern,Georgia Southern,Clay Helton,Full game role,Favorite,46-40-3,53.49,89.0,32-27-2,54.24,61.0,0.63,1.04
g41,1.0,Charleston So.,Georgia Southern,Georgia Southern,Clay Helton,Full game role,Underdog,20-31-1,39.22,52.0,16-23-0,41.03,39.0,-2.91,-2.18
g41,1.0,Charleston So.,Georgia Southern,Georgia Southern,Clay Helton,Full game role,Favorite,2-9-0,18.18,11.0,4-7-0,36.36,11.0,-2.41,-0.45
g41,1.0,Charleston So.,Georgia Southern,Georgia Southern,Clay Helton,Full game role,Underdog,7-6-0,53.849999999999994,13.0,7-6-0,53.849999999999994,13.0,3.77,0.73
g41,1.0,Charleston So.,Georgia Southern,Georgia Southern,Clay Helton,Full game role,Favorite,6-1-0,85.71,7.0,5-2-0,71.43,7.0,4.21,0.29
g41,1.0,Charleston So.,Georgia Southern,Georgia Southern,Clay Helton,Full game role,Underdog,11-6-0,64.71000000000001,17.0,6-11-0,35.29,17.0,-0.5,-3.18
g43,1.0,Oregon State,Houston,Oregon State,JaMarcus Shephard,Full game role,Favorite,,,,,,,,
g43,1.0,Oregon State,Houston,Oregon State,JaMarcus Shephard,Full game role,Underdog,,,,,,,,
g43,1.0,Oregon State,Houston,Houston,Willie Fritz,Full game role,Favorite,50-29-0,63.29,79.0,26-31-0,45.61,57.0,2.94,0.7
g43,1.0,Oregon State,Houston,Houston,Willie Fritz,Full game role,Underdog,38-28-0,57.58,66.0,19-29-0,39.58,48.0,2.1,-3.11
g43,1.0,Oregon State,Houston,Houston,Willie Fritz,Full game role,Favorite,6-6-0,50.0,12.0,7-4-1,63.63999999999999,12.0,-0.46,4.58
g43,1.0,Oregon State,Houston,Houston,Willie Fritz,Full game role,Underdog,7-5-0,58.330000000000005,12.0,6-6-0,50.0,12.0,-0.54,-1.46
g43,1.0,Oregon State,Houston,Houston,Willie Fritz,Full game role,Favorite,6-6-0,50.0,12.0,7-5-0,58.330000000000005,12.0,0.12,1.21
g43,1.0,Oregon State,Houston,Houston,Willie Fritz,Full game role,Underdog,5-5-0,50.0,10.0,3-7-0,30.0,10.0,1.3,-5.2
g44,1.0,UAB,Illinois,UAB,Alex Mortensen,Full game role,Favorite,,,,,,,,
g44,1.0,UAB,Illinois,UAB,Alex Mortensen,Full game role,Underdog,,,,,,,,
g44,1.0,UAB,Illinois,Illinois,Bret Bielema,Full game role,Favorite,25-25-4,50.0,54.0,18-16-0,52.94,34.0,-0.31,4.06
g44,1.0,UAB,Illinois,Illinois,Bret Bielema,Full game role,Underdog,36-30-0,54.55,66.0,15-21-2,41.67,38.0,1.12,-1.46
g44,1.0,UAB,Illinois,Illinois,Bret Bielema,Full game role,Favorite,8-3-0,72.72999999999999,11.0,4-7-0,36.36,11.0,2.68,-1.95
g44,1.0,UAB,Illinois,Illinois,Bret Bielema,Full game role,Underdog,7-7-0,50.0,14.0,7-7-0,50.0,14.0,-0.36,0.18
g44,1.0,UAB,Illinois,Illinois,Bret Bielema,Full game role,Favorite,9-5-0,64.29,14.0,8-6-0,57.14,14.0,1.5,0.21
g44,1.0,UAB,Illinois,Illinois,Bret Bielema,Full game role,Underdog,7-4-0,63.63999999999999,11.0,7-4-0,63.63999999999999,11.0,2.27,4.14
g45,1.0,North Texas,Indiana,North Texas,Neal Brown,Full game role,Favorite,30-25-3,54.55,58.0,25-16-0,60.980000000000004,41.0,1.59,1.5
g45,1.0,North Texas,Indiana,North Texas,Neal Brown,Full game role,Underdog,30-26-3,53.56999999999999,59.0,19-30-1,38.78,50.0,0.54,-2.01
g45,1.0,North Texas,Indiana,North Texas,Neal Brown,Full game role,Favorite,4-3-0,57.14,7.0,5-2-0,71.43,7.0,0.5,1.93
g45,1.0,North Texas,Indiana,North Texas,Neal Brown,Full game role,Underdog,1-5-0,16.669999999999998,6.0,4-2-0,66.67,6.0,-5.83,9.25
g45,1.0,North Texas,Indiana,North Texas,Neal Brown,Full game role,Favorite,1-2-0,33.33,3.0,1-2-0,33.33,3.0,-0.5,-2.5
g45,1.0,North Texas,Indiana,North Texas,Neal Brown,Full game role,Underdog,3-7-0,30.0,10.0,5-5-0,50.0,10.0,-3.0,0.65
g45,1.0,North Texas,Indiana,Indiana,Curt Cignetti,Full game role,Favorite,29-13-0,69.05,42.0,28-12-0,70.0,40.0,10.21,6.35
g45,1.0,North Texas,Indiana,Indiana,Curt Cignetti,Full game role,Underdog,4-2-0,66.67,6.0,2-3-0,40.0,5.0,1.58,-5.9
g45,1.0,North Texas,Indiana,Indiana,Curt Cignetti,Full game role,Favorite,17-8-0,68.0,25.0,13-12-0,52.0,25.0,4.26,1.8
g45,1.0,North Texas,Indiana,Indiana,Curt Cignetti,Full game role,Underdog,1-3-0,25.0,4.0,0-4-0,0.0,4.0,-1.0,-5.62
g45,1.0,North Texas,Indiana,Indiana,Curt Cignetti,Full game role,Favorite,17-7-0,70.83,24.0,16-7-1,69.57,24.0,5.44,3.65
g45,1.0,North Texas,Indiana,Indiana,Curt Cignetti,Full game role,Underdog,5-0-0,100.0,5.0,3-2-0,60.0,5.0,6.4,2.0
g46,1.0,Northern Illinois,Iowa,Northern Illinois,Rob Harley (interim),Full game role,Favorite,,,,,,,,
g46,1.0,Northern Illinois,Iowa,Northern Illinois,Rob Harley (interim),Full game role,Underdog,,,,,,,,
g46,1.0,Northern Illinois,Iowa,Iowa,Kirk Ferentz,Full game role,Favorite,56-46-6,54.900000000000006,108.0,37-38-0,49.33,75.0,4.05,-0.41
g46,1.0,Northern Illinois,Iowa,Iowa,Kirk Ferentz,Full game role,Underdog,22-21-1,51.160000000000004,44.0,9-21-0,30.0,30.0,1.8,-4.1
g46,1.0,Northern Illinois,Iowa,Iowa,Kirk Ferentz,Full game role,Favorite,7-9-0,43.75,16.0,9-7-0,56.25,16.0,-0.09,3.03
g46,1.0,Northern Illinois,Iowa,Iowa,Kirk Ferentz,Full game role,Underdog,4-5-0,44.440000000000005,9.0,4-5-0,44.440000000000005,9.0,2.28,-1.5
g46,1.0,Northern Illinois,Iowa,Iowa,Kirk Ferentz,Full game role,Favorite,12-5-1,70.59,18.0,10-8-0,55.559999999999995,18.0,2.25,2.81
g46,1.0,Northern Illinois,Iowa,Iowa,Kirk Ferentz,Full game role,Underdog,4-3-0,57.14,7.0,2-5-0,28.57,7.0,-3.5,-1.21
g47,1.0,Southeast Missouri,Iowa State,Southeast Missouri,,Full game role,Favorite,,,,,,,,
g47,1.0,Southeast Missouri,Iowa State,Southeast Missouri,,Full game role,Underdog,,,,,,,,
g47,1.0,Southeast Missouri,Iowa State,Iowa State,Jimmy Rogers,Full game role,Favorite,3-2-0,60.0,5.0,1-4-0,20.0,5.0,5.2,-14.1
g47,1.0,Southeast Missouri,Iowa State,Iowa State,Jimmy Rogers,Full game role,Underdog,5-2-0,71.43,7.0,2-5-0,28.57,7.0,6.29,-2.93
g47,1.0,Southeast Missouri,Iowa State,Iowa State,Jimmy Rogers,Full game role,Favorite,4-1-0,80.0,5.0,0-5-0,0.0,5.0,4.1,-7.1
g47,1.0,Southeast Missouri,Iowa State,Iowa State,Jimmy Rogers,Full game role,Underdog,5-2-0,71.43,7.0,4-3-0,57.14,7.0,6.0,1.93
g47,1.0,Southeast Missouri,Iowa State,Iowa State,Jimmy Rogers,Full game role,Favorite,1-3-0,25.0,4.0,1-3-0,25.0,4.0,-1.88,-5.62
g47,1.0,Southeast Missouri,Iowa State,Iowa State,Jimmy Rogers,Full game role,Underdog,3-4-0,42.86,7.0,2-4-1,33.33,7.0,-0.21,-7.64
g48,1.0,Liberty,James Madison,Liberty,Jamey Chadwell,Full game role,Favorite,27-35-3,43.55,65.0,33-30-1,52.38,64.0,-0.99,2.01
g48,1.0,Liberty,James Madison,Liberty,Jamey Chadwell,Full game role,Underdog,17-13-0,56.67,30.0,15-14-0,51.72,29.0,1.85,3.19
g48,1.0,Liberty,James Madison,Liberty,Jamey Chadwell,Full game role,Favorite,8-8-0,50.0,16.0,7-9-0,43.75,16.0,-1.09,-2.59
g48,1.0,Liberty,James Madison,Liberty,Jamey Chadwell,Full game role,Underdog,6-2-0,75.0,8.0,4-4-0,50.0,8.0,0.5,-0.5
g48,1.0,Liberty,James Madison,Liberty,Jamey Chadwell,Full game role,Favorite,7-11-0,38.89,18.0,14-4-0,77.78,18.0,-2.06,2.33
g48,1.0,Liberty,James Madison,Liberty,Jamey Chadwell,Full game role,Underdog,1-4-0,20.0,5.0,3-2-0,60.0,5.0,-5.4,5.4
g48,1.0,Liberty,James Madison,James Madison,Billy Napier,Full game role,Favorite,23-27-0,46.0,50.0,18-32-0,36.0,50.0,-0.8,-2.82
g48,1.0,Liberty,James Madison,James Madison,Billy Napier,Full game role,Underdog,30-16-0,65.22,46.0,25-19-0,56.82000000000001,44.0,4.86,0.0
g48,1.0,Liberty,James Madison,James Madison,Billy Napier,Full game role,Favorite,7-6-0,53.849999999999994,13.0,6-7-0,46.150000000000006,13.0,-0.12,-1.12
g48,1.0,Liberty,James Madison,James Madison,Billy Napier,Full game role,Underdog,5-6-0,45.45,11.0,5-6-0,45.45,11.0,-4.77,-0.59
g48,1.0,Liberty,James Madison,James Madison,Billy Napier,Full game role,Favorite,3-5-0,37.5,8.0,5-3-0,62.5,8.0,-3.75,1.44
g48,1.0,Liberty,James Madison,James Madison,Billy Napier,Full game role,Underdog,8-7-0,53.33,15.0,7-8-0,46.67,15.0,3.27,-1.7
g49,1.0,Eastern Kentucky,Jacksonville State,Eastern Kentucky,,Full game role,Favorite,,,,,,,,
g49,1.0,Eastern Kentucky,Jacksonville State,Eastern Kentucky,,Full game role,Underdog,,,,,,,,
g50,1.0,Nicholls,Kansas State,Nicholls,,Full game role,Favorite,,,,,,,,
g50,1.0,Nicholls,Kansas State,Nicholls,,Full game role,Underdog,,,,,,,,
g50,1.0,Nicholls,Kansas State,Kansas State,Collin Klein,Full game role,Favorite,,,,,,,,
g50,1.0,Nicholls,Kansas State,Kansas State,Collin Klein,Full game role,Underdog,,,,,,,,
g51,1.0,Youngstown State,Kentucky,Youngstown State,,Full game role,Favorite,,,,,,,,
g51,1.0,Youngstown State,Kentucky,Youngstown State,,Full game role,Underdog,,,,,,,,
g51,1.0,Youngstown State,Kentucky,Kentucky,Will Stein,Full game role,Favorite,,,,,,,,
g51,1.0,Youngstown State,Kentucky,Kentucky,Will Stein,Full game role,Underdog,,,,,,,,
g52,1.0,Clemson,LSU,Clemson,Dabo Swinney,Full game role,Favorite,77-70-3,52.38,150.0,45-57-2,44.12,104.0,1.44,-0.38
g52,1.0,Clemson,LSU,Clemson,Dabo Swinney,Full game role,Underdog,5-6-0,45.45,11.0,3-4-1,42.86,8.0,-3.18,-0.19
g52,1.0,Clemson,LSU,Clemson,Dabo Swinney,Full game role,Favorite,9-10-0,47.370000000000005,19.0,9-10-0,47.370000000000005,19.0,1.87,4.37
g52,1.0,Clemson,LSU,Clemson,Dabo Swinney,Full game role,Underdog,5-2-0,71.43,7.0,4-3-0,57.14,7.0,3.5,1.5
g52,1.0,Clemson,LSU,Clemson,Dabo Swinney,Full game role,Favorite,5-12-1,29.409999999999997,18.0,8-9-1,47.06,18.0,-4.22,-0.89
g52,1.0,Clemson,LSU,Clemson,Dabo Swinney,Full game role,Underdog,6-1-0,85.71,7.0,4-3-0,57.14,7.0,3.29,0.0
g52,1.0,Clemson,LSU,LSU,Lane Kiffin,Full game role,Favorite,48-39-3,55.169999999999995,90.0,31-48-0,39.24,79.0,2.94,-3.32
g52,1.0,Clemson,LSU,LSU,Lane Kiffin,Full game role,Underdog,14-14-0,50.0,28.0,11-11-1,50.0,23.0,1.16,2.54
g52,1.0,Clemson,LSU,LSU,Lane Kiffin,Full game role,Favorite,12-10-0,54.55,22.0,7-15-0,31.819999999999997,22.0,0.61,-0.25
g52,1.0,Clemson,LSU,LSU,Lane Kiffin,Full game role,Underdog,3-2-0,60.0,5.0,4-1-0,80.0,5.0,2.3,5.7
g52,1.0,Clemson,LSU,LSU,Lane Kiffin,Full game role,Favorite,9-13-0,40.910000000000004,22.0,8-14-0,36.36,22.0,-0.09,-2.2
g53,1.0,Lamar,Louisiana,Lamar,,Full game role,Favorite,,,,,,,,
g53,1.0,Lamar,Louisiana,Lamar,,Full game role,Underdog,,,,,,,,
g53,1.0,Lamar,Louisiana,Louisiana,Michael Desormeaux,Full game role,Favorite,16-21-1,43.24,38.0,16-21-0,43.24,37.0,-2.42,-2.41
g53,1.0,Lamar,Louisiana,Louisiana,Michael Desormeaux,Full game role,Underdog,15-7-1,68.17999999999999,23.0,13-10-0,56.52,23.0,6.74,4.24
g53,1.0,Lamar,Louisiana,Louisiana,Michael Desormeaux,Full game role,Favorite,3-4-0,42.86,7.0,7-0-0,100.0,7.0,1.36,2.79
g53,1.0,Lamar,Louisiana,Louisiana,Michael Desormeaux,Full game role,Underdog,1-3-0,25.0,4.0,2-2-0,50.0,4.0,-6.75,2.0
g53,1.0,Lamar,Louisiana,Louisiana,Michael Desormeaux,Full game role,Favorite,3-2-0,60.0,5.0,3-2-0,60.0,5.0,1.7,0.5
g53,1.0,Lamar,Louisiana,Louisiana,Michael Desormeaux,Full game role,Underdog,3-2-1,60.0,6.0,4-2-0,66.67,6.0,-0.42,2.75
g54,1.0,Northwestern State,Louisiana Tech,Northwestern State,,Full game role,Favorite,,,,,,,,
g54,1.0,Northwestern State,Louisiana Tech,Northwestern State,,Full game role,Underdog,,,,,,,,
g54,1.0,Northwestern State,Louisiana Tech,Louisiana Tech,Sonny Cumbie,Full game role,Favorite,12-14-0,46.150000000000006,26.0,11-14-0,44.0,25.0,0.92,-0.06
g54,1.0,Northwestern State,Louisiana Tech,Louisiana Tech,Sonny Cumbie,Full game role,Underdog,18-14-1,56.25,33.0,17-16-0,51.519999999999996,33.0,0.0,2.02
g54,1.0,Northwestern State,Louisiana Tech,Louisiana Tech,Sonny Cumbie,Full game role,Favorite,6-10-0,37.5,16.0,6-10-0,37.5,16.0,-2.28,-2.22
g54,1.0,Northwestern State,Louisiana Tech,Louisiana Tech,Sonny Cumbie,Full game role,Underdog,4-4-0,50.0,8.0,2-6-0,25.0,8.0,3.62,-2.31
g54,1.0,Northwestern State,Louisiana Tech,Louisiana Tech,Sonny Cumbie,Full game role,Favorite,6-10-0,37.5,16.0,7-9-0,43.75,16.0,-0.44,-0.34
g54,1.0,Northwestern State,Louisiana Tech,Louisiana Tech,Sonny Cumbie,Full game role,Underdog,4-3-0,57.14,7.0,2-5-0,28.57,7.0,2.57,-0.29
g55,1.0,Hampton,Maryland,Hampton,,Full game role,Favorite,,,,,,,,
g55,1.0,Hampton,Maryland,Hampton,,Full game role,Underdog,,,,,,,,
g55,1.0,Hampton,Maryland,Maryland,Mike Locksley,Full game role,Favorite,17-19-0,47.22,36.0,18-15-1,54.55,34.0,2.44,-1.46
g55,1.0,Hampton,Maryland,Maryland,Mike Locksley,Full game role,Underdog,15-25-1,37.5,41.0,21-20-0,51.22,41.0,-6.24,1.4
g55,1.0,Hampton,Maryland,Maryland,Mike Locksley,Full game role,Favorite,3-4-0,42.86,7.0,4-2-1,66.67,7.0,3.07,1.29
g55,1.0,Hampton,Maryland,Maryland,Mike Locksley,Full game role,Underdog,2-13-0,13.33,15.0,7-8-0,46.67,15.0,-2.0,1.13
g55,1.0,Hampton,Maryland,Maryland,Mike Locksley,Full game role,Favorite,2-5-0,28.57,7.0,3-4-0,42.86,7.0,-2.21,-3.43
g55,1.0,Hampton,Maryland,Maryland,Mike Locksley,Full game role,Underdog,5-9-1,35.709999999999994,15.0,8-7-0,53.33,15.0,-1.93,1.1
g56,1.0,Arkansas State,Memphis,Arkansas State,Butch Jones,Full game role,Favorite,24-24-1,50.0,49.0,10-10-0,50.0,20.0,-0.12,0.62
g56,1.0,Arkansas State,Memphis,Arkansas State,Butch Jones,Full game role,Underdog,37-33-0,52.86,70.0,21-29-0,42.0,50.0,-2.06,-1.01
g56,1.0,Arkansas State,Memphis,Arkansas State,Butch Jones,Full game role,Favorite,6-3-0,66.67,9.0,5-4-0,55.559999999999995,9.0,-0.17,5.0
g56,1.0,Arkansas State,Memphis,Arkansas State,Butch Jones,Full game role,Underdog,8-7-0,53.33,15.0,6-8-1,42.86,15.0,-0.57,0.1
g56,1.0,Arkansas State,Memphis,Arkansas State,Butch Jones,Full game role,Favorite,7-4-0,63.63999999999999,11.0,3-8-0,27.27,11.0,-0.23,-4.18
g56,1.0,Arkansas State,Memphis,Arkansas State,Butch Jones,Full game role,Underdog,9-4-0,69.23,13.0,7-6-0,53.849999999999994,13.0,3.88,-0.73
g57,1.0,Western Michigan,Michigan,Western Michigan,Lance Taylor,Full game role,Favorite,14-4-1,77.78,19.0,12-7-0,63.160000000000004,19.0,6.74,5.89
g57,1.0,Western Michigan,Michigan,Western Michigan,Lance Taylor,Full game role,Underdog,7-11-0,38.89,18.0,8-10-0,44.440000000000005,18.0,-3.67,-3.39
g57,1.0,Western Michigan,Michigan,Western Michigan,Lance Taylor,Full game role,Favorite,8-6-0,57.14,14.0,9-5-0,64.29,14.0,2.5,1.89
g57,1.0,Western Michigan,Michigan,Western Michigan,Lance Taylor,Full game role,Underdog,7-5-0,58.330000000000005,12.0,4-8-0,33.33,12.0,-0.04,-5.0
g57,1.0,Western Michigan,Michigan,Western Michigan,Lance Taylor,Full game role,Favorite,5-9-0,35.709999999999994,14.0,7-7-0,50.0,14.0,-0.25,-0.57
g57,1.0,Western Michigan,Michigan,Western Michigan,Lance Taylor,Full game role,Underdog,6-6-0,50.0,12.0,7-5-0,58.330000000000005,12.0,-1.08,-0.79
g57,1.0,Western Michigan,Michigan,Michigan,Kyle Whittingham,Full game role,Favorite,59-49-3,54.63,111.0,41-43-0,48.809999999999995,84.0,2.23,0.63
g57,1.0,Western Michigan,Michigan,Michigan,Kyle Whittingham,Full game role,Underdog,24-17-1,58.540000000000006,42.0,11-9-0,55.00000000000001,20.0,4.23,0.82
g57,1.0,Western Michigan,Michigan,Michigan,Kyle Whittingham,Full game role,Favorite,9-7-0,56.25,16.0,11-5-0,68.75,16.0,1.38,2.06
g57,1.0,Western Michigan,Michigan,Michigan,Kyle Whittingham,Full game role,Underdog,2-4-0,33.33,6.0,1-5-0,16.669999999999998,6.0,0.83,-6.33
g57,1.0,Western Michigan,Michigan,Michigan,Kyle Whittingham,Full game role,Favorite,9-8-0,52.94,17.0,12-5-0,70.59,17.0,0.24,2.15
g57,1.0,Western Michigan,Michigan,Michigan,Kyle Whittingham,Full game role,Underdog,1-4-0,20.0,5.0,1-4-0,20.0,5.0,0.5,2.9
g58,1.0,Toledo,Michigan State,Toledo,Mike Jacobs,Full game role,Favorite,,,,,,,,
g58,1.0,Toledo,Michigan State,Toledo,Mike Jacobs,Full game role,Underdog,,,,,,,,
g58,1.0,Toledo,Michigan State,Michigan State,Pat Fitzgerald,Full game role,Favorite,,,,,,,,
g58,1.0,Toledo,Michigan State,Michigan State,Pat Fitzgerald,Full game role,Underdog,,,,,,,,
g59,1.0,Murray State,Middle Tennessee,Murray State,,Full game role,Favorite,,,,,,,,
g59,1.0,Murray State,Middle Tennessee,Murray State,,Full game role,Underdog,,,,,,,,
g59,1.0,Murray State,Middle Tennessee,Middle Tennessee,Derek Mason,Full game role,Favorite,13-13-0,50.0,26.0,3-13-0,18.75,16.0,-5.02,-5.5
g59,1.0,Murray State,Middle Tennessee,Middle Tennessee,Derek Mason,Full game role,Underdog,35-41-2,46.050000000000004,78.0,25-26-0,49.02,51.0,-1.47,1.42
g59,1.0,Murray State,Middle Tennessee,Middle Tennessee,Derek Mason,Full game role,Favorite,1-2-0,33.33,3.0,0-3-0,0.0,3.0,-8.83,-3.67
g59,1.0,Murray State,Middle Tennessee,Middle Tennessee,Derek Mason,Full game role,Underdog,11-9-0,55.00000000000001,20.0,10-9-1,52.629999999999995,20.0,-0.78,2.55
g59,1.0,Murray State,Middle Tennessee,Middle Tennessee,Derek Mason,Full game role,Favorite,2-2-0,50.0,4.0,2-2-0,50.0,4.0,-2.5,6.0
g59,1.0,Murray State,Middle Tennessee,Middle Tennessee,Derek Mason,Full game role,Underdog,12-7-0,63.160000000000004,19.0,6-13-0,31.580000000000002,19.0,1.53,-1.92
g60,1.0,UL-Monroe,Mississippi State,UL-Monroe,Bryant Vincent,Full game role,Favorite,7-7-0,50.0,14.0,5-9-0,35.709999999999994,14.0,0.75,-3.39
g60,1.0,UL-Monroe,Mississippi State,UL-Monroe,Bryant Vincent,Full game role,Underdog,7-15-0,31.819999999999997,22.0,13-9-0,59.089999999999996,22.0,-4.2,1.68
g60,1.0,UL-Monroe,Mississippi State,UL-Monroe,Bryant Vincent,Full game role,Favorite,2-4-0,33.33,6.0,0-6-0,0.0,6.0,-5.67,-5.67
g60,1.0,UL-Monroe,Mississippi State,UL-Monroe,Bryant Vincent,Full game role,Underdog,12-6-0,66.67,18.0,10-7-1,58.81999999999999,18.0,0.25,-1.28
g60,1.0,UL-Monroe,Mississippi State,UL-Monroe,Bryant Vincent,Full game role,Favorite,2-4-0,33.33,6.0,2-3-0,40.0,5.0,1.0,-1.5
g60,1.0,UL-Monroe,Mississippi State,UL-Monroe,Bryant Vincent,Full game role,Underdog,8-10-0,44.440000000000005,18.0,12-6-0,66.67,18.0,-2.83,2.89
g60,1.0,UL-Monroe,Mississippi State,Mississippi State,Jeff Lebby,Full game role,Favorite,5-1-0,83.33,6.0,3-3-0,50.0,6.0,3.58,0.5
g60,1.0,UL-Monroe,Mississippi State,Mississippi State,Jeff Lebby,Full game role,Underdog,10-8-0,55.559999999999995,18.0,10-8-0,55.559999999999995,18.0,0.61,2.81
g60,1.0,UL-Monroe,Mississippi State,Mississippi State,Jeff Lebby,Full game role,Favorite,2-4-0,33.33,6.0,2-4-0,33.33,6.0,-6.08,0.33
g60,1.0,UL-Monroe,Mississippi State,Mississippi State,Jeff Lebby,Full game role,Underdog,9-9-0,50.0,18.0,7-11-0,38.89,18.0,1.19,-1.06
g60,1.0,UL-Monroe,Mississippi State,Mississippi State,Jeff Lebby,Full game role,Favorite,4-3-0,57.14,7.0,5-1-1,83.33,7.0,1.21,5.0
g60,1.0,UL-Monroe,Mississippi State,Mississippi State,Jeff Lebby,Full game role,Underdog,7-10-0,41.18,17.0,9-8-0,52.94,17.0,-0.41,2.76
g61,1.0,Towson,Navy,Towson,,Full game role,Favorite,,,,,,,,
g61,1.0,Towson,Navy,Towson,,Full game role,Underdog,,,,,,,,
g61,1.0,Towson,Navy,Navy,Brian Newberry,Full game role,Favorite,9-12-0,42.86,21.0,13-8-0,61.9,21.0,-1.07,-1.07
g61,1.0,Towson,Navy,Navy,Brian Newberry,Full game role,Underdog,8-7-0,53.33,15.0,6-6-1,50.0,13.0,0.77,2.58
g61,1.0,Towson,Navy,Navy,Brian Newberry,Full game role,Favorite,12-6-0,66.67,18.0,11-7-0,61.11,18.0,1.89,1.83
g61,1.0,Towson,Navy,Navy,Brian Newberry,Full game role,Underdog,2-6-0,25.0,8.0,2-5-1,28.57,8.0,-2.0,-2.69
g61,1.0,Towson,Navy,Navy,Brian Newberry,Full game role,Favorite,11-7-0,61.11,18.0,11-6-1,64.71000000000001,18.0,-0.14,2.17
g61,1.0,Towson,Navy,Navy,Brian Newberry,Full game role,Underdog,3-4-0,42.86,7.0,4-3-0,57.14,7.0,-0.71,3.64
g62,1.0,Ohio,Nebraska,Ohio,John Hauser,Full game role,Favorite,,,,,,,,
g62,1.0,Ohio,Nebraska,Ohio,John Hauser,Full game role,Underdog,,,,,,,,
g62,1.0,Ohio,Nebraska,Nebraska,Matt Rhule,Full game role,Favorite,28-28-3,50.0,59.0,20-16-0,55.559999999999995,36.0,0.86,-1.31
g62,1.0,Ohio,Nebraska,Nebraska,Matt Rhule,Full game role,Underdog,36-25-2,59.019999999999996,63.0,14-20-0,41.18,34.0,2.71,-1.35
g62,1.0,Ohio,Nebraska,Nebraska,Matt Rhule,Full game role,Favorite,13-3-0,81.25,16.0,6-9-1,40.0,16.0,5.47,-1.66
g62,1.0,Ohio,Nebraska,Nebraska,Matt Rhule,Full game role,Underdog,4-4-0,50.0,8.0,6-2-0,75.0,8.0,1.44,6.0
g62,1.0,Ohio,Nebraska,Nebraska,Matt Rhule,Full game role,Favorite,4-10-0,28.57,14.0,7-7-0,50.0,14.0,-2.86,2.54
g62,1.0,Ohio,Nebraska,Nebraska,Matt Rhule,Full game role,Underdog,3-7-0,30.0,10.0,3-7-0,30.0,10.0,-2.7,-2.65
g63,1.0,Western Kentucky,Nevada,Western Kentucky,Tyson Helton,Full game role,Favorite,29-23-0,55.769999999999996,52.0,22-28-0,44.0,50.0,1.51,-4.24
g63,1.0,Western Kentucky,Nevada,Western Kentucky,Tyson Helton,Full game role,Underdog,20-13-1,60.61,34.0,20-14-0,58.81999999999999,34.0,0.78,-1.07
g63,1.0,Western Kentucky,Nevada,Western Kentucky,Tyson Helton,Full game role,Favorite,6-4-0,60.0,10.0,2-8-0,20.0,10.0,1.7,-2.25
g63,1.0,Western Kentucky,Nevada,Western Kentucky,Tyson Helton,Full game role,Underdog,6-8-0,42.86,14.0,5-9-0,35.709999999999994,14.0,-1.68,-1.32
g63,1.0,Western Kentucky,Nevada,Western Kentucky,Tyson Helton,Full game role,Favorite,9-3-0,75.0,12.0,8-4-0,66.67,12.0,1.0,2.21
g63,1.0,Western Kentucky,Nevada,Western Kentucky,Tyson Helton,Full game role,Underdog,4-7-0,36.36,11.0,5-6-0,45.45,11.0,-1.14,-2.36
g63,1.0,Western Kentucky,Nevada,Nevada,Jeff Choate,Full game role,Favorite,1-4-0,20.0,5.0,1-4-0,20.0,5.0,-1.2,-11.4
g63,1.0,Western Kentucky,Nevada,Nevada,Jeff Choate,Full game role,Underdog,10-8-2,55.559999999999995,20.0,9-11-0,45.0,20.0,1.82,0.72
g63,1.0,Western Kentucky,Nevada,Nevada,Jeff Choate,Full game role,Favorite,5-2-0,71.43,7.0,3-4-0,42.86,7.0,1.29,-1.79
g63,1.0,Western Kentucky,Nevada,Nevada,Jeff Choate,Full game role,Underdog,8-9-0,47.06,17.0,8-8-1,50.0,17.0,-2.35,2.15
g63,1.0,Western Kentucky,Nevada,Nevada,Jeff Choate,Full game role,Favorite,3-5-0,37.5,8.0,2-6-0,25.0,8.0,-3.5,-6.0
g63,1.0,Western Kentucky,Nevada,Nevada,Jeff Choate,Full game role,Underdog,13-3-0,81.25,16.0,6-10-0,37.5,16.0,4.81,-1.19
g64,1.0,Central Michigan,New Mexico,Central Michigan,Matt Drinkall,Full game role,Favorite,5-1-0,83.33,6.0,4-2-0,66.67,6.0,5.67,1.17
g64,1.0,Central Michigan,New Mexico,Central Michigan,Matt Drinkall,Full game role,Underdog,3-3-0,50.0,6.0,3-3-0,50.0,6.0,-0.83,-2.5
g64,1.0,Central Michigan,New Mexico,Central Michigan,Matt Drinkall,Full game role,Favorite,3-1-0,75.0,4.0,3-0-1,100.0,4.0,5.0,4.62
g64,1.0,Central Michigan,New Mexico,Central Michigan,Matt Drinkall,Full game role,Underdog,4-3-0,57.14,7.0,4-3-0,57.14,7.0,2.29,-0.21
g64,1.0,Central Michigan,New Mexico,Central Michigan,Matt Drinkall,Full game role,Favorite,1-2-0,33.33,3.0,1-2-0,33.33,3.0,-1.5,-0.67
g64,1.0,Central Michigan,New Mexico,Central Michigan,Matt Drinkall,Full game role,Underdog,4-4-0,50.0,8.0,2-5-1,28.57,8.0,-1.44,-3.81
g64,1.0,Central Michigan,New Mexico,New Mexico,Jason Eck,Full game role,Favorite,3-3-0,50.0,6.0,1-5-0,16.669999999999998,6.0,-0.17,-10.92
g64,1.0,Central Michigan,New Mexico,New Mexico,Jason Eck,Full game role,Underdog,4-2-0,66.67,6.0,3-3-0,50.0,6.0,11.5,2.5
g64,1.0,Central Michigan,New Mexico,New Mexico,Jason Eck,Full game role,Favorite,2-4-0,33.33,6.0,4-2-0,66.67,6.0,-1.5,-1.33
g64,1.0,Central Michigan,New Mexico,New Mexico,Jason Eck,Full game role,Underdog,4-2-0,66.67,6.0,4-2-0,66.67,6.0,5.83,4.25
g64,1.0,Central Michigan,New Mexico,New Mexico,Jason Eck,Full game role,Favorite,2-3-0,40.0,5.0,3-2-0,60.0,5.0,-1.5,-0.1
g64,1.0,Central Michigan,New Mexico,New Mexico,Jason Eck,Full game role,Underdog,5-2-0,71.43,7.0,2-5-0,28.57,7.0,6.5,-2.21
g65,1.0,Mercyhurst,New Mexico State,Mercyhurst,,Full game role,Favorite,,,,,,,,
g65,1.0,Mercyhurst,New Mexico State,Mercyhurst,,Full game role,Underdog,,,,,,,,
g66,1.0,Fordham,North Dakota State,Fordham,,Full game role,Favorite,,,,,,,,
g66,1.0,Fordham,North Dakota State,Fordham,,Full game role,Underdog,,,,,,,,
g67,1.0,South Dakota State,Northwestern,South Dakota State,,Full game role,Favorite,,,,,,,,
g67,1.0,South Dakota State,Northwestern,South Dakota State,,Full game role,Underdog,,,,,,,,
g67,1.0,South Dakota State,Northwestern,Northwestern,David Braun,Full game role,Favorite,6-5-0,54.55,11.0,5-6-0,45.45,11.0,4.45,-3.09
g67,1.0,South Dakota State,Northwestern,Northwestern,David Braun,Full game role,Underdog,12-11-2,52.17,25.0,13-11-0,54.169999999999995,24.0,2.08,1.35
g67,1.0,South Dakota State,Northwestern,Northwestern,David Braun,Full game role,Favorite,7-4-0,63.63999999999999,11.0,5-5-1,50.0,11.0,2.0,-0.05
g67,1.0,South Dakota State,Northwestern,Northwestern,David Braun,Full game role,Underdog,8-5-0,61.53999999999999,13.0,6-7-0,46.150000000000006,13.0,-1.73,-0.19
g67,1.0,South Dakota State,Northwestern,Northwestern,David Braun,Full game role,Favorite,2-6-0,25.0,8.0,4-4-0,50.0,8.0,-0.25,2.06
g67,1.0,South Dakota State,Northwestern,Northwestern,David Braun,Full game role,Underdog,8-7-0,53.33,15.0,8-7-0,53.33,15.0,-1.23,3.37
g68,1.0,Ball State,Ohio State,Ball State,Mike Uremovich,Full game role,Favorite,2-0-0,100.0,2.0,1-1-0,50.0,2.0,1.5,-1.0
g68,1.0,Ball State,Ohio State,Ball State,Mike Uremovich,Full game role,Underdog,5-5-0,50.0,10.0,4-6-0,40.0,10.0,-1.55,-1.8
g68,1.0,Ball State,Ohio State,Ball State,Mike Uremovich,Full game role,Favorite,1-0-0,100.0,1.0,1-0-0,100.0,1.0,0.5,7.5
g68,1.0,Ball State,Ohio State,Ball State,Mike Uremovich,Full game role,Underdog,3-7-0,30.0,10.0,3-7-0,30.0,10.0,-3.65,-1.55
g68,1.0,Ball State,Ohio State,Ball State,Mike Uremovich,Full game role,Favorite,0-2-0,0.0,2.0,0-2-0,0.0,2.0,-2.0,-8.0
g68,1.0,Ball State,Ohio State,Ball State,Mike Uremovich,Full game role,Underdog,5-4-0,55.559999999999995,9.0,6-3-0,66.67,9.0,3.67,3.06
g68,1.0,Ball State,Ohio State,Ohio State,Ryan Day,Full game role,Favorite,49-38-4,56.32,91.0,41-46-3,47.13,90.0,2.43,-0.53
g68,1.0,Ball State,Ohio State,Ohio State,Ryan Day,Full game role,Underdog,1-1-0,50.0,2.0,2-0-0,100.0,2.0,12.5,28.5
g68,1.0,Ball State,Ohio State,Ohio State,Ryan Day,Full game role,Favorite,15-14-0,51.72,29.0,14-15-0,48.28,29.0,-0.21,-1.84
g68,1.0,Ball State,Ohio State,Ohio State,Ryan Day,Full game role,Underdog,1-0-0,100.0,1.0,1-0-0,100.0,1.0,4.5,4.5
g68,1.0,Ball State,Ohio State,Ohio State,Ryan Day,Full game role,Favorite,13-15-0,46.43,28.0,10-17-1,37.04,28.0,0.41,-1.09
g68,1.0,Ball State,Ohio State,Ohio State,Ryan Day,Full game role,Underdog,1-1-0,50.0,2.0,0-2-0,0.0,2.0,1.0,-8.0
g69,1.0,UTEP,Oklahoma,UTEP,Scotty Walden,Full game role,Favorite,3-7-0,30.0,10.0,6-4-0,60.0,10.0,-3.95,4.6
g69,1.0,UTEP,Oklahoma,UTEP,Scotty Walden,Full game role,Underdog,9-15-0,37.5,24.0,12-12-0,50.0,24.0,-3.04,1.6
g69,1.0,UTEP,Oklahoma,UTEP,Scotty Walden,Full game role,Favorite,2-3-0,40.0,5.0,3-2-0,60.0,5.0,-2.3,4.3
g69,1.0,UTEP,Oklahoma,UTEP,Scotty Walden,Full game role,Underdog,5-11-0,31.25,16.0,9-7-0,56.25,16.0,-1.25,0.62
g69,1.0,UTEP,Oklahoma,UTEP,Scotty Walden,Full game role,Favorite,5-2-0,71.43,7.0,4-2-1,66.67,7.0,2.79,0.79
g69,1.0,UTEP,Oklahoma,UTEP,Scotty Walden,Full game role,Underdog,5-9-0,35.709999999999994,14.0,7-7-0,50.0,14.0,-1.64,2.75
g69,1.0,UTEP,Oklahoma,Oklahoma,Brent Venables,Full game role,Favorite,18-17-1,51.43,36.0,14-20-1,41.18,35.0,0.26,-2.01
g69,1.0,UTEP,Oklahoma,Oklahoma,Brent Venables,Full game role,Underdog,6-6-0,50.0,12.0,5-7-0,41.67,12.0,-3.0,-5.83
g69,1.0,UTEP,Oklahoma,Oklahoma,Brent Venables,Full game role,Favorite,9-9-0,50.0,18.0,8-8-2,50.0,18.0,0.97,-0.67
g69,1.0,UTEP,Oklahoma,Oklahoma,Brent Venables,Full game role,Underdog,3-5-0,37.5,8.0,4-4-0,50.0,8.0,-2.0,2.25
g69,1.0,UTEP,Oklahoma,Oklahoma,Brent Venables,Full game role,Favorite,6-9-0,40.0,15.0,6-9-0,40.0,15.0,-2.2,-2.87
g69,1.0,UTEP,Oklahoma,Oklahoma,Brent Venables,Full game role,Underdog,6-5-0,54.55,11.0,4-7-0,36.36,11.0,2.09,-0.95
g70,1.0,Norfolk State,Old Dominion,Norfolk State,,Full game role,Favorite,,,,,,,,
g70,1.0,Norfolk State,Old Dominion,Norfolk State,,Full game role,Underdog,,,,,,,,
g70,1.0,Norfolk State,Old Dominion,Old Dominion,Ricky Rahne,Full game role,Favorite,9-10-0,47.370000000000005,19.0,7-11-0,38.89,18.0,3.18,-2.14
g70,1.0,Norfolk State,Old Dominion,Old Dominion,Ricky Rahne,Full game role,Underdog,25-15-0,62.5,40.0,18-21-1,46.150000000000006,40.0,4.88,-0.96
g70,1.0,Norfolk State,Old Dominion,Old Dominion,Ricky Rahne,Full game role,Favorite,10-7-0,58.81999999999999,17.0,8-9-0,47.06,17.0,0.26,-1.85
g70,1.0,Norfolk State,Old Dominion,Old Dominion,Ricky Rahne,Full game role,Underdog,7-1-0,87.5,8.0,3-5-0,37.5,8.0,4.12,4.38
g70,1.0,Norfolk State,Old Dominion,Old Dominion,Ricky Rahne,Full game role,Favorite,3-12-0,20.0,15.0,3-11-1,21.43,15.0,-3.77,-3.33
g70,1.0,Norfolk State,Old Dominion,Old Dominion,Ricky Rahne,Full game role,Underdog,4-5-0,44.440000000000005,9.0,7-2-0,77.78,9.0,-4.0,7.06
g71,1.0,Boise State,Oregon,Boise State,Spencer Danielson,Full game role,Favorite,19-11-2,63.33,32.0,17-13-0,56.67,30.0,1.73,1.3
g71,1.0,Boise State,Oregon,Boise State,Spencer Danielson,Full game role,Underdog,4-3-0,57.14,7.0,4-3-0,57.14,7.0,-2.21,-3.43
g71,1.0,Boise State,Oregon,Boise State,Spencer Danielson,Full game role,Favorite,8-12-0,40.0,20.0,10-10-0,50.0,20.0,-0.1,2.2
g71,1.0,Boise State,Oregon,Boise State,Spencer Danielson,Full game role,Underdog,2-3-0,40.0,5.0,3-2-0,60.0,5.0,-2.1,-0.2
g71,1.0,Boise State,Oregon,Boise State,Spencer Danielson,Full game role,Favorite,10-7-1,58.81999999999999,18.0,7-10-1,41.18,18.0,-0.5,-0.67
g71,1.0,Boise State,Oregon,Boise State,Spencer Danielson,Full game role,Underdog,1-6-0,14.29,7.0,1-6-0,14.29,7.0,-1.57,-6.5
g71,1.0,Boise State,Oregon,Oregon,Dan Lanning,Full game role,Favorite,30-14-0,68.17999999999999,44.0,20-22-0,47.620000000000005,42.0,5.36,1.35
g71,1.0,Boise State,Oregon,Oregon,Dan Lanning,Full game role,Underdog,2-2-1,50.0,5.0,4-1-0,80.0,5.0,-3.8,4.6
g71,1.0,Boise State,Oregon,Oregon,Dan Lanning,Full game role,Favorite,18-6-0,75.0,24.0,16-8-0,66.67,24.0,2.19,3.46
g71,1.0,Boise State,Oregon,Oregon,Dan Lanning,Full game role,Underdog,3-1-0,75.0,4.0,3-1-0,75.0,4.0,-2.5,-0.25
g71,1.0,Boise State,Oregon,Oregon,Dan Lanning,Full game role,Favorite,9-13-0,40.910000000000004,22.0,8-13-1,38.1,22.0,-0.36,-0.27
g71,1.0,Boise State,Oregon,Oregon,Dan Lanning,Full game role,Underdog,6-1-0,85.71,7.0,3-4-0,42.86,7.0,2.36,4.21
g72,1.0,Marshall,Penn State,Marshall,Tony Gibson,Full game role,Favorite,3-5-0,37.5,8.0,3-5-0,37.5,8.0,-3.56,5.25
g72,1.0,Marshall,Penn State,Marshall,Tony Gibson,Full game role,Underdog,4-0-0,100.0,4.0,3-1-0,75.0,4.0,11.88,6.75
g72,1.0,Marshall,Penn State,Marshall,Tony Gibson,Full game role,Favorite,3-4-0,42.86,7.0,5-2-0,71.43,7.0,1.29,4.36
g72,1.0,Marshall,Penn State,Marshall,Tony Gibson,Full game role,Underdog,1-3-0,25.0,4.0,2-2-0,50.0,4.0,4.38,0.25
g72,1.0,Marshall,Penn State,Marshall,Tony Gibson,Full game role,Favorite,2-5-0,28.57,7.0,3-4-0,42.86,7.0,-4.64,-1.93
g72,1.0,Marshall,Penn State,Marshall,Tony Gibson,Full game role,Underdog,4-0-0,100.0,4.0,2-2-0,50.0,4.0,7.12,3.5
g72,1.0,Marshall,Penn State,Penn State,Matt Campbell,Full game role,Favorite,52-48-0,52.0,100.0,31-39-1,44.29,71.0,1.34,0.81
g72,1.0,Marshall,Penn State,Penn State,Matt Campbell,Full game role,Underdog,32-21-2,60.38,55.0,11-23-0,32.35,34.0,3.85,-4.35
g72,1.0,Marshall,Penn State,Penn State,Matt Campbell,Full game role,Favorite,8-8-0,50.0,16.0,8-8-0,50.0,16.0,0.41,0.41
g72,1.0,Marshall,Penn State,Penn State,Matt Campbell,Full game role,Underdog,7-3-0,70.0,10.0,5-5-0,50.0,10.0,2.3,1.2
g72,1.0,Marshall,Penn State,Penn State,Matt Campbell,Full game role,Favorite,12-7-0,63.160000000000004,19.0,11-7-1,61.11,19.0,2.58,0.5
g72,1.0,Marshall,Penn State,Penn State,Matt Campbell,Full game role,Underdog,5-2-0,71.43,7.0,5-2-0,71.43,7.0,1.71,-0.43
g73,1.0,Miami-OH,Pittsburgh,Miami-OH,Chuck Martin,Full game role,Favorite,31-30-0,50.82,61.0,21-29-2,42.0,52.0,0.02,-2.26
g73,1.0,Miami-OH,Pittsburgh,Miami-OH,Chuck Martin,Full game role,Underdog,42-34-1,55.26,77.0,24-28-0,46.150000000000006,52.0,1.23,-0.11
g73,1.0,Miami-OH,Pittsburgh,Miami-OH,Chuck Martin,Full game role,Favorite,8-4-0,66.67,12.0,7-5-0,58.330000000000005,12.0,0.92,2.25
g73,1.0,Miami-OH,Pittsburgh,Miami-OH,Chuck Martin,Full game role,Underdog,6-5-0,54.55,11.0,4-7-0,36.36,11.0,0.73,-3.59
g73,1.0,Miami-OH,Pittsburgh,Miami-OH,Chuck Martin,Full game role,Favorite,8-4-0,66.67,12.0,10-2-0,83.33,12.0,1.54,3.12
g73,1.0,Miami-OH,Pittsburgh,Miami-OH,Chuck Martin,Full game role,Underdog,4-7-0,36.36,11.0,3-8-0,27.27,11.0,-3.09,-1.32
g73,1.0,Miami-OH,Pittsburgh,Pittsburgh,Pat Narduzzi,Full game role,Favorite,44-32-0,57.89,76.0,33-27-2,55.00000000000001,62.0,2.94,2.89
g73,1.0,Miami-OH,Pittsburgh,Pittsburgh,Pat Narduzzi,Full game role,Underdog,26-29-2,47.27,57.0,20-25-0,44.440000000000005,45.0,-1.2,-0.33
g73,1.0,Miami-OH,Pittsburgh,Pittsburgh,Pat Narduzzi,Full game role,Favorite,9-5-0,64.29,14.0,7-7-0,50.0,14.0,4.0,1.57
g73,1.0,Miami-OH,Pittsburgh,Pittsburgh,Pat Narduzzi,Full game role,Underdog,3-8-0,27.27,11.0,7-4-0,63.63999999999999,11.0,-4.68,2.77
g73,1.0,Miami-OH,Pittsburgh,Pittsburgh,Pat Narduzzi,Full game role,Favorite,10-4-1,71.43,15.0,9-6-0,60.0,15.0,0.33,3.47
g73,1.0,Miami-OH,Pittsburgh,Pittsburgh,Pat Narduzzi,Full game role,Underdog,7-3-0,70.0,10.0,5-5-0,50.0,10.0,1.9,-0.25
g74,1.0,Indiana State,Purdue,Indiana State,,Full game role,Favorite,,,,,,,,
g74,1.0,Indiana State,Purdue,Indiana State,,Full game role,Underdog,,,,,,,,
g74,1.0,Indiana State,Purdue,Purdue,Barry Odom,Full game role,Favorite,29-24-0,54.72,53.0,21-24-0,46.67,45.0,4.19,0.42
g74,1.0,Indiana State,Purdue,Purdue,Barry Odom,Full game role,Underdog,16-17-0,48.480000000000004,33.0,11-15-0,42.309999999999995,26.0,-1.85,-2.88
g74,1.0,Indiana State,Purdue,Purdue,Barry Odom,Full game role,Favorite,7-6-0,53.849999999999994,13.0,6-7-0,46.150000000000006,13.0,3.38,-0.62
g74,1.0,Indiana State,Purdue,Purdue,Barry Odom,Full game role,Underdog,4-7-0,36.36,11.0,6-5-0,54.55,11.0,-4.27,1.86
g74,1.0,Indiana State,Purdue,Purdue,Barry Odom,Full game role,Favorite,5-8-0,38.46,13.0,4-9-0,30.769999999999996,13.0,-2.54,-3.62
g74,1.0,Indiana State,Purdue,Purdue,Barry Odom,Full game role,Underdog,5-4-0,55.559999999999995,9.0,5-4-0,55.559999999999995,9.0,1.5,-1.17
g75,1.0,HCU,Rice,HCU,,Full game role,Favorite,,,,,,,,
g75,1.0,HCU,Rice,HCU,,Full game role,Underdog,,,,,,,,
g75,1.0,HCU,Rice,Rice,Scott Abell,Full game role,Favorite,1-2-0,33.33,3.0,2-1-0,66.67,3.0,-3.17,0.83
g75,1.0,HCU,Rice,Rice,Scott Abell,Full game role,Underdog,4-5-0,44.440000000000005,9.0,5-4-0,55.559999999999995,9.0,-5.72,3.5
g75,1.0,HCU,Rice,Rice,Scott Abell,Full game role,Favorite,1-1-0,50.0,2.0,1-1-0,50.0,2.0,-0.5,2.0
g75,1.0,HCU,Rice,Rice,Scott Abell,Full game role,Favorite,3-1-0,75.0,4.0,2-2-0,50.0,4.0,2.25,-3.38
g75,1.0,HCU,Rice,Rice,Scott Abell,Full game role,Underdog,3-4-0,42.86,7.0,5-1-1,83.33,7.0,-3.43,5.43
g76,1.0,MVSU,Sacramento State,MVSU,,Full game role,Favorite,,,,,,,,
g76,1.0,MVSU,Sacramento State,MVSU,,Full game role,Underdog,,,,,,,,
g77,1.0,Portland State,San Diego State,Portland State,,Full game role,Favorite,,,,,,,,
g77,1.0,Portland State,San Diego State,Portland State,,Full game role,Underdog,,,,,,,,
g77,1.0,Portland State,San Diego State,San Diego State,Sean Lewis,Full game role,Favorite,21-12-0,63.63999999999999,33.0,9-23-0,28.12,32.0,5.18,-4.17
g77,1.0,Portland State,San Diego State,San Diego State,Sean Lewis,Full game role,Underdog,21-21-0,50.0,42.0,22-20-0,52.38,42.0,-1.67,1.05
g77,1.0,Portland State,San Diego State,San Diego State,Sean Lewis,Full game role,Favorite,9-5-0,64.29,14.0,7-7-0,50.0,14.0,1.86,-0.82
g77,1.0,Portland State,San Diego State,San Diego State,Sean Lewis,Full game role,Underdog,6-3-0,66.67,9.0,5-4-0,55.559999999999995,9.0,5.89,-0.17
g77,1.0,Portland State,San Diego State,San Diego State,Sean Lewis,Full game role,Favorite,6-5-1,54.55,12.0,3-9-0,25.0,12.0,-2.58,-6.04
g77,1.0,Portland State,San Diego State,San Diego State,Sean Lewis,Full game role,Underdog,6-5-0,54.55,11.0,2-9-0,18.18,11.0,-0.73,-4.32
g78,1.0,Southeastern La.,South Alabama,Southeastern La.,,Full game role,Favorite,,,,,,,,
g78,1.0,Southeastern La.,South Alabama,Southeastern La.,,Full game role,Underdog,,,,,,,,
g78,1.0,Southeastern La.,South Alabama,South Alabama,Major Applewhite,Full game role,Favorite,19-26-0,42.22,45.0,17-18-0,48.57,35.0,-3.26,1.3
g78,1.0,Southeastern La.,South Alabama,South Alabama,Major Applewhite,Full game role,Underdog,8-6-0,57.14,14.0,6-7-0,46.150000000000006,13.0,7.36,3.96
g78,1.0,Southeastern La.,South Alabama,South Alabama,Major Applewhite,Full game role,Favorite,7-8-0,46.67,15.0,7-8-0,46.67,15.0,-1.47,1.9
g78,1.0,Southeastern La.,South Alabama,South Alabama,Major Applewhite,Full game role,Underdog,3-6-0,33.33,9.0,5-4-0,55.559999999999995,9.0,-0.89,1.83
g78,1.0,Southeastern La.,South Alabama,South Alabama,Major Applewhite,Full game role,Favorite,5-9-0,35.709999999999994,14.0,6-8-0,42.86,14.0,-0.93,1.39
g78,1.0,Southeastern La.,South Alabama,South Alabama,Major Applewhite,Full game role,Underdog,4-6-0,40.0,10.0,4-6-0,40.0,10.0,3.1,0.75
g79,1.0,Kent State,South Carolina,Kent State,Mark Carney,Full game role,Favorite,1-1-0,50.0,2.0,0-2-0,0.0,2.0,16.5,-7.0
g79,1.0,Kent State,South Carolina,Kent State,Mark Carney,Full game role,Underdog,6-4-0,60.0,10.0,6-4-0,60.0,10.0,3.05,6.45
g79,1.0,Kent State,South Carolina,Kent State,Mark Carney,Full game role,Favorite,2-1-0,66.67,3.0,2-1-0,66.67,3.0,-1.83,1.33
g79,1.0,Kent State,South Carolina,Kent State,Mark Carney,Full game role,Underdog,4-3-0,57.14,7.0,4-3-0,57.14,7.0,-0.5,3.5
g79,1.0,Kent State,South Carolina,Kent State,Mark Carney,Full game role,Favorite,1-1-0,50.0,2.0,1-1-0,50.0,2.0,-1.0,-0.5
g79,1.0,Kent State,South Carolina,Kent State,Mark Carney,Full game role,Underdog,6-2-0,75.0,8.0,5-3-0,62.5,8.0,4.69,6.25
g79,1.0,Kent State,South Carolina,South Carolina,Shane Beamer,Full game role,Favorite,16-11-0,59.260000000000005,27.0,14-13-0,51.849999999999994,27.0,1.85,1.98
g79,1.0,Kent State,South Carolina,South Carolina,Shane Beamer,Full game role,Underdog,18-15-0,54.55,33.0,14-17-0,45.16,31.0,3.53,-1.65
g79,1.0,Kent State,South Carolina,South Carolina,Shane Beamer,Full game role,Favorite,6-6-0,50.0,12.0,8-4-0,66.67,12.0,1.96,3.29
g79,1.0,Kent State,South Carolina,South Carolina,Shane Beamer,Full game role,Underdog,10-3-0,76.92,13.0,5-8-0,38.46,13.0,5.42,0.77
g79,1.0,Kent State,South Carolina,South Carolina,Shane Beamer,Full game role,Favorite,6-6-0,50.0,12.0,4-7-1,36.36,12.0,-0.33,-1.58
g79,1.0,Kent State,South Carolina,South Carolina,Shane Beamer,Full game role,Underdog,6-7-0,46.150000000000006,13.0,5-8-0,38.46,13.0,-0.65,-2.69
g80,1.0,Florida International,South Florida,Florida International,Willie Simmons,Full game role,Favorite,4-1-0,80.0,5.0,2-3-0,40.0,5.0,4.2,3.9
g80,1.0,Florida International,South Florida,Florida International,Willie Simmons,Full game role,Underdog,4-3-0,57.14,7.0,4-3-0,57.14,7.0,2.86,4.5
g80,1.0,Florida International,South Florida,Florida International,Willie Simmons,Full game role,Favorite,2-2-0,50.0,4.0,4-0-0,100.0,4.0,0.5,9.75
g80,1.0,Florida International,South Florida,Florida International,Willie Simmons,Full game role,Underdog,3-4-0,42.86,7.0,5-2-0,71.43,7.0,-1.5,2.86
g80,1.0,Florida International,South Florida,Florida International,Willie Simmons,Full game role,Favorite,3-2-0,60.0,5.0,2-2-1,50.0,5.0,7.0,-0.1
g80,1.0,Florida International,South Florida,Florida International,Willie Simmons,Full game role,Underdog,2-3-0,40.0,5.0,3-2-0,60.0,5.0,1.1,6.1
g80,1.0,Florida International,South Florida,South Florida,Brian Hartline,Full game role,Favorite,,,,,,,,
g80,1.0,Florida International,South Florida,South Florida,Brian Hartline,Full game role,Underdog,,,,,,,,
g81,1.0,Alcorn State,Southern Miss,Alcorn State,,Full game role,Favorite,,,,,,,,
g81,1.0,Alcorn State,Southern Miss,Alcorn State,,Full game role,Underdog,,,,,,,,
g81,1.0,Alcorn State,Southern Miss,Southern Miss,Blake Anderson,Full game role,Favorite,,,,,,,,
g81,1.0,Alcorn State,Southern Miss,Southern Miss,Blake Anderson,Full game role,Underdog,,,,,,,,
g82,1.0,New Hampshire,Syracuse,New Hampshire,,Full game role,Favorite,,,,,,,,
g82,1.0,New Hampshire,Syracuse,New Hampshire,,Full game role,Underdog,,,,,,,,
g82,1.0,New Hampshire,Syracuse,Syracuse,Fran Brown,Full game role,Favorite,2-5-1,28.57,8.0,3-5-0,37.5,8.0,-3.12,0.06
g82,1.0,New Hampshire,Syracuse,Syracuse,Fran Brown,Full game role,Underdog,8-8-0,50.0,16.0,9-6-1,60.0,16.0,-1.75,4.25
g82,1.0,New Hampshire,Syracuse,Syracuse,Fran Brown,Full game role,Favorite,5-6-0,45.45,11.0,7-4-0,63.63999999999999,11.0,-0.59,3.68
g82,1.0,New Hampshire,Syracuse,Syracuse,Fran Brown,Full game role,Underdog,7-7-0,50.0,14.0,6-8-0,42.86,14.0,-1.75,1.89
g82,1.0,New Hampshire,Syracuse,Syracuse,Fran Brown,Full game role,Favorite,5-6-0,45.45,11.0,4-7-0,36.36,11.0,1.14,1.5
g82,1.0,New Hampshire,Syracuse,Syracuse,Fran Brown,Full game role,Underdog,5-8-0,38.46,13.0,8-5-0,61.53999999999999,13.0,-1.04,-0.15
g83,1.0,Rhode Island,Temple,Rhode Island,,Full game role,Favorite,,,,,,,,
g83,1.0,Rhode Island,Temple,Rhode Island,,Full game role,Underdog,,,,,,,,
g83,1.0,Rhode Island,Temple,Temple,K. C. Keeler,Full game role,Favorite,,,,,,,,
g83,1.0,Rhode Island,Temple,Temple,K. C. Keeler,Full game role,Underdog,,,,,,,,
g84,1.0,Furman,Tennessee,Furman,,Full game role,Favorite,,,,,,,,
g84,1.0,Furman,Tennessee,Furman,,Full game role,Underdog,,,,,,,,
g84,1.0,Furman,Tennessee,Tennessee,Josh Heupel,Full game role,Favorite,28-18-0,60.870000000000005,46.0,27-15-1,64.29,43.0,3.47,3.01
g84,1.0,Furman,Tennessee,Tennessee,Josh Heupel,Full game role,Underdog,4-10-0,28.57,14.0,8-6-0,57.14,14.0,0.25,2.07
g84,1.0,Furman,Tennessee,Tennessee,Josh Heupel,Full game role,Favorite,10-8-0,55.559999999999995,18.0,9-9-0,50.0,18.0,6.25,3.61
g84,1.0,Furman,Tennessee,Tennessee,Josh Heupel,Full game role,Underdog,6-2-0,75.0,8.0,4-4-0,50.0,8.0,2.0,1.0
g84,1.0,Furman,Tennessee,Tennessee,Josh Heupel,Full game role,Favorite,11-10-0,52.38,21.0,11-9-1,55.00000000000001,21.0,-0.81,0.52
g84,1.0,Furman,Tennessee,Tennessee,Josh Heupel,Full game role,Underdog,2-3-0,40.0,5.0,2-3-0,40.0,5.0,-3.8,2.8
g85,1.0,Texas State,Texas,Texas State,G. J. Kinne,Full game role,Favorite,,,,,,,,
g85,1.0,Texas State,Texas,Texas State,G. J. Kinne,Full game role,Underdog,,,,,,,,
g85,1.0,Texas State,Texas,Texas,Steve Sarkisian,Full game role,Favorite,40-30-0,57.14,70.0,22-29-1,43.14,52.0,3.58,0.16
g85,1.0,Texas State,Texas,Texas,Steve Sarkisian,Full game role,Underdog,5-11-0,31.25,16.0,2-8-0,20.0,10.0,-3.28,-6.25
g85,1.0,Texas State,Texas,Texas,Steve Sarkisian,Full game role,Favorite,14-8-0,63.63999999999999,22.0,14-7-1,66.67,22.0,2.23,2.43
g85,1.0,Texas State,Texas,Texas,Steve Sarkisian,Full game role,Underdog,1-5-0,16.669999999999998,6.0,1-5-0,16.669999999999998,6.0,-4.33,-6.83
g85,1.0,Texas State,Texas,Texas,Steve Sarkisian,Full game role,Favorite,7-17-0,29.17,24.0,12-12-0,50.0,24.0,-2.71,0.88
g85,1.0,Texas State,Texas,Texas,Steve Sarkisian,Full game role,Underdog,2-2-0,50.0,4.0,2-2-0,50.0,4.0,0.88,0.12
g86,1.0,Missouri State,Texas A&M,Missouri State,Casey Woods,Full game role,Favorite,,,,,,,,
g86,1.0,Missouri State,Texas A&M,Missouri State,Casey Woods,Full game role,Underdog,,,,,,,,
g86,1.0,Missouri State,Texas A&M,Texas A&M,Mike Elko,Full game role,Favorite,14-21-0,40.0,35.0,21-12-1,63.63999999999999,34.0,0.59,1.72
g86,1.0,Missouri State,Texas A&M,Texas A&M,Mike Elko,Full game role,Underdog,8-5-0,61.53999999999999,13.0,5-7-0,41.67,12.0,6.62,-3.5
g86,1.0,Missouri State,Texas A&M,Texas A&M,Mike Elko,Full game role,Favorite,8-13-0,38.1,21.0,11-10-0,52.38,21.0,0.05,-1.38
g86,1.0,Missouri State,Texas A&M,Texas A&M,Mike Elko,Full game role,Underdog,3-2-0,60.0,5.0,1-4-0,20.0,5.0,-0.4,1.8
g86,1.0,Missouri State,Texas A&M,Texas A&M,Mike Elko,Full game role,Favorite,11-11-0,50.0,22.0,16-6-0,72.72999999999999,22.0,-0.23,4.02
g86,1.0,Missouri State,Texas A&M,Texas A&M,Mike Elko,Full game role,Underdog,2-2-0,50.0,4.0,3-1-0,75.0,4.0,-4.12,-1.12
g87,1.0,Abilene Christian,Texas Tech,Abilene Christian,,Full game role,Favorite,,,,,,,,
g87,1.0,Abilene Christian,Texas Tech,Abilene Christian,,Full game role,Underdog,,,,,,,,
g87,1.0,Abilene Christian,Texas Tech,Texas Tech,Joey McGuire,Full game role,Favorite,20-11-1,64.52,32.0,18-14-0,56.25,32.0,3.7,3.83
g87,1.0,Abilene Christian,Texas Tech,Texas Tech,Joey McGuire,Full game role,Underdog,9-7-0,56.25,16.0,6-9-0,40.0,15.0,1.0,-4.37
g87,1.0,Abilene Christian,Texas Tech,Texas Tech,Joey McGuire,Full game role,Favorite,14-8-0,63.63999999999999,22.0,13-9-0,59.089999999999996,22.0,5.43,2.64
g87,1.0,Abilene Christian,Texas Tech,Texas Tech,Joey McGuire,Full game role,Underdog,2-1-0,66.67,3.0,2-1-0,66.67,3.0,4.67,3.5
g87,1.0,Abilene Christian,Texas Tech,Texas Tech,Joey McGuire,Full game role,Favorite,9-7-1,56.25,17.0,4-12-1,25.0,17.0,1.35,-1.24
g87,1.0,Abilene Christian,Texas Tech,Texas Tech,Joey McGuire,Full game role,Underdog,6-3-0,66.67,9.0,6-3-0,66.67,9.0,2.61,1.28
g88,1.0,Sam Houston,Troy,Sam Houston,Phil Longo,Full game role,Favorite,0-1-0,0.0,1.0,0-1-0,0.0,1.0,-29.5,-5.5
g88,1.0,Sam Houston,Troy,Sam Houston,Phil Longo,Full game role,Underdog,3-8-0,27.27,11.0,8-3-0,72.72999999999999,11.0,-6.18,3.77
g88,1.0,Sam Houston,Troy,Sam Houston,Phil Longo,Full game role,Favorite,0-1-0,0.0,1.0,1-0-0,100.0,1.0,-7.5,3.5
g88,1.0,Sam Houston,Troy,Sam Houston,Phil Longo,Full game role,Underdog,2-4-0,33.33,6.0,2-4-0,33.33,6.0,-4.25,-0.92
g88,1.0,Sam Houston,Troy,Sam Houston,Phil Longo,Full game role,Favorite,,,,,,,,
g88,1.0,Sam Houston,Troy,Sam Houston,Phil Longo,Full game role,Underdog,2-5-0,28.57,7.0,5-1-1,83.33,7.0,-5.0,3.57
g88,1.0,Sam Houston,Troy,Troy,Gerad Parker,Full game role,Favorite,8-3-0,72.72999999999999,11.0,5-4-0,55.559999999999995,9.0,0.5,1.11
g88,1.0,Sam Houston,Troy,Troy,Gerad Parker,Full game role,Underdog,14-12-0,53.849999999999994,26.0,6-10-0,37.5,16.0,0.02,2.06
g88,1.0,Sam Houston,Troy,Troy,Gerad Parker,Full game role,Favorite,4-5-0,44.440000000000005,9.0,3-6-0,33.33,9.0,-0.89,-3.33
g88,1.0,Sam Houston,Troy,Troy,Gerad Parker,Full game role,Underdog,7-7-0,50.0,14.0,4-10-0,28.57,14.0,2.68,-3.46
g88,1.0,Sam Houston,Troy,Troy,Gerad Parker,Full game role,Favorite,7-3-0,70.0,10.0,6-4-0,60.0,10.0,4.1,4.4
g88,1.0,Sam Houston,Troy,Troy,Gerad Parker,Full game role,Underdog,8-5-0,61.53999999999999,13.0,6-6-1,50.0,13.0,-0.65,-1.92
g89,1.0,Oklahoma State,Tulsa,Oklahoma State,Eric Morris,Full game role,Favorite,14-9-1,60.870000000000005,24.0,14-9-0,60.870000000000005,23.0,5.25,4.63
g89,1.0,Oklahoma State,Tulsa,Oklahoma State,Eric Morris,Full game role,Underdog,6-7-0,46.150000000000006,13.0,8-5-0,61.53999999999999,13.0,-3.85,5.38
g89,1.0,Oklahoma State,Tulsa,Oklahoma State,Eric Morris,Full game role,Favorite,9-7-0,56.25,16.0,12-4-0,75.0,16.0,4.16,5.84
g89,1.0,Oklahoma State,Tulsa,Oklahoma State,Eric Morris,Full game role,Underdog,2-7-0,22.220000000000002,9.0,4-5-0,44.440000000000005,9.0,-7.44,1.83
g89,1.0,Oklahoma State,Tulsa,Oklahoma State,Eric Morris,Full game role,Favorite,10-6-0,62.5,16.0,11-4-1,73.33,16.0,4.69,3.66
g89,1.0,Oklahoma State,Tulsa,Oklahoma State,Eric Morris,Full game role,Underdog,3-4-0,42.86,7.0,3-4-0,42.86,7.0,1.21,1.43
g89,1.0,Oklahoma State,Tulsa,Tulsa,Tre Lamb,Full game role,Favorite,2-2-0,50.0,4.0,0-4-0,0.0,4.0,3.0,-10.5
g89,1.0,Oklahoma State,Tulsa,Tulsa,Tre Lamb,Full game role,Underdog,4-4-0,50.0,8.0,5-3-0,62.5,8.0,-0.62,2.88
g89,1.0,Oklahoma State,Tulsa,Tulsa,Tre Lamb,Full game role,Favorite,2-0-0,100.0,2.0,0-2-0,0.0,2.0,2.5,-4.5
g89,1.0,Oklahoma State,Tulsa,Tulsa,Tre Lamb,Full game role,Underdog,3-4-0,42.86,7.0,6-1-0,85.71,7.0,-0.29,5.93
g89,1.0,Oklahoma State,Tulsa,Tulsa,Tre Lamb,Full game role,Favorite,1-2-0,33.33,3.0,2-1-0,66.67,3.0,-4.67,0.0
g89,1.0,Oklahoma State,Tulsa,Tulsa,Tre Lamb,Full game role,Underdog,2-4-0,33.33,6.0,3-3-0,50.0,6.0,0.58,-2.92
g90,1.0,Fresno State,USC,Fresno State,Matt Entz,Full game role,Favorite,4-4-0,50.0,8.0,4-4-0,50.0,8.0,2.88,1.75
g90,1.0,Fresno State,USC,Fresno State,Matt Entz,Full game role,Underdog,2-2-0,50.0,4.0,1-3-0,25.0,4.0,5.12,-7.5
g90,1.0,Fresno State,USC,Fresno State,Matt Entz,Full game role,Favorite,6-3-0,66.67,9.0,5-3-1,62.5,9.0,0.44,3.44
g90,1.0,Fresno State,USC,Fresno State,Matt Entz,Full game role,Underdog,2-2-0,50.0,4.0,2-2-0,50.0,4.0,1.0,-0.25
g90,1.0,Fresno State,USC,Fresno State,Matt Entz,Full game role,Favorite,5-3-0,62.5,8.0,3-5-0,37.5,8.0,-1.25,-2.94
g90,1.0,Fresno State,USC,Fresno State,Matt Entz,Full game role,Underdog,4-0-0,100.0,4.0,2-1-1,66.67,4.0,15.38,2.38
g91,1.0,UTRGV,UTSA,UTRGV,,Full game role,Favorite,,,,,,,,
g91,1.0,UTRGV,UTSA,UTRGV,,Full game role,Underdog,,,,,,,,
g91,1.0,UTRGV,UTSA,UTSA,Jeff Traylor,Full game role,Favorite,26-23-0,53.059999999999995,49.0,25-23-0,52.080000000000005,48.0,2.55,0.97
g91,1.0,UTRGV,UTSA,UTSA,Jeff Traylor,Full game role,Underdog,14-10-0,58.330000000000005,24.0,13-8-2,61.9,23.0,0.65,5.74
g91,1.0,UTRGV,UTSA,UTSA,Jeff Traylor,Full game role,Favorite,9-4-0,69.23,13.0,6-6-1,50.0,13.0,5.5,0.23
g91,1.0,UTRGV,UTSA,UTSA,Jeff Traylor,Full game role,Underdog,7-4-0,63.63999999999999,11.0,7-4-0,63.63999999999999,11.0,-1.14,4.86
g91,1.0,UTRGV,UTSA,UTSA,Jeff Traylor,Full game role,Favorite,6-5-0,54.55,11.0,8-3-0,72.72999999999999,11.0,2.09,3.45
g91,1.0,UTRGV,UTSA,UTSA,Jeff Traylor,Full game role,Underdog,7-4-0,63.63999999999999,11.0,9-2-0,81.82000000000001,11.0,-2.82,4.59
g92,1.0,Idaho State,Utah State,Idaho State,,Full game role,Favorite,,,,,,,,
g92,1.0,Idaho State,Utah State,Idaho State,,Full game role,Underdog,,,,,,,,
g92,1.0,Idaho State,Utah State,Utah State,Bronco Mendenhall,Full game role,Favorite,36-27-2,57.14,65.0,23-17-0,57.49999999999999,40.0,0.48,4.24
g92,1.0,Idaho State,Utah State,Utah State,Bronco Mendenhall,Full game role,Underdog,39-27-0,59.089999999999996,66.0,22-21-0,51.160000000000004,43.0,2.29,2.69
g92,1.0,Idaho State,Utah State,Utah State,Bronco Mendenhall,Full game role,Favorite,5-1-0,83.33,6.0,4-2-0,66.67,6.0,8.17,1.25
g92,1.0,Idaho State,Utah State,Utah State,Bronco Mendenhall,Full game role,Underdog,6-11-0,35.29,17.0,11-6-0,64.71000000000001,17.0,-1.56,3.56
g92,1.0,Idaho State,Utah State,Utah State,Bronco Mendenhall,Full game role,Favorite,4-9-0,30.769999999999996,13.0,4-9-0,30.769999999999996,13.0,-2.35,0.19
g92,1.0,Idaho State,Utah State,Utah State,Bronco Mendenhall,Full game role,Underdog,5-3-0,62.5,8.0,5-3-0,62.5,8.0,1.31,4.69
g93,1.0,Austin Peay,Vanderbilt,Austin Peay,,Full game role,Favorite,,,,,,,,
g93,1.0,Austin Peay,Vanderbilt,Austin Peay,,Full game role,Underdog,,,,,,,,
g93,1.0,Austin Peay,Vanderbilt,Vanderbilt,Clark Lea,Full game role,Favorite,8-9-0,47.06,17.0,13-4-0,76.47,17.0,0.5,9.85
g93,1.0,Austin Peay,Vanderbilt,Vanderbilt,Clark Lea,Full game role,Underdog,23-20-0,53.49,43.0,19-22-1,46.339999999999996,42.0,3.06,-0.35
g93,1.0,Austin Peay,Vanderbilt,Vanderbilt,Clark Lea,Full game role,Favorite,5-7-0,41.67,12.0,6-6-0,50.0,12.0,-2.29,0.21
g93,1.0,Austin Peay,Vanderbilt,Vanderbilt,Clark Lea,Full game role,Underdog,9-3-0,75.0,12.0,5-7-0,41.67,12.0,2.79,1.75
g93,1.0,Austin Peay,Vanderbilt,Vanderbilt,Clark Lea,Full game role,Favorite,8-6-0,57.14,14.0,9-5-0,64.29,14.0,4.07,6.36
g93,1.0,Austin Peay,Vanderbilt,Vanderbilt,Clark Lea,Full game role,Underdog,7-3-0,70.0,10.0,4-6-0,40.0,10.0,5.2,-0.45
g94,1.0,VMI,Virginia Tech,VMI,,Full game role,Favorite,,,,,,,,
g94,1.0,VMI,Virginia Tech,VMI,,Full game role,Underdog,,,,,,,,
g94,1.0,VMI,Virginia Tech,Virginia Tech,James Franklin,Full game role,Favorite,63-50-4,55.75,117.0,42-40-1,51.22,83.0,2.37,-0.51
g94,1.0,VMI,Virginia Tech,Virginia Tech,James Franklin,Full game role,Underdog,18-16-1,52.94,35.0,9-8-1,52.94,18.0,-0.1,0.06
g94,1.0,VMI,Virginia Tech,Virginia Tech,James Franklin,Full game role,Favorite,7-12-0,36.84,19.0,9-10-0,47.370000000000005,19.0,-0.82,-1.13
g94,1.0,VMI,Virginia Tech,Virginia Tech,James Franklin,Full game role,Underdog,4-5-0,44.440000000000005,9.0,5-4-0,55.559999999999995,9.0,-0.5,3.61
g94,1.0,VMI,Virginia Tech,Virginia Tech,James Franklin,Full game role,Favorite,10-12-0,45.45,22.0,11-11-0,50.0,22.0,-0.3,1.23
g94,1.0,VMI,Virginia Tech,Virginia Tech,James Franklin,Full game role,Underdog,3-2-0,60.0,5.0,2-3-0,40.0,5.0,1.2,0.1
g95,1.0,Washington State,Washington,Washington State,Kirby Moore,Full game role,Favorite,,,,,,,,
g95,1.0,Washington State,Washington,Washington State,Kirby Moore,Full game role,Underdog,,,,,,,,
g95,1.0,Washington State,Washington,Washington,Jedd Fisch,Full game role,Favorite,17-15-0,53.12,32.0,16-14-0,53.33,30.0,1.92,-0.03
g95,1.0,Washington State,Washington,Washington,Jedd Fisch,Full game role,Underdog,20-20-0,50.0,40.0,16-23-1,41.03,40.0,1.46,-0.6
g95,1.0,Washington State,Washington,Washington,Jedd Fisch,Full game role,Favorite,8-5-0,61.53999999999999,13.0,8-5-0,61.53999999999999,13.0,-0.5,-0.15
g95,1.0,Washington State,Washington,Washington,Jedd Fisch,Full game role,Underdog,4-7-0,36.36,11.0,4-7-0,36.36,11.0,-2.27,-1.27
g95,1.0,Washington State,Washington,Washington,Jedd Fisch,Full game role,Favorite,8-6-0,57.14,14.0,5-9-0,35.709999999999994,14.0,2.68,-1.46
g95,1.0,Washington State,Washington,Washington,Jedd Fisch,Full game role,Underdog,5-5-0,50.0,10.0,4-6-0,40.0,10.0,0.6,-2.7
g96,1.0,Coastal Carolina,West Virginia,Coastal Carolina,Ryan Beard,Full game role,Favorite,4-2-0,66.67,6.0,2-4-0,33.33,6.0,3.0,2.83
g96,1.0,Coastal Carolina,West Virginia,Coastal Carolina,Ryan Beard,Full game role,Underdog,3-3-0,50.0,6.0,2-4-0,33.33,6.0,0.58,-2.0
g96,1.0,Coastal Carolina,West Virginia,Coastal Carolina,Ryan Beard,Full game role,Favorite,3-1-0,75.0,4.0,3-1-0,75.0,4.0,2.62,1.5
g96,1.0,Coastal Carolina,West Virginia,Coastal Carolina,Ryan Beard,Full game role,Underdog,4-4-0,50.0,8.0,2-6-0,25.0,8.0,-0.75,-1.38
g96,1.0,Coastal Carolina,West Virginia,Coastal Carolina,Ryan Beard,Full game role,Favorite,0-4-0,0.0,4.0,2-2-0,50.0,4.0,-7.12,3.0
g96,1.0,Coastal Carolina,West Virginia,Coastal Carolina,Ryan Beard,Full game role,Underdog,3-4-0,42.86,7.0,5-2-0,71.43,7.0,3.71,3.0
g96,1.0,Coastal Carolina,West Virginia,West Virginia,Rich Rodriguez,Full game role,Favorite,27-19-3,58.699999999999996,49.0,15-9-0,62.5,24.0,3.14,6.65
g96,1.0,Coastal Carolina,West Virginia,West Virginia,Rich Rodriguez,Full game role,Underdog,19-29-0,39.58,48.0,12-14-0,46.150000000000006,26.0,-2.29,0.58
g96,1.0,Coastal Carolina,West Virginia,West Virginia,Rich Rodriguez,Full game role,Favorite,6-8-0,42.86,14.0,7-7-0,50.0,14.0,-0.07,1.86
g96,1.0,Coastal Carolina,West Virginia,West Virginia,Rich Rodriguez,Full game role,Underdog,5-7-0,41.67,12.0,8-4-0,66.67,12.0,-3.08,3.62
g96,1.0,Coastal Carolina,West Virginia,West Virginia,Rich Rodriguez,Full game role,Favorite,7-5-0,58.330000000000005,12.0,3-9-0,25.0,12.0,2.96,-5.54
g96,1.0,Coastal Carolina,West Virginia,West Virginia,Rich Rodriguez,Full game role,Underdog,9-5-0,64.29,14.0,7-7-0,50.0,14.0,4.14,3.0
g97,1.0,Wisconsin,Notre Dame,Wisconsin,Luke Fickell,Full game role,Favorite,36-42-1,46.150000000000006,79.0,35-42-1,45.45,78.0,-0.13,-1.13
g97,1.0,Wisconsin,Notre Dame,Wisconsin,Luke Fickell,Full game role,Underdog,18-20-0,47.370000000000005,38.0,12-26-0,31.580000000000002,38.0,-0.12,-3.8
g97,1.0,Wisconsin,Notre Dame,Wisconsin,Luke Fickell,Full game role,Favorite,5-4-0,55.559999999999995,9.0,3-5-1,37.5,9.0,-2.39,-2.89
g97,1.0,Wisconsin,Notre Dame,Wisconsin,Luke Fickell,Full game role,Underdog,8-7-0,53.33,15.0,4-11-0,26.669999999999998,15.0,-0.5,-3.27
g97,1.0,Wisconsin,Notre Dame,Wisconsin,Luke Fickell,Full game role,Favorite,4-5-0,44.440000000000005,9.0,4-5-0,44.440000000000005,9.0,2.83,-1.06
g97,1.0,Wisconsin,Notre Dame,Wisconsin,Luke Fickell,Full game role,Underdog,7-8-0,46.67,15.0,6-8-1,42.86,15.0,0.97,0.07
g97,1.0,Wisconsin,Notre Dame,Notre Dame,Marcus Freeman,Full game role,Favorite,33-18-0,64.71000000000001,51.0,28-21-1,57.14,50.0,5.84,3.91
g97,1.0,Wisconsin,Notre Dame,Notre Dame,Marcus Freeman,Full game role,Underdog,7-2-0,77.78,9.0,5-4-0,55.559999999999995,9.0,9.06,-2.44
g97,1.0,Wisconsin,Notre Dame,Notre Dame,Marcus Freeman,Full game role,Favorite,13-13-0,50.0,26.0,14-12-0,53.849999999999994,26.0,2.85,3.5
g97,1.0,Wisconsin,Notre Dame,Notre Dame,Marcus Freeman,Full game role,Underdog,0-2-0,0.0,2.0,1-1-0,50.0,2.0,-6.75,2.0
g97,1.0,Wisconsin,Notre Dame,Notre Dame,Marcus Freeman,Full game role,Favorite,14-11-0,56.00000000000001,25.0,17-7-1,70.83,25.0,1.58,0.92
g97,1.0,Wisconsin,Notre Dame,Notre Dame,Marcus Freeman,Full game role,Underdog,3-0-0,100.0,3.0,2-1-0,66.67,3.0,7.17,5.5
g98,1.0,Louisville,Ole Miss,Louisville,Jeff Brohm,Full game role,Favorite,45-43-1,51.13999999999999,89.0,33-30-1,52.38,64.0,1.87,-0.41
g98,1.0,Louisville,Ole Miss,Louisville,Jeff Brohm,Full game role,Underdog,29-21-1,57.99999999999999,51.0,16-22-1,42.11,39.0,6.25,-1.47
g98,1.0,Louisville,Ole Miss,Louisville,Jeff Brohm,Full game role,Favorite,3-13-0,18.75,16.0,7-9-0,43.75,16.0,-0.56,0.28
g98,1.0,Louisville,Ole Miss,Louisville,Jeff Brohm,Full game role,Underdog,5-3-0,62.5,8.0,5-3-0,62.5,8.0,2.38,3.19
g98,1.0,Louisville,Ole Miss,Louisville,Jeff Brohm,Full game role,Favorite,7-13-0,35.0,20.0,9-10-1,47.370000000000005,20.0,-0.35,1.75
g98,1.0,Louisville,Ole Miss,Louisville,Jeff Brohm,Full game role,Underdog,3-1-0,75.0,4.0,1-3-0,25.0,4.0,-0.62,2.62
g98,1.0,Louisville,Ole Miss,Ole Miss,Pete Golding,Full game role,Favorite,,,,,,,,
g98,1.0,Louisville,Ole Miss,Ole Miss,Pete Golding,Full game role,Underdog,,,,,,,,
g99,1.0,SMU,Florida State,SMU,Rhett Lashlee,Full game role,Favorite,19-17-0,52.78,36.0,16-19-0,45.71,35.0,4.44,1.6
g99,1.0,SMU,Florida State,SMU,Rhett Lashlee,Full game role,Underdog,6-7-0,46.150000000000006,13.0,5-8-0,38.46,13.0,0.69,0.46
g99,1.0,SMU,Florida State,SMU,Rhett Lashlee,Full game role,Favorite,10-8-0,55.559999999999995,18.0,7-11-0,38.89,18.0,-2.19,-1.11
g99,1.0,SMU,Florida State,SMU,Rhett Lashlee,Full game role,Underdog,6-2-0,75.0,8.0,3-5-0,37.5,8.0,5.88,2.69
g99,1.0,SMU,Florida State,SMU,Rhett Lashlee,Full game role,Favorite,11-9-0,55.00000000000001,20.0,10-10-0,50.0,20.0,0.42,0.95
g99,1.0,SMU,Florida State,SMU,Rhett Lashlee,Full game role,Underdog,3-1-0,75.0,4.0,3-1-0,75.0,4.0,3.5,5.12
g100,2.0,Florida A&M,Miami-FL,Florida A&M,,Full game role,Favorite,,,,,,,,
g100,2.0,Florida A&M,Miami-FL,Florida A&M,,Full game role,Underdog,,,,,,,,
g103,2.0,Villanova,Louisville,Villanova,,Full game role,Favorite,,,,,,,,
g103,2.0,Villanova,Louisville,Villanova,,Full game role,Underdog,,,,,,,,
g105,2.0,Robert Morris,Akron,Robert Morris,,Full game role,Favorite,,,,,,,,
g105,2.0,Robert Morris,Akron,Robert Morris,,Full game role,Underdog,,,,,,,,
g110,2.0,Stony Brook,Ball State,Stony Brook,,Full game role,Favorite,,,,,,,,
g110,2.0,Stony Brook,Ball State,Stony Brook,,Full game role,Underdog,,,,,,,,
g111,2.0,Prairie View A&M,Baylor,Prairie View A&M,,Full game role,Favorite,,,,,,,,
g111,2.0,Prairie View A&M,Baylor,Prairie View A&M,,Full game role,Underdog,,,,,,,,
g113,2.0,Colgate,Central Michigan,Colgate,,Full game role,Favorite,,,,,,,,
g113,2.0,Colgate,Central Michigan,Colgate,,Full game role,Underdog,,,,,,,,
g114,2.0,Western Carolina,Cincinnati,Western Carolina,,Full game role,Favorite,,,,,,,,
g114,2.0,Western Carolina,Cincinnati,Western Carolina,,Full game role,Underdog,,,,,,,,
g117,2.0,Weber State,Colorado,Weber State,,Full game role,Favorite,,,,,,,,
g117,2.0,Weber State,Colorado,Weber State,,Full game role,Underdog,,,,,,,,
g118,2.0,Southern Utah,Colorado State,Southern Utah,,Full game role,Favorite,,,,,,,,
g118,2.0,Southern Utah,Colorado State,Southern Utah,,Full game role,Underdog,,,,,,,,
g121,2.0,Campbell,Florida,Campbell,,Full game role,Favorite,,,,,,,,
g121,2.0,Campbell,Florida,Campbell,,Full game role,Underdog,,,,,,,,
g128,2.0,Southern,Houston,Southern,,Full game role,Favorite,,,,,,,,
g128,2.0,Southern,Houston,Southern,,Full game role,Underdog,,,,,,,,
g130,2.0,Howard,Indiana,Howard,,Full game role,Favorite,,,,,,,,
g130,2.0,Howard,Indiana,Howard,,Full game role,Underdog,,,,,,,,
g132,2.0,Wagner,James Madison,Wagner,,Full game role,Favorite,,,,,,,,
g132,2.0,Wagner,James Madison,Wagner,,Full game role,Underdog,,,,,,,,
g135,2.0,Wofford,Kent State,Wofford,,Full game role,Favorite,,,,,,,,
g135,2.0,Wofford,Kent State,Wofford,,Full game role,Underdog,,,,,,,,
g138,2.0,Gardner-Webb,Liberty,Gardner-Webb,,Full game role,Favorite,,,,,,,,
g138,2.0,Gardner-Webb,Liberty,Gardner-Webb,,Full game role,Underdog,,,,,,,,
g140,2.0,Sacred Heart,Massachusetts,Sacred Heart,,Full game role,Favorite,,,,,,,,
g140,2.0,Sacred Heart,Massachusetts,Sacred Heart,,Full game role,Underdog,,,,,,,,
g141,2.0,Holy Cross,Miami-OH,Holy Cross,,Full game role,Favorite,,,,,,,,
g141,2.0,Holy Cross,Miami-OH,Holy Cross,,Full game role,Underdog,,,,,,,,
g145,2.0,Lindenwood,Missouri State,Lindenwood,,Full game role,Favorite,,,,,,,,
g145,2.0,Lindenwood,Missouri State,Lindenwood,,Full game role,Underdog,,,,,,,,
g146,2.0,Richmond,NC State,Richmond,,Full game role,Favorite,,,,,,,,
g146,2.0,Richmond,NC State,Richmond,,Full game role,Underdog,,,,,,,,
g148,2.0,Montana State,Nevada,Montana State,,Full game role,Favorite,,,,,,,,
g148,2.0,Montana State,Nevada,Montana State,,Full game role,Underdog,,,,,,,,
g150,2.0,ETSU,North Carolina,ETSU,,Full game role,Favorite,,,,,,,,
g150,2.0,ETSU,North Carolina,ETSU,,Full game role,Underdog,,,,,,,,
g152,2.0,Illinois State,Northern Illinois,Illinois State,,Full game role,Favorite,,,,,,,,
g152,2.0,Illinois State,Northern Illinois,Illinois State,,Full game role,Underdog,,,,,,,,
g160,2.0,UC Davis,SMU,UC Davis,,Full game role,Favorite,,,,,,,,
g160,2.0,UC Davis,SMU,UC Davis,,Full game role,Underdog,,,,,,,,
g162,2.0,Cal Poly,San Jose State,Cal Poly,,Full game role,Favorite,,,,,,,,
g162,2.0,Cal Poly,San Jose State,Cal Poly,,Full game role,Underdog,,,,,,,,
g165,2.0,Grambling State,TCU,Grambling State,,Full game role,Favorite,,,,,,,,
g165,2.0,Grambling State,TCU,Grambling State,,Full game role,Underdog,,,,,,,,
g170,2.0,CCSU,Toledo,CCSU,,Full game role,Favorite,,,,,,,,
g170,2.0,CCSU,Toledo,CCSU,,Full game role,Underdog,,,,,,,,
g171,2.0,Alabama State,Troy,Alabama State,,Full game role,Favorite,,,,,,,,
g171,2.0,Alabama State,Troy,Alabama State,,Full game role,Underdog,,,,,,,,
g176,2.0,Texas Southern,UTEP,Texas Southern,,Full game role,Favorite,,,,,,,,
g176,2.0,Texas Southern,UTEP,Texas Southern,,Full game role,Underdog,,,,,,,,
g182,2.0,UT Martin,West Virginia,UT Martin,,Full game role,Favorite,,,,,,,,
g182,2.0,UT Martin,West Virginia,UT Martin,,Full game role,Underdog,,,,,,,,
g183,2.0,Monmouth,Western Michigan,Monmouth,,Full game role,Favorite,,,,,,,,
g183,2.0,Monmouth,Western Michigan,Monmouth,,Full game role,Underdog,,,,,,,,
g184,2.0,Western Illinois,Wisconsin,Western Illinois,,Full game role,Favorite,,,,,,,,
g184,2.0,Western Illinois,Wisconsin,Western Illinois,,Full game role,Underdog,,,,,,,,
g185,2.0,Northern Colorado,Wyoming,Northern Colorado,,Full game role,Favorite,,,,,,,,
g185,2.0,Northern Colorado,Wyoming,Northern Colorado,,Full game role,Underdog,,,,,,,,
g195,3.0,South Dakota,Boise State,South Dakota,,Full game role,Favorite,,,,,,,,
g195,3.0,South Dakota,Boise State,South Dakota,,Full game role,Underdog,,,,,,,,
g206,3.0,Mercer,Georgia Tech,Mercer,,Full game role,Favorite,,,,,,,,
g206,3.0,Mercer,Georgia Tech,Mercer,,Full game role,Underdog,,,,,,,,
g207,3.0,Southern Illinois,Illinois,Southern Illinois,,Full game role,Favorite,,,,,,,,
g207,3.0,Southern Illinois,Illinois,Southern Illinois,,Full game role,Underdog,,,,,,,,
g209,3.0,Northern Iowa,Iowa,Northern Iowa,,Full game role,Favorite,,,,,,,,
g209,3.0,Northern Iowa,Iowa,Northern Iowa,,Full game role,Underdog,,,,,,,,
g218,3.0,Stonehill,Massachusetts,Stonehill,,Full game role,Favorite,,,,,,,,
g218,3.0,Stonehill,Massachusetts,Stonehill,,Full game role,Underdog,,,,,,,,
g225,3.0,North Dakota,Nebraska,North Dakota,,Full game role,Favorite,,,,,,,,
g225,3.0,North Dakota,Nebraska,North Dakota,,Full game role,Underdog,,,,,,,,
g234,3.0,Montana,Oregon State,Montana,,Full game role,Favorite,,,,,,,,
g234,3.0,Montana,Oregon State,Montana,,Full game role,Underdog,,,,,,,,
g244,3.0,Delaware State,South Florida,Delaware State,,Full game role,Favorite,,,,,,,,
g244,3.0,Delaware State,South Florida,Delaware State,,Full game role,Underdog,,,,,,,,
g252,3.0,East Texas A&M,Tulsa,East Texas A&M,,Full game role,Favorite,,,,,,,,
g252,3.0,East Texas A&M,Tulsa,East Texas A&M,,Full game role,Underdog,,,,,,,,
g257,3.0,Eastern Washington,Washington,Eastern Washington,,Full game role,Favorite,,,,,,,,
g257,3.0,Eastern Washington,Washington,Eastern Washington,,Full game role,Underdog,,,,,,,,
g276,4.0,William & Mary,Duke,William & Mary,,Full game role,Favorite,,,,,,,,
g276,4.0,William & Mary,Duke,William & Mary,,Full game role,Underdog,,,,,,,,
g277,4.0,NC Central,East Carolina,NC Central,,Full game role,Favorite,,,,,,,,
g277,4.0,NC Central,East Carolina,NC Central,,Full game role,Underdog,,,,,,,,
g281,4.0,Central Arkansas,Florida State,Central Arkansas,,Full game role,Favorite,,,,,,,,
g281,4.0,Central Arkansas,Florida State,Central Arkansas,,Full game role,Underdog,,,,,,,,
g308,4.0,Bucknell,Pittsburgh,Bucknell,,Full game role,Favorite,,,,,,,,
g308,4.0,Bucknell,Pittsburgh,Bucknell,,Full game role,Underdog,,,,,,,,
g316,4.0,UIW,Texas State,UIW,,Full game role,Favorite,,,,,,,,
g316,4.0,UIW,Texas State,UIW,,Full game role,Underdog,,,,,,,,
g362,5.0,McNeese,LSU,McNeese,,Full game role,Favorite,,,,,,,,
g362,5.0,McNeese,LSU,McNeese,,Full game role,Underdog,,,,,,,,
g385,5.0,Samford,UAB,Samford,,Full game role,Favorite,,,,,,,,
g385,5.0,Samford,UAB,Samford,,Full game role,Underdog,,,,,,,,
g495,7.0,Elon,Stanford,Elon,,Full game role,Favorite,,,,,,,,
g495,7.0,Elon,Stanford,Elon,,Full game role,Underdog,,,,,,,,
g764,12.0,Chattanooga,Alabama,Chattanooga,,Full game role,Favorite,,,,,,,,
g764,12.0,Chattanooga,Alabama,Chattanooga,,Full game role,Underdog,,,,,,,,
g793,12.0,Tennessee Tech,Mississippi State,Tennessee Tech,,Full game role,Favorite,,,,,,,,
g793,12.0,Tennessee Tech,Mississippi State,Tennessee Tech,,Full game role,Underdog,,,,,,,,
g892,14.0,Big 12 No. 2,Big 12 No. 1,Big 12 No. 2,,Full game role,Favorite,,,,,,,,
g892,14.0,Big 12 No. 2,Big 12 No. 1,Big 12 No. 2,,Full game role,Underdog,,,,,,,,
g892,14.0,Big 12 No. 2,Big 12 No. 1,Big 12 No. 1,,Full game role,Favorite,,,,,,,,
g892,14.0,Big 12 No. 2,Big 12 No. 1,Big 12 No. 1,,Full game role,Underdog,,,,,,,,
g893,14.0,CUSA No. 2,CUSA No. 1,CUSA No. 2,,Full game role,Favorite,,,,,,,,
g893,14.0,CUSA No. 2,CUSA No. 1,CUSA No. 2,,Full game role,Underdog,,,,,,,,
g893,14.0,CUSA No. 2,CUSA No. 1,CUSA No. 1,,Full game role,Favorite,,,,,,,,
g893,14.0,CUSA No. 2,CUSA No. 1,CUSA No. 1,,Full game role,Underdog,,,,,,,,
g894,14.0,Pac-12 No. 2,Pac-12 No. 1,Pac-12 No. 2,,Full game role,Favorite,,,,,,,,
g894,14.0,Pac-12 No. 2,Pac-12 No. 1,Pac-12 No. 2,,Full game role,Underdog,,,,,,,,
g894,14.0,Pac-12 No. 2,Pac-12 No. 1,Pac-12 No. 1,,Full game role,Favorite,,,,,,,,
g894,14.0,Pac-12 No. 2,Pac-12 No. 1,Pac-12 No. 1,,Full game role,Underdog,,,,,,,,
g895,14.0,AAC No. 2,AAC No. 1,AAC No. 2,,Full game role,Favorite,,,,,,,,
g895,14.0,AAC No. 2,AAC No. 1,AAC No. 2,,Full game role,Underdog,,,,,,,,
g895,14.0,AAC No. 2,AAC No. 1,AAC No. 1,,Full game role,Favorite,,,,,,,,
g895,14.0,AAC No. 2,AAC No. 1,AAC No. 1,,Full game role,Underdog,,,,,,,,
g896,14.0,ACC No. 2,ACC No. 1,ACC No. 2,,Full game role,Favorite,,,,,,,,
g896,14.0,ACC No. 2,ACC No. 1,ACC No. 2,,Full game role,Underdog,,,,,,,,
g896,14.0,ACC No. 2,ACC No. 1,ACC No. 1,,Full game role,Favorite,,,,,,,,
g896,14.0,ACC No. 2,ACC No. 1,ACC No. 1,,Full game role,Underdog,,,,,,,,
g897,14.0,Big Ten No. 2,Big Ten No. 1,Big Ten No. 2,,Full game role,Favorite,,,,,,,,
g897,14.0,Big Ten No. 2,Big Ten No. 1,Big Ten No. 2,,Full game role,Underdog,,,,,,,,
g897,14.0,Big Ten No. 2,Big Ten No. 1,Big Ten No. 1,,Full game role,Favorite,,,,,,,,
g897,14.0,Big Ten No. 2,Big Ten No. 1,Big Ten No. 1,,Full game role,Underdog,,,,,,,,
g898,14.0,MAC No. 2,MAC No. 1,MAC No. 2,,Full game role,Favorite,,,,,,,,
g898,14.0,MAC No. 2,MAC No. 1,MAC No. 2,,Full game role,Underdog,,,,,,,,
g898,14.0,MAC No. 2,MAC No. 1,MAC No. 1,,Full game role,Favorite,,,,,,,,
g898,14.0,MAC No. 2,MAC No. 1,MAC No. 1,,Full game role,Underdog,,,,,,,,
g899,14.0,MWC No. 2,MWC No. 1,MWC No. 2,,Full game role,Favorite,,,,,,,,
g899,14.0,MWC No. 2,MWC No. 1,MWC No. 2,,Full game role,Underdog,,,,,,,,
g899,14.0,MWC No. 2,MWC No. 1,MWC No. 1,,Full game role,Favorite,,,,,,,,
g899,14.0,MWC No. 2,MWC No. 1,MWC No. 1,,Full game role,Underdog,,,,,,,,
g900,14.0,SEC No. 2,SEC No. 1,SEC No. 2,,Full game role,Favorite,,,,,,,,
g900,14.0,SEC No. 2,SEC No. 1,SEC No. 2,,Full game role,Underdog,,,,,,,,
g900,14.0,SEC No. 2,SEC No. 1,SEC No. 1,,Full game role,Favorite,,,,,,,,
g900,14.0,SEC No. 2,SEC No. 1,SEC No. 1,,Full game role,Underdog,,,,,,,,
g901,14.0,Sun Belt East,Sun Belt West,Sun Belt East,,Full game role,Favorite,,,,,,,,
g901,14.0,Sun Belt East,Sun Belt West,Sun Belt East,,Full game role,Underdog,,,,,,,,
g901,14.0,Sun Belt East,Sun Belt West,Sun Belt West,,Full game role,Favorite,,,,,,,,
g901,14.0,Sun Belt East,Sun Belt West,Sun Belt West,,Full game role,Underdog,,,,,,,,
