coach,current_team,fav_dog,period,games,ats_w,ats_l,ats_push,ats_win_pct,overs,unders,total_push,over_pct,avg_ats_margin,avg_total_margin,avg_spread,seasons,historical_teams,source
Troy Calhoun,Air Force,Favorite,Full Game,95,44,51,0,0.4632,35,36,0,0.493,-0.55,0.41,-11.81,2013-2025,Air Force,CFBD full-game lines/results
Troy Calhoun,Air Force,Underdog,Full Game,55,28,25,2,0.5283,14,17,1,0.4516,1.92,2.77,8.39,2013-2025,Air Force,CFBD full-game lines/results
Joe Moorhead,Akron,Favorite,Full Game,25,13,11,1,0.5417,13,10,0,0.5652,2.18,-0.78,-13.7,2018-2025,"Akron, Mississippi State",CFBD full-game lines/results
Joe Moorhead,Akron,Underdog,Full Game,46,24,22,0,0.5217,18,27,0,0.4,-0.58,-2.07,14.38,2018-2025,"Akron, Mississippi State",CFBD full-game lines/results
Oscar Rodriguez,Akron,Favorite,Full Game,1,1,0,0,1.0,0,1,0,0.0,7.0,-0.5,-14.0,2021-2021,Akron,CFBD full-game lines/results
Oscar Rodriguez,Akron,Underdog,Full Game,11,4,7,0,0.3636,6,5,0,0.5455,-1.95,2.68,21.41,2021-2021,Akron,CFBD full-game lines/results
Tom Arth,Akron,Favorite,Full Game,3,2,1,0,0.6667,1,2,0,0.3333,5.33,-5.33,-8.33,2019-2021,Akron,CFBD full-game lines/results
Tom Arth,Akron,Underdog,Full Game,27,6,21,0,0.2222,14,13,0,0.5185,-7.24,0.24,19.83,2019-2021,Akron,CFBD full-game lines/results
Kalen DeBoer,Alabama,Favorite,Full Game,59,31,24,4,0.5636,28,28,1,0.5,0.39,-0.59,-15.39,2020-2025,"Alabama, Fresno State, Washington",CFBD full-game lines/results
Kalen DeBoer,Alabama,Underdog,Full Game,9,7,2,0,0.7778,3,6,0,0.3333,7.5,0.28,7.39,2020-2025,"Alabama, Fresno State, Washington",CFBD full-game lines/results
Nick Saban,Alabama,Favorite,Full Game,134,74,58,2,0.5606,46,35,2,0.5679,1.49,1.63,-23.91,2013-2023,Alabama,CFBD full-game lines/results
Nick Saban,Alabama,Underdog,Full Game,3,3,0,0,1.0,1,2,0,0.3333,20.33,2.67,4.33,2015-2023,Alabama,CFBD full-game lines/results
Dowell Loggains,Appalachian State,Favorite,Full Game,7,3,4,0,0.4286,3,4,0,0.4286,-4.79,-0.86,-8.93,2025-2025,Appalachian State,CFBD full-game lines/results
Dowell Loggains,Appalachian State,Underdog,Full Game,5,3,2,0,0.6,3,2,0,0.6,-5.3,-0.7,11.3,2025-2025,Appalachian State,CFBD full-game lines/results
Mark Ivey,Appalachian State,Favorite,Full Game,11,7,3,1,0.7,4,6,1,0.4,3.55,-3.95,-20.0,2018-2018,Appalachian State,CFBD full-game lines/results
Mark Ivey,Appalachian State,Underdog,Full Game,1,1,0,0,1.0,1,0,0,1.0,18.5,29.0,25.5,2018-2018,Appalachian State,CFBD full-game lines/results
Shawn Clark,Appalachian State,Favorite,Full Game,55,19,36,0,0.3455,23,30,1,0.434,-1.63,2.48,-15.15,2019-2024,Appalachian State,CFBD full-game lines/results
Shawn Clark,Appalachian State,Underdog,Full Game,18,11,5,2,0.6875,6,11,0,0.3529,4.36,-1.06,7.19,2019-2024,Appalachian State,CFBD full-game lines/results
Brent Brennan,Arizona,Favorite,Full Game,14,7,7,0,0.5,4,10,0,0.2857,2.07,-3.75,-12.43,2024-2025,Arizona,CFBD full-game lines/results
Brent Brennan,Arizona,Underdog,Full Game,10,3,7,0,0.3,6,4,0,0.6,-10.35,0.95,5.55,2024-2025,Arizona,CFBD full-game lines/results
Kevin Sumlin,Arizona,Favorite,Full Game,48,20,27,1,0.4255,7,5,0,0.5833,-1.79,3.88,-17.42,2013-2019,"Arizona, Texas A&M",CFBD full-game lines/results
Kevin Sumlin,Arizona,Underdog,Full Game,41,15,23,3,0.3947,13,16,0,0.4483,-3.55,-0.47,8.57,2013-2020,"Arizona, Texas A&M",CFBD full-game lines/results
Herm Edwards,Arizona State,Favorite,Full Game,27,9,18,0,0.3333,13,13,1,0.5,-3.06,-0.74,-14.28,2018-2022,Arizona State,CFBD full-game lines/results
Herm Edwards,Arizona State,Underdog,Full Game,25,15,10,0,0.6,11,14,0,0.44,4.46,-3.24,8.5,2018-2022,Arizona State,CFBD full-game lines/results
Kenny Dillingham,Arizona State,Favorite,Full Game,16,10,5,1,0.6667,10,6,0,0.625,2.22,0.28,-9.41,2023-2025,Arizona State,CFBD full-game lines/results
Kenny Dillingham,Arizona State,Underdog,Full Game,21,12,9,0,0.5714,6,13,0,0.3158,1.14,-4.39,9.81,2023-2025,Arizona State,CFBD full-game lines/results
Shaun Aguano,Arizona State,Favorite,Full Game,3,1,2,0,0.3333,1,2,0,0.3333,-7.67,4.17,-19.67,2022-2022,Arizona State,CFBD full-game lines/results
Shaun Aguano,Arizona State,Underdog,Full Game,9,4,5,0,0.4444,4,5,0,0.4444,0.11,-0.83,11.22,2022-2022,Arizona State,CFBD full-game lines/results
Barry Lunney Jr.,Arkansas,Favorite,Full Game,4,1,3,0,0.25,2,2,0,0.5,-16.12,0.88,-14.88,2019-2019,Arkansas,CFBD full-game lines/results
Barry Lunney Jr.,Arkansas,Underdog,Full Game,8,3,4,1,0.4286,3,5,0,0.375,-4.19,0.38,18.31,2019-2019,Arkansas,CFBD full-game lines/results
Chad Morris,Arkansas,Favorite,Full Game,21,11,10,0,0.5238,6,9,0,0.4,-2.88,-0.83,-12.21,2015-2019,"Arkansas, SMU",CFBD full-game lines/results
Chad Morris,Arkansas,Underdog,Full Game,39,16,21,2,0.4324,9,11,0,0.45,-3.96,2.45,16.55,2015-2019,"Arkansas, SMU",CFBD full-game lines/results
Sam Pittman,Arkansas,Favorite,Full Game,28,10,17,1,0.3704,21,7,0,0.75,-3.61,0.75,-17.75,2021-2025,Arkansas,CFBD full-game lines/results
Sam Pittman,Arkansas,Underdog,Full Game,42,25,17,0,0.5952,20,21,0,0.4878,0.96,1.32,9.01,2020-2025,Arkansas,CFBD full-game lines/results
Butch Jones,Arkansas State,Favorite,Full Game,49,24,24,1,0.5,10,10,0,0.5,-0.12,0.62,-14.08,2013-2025,"Arkansas State, Tennessee",CFBD full-game lines/results
Butch Jones,Arkansas State,Underdog,Full Game,70,37,33,0,0.5286,21,29,0,0.42,-2.06,-1.01,11.89,2013-2025,"Arkansas State, Tennessee",CFBD full-game lines/results
Jeff Monken,Army,Favorite,Full Game,77,34,42,1,0.4474,33,28,2,0.541,-0.25,-0.57,-14.44,2014-2025,Army,CFBD full-game lines/results
Jeff Monken,Army,Underdog,Full Game,64,36,26,2,0.5806,17,26,0,0.3953,3.21,0.26,9.29,2014-2025,Army,CFBD full-game lines/results
Rich Ellerson,Army,Favorite,Full Game,3,1,2,0,0.3333,0,0,0,,-6.0,,-13.33,2013-2013,Army,CFBD full-game lines/results
Rich Ellerson,Army,Underdog,Full Game,9,3,6,0,0.3333,0,0,0,,-3.61,,8.39,2013-2013,Army,CFBD full-game lines/results
Bryan Harsin,Auburn,Favorite,Full Game,94,44,46,4,0.4889,24,29,0,0.4528,-0.21,0.08,-14.81,2013-2022,"Arkansas State, Auburn, Boise State",CFBD full-game lines/results
Bryan Harsin,Auburn,Underdog,Full Game,25,13,11,1,0.5417,10,9,0,0.5263,0.08,3.34,9.0,2013-2022,"Arkansas State, Auburn, Boise State",CFBD full-game lines/results
Cadillac Williams,Auburn,Favorite,Full Game,5,2,3,0,0.4,2,3,0,0.4,-0.8,-8.7,-13.6,2022-2022,Auburn,CFBD full-game lines/results
Cadillac Williams,Auburn,Underdog,Full Game,7,3,3,1,0.5,6,1,0,0.8571,-4.07,11.86,13.21,2022-2022,Auburn,CFBD full-game lines/results
Hugh Freeze,Auburn,Favorite,Full Game,81,36,43,2,0.4557,26,25,1,0.5098,-4.17,-0.39,-17.78,2013-2025,"Auburn, Liberty, Ole Miss",CFBD full-game lines/results
Hugh Freeze,Auburn,Underdog,Full Game,47,28,18,1,0.6087,11,22,0,0.3333,5.89,-4.88,8.11,2013-2025,"Auburn, Liberty, Ole Miss",CFBD full-game lines/results
Kevin Steele,Auburn,Favorite,Full Game,7,5,2,0,0.7143,1,5,0,0.1667,5.43,-3.83,-6.14,2020-2020,Auburn,CFBD full-game lines/results
Kevin Steele,Auburn,Underdog,Full Game,3,0,3,0,0.0,1,2,0,0.3333,-7.67,-6.83,12.67,2020-2020,Auburn,CFBD full-game lines/results
Kalani Sitake,BYU,Favorite,Full Game,67,32,34,1,0.4848,31,30,0,0.5082,0.7,-0.51,-13.55,2016-2025,BYU,CFBD full-game lines/results
Kalani Sitake,BYU,Underdog,Full Game,50,30,20,0,0.6,20,23,0,0.4651,2.63,-0.55,8.19,2016-2025,BYU,CFBD full-game lines/results
Colin Johnson,Ball State,Favorite,Full Game,2,1,1,0,0.5,2,0,0,1.0,2.25,19.75,-2.75,2024-2024,Ball State,CFBD full-game lines/results
Colin Johnson,Ball State,Underdog,Full Game,10,6,4,0,0.6,7,2,1,0.7778,-2.4,10.35,16.3,2024-2024,Ball State,CFBD full-game lines/results
Mike Neu,Ball State,Favorite,Full Game,35,16,19,0,0.4571,14,13,0,0.5185,1.17,3.28,-8.94,2016-2024,Ball State,CFBD full-game lines/results
Mike Neu,Ball State,Underdog,Full Game,68,36,31,1,0.5373,27,32,2,0.4576,-2.12,0.29,12.51,2016-2024,Ball State,CFBD full-game lines/results
Mike Uremovich,Ball State,Favorite,Full Game,2,2,0,0,1.0,1,1,0,0.5,1.5,-1.0,-3.0,2025-2025,Ball State,CFBD full-game lines/results
Mike Uremovich,Ball State,Underdog,Full Game,10,5,5,0,0.5,4,6,0,0.4,-1.55,-1.8,16.15,2025-2025,Ball State,CFBD full-game lines/results
Art Briles,Baylor,Favorite,Full Game,35,21,14,0,0.6,1,2,0,0.3333,3.13,-17.17,-22.39,2013-2015,Baylor,CFBD full-game lines/results
Art Briles,Baylor,Underdog,Full Game,1,1,0,0,1.0,0,0,0,,37.0,,3.0,2014-2014,Baylor,CFBD full-game lines/results
Dave Aranda,Baylor,Favorite,Full Game,34,16,18,0,0.4706,17,16,1,0.5152,-0.71,1.78,-13.26,2020-2025,Baylor,CFBD full-game lines/results
Dave Aranda,Baylor,Underdog,Full Game,36,17,17,2,0.5,19,15,1,0.5588,-0.18,3.06,6.79,2020-2025,Baylor,CFBD full-game lines/results
Jim Grobe,Baylor,Favorite,Full Game,12,4,8,0,0.3333,0,0,0,,-6.92,,-18.17,2013-2016,"Baylor, Wake Forest",CFBD full-game lines/results
Jim Grobe,Baylor,Underdog,Full Game,12,5,7,0,0.4167,0,0,0,,0.83,,13.33,2013-2016,"Baylor, Wake Forest",CFBD full-game lines/results
Andy Avalos,Boise State,Favorite,Full Game,29,15,13,1,0.5357,13,14,0,0.4815,1.93,-1.74,-11.69,2021-2023,Boise State,CFBD full-game lines/results
Andy Avalos,Boise State,Underdog,Full Game,9,6,3,0,0.6667,3,5,1,0.375,1.44,-3.17,4.89,2021-2023,Boise State,CFBD full-game lines/results
Spencer Danielson,Boise State,Favorite,Full Game,32,19,11,2,0.6333,17,13,0,0.5667,1.73,1.3,-14.52,2023-2025,Boise State,CFBD full-game lines/results
Spencer Danielson,Boise State,Underdog,Full Game,7,4,3,0,0.5714,4,3,0,0.5714,-2.21,-3.43,9.64,2023-2025,Boise State,CFBD full-game lines/results
Bill O'Brien,Boston College,Favorite,Full Game,16,8,8,0,0.5,5,4,0,0.5556,1.88,3.72,-11.81,2013-2025,"Boston College, Penn State",CFBD full-game lines/results
Bill O'Brien,Boston College,Underdog,Full Game,20,12,8,0,0.6,10,6,0,0.625,0.68,2.16,11.42,2013-2025,"Boston College, Penn State",CFBD full-game lines/results
Jeff Hafley,Boston College,Favorite,Full Game,18,6,12,0,0.3333,9,9,0,0.5,-5.17,-0.97,-12.72,2020-2023,Boston College,CFBD full-game lines/results
Jeff Hafley,Boston College,Underdog,Full Game,29,14,15,0,0.4828,13,14,1,0.4815,-0.05,-0.71,10.88,2020-2023,Boston College,CFBD full-game lines/results
Carl Pelini,Bowling Green,Favorite,Full Game,6,3,3,0,0.5,1,1,0,0.5,4.83,3.25,-13.67,2013-2018,"Bowling Green, Florida Atlantic",CFBD full-game lines/results
Carl Pelini,Bowling Green,Underdog,Full Game,18,10,8,0,0.5556,5,5,0,0.5,2.08,0.5,15.92,2013-2018,"Bowling Green, Florida Atlantic",CFBD full-game lines/results
Eddie George,Bowling Green,Favorite,Full Game,6,1,5,0,0.1667,1,5,0,0.1667,-8.75,-7.42,-8.42,2025-2025,Bowling Green,CFBD full-game lines/results
Eddie George,Bowling Green,Underdog,Full Game,6,4,2,0,0.6667,4,2,0,0.6667,5.33,1.33,12.5,2025-2025,Bowling Green,CFBD full-game lines/results
Mike Jinks,Bowling Green,Favorite,Full Game,8,1,7,0,0.125,2,1,0,0.6667,-6.12,6.17,-7.62,2016-2018,Bowling Green,CFBD full-game lines/results
Mike Jinks,Bowling Green,Underdog,Full Game,28,11,17,0,0.3929,11,9,0,0.55,-3.68,3.02,14.68,2016-2018,Bowling Green,CFBD full-game lines/results
Scot Loeffler,Bowling Green,Favorite,Full Game,20,9,11,0,0.45,8,11,0,0.4211,1.42,0.5,-10.82,2019-2024,Bowling Green,CFBD full-game lines/results
Scot Loeffler,Bowling Green,Underdog,Full Game,45,21,23,1,0.4773,22,23,0,0.4889,-0.66,0.67,17.03,2019-2024,Bowling Green,CFBD full-game lines/results
Alex Wood,Buffalo,Favorite,Full Game,6,3,3,0,0.5,0,0,0,,-4.58,,-12.75,2014-2014,Buffalo,CFBD full-game lines/results
Alex Wood,Buffalo,Underdog,Full Game,5,2,3,0,0.4,0,0,0,,-0.6,,7.6,2014-2014,Buffalo,CFBD full-game lines/results
Jeff Quinn,Buffalo,Favorite,Full Game,13,9,4,0,0.6923,0,0,0,,5.42,,-11.96,2013-2014,Buffalo,CFBD full-game lines/results
Jeff Quinn,Buffalo,Underdog,Full Game,10,4,6,0,0.4,0,1,0,0.0,-1.35,-21.0,10.25,2013-2014,Buffalo,CFBD full-game lines/results
Maurice Linguist,Buffalo,Favorite,Full Game,20,9,11,0,0.45,8,12,0,0.4,-0.75,5.7,-10.7,2021-2024,Buffalo,CFBD full-game lines/results
Maurice Linguist,Buffalo,Underdog,Full Game,28,12,14,2,0.4615,16,10,1,0.6154,0.18,0.94,9.11,2021-2024,Buffalo,CFBD full-game lines/results
Pete Lembo,Buffalo,Favorite,Full Game,27,11,15,1,0.4231,5,5,0,0.5,-1.5,4.05,-14.13,2013-2025,"Ball State, Buffalo",CFBD full-game lines/results
Pete Lembo,Buffalo,Underdog,Full Game,32,14,17,1,0.4516,9,5,1,0.6429,-0.59,3.03,8.72,2013-2025,"Ball State, Buffalo",CFBD full-game lines/results
Justin Wilcox,California,Favorite,Full Game,42,15,26,1,0.3659,13,26,2,0.3333,-4.43,-3.83,-11.0,2017-2025,California,CFBD full-game lines/results
Justin Wilcox,California,Underdog,Full Game,58,38,20,0,0.6552,26,30,1,0.4643,4.03,-0.58,9.72,2017-2025,California,CFBD full-game lines/results
Gus Malzahn,Central Florida,Favorite,Full Game,65,34,30,1,0.5312,13,19,0,0.4062,1.22,-1.91,-17.45,2013-2020,Auburn,CFBD full-game lines/results
Gus Malzahn,Central Florida,Underdog,Full Game,31,15,15,1,0.5,4,8,1,0.3333,2.69,-3.35,7.76,2013-2020,Auburn,CFBD full-game lines/results
Scott Frost,Central Florida,Favorite,Full Game,28,9,19,0,0.3214,12,14,1,0.4615,-3.59,-0.2,-13.02,2018-2022,Nebraska,CFBD full-game lines/results
Scott Frost,Central Florida,Underdog,Full Game,27,15,11,1,0.5769,12,14,1,0.4615,-0.57,-2.07,11.5,2018-2022,Nebraska,CFBD full-game lines/results
Dan Enos,Central Michigan,Favorite,Full Game,11,7,4,0,0.6364,0,0,0,,5.36,,-8.45,2013-2014,Central Michigan,CFBD full-game lines/results
Dan Enos,Central Michigan,Underdog,Full Game,13,6,7,0,0.4615,0,0,0,,-1.73,,13.04,2013-2014,Central Michigan,CFBD full-game lines/results
Jim McElwain,Central Michigan,Favorite,Full Game,71,34,36,1,0.4857,17,20,1,0.4595,0.38,0.3,-11.1,2013-2024,"Central Michigan, Colorado State, Florida",CFBD full-game lines/results
Jim McElwain,Central Michigan,Pick,Full Game,1,0,1,0,0.0,1,0,0,1.0,-8.0,36.5,0.0,2020-2020,Central Michigan,CFBD full-game lines/results
Jim McElwain,Central Michigan,Underdog,Full Game,56,29,27,0,0.5179,23,14,1,0.6216,1.13,2.67,10.47,2013-2024,"Central Michigan, Colorado State, Florida",CFBD full-game lines/results
John Bonamego,Central Michigan,Favorite,Full Game,20,9,11,0,0.45,2,3,0,0.4,-3.0,0.9,-11.45,2015-2018,Central Michigan,CFBD full-game lines/results
John Bonamego,Central Michigan,Underdog,Full Game,26,16,10,0,0.6154,8,9,0,0.4706,0.85,-1.76,10.04,2015-2018,Central Michigan,CFBD full-game lines/results
Matt Drinkall,Central Michigan,Favorite,Full Game,6,5,1,0,0.8333,4,2,0,0.6667,5.67,1.17,-11.0,2025-2025,Central Michigan,CFBD full-game lines/results
Matt Drinkall,Central Michigan,Underdog,Full Game,6,3,3,0,0.5,3,3,0,0.5,-0.83,-2.5,13.5,2025-2025,Central Michigan,CFBD full-game lines/results
Biff Poggi,Charlotte,Favorite,Full Game,4,1,3,0,0.25,3,1,0,0.75,-10.75,8.75,-10.5,2023-2024,Charlotte,CFBD full-game lines/results
Biff Poggi,Charlotte,Underdog,Full Game,20,11,9,0,0.55,9,9,0,0.5,-1.5,-0.89,11.95,2023-2024,Charlotte,CFBD full-game lines/results
Brad Lambert,Charlotte,Favorite,Full Game,7,4,3,0,0.5714,0,2,0,0.0,-0.93,-17.0,-8.21,2015-2018,Charlotte,CFBD full-game lines/results
Brad Lambert,Charlotte,Underdog,Full Game,41,20,21,0,0.4878,10,11,0,0.4762,-1.84,-2.9,14.52,2015-2018,Charlotte,CFBD full-game lines/results
Peter Rossomando,Charlotte,Favorite,Full Game,2,0,2,0,0.0,1,1,0,0.5,-27.0,-0.75,-9.0,2022-2022,Charlotte,CFBD full-game lines/results
Peter Rossomando,Charlotte,Underdog,Full Game,10,4,5,1,0.4444,5,5,0,0.5,0.2,0.9,14.6,2022-2022,Charlotte,CFBD full-game lines/results
Tim Albin,Charlotte,Favorite,Full Game,26,14,12,0,0.5385,12,13,0,0.48,0.23,-0.1,-11.88,2021-2025,"Charlotte, Ohio",CFBD full-game lines/results
Tim Albin,Charlotte,Underdog,Full Game,36,19,17,0,0.5278,15,21,0,0.4167,1.29,-4.35,11.93,2021-2025,"Charlotte, Ohio",CFBD full-game lines/results
Tim Brewster,Charlotte,Favorite,Full Game,3,1,2,0,0.3333,3,0,0,1.0,-13.5,17.5,-6.17,2024-2024,Charlotte,CFBD full-game lines/results
Tim Brewster,Charlotte,Underdog,Full Game,9,5,4,0,0.5556,5,4,0,0.5556,0.61,3.17,13.39,2024-2024,Charlotte,CFBD full-game lines/results
Will Healy,Charlotte,Favorite,Full Game,13,7,6,0,0.5385,10,3,0,0.7692,-2.96,7.04,-11.65,2019-2022,Charlotte,CFBD full-game lines/results
Will Healy,Charlotte,Underdog,Full Game,28,12,15,1,0.4444,13,15,0,0.4643,-1.77,0.79,12.55,2019-2022,Charlotte,CFBD full-game lines/results
Kerry Coombs,Cincinnati,Favorite,Full Game,8,2,5,1,0.2857,3,5,0,0.375,-3.88,-4.62,-15.12,2022-2022,Cincinnati,CFBD full-game lines/results
Kerry Coombs,Cincinnati,Underdog,Full Game,3,0,3,0,0.0,2,1,0,0.6667,-1.67,-0.67,3.0,2022-2022,Cincinnati,CFBD full-game lines/results
Scott Satterfield,Cincinnati,Favorite,Full Game,85,47,35,3,0.5732,29,31,2,0.4833,3.85,-1.06,-13.79,2014-2025,"Appalachian State, Cincinnati, Louisville",CFBD full-game lines/results
Scott Satterfield,Cincinnati,Underdog,Full Game,57,23,32,2,0.4182,21,23,1,0.4773,-1.09,-0.92,7.81,2014-2025,"Appalachian State, Cincinnati, Louisville",CFBD full-game lines/results
Tommy Tuberville,Cincinnati,Favorite,Full Game,31,15,14,2,0.5172,0,0,0,,0.48,,-12.19,2013-2016,Cincinnati,CFBD full-game lines/results
Tommy Tuberville,Cincinnati,Underdog,Full Game,16,5,11,0,0.3125,0,0,0,,-3.47,,8.16,2013-2016,Cincinnati,CFBD full-game lines/results
Dabo Swinney,Clemson,Favorite,Full Game,150,77,70,3,0.5238,45,57,2,0.4412,1.44,-0.38,-19.57,2013-2025,Clemson,CFBD full-game lines/results
Dabo Swinney,Clemson,Underdog,Full Game,11,5,6,0,0.4545,3,4,1,0.4286,-3.18,-0.19,6.18,2013-2025,Clemson,CFBD full-game lines/results
Chad Staggs,Coastal Carolina,Favorite,Full Game,8,2,5,1,0.2857,5,3,0,0.625,-7.31,0.94,-10.94,2022-2022,Coastal Carolina,CFBD full-game lines/results
Chad Staggs,Coastal Carolina,Underdog,Full Game,4,2,2,0,0.5,2,2,0,0.5,-3.38,0.88,6.88,2022-2022,Coastal Carolina,CFBD full-game lines/results
Joe Moglia,Coastal Carolina,Favorite,Full Game,2,1,1,0,0.5,1,1,0,0.5,-15.25,5.0,-4.25,2018-2018,Coastal Carolina,CFBD full-game lines/results
Joe Moglia,Coastal Carolina,Underdog,Full Game,9,3,6,0,0.3333,5,4,0,0.5556,-0.78,-3.17,9.56,2018-2018,Coastal Carolina,CFBD full-game lines/results
Tim Beck,Coastal Carolina,Favorite,Full Game,13,7,6,0,0.5385,5,6,0,0.4545,-4.38,-4.0,-11.62,2023-2025,Coastal Carolina,CFBD full-game lines/results
Tim Beck,Coastal Carolina,Underdog,Full Game,23,11,12,0,0.4783,13,10,0,0.5652,0.11,3.74,8.63,2023-2025,Coastal Carolina,CFBD full-game lines/results
Deion Sanders,Colorado,Favorite,Full Game,14,9,5,0,0.6429,5,7,1,0.4167,4.07,2.04,-9.36,2023-2025,Colorado,CFBD full-game lines/results
Deion Sanders,Colorado,Underdog,Full Game,22,12,10,0,0.5455,9,11,0,0.45,-0.09,-1.2,10.5,2023-2025,Colorado,CFBD full-game lines/results
Karl Dorrell,Colorado,Favorite,Full Game,5,3,2,0,0.6,0,5,0,0.0,-1.6,-17.4,-12.2,2020-2021,Colorado,CFBD full-game lines/results
Karl Dorrell,Colorado,Underdog,Full Game,24,9,15,0,0.375,16,7,1,0.6957,-2.38,4.46,17.79,2020-2022,Colorado,CFBD full-game lines/results
Kurt Roper,Colorado,Favorite,Full Game,5,3,2,0,0.6,2,3,0,0.4,1.2,-1.6,-15.8,2018-2018,Colorado,CFBD full-game lines/results
Kurt Roper,Colorado,Underdog,Full Game,7,2,5,0,0.2857,2,5,0,0.2857,-4.86,-3.07,7.57,2018-2018,Colorado,CFBD full-game lines/results
Mike Sanford Jr.,Colorado,Favorite,Full Game,12,2,10,0,0.1667,8,3,0,0.7273,-10.04,0.91,-11.38,2017-2018,Western Kentucky,CFBD full-game lines/results
Mike Sanford Jr.,Colorado,Underdog,Full Game,24,9,15,0,0.375,12,11,1,0.5217,-1.52,0.0,17.4,2017-2022,"Colorado, Western Kentucky",CFBD full-game lines/results
Jay Norvell,Colorado State,Favorite,Full Game,45,20,23,2,0.4651,18,24,0,0.4286,-2.74,-4.39,-11.19,2017-2025,"Colorado State, Nevada",CFBD full-game lines/results
Jay Norvell,Colorado State,Underdog,Full Game,58,31,27,0,0.5345,25,32,0,0.4386,-0.31,0.32,11.62,2017-2025,"Colorado State, Nevada",CFBD full-game lines/results
Steve Addazio,Colorado State,Favorite,Full Game,46,20,26,0,0.4348,13,12,0,0.52,-1.73,2.86,-10.55,2013-2021,"Boston College, Colorado State",CFBD full-game lines/results
Steve Addazio,Colorado State,Underdog,Full Game,52,30,20,2,0.6,13,13,1,0.5,2.47,-1.09,11.01,2013-2021,"Boston College, Colorado State",CFBD full-game lines/results
Jim Mora,Connecticut,Favorite,Full Game,42,20,22,0,0.4762,5,4,0,0.5556,-1.13,3.06,-10.85,2013-2017,UCLA,CFBD full-game lines/results
Jim Mora,Connecticut,Underdog,Full Game,18,4,13,1,0.2353,3,1,0,0.75,-2.67,8.0,6.89,2013-2017,UCLA,CFBD full-game lines/results
Randy Edsall,Connecticut,Favorite,Full Game,17,9,8,0,0.5294,1,0,0,1.0,0.94,2.5,-7.88,2013-2015,Maryland,CFBD full-game lines/results
Randy Edsall,Connecticut,Underdog,Full Game,18,8,8,2,0.5,1,0,0,1.0,-4.28,12.0,10.83,2013-2015,Maryland,CFBD full-game lines/results
Ryan Carty,Delaware,Favorite,Full Game,6,1,5,0,0.1667,3,3,0,0.5,-4.75,4.17,-10.08,2025-2025,Delaware,CFBD full-game lines/results
Ryan Carty,Delaware,Underdog,Full Game,6,3,3,0,0.5,3,3,0,0.5,-0.42,11.0,10.42,2025-2025,Delaware,CFBD full-game lines/results
David Cutcliffe,Duke,Favorite,Full Game,51,27,24,0,0.5294,15,8,0,0.6522,-2.68,7.37,-12.4,2013-2021,Duke,CFBD full-game lines/results
David Cutcliffe,Duke,Underdog,Full Game,57,28,27,2,0.5091,14,20,0,0.4118,-0.31,-2.18,9.92,2013-2021,Duke,CFBD full-game lines/results
Manny Diaz,Duke,Favorite,Full Game,39,18,20,1,0.4737,20,18,1,0.5263,-0.95,2.05,-12.03,2019-2025,"Duke, Miami-FL",CFBD full-game lines/results
Manny Diaz,Duke,Underdog,Full Game,20,14,5,1,0.7368,10,10,0,0.5,2.92,2.92,6.62,2019-2025,"Duke, Miami-FL",CFBD full-game lines/results
Trooper Taylor,Duke,Favorite,Full Game,7,4,3,0,0.5714,5,1,0,0.8333,3.43,0.67,-14.43,2023-2023,Duke,CFBD full-game lines/results
Trooper Taylor,Duke,Underdog,Full Game,5,2,3,0,0.4,1,3,0,0.25,3.6,-13.62,9.4,2023-2023,Duke,CFBD full-game lines/results
Blake Harrell,East Carolina,Favorite,Full Game,16,10,6,0,0.625,10,6,0,0.625,5.09,4.03,-11.22,2024-2025,East Carolina,CFBD full-game lines/results
Blake Harrell,East Carolina,Underdog,Full Game,8,5,2,1,0.7143,2,6,0,0.25,1.31,-6.31,7.19,2024-2025,East Carolina,CFBD full-game lines/results
David Blackwell,East Carolina,Favorite,Full Game,3,1,2,0,0.3333,2,1,0,0.6667,-2.0,0.67,-12.33,2018-2018,East Carolina,CFBD full-game lines/results
David Blackwell,East Carolina,Underdog,Full Game,9,3,6,0,0.3333,4,4,1,0.5,-6.89,-2.61,16.0,2018-2018,East Carolina,CFBD full-game lines/results
Mike Houston,East Carolina,Favorite,Full Game,26,12,14,0,0.4615,11,13,1,0.4583,-1.63,3.2,-12.13,2019-2024,East Carolina,CFBD full-game lines/results
Mike Houston,East Carolina,Underdog,Full Game,43,26,17,0,0.6047,19,23,0,0.4524,3.23,-0.4,10.7,2019-2024,East Carolina,CFBD full-game lines/results
Ruffin McNeill,East Carolina,Favorite,Full Game,25,11,14,0,0.44,0,0,0,,-0.62,,-14.94,2013-2015,East Carolina,CFBD full-game lines/results
Ruffin McNeill,East Carolina,Underdog,Full Game,11,8,2,1,0.8,0,0,0,,5.55,,7.36,2013-2015,East Carolina,CFBD full-game lines/results
Scottie Montgomery,East Carolina,Favorite,Full Game,7,3,4,0,0.4286,2,1,0,0.6667,0.0,0.67,-10.29,2016-2018,East Carolina,CFBD full-game lines/results
Scottie Montgomery,East Carolina,Underdog,Full Game,29,9,20,0,0.3103,12,8,1,0.6,-6.4,1.74,14.19,2016-2018,East Carolina,CFBD full-game lines/results
Chris Creighton,Eastern Michigan,Favorite,Full Game,48,21,27,0,0.4375,22,20,1,0.5238,-2.9,3.14,-10.81,2014-2025,Eastern Michigan,CFBD full-game lines/results
Chris Creighton,Eastern Michigan,Underdog,Full Game,89,48,40,1,0.5455,27,30,2,0.4737,1.02,-0.9,11.37,2014-2025,Eastern Michigan,CFBD full-game lines/results
Ron English,Eastern Michigan,Favorite,Full Game,1,0,1,0,0.0,0,0,0,,-3.0,,-13.0,2013-2013,Eastern Michigan,CFBD full-game lines/results
Ron English,Eastern Michigan,Underdog,Full Game,11,2,9,0,0.1818,0,0,0,,-10.91,,18.73,2013-2013,Eastern Michigan,CFBD full-game lines/results
Stan Parrish,Eastern Michigan,Favorite,Full Game,1,0,1,0,0.0,0,0,0,,-3.0,,-13.0,2013-2013,Eastern Michigan,CFBD full-game lines/results
Stan Parrish,Eastern Michigan,Underdog,Full Game,11,2,9,0,0.1818,0,0,0,,-10.91,,18.73,2013-2013,Eastern Michigan,CFBD full-game lines/results
Billy Napier,Florida,Favorite,Full Game,50,23,27,0,0.46,18,32,0,0.36,-0.8,-2.82,-15.64,2018-2025,"Florida, Louisiana",CFBD full-game lines/results
Billy Napier,Florida,Underdog,Full Game,46,30,16,0,0.6522,25,19,0,0.5682,4.86,0.0,9.47,2018-2025,"Florida, Louisiana",CFBD full-game lines/results
Randy Shannon,Florida,Favorite,Full Game,5,2,3,0,0.4,2,3,0,0.4,3.1,2.2,-6.5,2017-2017,Florida,CFBD full-game lines/results
Randy Shannon,Florida,Underdog,Full Game,6,1,5,0,0.1667,4,2,0,0.6667,-12.5,3.67,5.0,2017-2017,Florida,CFBD full-game lines/results
Brian Wright,Florida Atlantic,Favorite,Full Game,4,3,1,0,0.75,0,0,0,,11.0,,-16.75,2013-2013,Florida Atlantic,CFBD full-game lines/results
Brian Wright,Florida Atlantic,Underdog,Full Game,8,5,3,0,0.625,0,0,0,,7.5,,15.12,2013-2013,Florida Atlantic,CFBD full-game lines/results
Chad Lunsford,Florida Atlantic,Favorite,Full Game,27,13,14,0,0.4815,12,14,0,0.4615,-0.63,2.42,-12.0,2017-2024,"Florida Atlantic, Georgia Southern",CFBD full-game lines/results
Chad Lunsford,Florida Atlantic,Underdog,Full Game,45,23,22,0,0.5111,27,17,1,0.6136,-0.51,1.63,9.69,2017-2024,"Florida Atlantic, Georgia Southern",CFBD full-game lines/results
Charlie Partridge,Florida Atlantic,Favorite,Full Game,13,2,10,1,0.1667,0,1,0,0.0,-11.04,-11.5,-5.88,2014-2016,Florida Atlantic,CFBD full-game lines/results
Charlie Partridge,Florida Atlantic,Underdog,Full Game,23,12,11,0,0.5217,1,0,0,1.0,0.54,10.0,13.28,2014-2016,Florida Atlantic,CFBD full-game lines/results
Tom Herman,Florida Atlantic,Favorite,Full Game,59,25,31,3,0.4464,19,17,0,0.5278,-0.03,1.62,-14.55,2015-2024,"Florida Atlantic, Houston, Texas",CFBD full-game lines/results
Tom Herman,Florida Atlantic,Underdog,Full Game,36,18,17,1,0.5143,16,17,0,0.4848,2.64,-0.05,6.64,2015-2024,"Florida Atlantic, Houston, Texas",CFBD full-game lines/results
Willie Taggart,Florida Atlantic,Favorite,Full Game,63,29,33,1,0.4677,19,24,0,0.4419,-0.56,-1.56,-11.64,2013-2022,"Florida Atlantic, Florida State, Oregon, South Florida",CFBD full-game lines/results
Willie Taggart,Florida Atlantic,Underdog,Full Game,52,23,28,1,0.451,11,14,0,0.44,-2.33,-2.26,10.88,2013-2022,"Florida Atlantic, Florida State, Oregon, South Florida",CFBD full-game lines/results
Zach Kittley,Florida Atlantic,Favorite,Full Game,3,3,0,0,1.0,3,0,0,1.0,17.0,13.0,-10.0,2025-2025,Florida Atlantic,CFBD full-game lines/results
Zach Kittley,Florida Atlantic,Underdog,Full Game,9,4,5,0,0.4444,4,5,0,0.4444,-6.78,1.72,11.33,2025-2025,Florida Atlantic,CFBD full-game lines/results
Butch Davis,Florida International,Favorite,Full Game,23,9,14,0,0.3913,12,9,0,0.5714,-3.04,0.48,-13.13,2017-2021,Florida International,CFBD full-game lines/results
Butch Davis,Florida International,Underdog,Full Game,30,14,16,0,0.4667,21,9,0,0.7,-2.83,4.52,10.8,2017-2021,Florida International,CFBD full-game lines/results
Mike MacIntyre,Florida International,Favorite,Full Game,35,19,14,2,0.5758,11,6,0,0.6471,1.8,2.0,-14.03,2013-2024,"Colorado, Florida International",CFBD full-game lines/results
Mike MacIntyre,Florida International,Underdog,Full Game,75,33,38,4,0.4648,16,24,0,0.4,-1.91,-2.3,12.63,2013-2024,"Colorado, Florida International",CFBD full-game lines/results
Ron Turner,Florida International,Favorite,Full Game,10,3,6,1,0.3333,0,2,0,0.0,0.7,-8.75,-9.1,2013-2016,Florida International,CFBD full-game lines/results
Ron Turner,Florida International,Underdog,Full Game,38,14,23,1,0.3784,0,1,0,0.0,-3.13,-20.0,13.42,2013-2016,Florida International,CFBD full-game lines/results
Willie Simmons,Florida International,Favorite,Full Game,5,4,1,0,0.8,2,3,0,0.4,4.2,3.9,-9.2,2025-2025,Florida International,CFBD full-game lines/results
Willie Simmons,Florida International,Underdog,Full Game,7,4,3,0,0.5714,4,3,0,0.5714,2.86,4.5,9.86,2025-2025,Florida International,CFBD full-game lines/results
Mike Norvell,Florida State,Favorite,Full Game,80,44,36,0,0.55,38,30,1,0.5588,1.96,1.63,-15.3,2016-2025,"Florida State, Memphis",CFBD full-game lines/results
Mike Norvell,Florida State,Underdog,Full Game,38,17,20,1,0.4595,15,20,0,0.4286,-3.18,1.44,7.76,2016-2025,"Florida State, Memphis",CFBD full-game lines/results
Odell Haggins,Florida State,Favorite,Full Game,17,6,10,1,0.375,6,10,0,0.375,-4.32,-3.0,-13.5,2017-2019,Florida State,CFBD full-game lines/results
Odell Haggins,Florida State,Underdog,Full Game,7,1,5,1,0.1667,4,3,0,0.5714,-1.86,-2.21,11.29,2017-2019,Florida State,CFBD full-game lines/results
Eric Kiesau,Fresno State,Underdog,Full Game,11,6,5,0,0.5455,0,0,0,,-3.5,,13.5,2016-2016,Fresno State,CFBD full-game lines/results
Jeff Tedford,Fresno State,Favorite,Full Game,43,19,22,2,0.4634,17,22,1,0.4359,0.01,-1.68,-15.15,2017-2023,Fresno State,CFBD full-game lines/results
Jeff Tedford,Fresno State,Underdog,Full Game,19,13,6,0,0.6842,7,12,0,0.3684,5.53,-3.71,8.68,2017-2023,Fresno State,CFBD full-game lines/results
Lee Marks,Fresno State,Favorite,Full Game,10,6,4,0,0.6,4,6,0,0.4,1.95,-5.95,-14.45,2021-2021,Fresno State,CFBD full-game lines/results
Lee Marks,Fresno State,Underdog,Full Game,2,2,0,0,1.0,1,1,0,0.5,13.25,2.0,15.25,2021-2021,Fresno State,CFBD full-game lines/results
Matt Entz,Fresno State,Favorite,Full Game,8,4,4,0,0.5,4,4,0,0.5,2.88,1.75,-8.5,2025-2025,Fresno State,CFBD full-game lines/results
Matt Entz,Fresno State,Underdog,Full Game,4,2,2,0,0.5,1,3,0,0.25,5.12,-7.5,8.88,2025-2025,Fresno State,CFBD full-game lines/results
Tim DeRuyter,Fresno State,Favorite,Full Game,18,8,10,0,0.4444,0,0,0,,-0.67,,-13.78,2013-2014,Fresno State,CFBD full-game lines/results
Tim DeRuyter,Fresno State,Underdog,Full Game,29,13,16,0,0.4483,2,0,0,1.0,-5.09,8.5,12.09,2014-2016,Fresno State,CFBD full-game lines/results
Tim Skipper,Fresno State,Favorite,Full Game,8,4,3,1,0.5714,3,5,0,0.375,2.31,3.31,-10.69,2024-2024,Fresno State,CFBD full-game lines/results
Tim Skipper,Fresno State,Underdog,Full Game,4,2,2,0,0.5,1,3,0,0.25,-11.38,-4.5,8.62,2024-2024,Fresno State,CFBD full-game lines/results
Kirby Smart,Georgia,Favorite,Full Game,114,56,57,1,0.4956,46,55,0,0.4554,0.23,-0.22,-20.54,2016-2025,Georgia,CFBD full-game lines/results
Kirby Smart,Georgia,Underdog,Full Game,11,6,5,0,0.5455,2,5,0,0.2857,-0.27,-11.43,5.82,2016-2024,Georgia,CFBD full-game lines/results
Clay Helton,Georgia Southern,Favorite,Full Game,89,46,40,3,0.5349,32,27,2,0.5424,0.63,1.04,-10.92,2013-2025,"Georgia Southern, USC",CFBD full-game lines/results
Clay Helton,Georgia Southern,Underdog,Full Game,52,20,31,1,0.3922,16,23,0,0.4103,-2.91,-2.18,7.74,2013-2025,"Georgia Southern, USC",CFBD full-game lines/results
Kevin Whitley,Georgia Southern,Favorite,Full Game,2,1,1,0,0.5,2,0,0,1.0,0.75,16.5,-14.75,2021-2021,Georgia Southern,CFBD full-game lines/results
Kevin Whitley,Georgia Southern,Underdog,Full Game,10,5,5,0,0.5,4,6,0,0.4,-4.4,-5.85,12.1,2021-2021,Georgia Southern,CFBD full-game lines/results
Tyson Summers,Georgia Southern,Favorite,Full Game,9,2,7,0,0.2222,0,1,0,0.0,-10.72,-4.0,-15.06,2016-2017,Georgia Southern,CFBD full-game lines/results
Tyson Summers,Georgia Southern,Underdog,Full Game,15,7,8,0,0.4667,7,3,0,0.7,0.53,2.7,12.13,2016-2017,Georgia Southern,CFBD full-game lines/results
Dell McGee,Georgia State,Favorite,Full Game,6,0,6,0,0.0,2,4,0,0.3333,-14.0,-3.25,-8.5,2024-2025,Georgia State,CFBD full-game lines/results
Dell McGee,Georgia State,Underdog,Full Game,18,5,12,1,0.2941,10,7,1,0.5882,-2.33,3.94,14.56,2024-2025,Georgia State,CFBD full-game lines/results
Shawn Elliott,Georgia State,Favorite,Full Game,41,18,22,1,0.45,15,18,0,0.4545,-5.18,-0.45,-7.3,2015-2024,"Georgia State, South Carolina",CFBD full-game lines/results
Shawn Elliott,Georgia State,Underdog,Full Game,61,27,30,4,0.4737,29,24,1,0.5472,0.45,2.65,11.27,2015-2024,"Georgia State, South Carolina",CFBD full-game lines/results
Tim Lappano,Georgia State,Favorite,Full Game,3,2,1,0,0.6667,0,0,0,,-0.83,,-11.17,2016-2016,Georgia State,CFBD full-game lines/results
Tim Lappano,Georgia State,Underdog,Full Game,9,5,4,0,0.5556,1,0,0,1.0,0.17,9.0,12.5,2016-2016,Georgia State,CFBD full-game lines/results
Trent Miles,Georgia State,Favorite,Full Game,8,4,4,0,0.5,0,0,0,,-0.44,,-5.56,2014-2016,Georgia State,CFBD full-game lines/results
Trent Miles,Georgia State,Underdog,Full Game,39,24,15,0,0.6154,2,0,0,1.0,1.79,4.75,16.97,2013-2016,Georgia State,CFBD full-game lines/results
Brent Key,Georgia Tech,Favorite,Full Game,22,8,13,1,0.381,14,7,1,0.6667,-6.27,3.3,-14.91,2022-2025,Georgia Tech,CFBD full-game lines/results
Brent Key,Georgia Tech,Underdog,Full Game,26,18,8,0,0.6923,9,15,1,0.375,7.63,-3.62,14.13,2022-2025,Georgia Tech,CFBD full-game lines/results
Geoff Collins,Georgia Tech,Favorite,Full Game,24,8,15,1,0.3478,7,16,0,0.3043,-3.15,-5.43,-10.69,2017-2022,"Georgia Tech, Temple",CFBD full-game lines/results
Geoff Collins,Georgia Tech,Underdog,Full Game,46,22,24,0,0.4783,26,18,2,0.5909,0.02,2.37,14.17,2017-2022,"Georgia Tech, Temple",CFBD full-game lines/results
Paul Johnson,Georgia Tech,Favorite,Full Game,41,23,17,1,0.575,8,6,0,0.5714,3.02,5.36,-11.32,2013-2018,Georgia Tech,CFBD full-game lines/results
Paul Johnson,Georgia Tech,Underdog,Full Game,29,13,15,1,0.4643,6,3,0,0.6667,0.74,7.56,6.98,2013-2018,Georgia Tech,CFBD full-game lines/results
Chris Naeole,Hawaii,Favorite,Full Game,4,1,3,0,0.25,1,0,0,1.0,-9.25,5.5,-9.75,2015-2015,Hawaii,CFBD full-game lines/results
Chris Naeole,Hawaii,Underdog,Full Game,9,1,6,2,0.1429,0,0,0,,-12.44,,13.78,2015-2015,Hawaii,CFBD full-game lines/results
Norm Chow,Hawaii,Favorite,Full Game,8,4,4,0,0.5,2,0,0,1.0,-4.19,12.25,-7.19,2013-2015,Hawaii,CFBD full-game lines/results
Norm Chow,Hawaii,Underdog,Full Game,30,12,16,2,0.4286,1,1,0,0.5,-3.45,-7.75,12.25,2013-2015,Hawaii,CFBD full-game lines/results
Timmy Chang,Hawaii,Favorite,Full Game,11,6,4,1,0.6,4,7,0,0.3636,-3.86,-6.23,-11.05,2023-2025,Hawaii,CFBD full-game lines/results
Timmy Chang,Hawaii,Underdog,Full Game,38,21,16,1,0.5676,15,22,0,0.4054,1.18,-0.47,11.92,2022-2025,Hawaii,CFBD full-game lines/results
Todd Graham,Hawaii,Favorite,Full Game,44,22,21,1,0.5116,6,7,0,0.4615,-1.06,5.73,-12.31,2013-2021,"Arizona State, Hawaii",CFBD full-game lines/results
Todd Graham,Hawaii,Underdog,Full Game,38,18,17,3,0.5143,8,13,0,0.381,0.59,-2.98,8.49,2013-2021,"Arizona State, Hawaii",CFBD full-game lines/results
Dana Holgorsen,Houston,Favorite,Full Game,76,32,42,2,0.4324,25,19,2,0.5682,-1.13,2.07,-14.26,2013-2024,"Houston, West Virginia",CFBD full-game lines/results
Dana Holgorsen,Houston,Underdog,Full Game,63,31,31,1,0.5,22,21,1,0.5116,1.42,1.32,9.75,2013-2024,"Houston, West Virginia",CFBD full-game lines/results
David Gibbs,Houston,Favorite,Full Game,9,4,5,0,0.4444,0,0,0,,-3.5,,-17.83,2014-2014,Houston,CFBD full-game lines/results
David Gibbs,Houston,Underdog,Full Game,3,2,0,1,1.0,0,0,0,,4.67,,8.33,2014-2014,Houston,CFBD full-game lines/results
Tony Levine,Houston,Favorite,Full Game,16,9,7,0,0.5625,0,0,0,,1.81,,-14.88,2013-2014,Houston,CFBD full-game lines/results
Tony Levine,Houston,Underdog,Full Game,8,7,0,1,1.0,0,0,0,,11.25,,9.25,2013-2014,Houston,CFBD full-game lines/results
Willie Fritz,Houston,Favorite,Full Game,79,50,29,0,0.6329,26,31,0,0.4561,2.94,0.7,-12.25,2014-2025,"Georgia Southern, Houston, Tulane",CFBD full-game lines/results
Willie Fritz,Houston,Underdog,Full Game,66,38,28,0,0.5758,19,29,0,0.3958,2.1,-3.11,11.4,2014-2025,"Georgia Southern, Houston, Tulane",CFBD full-game lines/results
Paul Petrino,Idaho,Favorite,Full Game,16,7,9,0,0.4375,1,4,0,0.2,-0.97,-13.9,-5.78,2014-2017,Idaho,CFBD full-game lines/results
Paul Petrino,Idaho,Underdog,Full Game,43,20,22,1,0.4762,2,5,0,0.2857,-0.01,-3.0,17.94,2013-2017,Idaho,CFBD full-game lines/results
Bill Cubit,Illinois,Favorite,Full Game,4,3,1,0,0.75,1,0,0,1.0,20.62,0.5,-11.62,2015-2015,Illinois,CFBD full-game lines/results
Bill Cubit,Illinois,Underdog,Full Game,8,2,6,0,0.25,1,0,0,1.0,-9.56,8.0,7.44,2015-2015,Illinois,CFBD full-game lines/results
Bret Bielema,Illinois,Favorite,Full Game,54,25,25,4,0.5,18,16,0,0.5294,-0.31,4.06,-15.47,2013-2025,"Arkansas, Illinois",CFBD full-game lines/results
Bret Bielema,Illinois,Underdog,Full Game,66,36,30,0,0.5455,15,21,2,0.4167,1.12,-1.46,9.68,2013-2025,"Arkansas, Illinois",CFBD full-game lines/results
Lovie Smith,Illinois,Favorite,Full Game,12,5,7,0,0.4167,4,4,1,0.5,-0.83,-0.56,-12.17,2016-2019,Illinois,CFBD full-game lines/results
Lovie Smith,Illinois,Underdog,Full Game,43,18,23,2,0.439,16,17,1,0.4848,-1.92,1.94,15.59,2016-2020,Illinois,CFBD full-game lines/results
Rod Smith,Illinois,Underdog,Full Game,8,3,4,1,0.4286,3,4,1,0.4286,-1.81,1.0,12.94,2020-2020,Illinois,CFBD full-game lines/results
Tim Beckman,Illinois,Favorite,Full Game,7,3,4,0,0.4286,0,0,0,,-3.79,,-12.79,2013-2014,Illinois,CFBD full-game lines/results
Tim Beckman,Illinois,Underdog,Full Game,17,8,9,0,0.4706,0,0,0,,-0.35,,12.59,2013-2014,Illinois,CFBD full-game lines/results
Curt Cignetti,Indiana,Favorite,Full Game,42,29,13,0,0.6905,28,12,0,0.7,10.21,6.35,-17.24,2022-2025,"Indiana, James Madison",CFBD full-game lines/results
Curt Cignetti,Indiana,Underdog,Full Game,6,4,2,0,0.6667,2,3,0,0.4,1.58,-5.9,6.25,2022-2025,"Indiana, James Madison",CFBD full-game lines/results
Tom Allen,Indiana,Favorite,Full Game,37,17,19,1,0.4722,14,16,0,0.4667,0.38,-0.62,-13.14,2016-2023,Indiana,CFBD full-game lines/results
Tom Allen,Indiana,Underdog,Full Game,54,23,30,1,0.434,29,16,1,0.6444,-1.33,2.09,13.15,2016-2023,Indiana,CFBD full-game lines/results
Kirk Ferentz,Iowa,Favorite,Full Game,108,56,46,6,0.549,37,38,0,0.4933,4.05,-0.41,-10.45,2013-2025,Iowa,CFBD full-game lines/results
Kirk Ferentz,Iowa,Pick,Full Game,1,1,0,0,1.0,1,0,0,1.0,20.0,16.5,0.0,2020-2020,Iowa,CFBD full-game lines/results
Kirk Ferentz,Iowa,Underdog,Full Game,44,22,21,1,0.5116,9,21,0,0.3,1.8,-4.1,7.34,2013-2025,Iowa,CFBD full-game lines/results
Matt Campbell,Iowa State,Favorite,Full Game,100,52,48,0,0.52,31,39,1,0.4429,1.34,0.81,-11.42,2013-2025,"Iowa State, Toledo",CFBD full-game lines/results
Matt Campbell,Iowa State,Underdog,Full Game,55,32,21,2,0.6038,11,23,0,0.3235,3.85,-4.35,8.65,2013-2025,"Iowa State, Toledo",CFBD full-game lines/results
Paul Rhoads,Iowa State,Favorite,Full Game,7,4,3,0,0.5714,0,0,0,,2.0,,-6.43,2013-2015,Iowa State,CFBD full-game lines/results
Paul Rhoads,Iowa State,Underdog,Full Game,28,13,13,2,0.5,0,0,0,,-1.21,,14.96,2013-2015,Iowa State,CFBD full-game lines/results
Charles Kelly,Jacksonville State,Favorite,Full Game,4,1,3,0,0.25,2,2,0,0.5,-1.25,-0.25,-12.0,2025-2025,Jacksonville State,CFBD full-game lines/results
Charles Kelly,Jacksonville State,Underdog,Full Game,9,5,4,0,0.5556,6,3,0,0.6667,4.17,-0.06,4.83,2025-2025,Jacksonville State,CFBD full-game lines/results
Bob Chesney,James Madison,Favorite,Full Game,23,12,11,0,0.5217,9,14,0,0.3913,3.7,-0.74,-15.0,2024-2025,James Madison,CFBD full-game lines/results
Bob Chesney,James Madison,Underdog,Full Game,2,2,0,0,1.0,1,1,0,0.5,16.0,28.25,13.0,2024-2025,James Madison,CFBD full-game lines/results
Damian Wroblewski,James Madison,Favorite,Full Game,11,7,4,0,0.6364,6,3,0,0.6667,5.05,7.94,-12.95,2023-2023,James Madison,CFBD full-game lines/results
Damian Wroblewski,James Madison,Underdog,Full Game,1,1,0,0,1.0,0,0,0,,5.5,,3.5,2023-2023,James Madison,CFBD full-game lines/results
Charlie Weis,Kansas,Favorite,Full Game,4,1,3,0,0.25,0,0,0,,-5.0,,-15.0,2013-2014,Kansas,CFBD full-game lines/results
Charlie Weis,Kansas,Underdog,Full Game,20,9,11,0,0.45,0,0,0,,-1.27,,19.88,2013-2014,Kansas,CFBD full-game lines/results
David Beaty,Kansas,Favorite,Full Game,5,2,3,0,0.4,2,1,0,0.6667,2.9,11.0,-15.3,2016-2018,Kansas,CFBD full-game lines/results
David Beaty,Kansas,Underdog,Full Game,42,18,22,2,0.45,9,11,0,0.45,-1.01,-1.32,23.61,2015-2018,Kansas,CFBD full-game lines/results
Lance Leipold,Kansas,Favorite,Full Game,60,29,31,0,0.4833,30,22,1,0.5769,-0.61,1.25,-12.06,2015-2025,"Buffalo, Kansas",CFBD full-game lines/results
Lance Leipold,Kansas,Underdog,Full Game,65,34,27,4,0.5574,26,22,0,0.5417,2.2,3.44,11.94,2015-2025,"Buffalo, Kansas",CFBD full-game lines/results
Les Miles,Kansas,Favorite,Full Game,39,21,17,1,0.5526,2,3,0,0.4,0.79,-8.8,-14.62,2013-2020,"Kansas, LSU",CFBD full-game lines/results
Les Miles,Kansas,Underdog,Full Game,28,8,18,2,0.3077,13,4,1,0.7647,-3.45,7.69,14.88,2013-2020,"Kansas, LSU",CFBD full-game lines/results
Bill Snyder,Kansas State,Favorite,Full Game,36,15,19,2,0.4412,2,6,0,0.25,1.28,-6.25,-16.83,2013-2018,Kansas State,CFBD full-game lines/results
Bill Snyder,Kansas State,Underdog,Full Game,35,21,13,1,0.6176,6,9,1,0.4,2.16,-0.56,8.84,2013-2018,Kansas State,CFBD full-game lines/results
Chris Klieman,Kansas State,Favorite,Full Game,51,27,22,2,0.551,18,31,0,0.3673,2.75,-2.8,-10.95,2019-2025,Kansas State,CFBD full-game lines/results
Chris Klieman,Kansas State,Underdog,Full Game,31,20,11,0,0.6452,20,11,0,0.6452,5.32,5.73,7.42,2019-2025,Kansas State,CFBD full-game lines/results
Brian Bohannon,Kennesaw State,Underdog,Full Game,12,5,7,0,0.4167,4,8,0,0.3333,0.38,1.67,15.04,2024-2024,Kennesaw State,CFBD full-game lines/results
Chandler Burks,Kennesaw State,Underdog,Full Game,12,5,7,0,0.4167,4,8,0,0.3333,0.38,1.67,15.04,2024-2024,Kennesaw State,CFBD full-game lines/results
Jerry Mack,Kennesaw State,Favorite,Full Game,9,6,3,0,0.6667,5,4,0,0.5556,-0.22,3.06,-7.44,2025-2025,Kennesaw State,CFBD full-game lines/results
Jerry Mack,Kennesaw State,Underdog,Full Game,4,3,1,0,0.75,1,3,0,0.25,12.25,-8.0,15.5,2025-2025,Kennesaw State,CFBD full-game lines/results
Kenni Burns,Kent State,Favorite,Full Game,2,1,1,0,0.5,1,1,0,0.5,-8.5,-4.0,-19.5,2023-2024,Kent State,CFBD full-game lines/results
Kenni Burns,Kent State,Underdog,Full Game,22,6,15,1,0.2857,11,9,0,0.55,-7.07,3.25,21.25,2023-2024,Kent State,CFBD full-game lines/results
Mark Carney,Kent State,Favorite,Full Game,2,1,1,0,0.5,0,2,0,0.0,16.5,-7.0,-3.5,2025-2025,Kent State,CFBD full-game lines/results
Mark Carney,Kent State,Underdog,Full Game,10,6,4,0,0.6,6,4,0,0.6,3.05,6.45,21.85,2025-2025,Kent State,CFBD full-game lines/results
Paul Haynes,Kent State,Favorite,Full Game,11,3,8,0,0.2727,0,1,0,0.0,-9.73,-11.5,-10.27,2013-2017,Kent State,CFBD full-game lines/results
Paul Haynes,Kent State,Underdog,Full Game,48,22,25,1,0.4681,6,8,0,0.4286,-2.26,-3.36,13.16,2013-2017,Kent State,CFBD full-game lines/results
Mark Stoops,Kentucky,Favorite,Full Game,72,34,37,1,0.4789,29,27,0,0.5179,-1.58,-0.29,-14.88,2013-2025,Kentucky,CFBD full-game lines/results
Mark Stoops,Kentucky,Underdog,Full Game,82,39,42,1,0.4815,20,28,0,0.4167,0.55,-4.5,10.92,2013-2025,Kentucky,CFBD full-game lines/results
Brad Davis,LSU,Favorite,Full Game,6,2,4,0,0.3333,2,4,0,0.3333,-6.5,-7.58,-15.67,2021-2021,LSU,CFBD full-game lines/results
Brad Davis,LSU,Underdog,Full Game,6,3,2,1,0.6,3,3,0,0.5,4.67,-7.58,10.33,2021-2021,LSU,CFBD full-game lines/results
Brian Kelly,LSU,Favorite,Full Game,121,62,57,2,0.521,41,42,0,0.494,1.42,-1.77,-14.48,2013-2025,"LSU, Notre Dame",CFBD full-game lines/results
Brian Kelly,LSU,Pick,Full Game,1,1,0,0,1.0,1,0,0,1.0,25.0,1.0,0.0,2022-2022,LSU,CFBD full-game lines/results
Brian Kelly,LSU,Underdog,Full Game,34,17,17,0,0.5,11,14,0,0.44,-1.66,0.36,5.9,2013-2025,"LSU, Notre Dame",CFBD full-game lines/results
Ed Orgeron,LSU,Favorite,Full Game,59,28,30,1,0.4828,19,21,0,0.475,-0.07,-0.1,-15.88,2013-2021,"LSU, USC",CFBD full-game lines/results
Ed Orgeron,LSU,Underdog,Full Game,24,15,8,1,0.6522,11,8,0,0.5789,3.81,2.74,9.15,2013-2021,"LSU, USC",CFBD full-game lines/results
Jamey Chadwell,Liberty,Favorite,Full Game,65,27,35,3,0.4355,33,30,1,0.5238,-0.99,2.01,-13.58,2017-2025,"Coastal Carolina, Liberty",CFBD full-game lines/results
Jamey Chadwell,Liberty,Underdog,Full Game,30,17,13,0,0.5667,15,14,0,0.5172,1.85,3.19,8.48,2017-2025,"Coastal Carolina, Liberty",CFBD full-game lines/results
Josh Aldridge,Liberty,Favorite,Full Game,8,1,7,0,0.125,5,3,0,0.625,-15.44,5.12,-16.06,2022-2022,Liberty,CFBD full-game lines/results
Josh Aldridge,Liberty,Underdog,Full Game,4,4,0,0,1.0,1,3,0,0.25,20.0,-7.5,11.25,2022-2022,Liberty,CFBD full-game lines/results
Turner Gill,Liberty,Favorite,Full Game,4,1,2,1,0.3333,1,1,0,0.5,-1.75,1.25,-12.0,2018-2018,Liberty,CFBD full-game lines/results
Turner Gill,Liberty,Underdog,Full Game,7,4,3,0,0.5714,3,4,0,0.4286,2.14,-1.86,13.71,2018-2018,Liberty,CFBD full-game lines/results
Mark Hudspeth,Louisiana,Favorite,Full Game,33,13,19,1,0.4062,7,6,0,0.5385,-4.45,0.12,-11.24,2013-2017,Louisiana,CFBD full-game lines/results
Mark Hudspeth,Louisiana,Underdog,Full Game,26,12,13,1,0.48,8,7,0,0.5333,-1.44,2.1,11.98,2013-2017,Louisiana,CFBD full-game lines/results
Michael Desormeaux,Louisiana,Favorite,Full Game,38,16,21,1,0.4324,16,21,0,0.4324,-2.42,-2.41,-11.61,2021-2025,Louisiana,CFBD full-game lines/results
Michael Desormeaux,Louisiana,Underdog,Full Game,23,15,7,1,0.6818,13,10,0,0.5652,6.74,4.24,7.96,2021-2025,Louisiana,CFBD full-game lines/results
Skip Holtz,Louisiana Tech,Favorite,Full Game,63,29,32,2,0.4754,16,17,0,0.4848,-0.95,-0.41,-13.68,2013-2021,Louisiana Tech,CFBD full-game lines/results
Skip Holtz,Louisiana Tech,Underdog,Full Game,43,23,18,2,0.561,14,10,0,0.5833,0.77,1.44,11.7,2013-2021,Louisiana Tech,CFBD full-game lines/results
Sonny Cumbie,Louisiana Tech,Favorite,Full Game,26,12,14,0,0.4615,11,14,0,0.44,0.92,-0.06,-9.15,2021-2025,"Louisiana Tech, Texas Tech",CFBD full-game lines/results
Sonny Cumbie,Louisiana Tech,Underdog,Full Game,33,18,14,1,0.5625,17,16,0,0.5152,0.0,2.02,12.0,2021-2025,"Louisiana Tech, Texas Tech",CFBD full-game lines/results
Deion Branch,Louisville,Favorite,Full Game,6,4,2,0,0.6667,1,5,0,0.1667,3.17,-9.42,-7.83,2022-2022,Louisville,CFBD full-game lines/results
Deion Branch,Louisville,Underdog,Full Game,6,3,3,0,0.5,3,3,0,0.5,6.83,-3.58,3.83,2022-2022,Louisville,CFBD full-game lines/results
Jeff Brohm,Louisville,Favorite,Full Game,89,45,43,1,0.5114,33,30,1,0.5238,1.87,-0.41,-12.04,2014-2025,"Louisville, Purdue, Western Kentucky",CFBD full-game lines/results
Jeff Brohm,Louisville,Pick,Full Game,1,1,0,0,1.0,1,0,0,1.0,2.0,7.0,0.0,2019-2019,Purdue,CFBD full-game lines/results
Jeff Brohm,Louisville,Underdog,Full Game,51,29,21,1,0.58,16,22,1,0.4211,6.25,-1.47,8.7,2014-2025,"Louisville, Purdue, Western Kentucky",CFBD full-game lines/results
Lorenzo Ward,Louisville,Favorite,Full Game,2,0,2,0,0.0,1,1,0,0.5,-22.5,3.5,-13.5,2018-2018,Louisville,CFBD full-game lines/results
Lorenzo Ward,Louisville,Underdog,Full Game,9,1,8,0,0.1111,7,2,0,0.7778,-17.17,8.44,15.94,2018-2018,Louisville,CFBD full-game lines/results
Doc Holliday,Marshall,Favorite,Full Game,72,31,40,1,0.4366,18,13,1,0.5806,-0.16,-3.78,-16.17,2013-2020,Marshall,CFBD full-game lines/results
Doc Holliday,Marshall,Underdog,Full Game,23,13,9,1,0.5909,8,5,0,0.6154,0.89,-4.96,8.33,2013-2020,Marshall,CFBD full-game lines/results
Tony Gibson,Marshall,Favorite,Full Game,8,3,5,0,0.375,3,5,0,0.375,-3.56,5.25,-7.19,2025-2025,Marshall,CFBD full-game lines/results
Tony Gibson,Marshall,Underdog,Full Game,4,4,0,0,1.0,3,1,0,0.75,11.88,6.75,17.62,2025-2025,Marshall,CFBD full-game lines/results
D.J. Durkin,Maryland,Favorite,Full Game,16,7,9,0,0.4375,1,1,0,0.5,0.34,-4.5,-14.41,2014-2017,"Florida, Maryland",CFBD full-game lines/results
D.J. Durkin,Maryland,Underdog,Full Game,19,7,12,0,0.3684,7,2,0,0.7778,-3.55,9.44,13.97,2014-2017,"Florida, Maryland",CFBD full-game lines/results
Matt Canada,Maryland,Favorite,Full Game,5,4,1,0,0.8,2,3,0,0.4,5.1,5.5,-14.1,2018-2018,Maryland,CFBD full-game lines/results
Matt Canada,Maryland,Underdog,Full Game,7,2,5,0,0.2857,4,3,0,0.5714,-4.0,5.0,10.0,2018-2018,Maryland,CFBD full-game lines/results
Mike Locksley,Maryland,Favorite,Full Game,36,17,19,0,0.4722,18,15,1,0.5455,2.44,-1.46,-13.78,2019-2025,Maryland,CFBD full-game lines/results
Mike Locksley,Maryland,Underdog,Full Game,41,15,25,1,0.375,21,20,0,0.5122,-6.24,1.4,12.8,2019-2025,Maryland,CFBD full-game lines/results
Alex Miller,Massachusetts,Favorite,Full Game,1,0,1,0,0.0,1,0,0,1.0,-15.5,1.5,-2.5,2021-2021,Massachusetts,CFBD full-game lines/results
Alex Miller,Massachusetts,Underdog,Full Game,11,4,7,0,0.3636,6,5,0,0.5455,-2.14,1.68,25.86,2021-2021,Massachusetts,CFBD full-game lines/results
Charley Molnar,Massachusetts,Favorite,Full Game,2,1,1,0,0.5,0,0,0,,0.75,,-2.25,2013-2013,Massachusetts,CFBD full-game lines/results
Charley Molnar,Massachusetts,Underdog,Full Game,10,4,5,1,0.4444,0,0,0,,-4.4,,21.8,2013-2013,Massachusetts,CFBD full-game lines/results
Don Brown,Massachusetts,Favorite,Full Game,7,2,5,0,0.2857,3,4,0,0.4286,-7.0,1.93,-9.57,2022-2024,Massachusetts,CFBD full-game lines/results
Don Brown,Massachusetts,Underdog,Full Game,29,14,14,1,0.5,16,12,0,0.5714,-1.29,5.38,18.47,2022-2024,Massachusetts,CFBD full-game lines/results
Joe Harasymiak,Massachusetts,Favorite,Full Game,1,0,1,0,0.0,1,0,0,1.0,-15.5,1.0,-14.5,2025-2025,Massachusetts,CFBD full-game lines/results
Joe Harasymiak,Massachusetts,Underdog,Full Game,11,3,8,0,0.2727,8,3,0,0.7273,-11.77,0.59,18.14,2025-2025,Massachusetts,CFBD full-game lines/results
Mark Whipple,Massachusetts,Favorite,Full Game,16,9,7,0,0.5625,5,4,0,0.5556,1.38,0.22,-7.69,2014-2018,Massachusetts,CFBD full-game lines/results
Mark Whipple,Massachusetts,Underdog,Full Game,42,20,21,1,0.4878,6,7,2,0.4615,-0.21,3.2,14.21,2014-2018,Massachusetts,CFBD full-game lines/results
Shane Montgomery,Massachusetts,Favorite,Full Game,3,1,2,0,0.3333,1,2,0,0.3333,-9.0,0.33,-15.0,2024-2024,Massachusetts,CFBD full-game lines/results
Shane Montgomery,Massachusetts,Underdog,Full Game,9,5,3,1,0.625,6,3,0,0.6667,-0.94,10.28,18.39,2024-2024,Massachusetts,CFBD full-game lines/results
Walt Bell,Massachusetts,Favorite,Full Game,2,0,2,0,0.0,1,1,0,0.5,-23.5,-6.5,-4.5,2019-2021,Massachusetts,CFBD full-game lines/results
Walt Bell,Massachusetts,Underdog,Full Game,26,8,18,0,0.3077,16,10,0,0.6154,-4.92,2.77,26.88,2019-2021,Massachusetts,CFBD full-game lines/results
Ryan Silverfield,Memphis,Favorite,Full Game,47,20,26,1,0.4348,23,21,1,0.5227,0.15,0.84,-14.38,2020-2025,Memphis,CFBD full-game lines/results
Ryan Silverfield,Memphis,Underdog,Full Game,23,11,12,0,0.4783,13,10,0,0.5652,-0.41,-0.74,5.63,2020-2025,Memphis,CFBD full-game lines/results
Al Golden,Miami-FL,Favorite,Full Game,24,12,12,0,0.5,0,0,0,,-1.62,,-15.0,2013-2015,Miami-FL,CFBD full-game lines/results
Al Golden,Miami-FL,Underdog,Full Game,12,5,7,0,0.4167,0,2,0,0.0,-4.33,-6.5,6.83,2013-2015,Miami-FL,CFBD full-game lines/results
Jess Simpson,Miami-FL,Favorite,Full Game,8,3,5,0,0.375,2,5,1,0.2857,-0.88,-0.62,-13.0,2021-2021,Miami-FL,CFBD full-game lines/results
Jess Simpson,Miami-FL,Underdog,Full Game,4,3,1,0,0.75,3,1,0,0.75,2.75,9.12,10.0,2021-2021,Miami-FL,CFBD full-game lines/results
Mario Cristobal,Miami-FL,Favorite,Full Game,70,30,39,1,0.4348,34,33,1,0.5075,-1.34,-0.8,-18.51,2018-2025,"Miami-FL, Oregon",CFBD full-game lines/results
Mario Cristobal,Miami-FL,Underdog,Full Game,22,10,12,0,0.4545,10,11,0,0.4762,-0.98,0.95,5.11,2018-2025,"Miami-FL, Oregon",CFBD full-game lines/results
Mark Richt,Miami-FL,Favorite,Full Game,64,34,28,2,0.5484,8,16,0,0.3333,0.55,-3.44,-14.84,2013-2018,"Georgia, Miami-FL",CFBD full-game lines/results
Mark Richt,Miami-FL,Underdog,Full Game,8,1,7,0,0.125,0,3,0,0.0,-4.06,-6.5,3.94,2013-2018,"Georgia, Miami-FL",CFBD full-game lines/results
Chuck Martin,Miami-OH,Favorite,Full Game,61,31,30,0,0.5082,21,29,2,0.42,0.02,-2.26,-11.45,2014-2025,Miami-OH,CFBD full-game lines/results
Chuck Martin,Miami-OH,Underdog,Full Game,77,42,34,1,0.5526,24,28,0,0.4615,1.23,-0.11,11.03,2014-2025,Miami-OH,CFBD full-game lines/results
Don Treadwell,Miami-OH,Underdog,Full Game,12,1,11,0,0.0833,0,0,0,,-8.29,,17.62,2013-2013,Miami-OH,CFBD full-game lines/results
Mike Bath,Miami-OH,Underdog,Full Game,12,1,11,0,0.0833,0,0,0,,-8.29,,17.62,2013-2013,Miami-OH,CFBD full-game lines/results
Jim Harbaugh,Michigan,Favorite,Full Game,91,52,37,2,0.5843,33,34,1,0.4925,3.68,1.18,-19.08,2015-2023,Michigan,CFBD full-game lines/results
Jim Harbaugh,Michigan,Pick,Full Game,1,0,1,0,0.0,0,1,0,0.0,-10.0,-12.5,0.0,2020-2020,Michigan,CFBD full-game lines/results
Jim Harbaugh,Michigan,Underdog,Full Game,13,6,7,0,0.4615,9,1,0,0.9,-3.54,8.0,6.46,2015-2022,Michigan,CFBD full-game lines/results
Sherrone Moore,Michigan,Favorite,Full Game,15,6,9,0,0.4,9,6,0,0.6,0.3,2.27,-14.63,2024-2025,Michigan,CFBD full-game lines/results
Sherrone Moore,Michigan,Underdog,Full Game,9,3,6,0,0.3333,4,5,0,0.4444,-2.17,-4.5,8.5,2024-2025,Michigan,CFBD full-game lines/results
Harlon Barnett,Michigan State,Favorite,Full Game,2,2,0,0,1.0,1,1,0,0.5,5.75,4.0,-21.75,2023-2023,Michigan State,CFBD full-game lines/results
Harlon Barnett,Michigan State,Underdog,Full Game,10,4,6,0,0.4,4,3,1,0.5714,-7.5,0.88,12.9,2023-2023,Michigan State,CFBD full-game lines/results
Jonathan Smith,Michigan State,Favorite,Full Game,37,20,17,0,0.5405,20,17,0,0.5405,2.04,1.23,-11.28,2018-2025,"Michigan State, Oregon State",CFBD full-game lines/results
Jonathan Smith,Michigan State,Underdog,Full Game,54,31,23,0,0.5741,30,21,1,0.5882,0.93,1.49,11.26,2018-2025,"Michigan State, Oregon State",CFBD full-game lines/results
Mark Dantonio,Michigan State,Favorite,Full Game,63,28,35,0,0.4444,11,13,0,0.4583,-0.67,-2.12,-14.65,2013-2019,Michigan State,CFBD full-game lines/results
Mark Dantonio,Michigan State,Underdog,Full Game,22,12,10,0,0.5455,3,9,0,0.25,0.18,-6.62,10.36,2013-2019,Michigan State,CFBD full-game lines/results
Mel Tucker,Michigan State,Favorite,Full Game,17,9,8,0,0.5294,10,7,0,0.5882,-0.47,4.29,-12.47,2019-2023,"Colorado, Michigan State",CFBD full-game lines/results
Mel Tucker,Michigan State,Underdog,Full Game,38,18,19,1,0.4865,18,17,1,0.5143,-1.71,-1.29,12.34,2019-2023,"Colorado, Michigan State",CFBD full-game lines/results
Derek Mason,Middle Tennessee,Favorite,Full Game,26,13,13,0,0.5,3,13,0,0.1875,-5.02,-5.5,-12.83,2014-2025,"Middle Tennessee, Vanderbilt",CFBD full-game lines/results
Derek Mason,Middle Tennessee,Underdog,Full Game,78,35,41,2,0.4605,25,26,0,0.4902,-1.47,1.42,13.83,2014-2025,"Middle Tennessee, Vanderbilt",CFBD full-game lines/results
Rick Stockstill,Middle Tennessee,Favorite,Full Game,64,35,27,2,0.5645,20,12,0,0.625,1.62,3.62,-11.44,2013-2023,Middle Tennessee,CFBD full-game lines/results
Rick Stockstill,Middle Tennessee,Underdog,Full Game,65,31,33,1,0.4844,20,28,1,0.4167,-0.84,-3.3,10.62,2013-2023,Middle Tennessee,CFBD full-game lines/results
P.J. Fleck,Minnesota,Favorite,Full Game,82,43,38,1,0.5309,23,32,1,0.4182,2.57,-0.65,-12.87,2013-2025,"Minnesota, Western Michigan",CFBD full-game lines/results
P.J. Fleck,Minnesota,Pick,Full Game,1,0,1,0,0.0,1,0,0,1.0,-19.0,33.5,0.0,2023-2023,Minnesota,CFBD full-game lines/results
P.J. Fleck,Minnesota,Underdog,Full Game,68,37,28,3,0.5692,28,18,1,0.6087,1.46,3.47,9.85,2013-2025,"Minnesota, Western Michigan",CFBD full-game lines/results
Tracy Claeys,Minnesota,Favorite,Full Game,12,4,8,0,0.3333,1,0,0,1.0,-1.67,8.0,-13.75,2015-2016,Minnesota,CFBD full-game lines/results
Tracy Claeys,Minnesota,Underdog,Full Game,12,7,4,1,0.6364,0,0,0,,0.25,,8.42,2015-2016,Minnesota,CFBD full-game lines/results
Greg Knox,Mississippi State,Favorite,Full Game,22,9,13,0,0.4091,7,13,1,0.35,-2.36,0.05,-18.64,2017-2023,"Florida, Mississippi State",CFBD full-game lines/results
Greg Knox,Mississippi State,Underdog,Full Game,14,5,9,0,0.3571,4,7,1,0.3636,-5.46,-6.79,9.68,2017-2023,"Florida, Mississippi State",CFBD full-game lines/results
Jeff Lebby,Mississippi State,Favorite,Full Game,6,5,1,0,0.8333,3,3,0,0.5,3.58,0.5,-22.75,2024-2025,Mississippi State,CFBD full-game lines/results
Jeff Lebby,Mississippi State,Underdog,Full Game,18,10,8,0,0.5556,10,8,0,0.5556,0.61,2.81,14.0,2024-2025,Mississippi State,CFBD full-game lines/results
Mike Leach,Mississippi State,Favorite,Full Game,61,32,27,2,0.5424,22,20,0,0.5238,1.33,2.06,-14.87,2013-2022,"Mississippi State, Washington State",CFBD full-game lines/results
Mike Leach,Mississippi State,Underdog,Full Game,56,35,21,0,0.625,13,14,0,0.4815,2.18,-0.28,9.75,2013-2022,"Mississippi State, Washington State",CFBD full-game lines/results
Zach Arnett,Mississippi State,Favorite,Full Game,13,7,5,1,0.5833,8,5,0,0.6154,2.04,5.19,-15.81,2022-2023,Mississippi State,CFBD full-game lines/results
Zach Arnett,Mississippi State,Underdog,Full Game,11,3,8,0,0.2727,3,6,0,0.3333,-6.5,-10.06,10.5,2022-2023,Mississippi State,CFBD full-game lines/results
Eli Drinkwitz,Missouri,Favorite,Full Game,47,26,21,0,0.5532,23,22,0,0.5111,1.02,4.27,-16.81,2019-2025,"Appalachian State, Missouri",CFBD full-game lines/results
Eli Drinkwitz,Missouri,Underdog,Full Game,36,20,15,1,0.5714,16,18,0,0.4706,1.08,-2.25,9.33,2019-2025,"Appalachian State, Missouri",CFBD full-game lines/results
Gary Pinkel,Missouri,Favorite,Full Game,20,13,7,0,0.65,0,0,0,,1.8,,-11.4,2013-2015,Missouri,CFBD full-game lines/results
Gary Pinkel,Missouri,Underdog,Full Game,17,10,7,0,0.5882,0,0,0,,3.62,,5.56,2013-2015,Missouri,CFBD full-game lines/results
Ryan Beard,Missouri State,Favorite,Full Game,6,4,2,0,0.6667,2,4,0,0.3333,3.0,2.83,-5.33,2025-2025,Missouri State,CFBD full-game lines/results
Ryan Beard,Missouri State,Underdog,Full Game,6,3,3,0,0.5,2,4,0,0.3333,0.58,-2.0,14.75,2025-2025,Missouri State,CFBD full-game lines/results
Dave Doeren,NC State,Favorite,Full Game,88,42,43,3,0.4941,26,33,2,0.4407,0.18,-1.8,-13.89,2013-2025,NC State,CFBD full-game lines/results
Dave Doeren,NC State,Underdog,Full Game,67,30,37,0,0.4478,25,20,0,0.5556,-1.63,2.81,8.6,2013-2025,NC State,CFBD full-game lines/results
Brian Newberry,Navy,Favorite,Full Game,21,9,12,0,0.4286,13,8,0,0.619,-1.07,-1.07,-13.93,2023-2025,Navy,CFBD full-game lines/results
Brian Newberry,Navy,Underdog,Full Game,15,8,7,0,0.5333,6,6,1,0.5,0.77,2.58,10.57,2023-2025,Navy,CFBD full-game lines/results
Bo Pelini,Nebraska,Favorite,Full Game,18,10,8,0,0.5556,1,0,0,1.0,1.17,10.0,-14.44,2013-2014,Nebraska,CFBD full-game lines/results
Bo Pelini,Nebraska,Underdog,Full Game,6,4,2,0,0.6667,1,0,0,1.0,-2.83,18.0,4.33,2013-2014,Nebraska,CFBD full-game lines/results
Matt Rhule,Nebraska,Favorite,Full Game,59,28,28,3,0.5,20,16,0,0.5556,0.86,-1.31,-14.76,2013-2025,"Baylor, Nebraska, Temple",CFBD full-game lines/results
Matt Rhule,Nebraska,Underdog,Full Game,63,36,25,2,0.5902,14,20,0,0.4118,2.71,-1.35,9.48,2013-2025,"Baylor, Nebraska, Temple",CFBD full-game lines/results
Mickey Joseph,Nebraska,Favorite,Full Game,5,1,4,0,0.2,2,3,0,0.4,-8.8,-1.3,-14.8,2022-2022,Nebraska,CFBD full-game lines/results
Mickey Joseph,Nebraska,Underdog,Full Game,7,4,3,0,0.5714,2,5,0,0.2857,1.07,-3.79,13.93,2022-2022,Nebraska,CFBD full-game lines/results
Mike Riley,Nebraska,Favorite,Full Game,36,11,24,1,0.3143,1,4,0,0.2,-3.08,-1.5,-12.03,2013-2017,"Nebraska, Oregon State",CFBD full-game lines/results
Mike Riley,Nebraska,Underdog,Full Game,24,11,13,0,0.4583,7,2,0,0.7778,-6.75,16.5,9.38,2013-2017,"Nebraska, Oregon State",CFBD full-game lines/results
Brian Polian,Nevada,Favorite,Full Game,21,11,10,0,0.5238,0,1,0,0.0,-2.0,-0.5,-8.24,2013-2016,Nevada,CFBD full-game lines/results
Brian Polian,Nevada,Underdog,Full Game,26,14,12,0,0.5385,0,2,0,0.0,2.12,-8.5,11.85,2013-2016,Nevada,CFBD full-game lines/results
Jeff Choate,Nevada,Favorite,Full Game,5,1,4,0,0.2,1,4,0,0.2,-1.2,-11.4,-7.0,2024-2025,Nevada,CFBD full-game lines/results
Jeff Choate,Nevada,Underdog,Full Game,20,10,8,2,0.5556,9,11,0,0.45,1.82,0.72,12.92,2024-2025,Nevada,CFBD full-game lines/results
Ken Wilson,Nevada,Favorite,Full Game,6,2,4,0,0.3333,2,4,0,0.3333,-8.17,0.33,-4.17,2022-2023,Nevada,CFBD full-game lines/results
Ken Wilson,Nevada,Underdog,Full Game,18,8,10,0,0.4444,7,7,2,0.5,-0.47,-1.03,16.97,2022-2023,Nevada,CFBD full-game lines/results
Vai Taua,Nevada,Favorite,Full Game,7,4,3,0,0.5714,5,2,0,0.7143,3.64,3.64,-16.07,2021-2021,Nevada,CFBD full-game lines/results
Vai Taua,Nevada,Underdog,Full Game,5,4,1,0,0.8,3,2,0,0.6,4.6,5.1,2.8,2021-2021,Nevada,CFBD full-game lines/results
Bob Davie,New Mexico,Favorite,Full Game,27,9,16,2,0.36,6,3,0,0.6667,-1.81,8.89,-9.44,2013-2019,New Mexico,CFBD full-game lines/results
Bob Davie,New Mexico,Underdog,Full Game,57,25,30,2,0.4545,10,17,1,0.3704,-0.02,-4.59,13.32,2013-2019,New Mexico,CFBD full-game lines/results
Danny Gonzales,New Mexico,Favorite,Full Game,10,2,8,0,0.2,5,5,0,0.5,-6.85,-1.8,-10.05,2020-2023,New Mexico,CFBD full-game lines/results
Danny Gonzales,New Mexico,Underdog,Full Game,33,12,20,1,0.375,16,15,0,0.5161,-1.09,-0.55,15.18,2020-2023,New Mexico,CFBD full-game lines/results
Jason Eck,New Mexico,Favorite,Full Game,6,3,3,0,0.5,1,5,0,0.1667,-0.17,-10.92,-11.67,2025-2025,New Mexico,CFBD full-game lines/results
Jason Eck,New Mexico,Underdog,Full Game,6,4,2,0,0.6667,3,3,0,0.5,11.5,2.5,12.17,2025-2025,New Mexico,CFBD full-game lines/results
Doug Martin,New Mexico State,Favorite,Full Game,15,10,5,0,0.6667,7,4,0,0.6364,2.6,5.18,-7.67,2013-2021,New Mexico State,CFBD full-game lines/results
Doug Martin,New Mexico State,Underdog,Full Game,81,32,46,3,0.4103,18,20,0,0.4737,-3.25,1.09,16.85,2013-2021,New Mexico State,CFBD full-game lines/results
Jerry Kill,New Mexico State,Favorite,Full Game,35,20,14,1,0.5882,10,10,0,0.5,1.87,1.9,-10.96,2013-2023,"Minnesota, New Mexico State, TCU",CFBD full-game lines/results
Jerry Kill,New Mexico State,Underdog,Full Game,38,21,16,1,0.5676,8,11,0,0.4211,3.05,0.87,12.42,2013-2023,"Minnesota, New Mexico State, TCU",CFBD full-game lines/results
Tony Sanchez,New Mexico State,Favorite,Full Game,23,8,15,0,0.3478,8,6,0,0.5714,-6.15,1.93,-12.93,2015-2025,"New Mexico State, UNLV",CFBD full-game lines/results
Tony Sanchez,New Mexico State,Underdog,Full Game,61,33,27,1,0.55,23,25,1,0.4792,1.62,1.59,14.25,2015-2025,"New Mexico State, UNLV",CFBD full-game lines/results
Bill Belichick,North Carolina,Favorite,Full Game,3,2,1,0,0.6667,0,3,0,0.0,2.5,-11.17,-16.5,2025-2025,North Carolina,CFBD full-game lines/results
Bill Belichick,North Carolina,Underdog,Full Game,9,3,5,1,0.375,5,4,0,0.5556,-6.28,-1.28,7.06,2025-2025,North Carolina,CFBD full-game lines/results
Freddie Kitchens,North Carolina,Favorite,Full Game,8,1,7,0,0.125,4,4,0,0.5,-6.31,9.06,-11.06,2024-2024,North Carolina,CFBD full-game lines/results
Freddie Kitchens,North Carolina,Underdog,Full Game,4,2,2,0,0.5,1,3,0,0.25,6.0,-2.12,3.0,2024-2024,North Carolina,CFBD full-game lines/results
Larry Fedora,North Carolina,Favorite,Full Game,38,22,16,0,0.5789,4,2,0,0.6667,0.91,4.67,-12.59,2013-2018,North Carolina,CFBD full-game lines/results
Larry Fedora,North Carolina,Underdog,Full Game,34,16,17,1,0.4848,11,7,0,0.6111,0.26,-0.06,8.79,2013-2018,North Carolina,CFBD full-game lines/results
Mack Brown,North Carolina,Favorite,Full Game,60,22,36,2,0.3793,28,21,1,0.5714,-3.25,5.45,-12.7,2013-2024,"North Carolina, Texas",CFBD full-game lines/results
Mack Brown,North Carolina,Underdog,Full Game,23,12,11,0,0.5217,7,12,0,0.3684,4.91,-1.97,6.35,2013-2024,"North Carolina, Texas",CFBD full-game lines/results
Dan McCarney,North Texas,Favorite,Full Game,15,10,5,0,0.6667,0,0,0,,8.5,,-9.1,2013-2015,North Texas,CFBD full-game lines/results
Dan McCarney,North Texas,Underdog,Full Game,21,7,14,0,0.3333,0,1,0,0.0,-5.33,-16.0,16.0,2013-2015,North Texas,CFBD full-game lines/results
Eric Morris,North Texas,Favorite,Full Game,24,14,9,1,0.6087,14,9,0,0.6087,5.25,4.63,-10.54,2023-2025,North Texas,CFBD full-game lines/results
Eric Morris,North Texas,Underdog,Full Game,13,6,7,0,0.4615,8,5,0,0.6154,-3.85,5.38,8.31,2023-2024,North Texas,CFBD full-game lines/results
Phil Bennett,North Texas,Favorite,Full Game,5,3,2,0,0.6,3,2,0,0.6,5.9,0.5,-16.5,2022-2022,North Texas,CFBD full-game lines/results
Phil Bennett,North Texas,Underdog,Full Game,8,4,4,0,0.5,5,3,0,0.625,-2.19,0.62,7.81,2022-2022,North Texas,CFBD full-game lines/results
Seth Littrell,North Texas,Favorite,Full Game,37,19,18,0,0.5135,16,19,0,0.4571,1.53,1.99,-13.55,2016-2022,North Texas,CFBD full-game lines/results
Seth Littrell,North Texas,Underdog,Full Game,46,22,23,1,0.4889,18,17,1,0.5143,-0.54,1.76,10.0,2016-2022,North Texas,CFBD full-game lines/results
Thomas Hammock,Northern Illinois,Favorite,Full Game,39,12,26,1,0.3158,20,15,2,0.5714,-4.73,-1.36,-8.76,2019-2025,Northern Illinois,CFBD full-game lines/results
Thomas Hammock,Northern Illinois,Underdog,Full Game,40,21,17,2,0.5526,21,19,0,0.525,1.7,2.49,10.52,2019-2025,Northern Illinois,CFBD full-game lines/results
David Braun,Northwestern,Favorite,Full Game,11,6,5,0,0.5455,5,6,0,0.4545,4.45,-3.09,-10.27,2023-2025,Northwestern,CFBD full-game lines/results
David Braun,Northwestern,Underdog,Full Game,25,12,11,2,0.5217,13,11,0,0.5417,2.08,1.35,12.4,2023-2025,Northwestern,CFBD full-game lines/results
Pat Fitzgerald,Northwestern,Favorite,Full Game,53,22,28,3,0.44,8,21,0,0.2759,-2.11,-4.41,-11.32,2013-2022,Northwestern,CFBD full-game lines/results
Pat Fitzgerald,Northwestern,Pick,Full Game,1,0,1,0,0.0,1,0,0,1.0,-2.0,7.0,0.0,2019-2019,Northwestern,CFBD full-game lines/results
Pat Fitzgerald,Northwestern,Underdog,Full Game,63,33,29,1,0.5323,19,22,0,0.4634,0.45,-3.6,10.88,2013-2022,Northwestern,CFBD full-game lines/results
Marcus Freeman,Notre Dame,Favorite,Full Game,51,33,18,0,0.6471,28,21,1,0.5714,5.84,3.91,-16.71,2021-2025,Notre Dame,CFBD full-game lines/results
Marcus Freeman,Notre Dame,Underdog,Full Game,9,7,2,0,0.7778,5,4,0,0.5556,9.06,-2.44,4.72,2021-2024,Notre Dame,CFBD full-game lines/results
Brian Smith,Ohio,Favorite,Full Game,8,3,5,0,0.375,5,3,0,0.625,-2.5,5.38,-14.62,2025-2025,Ohio,CFBD full-game lines/results
Brian Smith,Ohio,Underdog,Full Game,4,3,1,0,0.75,1,3,0,0.25,4.25,-8.5,11.25,2025-2025,Ohio,CFBD full-game lines/results
Frank Solich,Ohio,Favorite,Full Game,60,29,29,2,0.5,20,10,0,0.6667,1.15,6.9,-11.85,2013-2020,Ohio,CFBD full-game lines/results
Frank Solich,Ohio,Underdog,Full Game,28,15,13,0,0.5357,4,5,0,0.4444,-1.12,-0.22,7.88,2013-2019,Ohio,CFBD full-game lines/results
Ryan Day,Ohio State,Favorite,Full Game,91,49,38,4,0.5632,41,46,3,0.4713,2.43,-0.53,-23.02,2018-2025,Ohio State,CFBD full-game lines/results
Ryan Day,Ohio State,Underdog,Full Game,2,1,1,0,0.5,2,0,0,1.0,12.5,28.5,4.0,2018-2023,Ohio State,CFBD full-game lines/results
Urban Meyer,Ohio State,Favorite,Full Game,73,33,38,2,0.4648,15,10,0,0.6,1.84,4.4,-20.92,2013-2018,Ohio State,CFBD full-game lines/results
Urban Meyer,Ohio State,Underdog,Full Game,3,3,0,0,1.0,1,0,0,1.0,34.33,50.0,3.0,2014-2018,Ohio State,CFBD full-game lines/results
Bob Stoops,Oklahoma,Favorite,Full Game,54,28,25,1,0.5283,7,6,0,0.5385,0.21,2.46,-17.55,2013-2021,Oklahoma,CFBD full-game lines/results
Bob Stoops,Oklahoma,Underdog,Full Game,6,3,2,1,0.6,1,0,0,1.0,1.33,20.5,5.5,2013-2021,Oklahoma,CFBD full-game lines/results
Brent Venables,Oklahoma,Favorite,Full Game,36,18,17,1,0.5143,14,20,1,0.4118,0.26,-2.01,-16.4,2022-2025,Oklahoma,CFBD full-game lines/results
Brent Venables,Oklahoma,Underdog,Full Game,12,6,6,0,0.5,5,7,0,0.4167,-3.0,-5.83,7.5,2022-2025,Oklahoma,CFBD full-game lines/results
Mike Gundy,Oklahoma State,Favorite,Full Game,99,43,50,6,0.4624,33,31,1,0.5156,-2.08,-0.67,-14.95,2013-2025,Oklahoma State,CFBD full-game lines/results
Mike Gundy,Oklahoma State,Underdog,Full Game,57,32,25,0,0.5614,22,22,0,0.5,1.04,0.92,10.18,2013-2025,Oklahoma State,CFBD full-game lines/results
Bobby Wilder,Old Dominion,Favorite,Full Game,26,13,12,1,0.52,3,6,1,0.3333,-0.33,-9.7,-10.6,2014-2019,Old Dominion,CFBD full-game lines/results
Bobby Wilder,Old Dominion,Underdog,Full Game,46,18,28,0,0.3913,15,11,0,0.5769,-3.05,5.19,12.75,2014-2019,Old Dominion,CFBD full-game lines/results
Ricky Rahne,Old Dominion,Favorite,Full Game,19,9,10,0,0.4737,7,11,0,0.3889,3.18,-2.14,-10.61,2021-2025,Old Dominion,CFBD full-game lines/results
Ricky Rahne,Old Dominion,Underdog,Full Game,40,25,15,0,0.625,18,21,1,0.4615,4.88,-0.96,10.28,2021-2025,Old Dominion,CFBD full-game lines/results
Lane Kiffin,Ole Miss,Favorite,Full Game,90,48,39,3,0.5517,31,48,0,0.3924,2.94,-3.32,-14.62,2013-2025,"Florida Atlantic, Ole Miss, USC",CFBD full-game lines/results
Lane Kiffin,Ole Miss,Pick,Full Game,1,0,1,0,0.0,1,0,0,1.0,-25.0,1.0,0.0,2022-2022,Ole Miss,CFBD full-game lines/results
Lane Kiffin,Ole Miss,Underdog,Full Game,28,14,14,0,0.5,11,11,1,0.5,1.16,2.54,9.12,2013-2025,"Florida Atlantic, Ole Miss, USC",CFBD full-game lines/results
Matt Luke,Ole Miss,Favorite,Full Game,18,8,10,0,0.4444,11,6,0,0.6471,1.53,4.35,-14.25,2017-2019,Ole Miss,CFBD full-game lines/results
Matt Luke,Ole Miss,Underdog,Full Game,18,7,11,0,0.3889,8,10,0,0.4444,-4.81,-2.81,13.58,2017-2019,Ole Miss,CFBD full-game lines/results
Bryan McClendon,Oregon,Favorite,Full Game,9,3,6,0,0.3333,5,4,0,0.5556,-4.39,1.56,-18.39,2021-2021,Oregon,CFBD full-game lines/results
Bryan McClendon,Oregon,Underdog,Full Game,4,2,2,0,0.5,1,3,0,0.25,-6.75,-5.38,5.5,2021-2021,Oregon,CFBD full-game lines/results
Dan Lanning,Oregon,Favorite,Full Game,44,30,14,0,0.6818,20,22,0,0.4762,5.36,1.35,-18.45,2022-2025,Oregon,CFBD full-game lines/results
Dan Lanning,Oregon,Underdog,Full Game,5,2,2,1,0.5,4,1,0,0.8,-3.8,4.6,5.4,2022-2025,Oregon,CFBD full-game lines/results
Mark Helfrich,Oregon,Favorite,Full Game,39,19,19,1,0.5,0,0,0,,-3.55,,-21.73,2013-2016,Oregon,CFBD full-game lines/results
Mark Helfrich,Oregon,Underdog,Full Game,10,5,3,2,0.625,1,2,0,0.3333,-3.55,10.33,5.65,2015-2016,Oregon,CFBD full-game lines/results
Cory Hall,Oregon State,Favorite,Full Game,2,0,2,0,0.0,1,0,0,1.0,-29.75,11.5,-14.25,2017-2017,Oregon State,CFBD full-game lines/results
Cory Hall,Oregon State,Underdog,Full Game,9,3,5,1,0.375,6,3,0,0.6667,-4.17,1.11,18.72,2017-2017,Oregon State,CFBD full-game lines/results
Kefense Hynson,Oregon State,Favorite,Full Game,10,6,4,0,0.6,6,4,0,0.6,5.35,4.25,-12.05,2023-2023,Oregon State,CFBD full-game lines/results
Kefense Hynson,Oregon State,Underdog,Full Game,2,0,2,0,0.0,0,1,0,0.0,-5.5,-22.0,7.5,2023-2023,Oregon State,CFBD full-game lines/results
Trent Bray,Oregon State,Favorite,Full Game,11,3,8,0,0.2727,5,6,0,0.4545,-7.0,-0.95,-9.27,2024-2025,Oregon State,CFBD full-game lines/results
Trent Bray,Oregon State,Underdog,Full Game,13,4,9,0,0.3077,4,8,1,0.3333,-5.58,-1.62,11.96,2024-2025,Oregon State,CFBD full-game lines/results
James Franklin,Penn State,Favorite,Full Game,117,63,50,4,0.5575,42,40,1,0.5122,2.37,-0.51,-17.03,2013-2025,"Penn State, Vanderbilt",CFBD full-game lines/results
James Franklin,Penn State,Pick,Full Game,2,1,1,0,0.5,1,1,0,0.5,-5.0,2.0,0.0,2020-2020,Penn State,CFBD full-game lines/results
James Franklin,Penn State,Underdog,Full Game,35,18,16,1,0.5294,9,8,1,0.5294,-0.1,0.06,9.07,2013-2025,"Penn State, Vanderbilt",CFBD full-game lines/results
Pat Narduzzi,Pittsburgh,Favorite,Full Game,76,44,32,0,0.5789,33,27,2,0.55,2.94,2.89,-11.32,2015-2025,Pittsburgh,CFBD full-game lines/results
Pat Narduzzi,Pittsburgh,Underdog,Full Game,57,26,29,2,0.4727,20,25,0,0.4444,-1.2,-0.33,8.39,2015-2025,Pittsburgh,CFBD full-game lines/results
Barry Odom,Purdue,Favorite,Full Game,53,29,24,0,0.5472,21,24,0,0.4667,4.19,0.42,-13.32,2016-2025,"Missouri, Purdue, UNLV",CFBD full-game lines/results
Barry Odom,Purdue,Underdog,Full Game,33,16,17,0,0.4848,11,15,0,0.4231,-1.85,-2.88,13.09,2016-2025,"Missouri, Purdue, UNLV",CFBD full-game lines/results
Brian Brohm,Purdue,Favorite,Full Game,6,2,4,0,0.3333,2,4,0,0.3333,-5.58,-2.58,-16.42,2022-2022,Purdue,CFBD full-game lines/results
Brian Brohm,Purdue,Underdog,Full Game,7,3,4,0,0.4286,6,1,0,0.8571,3.0,3.0,5.86,2022-2022,Purdue,CFBD full-game lines/results
Darrell Hazell,Purdue,Favorite,Full Game,9,5,4,0,0.5556,1,0,0,1.0,-1.5,27.0,-7.5,2013-2016,Purdue,CFBD full-game lines/results
Darrell Hazell,Purdue,Underdog,Full Game,39,18,21,0,0.4615,1,0,0,1.0,-4.01,6.5,14.6,2013-2016,Purdue,CFBD full-game lines/results
Ryan Walters,Purdue,Favorite,Full Game,5,3,2,0,0.6,3,1,0,0.75,4.4,8.62,-9.2,2023-2024,Purdue,CFBD full-game lines/results
Ryan Walters,Purdue,Pick,Full Game,1,1,0,0,1.0,1,0,0,1.0,19.0,33.5,0.0,2023-2023,Purdue,CFBD full-game lines/results
Ryan Walters,Purdue,Underdog,Full Game,18,4,14,0,0.2222,9,9,0,0.5,-10.69,2.36,14.58,2023-2024,Purdue,CFBD full-game lines/results
David Bailiff,Rice,Favorite,Full Game,24,13,11,0,0.5417,0,1,0,0.0,0.38,-32.5,-9.42,2013-2017,Rice,CFBD full-game lines/results
David Bailiff,Rice,Underdog,Full Game,36,16,20,0,0.4444,6,5,1,0.5455,-4.75,1.79,14.17,2013-2017,Rice,CFBD full-game lines/results
Mike Bloomgren,Rice,Favorite,Full Game,23,9,14,0,0.3913,13,8,0,0.619,-4.24,6.19,-9.54,2018-2024,Rice,CFBD full-game lines/results
Mike Bloomgren,Rice,Underdog,Full Game,55,30,23,2,0.566,28,26,0,0.5185,2.46,-2.29,15.03,2018-2024,Rice,CFBD full-game lines/results
Pete Alamar,Rice,Favorite,Full Game,4,1,3,0,0.25,1,2,0,0.3333,-9.12,5.17,-12.88,2024-2024,Rice,CFBD full-game lines/results
Pete Alamar,Rice,Underdog,Full Game,8,4,3,1,0.5714,3,5,0,0.375,1.88,-5.06,8.62,2024-2024,Rice,CFBD full-game lines/results
Scott Abell,Rice,Favorite,Full Game,3,1,2,0,0.3333,2,1,0,0.6667,-3.17,0.83,-11.83,2025-2025,Rice,CFBD full-game lines/results
Scott Abell,Rice,Underdog,Full Game,9,4,5,0,0.4444,5,4,0,0.5556,-5.72,3.5,13.72,2025-2025,Rice,CFBD full-game lines/results
Chris Ash,Rutgers,Favorite,Full Game,6,4,2,0,0.6667,1,2,0,0.3333,6.42,-4.17,-20.92,2016-2019,Rutgers,CFBD full-game lines/results
Chris Ash,Rutgers,Underdog,Full Game,42,19,23,0,0.4524,13,17,1,0.4333,-5.21,-2.39,19.69,2016-2019,Rutgers,CFBD full-game lines/results
Greg Schiano,Rutgers,Favorite,Full Game,26,16,10,0,0.6154,15,11,0,0.5769,1.54,4.5,-13.04,2020-2025,Rutgers,CFBD full-game lines/results
Greg Schiano,Rutgers,Underdog,Full Game,43,18,21,4,0.4615,21,21,0,0.5,-1.41,0.73,12.29,2020-2025,Rutgers,CFBD full-game lines/results
Kyle Flood,Rutgers,Favorite,Full Game,15,6,8,1,0.4286,1,0,0,1.0,-4.03,9.5,-12.5,2013-2015,Rutgers,CFBD full-game lines/results
Kyle Flood,Rutgers,Underdog,Full Game,20,8,12,0,0.4,1,0,0,1.0,-6.3,18.0,11.9,2013-2015,Rutgers,CFBD full-game lines/results
Jim Leavitt,SMU,Favorite,Full Game,10,5,5,0,0.5,5,5,0,0.5,1.4,0.75,-13.2,2021-2021,SMU,CFBD full-game lines/results
Jim Leavitt,SMU,Underdog,Full Game,2,1,1,0,0.5,1,1,0,0.5,-3.25,3.5,9.75,2021-2021,SMU,CFBD full-game lines/results
June Jones,SMU,Favorite,Full Game,4,2,2,0,0.5,0,0,0,,-0.38,,-9.88,2013-2013,SMU,CFBD full-game lines/results
June Jones,SMU,Underdog,Full Game,20,7,13,0,0.35,0,1,0,0.0,-7.32,-30.0,16.68,2013-2014,SMU,CFBD full-game lines/results
Rhett Lashlee,SMU,Favorite,Full Game,36,19,17,0,0.5278,16,19,0,0.4571,4.44,1.6,-15.86,2022-2025,SMU,CFBD full-game lines/results
Rhett Lashlee,SMU,Underdog,Full Game,13,6,7,0,0.4615,5,8,0,0.3846,0.69,0.46,5.23,2022-2025,SMU,CFBD full-game lines/results
Brad Cornelsen,Sam Houston,Favorite,Full Game,7,3,4,0,0.4286,1,6,0,0.1429,-1.57,-10.43,-9.57,2024-2024,Sam Houston,CFBD full-game lines/results
Brad Cornelsen,Sam Houston,Underdog,Full Game,5,3,2,0,0.6,2,3,0,0.4,6.6,-1.8,10.2,2024-2024,Sam Houston,CFBD full-game lines/results
Phil Longo,Sam Houston,Favorite,Full Game,1,0,1,0,0.0,0,1,0,0.0,-29.5,-5.5,-2.5,2025-2025,Sam Houston,CFBD full-game lines/results
Phil Longo,Sam Houston,Underdog,Full Game,11,3,8,0,0.2727,8,3,0,0.7273,-6.18,3.77,13.27,2025-2025,Sam Houston,CFBD full-game lines/results
Brady Hoke,San Diego State,Favorite,Full Game,44,17,26,1,0.3953,11,17,1,0.3929,-4.75,-3.1,-13.75,2013-2023,"Michigan, San Diego State, Tennessee",CFBD full-game lines/results
Brady Hoke,San Diego State,Underdog,Full Game,37,22,15,0,0.5946,11,14,0,0.44,-0.7,0.34,8.81,2013-2023,"Michigan, San Diego State, Tennessee",CFBD full-game lines/results
Rocky Long,San Diego State,Favorite,Full Game,63,30,32,1,0.4839,8,17,0,0.32,-1.95,-4.68,-12.81,2013-2019,San Diego State,CFBD full-game lines/results
Rocky Long,San Diego State,Pick,Full Game,1,0,1,0,0.0,0,1,0,0.0,-3.0,-21.5,0.0,2019-2019,San Diego State,CFBD full-game lines/results
Rocky Long,San Diego State,Underdog,Full Game,22,15,7,0,0.6818,1,8,0,0.1111,5.98,-10.06,9.02,2013-2019,San Diego State,CFBD full-game lines/results
Sean Lewis,San Diego State,Favorite,Full Game,33,21,12,0,0.6364,9,23,0,0.2812,5.18,-4.17,-9.61,2018-2025,"Kent State, San Diego State",CFBD full-game lines/results
Sean Lewis,San Diego State,Underdog,Full Game,42,21,21,0,0.5,22,20,0,0.5238,-1.67,1.05,14.17,2018-2025,"Kent State, San Diego State",CFBD full-game lines/results
Ken Niumatalolo,San Jose State,Favorite,Full Game,61,31,29,1,0.5167,14,13,1,0.5185,0.97,4.88,-10.25,2013-2022,Navy,CFBD full-game lines/results
Ken Niumatalolo,San Jose State,Underdog,Full Game,58,35,21,2,0.625,21,22,0,0.4884,2.63,-0.91,10.53,2013-2022,Navy,CFBD full-game lines/results
Joey Jones,South Alabama,Favorite,Full Game,25,11,13,1,0.4583,2,3,0,0.4,-3.7,-6.2,-10.26,2013-2017,South Alabama,CFBD full-game lines/results
Joey Jones,South Alabama,Underdog,Full Game,34,17,17,0,0.5,1,7,0,0.125,0.63,-13.38,12.16,2013-2017,South Alabama,CFBD full-game lines/results
Kane Wommack,South Alabama,Favorite,Full Game,25,11,14,0,0.44,12,10,1,0.5455,2.18,-1.0,-11.1,2021-2023,South Alabama,CFBD full-game lines/results
Kane Wommack,South Alabama,Underdog,Full Game,11,5,6,0,0.4545,6,5,0,0.5455,2.91,-1.45,11.27,2021-2023,South Alabama,CFBD full-game lines/results
Major Applewhite,South Alabama,Favorite,Full Game,45,19,26,0,0.4222,17,18,0,0.4857,-3.26,1.3,-14.37,2016-2025,"Houston, South Alabama",CFBD full-game lines/results
Major Applewhite,South Alabama,Underdog,Full Game,14,8,6,0,0.5714,6,7,0,0.4615,7.36,3.96,10.64,2016-2025,"Houston, South Alabama",CFBD full-game lines/results
Steve Campbell,South Alabama,Favorite,Full Game,13,8,5,0,0.6154,7,6,0,0.5385,1.96,0.58,-11.5,2018-2021,South Alabama,CFBD full-game lines/results
Steve Campbell,South Alabama,Underdog,Full Game,34,15,18,1,0.4545,14,20,0,0.4118,-2.43,-3.0,15.1,2018-2021,South Alabama,CFBD full-game lines/results
Mike Bobo,South Carolina,Favorite,Full Game,27,14,13,0,0.5185,6,9,0,0.4,-0.8,-3.27,-11.06,2015-2020,"Colorado State, South Carolina",CFBD full-game lines/results
Mike Bobo,South Carolina,Underdog,Full Game,41,19,22,0,0.4634,15,15,0,0.5,-0.99,2.35,11.26,2015-2020,"Colorado State, South Carolina",CFBD full-game lines/results
Shane Beamer,South Carolina,Favorite,Full Game,27,16,11,0,0.5926,14,13,0,0.5185,1.85,1.98,-14.59,2021-2025,South Carolina,CFBD full-game lines/results
Shane Beamer,South Carolina,Underdog,Full Game,33,18,15,0,0.5455,14,17,0,0.4516,3.53,-1.65,11.44,2021-2025,South Carolina,CFBD full-game lines/results
Steve Spurrier,South Carolina,Favorite,Full Game,24,8,16,0,0.3333,1,0,0,1.0,-4.02,19.0,-13.44,2013-2015,South Carolina,CFBD full-game lines/results
Steve Spurrier,South Carolina,Underdog,Full Game,12,7,5,0,0.5833,0,0,0,,0.67,,8.83,2013-2015,South Carolina,CFBD full-game lines/results
Will Muschamp,South Carolina,Favorite,Full Game,39,14,24,1,0.3684,8,9,0,0.4706,-2.78,-0.85,-13.5,2013-2020,"Florida, South Carolina",CFBD full-game lines/results
Will Muschamp,South Carolina,Underdog,Full Game,42,20,22,0,0.4762,14,13,0,0.5185,-0.45,2.57,10.86,2013-2020,"Florida, South Carolina",CFBD full-game lines/results
Alex Golesh,South Florida,Favorite,Full Game,19,11,8,0,0.5789,12,6,0,0.6667,2.18,7.89,-13.24,2023-2025,South Florida,CFBD full-game lines/results
Alex Golesh,South Florida,Underdog,Full Game,16,9,7,0,0.5625,8,8,0,0.5,4.59,-1.47,12.22,2023-2025,South Florida,CFBD full-game lines/results
Charlie Strong,South Florida,Favorite,Full Game,48,20,27,1,0.4255,7,12,1,0.3684,-3.12,-3.0,-16.85,2013-2019,"Louisville, South Florida, Texas",CFBD full-game lines/results
Charlie Strong,South Florida,Underdog,Full Game,34,18,15,1,0.5455,6,8,0,0.4286,-2.74,-3.5,9.29,2014-2019,"South Florida, Texas",CFBD full-game lines/results
Daniel Da Prato,South Florida,Favorite,Full Game,2,0,2,0,0.0,2,0,0,1.0,-23.5,16.75,-21.5,2022-2022,South Florida,CFBD full-game lines/results
Daniel Da Prato,South Florida,Underdog,Full Game,10,5,5,0,0.5,7,3,0,0.7,1.35,8.0,16.75,2022-2022,South Florida,CFBD full-game lines/results
Jeff Scott,South Florida,Favorite,Full Game,6,2,4,0,0.3333,4,2,0,0.6667,-8.67,3.83,-15.0,2020-2022,South Florida,CFBD full-game lines/results
Jeff Scott,South Florida,Underdog,Full Game,27,15,12,0,0.5556,17,10,0,0.6296,-0.78,5.91,17.19,2020-2022,South Florida,CFBD full-game lines/results
Charles Huff,Southern Miss,Favorite,Full Game,42,21,20,1,0.5122,18,23,1,0.439,-1.26,-2.5,-10.71,2021-2025,"Marshall, Southern Miss",CFBD full-game lines/results
Charles Huff,Southern Miss,Underdog,Full Game,19,11,7,1,0.6111,8,9,0,0.4706,3.66,0.53,7.97,2021-2025,"Marshall, Southern Miss",CFBD full-game lines/results
Jay Hopson,Southern Miss,Favorite,Full Game,33,13,19,1,0.4062,8,15,0,0.3478,-3.45,-2.02,-14.58,2016-2020,Southern Miss,CFBD full-game lines/results
Jay Hopson,Southern Miss,Underdog,Full Game,24,14,10,0,0.5833,10,10,0,0.5,0.77,1.65,9.9,2016-2020,Southern Miss,CFBD full-game lines/results
Reed Stringer,Southern Miss,Favorite,Full Game,1,1,0,0,1.0,0,1,0,0.0,7.5,-8.5,-17.5,2024-2024,Southern Miss,CFBD full-game lines/results
Reed Stringer,Southern Miss,Underdog,Full Game,11,3,8,0,0.2727,5,6,0,0.4545,-10.59,0.05,16.23,2024-2024,Southern Miss,CFBD full-game lines/results
Tim Billings,Southern Miss,Favorite,Full Game,3,0,3,0,0.0,1,2,0,0.3333,-12.67,-5.0,-12.33,2020-2020,Southern Miss,CFBD full-game lines/results
Tim Billings,Southern Miss,Underdog,Full Game,7,4,3,0,0.5714,3,4,0,0.4286,-3.14,5.21,6.71,2020-2020,Southern Miss,CFBD full-game lines/results
Todd Monken,Southern Miss,Favorite,Full Game,11,7,4,0,0.6364,0,0,0,,6.05,,-15.5,2013-2015,Southern Miss,CFBD full-game lines/results
Todd Monken,Southern Miss,Underdog,Full Game,26,9,16,1,0.36,0,0,0,,-3.35,,16.58,2013-2015,Southern Miss,CFBD full-game lines/results
Will Hall,Southern Miss,Favorite,Full Game,12,8,4,0,0.6667,5,7,0,0.4167,1.88,-3.12,-11.21,2021-2024,Southern Miss,CFBD full-game lines/results
Will Hall,Southern Miss,Underdog,Full Game,36,13,23,0,0.3611,19,16,0,0.5429,-5.14,1.63,14.08,2021-2024,Southern Miss,CFBD full-game lines/results
David Shaw,Stanford,Favorite,Full Game,73,34,36,3,0.4857,12,20,0,0.375,-0.06,-4.17,-11.12,2013-2022,Stanford,CFBD full-game lines/results
David Shaw,Stanford,Underdog,Full Game,44,18,26,0,0.4091,23,12,1,0.6571,-0.72,1.39,8.85,2013-2022,Stanford,CFBD full-game lines/results
Frank Reich,Stanford,Favorite,Full Game,1,0,1,0,0.0,1,0,0,1.0,-2.0,9.5,-3.0,2025-2025,Stanford,CFBD full-game lines/results
Frank Reich,Stanford,Underdog,Full Game,11,5,6,0,0.4545,5,6,0,0.4545,4.73,-1.86,16.09,2025-2025,Stanford,CFBD full-game lines/results
Troy Taylor,Stanford,Favorite,Full Game,3,2,1,0,0.6667,1,2,0,0.3333,-1.17,-4.5,-14.5,2023-2024,Stanford,CFBD full-game lines/results
Troy Taylor,Stanford,Underdog,Full Game,21,8,12,1,0.4,7,12,1,0.3684,-2.26,0.7,15.6,2023-2024,Stanford,CFBD full-game lines/results
Dino Babers,Syracuse,Favorite,Full Game,46,25,18,3,0.5814,11,15,0,0.4231,2.66,0.15,-13.77,2014-2023,"Bowling Green, Syracuse",CFBD full-game lines/results
Dino Babers,Syracuse,Underdog,Full Game,74,35,39,0,0.473,22,30,1,0.4231,-0.47,-2.62,10.64,2014-2023,"Bowling Green, Syracuse",CFBD full-game lines/results
Fran Brown,Syracuse,Favorite,Full Game,8,2,5,1,0.2857,3,5,0,0.375,-3.12,0.06,-14.12,2024-2025,Syracuse,CFBD full-game lines/results
Fran Brown,Syracuse,Underdog,Full Game,16,8,8,0,0.5,9,6,1,0.6,-1.75,4.25,11.88,2024-2025,Syracuse,CFBD full-game lines/results
Nunzio Campanile,Syracuse,Favorite,Full Game,7,5,1,1,0.8333,2,4,0,0.3333,8.0,-0.17,-14.57,2019-2023,"Rutgers, Syracuse",CFBD full-game lines/results
Nunzio Campanile,Syracuse,Underdog,Full Game,17,4,13,0,0.2353,5,9,2,0.3571,-6.62,-3.34,17.97,2019-2023,"Rutgers, Syracuse",CFBD full-game lines/results
Scott Shafer,Syracuse,Favorite,Full Game,11,6,5,0,0.5455,0,0,0,,5.59,,-8.23,2013-2015,Syracuse,CFBD full-game lines/results
Scott Shafer,Syracuse,Underdog,Full Game,24,12,12,0,0.5,0,0,0,,-3.58,,11.83,2013-2015,Syracuse,CFBD full-game lines/results
Gary Patterson,TCU,Favorite,Full Game,71,28,41,2,0.4058,14,21,0,0.4,-2.13,-1.91,-17.22,2013-2021,TCU,CFBD full-game lines/results
Gary Patterson,TCU,Underdog,Full Game,36,18,18,0,0.5,15,12,0,0.5556,-0.17,0.93,7.56,2013-2021,TCU,CFBD full-game lines/results
Sonny Dykes,TCU,Favorite,Full Game,85,41,42,2,0.494,35,31,1,0.5303,-0.21,2.19,-12.08,2013-2025,"California, SMU, TCU",CFBD full-game lines/results
Sonny Dykes,TCU,Underdog,Full Game,58,25,32,1,0.4386,12,14,0,0.4615,-0.6,-1.42,10.22,2013-2025,"California, SMU, TCU",CFBD full-game lines/results
Ed Foley,Temple,Favorite,Full Game,8,4,3,1,0.5714,2,6,0,0.25,4.12,-4.0,-11.12,2018-2018,Temple,CFBD full-game lines/results
Ed Foley,Temple,Underdog,Full Game,4,3,1,0,0.75,3,1,0,0.75,12.88,22.38,10.62,2018-2018,Temple,CFBD full-game lines/results
Everett Withers,Temple,Favorite,Full Game,6,4,2,0,0.6667,1,3,0,0.25,0.25,-11.25,-12.42,2016-2024,"Temple, Texas State",CFBD full-game lines/results
Everett Withers,Temple,Underdog,Full Game,42,16,26,0,0.381,15,15,1,0.5,-3.49,0.97,16.18,2016-2024,"Temple, Texas State",CFBD full-game lines/results
K.C. Keeler,Temple,Favorite,Full Game,14,6,8,0,0.4286,8,6,0,0.5714,2.04,2.82,-9.82,2023-2025,"Sam Houston, Temple",CFBD full-game lines/results
K.C. Keeler,Temple,Underdog,Full Game,22,13,9,0,0.5909,8,12,0,0.4,1.45,-2.02,11.64,2023-2025,"Sam Houston, Temple",CFBD full-game lines/results
Rod Carey,Temple,Favorite,Full Game,61,31,30,0,0.5082,12,9,2,0.5714,0.32,2.48,-13.48,2013-2021,"Northern Illinois, Temple",CFBD full-game lines/results
Rod Carey,Temple,Underdog,Full Game,46,24,22,0,0.5217,13,18,1,0.4194,-3.63,-4.75,10.46,2013-2021,"Northern Illinois, Temple",CFBD full-game lines/results
Stan Drayton,Temple,Favorite,Full Game,6,5,1,0,0.8333,1,5,0,0.1667,3.75,-11.08,-11.58,2022-2024,Temple,CFBD full-game lines/results
Stan Drayton,Temple,Underdog,Full Game,30,12,18,0,0.4,16,12,1,0.5714,-3.87,4.93,14.3,2022-2024,Temple,CFBD full-game lines/results
Jeremy Pruitt,Tennessee,Favorite,Full Game,13,5,8,0,0.3846,5,8,0,0.3846,-3.38,-4.96,-17.23,2018-2020,Tennessee,CFBD full-game lines/results
Jeremy Pruitt,Tennessee,Underdog,Full Game,21,10,11,0,0.4762,7,14,0,0.3333,-1.12,-0.43,13.02,2018-2020,Tennessee,CFBD full-game lines/results
Josh Heupel,Tennessee,Favorite,Full Game,46,28,18,0,0.6087,27,15,1,0.6429,3.47,3.01,-20.23,2021-2025,Tennessee,CFBD full-game lines/results
Josh Heupel,Tennessee,Underdog,Full Game,14,4,10,0,0.2857,8,6,0,0.5714,0.25,2.07,9.54,2021-2025,Tennessee,CFBD full-game lines/results
Steve Sarkisian,Texas,Favorite,Full Game,70,40,30,0,0.5714,22,29,1,0.4314,3.58,0.16,-15.21,2013-2025,"Texas, USC, Washington",CFBD full-game lines/results
Steve Sarkisian,Texas,Underdog,Full Game,16,5,11,0,0.3125,2,8,0,0.2,-3.28,-6.25,5.41,2013-2025,"Texas, USC, Washington",CFBD full-game lines/results
Elijah Robinson,Texas A&M,Favorite,Full Game,8,5,3,0,0.625,3,4,0,0.4286,2.06,2.07,-20.69,2023-2023,Texas A&M,CFBD full-game lines/results
Elijah Robinson,Texas A&M,Underdog,Full Game,4,0,3,1,0.0,1,1,1,0.5,-2.62,-0.67,4.38,2023-2023,Texas A&M,CFBD full-game lines/results
Jeff Banks,Texas A&M,Favorite,Full Game,5,2,2,1,0.5,2,2,0,0.5,-0.2,-1.12,-18.0,2017-2017,Texas A&M,CFBD full-game lines/results
Jeff Banks,Texas A&M,Underdog,Full Game,7,4,2,1,0.6667,4,3,0,0.5714,1.21,9.29,9.79,2017-2017,Texas A&M,CFBD full-game lines/results
Jimbo Fisher,Texas A&M,Favorite,Full Game,105,57,47,1,0.5481,21,36,1,0.3684,-0.21,-2.93,-18.34,2013-2023,"Florida State, Texas A&M",CFBD full-game lines/results
Jimbo Fisher,Texas A&M,Underdog,Full Game,26,11,12,3,0.4783,12,8,1,0.6,2.1,1.9,9.71,2015-2023,"Florida State, Texas A&M",CFBD full-game lines/results
Mike Elko,Texas A&M,Favorite,Full Game,35,14,21,0,0.4,21,12,1,0.6364,0.59,1.72,-14.21,2022-2025,"Duke, Texas A&M",CFBD full-game lines/results
Mike Elko,Texas A&M,Underdog,Full Game,13,8,5,0,0.6154,5,7,0,0.4167,6.62,-3.5,7.85,2022-2025,"Duke, Texas A&M",CFBD full-game lines/results
Chris Woods,Texas State,Favorite,Full Game,2,1,1,0,0.5,1,1,0,0.5,-6.0,-3.25,-17.5,2018-2018,Texas State,CFBD full-game lines/results
Chris Woods,Texas State,Underdog,Full Game,10,5,5,0,0.5,3,7,0,0.3,0.75,-4.35,12.45,2018-2018,Texas State,CFBD full-game lines/results
Dennis Franchione,Texas State,Favorite,Full Game,15,6,9,0,0.4,0,1,0,0.0,-2.83,-18.0,-12.83,2013-2015,Texas State,CFBD full-game lines/results
Dennis Franchione,Texas State,Underdog,Full Game,21,8,12,1,0.4,3,0,0,1.0,-1.83,8.33,10.74,2013-2015,Texas State,CFBD full-game lines/results
G.J. Kinne,Texas State,Favorite,Full Game,24,10,14,0,0.4167,13,10,1,0.5652,-1.56,7.85,-11.9,2023-2025,Texas State,CFBD full-game lines/results
G.J. Kinne,Texas State,Underdog,Full Game,11,6,5,0,0.5455,4,5,1,0.4444,7.55,-2.6,8.36,2023-2025,Texas State,CFBD full-game lines/results
Jake Spavital,Texas State,Favorite,Full Game,12,5,6,1,0.4545,6,6,0,0.5,-0.58,-1.25,-7.08,2019-2022,Texas State,CFBD full-game lines/results
Jake Spavital,Texas State,Underdog,Full Game,36,17,19,0,0.4722,15,21,0,0.4167,-1.39,-0.83,14.06,2019-2022,Texas State,CFBD full-game lines/results
Joey McGuire,Texas Tech,Favorite,Full Game,32,20,11,1,0.6452,18,14,0,0.5625,3.7,3.83,-13.11,2022-2025,Texas Tech,CFBD full-game lines/results
Joey McGuire,Texas Tech,Underdog,Full Game,16,9,7,0,0.5625,6,9,0,0.4,1.0,-4.37,6.75,2022-2025,Texas Tech,CFBD full-game lines/results
Kliff Kingsbury,Texas Tech,Favorite,Full Game,31,17,13,1,0.5667,6,5,0,0.5455,-0.45,2.77,-14.52,2013-2018,Texas Tech,CFBD full-game lines/results
Kliff Kingsbury,Texas Tech,Underdog,Full Game,40,20,20,0,0.5,5,7,1,0.4167,-0.28,-3.85,8.95,2013-2018,Texas Tech,CFBD full-game lines/results
Matt Wells,Texas Tech,Favorite,Full Game,54,31,22,1,0.5849,11,12,1,0.4783,3.35,-0.67,-14.74,2013-2021,"Texas Tech, Utah State",CFBD full-game lines/results
Matt Wells,Texas Tech,Underdog,Full Game,52,22,29,1,0.4314,21,13,0,0.6176,-1.62,5.24,8.96,2013-2021,"Texas Tech, Utah State",CFBD full-game lines/results
Jason Candle,Toledo,Favorite,Full Game,105,53,52,0,0.5048,45,40,0,0.5294,0.27,0.41,-14.15,2015-2025,Toledo,CFBD full-game lines/results
Jason Candle,Toledo,Underdog,Full Game,23,12,11,0,0.5217,11,6,1,0.6471,1.8,5.78,9.37,2015-2025,Toledo,CFBD full-game lines/results
Brandon Hall,Troy,Favorite,Full Game,6,3,3,0,0.5,4,2,0,0.6667,-2.0,-0.42,-12.67,2021-2021,Troy,CFBD full-game lines/results
Brandon Hall,Troy,Underdog,Full Game,6,1,5,0,0.1667,3,3,0,0.5,-9.0,-2.67,8.17,2021-2021,Troy,CFBD full-game lines/results
Chip Lindsey,Troy,Favorite,Full Game,20,9,11,0,0.45,10,9,1,0.5263,0.6,1.0,-11.4,2019-2021,Troy,CFBD full-game lines/results
Chip Lindsey,Troy,Underdog,Full Game,14,4,10,0,0.2857,6,8,0,0.4286,-7.86,-1.46,10.21,2019-2021,Troy,CFBD full-game lines/results
Gerad Parker,Troy,Favorite,Full Game,11,8,3,0,0.7273,5,4,0,0.5556,0.5,1.11,-11.41,2016-2025,"Purdue, Troy",CFBD full-game lines/results
Gerad Parker,Troy,Underdog,Full Game,26,14,12,0,0.5385,6,10,0,0.375,0.02,2.06,12.56,2016-2025,"Purdue, Troy",CFBD full-game lines/results
Greg Gasparato,Troy,Favorite,Full Game,11,7,4,0,0.6364,3,5,0,0.375,6.0,0.06,-11.27,2023-2023,Troy,CFBD full-game lines/results
Greg Gasparato,Troy,Underdog,Full Game,2,1,1,0,0.5,1,1,0,0.5,4.0,-5.25,8.0,2023-2023,Troy,CFBD full-game lines/results
Larry Blakeney,Troy,Favorite,Full Game,11,4,7,0,0.3636,0,0,0,,-8.23,,-12.14,2013-2014,Troy,CFBD full-game lines/results
Larry Blakeney,Troy,Underdog,Full Game,13,7,6,0,0.5385,1,0,0,1.0,-5.04,5.5,13.19,2013-2014,Troy,CFBD full-game lines/results
Curtis Johnson,Tulane,Favorite,Full Game,6,5,1,0,0.8333,0,0,0,,10.75,,-9.58,2013-2015,Tulane,CFBD full-game lines/results
Curtis Johnson,Tulane,Underdog,Full Game,30,13,17,0,0.4333,1,0,0,1.0,-3.52,22.5,10.58,2013-2015,Tulane,CFBD full-game lines/results
Jon Sumrall,Tulane,Favorite,Full Game,40,24,15,1,0.6154,16,21,0,0.4324,4.0,-0.24,-12.32,2022-2025,"Troy, Tulane",CFBD full-game lines/results
Jon Sumrall,Tulane,Underdog,Full Game,12,9,3,0,0.75,6,6,0,0.5,4.58,-4.96,8.58,2022-2025,"Troy, Tulane",CFBD full-game lines/results
Slade Nagle,Tulane,Favorite,Full Game,12,5,7,0,0.4167,2,8,0,0.2,-3.54,-8.55,-13.54,2023-2023,Tulane,CFBD full-game lines/results
Slade Nagle,Tulane,Underdog,Full Game,1,0,1,0,0.0,0,1,0,0.0,-8.5,-8.0,8.5,2023-2023,Tulane,CFBD full-game lines/results
Bill Blankenship,Tulsa,Favorite,Full Game,12,4,8,0,0.3333,1,0,0,1.0,-10.33,22.5,-5.25,2013-2014,Tulsa,CFBD full-game lines/results
Bill Blankenship,Tulsa,Underdog,Full Game,12,5,7,0,0.4167,1,0,0,1.0,-6.54,18.0,15.79,2013-2014,Tulsa,CFBD full-game lines/results
Kevin Wilson,Tulsa,Favorite,Full Game,28,12,15,1,0.4444,5,2,0,0.7143,-2.52,12.79,-10.7,2013-2024,"Indiana, Tulsa",CFBD full-game lines/results
Kevin Wilson,Tulsa,Underdog,Full Game,43,17,22,4,0.4359,8,8,0,0.5,-3.85,3.09,12.22,2013-2024,"Indiana, Tulsa",CFBD full-game lines/results
Philip Montgomery,Tulsa,Favorite,Full Game,42,19,23,0,0.4524,17,12,0,0.5862,-2.26,0.84,-9.74,2015-2022,Tulsa,CFBD full-game lines/results
Philip Montgomery,Tulsa,Underdog,Full Game,50,29,20,1,0.5918,13,23,2,0.3611,3.75,-3.25,12.63,2015-2022,Tulsa,CFBD full-game lines/results
Ryan Switzer,Tulsa,Favorite,Full Game,2,0,2,0,0.0,2,0,0,1.0,-25.75,27.75,-19.25,2024-2024,Tulsa,CFBD full-game lines/results
Ryan Switzer,Tulsa,Underdog,Full Game,10,4,6,0,0.4,6,4,0,0.6,-9.7,5.5,10.0,2024-2024,Tulsa,CFBD full-game lines/results
Tre Lamb,Tulsa,Favorite,Full Game,4,2,2,0,0.5,0,4,0,0.0,3.0,-10.5,-4.75,2025-2025,Tulsa,CFBD full-game lines/results
Tre Lamb,Tulsa,Underdog,Full Game,8,4,4,0,0.5,5,3,0,0.625,-0.62,2.88,11.88,2025-2025,Tulsa,CFBD full-game lines/results
Bill Clark,UAB,Favorite,Full Game,43,27,15,1,0.6429,15,21,1,0.4167,2.28,-0.05,-13.35,2014-2021,UAB,CFBD full-game lines/results
Bill Clark,UAB,Underdog,Full Game,28,16,12,0,0.5714,7,14,0,0.3333,1.3,-1.45,9.73,2014-2021,UAB,CFBD full-game lines/results
Garrick McGee,UAB,Favorite,Full Game,4,0,3,1,0.0,0,0,0,,-18.38,,-12.88,2013-2013,UAB,CFBD full-game lines/results
Garrick McGee,UAB,Underdog,Full Game,8,3,5,0,0.375,0,0,0,,-6.88,,16.62,2013-2013,UAB,CFBD full-game lines/results
Trent Dilfer,UAB,Favorite,Full Game,12,5,7,0,0.4167,5,6,0,0.4545,-5.71,3.59,-9.96,2023-2025,UAB,CFBD full-game lines/results
Trent Dilfer,UAB,Underdog,Full Game,24,10,13,1,0.4348,13,8,1,0.619,-0.38,5.98,15.21,2023-2025,UAB,CFBD full-game lines/results
Chip Kelly,UCLA,Favorite,Full Game,35,16,19,0,0.4571,15,18,0,0.4545,-3.27,-1.52,-12.7,2018-2023,UCLA,CFBD full-game lines/results
Chip Kelly,UCLA,Underdog,Full Game,32,17,14,1,0.5484,18,13,1,0.5806,3.36,2.14,8.48,2018-2023,UCLA,CFBD full-game lines/results
Deshaun Foster,UCLA,Favorite,Full Game,6,0,6,0,0.0,1,5,0,0.1667,-11.75,-10.17,-7.42,2024-2025,UCLA,CFBD full-game lines/results
Deshaun Foster,UCLA,Underdog,Full Game,18,10,8,0,0.5556,9,9,0,0.5,0.31,1.14,13.58,2024-2025,UCLA,CFBD full-game lines/results
Bryant Vincent,UL-Monroe,Favorite,Full Game,14,7,7,0,0.5,5,9,0,0.3571,0.75,-3.39,-12.46,2022-2025,"UAB, UL-Monroe",CFBD full-game lines/results
Bryant Vincent,UL-Monroe,Underdog,Full Game,22,7,15,0,0.3182,13,9,0,0.5909,-4.2,1.68,12.89,2022-2025,"UAB, UL-Monroe",CFBD full-game lines/results
Matt Viator,UL-Monroe,Favorite,Full Game,16,6,10,0,0.375,4,9,0,0.3077,-5.47,-1.81,-9.28,2016-2020,UL-Monroe,CFBD full-game lines/results
Matt Viator,UL-Monroe,Pick,Full Game,1,0,1,0,0.0,1,0,0,1.0,-7.0,21.0,0.0,2019-2019,UL-Monroe,CFBD full-game lines/results
Matt Viator,UL-Monroe,Underdog,Full Game,41,18,23,0,0.439,16,16,0,0.5,-1.2,5.33,16.66,2016-2020,UL-Monroe,CFBD full-game lines/results
Terry Bowden,UL-Monroe,Favorite,Full Game,37,14,22,1,0.3889,3,11,0,0.2143,-2.76,-9.96,-11.16,2013-2023,"Akron, UL-Monroe",CFBD full-game lines/results
Terry Bowden,UL-Monroe,Underdog,Full Game,72,36,33,3,0.5217,20,24,0,0.4545,0.94,-0.17,16.26,2013-2023,"Akron, UL-Monroe",CFBD full-game lines/results
Todd Berry,UL-Monroe,Favorite,Full Game,11,4,7,0,0.3636,0,0,0,,-5.95,,-13.14,2013-2015,UL-Monroe,CFBD full-game lines/results
Todd Berry,UL-Monroe,Underdog,Full Game,26,10,14,2,0.4167,2,0,0,1.0,-4.6,7.5,12.71,2013-2015,UL-Monroe,CFBD full-game lines/results
Bobby Hauck,UNLV,Favorite,Full Game,5,1,4,0,0.2,0,1,0,0.0,-4.6,-3.0,-12.8,2013-2014,UNLV,CFBD full-game lines/results
Bobby Hauck,UNLV,Underdog,Full Game,20,9,10,1,0.4737,2,0,0,1.0,-1.52,7.75,11.42,2013-2014,UNLV,CFBD full-game lines/results
Dan Mullen,UNLV,Favorite,Full Game,80,42,37,1,0.5316,25,28,1,0.4717,0.66,1.38,-17.0,2013-2025,"Florida, Mississippi State, UNLV",CFBD full-game lines/results
Dan Mullen,UNLV,Underdog,Full Game,40,23,16,1,0.5897,9,9,1,0.5,2.12,5.58,8.2,2013-2025,"Florida, Mississippi State, UNLV",CFBD full-game lines/results
Marcus Arroyo,UNLV,Favorite,Full Game,6,3,3,0,0.5,3,2,1,0.6,2.75,7.83,-10.92,2022-2022,UNLV,CFBD full-game lines/results
Marcus Arroyo,UNLV,Underdog,Full Game,24,12,10,2,0.5455,11,13,0,0.4583,-1.29,-1.35,14.42,2020-2022,UNLV,CFBD full-game lines/results
Donte Williams,USC,Favorite,Full Game,7,3,4,0,0.4286,4,2,1,0.6667,-6.71,4.93,-11.86,2021-2021,USC,CFBD full-game lines/results
Donte Williams,USC,Underdog,Full Game,5,1,4,0,0.2,2,3,0,0.4,-7.9,-3.4,6.7,2021-2021,USC,CFBD full-game lines/results
Lincoln Riley,USC,Favorite,Full Game,98,45,52,1,0.4639,57,39,2,0.5938,-1.68,2.77,-18.43,2017-2025,"Oklahoma, USC",CFBD full-game lines/results
Lincoln Riley,USC,Underdog,Full Game,12,7,4,1,0.6364,8,3,0,0.7273,0.67,10.5,5.83,2017-2025,"Oklahoma, USC",CFBD full-game lines/results
Dana Dimel,UTEP,Favorite,Full Game,19,10,9,0,0.5263,7,12,0,0.3684,-1.45,-2.24,-7.29,2018-2023,UTEP,CFBD full-game lines/results
Dana Dimel,UTEP,Underdog,Full Game,48,20,28,0,0.4167,26,20,1,0.5652,-0.62,1.57,13.5,2018-2023,UTEP,CFBD full-game lines/results
Mike Price,UTEP,Favorite,Full Game,1,0,1,0,0.0,0,1,0,0.0,-18.0,-10.5,-1.0,2017-2017,UTEP,CFBD full-game lines/results
Mike Price,UTEP,Underdog,Full Game,11,2,8,1,0.2,4,6,1,0.4,-3.36,-4.18,22.36,2017-2017,UTEP,CFBD full-game lines/results
Scotty Walden,UTEP,Favorite,Full Game,10,3,7,0,0.3,6,4,0,0.6,-3.95,4.6,-7.05,2020-2025,"Southern Miss, UTEP",CFBD full-game lines/results
Scotty Walden,UTEP,Underdog,Full Game,24,9,15,0,0.375,12,12,0,0.5,-3.04,1.6,11.12,2020-2025,"Southern Miss, UTEP",CFBD full-game lines/results
Sean Kugler,UTEP,Favorite,Full Game,16,7,8,1,0.4667,0,1,0,0.0,-2.25,-10.5,-6.0,2013-2017,UTEP,CFBD full-game lines/results
Sean Kugler,UTEP,Underdog,Full Game,43,12,27,4,0.3077,6,6,1,0.5,-3.95,0.88,15.98,2013-2017,UTEP,CFBD full-game lines/results
Frank Wilson,UTSA,Favorite,Full Game,17,5,12,0,0.2941,3,9,0,0.25,-2.29,-9.71,-11.06,2016-2019,UTSA,CFBD full-game lines/results
Frank Wilson,UTSA,Underdog,Full Game,30,17,12,1,0.5862,12,9,1,0.5714,1.5,-1.0,15.67,2016-2019,UTSA,CFBD full-game lines/results
Jeff Traylor,UTSA,Favorite,Full Game,49,26,23,0,0.5306,25,23,0,0.5208,2.55,0.97,-12.55,2020-2025,UTSA,CFBD full-game lines/results
Jeff Traylor,UTSA,Underdog,Full Game,24,14,10,0,0.5833,13,8,2,0.619,0.65,5.74,9.56,2020-2025,UTSA,CFBD full-game lines/results
Larry Coker,UTSA,Favorite,Full Game,14,5,9,0,0.3571,1,0,0,1.0,-7.04,2.0,-8.89,2013-2015,UTSA,CFBD full-game lines/results
Larry Coker,UTSA,Underdog,Full Game,22,10,12,0,0.4545,0,0,0,,-0.68,,11.82,2013-2015,UTSA,CFBD full-game lines/results
Kyle Whittingham,Utah,Favorite,Full Game,111,59,49,3,0.5463,41,43,0,0.4881,2.23,0.63,-12.54,2013-2025,Utah,CFBD full-game lines/results
Kyle Whittingham,Utah,Underdog,Full Game,42,24,17,1,0.5854,11,9,0,0.55,4.23,0.82,6.68,2013-2024,Utah,CFBD full-game lines/results
Blake Anderson,Utah State,Favorite,Full Game,85,47,37,1,0.5595,30,28,0,0.5172,0.79,4.31,-11.21,2014-2024,"Arkansas State, Utah State",CFBD full-game lines/results
Blake Anderson,Utah State,Pick,Full Game,1,1,0,0,1.0,1,0,0,1.0,7.0,21.0,0.0,2019-2019,Arkansas State,CFBD full-game lines/results
Blake Anderson,Utah State,Underdog,Full Game,57,28,28,1,0.5,24,22,0,0.5217,2.81,2.02,12.3,2014-2024,"Arkansas State, Utah State",CFBD full-game lines/results
Bronco Mendenhall,Utah State,Favorite,Full Game,65,36,27,2,0.5714,23,17,0,0.575,0.48,4.24,-12.79,2013-2025,"BYU, New Mexico, Utah State, Virginia",CFBD full-game lines/results
Bronco Mendenhall,Utah State,Underdog,Full Game,66,39,27,0,0.5909,22,21,0,0.5116,2.29,2.69,9.0,2013-2025,"BYU, New Mexico, Utah State, Virginia",CFBD full-game lines/results
Frank Maile,Utah State,Favorite,Full Game,8,5,2,1,0.7143,5,2,1,0.7143,6.06,7.69,-21.44,2018-2018,Utah State,CFBD full-game lines/results
Frank Maile,Utah State,Underdog,Full Game,9,3,6,0,0.3333,5,4,0,0.5556,-1.0,2.28,11.11,2018-2020,Utah State,CFBD full-game lines/results
Gary Andersen,Utah State,Favorite,Full Game,35,19,15,1,0.5588,3,5,1,0.375,0.16,-1.72,-16.27,2013-2019,"Oregon State, Utah State, Wisconsin",CFBD full-game lines/results
Gary Andersen,Utah State,Underdog,Full Game,42,16,23,3,0.4103,13,8,0,0.619,-4.6,0.64,14.1,2013-2020,"Oregon State, Utah State, Wisconsin",CFBD full-game lines/results
Nate Dreiling,Utah State,Favorite,Full Game,3,1,1,1,0.5,2,1,0,0.6667,-2.17,5.67,-4.5,2024-2024,Utah State,CFBD full-game lines/results
Nate Dreiling,Utah State,Underdog,Full Game,8,3,4,1,0.4286,7,1,0,0.875,3.31,11.19,15.69,2024-2024,Utah State,CFBD full-game lines/results
Clark Lea,Vanderbilt,Favorite,Full Game,17,8,9,0,0.4706,13,4,0,0.7647,0.5,9.85,-17.44,2021-2025,Vanderbilt,CFBD full-game lines/results
Clark Lea,Vanderbilt,Underdog,Full Game,43,23,20,0,0.5349,19,22,1,0.4634,3.06,-0.35,16.78,2021-2025,Vanderbilt,CFBD full-game lines/results
Todd Fitch,Vanderbilt,Underdog,Full Game,9,4,5,0,0.4444,4,5,0,0.4444,-2.56,1.5,20.0,2020-2020,Vanderbilt,CFBD full-game lines/results
Mike London,Virginia,Favorite,Full Game,11,5,6,0,0.4545,1,0,0,1.0,-3.14,6.5,-12.14,2013-2015,Virginia,CFBD full-game lines/results
Mike London,Virginia,Underdog,Full Game,25,15,10,0,0.6,0,1,0,0.0,-2.04,-2.5,10.64,2013-2015,Virginia,CFBD full-game lines/results
Tony Elliott,Virginia,Favorite,Full Game,17,8,9,0,0.4706,5,12,0,0.2941,-2.85,-4.79,-9.74,2022-2025,Virginia,CFBD full-game lines/results
Tony Elliott,Virginia,Underdog,Full Game,29,18,11,0,0.6207,13,14,2,0.4815,0.16,0.07,8.98,2022-2025,Virginia,CFBD full-game lines/results
Brent Pry,Virginia Tech,Favorite,Full Game,25,11,14,0,0.44,16,9,0,0.64,-0.56,3.84,-8.88,2022-2025,Virginia Tech,CFBD full-game lines/results
Brent Pry,Virginia Tech,Underdog,Full Game,22,9,13,0,0.4091,8,13,1,0.381,-0.61,-1.2,10.2,2022-2025,Virginia Tech,CFBD full-game lines/results
Frank Beamer,Virginia Tech,Favorite,Full Game,26,9,17,0,0.3462,0,0,0,,-3.96,,-10.69,2013-2015,Virginia Tech,CFBD full-game lines/results
Frank Beamer,Virginia Tech,Underdog,Full Game,10,7,3,0,0.7,1,0,0,1.0,7.7,6.5,8.7,2013-2015,Virginia Tech,CFBD full-game lines/results
J.C. Price,Virginia Tech,Favorite,Full Game,6,2,4,0,0.3333,3,3,0,0.5,-4.42,0.75,-11.25,2021-2021,Virginia Tech,CFBD full-game lines/results
J.C. Price,Virginia Tech,Underdog,Full Game,6,3,3,0,0.5,1,5,0,0.1667,2.25,-12.25,5.25,2021-2021,Virginia Tech,CFBD full-game lines/results
Justin Fuente,Virginia Tech,Favorite,Full Game,70,32,38,0,0.4571,17,18,1,0.4857,-0.75,-2.21,-12.74,2013-2021,"Memphis, Virginia Tech",CFBD full-game lines/results
Justin Fuente,Virginia Tech,Underdog,Full Game,37,22,14,1,0.6111,7,13,1,0.35,4.61,-0.57,8.01,2013-2021,"Memphis, Virginia Tech",CFBD full-game lines/results
Dave Clawson,Wake Forest,Favorite,Full Game,70,35,32,3,0.5224,23,28,0,0.451,1.56,2.5,-11.89,2013-2024,"Bowling Green, Wake Forest",CFBD full-game lines/results
Dave Clawson,Wake Forest,Underdog,Full Game,70,37,33,0,0.5286,18,20,1,0.4737,1.04,1.51,11.99,2013-2024,"Bowling Green, Wake Forest",CFBD full-game lines/results
Jake Dickert,Wake Forest,Favorite,Full Game,32,19,13,0,0.5938,17,15,0,0.5312,1.88,0.78,-13.12,2021-2025,"Wake Forest, Washington State",CFBD full-game lines/results
Jake Dickert,Wake Forest,Underdog,Full Game,28,17,11,0,0.6071,12,16,0,0.4286,2.64,-4.05,8.18,2021-2025,"Wake Forest, Washington State",CFBD full-game lines/results
Bob Gregory,Washington,Favorite,Full Game,6,1,5,0,0.1667,1,5,0,0.1667,-4.58,-9.83,-12.08,2021-2021,Washington,CFBD full-game lines/results
Bob Gregory,Washington,Underdog,Full Game,6,2,4,0,0.3333,2,4,0,0.3333,-5.58,-0.75,4.25,2021-2021,Washington,CFBD full-game lines/results
Chris Petersen,Washington,Favorite,Full Game,68,38,29,1,0.5672,11,23,0,0.3235,4.15,-7.47,-16.19,2013-2019,"Boise State, Washington",CFBD full-game lines/results
Chris Petersen,Washington,Underdog,Full Game,18,6,11,1,0.3529,2,2,0,0.5,-0.17,2.88,6.44,2013-2019,"Boise State, Washington",CFBD full-game lines/results
Jedd Fisch,Washington,Favorite,Full Game,32,17,15,0,0.5312,16,14,0,0.5333,1.92,-0.03,-12.11,2017-2025,"Arizona, UCLA, Washington",CFBD full-game lines/results
Jedd Fisch,Washington,Underdog,Full Game,40,20,20,0,0.5,16,23,1,0.4103,1.46,-0.6,11.31,2017-2025,"Arizona, UCLA, Washington",CFBD full-game lines/results
Jimmy Lake,Washington,Favorite,Full Game,10,2,8,0,0.2,3,7,0,0.3,-5.2,-4.05,-11.8,2020-2021,Washington,CFBD full-game lines/results
Jimmy Lake,Washington,Underdog,Full Game,6,2,4,0,0.3333,2,4,0,0.3333,-5.58,-0.75,4.25,2021-2021,Washington,CFBD full-game lines/results
Marques Tuiasosopo,Washington,Favorite,Full Game,8,7,1,0,0.875,0,0,0,,13.56,,-16.94,2013-2013,Washington,CFBD full-game lines/results
Marques Tuiasosopo,Washington,Underdog,Full Game,4,1,3,0,0.25,0,0,0,,-9.12,,6.62,2013-2013,Washington,CFBD full-game lines/results
Jimmy Rogers,Washington State,Favorite,Full Game,5,3,2,0,0.6,1,4,0,0.2,5.2,-14.1,-9.2,2025-2025,Washington State,CFBD full-game lines/results
Jimmy Rogers,Washington State,Underdog,Full Game,7,5,2,0,0.7143,2,5,0,0.2857,6.29,-2.93,14.14,2025-2025,Washington State,CFBD full-game lines/results
Nick Rolovich,Washington State,Favorite,Full Game,24,8,15,1,0.3478,12,9,0,0.5714,-3.02,-0.36,-10.81,2016-2021,"Hawaii, Washington State",CFBD full-game lines/results
Nick Rolovich,Washington State,Pick,Full Game,1,1,0,0,1.0,0,1,0,0.0,3.0,-21.5,0.0,2019-2019,Hawaii,CFBD full-game lines/results
Nick Rolovich,Washington State,Underdog,Full Game,41,17,22,2,0.4359,18,16,1,0.5294,0.4,1.27,12.3,2016-2021,"Hawaii, Washington State",CFBD full-game lines/results
Pete Kaligis,Washington State,Favorite,Full Game,10,5,5,0,0.5,5,5,0,0.5,-2.1,6.15,-14.1,2024-2024,Washington State,CFBD full-game lines/results
Pete Kaligis,Washington State,Underdog,Full Game,2,1,1,0,0.5,1,1,0,0.5,-2.75,-5.0,5.25,2024-2024,Washington State,CFBD full-game lines/results
Chad Scott,West Virginia,Favorite,Full Game,3,1,2,0,0.3333,3,0,0,1.0,-2.33,8.67,-14.0,2024-2024,West Virginia,CFBD full-game lines/results
Chad Scott,West Virginia,Underdog,Full Game,9,4,5,0,0.4444,5,4,0,0.5556,-3.28,0.5,4.06,2024-2024,West Virginia,CFBD full-game lines/results
Neal Brown,West Virginia,Favorite,Full Game,58,30,25,3,0.5455,25,16,0,0.6098,1.59,1.5,-14.22,2015-2024,"Troy, West Virginia",CFBD full-game lines/results
Neal Brown,West Virginia,Underdog,Full Game,59,30,26,3,0.5357,19,30,1,0.3878,0.54,-2.01,9.76,2015-2024,"Troy, West Virginia",CFBD full-game lines/results
Rich Rodriguez,West Virginia,Favorite,Full Game,49,27,19,3,0.587,15,9,0,0.625,3.14,6.65,-13.86,2013-2025,"Arizona, Jacksonville State, West Virginia",CFBD full-game lines/results
Rich Rodriguez,West Virginia,Underdog,Full Game,48,19,29,0,0.3958,12,14,0,0.4615,-2.29,0.58,9.25,2013-2025,"Arizona, Jacksonville State, West Virginia",CFBD full-game lines/results
Bobby Petrino,Western Kentucky,Favorite,Full Game,49,21,28,0,0.4286,8,8,0,0.5,-1.34,1.69,-15.99,2013-2018,"Louisville, Western Kentucky",CFBD full-game lines/results
Bobby Petrino,Western Kentucky,Underdog,Full Game,23,14,9,0,0.6087,3,8,0,0.2727,3.63,-8.09,8.76,2013-2018,"Louisville, Western Kentucky",CFBD full-game lines/results
Tyson Helton,Western Kentucky,Favorite,Full Game,52,29,23,0,0.5577,22,28,0,0.44,1.51,-4.24,-12.34,2019-2025,Western Kentucky,CFBD full-game lines/results
Tyson Helton,Western Kentucky,Underdog,Full Game,34,20,13,1,0.6061,20,14,0,0.5882,0.78,-1.07,8.25,2019-2025,Western Kentucky,CFBD full-game lines/results
Lance Taylor,Western Michigan,Favorite,Full Game,19,14,4,1,0.7778,12,7,0,0.6316,6.74,5.89,-8.58,2023-2025,Western Michigan,CFBD full-game lines/results
Lance Taylor,Western Michigan,Underdog,Full Game,18,7,11,0,0.3889,8,10,0,0.4444,-3.67,-3.39,15.33,2023-2025,Western Michigan,CFBD full-game lines/results
Tim Lester,Western Michigan,Favorite,Full Game,43,18,24,1,0.4286,20,20,1,0.5,-0.78,2.35,-11.64,2017-2022,Western Michigan,CFBD full-game lines/results
Tim Lester,Western Michigan,Pick,Full Game,1,1,0,0,1.0,1,0,0,1.0,8.0,36.5,0.0,2020-2020,Western Michigan,CFBD full-game lines/results
Tim Lester,Western Michigan,Underdog,Full Game,22,9,13,0,0.4091,9,12,1,0.4286,-4.11,-0.16,10.02,2017-2022,Western Michigan,CFBD full-game lines/results
Barry Alvarez,Wisconsin,Favorite,Full Game,12,5,7,0,0.4167,0,0,0,,0.71,,-15.46,2014-2014,Wisconsin,CFBD full-game lines/results
Barry Alvarez,Wisconsin,Underdog,Full Game,1,0,1,0,0.0,1,0,0,1.0,-1.0,2.5,3.0,2014-2014,Wisconsin,CFBD full-game lines/results
Jim Leonhard,Wisconsin,Favorite,Full Game,11,5,6,0,0.4545,6,5,0,0.5455,-3.0,0.45,-12.36,2022-2022,Wisconsin,CFBD full-game lines/results
Jim Leonhard,Wisconsin,Underdog,Full Game,1,0,1,0,0.0,1,0,0,1.0,-12.5,16.5,18.5,2022-2022,Wisconsin,CFBD full-game lines/results
Luke Fickell,Wisconsin,Favorite,Full Game,79,36,42,1,0.4615,35,42,1,0.4545,-0.13,-1.13,-14.57,2017-2025,"Cincinnati, Wisconsin",CFBD full-game lines/results
Luke Fickell,Wisconsin,Underdog,Full Game,38,18,20,0,0.4737,12,26,0,0.3158,-0.12,-3.8,10.72,2017-2025,"Cincinnati, Wisconsin",CFBD full-game lines/results
Paul Chryst,Wisconsin,Favorite,Full Game,94,43,49,2,0.4674,31,30,1,0.5082,-0.45,-0.56,-14.77,2013-2022,"Pittsburgh, Wisconsin",CFBD full-game lines/results
Paul Chryst,Wisconsin,Underdog,Full Game,23,11,12,0,0.4783,3,4,0,0.4286,0.83,3.64,7.52,2013-2022,"Pittsburgh, Wisconsin",CFBD full-game lines/results
Craig Bohl,Wyoming,Favorite,Full Game,49,23,24,2,0.4894,13,23,0,0.3611,-0.53,-1.97,-10.47,2014-2023,Wyoming,CFBD full-game lines/results
Craig Bohl,Wyoming,Underdog,Full Game,64,35,28,1,0.5556,16,23,0,0.4103,2.46,-3.29,11.99,2014-2023,Wyoming,CFBD full-game lines/results
Dave Christensen,Wyoming,Favorite,Full Game,7,3,4,0,0.4286,0,0,0,,-5.5,,-12.93,2013-2013,Wyoming,CFBD full-game lines/results
Dave Christensen,Wyoming,Underdog,Full Game,5,1,4,0,0.2,0,0,0,,-7.9,,15.5,2013-2013,Wyoming,CFBD full-game lines/results
Jay Sawvel,Wyoming,Favorite,Full Game,6,3,3,0,0.5,1,5,0,0.1667,1.17,-14.75,-7.0,2024-2025,Wyoming,CFBD full-game lines/results
Jay Sawvel,Wyoming,Underdog,Full Game,18,7,10,1,0.4118,7,11,0,0.3889,-2.42,-2.61,9.31,2024-2025,Wyoming,CFBD full-game lines/results
