game_id,week,date,away_team,home_team,angle_key,angle_label,side_team,reason,metric_value,tier,sort_score,signal_group,signal_type,market,period,opponent,direction,rp_strength,confidence,headline,detail,supporting_data,source,historical_games,historical_ats_record,historical_ats_pct,historical_avg_ats_margin
g126,2.0,2026-09-12,Tennessee,Georgia Tech,coach_1h,Coach 1H support,Tennessee,"Josh Heupel 1H Favorite: 10-8 ATS (55.6%), avg ATS margin +6.2 over 18 games. Supports Tennessee.",6.25,medium,6.25,,,,,,,,,,,,,,,,
g247,3.0,2026-09-19,Kennesaw State,Tennessee,coach_1h,Coach 1H support,Tennessee,"Josh Heupel 1H Favorite: 10-8 ATS (55.6%), avg ATS margin +6.2 over 18 games. Supports Tennessee.",6.25,medium,6.25,,,,,,,,,,,,,,,,
g383,5.0,2026-10-03,Auburn,Tennessee,coach_1h,Coach 1H support,Tennessee,"Josh Heupel 1H Favorite: 10-8 ATS (55.6%), avg ATS margin +6.2 over 18 games. Supports Tennessee.",6.25,medium,6.25,,,,,,,,,,,,,,,,
g404,6.0,2026-10-10,Tennessee,Arkansas,coach_1h,Coach 1H support,Tennessee,"Josh Heupel 1H Favorite: 10-8 ATS (55.6%), avg ATS margin +6.2 over 18 games. Supports Tennessee.",6.25,medium,6.25,,,,,,,,,,,,,,,,
g552,8.0,2026-10-24,Tennessee,South Carolina,coach_1h,Coach 1H support,Tennessee,"Josh Heupel 1H Favorite: 10-8 ATS (55.6%), avg ATS margin +6.2 over 18 games. Supports Tennessee.",6.25,medium,6.25,,,,,,,,,,,,,,,,
g674,10.0,2026-11-07,Kentucky,Tennessee,coach_1h,Coach 1H support,Tennessee,"Josh Heupel 1H Favorite: 10-8 ATS (55.6%), avg ATS margin +6.2 over 18 games. Supports Tennessee.",6.25,medium,6.25,,,,,,,,,,,,,,,,
g811,12.0,2026-11-21,LSU,Tennessee,coach_1h,Coach 1H support,Tennessee,"Josh Heupel 1H Favorite: 10-8 ATS (55.6%), avg ATS margin +6.2 over 18 games. Supports Tennessee.",6.25,medium,6.25,,,,,,,,,,,,,,,,
g885,13.0,2026-11-28,Tennessee,Vanderbilt,coach_1h,Coach 1H support,Tennessee,"Josh Heupel 1H Favorite: 10-8 ATS (55.6%), avg ATS margin +6.2 over 18 games. Supports Tennessee.",6.25,medium,6.25,,,,,,,,,,,,,,,,
g323,4.0,2026-09-26,Colorado State,UTSA,coach_1h,Coach 1H support,UTSA,"Jeff Traylor 1H Favorite: 9-4 ATS (69.2%), avg ATS margin +5.5 over 13 games. Supports UTSA.",5.5,high,5.5,,,,,,,,,,,,,,,,
g375,5.0,2026-10-03,UTSA,Rice,coach_1h,Coach 1H support,UTSA,"Jeff Traylor 1H Favorite: 9-4 ATS (69.2%), avg ATS margin +5.5 over 13 games. Supports UTSA.",5.5,high,5.5,,,,,,,,,,,,,,,,
g628,10.0,2026-11-05,UTSA,Florida Atlantic,coach_1h,Coach 1H support,UTSA,"Jeff Traylor 1H Favorite: 9-4 ATS (69.2%), avg ATS margin +5.5 over 13 games. Supports UTSA.",5.5,high,5.5,,,,,,,,,,,,,,,,
g746,11.0,2026-11-14,North Texas,UTSA,coach_1h,Coach 1H support,UTSA,"Jeff Traylor 1H Favorite: 9-4 ATS (69.2%), avg ATS margin +5.5 over 13 games. Supports UTSA.",5.5,high,5.5,,,,,,,,,,,,,,,,
g817,12.0,2026-11-21,UTSA,UAB,coach_1h,Coach 1H support,UTSA,"Jeff Traylor 1H Favorite: 9-4 ATS (69.2%), avg ATS margin +5.5 over 13 games. Supports UTSA.",5.5,high,5.5,,,,,,,,,,,,,,,,
g883,13.0,2026-11-28,Tulsa,UTSA,coach_1h,Coach 1H support,UTSA,"Jeff Traylor 1H Favorite: 9-4 ATS (69.2%), avg ATS margin +5.5 over 13 games. Supports UTSA.",5.5,high,5.5,,,,,,,,,,,,,,,,
g62,1.0,2026-09-05,Ohio,Nebraska,coach_1h,Coach 1H support,Nebraska,"Matt Rhule 1H Favorite: 13-3 ATS (81.2%), avg ATS margin +5.5 over 16 games. Supports Nebraska.",5.47,high,5.47,,,,,,,,,,,,,,,,
g147,2.0,2026-09-12,Bowling Green,Nebraska,coach_1h,Coach 1H support,Nebraska,"Matt Rhule 1H Favorite: 13-3 ATS (81.2%), avg ATS margin +5.5 over 16 games. Supports Nebraska.",5.47,high,5.47,,,,,,,,,,,,,,,,
g298,4.0,2026-09-26,Nebraska,Michigan State,coach_1h,Coach 1H support,Nebraska,"Matt Rhule 1H Favorite: 13-3 ATS (81.2%), avg ATS margin +5.5 over 16 games. Supports Nebraska.",5.47,high,5.47,,,,,,,,,,,,,,,,
g371,5.0,2026-10-03,Maryland,Nebraska,coach_1h,Coach 1H support,Nebraska,"Matt Rhule 1H Favorite: 13-3 ATS (81.2%), avg ATS margin +5.5 over 16 games. Supports Nebraska.",5.47,high,5.47,,,,,,,,,,,,,,,,
g734,11.0,2026-11-14,Nebraska,Rutgers,coach_1h,Coach 1H support,Nebraska,"Matt Rhule 1H Favorite: 13-3 ATS (81.2%), avg ATS margin +5.5 over 16 games. Supports Nebraska.",5.47,high,5.47,,,,,,,,,,,,,,,,
g157,2.0,2026-09-12,Texas Tech,Oregon State,coach_1h,Coach 1H support,Texas Tech,"Joey McGuire 1H Favorite: 14-8 ATS (63.6%), avg ATS margin +5.4 over 22 games. Supports Texas Tech.",5.43,high,5.43,,,,,,,,,,,,,,,,
g187,3.0,2026-09-18,Houston,Texas Tech,coach_1h,Coach 1H support,Texas Tech,"Joey McGuire 1H Favorite: 14-8 ATS (63.6%), avg ATS margin +5.4 over 22 games. Supports Texas Tech.",5.43,high,5.43,,,,,,,,,,,,,,,,
g317,4.0,2026-09-26,Sam Houston,Texas Tech,coach_1h,Coach 1H support,Texas Tech,"Joey McGuire 1H Favorite: 14-8 ATS (63.6%), avg ATS margin +5.4 over 22 games. Supports Texas Tech.",5.43,high,5.43,,,,,,,,,,,,,,,,
g347,5.0,2026-10-03,Texas Tech,Colorado,coach_1h,Coach 1H support,Texas Tech,"Joey McGuire 1H Favorite: 14-8 ATS (63.6%), avg ATS margin +5.4 over 22 games. Supports Texas Tech.",5.43,high,5.43,,,,,,,,,,,,,,,,
g502,7.0,2026-10-17,Arizona State,Texas Tech,coach_1h,Coach 1H support,Texas Tech,"Joey McGuire 1H Favorite: 14-8 ATS (63.6%), avg ATS margin +5.4 over 22 games. Supports Texas Tech.",5.43,high,5.43,,,,,,,,,,,,,,,,
g528,8.0,2026-10-24,Texas Tech,Cincinnati,coach_1h,Coach 1H support,Texas Tech,"Joey McGuire 1H Favorite: 14-8 ATS (63.6%), avg ATS margin +5.4 over 22 games. Supports Texas Tech.",5.43,high,5.43,,,,,,,,,,,,,,,,
g615,9.0,2026-10-31,Arizona,Texas Tech,coach_1h,Coach 1H support,Texas Tech,"Joey McGuire 1H Favorite: 14-8 ATS (63.6%), avg ATS margin +5.4 over 22 games. Supports Texas Tech.",5.43,high,5.43,,,,,,,,,,,,,,,,
g675,10.0,2026-11-07,West Virginia,Texas Tech,coach_1h,Coach 1H support,Texas Tech,"Joey McGuire 1H Favorite: 14-8 ATS (63.6%), avg ATS margin +5.4 over 22 games. Supports Texas Tech.",5.43,high,5.43,,,,,,,,,,,,,,,,
g730,11.0,2026-11-14,Texas Tech,Oklahoma State,coach_1h,Coach 1H support,Texas Tech,"Joey McGuire 1H Favorite: 14-8 ATS (63.6%), avg ATS margin +5.4 over 22 games. Supports Texas Tech.",5.43,high,5.43,,,,,,,,,,,,,,,,
g769,12.0,2026-11-21,Texas Tech,Baylor,coach_1h,Coach 1H support,Texas Tech,"Joey McGuire 1H Favorite: 14-8 ATS (63.6%), avg ATS margin +5.4 over 22 games. Supports Texas Tech.",5.43,high,5.43,,,,,,,,,,,,,,,,
g825,13.0,2026-11-26,TCU,Texas Tech,coach_1h,Coach 1H support,Texas Tech,"Joey McGuire 1H Favorite: 14-8 ATS (63.6%), avg ATS margin +5.4 over 22 games. Supports Texas Tech.",5.43,high,5.43,,,,,,,,,,,,,,,,
g163,2.0,2026-09-12,Towson,South Carolina,coach_1h,Coach 1H support,South Carolina,"Shane Beamer 1H Underdog: 10-3 ATS (76.9%), avg ATS margin +5.4 over 13 games. Supports South Carolina.",5.42,high,5.42,,,,,,,,,,,,,,,,
g265,4.0,2026-09-26,South Carolina,Alabama,coach_1h,Coach 1H support,South Carolina,"Shane Beamer 1H Underdog: 10-3 ATS (76.9%), avg ATS margin +5.4 over 13 games. Supports South Carolina.",5.42,high,5.42,,,,,,,,,,,,,,,,
g409,6.0,2026-10-10,South Carolina,Florida,coach_1h,Coach 1H support,South Carolina,"Shane Beamer 1H Underdog: 10-3 ATS (76.9%), avg ATS margin +5.4 over 13 games. Supports South Carolina.",5.42,high,5.42,,,,,,,,,,,,,,,,
g552,8.0,2026-10-24,Tennessee,South Carolina,coach_1h,Coach 1H support,South Carolina,"Shane Beamer 1H Underdog: 10-3 ATS (76.9%), avg ATS margin +5.4 over 13 games. Supports South Carolina.",5.42,high,5.42,,,,,,,,,,,,,,,,
g601,9.0,2026-10-31,South Carolina,Oklahoma,coach_1h,Coach 1H support,South Carolina,"Shane Beamer 1H Underdog: 10-3 ATS (76.9%), avg ATS margin +5.4 over 13 games. Supports South Carolina.",5.42,high,5.42,,,,,,,,,,,,,,,,
g672,10.0,2026-11-07,Texas A&M,South Carolina,coach_1h,Coach 1H support,South Carolina,"Shane Beamer 1H Underdog: 10-3 ATS (76.9%), avg ATS margin +5.4 over 13 games. Supports South Carolina.",5.42,high,5.42,,,,,,,,,,,,,,,,
g808,12.0,2026-11-21,Georgia,South Carolina,coach_1h,Coach 1H support,South Carolina,"Shane Beamer 1H Underdog: 10-3 ATS (76.9%), avg ATS margin +5.4 over 13 games. Supports South Carolina.",5.42,high,5.42,,,,,,,,,,,,,,,,
g843,13.0,2026-11-28,South Carolina,Clemson,coach_1h,Coach 1H support,South Carolina,"Shane Beamer 1H Underdog: 10-3 ATS (76.9%), avg ATS margin +5.4 over 13 games. Supports South Carolina.",5.42,high,5.42,,,,,,,,,,,,,,,,
g360,5.0,2026-10-03,Middle Tennessee,Kansas,coach_1h,Coach 1H fade,Middle Tennessee,"Lance Leipold 1H Favorite: 3-12 ATS (20.0%), avg ATS margin -4.7 over 15 games. Supports Middle Tennessee by fading Kansas.",4.67,high,4.67,,,,,,,,,,,,,,,,
g535,8.0,2026-10-24,Baylor,Kansas,coach_1h,Coach 1H fade,Baylor,"Lance Leipold 1H Favorite: 3-12 ATS (20.0%), avg ATS margin -4.7 over 15 games. Supports Baylor by fading Kansas.",4.67,high,4.67,,,,,,,,,,,,,,,,
g649,10.0,2026-11-07,Central Florida,Kansas,coach_1h,Coach 1H fade,Central Florida,"Lance Leipold 1H Favorite: 3-12 ATS (20.0%), avg ATS margin -4.7 over 15 games. Supports Central Florida by fading Kansas.",4.67,high,4.67,,,,,,,,,,,,,,,,
g45,1.0,2026-09-05,North Texas,Indiana,coach_1h,Coach 1H support,Indiana,"Curt Cignetti 1H Favorite: 17-8 ATS (68.0%), avg ATS margin +4.3 over 25 games. Supports Indiana.",4.26,high,4.26,,,,,,,,,,,,,,,,
g208,3.0,2026-09-19,Western Kentucky,Indiana,coach_1h,Coach 1H support,Indiana,"Curt Cignetti 1H Favorite: 17-8 ATS (68.0%), avg ATS margin +4.3 over 25 games. Supports Indiana.",4.26,high,4.26,,,,,,,,,,,,,,,,
g286,4.0,2026-09-26,Northwestern,Indiana,coach_1h,Coach 1H support,Indiana,"Curt Cignetti 1H Favorite: 17-8 ATS (68.0%), avg ATS margin +4.3 over 25 games. Supports Indiana.",4.26,high,4.26,,,,,,,,,,,,,,,,
g376,5.0,2026-10-03,Indiana,Rutgers,coach_1h,Coach 1H support,Indiana,"Curt Cignetti 1H Favorite: 17-8 ATS (68.0%), avg ATS margin +4.3 over 25 games. Supports Indiana.",4.26,high,4.26,,,,,,,,,,,,,,,,
g423,6.0,2026-10-10,Indiana,Nebraska,coach_1h,Coach 1H support,Indiana,"Curt Cignetti 1H Favorite: 17-8 ATS (68.0%), avg ATS margin +4.3 over 25 games. Supports Indiana.",4.26,high,4.26,,,,,,,,,,,,,,,,
g540,8.0,2026-10-24,Indiana,Michigan,coach_1h,Coach 1H support,Indiana,"Curt Cignetti 1H Favorite: 17-8 ATS (68.0%), avg ATS margin +4.3 over 25 games. Supports Indiana.",4.26,high,4.26,,,,,,,,,,,,,,,,
g589,9.0,2026-10-31,Minnesota,Indiana,coach_1h,Coach 1H support,Indiana,"Curt Cignetti 1H Favorite: 17-8 ATS (68.0%), avg ATS margin +4.3 over 25 games. Supports Indiana.",4.26,high,4.26,,,,,,,,,,,,,,,,
g710,11.0,2026-11-14,USC,Indiana,coach_1h,Coach 1H support,Indiana,"Curt Cignetti 1H Favorite: 17-8 ATS (68.0%), avg ATS margin +4.3 over 25 games. Supports Indiana.",4.26,high,4.26,,,,,,,,,,,,,,,,
g820,12.0,2026-11-21,Indiana,Washington,coach_1h,Coach 1H support,Indiana,"Curt Cignetti 1H Favorite: 17-8 ATS (68.0%), avg ATS margin +4.3 over 25 games. Supports Indiana.",4.26,high,4.26,,,,,,,,,,,,,,,,
g855,13.0,2026-11-28,Purdue,Indiana,coach_1h,Coach 1H support,Indiana,"Curt Cignetti 1H Favorite: 17-8 ATS (68.0%), avg ATS margin +4.3 over 25 games. Supports Indiana.",4.26,high,4.26,,,,,,,,,,,,,,,,
g89,1.0,2026-09-05,Oklahoma State,Tulsa,coach_1h,Coach 1H support,Oklahoma State,"Eric Morris 1H Favorite: 9-7 ATS (56.2%), avg ATS margin +4.2 over 16 games. Supports Oklahoma State.",4.16,medium,4.16,,,,,,,,,,,,,,,,
g431,6.0,2026-10-10,Central Florida,Oklahoma State,coach_1h,Coach 1H support,Oklahoma State,"Eric Morris 1H Favorite: 9-7 ATS (56.2%), avg ATS margin +4.2 over 16 games. Supports Oklahoma State.",4.16,medium,4.16,,,,,,,,,,,,,,,,
g550,8.0,2026-10-24,Colorado,Oklahoma State,coach_1h,Coach 1H support,Oklahoma State,"Eric Morris 1H Favorite: 9-7 ATS (56.2%), avg ATS margin +4.2 over 16 games. Supports Oklahoma State.",4.16,medium,4.16,,,,,,,,,,,,,,,,
g871,13.0,2026-11-28,Kansas,Oklahoma State,coach_1h,Coach 1H support,Oklahoma State,"Eric Morris 1H Favorite: 9-7 ATS (56.2%), avg ATS margin +4.2 over 16 games. Supports Oklahoma State.",4.16,medium,4.16,,,,,,,,,,,,,,,,
g73,1.0,2026-09-05,Miami-OH,Pittsburgh,coach_1h,Coach 1H support,Pittsburgh,"Pat Narduzzi 1H Favorite: 9-5 ATS (64.3%), avg ATS margin +4.0 over 14 games. Supports Pittsburgh.",4.0,high,4.0,,,,,,,,,,,,,,,,
g158,2.0,2026-09-12,Central Florida,Pittsburgh,coach_1h,Coach 1H support,Pittsburgh,"Pat Narduzzi 1H Favorite: 9-5 ATS (64.3%), avg ATS margin +4.0 over 14 games. Supports Pittsburgh.",4.0,high,4.0,,,,,,,,,,,,,,,,
g186,3.0,2026-09-17,Syracuse,Pittsburgh,coach_1h,Coach 1H support,Pittsburgh,"Pat Narduzzi 1H Favorite: 9-5 ATS (64.3%), avg ATS margin +4.0 over 14 games. Supports Pittsburgh.",4.0,high,4.0,,,,,,,,,,,,,,,,
g435,6.0,2026-10-10,North Carolina,Pittsburgh,coach_1h,Coach 1H support,Pittsburgh,"Pat Narduzzi 1H Favorite: 9-5 ATS (64.3%), avg ATS margin +4.0 over 14 games. Supports Pittsburgh.",4.0,high,4.0,,,,,,,,,,,,,,,,
g461,7.0,2026-10-17,Pittsburgh,Boston College,coach_1h,Coach 1H support,Pittsburgh,"Pat Narduzzi 1H Favorite: 9-5 ATS (64.3%), avg ATS margin +4.0 over 14 games. Supports Pittsburgh.",4.0,high,4.0,,,,,,,,,,,,,,,,
g606,9.0,2026-10-31,Georgia Tech,Pittsburgh,coach_1h,Coach 1H support,Pittsburgh,"Pat Narduzzi 1H Favorite: 9-5 ATS (64.3%), avg ATS margin +4.0 over 14 games. Supports Pittsburgh.",4.0,high,4.0,,,,,,,,,,,,,,,,
g695,11.0,2026-11-13,Florida State,Pittsburgh,coach_1h,Coach 1H support,Pittsburgh,"Pat Narduzzi 1H Favorite: 9-5 ATS (64.3%), avg ATS margin +4.0 over 14 games. Supports Pittsburgh.",4.0,high,4.0,,,,,,,,,,,,,,,,
g841,13.0,2026-11-28,Pittsburgh,California,coach_1h,Coach 1H support,Pittsburgh,"Pat Narduzzi 1H Favorite: 9-5 ATS (64.3%), avg ATS margin +4.0 over 14 games. Supports Pittsburgh.",4.0,high,4.0,,,,,,,,,,,,,,,,
g36,1.0,2026-09-05,Wyoming,Colorado State,coach_1h,Coach 1H fade,Colorado State,"Jay Sawvel 1H Underdog: 4-14 ATS (22.2%), avg ATS margin -3.9 over 18 games. Supports Colorado State by fading Wyoming.",3.92,high,3.92,,,,,,,,,,,,,,,,
g185,2.0,2026-09-12,Northern Colorado,Wyoming,coach_1h,Coach 1H fade,Northern Colorado,"Jay Sawvel 1H Underdog: 4-14 ATS (22.2%), avg ATS margin -3.9 over 18 games. Supports Northern Colorado by fading Wyoming.",3.92,high,3.92,,,,,,,,,,,,,,,,
g199,3.0,2026-09-19,Wyoming,Central Michigan,coach_1h,Coach 1H fade,Central Michigan,"Jay Sawvel 1H Underdog: 4-14 ATS (22.2%), avg ATS margin -3.9 over 18 games. Supports Central Michigan by fading Wyoming.",3.92,high,3.92,,,,,,,,,,,,,,,,
g331,4.0,2026-09-26,Hawaii,Wyoming,coach_1h,Coach 1H fade,Hawaii,"Jay Sawvel 1H Underdog: 4-14 ATS (22.2%), avg ATS margin -3.9 over 18 games. Supports Hawaii by fading Wyoming.",3.92,high,3.92,,,,,,,,,,,,,,,,
g374,5.0,2026-10-03,Wyoming,North Dakota State,coach_1h,Coach 1H fade,North Dakota State,"Jay Sawvel 1H Underdog: 4-14 ATS (22.2%), avg ATS margin -3.9 over 18 games. Supports North Dakota State by fading Wyoming.",3.92,high,3.92,,,,,,,,,,,,,,,,
g437,6.0,2026-10-10,Wyoming,San Jose State,coach_1h,Coach 1H fade,San Jose State,"Jay Sawvel 1H Underdog: 4-14 ATS (22.2%), avg ATS margin -3.9 over 18 games. Supports San Jose State by fading Wyoming.",3.92,high,3.92,,,,,,,,,,,,,,,,
g566,8.0,2026-10-24,Air Force,Wyoming,coach_1h,Coach 1H fade,Air Force,"Jay Sawvel 1H Underdog: 4-14 ATS (22.2%), avg ATS margin -3.9 over 18 games. Supports Air Force by fading Wyoming.",3.92,high,3.92,,,,,,,,,,,,,,,,
g679,10.0,2026-11-07,Wyoming,UNLV,coach_1h,Coach 1H fade,UNLV,"Jay Sawvel 1H Underdog: 4-14 ATS (22.2%), avg ATS margin -3.9 over 18 games. Supports UNLV by fading Wyoming.",3.92,high,3.92,,,,,,,,,,,,,,,,
g822,12.0,2026-11-21,New Mexico,Wyoming,coach_1h,Coach 1H fade,New Mexico,"Jay Sawvel 1H Underdog: 4-14 ATS (22.2%), avg ATS margin -3.9 over 18 games. Supports New Mexico by fading Wyoming.",3.92,high,3.92,,,,,,,,,,,,,,,,
g300,4.0,2026-09-26,Appalachian State,NC State,coach_1h,Coach 1H fade,Appalachian State,"Dave Doeren 1H Favorite: 5-9 ATS (35.7%), avg ATS margin -3.7 over 14 games. Supports Appalachian State by fading NC State.",3.68,high,3.68,,,,,,,,,,,,,,,,
g421,6.0,2026-10-10,Wake Forest,NC State,coach_1h,Coach 1H fade,Wake Forest,"Dave Doeren 1H Favorite: 5-9 ATS (35.7%), avg ATS margin -3.7 over 14 games. Supports Wake Forest by fading NC State.",3.68,high,3.68,,,,,,,,,,,,,,,,
g554,8.0,2026-10-24,NC State,Stanford,coach_1h,Coach 1H fade,Stanford,"Dave Doeren 1H Favorite: 5-9 ATS (35.7%), avg ATS margin -3.7 over 14 games. Supports Stanford by fading NC State.",3.68,high,3.68,,,,,,,,,,,,,,,,
g596,9.0,2026-10-31,California,NC State,coach_1h,Coach 1H fade,California,"Dave Doeren 1H Favorite: 5-9 ATS (35.7%), avg ATS margin -3.7 over 14 games. Supports California by fading NC State.",3.68,high,3.68,,,,,,,,,,,,,,,,
g659,10.0,2026-11-07,Duke,NC State,coach_1h,Coach 1H fade,Duke,"Dave Doeren 1H Favorite: 5-9 ATS (35.7%), avg ATS margin -3.7 over 14 games. Supports Duke by fading NC State.",3.68,high,3.68,,,,,,,,,,,,,,,,
g723,11.0,2026-11-14,Syracuse,NC State,coach_1h,Coach 1H fade,Syracuse,"Dave Doeren 1H Favorite: 5-9 ATS (35.7%), avg ATS margin -3.7 over 14 games. Supports Syracuse by fading NC State.",3.68,high,3.68,,,,,,,,,,,,,,,,
g866,13.0,2026-11-28,NC State,North Carolina,coach_1h,Coach 1H fade,North Carolina,"Dave Doeren 1H Favorite: 5-9 ATS (35.7%), avg ATS margin -3.7 over 14 games. Supports North Carolina by fading NC State.",3.68,high,3.68,,,,,,,,,,,,,,,,
g314,4.0,2026-09-26,Army,Temple,coach_1h,Coach 1H support,Army,"Jeff Monken 1H Favorite: 12-5 ATS (70.6%), avg ATS margin +3.6 over 17 games. Supports Army.",3.65,high,3.65,,,,,,,,,,,,,,,,
g364,5.0,2026-10-03,Army,Louisiana Tech,coach_1h,Coach 1H support,Army,"Jeff Monken 1H Favorite: 12-5 ATS (70.6%), avg ATS margin +3.6 over 17 games. Supports Army.",3.65,high,3.65,,,,,,,,,,,,,,,,
g458,7.0,2026-10-17,Florida Atlantic,Army,coach_1h,Coach 1H support,Army,"Jeff Monken 1H Favorite: 12-5 ATS (70.6%), avg ATS margin +3.6 over 17 games. Supports Army.",3.65,high,3.65,,,,,,,,,,,,,,,,
g518,8.0,2026-10-23,Army,Tulsa,coach_1h,Coach 1H support,Army,"Jeff Monken 1H Favorite: 12-5 ATS (70.6%), avg ATS margin +3.6 over 17 games. Supports Army.",3.65,high,3.65,,,,,,,,,,,,,,,,
g635,10.0,2026-11-07,Air Force,Army,coach_1h,Coach 1H support,Army,"Jeff Monken 1H Favorite: 12-5 ATS (70.6%), avg ATS margin +3.6 over 17 games. Supports Army.",3.65,high,3.65,,,,,,,,,,,,,,,,
g874,13.0,2026-11-28,Army,Rice,coach_1h,Coach 1H support,Army,"Jeff Monken 1H Favorite: 12-5 ATS (70.6%), avg ATS margin +3.6 over 17 games. Supports Army.",3.65,high,3.65,,,,,,,,,,,,,,,,
g771,12.0,2026-11-21,Syracuse,Boston College,coach_1h,Coach 1H fade,Syracuse,"Bill O'Brien 1H Favorite: 3-10 ATS (23.1%), avg ATS margin -3.5 over 13 games. Supports Syracuse by fading Boston College.",3.5,high,3.5,,,,,,,,,,,,,,,,
g31,1.0,2026-09-05,Utah Tech,BYU,coach_1h,Coach 1H support,BYU,"Kalani Sitake 1H Underdog: 7-5 ATS (58.3%), avg ATS margin +3.4 over 12 games. Supports BYU.",3.42,high,3.42,,,,,,,,,,,,,,,,
g459,7.0,2026-10-17,Notre Dame,BYU,coach_1h,Coach 1H support,BYU,"Kalani Sitake 1H Underdog: 7-5 ATS (58.3%), avg ATS margin +3.4 over 12 games. Supports BYU.",3.42,high,3.42,,,,,,,,,,,,,,,,
g681,10.0,2026-11-07,BYU,Utah,coach_1h,Coach 1H support,BYU,"Kalani Sitake 1H Underdog: 7-5 ATS (58.3%), avg ATS margin +3.4 over 12 games. Supports BYU.",3.42,high,3.42,,,,,,,,,,,,,,,,
g266,4.0,2026-09-26,Tulsa,Arkansas,coach_1h,Coach 1H fade,Tulsa,"Ryan Silverfield 1H Favorite: 5-12 ATS (29.4%), avg ATS margin -3.3 over 17 games. Supports Tulsa by fading Arkansas.",3.29,high,3.29,,,,,,,,,,,,,,,,
g26,1.0,2026-09-05,Northern Arizona,Arizona,coach_1h,Coach 1H fade,Northern Arizona,"Brent Brennan 1H Underdog: 3-10 ATS (23.1%), avg ATS margin -3.2 over 13 games. Supports Northern Arizona by fading Arizona.",3.23,high,3.23,,,,,,,,,,,,,,,,
g109,2.0,2026-09-12,Arizona,BYU,coach_1h,Coach 1H fade,BYU,"Brent Brennan 1H Underdog: 3-10 ATS (23.1%), avg ATS margin -3.2 over 13 games. Supports BYU by fading Arizona.",3.23,high,3.23,,,,,,,,,,,,,,,,
g615,9.0,2026-10-31,Arizona,Texas Tech,coach_1h,Coach 1H fade,Texas Tech,"Brent Brennan 1H Underdog: 3-10 ATS (23.1%), avg ATS margin -3.2 over 13 games. Supports Texas Tech by fading Arizona.",3.23,high,3.23,,,,,,,,,,,,,,,,
g697,11.0,2026-11-14,Utah,Arizona,coach_1h,Coach 1H fade,Utah,"Brent Brennan 1H Underdog: 3-10 ATS (23.1%), avg ATS margin -3.2 over 13 games. Supports Utah by fading Arizona.",3.23,high,3.23,,,,,,,,,,,,,,,,
g784,12.0,2026-11-21,Arizona,Kansas State,coach_1h,Coach 1H fade,Kansas State,"Brent Brennan 1H Underdog: 3-10 ATS (23.1%), avg ATS margin -3.2 over 13 games. Supports Kansas State by fading Arizona.",3.23,high,3.23,,,,,,,,,,,,,,,,
g174,2.0,2026-09-12,San Diego State,UCLA,coach_1h,Coach 1H fade,San Diego State,"Bob Chesney 1H Favorite: 8-13 ATS (38.1%), avg ATS margin -3.2 over 21 games. Supports San Diego State by fading UCLA.",3.21,high,3.21,,,,,,,,,,,,,,,,
g253,3.0,2026-09-19,Purdue,UCLA,coach_1h,Coach 1H fade,Purdue,"Bob Chesney 1H Favorite: 8-13 ATS (38.1%), avg ATS margin -3.2 over 21 games. Supports Purdue by fading UCLA.",3.21,high,3.21,,,,,,,,,,,,,,,,
g503,7.0,2026-10-17,Wisconsin,UCLA,coach_1h,Coach 1H fade,Wisconsin,"Bob Chesney 1H Favorite: 8-13 ATS (38.1%), avg ATS margin -3.2 over 21 games. Supports Wisconsin by fading UCLA.",3.21,high,3.21,,,,,,,,,,,,,,,,
g561,8.0,2026-10-24,Michigan State,UCLA,coach_1h,Coach 1H fade,Michigan State,"Bob Chesney 1H Favorite: 8-13 ATS (38.1%), avg ATS margin -3.2 over 21 games. Supports Michigan State by fading UCLA.",3.21,high,3.21,,,,,,,,,,,,,,,,
g616,9.0,2026-10-31,Nevada,UCLA,coach_1h,Coach 1H fade,Nevada,"Bob Chesney 1H Favorite: 8-13 ATS (38.1%), avg ATS margin -3.2 over 21 games. Supports Nevada by fading UCLA.",3.21,high,3.21,,,,,,,,,,,,,,,,
g182,2.0,2026-09-12,UT Martin,West Virginia,coach_1h,Coach 1H fade,UT Martin,"Rich Rodriguez 1H Underdog: 5-7 ATS (41.7%), avg ATS margin -3.1 over 12 games. Supports UT Martin by fading West Virginia.",3.08,high,3.08,,,,,,,,,,,,,,,,
g259,3.0,2026-09-19,Virginia,West Virginia,coach_1h,Coach 1H fade,Virginia,"Rich Rodriguez 1H Underdog: 5-7 ATS (41.7%), avg ATS margin -3.1 over 12 games. Supports Virginia by fading West Virginia.",3.08,high,3.08,,,,,,,,,,,,,,,,
g358,5.0,2026-10-03,West Virginia,Iowa State,coach_1h,Coach 1H fade,Iowa State,"Rich Rodriguez 1H Underdog: 5-7 ATS (41.7%), avg ATS margin -3.1 over 12 games. Supports Iowa State by fading West Virginia.",3.08,high,3.08,,,,,,,,,,,,,,,,
g447,6.0,2026-10-10,Arizona,West Virginia,coach_1h,Coach 1H fade,Arizona,"Rich Rodriguez 1H Underdog: 5-7 ATS (41.7%), avg ATS margin -3.1 over 12 games. Supports Arizona by fading West Virginia.",3.08,high,3.08,,,,,,,,,,,,,,,,
g555,8.0,2026-10-24,West Virginia,TCU,coach_1h,Coach 1H fade,TCU,"Rich Rodriguez 1H Underdog: 5-7 ATS (41.7%), avg ATS margin -3.1 over 12 games. Supports TCU by fading West Virginia.",3.08,high,3.08,,,,,,,,,,,,,,,,
g675,10.0,2026-11-07,West Virginia,Texas Tech,coach_1h,Coach 1H fade,Texas Tech,"Rich Rodriguez 1H Underdog: 5-7 ATS (41.7%), avg ATS margin -3.1 over 12 games. Supports Texas Tech by fading West Virginia.",3.08,high,3.08,,,,,,,,,,,,,,,,
g821,12.0,2026-11-21,Houston,West Virginia,coach_1h,Coach 1H fade,Houston,"Rich Rodriguez 1H Underdog: 5-7 ATS (41.7%), avg ATS margin -3.1 over 12 games. Supports Houston by fading West Virginia.",3.08,high,3.08,,,,,,,,,,,,,,,,
g833,13.0,2026-11-27,West Virginia,Utah,coach_1h,Coach 1H fade,Utah,"Rich Rodriguez 1H Underdog: 5-7 ATS (41.7%), avg ATS margin -3.1 over 12 games. Supports Utah by fading West Virginia.",3.08,high,3.08,,,,,,,,,,,,,,,,
g34,1.0,2026-09-05,The Citadel,Charlotte,coach_1h,Coach 1H fade,The Citadel,"Tim Albin 1H Underdog: 5-11 ATS (31.2%), avg ATS margin -3.1 over 16 games. Supports The Citadel by fading Charlotte.",3.06,high,3.06,,,,,,,,,,,,,,,,
g156,2.0,2026-09-12,Charlotte,Ole Miss,coach_1h,Coach 1H fade,Ole Miss,"Tim Albin 1H Underdog: 5-11 ATS (31.2%), avg ATS margin -3.1 over 16 games. Supports Ole Miss by fading Charlotte.",3.06,high,3.06,,,,,,,,,,,,,,,,
g190,3.0,2026-09-19,Charlotte,Appalachian State,coach_1h,Coach 1H fade,Appalachian State,"Tim Albin 1H Underdog: 5-11 ATS (31.2%), avg ATS margin -3.1 over 16 games. Supports Appalachian State by fading Charlotte.",3.06,high,3.06,,,,,,,,,,,,,,,,
g274,4.0,2026-09-26,Louisiana,Charlotte,coach_1h,Coach 1H fade,Louisiana,"Tim Albin 1H Underdog: 5-11 ATS (31.2%), avg ATS margin -3.1 over 16 games. Supports Louisiana by fading Charlotte.",3.06,high,3.06,,,,,,,,,,,,,,,,
g344,5.0,2026-10-03,Memphis,Charlotte,coach_1h,Coach 1H fade,Memphis,"Tim Albin 1H Underdog: 5-11 ATS (31.2%), avg ATS margin -3.1 over 16 games. Supports Memphis by fading Charlotte.",3.06,high,3.06,,,,,,,,,,,,,,,,
g424,6.0,2026-10-10,Charlotte,North Texas,coach_1h,Coach 1H fade,North Texas,"Tim Albin 1H Underdog: 5-11 ATS (31.2%), avg ATS margin -3.1 over 16 games. Supports North Texas by fading Charlotte.",3.06,high,3.06,,,,,,,,,,,,,,,,
g497,7.0,2026-10-17,Charlotte,Temple,coach_1h,Coach 1H fade,Temple,"Tim Albin 1H Underdog: 5-11 ATS (31.2%), avg ATS margin -3.1 over 16 games. Supports Temple by fading Charlotte.",3.06,high,3.06,,,,,,,,,,,,,,,,
g574,9.0,2026-10-30,Tulane,Charlotte,coach_1h,Coach 1H fade,Tulane,"Tim Albin 1H Underdog: 5-11 ATS (31.2%), avg ATS margin -3.1 over 16 games. Supports Tulane by fading Charlotte.",3.06,high,3.06,,,,,,,,,,,,,,,,
g678,10.0,2026-11-07,Charlotte,UAB,coach_1h,Coach 1H fade,UAB,"Tim Albin 1H Underdog: 5-11 ATS (31.2%), avg ATS margin -3.1 over 16 games. Supports UAB by fading Charlotte.",3.06,high,3.06,,,,,,,,,,,,,,,,
g702,11.0,2026-11-14,East Carolina,Charlotte,coach_1h,Coach 1H fade,East Carolina,"Tim Albin 1H Underdog: 5-11 ATS (31.2%), avg ATS margin -3.1 over 16 games. Supports East Carolina by fading Charlotte.",3.06,high,3.06,,,,,,,,,,,,,,,,
g816,12.0,2026-11-21,Charlotte,Tulsa,coach_1h,Coach 1H fade,Tulsa,"Tim Albin 1H Underdog: 5-11 ATS (31.2%), avg ATS margin -3.1 over 16 games. Supports Tulsa by fading Charlotte.",3.06,high,3.06,,,,,,,,,,,,,,,,
g842,13.0,2026-11-28,Navy,Charlotte,coach_1h,Coach 1H fade,Navy,"Tim Albin 1H Underdog: 5-11 ATS (31.2%), avg ATS margin -3.1 over 16 games. Supports Navy by fading Charlotte.",3.06,high,3.06,,,,,,,,,,,,,,,,
g35,1.0,2026-09-05,Boston College,Cincinnati,coach_1h,Coach 1H support,Cincinnati,"Scott Satterfield 1H Favorite: 9-5 ATS (64.3%), avg ATS margin +2.8 over 14 games. Supports Cincinnati.",2.82,high,2.82,,,,,,,,,,,,,,,,
g200,3.0,2026-09-19,Miami-OH,Cincinnati,coach_1h,Coach 1H support,Cincinnati,"Scott Satterfield 1H Favorite: 9-5 ATS (64.3%), avg ATS margin +2.8 over 14 games. Supports Cincinnati.",2.82,high,2.82,,,,,,,,,,,,,,,,
g773,12.0,2026-11-21,Colorado,Cincinnati,coach_1h,Coach 1H support,Cincinnati,"Scott Satterfield 1H Favorite: 9-5 ATS (64.3%), avg ATS margin +2.8 over 14 games. Supports Cincinnati.",2.82,high,2.82,,,,,,,,,,,,,,,,
g93,1.0,2026-09-05,Austin Peay,Vanderbilt,coach_1h,Coach 1H support,Vanderbilt,"Clark Lea 1H Underdog: 9-3 ATS (75.0%), avg ATS margin +2.8 over 12 games. Supports Vanderbilt.",2.79,high,2.79,,,,,,,,,,,,,,,,
g268,4.0,2026-09-26,Vanderbilt,Auburn,coach_1h,Coach 1H support,Vanderbilt,"Clark Lea 1H Underdog: 9-3 ATS (75.0%), avg ATS margin +2.8 over 12 games. Supports Vanderbilt.",2.79,high,2.79,,,,,,,,,,,,,,,,
g352,5.0,2026-10-03,Vanderbilt,Georgia,coach_1h,Coach 1H support,Vanderbilt,"Clark Lea 1H Underdog: 9-3 ATS (75.0%), avg ATS margin +2.8 over 12 games. Supports Vanderbilt.",2.79,high,2.79,,,,,,,,,,,,,,,,
g444,6.0,2026-10-10,Ole Miss,Vanderbilt,coach_1h,Coach 1H support,Vanderbilt,"Clark Lea 1H Underdog: 9-3 ATS (75.0%), avg ATS margin +2.8 over 12 games. Supports Vanderbilt.",2.79,high,2.79,,,,,,,,,,,,,,,,
g747,11.0,2026-11-14,Alabama,Vanderbilt,coach_1h,Coach 1H support,Vanderbilt,"Clark Lea 1H Underdog: 9-3 ATS (75.0%), avg ATS margin +2.8 over 12 games. Supports Vanderbilt.",2.79,high,2.79,,,,,,,,,,,,,,,,
g776,12.0,2026-11-21,Vanderbilt,Florida,coach_1h,Coach 1H support,Vanderbilt,"Clark Lea 1H Underdog: 9-3 ATS (75.0%), avg ATS margin +2.8 over 12 games. Supports Vanderbilt.",2.79,high,2.79,,,,,,,,,,,,,,,,
g885,13.0,2026-11-28,Tennessee,Vanderbilt,coach_1h,Coach 1H support,Vanderbilt,"Clark Lea 1H Underdog: 9-3 ATS (75.0%), avg ATS margin +2.8 over 12 games. Supports Vanderbilt.",2.79,high,2.79,,,,,,,,,,,,,,,,
g39,1.0,2026-09-05,Florida Atlantic,Florida,coach_1h,Coach 1H support,Florida,"Jon Sumrall 1H Favorite: 15-5 ATS (75.0%), avg ATS margin +2.8 over 20 games. Supports Florida.",2.75,high,2.75,,,,,,,,,,,,,,,,
g409,6.0,2026-10-10,South Carolina,Florida,coach_1h,Coach 1H support,Florida,"Jon Sumrall 1H Favorite: 15-5 ATS (75.0%), avg ATS margin +2.8 over 20 games. Supports Florida.",2.75,high,2.75,,,,,,,,,,,,,,,,
g713,11.0,2026-11-14,Florida,Kentucky,coach_1h,Coach 1H support,Florida,"Jon Sumrall 1H Favorite: 15-5 ATS (75.0%), avg ATS margin +2.8 over 20 games. Supports Florida.",2.75,high,2.75,,,,,,,,,,,,,,,,
g776,12.0,2026-11-21,Vanderbilt,Florida,coach_1h,Coach 1H support,Florida,"Jon Sumrall 1H Favorite: 15-5 ATS (75.0%), avg ATS margin +2.8 over 20 games. Supports Florida.",2.75,high,2.75,,,,,,,,,,,,,,,,
g827,13.0,2026-11-27,Florida,Florida State,coach_1h,Coach 1H support,Florida,"Jon Sumrall 1H Favorite: 15-5 ATS (75.0%), avg ATS margin +2.8 over 20 games. Supports Florida.",2.75,high,2.75,,,,,,,,,,,,,,,,
g16,1.0,2026-09-03,Massachusetts,Rutgers,coach_1h,Coach 1H support,Rutgers,"Greg Schiano 1H Favorite: 9-3 ATS (75.0%), avg ATS margin +2.7 over 12 games. Supports Rutgers.",2.71,high,2.71,,,,,,,,,,,,,,,,
g101,2.0,2026-09-11,Rutgers,Boston College,coach_1h,Coach 1H support,Rutgers,"Greg Schiano 1H Favorite: 9-3 ATS (75.0%), avg ATS margin +2.7 over 12 games. Supports Rutgers.",2.71,high,2.71,,,,,,,,,,,,,,,,
g875,13.0,2026-11-28,Michigan State,Rutgers,coach_1h,Coach 1H support,Rutgers,"Greg Schiano 1H Favorite: 9-3 ATS (75.0%), avg ATS margin +2.7 over 12 games. Supports Rutgers.",2.71,high,2.71,,,,,,,,,,,,,,,,
g236,3.0,2026-09-19,Western Michigan,Rice,coach_1h,Coach 1H support,Western Michigan,"Lance Taylor 1H Favorite: 8-6 ATS (57.1%), avg ATS margin +2.5 over 14 games. Supports Western Michigan.",2.5,medium,2.5,,,,,,,,,,,,,,,,
g342,5.0,2026-10-03,Western Michigan,Buffalo,coach_1h,Coach 1H support,Western Michigan,"Lance Taylor 1H Favorite: 8-6 ATS (57.1%), avg ATS margin +2.5 over 14 games. Supports Western Michigan.",2.5,medium,2.5,,,,,,,,,,,,,,,,
g448,6.0,2026-10-10,Kent State,Western Michigan,coach_1h,Coach 1H support,Western Michigan,"Lance Taylor 1H Favorite: 8-6 ATS (57.1%), avg ATS margin +2.5 over 14 games. Supports Western Michigan.",2.5,medium,2.5,,,,,,,,,,,,,,,,
g465,7.0,2026-10-17,Western Michigan,Central Michigan,coach_1h,Coach 1H support,Western Michigan,"Lance Taylor 1H Favorite: 8-6 ATS (57.1%), avg ATS margin +2.5 over 14 games. Supports Western Michigan.",2.5,medium,2.5,,,,,,,,,,,,,,,,
g622,9.0,2026-10-31,Bowling Green,Western Michigan,coach_1h,Coach 1H support,Western Michigan,"Lance Taylor 1H Favorite: 8-6 ATS (57.1%), avg ATS margin +2.5 over 14 games. Supports Western Michigan.",2.5,medium,2.5,,,,,,,,,,,,,,,,
g686,11.0,2026-11-10,Western Michigan,Akron,coach_1h,Coach 1H support,Western Michigan,"Lance Taylor 1H Favorite: 8-6 ATS (57.1%), avg ATS margin +2.5 over 14 games. Supports Western Michigan.",2.5,medium,2.5,,,,,,,,,,,,,,,,
g755,12.0,2026-11-17,Eastern Michigan,Western Michigan,coach_1h,Coach 1H support,Western Michigan,"Lance Taylor 1H Favorite: 8-6 ATS (57.1%), avg ATS margin +2.5 over 14 games. Supports Western Michigan.",2.5,medium,2.5,,,,,,,,,,,,,,,,
g824,13.0,2026-11-24,Miami-OH,Western Michigan,coach_1h,Coach 1H support,Western Michigan,"Lance Taylor 1H Favorite: 8-6 ATS (57.1%), avg ATS margin +2.5 over 14 games. Supports Western Michigan.",2.5,medium,2.5,,,,,,,,,,,,,,,,
g178,2.0,2026-09-12,Delaware,Vanderbilt,coach_1h,Coach 1H fade,Delaware,"Clark Lea 1H Favorite: 5-7 ATS (41.7%), avg ATS margin -2.3 over 12 games. Supports Delaware by fading Vanderbilt.",2.29,high,2.29,,,,,,,,,,,,,,,,
g256,3.0,2026-09-19,NC State,Vanderbilt,coach_1h,Coach 1H fade,NC State,"Clark Lea 1H Favorite: 5-7 ATS (41.7%), avg ATS margin -2.3 over 12 games. Supports NC State by fading Vanderbilt.",2.29,high,2.29,,,,,,,,,,,,,,,,
g507,7.0,2026-10-17,Arkansas,Vanderbilt,coach_1h,Coach 1H fade,Arkansas,"Clark Lea 1H Favorite: 5-7 ATS (41.7%), avg ATS margin -2.3 over 12 games. Supports Arkansas by fading Vanderbilt.",2.29,high,2.29,,,,,,,,,,,,,,,,
g537,8.0,2026-10-24,Vanderbilt,Kentucky,coach_1h,Coach 1H fade,Kentucky,"Clark Lea 1H Favorite: 5-7 ATS (41.7%), avg ATS margin -2.3 over 12 games. Supports Kentucky by fading Vanderbilt.",2.29,high,2.29,,,,,,,,,,,,,,,,
g657,10.0,2026-11-07,Vanderbilt,Mississippi State,coach_1h,Coach 1H fade,Mississippi State,"Clark Lea 1H Favorite: 5-7 ATS (41.7%), avg ATS margin -2.3 over 12 games. Supports Mississippi State by fading Vanderbilt.",2.29,high,2.29,,,,,,,,,,,,,,,,
g415,6.0,2026-10-10,Louisiana,Louisiana Tech,coach_1h,Coach 1H fade,Louisiana,"Sonny Cumbie 1H Favorite: 6-10 ATS (37.5%), avg ATS margin -2.3 over 16 games. Supports Louisiana by fading Louisiana Tech.",2.28,high,2.28,,,,,,,,,,,,,,,,
g504,7.0,2026-10-17,Louisiana Tech,UL-Monroe,coach_1h,Coach 1H fade,UL-Monroe,"Sonny Cumbie 1H Favorite: 6-10 ATS (37.5%), avg ATS margin -2.3 over 16 games. Supports UL-Monroe by fading Louisiana Tech.",2.28,high,2.28,,,,,,,,,,,,,,,,
g716,11.0,2026-11-14,Southern Miss,Louisiana Tech,coach_1h,Coach 1H fade,Southern Miss,"Sonny Cumbie 1H Favorite: 6-10 ATS (37.5%), avg ATS margin -2.3 over 16 games. Supports Southern Miss by fading Louisiana Tech.",2.28,high,2.28,,,,,,,,,,,,,,,,
g759,12.0,2026-11-19,Arkansas State,Louisiana Tech,coach_1h,Coach 1H fade,Arkansas State,"Sonny Cumbie 1H Favorite: 6-10 ATS (37.5%), avg ATS margin -2.3 over 16 games. Supports Arkansas State by fading Louisiana Tech.",2.28,high,2.28,,,,,,,,,,,,,,,,
g85,1.0,2026-09-05,Texas State,Texas,coach_1h,Coach 1H support,Texas,"Steve Sarkisian 1H Favorite: 14-8 ATS (63.6%), avg ATS margin +2.2 over 22 games. Supports Texas.",2.23,high,2.23,,,,,,,,,,,,,,,,
g248,3.0,2026-09-19,UTSA,Texas,coach_1h,Coach 1H support,Texas,"Steve Sarkisian 1H Favorite: 14-8 ATS (63.6%), avg ATS margin +2.2 over 22 games. Supports Texas.",2.23,high,2.23,,,,,,,,,,,,,,,,
g315,4.0,2026-09-26,Texas,Tennessee,coach_1h,Coach 1H support,Texas,"Steve Sarkisian 1H Favorite: 14-8 ATS (63.6%), avg ATS margin +2.2 over 22 games. Supports Texas.",2.23,high,2.23,,,,,,,,,,,,,,,,
g430,6.0,2026-10-10,Texas,Oklahoma,coach_1h,Coach 1H support,Texas,"Steve Sarkisian 1H Favorite: 14-8 ATS (63.6%), avg ATS margin +2.2 over 22 games. Supports Texas.",2.23,high,2.23,,,,,,,,,,,,,,,,
g499,7.0,2026-10-17,Florida,Texas,coach_1h,Coach 1H support,Texas,"Steve Sarkisian 1H Favorite: 14-8 ATS (63.6%), avg ATS margin +2.2 over 22 games. Supports Texas.",2.23,high,2.23,,,,,,,,,,,,,,,,
g556,8.0,2026-10-24,Ole Miss,Texas,coach_1h,Coach 1H support,Texas,"Steve Sarkisian 1H Favorite: 14-8 ATS (63.6%), avg ATS margin +2.2 over 22 games. Supports Texas.",2.23,high,2.23,,,,,,,,,,,,,,,,
g614,9.0,2026-10-31,Mississippi State,Texas,coach_1h,Coach 1H support,Texas,"Steve Sarkisian 1H Favorite: 14-8 ATS (63.6%), avg ATS margin +2.2 over 22 games. Supports Texas.",2.23,high,2.23,,,,,,,,,,,,,,,,
g658,10.0,2026-11-07,Texas,Missouri,coach_1h,Coach 1H support,Texas,"Steve Sarkisian 1H Favorite: 14-8 ATS (63.6%), avg ATS margin +2.2 over 22 games. Supports Texas.",2.23,high,2.23,,,,,,,,,,,,,,,,
g714,11.0,2026-11-14,Texas,LSU,coach_1h,Coach 1H support,Texas,"Steve Sarkisian 1H Favorite: 14-8 ATS (63.6%), avg ATS margin +2.2 over 22 games. Supports Texas.",2.23,high,2.23,,,,,,,,,,,,,,,,
g812,12.0,2026-11-21,Arkansas,Texas,coach_1h,Coach 1H support,Texas,"Steve Sarkisian 1H Favorite: 14-8 ATS (63.6%), avg ATS margin +2.2 over 22 games. Supports Texas.",2.23,high,2.23,,,,,,,,,,,,,,,,
g832,13.0,2026-11-27,Texas,Texas A&M,coach_1h,Coach 1H support,Texas,"Steve Sarkisian 1H Favorite: 14-8 ATS (63.6%), avg ATS margin +2.2 over 22 games. Supports Texas.",2.23,high,2.23,,,,,,,,,,,,,,,,
g71,1.0,2026-09-05,Boise State,Oregon,coach_1h,Coach 1H support,Oregon,"Dan Lanning 1H Favorite: 18-6 ATS (75.0%), avg ATS margin +2.2 over 24 games. Supports Oregon.",2.19,high,2.19,,,,,,,,,,,,,,,,
g155,2.0,2026-09-12,Oregon,Oklahoma State,coach_1h,Coach 1H support,Oregon,"Dan Lanning 1H Favorite: 18-6 ATS (75.0%), avg ATS margin +2.2 over 24 games. Supports Oregon.",2.19,high,2.19,,,,,,,,,,,,,,,,
g321,4.0,2026-09-26,Oregon,USC,coach_1h,Coach 1H support,Oregon,"Dan Lanning 1H Favorite: 18-6 ATS (75.0%), avg ATS margin +2.2 over 24 games. Supports Oregon.",2.19,high,2.19,,,,,,,,,,,,,,,,
g432,6.0,2026-10-10,UCLA,Oregon,coach_1h,Coach 1H support,Oregon,"Dan Lanning 1H Favorite: 18-6 ATS (75.0%), avg ATS margin +2.2 over 24 games. Supports Oregon.",2.19,high,2.19,,,,,,,,,,,,,,,,
g486,7.0,2026-10-17,Nebraska,Oregon,coach_1h,Coach 1H support,Oregon,"Dan Lanning 1H Favorite: 18-6 ATS (75.0%), avg ATS margin +2.2 over 24 games. Supports Oregon.",2.19,high,2.19,,,,,,,,,,,,,,,,
g534,8.0,2026-10-24,Oregon,Illinois,coach_1h,Coach 1H support,Oregon,"Dan Lanning 1H Favorite: 18-6 ATS (75.0%), avg ATS margin +2.2 over 24 games. Supports Oregon.",2.19,high,2.19,,,,,,,,,,,,,,,,
g604,9.0,2026-10-31,Northwestern,Oregon,coach_1h,Coach 1H support,Oregon,"Dan Lanning 1H Favorite: 18-6 ATS (75.0%), avg ATS margin +2.2 over 24 games. Supports Oregon.",2.19,high,2.19,,,,,,,,,,,,,,,,
g731,11.0,2026-11-14,Michigan,Oregon,coach_1h,Coach 1H support,Oregon,"Dan Lanning 1H Favorite: 18-6 ATS (75.0%), avg ATS margin +2.2 over 24 games. Supports Oregon.",2.19,high,2.19,,,,,,,,,,,,,,,,
g791,12.0,2026-11-21,Oregon,Michigan State,coach_1h,Coach 1H support,Oregon,"Dan Lanning 1H Favorite: 18-6 ATS (75.0%), avg ATS margin +2.2 over 24 games. Supports Oregon.",2.19,high,2.19,,,,,,,,,,,,,,,,
g873,13.0,2026-11-28,Washington,Oregon,coach_1h,Coach 1H support,Oregon,"Dan Lanning 1H Favorite: 18-6 ATS (75.0%), avg ATS margin +2.2 over 24 games. Supports Oregon.",2.19,high,2.19,,,,,,,,,,,,,,,,
g102,2.0,2026-09-11,Missouri,Kansas,coach_1h,Coach 1H fade,Kansas,"Eli Drinkwitz 1H Favorite: 7-10 ATS (41.2%), avg ATS margin -2.0 over 17 games. Supports Kansas by fading Missouri.",2.03,high,2.03,,,,,,,,,,,,,,,,
g223,3.0,2026-09-19,Troy,Missouri,coach_1h,Coach 1H fade,Troy,"Eli Drinkwitz 1H Favorite: 7-10 ATS (41.2%), avg ATS margin -2.0 over 17 games. Supports Troy by fading Missouri.",2.03,high,2.03,,,,,,,,,,,,,,,,
g299,4.0,2026-09-26,Missouri,Mississippi State,coach_1h,Coach 1H fade,Mississippi State,"Eli Drinkwitz 1H Favorite: 7-10 ATS (41.2%), avg ATS margin -2.0 over 17 games. Supports Mississippi State by fading Missouri.",2.03,high,2.03,,,,,,,,,,,,,,,,
g369,5.0,2026-10-03,Florida,Missouri,coach_1h,Coach 1H fade,Florida,"Eli Drinkwitz 1H Favorite: 7-10 ATS (41.2%), avg ATS margin -2.0 over 17 games. Supports Florida by fading Missouri.",2.03,high,2.03,,,,,,,,,,,,,,,,
g577,9.0,2026-10-31,Missouri,Arkansas,coach_1h,Coach 1H fade,Arkansas,"Eli Drinkwitz 1H Favorite: 7-10 ATS (41.2%), avg ATS margin -2.0 over 17 games. Supports Arkansas by fading Missouri.",2.03,high,2.03,,,,,,,,,,,,,,,,
g794,12.0,2026-11-21,Kentucky,Missouri,coach_1h,Coach 1H fade,Kentucky,"Eli Drinkwitz 1H Favorite: 7-10 ATS (41.2%), avg ATS margin -2.0 over 17 games. Supports Kentucky by fading Missouri.",2.03,high,2.03,,,,,,,,,,,,,,,,
g55,1.0,2026-09-05,Hampton,Maryland,coach_1h,Coach 1H fade,Hampton,"Mike Locksley 1H Underdog: 2-13 ATS (13.3%), avg ATS margin -2.0 over 15 games. Supports Hampton by fading Maryland.",2.0,high,2.0,,,,,,,,,,,,,,,,
g217,3.0,2026-09-19,Virginia Tech,Maryland,coach_1h,Coach 1H fade,Virginia Tech,"Mike Locksley 1H Underdog: 2-13 ATS (13.3%), avg ATS margin -2.0 over 15 games. Supports Virginia Tech by fading Maryland.",2.0,high,2.0,,,,,,,,,,,,,,,,
g371,5.0,2026-10-03,Maryland,Nebraska,coach_1h,Coach 1H fade,Nebraska,"Mike Locksley 1H Underdog: 2-13 ATS (13.3%), avg ATS margin -2.0 over 15 games. Supports Nebraska by fading Maryland.",2.0,high,2.0,,,,,,,,,,,,,,,,
g429,6.0,2026-10-10,Maryland,Ohio State,coach_1h,Coach 1H fade,Ohio State,"Mike Locksley 1H Underdog: 2-13 ATS (13.3%), avg ATS margin -2.0 over 15 games. Supports Ohio State by fading Maryland.",2.0,high,2.0,,,,,,,,,,,,,,,,
g594,9.0,2026-10-31,Illinois,Maryland,coach_1h,Coach 1H fade,Illinois,"Mike Locksley 1H Underdog: 2-13 ATS (13.3%), avg ATS margin -2.0 over 15 games. Supports Illinois by fading Maryland.",2.0,high,2.0,,,,,,,,,,,,,,,,
g718,11.0,2026-11-14,Wisconsin,Maryland,coach_1h,Coach 1H fade,Wisconsin,"Mike Locksley 1H Underdog: 2-13 ATS (13.3%), avg ATS margin -2.0 over 15 games. Supports Wisconsin by fading Maryland.",2.0,high,2.0,,,,,,,,,,,,,,,,
g818,12.0,2026-11-21,Maryland,USC,coach_1h,Coach 1H fade,USC,"Mike Locksley 1H Underdog: 2-13 ATS (13.3%), avg ATS margin -2.0 over 15 games. Supports USC by fading Maryland.",2.0,high,2.0,,,,,,,,,,,,,,,,
g859,13.0,2026-11-28,Penn State,Maryland,coach_1h,Coach 1H fade,Penn State,"Mike Locksley 1H Underdog: 2-13 ATS (13.3%), avg ATS margin -2.0 over 15 games. Supports Penn State by fading Maryland.",2.0,high,2.0,,,,,,,,,,,,,,,,
g122,2.0,2026-09-12,Navy,Florida Atlantic,coach_1h,Coach 1H support,Navy,"Brian Newberry 1H Favorite: 12-6 ATS (66.7%), avg ATS margin +1.9 over 18 games. Supports Navy.",1.89,medium,1.89,,,,,,,,,,,,,,,,
g263,4.0,2026-09-25,Navy,UAB,coach_1h,Coach 1H support,Navy,"Brian Newberry 1H Favorite: 12-6 ATS (66.7%), avg ATS margin +1.9 over 18 games. Supports Navy.",1.89,medium,1.89,,,,,,,,,,,,,,,,
g337,5.0,2026-10-03,Navy,Air Force,coach_1h,Coach 1H support,Navy,"Brian Newberry 1H Favorite: 12-6 ATS (66.7%), avg ATS margin +1.9 over 18 games. Supports Navy.",1.89,medium,1.89,,,,,,,,,,,,,,,,
g422,6.0,2026-10-10,Tulsa,Navy,coach_1h,Coach 1H support,Navy,"Brian Newberry 1H Favorite: 12-6 ATS (66.7%), avg ATS margin +1.9 over 18 games. Supports Navy.",1.89,medium,1.89,,,,,,,,,,,,,,,,
g506,7.0,2026-10-17,Navy,UTSA,coach_1h,Coach 1H support,Navy,"Brian Newberry 1H Favorite: 12-6 ATS (66.7%), avg ATS margin +1.9 over 18 games. Supports Navy.",1.89,medium,1.89,,,,,,,,,,,,,,,,
g543,8.0,2026-10-24,North Texas,Navy,coach_1h,Coach 1H support,Navy,"Brian Newberry 1H Favorite: 12-6 ATS (66.7%), avg ATS margin +1.9 over 18 games. Supports Navy.",1.89,medium,1.89,,,,,,,,,,,,,,,,
g660,10.0,2026-11-07,Temple,Navy,coach_1h,Coach 1H support,Navy,"Brian Newberry 1H Favorite: 12-6 ATS (66.7%), avg ATS margin +1.9 over 18 games. Supports Navy.",1.89,medium,1.89,,,,,,,,,,,,,,,,
g795,12.0,2026-11-21,Memphis,Navy,coach_1h,Coach 1H support,Navy,"Brian Newberry 1H Favorite: 12-6 ATS (66.7%), avg ATS margin +1.9 over 18 games. Supports Navy.",1.89,medium,1.89,,,,,,,,,,,,,,,,
g842,13.0,2026-11-28,Navy,Charlotte,coach_1h,Coach 1H support,Navy,"Brian Newberry 1H Favorite: 12-6 ATS (66.7%), avg ATS margin +1.9 over 18 games. Supports Navy.",1.89,medium,1.89,,,,,,,,,,,,,,,,
g902,15.0,2026-12-12,Navy,Army,coach_1h,Coach 1H support,Navy,"Brian Newberry 1H Favorite: 12-6 ATS (66.7%), avg ATS margin +1.9 over 18 games. Supports Navy.",1.89,medium,1.89,,,,,,,,,,,,,,,,
g7,0.0,2026-08-29,San Jose State,USC,coach_1h,Coach 1H fade,San Jose State,"Lincoln Riley 1H Favorite: 9-11 ATS (45.0%), avg ATS margin -1.9 over 20 games. Supports San Jose State by fading USC.",1.88,medium,1.88,,,,,,,,,,,,,,,,
g90,1.0,2026-09-05,Fresno State,USC,coach_1h,Coach 1H fade,Fresno State,"Lincoln Riley 1H Favorite: 9-11 ATS (45.0%), avg ATS margin -1.9 over 20 games. Supports Fresno State by fading USC.",1.88,medium,1.88,,,,,,,,,,,,,,,,
g175,2.0,2026-09-12,Louisiana,USC,coach_1h,Coach 1H fade,Louisiana,"Lincoln Riley 1H Favorite: 9-11 ATS (45.0%), avg ATS margin -1.9 over 20 games. Supports Louisiana by fading USC.",1.88,medium,1.88,,,,,,,,,,,,,,,,
g237,3.0,2026-09-19,USC,Rutgers,coach_1h,Coach 1H fade,Rutgers,"Lincoln Riley 1H Favorite: 9-11 ATS (45.0%), avg ATS margin -1.9 over 20 games. Supports Rutgers by fading USC.",1.88,medium,1.88,,,,,,,,,,,,,,,,
g387,5.0,2026-10-03,Washington,USC,coach_1h,Coach 1H fade,Washington,"Lincoln Riley 1H Favorite: 9-11 ATS (45.0%), avg ATS margin -1.9 over 20 games. Supports Washington by fading USC.",1.88,medium,1.88,,,,,,,,,,,,,,,,
g565,8.0,2026-10-24,USC,Wisconsin,coach_1h,Coach 1H fade,Wisconsin,"Lincoln Riley 1H Favorite: 9-11 ATS (45.0%), avg ATS margin -1.9 over 20 games. Supports Wisconsin by fading USC.",1.88,medium,1.88,,,,,,,,,,,,,,,,
g818,12.0,2026-11-21,Maryland,USC,coach_1h,Coach 1H fade,Maryland,"Lincoln Riley 1H Favorite: 9-11 ATS (45.0%), avg ATS margin -1.9 over 20 games. Supports Maryland by fading USC.",1.88,medium,1.88,,,,,,,,,,,,,,,,
g880,13.0,2026-11-28,USC,UCLA,coach_1h,Coach 1H fade,UCLA,"Lincoln Riley 1H Favorite: 9-11 ATS (45.0%), avg ATS margin -1.9 over 20 games. Supports UCLA by fading USC.",1.88,medium,1.88,,,,,,,,,,,,,,,,
g240,3.0,2026-09-19,James Madison,San Diego State,coach_1h,Coach 1H support,San Diego State,"Sean Lewis 1H Favorite: 9-5 ATS (64.3%), avg ATS margin +1.9 over 14 games. Supports San Diego State.",1.86,medium,1.86,,,,,,,,,,,,,,,,
g318,4.0,2026-09-26,San Diego State,Toledo,coach_1h,Coach 1H support,San Diego State,"Sean Lewis 1H Favorite: 9-5 ATS (64.3%), avg ATS margin +1.9 over 14 games. Supports San Diego State.",1.86,medium,1.86,,,,,,,,,,,,,,,,
g378,5.0,2026-10-03,Texas State,San Diego State,coach_1h,Coach 1H support,San Diego State,"Sean Lewis 1H Favorite: 9-5 ATS (64.3%), avg ATS margin +1.9 over 14 games. Supports San Diego State.",1.86,medium,1.86,,,,,,,,,,,,,,,,
g433,6.0,2026-10-10,San Diego State,Oregon State,coach_1h,Coach 1H support,San Diego State,"Sean Lewis 1H Favorite: 9-5 ATS (64.3%), avg ATS margin +1.9 over 14 games. Supports San Diego State.",1.86,medium,1.86,,,,,,,,,,,,,,,,
g492,7.0,2026-10-17,Fresno State,San Diego State,coach_1h,Coach 1H support,San Diego State,"Sean Lewis 1H Favorite: 9-5 ATS (64.3%), avg ATS margin +1.9 over 14 games. Supports San Diego State.",1.86,medium,1.86,,,,,,,,,,,,,,,,
g530,8.0,2026-10-24,San Diego State,Colorado State,coach_1h,Coach 1H support,San Diego State,"Sean Lewis 1H Favorite: 9-5 ATS (64.3%), avg ATS margin +1.9 over 14 games. Supports San Diego State.",1.86,medium,1.86,,,,,,,,,,,,,,,,
g608,9.0,2026-10-31,Washington State,San Diego State,coach_1h,Coach 1H support,San Diego State,"Sean Lewis 1H Favorite: 9-5 ATS (64.3%), avg ATS margin +1.9 over 14 games. Supports San Diego State.",1.86,medium,1.86,,,,,,,,,,,,,,,,
g737,11.0,2026-11-14,Utah State,San Diego State,coach_1h,Coach 1H support,San Diego State,"Sean Lewis 1H Favorite: 9-5 ATS (64.3%), avg ATS margin +1.9 over 14 games. Supports San Diego State.",1.86,medium,1.86,,,,,,,,,,,,,,,,
g143,2.0,2026-09-12,Eastern Michigan,Michigan State,coach_1h,Coach 1H support,Eastern Michigan,"Chris Creighton 1H Underdog: 9-6 ATS (60.0%), avg ATS margin +1.8 over 15 games. Supports Eastern Michigan.",1.8,medium,1.8,,,,,,,,,,,,,,,,
g260,3.0,2026-09-19,Eastern Michigan,Wisconsin,coach_1h,Coach 1H support,Eastern Michigan,"Chris Creighton 1H Underdog: 9-6 ATS (60.0%), avg ATS margin +1.8 over 15 games. Supports Eastern Michigan.",1.8,medium,1.8,,,,,,,,,,,,,,,,
g278,4.0,2026-09-26,Lindenwood,Eastern Michigan,coach_1h,Coach 1H support,Eastern Michigan,"Chris Creighton 1H Underdog: 9-6 ATS (60.0%), avg ATS margin +1.8 over 15 games. Supports Eastern Michigan.",1.8,medium,1.8,,,,,,,,,,,,,,,,
g469,7.0,2026-10-17,Toledo,Eastern Michigan,coach_1h,Coach 1H support,Eastern Michigan,"Chris Creighton 1H Underdog: 9-6 ATS (60.0%), avg ATS margin +1.8 over 15 games. Supports Eastern Michigan.",1.8,medium,1.8,,,,,,,,,,,,,,,,
g549,8.0,2026-10-24,Eastern Michigan,Ohio,coach_1h,Coach 1H support,Eastern Michigan,"Chris Creighton 1H Underdog: 9-6 ATS (60.0%), avg ATS margin +1.8 over 15 games. Supports Eastern Michigan.",1.8,medium,1.8,,,,,,,,,,,,,,,,
g625,10.0,2026-11-04,Central Michigan,Eastern Michigan,coach_1h,Coach 1H support,Eastern Michigan,"Chris Creighton 1H Underdog: 9-6 ATS (60.0%), avg ATS margin +1.8 over 15 games. Supports Eastern Michigan.",1.8,medium,1.8,,,,,,,,,,,,,,,,
g755,12.0,2026-11-17,Eastern Michigan,Western Michigan,coach_1h,Coach 1H support,Eastern Michigan,"Chris Creighton 1H Underdog: 9-6 ATS (60.0%), avg ATS margin +1.8 over 15 games. Supports Eastern Michigan.",1.8,medium,1.8,,,,,,,,,,,,,,,,
g2,0.0,2026-08-29,New Mexico State,Florida State,coach_1h,Coach 1H fade,Florida State,"Tony Sanchez 1H Underdog: 8-10 ATS (44.4%), avg ATS margin -1.8 over 18 games. Supports Florida State by fading New Mexico State.",1.75,medium,1.75,,,,,,,,,,,,,,,,
g65,1.0,2026-09-05,Mercyhurst,New Mexico State,coach_1h,Coach 1H fade,Mercyhurst,"Tony Sanchez 1H Underdog: 8-10 ATS (44.4%), avg ATS margin -1.8 over 18 games. Supports Mercyhurst by fading New Mexico State.",1.75,medium,1.75,,,,,,,,,,,,,,,,
g127,2.0,2026-09-12,New Mexico State,Hawaii,coach_1h,Coach 1H fade,Hawaii,"Tony Sanchez 1H Underdog: 8-10 ATS (44.4%), avg ATS margin -1.8 over 18 games. Supports Hawaii by fading New Mexico State.",1.75,medium,1.75,,,,,,,,,,,,,,,,
g302,4.0,2026-09-26,New Mexico,New Mexico State,coach_1h,Coach 1H fade,New Mexico,"Tony Sanchez 1H Underdog: 8-10 ATS (44.4%), avg ATS margin -1.8 over 18 games. Supports New Mexico by fading New Mexico State.",1.75,medium,1.75,,,,,,,,,,,,,,,,
g332,5.0,2026-10-01,Western Kentucky,New Mexico State,coach_1h,Coach 1H fade,Western Kentucky,"Tony Sanchez 1H Underdog: 8-10 ATS (44.4%), avg ATS margin -1.8 over 18 games. Supports Western Kentucky by fading New Mexico State.",1.75,medium,1.75,,,,,,,,,,,,,,,,
g392,6.0,2026-10-07,New Mexico State,Florida International,coach_1h,Coach 1H fade,Florida International,"Tony Sanchez 1H Underdog: 8-10 ATS (44.4%), avg ATS margin -1.8 over 18 games. Supports Florida International by fading New Mexico State.",1.75,medium,1.75,,,,,,,,,,,,,,,,
g570,9.0,2026-10-28,Jacksonville State,New Mexico State,coach_1h,Coach 1H fade,Jacksonville State,"Tony Sanchez 1H Underdog: 8-10 ATS (44.4%), avg ATS margin -1.8 over 18 games. Supports Jacksonville State by fading New Mexico State.",1.75,medium,1.75,,,,,,,,,,,,,,,,
g662,10.0,2026-11-07,Liberty,New Mexico State,coach_1h,Coach 1H fade,Liberty,"Tony Sanchez 1H Underdog: 8-10 ATS (44.4%), avg ATS margin -1.8 over 18 games. Supports Liberty by fading New Mexico State.",1.75,medium,1.75,,,,,,,,,,,,,,,,
g722,11.0,2026-11-14,New Mexico State,Missouri State,coach_1h,Coach 1H fade,Missouri State,"Tony Sanchez 1H Underdog: 8-10 ATS (44.4%), avg ATS margin -1.8 over 18 games. Supports Missouri State by fading New Mexico State.",1.75,medium,1.75,,,,,,,,,,,,,,,,
g798,12.0,2026-11-21,Delaware,New Mexico State,coach_1h,Coach 1H fade,Delaware,"Tony Sanchez 1H Underdog: 8-10 ATS (44.4%), avg ATS margin -1.8 over 18 games. Supports Delaware by fading New Mexico State.",1.75,medium,1.75,,,,,,,,,,,,,,,,
g862,13.0,2026-11-28,New Mexico State,Middle Tennessee,coach_1h,Coach 1H fade,Middle Tennessee,"Tony Sanchez 1H Underdog: 8-10 ATS (44.4%), avg ATS margin -1.8 over 18 games. Supports Middle Tennessee by fading New Mexico State.",1.75,medium,1.75,,,,,,,,,,,,,,,,
g125,2.0,2026-09-12,Western Kentucky,Georgia,coach_1h,Coach 1H fade,Georgia,"Tyson Helton 1H Underdog: 6-8 ATS (42.9%), avg ATS margin -1.7 over 14 games. Supports Georgia by fading Western Kentucky.",1.68,medium,1.68,,,,,,,,,,,,,,,,
g208,3.0,2026-09-19,Western Kentucky,Indiana,coach_1h,Coach 1H fade,Indiana,"Tyson Helton 1H Underdog: 6-8 ATS (42.9%), avg ATS margin -1.7 over 14 games. Supports Indiana by fading Western Kentucky.",1.68,medium,1.68,,,,,,,,,,,,,,,,
g329,4.0,2026-09-26,Mercyhurst,Western Kentucky,coach_1h,Coach 1H fade,Mercyhurst,"Tyson Helton 1H Underdog: 6-8 ATS (42.9%), avg ATS margin -1.7 over 14 games. Supports Mercyhurst by fading Western Kentucky.",1.68,medium,1.68,,,,,,,,,,,,,,,,
g786,12.0,2026-11-21,Western Kentucky,Liberty,coach_1h,Coach 1H fade,Liberty,"Tyson Helton 1H Underdog: 6-8 ATS (42.9%), avg ATS margin -1.7 over 14 games. Supports Liberty by fading Western Kentucky.",1.68,medium,1.68,,,,,,,,,,,,,,,,
g12,1.0,2026-09-03,Colorado,Georgia Tech,coach_1h,Coach 1H fade,Georgia Tech,"Deion Sanders 1H Underdog: 5-8 ATS (38.5%), avg ATS margin -1.6 over 13 games. Supports Georgia Tech by fading Colorado.",1.58,medium,1.58,,,,,,,,,,,,,,,,
g117,2.0,2026-09-12,Weber State,Colorado,coach_1h,Coach 1H fade,Weber State,"Deion Sanders 1H Underdog: 5-8 ATS (38.5%), avg ATS margin -1.6 over 13 games. Supports Weber State by fading Colorado.",1.58,medium,1.58,,,,,,,,,,,,,,,,
g226,3.0,2026-09-19,Colorado,Northwestern,coach_1h,Coach 1H fade,Northwestern,"Deion Sanders 1H Underdog: 5-8 ATS (38.5%), avg ATS margin -1.6 over 13 games. Supports Northwestern by fading Colorado.",1.58,medium,1.58,,,,,,,,,,,,,,,,
g237,3.0,2026-09-19,USC,Rutgers,coach_1h,Coach 1H fade,USC,"Greg Schiano 1H Underdog: 4-8 ATS (33.3%), avg ATS margin -1.6 over 12 games. Supports USC by fading Rutgers.",1.58,medium,1.58,,,,,,,,,,,,,,,,
g269,4.0,2026-09-26,Colorado,Baylor,coach_1h,Coach 1H fade,Baylor,"Deion Sanders 1H Underdog: 5-8 ATS (38.5%), avg ATS margin -1.6 over 13 games. Supports Baylor by fading Colorado.",1.58,medium,1.58,,,,,,,,,,,,,,,,
g310,4.0,2026-09-26,Howard,Rutgers,coach_1h,Coach 1H fade,Howard,"Greg Schiano 1H Underdog: 4-8 ATS (33.3%), avg ATS margin -1.6 over 12 games. Supports Howard by fading Rutgers.",1.58,medium,1.58,,,,,,,,,,,,,,,,
g347,5.0,2026-10-03,Texas Tech,Colorado,coach_1h,Coach 1H fade,Texas Tech,"Deion Sanders 1H Underdog: 5-8 ATS (38.5%), avg ATS margin -1.6 over 13 games. Supports Texas Tech by fading Colorado.",1.58,medium,1.58,,,,,,,,,,,,,,,,
g376,5.0,2026-10-03,Indiana,Rutgers,coach_1h,Coach 1H fade,Indiana,"Greg Schiano 1H Underdog: 4-8 ATS (33.3%), avg ATS margin -1.6 over 12 games. Supports Indiana by fading Rutgers.",1.58,medium,1.58,,,,,,,,,,,,,,,,
g467,7.0,2026-10-17,Utah,Colorado,coach_1h,Coach 1H fade,Utah,"Deion Sanders 1H Underdog: 5-8 ATS (38.5%), avg ATS margin -1.6 over 13 games. Supports Utah by fading Colorado.",1.58,medium,1.58,,,,,,,,,,,,,,,,
g478,7.0,2026-10-17,Rutgers,Maryland,coach_1h,Coach 1H fade,Maryland,"Greg Schiano 1H Underdog: 4-8 ATS (33.3%), avg ATS margin -1.6 over 12 games. Supports Maryland by fading Rutgers.",1.58,medium,1.58,,,,,,,,,,,,,,,,
g548,8.0,2026-10-24,Rutgers,Northwestern,coach_1h,Coach 1H fade,Northwestern,"Greg Schiano 1H Underdog: 4-8 ATS (33.3%), avg ATS margin -1.6 over 12 games. Supports Northwestern by fading Rutgers.",1.58,medium,1.58,,,,,,,,,,,,,,,,
g550,8.0,2026-10-24,Colorado,Oklahoma State,coach_1h,Coach 1H fade,Oklahoma State,"Deion Sanders 1H Underdog: 5-8 ATS (38.5%), avg ATS margin -1.6 over 13 games. Supports Oklahoma State by fading Colorado.",1.58,medium,1.58,,,,,,,,,,,,,,,,
g581,9.0,2026-10-31,Kansas State,Colorado,coach_1h,Coach 1H fade,Kansas State,"Deion Sanders 1H Underdog: 5-8 ATS (38.5%), avg ATS margin -1.6 over 13 games. Supports Kansas State by fading Colorado.",1.58,medium,1.58,,,,,,,,,,,,,,,,
g607,9.0,2026-10-31,Michigan,Rutgers,coach_1h,Coach 1H fade,Michigan,"Greg Schiano 1H Underdog: 4-8 ATS (33.3%), avg ATS margin -1.6 over 12 games. Supports Michigan by fading Rutgers.",1.58,medium,1.58,,,,,,,,,,,,,,,,
g633,10.0,2026-11-07,Colorado,Arizona State,coach_1h,Coach 1H fade,Arizona State,"Deion Sanders 1H Underdog: 5-8 ATS (38.5%), avg ATS margin -1.6 over 13 games. Supports Arizona State by fading Colorado.",1.58,medium,1.58,,,,,,,,,,,,,,,,
g685,10.0,2026-11-07,Rutgers,Wisconsin,coach_1h,Coach 1H fade,Wisconsin,"Greg Schiano 1H Underdog: 4-8 ATS (33.3%), avg ATS margin -1.6 over 12 games. Supports Wisconsin by fading Rutgers.",1.58,medium,1.58,,,,,,,,,,,,,,,,
g694,11.0,2026-11-13,Houston,Colorado,coach_1h,Coach 1H fade,Houston,"Deion Sanders 1H Underdog: 5-8 ATS (38.5%), avg ATS margin -1.6 over 13 games. Supports Houston by fading Colorado.",1.58,medium,1.58,,,,,,,,,,,,,,,,
g734,11.0,2026-11-14,Nebraska,Rutgers,coach_1h,Coach 1H fade,Nebraska,"Greg Schiano 1H Underdog: 4-8 ATS (33.3%), avg ATS margin -1.6 over 12 games. Supports Nebraska by fading Rutgers.",1.58,medium,1.58,,,,,,,,,,,,,,,,
g773,12.0,2026-11-21,Colorado,Cincinnati,coach_1h,Coach 1H fade,Cincinnati,"Deion Sanders 1H Underdog: 5-8 ATS (38.5%), avg ATS margin -1.6 over 13 games. Supports Cincinnati by fading Colorado.",1.58,medium,1.58,,,,,,,,,,,,,,,,
g804,12.0,2026-11-21,Rutgers,Penn State,coach_1h,Coach 1H fade,Penn State,"Greg Schiano 1H Underdog: 4-8 ATS (33.3%), avg ATS margin -1.6 over 12 games. Supports Penn State by fading Rutgers.",1.58,medium,1.58,,,,,,,,,,,,,,,,
g92,1.0,2026-09-05,Idaho State,Utah State,coach_1h,Coach 1H fade,Idaho State,"Bronco Mendenhall 1H Underdog: 6-11 ATS (35.3%), avg ATS margin -1.6 over 17 games. Supports Idaho State by fading Utah State.",1.56,medium,1.56,,,,,,,,,,,,,,,,
g181,2.0,2026-09-12,Utah State,Washington,coach_1h,Coach 1H fade,Washington,"Bronco Mendenhall 1H Underdog: 6-11 ATS (35.3%), avg ATS margin -1.6 over 17 games. Supports Washington by fading Utah State.",1.56,medium,1.56,,,,,,,,,,,,,,,,
g255,3.0,2026-09-19,Utah State,Utah,coach_1h,Coach 1H fade,Utah,"Bronco Mendenhall 1H Underdog: 6-11 ATS (35.3%), avg ATS margin -1.6 over 17 games. Supports Utah by fading Utah State.",1.56,medium,1.56,,,,,,,,,,,,,,,,
g341,5.0,2026-10-03,Utah State,Boise State,coach_1h,Coach 1H fade,Boise State,"Bronco Mendenhall 1H Underdog: 6-11 ATS (35.3%), avg ATS margin -1.6 over 17 games. Supports Boise State by fading Utah State.",1.56,medium,1.56,,,,,,,,,,,,,,,,
g443,6.0,2026-10-10,Washington State,Utah State,coach_1h,Coach 1H fade,Washington State,"Bronco Mendenhall 1H Underdog: 6-11 ATS (35.3%), avg ATS margin -1.6 over 17 games. Supports Washington State by fading Utah State.",1.56,medium,1.56,,,,,,,,,,,,,,,,
g557,8.0,2026-10-24,Utah State,Texas State,coach_1h,Coach 1H fade,Texas State,"Bronco Mendenhall 1H Underdog: 6-11 ATS (35.3%), avg ATS margin -1.6 over 17 games. Supports Texas State by fading Utah State.",1.56,medium,1.56,,,,,,,,,,,,,,,,
g682,10.0,2026-11-07,Fresno State,Utah State,coach_1h,Coach 1H fade,Fresno State,"Bronco Mendenhall 1H Underdog: 6-11 ATS (35.3%), avg ATS margin -1.6 over 17 games. Supports Fresno State by fading Utah State.",1.56,medium,1.56,,,,,,,,,,,,,,,,
g737,11.0,2026-11-14,Utah State,San Diego State,coach_1h,Coach 1H fade,San Diego State,"Bronco Mendenhall 1H Underdog: 6-11 ATS (35.3%), avg ATS margin -1.6 over 17 games. Supports San Diego State by fading Utah State.",1.56,medium,1.56,,,,,,,,,,,,,,,,
g803,12.0,2026-11-21,Utah State,Oregon State,coach_1h,Coach 1H fade,Oregon State,"Bronco Mendenhall 1H Underdog: 6-11 ATS (35.3%), avg ATS margin -1.6 over 17 games. Supports Oregon State by fading Utah State.",1.56,medium,1.56,,,,,,,,,,,,,,,,
g884,13.0,2026-11-28,Boise State,Utah State,coach_1h,Coach 1H fade,Boise State,"Bronco Mendenhall 1H Underdog: 6-11 ATS (35.3%), avg ATS margin -1.6 over 17 games. Supports Boise State by fading Utah State.",1.56,medium,1.56,,,,,,,,,,,,,,,,
g56,1.0,2026-09-05,Arkansas State,Memphis,coach_1h,Coach 1H support,Memphis,"Charles Huff 1H Favorite: 11-6 ATS (64.7%), avg ATS margin +1.5 over 17 games. Supports Memphis.",1.53,medium,1.53,,,,,,,,,,,,,,,,
g344,5.0,2026-10-03,Memphis,Charlotte,coach_1h,Coach 1H support,Memphis,"Charles Huff 1H Favorite: 11-6 ATS (64.7%), avg ATS margin +1.5 over 17 games. Supports Memphis.",1.53,medium,1.53,,,,,,,,,,,,,,,,
g418,6.0,2026-10-10,UAB,Memphis,coach_1h,Coach 1H support,Memphis,"Charles Huff 1H Favorite: 11-6 ATS (64.7%), avg ATS margin +1.5 over 17 games. Supports Memphis.",1.53,medium,1.53,,,,,,,,,,,,,,,,
g517,8.0,2026-10-22,East Carolina,Memphis,coach_1h,Coach 1H support,Memphis,"Charles Huff 1H Favorite: 11-6 ATS (64.7%), avg ATS margin +1.5 over 17 games. Supports Memphis.",1.53,medium,1.53,,,,,,,,,,,,,,,,
g595,9.0,2026-10-31,Army,Memphis,coach_1h,Coach 1H support,Memphis,"Charles Huff 1H Favorite: 11-6 ATS (64.7%), avg ATS margin +1.5 over 17 games. Supports Memphis.",1.53,medium,1.53,,,,,,,,,,,,,,,,
g860,13.0,2026-11-28,Temple,Memphis,coach_1h,Coach 1H support,Memphis,"Charles Huff 1H Favorite: 11-6 ATS (64.7%), avg ATS margin +1.5 over 17 games. Supports Memphis.",1.53,medium,1.53,,,,,,,,,,,,,,,,
g437,6.0,2026-10-10,Wyoming,San Jose State,coach_1h,Coach 1H fade,Wyoming,"Ken Niumatalolo 1H Favorite: 5-7 ATS (41.7%), avg ATS margin -1.5 over 12 games. Supports Wyoming by fading San Jose State.",1.5,medium,1.5,,,,,,,,,,,,,,,,
g505,7.0,2026-10-17,San Jose State,UTEP,coach_1h,Coach 1H fade,UTEP,"Ken Niumatalolo 1H Favorite: 5-7 ATS (41.7%), avg ATS margin -1.5 over 12 games. Supports UTEP by fading San Jose State.",1.5,medium,1.5,,,,,,,,,,,,,,,,
g671,10.0,2026-11-07,Northern Illinois,San Jose State,coach_1h,Coach 1H fade,Northern Illinois,"Ken Niumatalolo 1H Favorite: 5-7 ATS (41.7%), avg ATS margin -1.5 over 12 games. Supports Northern Illinois by fading San Jose State.",1.5,medium,1.5,,,,,,,,,,,,,,,,
g174,2.0,2026-09-12,San Diego State,UCLA,coach_2h,Coach 2H support,UCLA,"Bob Chesney 2H Favorite: 12-6 ATS (66.7%), avg ATS margin +8.4 over 18 games. Supports UCLA.",8.39,high,8.39,,,,,,,,,,,,,,,,
g253,3.0,2026-09-19,Purdue,UCLA,coach_2h,Coach 2H support,UCLA,"Bob Chesney 2H Favorite: 12-6 ATS (66.7%), avg ATS margin +8.4 over 18 games. Supports UCLA.",8.39,high,8.39,,,,,,,,,,,,,,,,
g503,7.0,2026-10-17,Wisconsin,UCLA,coach_2h,Coach 2H support,UCLA,"Bob Chesney 2H Favorite: 12-6 ATS (66.7%), avg ATS margin +8.4 over 18 games. Supports UCLA.",8.39,high,8.39,,,,,,,,,,,,,,,,
g561,8.0,2026-10-24,Michigan State,UCLA,coach_2h,Coach 2H support,UCLA,"Bob Chesney 2H Favorite: 12-6 ATS (66.7%), avg ATS margin +8.4 over 18 games. Supports UCLA.",8.39,high,8.39,,,,,,,,,,,,,,,,
g616,9.0,2026-10-31,Nevada,UCLA,coach_2h,Coach 2H support,UCLA,"Bob Chesney 2H Favorite: 12-6 ATS (66.7%), avg ATS margin +8.4 over 18 games. Supports UCLA.",8.39,high,8.39,,,,,,,,,,,,,,,,
g45,1.0,2026-09-05,North Texas,Indiana,coach_2h,Coach 2H support,Indiana,"Curt Cignetti 2H Favorite: 17-7 ATS (70.8%), avg ATS margin +5.4 over 24 games. Supports Indiana.",5.44,high,5.44,,,,,,,,,,,,,,,,
g208,3.0,2026-09-19,Western Kentucky,Indiana,coach_2h,Coach 2H support,Indiana,"Curt Cignetti 2H Favorite: 17-7 ATS (70.8%), avg ATS margin +5.4 over 24 games. Supports Indiana.",5.44,high,5.44,,,,,,,,,,,,,,,,
g286,4.0,2026-09-26,Northwestern,Indiana,coach_2h,Coach 2H support,Indiana,"Curt Cignetti 2H Favorite: 17-7 ATS (70.8%), avg ATS margin +5.4 over 24 games. Supports Indiana.",5.44,high,5.44,,,,,,,,,,,,,,,,
g376,5.0,2026-10-03,Indiana,Rutgers,coach_2h,Coach 2H support,Indiana,"Curt Cignetti 2H Favorite: 17-7 ATS (70.8%), avg ATS margin +5.4 over 24 games. Supports Indiana.",5.44,high,5.44,,,,,,,,,,,,,,,,
g423,6.0,2026-10-10,Indiana,Nebraska,coach_2h,Coach 2H support,Indiana,"Curt Cignetti 2H Favorite: 17-7 ATS (70.8%), avg ATS margin +5.4 over 24 games. Supports Indiana.",5.44,high,5.44,,,,,,,,,,,,,,,,
g540,8.0,2026-10-24,Indiana,Michigan,coach_2h,Coach 2H support,Indiana,"Curt Cignetti 2H Favorite: 17-7 ATS (70.8%), avg ATS margin +5.4 over 24 games. Supports Indiana.",5.44,high,5.44,,,,,,,,,,,,,,,,
g589,9.0,2026-10-31,Minnesota,Indiana,coach_2h,Coach 2H support,Indiana,"Curt Cignetti 2H Favorite: 17-7 ATS (70.8%), avg ATS margin +5.4 over 24 games. Supports Indiana.",5.44,high,5.44,,,,,,,,,,,,,,,,
g710,11.0,2026-11-14,USC,Indiana,coach_2h,Coach 2H support,Indiana,"Curt Cignetti 2H Favorite: 17-7 ATS (70.8%), avg ATS margin +5.4 over 24 games. Supports Indiana.",5.44,high,5.44,,,,,,,,,,,,,,,,
g820,12.0,2026-11-21,Indiana,Washington,coach_2h,Coach 2H support,Indiana,"Curt Cignetti 2H Favorite: 17-7 ATS (70.8%), avg ATS margin +5.4 over 24 games. Supports Indiana.",5.44,high,5.44,,,,,,,,,,,,,,,,
g855,13.0,2026-11-28,Purdue,Indiana,coach_2h,Coach 2H support,Indiana,"Curt Cignetti 2H Favorite: 17-7 ATS (70.8%), avg ATS margin +5.4 over 24 games. Supports Indiana.",5.44,high,5.44,,,,,,,,,,,,,,,,
g179,2.0,2026-09-12,Norfolk State,Virginia,coach_2h,Coach 2H support,Virginia,"Tony Elliott 2H Underdog: 9-3 ATS (75.0%), avg ATS margin +5.3 over 12 games. Supports Virginia.",5.29,high,5.29,,,,,,,,,,,,,,,,
g351,5.0,2026-10-03,Virginia,Florida State,coach_2h,Coach 2H support,Virginia,"Tony Elliott 2H Underdog: 9-3 ATS (75.0%), avg ATS margin +5.3 over 12 games. Supports Virginia.",5.29,high,5.29,,,,,,,,,,,,,,,,
g490,7.0,2026-10-17,Virginia,SMU,coach_2h,Coach 2H support,Virginia,"Tony Elliott 2H Underdog: 9-3 ATS (75.0%), avg ATS margin +5.3 over 12 games. Supports Virginia.",5.29,high,5.29,,,,,,,,,,,,,,,,
g63,1.0,2026-09-05,Western Kentucky,Nevada,coach_2h,Coach 2H support,Nevada,"Jeff Choate 2H Underdog: 13-3 ATS (81.2%), avg ATS margin +4.8 over 16 games. Supports Nevada.",4.81,high,4.81,,,,,,,,,,,,,,,,
g148,2.0,2026-09-12,Montana State,Nevada,coach_2h,Coach 2H support,Nevada,"Jeff Choate 2H Underdog: 13-3 ATS (81.2%), avg ATS margin +4.8 over 16 games. Supports Nevada.",4.81,high,4.81,,,,,,,,,,,,,,,,
g301,4.0,2026-09-26,Air Force,Nevada,coach_2h,Coach 2H support,Nevada,"Jeff Choate 2H Underdog: 13-3 ATS (81.2%), avg ATS margin +4.8 over 16 games. Supports Nevada.",4.81,high,4.81,,,,,,,,,,,,,,,,
g483,7.0,2026-10-17,Nevada,North Dakota State,coach_2h,Coach 2H support,Nevada,"Jeff Choate 2H Underdog: 13-3 ATS (81.2%), avg ATS margin +4.8 over 16 games. Supports Nevada.",4.81,high,4.81,,,,,,,,,,,,,,,,
g616,9.0,2026-10-31,Nevada,UCLA,coach_2h,Coach 2H support,Nevada,"Jeff Choate 2H Underdog: 13-3 ATS (81.2%), avg ATS margin +4.8 over 16 games. Supports Nevada.",4.81,high,4.81,,,,,,,,,,,,,,,,
g661,10.0,2026-11-07,New Mexico,Nevada,coach_2h,Coach 2H support,Nevada,"Jeff Choate 2H Underdog: 13-3 ATS (81.2%), avg ATS margin +4.8 over 16 games. Supports Nevada.",4.81,high,4.81,,,,,,,,,,,,,,,,
g797,12.0,2026-11-21,Hawaii,Nevada,coach_2h,Coach 2H support,Nevada,"Jeff Choate 2H Underdog: 13-3 ATS (81.2%), avg ATS margin +4.8 over 16 games. Supports Nevada.",4.81,high,4.81,,,,,,,,,,,,,,,,
g882,13.0,2026-11-28,Nevada,UNLV,coach_2h,Coach 2H support,Nevada,"Jeff Choate 2H Underdog: 13-3 ATS (81.2%), avg ATS margin +4.8 over 16 games. Supports Nevada.",4.81,high,4.81,,,,,,,,,,,,,,,,
g89,1.0,2026-09-05,Oklahoma State,Tulsa,coach_2h,Coach 2H support,Oklahoma State,"Eric Morris 2H Favorite: 10-6 ATS (62.5%), avg ATS margin +4.7 over 16 games. Supports Oklahoma State.",4.69,high,4.69,,,,,,,,,,,,,,,,
g431,6.0,2026-10-10,Central Florida,Oklahoma State,coach_2h,Coach 2H support,Oklahoma State,"Eric Morris 2H Favorite: 10-6 ATS (62.5%), avg ATS margin +4.7 over 16 games. Supports Oklahoma State.",4.69,high,4.69,,,,,,,,,,,,,,,,
g550,8.0,2026-10-24,Colorado,Oklahoma State,coach_2h,Coach 2H support,Oklahoma State,"Eric Morris 2H Favorite: 10-6 ATS (62.5%), avg ATS margin +4.7 over 16 games. Supports Oklahoma State.",4.69,high,4.69,,,,,,,,,,,,,,,,
g871,13.0,2026-11-28,Kansas,Oklahoma State,coach_2h,Coach 2H support,Oklahoma State,"Eric Morris 2H Favorite: 10-6 ATS (62.5%), avg ATS margin +4.7 over 16 games. Supports Oklahoma State.",4.69,high,4.69,,,,,,,,,,,,,,,,
g191,3.0,2026-09-19,Northern Illinois,Arizona,coach_2h,Coach 2H support,Arizona,"Brent Brennan 2H Favorite: 8-4 ATS (66.7%), avg ATS margin +4.5 over 12 games. Supports Arizona.",4.46,high,4.46,,,,,,,,,,,,,,,,
g327,4.0,2026-09-26,Arizona,Washington State,coach_2h,Coach 2H support,Arizona,"Brent Brennan 2H Favorite: 8-4 ATS (66.7%), avg ATS margin +4.5 over 12 games. Supports Arizona.",4.46,high,4.46,,,,,,,,,,,,,,,,
g338,5.0,2026-10-03,Cincinnati,Arizona,coach_2h,Coach 2H support,Arizona,"Brent Brennan 2H Favorite: 8-4 ATS (66.7%), avg ATS margin +4.5 over 12 games. Supports Arizona.",4.46,high,4.46,,,,,,,,,,,,,,,,
g447,6.0,2026-10-10,Arizona,West Virginia,coach_2h,Coach 2H support,Arizona,"Brent Brennan 2H Favorite: 8-4 ATS (66.7%), avg ATS margin +4.5 over 12 games. Supports Arizona.",4.46,high,4.46,,,,,,,,,,,,,,,,
g520,8.0,2026-10-24,Iowa State,Arizona,coach_2h,Coach 2H support,Arizona,"Brent Brennan 2H Favorite: 8-4 ATS (66.7%), avg ATS margin +4.5 over 12 games. Supports Arizona.",4.46,high,4.46,,,,,,,,,,,,,,,,
g630,10.0,2026-11-06,TCU,Arizona,coach_2h,Coach 2H support,Arizona,"Brent Brennan 2H Favorite: 8-4 ATS (66.7%), avg ATS margin +4.5 over 12 games. Supports Arizona.",4.46,high,4.46,,,,,,,,,,,,,,,,
g835,13.0,2026-11-28,Arizona State,Arizona,coach_2h,Coach 2H support,Arizona,"Brent Brennan 2H Favorite: 8-4 ATS (66.7%), avg ATS margin +4.5 over 12 games. Supports Arizona.",4.46,high,4.46,,,,,,,,,,,,,,,,
g115,2.0,2026-09-12,Georgia Southern,Clemson,coach_2h,Coach 2H fade,Georgia Southern,"Dabo Swinney 2H Favorite: 5-12-1 ATS (29.4%), avg ATS margin -4.2 over 18 games. Supports Georgia Southern by fading Clemson.",4.22,high,4.22,,,,,,,,,,,,,,,,
g201,3.0,2026-09-19,North Carolina,Clemson,coach_2h,Coach 2H fade,North Carolina,"Dabo Swinney 2H Favorite: 5-12-1 ATS (29.4%), avg ATS margin -4.2 over 18 games. Supports North Carolina by fading Clemson.",4.22,high,4.22,,,,,,,,,,,,,,,,
g262,4.0,2026-09-25,Clemson,California,coach_2h,Coach 2H fade,California,"Dabo Swinney 2H Favorite: 5-12-1 ATS (29.4%), avg ATS margin -4.2 over 18 games. Supports California by fading Clemson.",4.22,high,4.22,,,,,,,,,,,,,,,,
g529,8.0,2026-10-24,Virginia Tech,Clemson,coach_2h,Coach 2H fade,Virginia Tech,"Dabo Swinney 2H Favorite: 5-12-1 ATS (29.4%), avg ATS margin -4.2 over 18 games. Supports Virginia Tech by fading Clemson.",4.22,high,4.22,,,,,,,,,,,,,,,,
g584,9.0,2026-10-31,Clemson,Florida State,coach_2h,Coach 2H fade,Florida State,"Dabo Swinney 2H Favorite: 5-12-1 ATS (29.4%), avg ATS margin -4.2 over 18 games. Supports Florida State by fading Clemson.",4.22,high,4.22,,,,,,,,,,,,,,,,
g673,10.0,2026-11-07,Clemson,Syracuse,coach_2h,Coach 2H fade,Syracuse,"Dabo Swinney 2H Favorite: 5-12-1 ATS (29.4%), avg ATS margin -4.2 over 18 games. Supports Syracuse by fading Clemson.",4.22,high,4.22,,,,,,,,,,,,,,,,
g703,11.0,2026-11-14,Georgia Tech,Clemson,coach_2h,Coach 2H fade,Georgia Tech,"Dabo Swinney 2H Favorite: 5-12-1 ATS (29.4%), avg ATS margin -4.2 over 18 games. Supports Georgia Tech by fading Clemson.",4.22,high,4.22,,,,,,,,,,,,,,,,
g775,12.0,2026-11-21,Clemson,Duke,coach_2h,Coach 2H fade,Duke,"Dabo Swinney 2H Favorite: 5-12-1 ATS (29.4%), avg ATS margin -4.2 over 18 games. Supports Duke by fading Clemson.",4.22,high,4.22,,,,,,,,,,,,,,,,
g843,13.0,2026-11-28,South Carolina,Clemson,coach_2h,Coach 2H fade,South Carolina,"Dabo Swinney 2H Favorite: 5-12-1 ATS (29.4%), avg ATS margin -4.2 over 18 games. Supports South Carolina by fading Clemson.",4.22,high,4.22,,,,,,,,,,,,,,,,
g182,2.0,2026-09-12,UT Martin,West Virginia,coach_2h,Coach 2H support,West Virginia,"Rich Rodriguez 2H Underdog: 9-5 ATS (64.3%), avg ATS margin +4.1 over 14 games. Supports West Virginia.",4.14,high,4.14,,,,,,,,,,,,,,,,
g259,3.0,2026-09-19,Virginia,West Virginia,coach_2h,Coach 2H support,West Virginia,"Rich Rodriguez 2H Underdog: 9-5 ATS (64.3%), avg ATS margin +4.1 over 14 games. Supports West Virginia.",4.14,high,4.14,,,,,,,,,,,,,,,,
g358,5.0,2026-10-03,West Virginia,Iowa State,coach_2h,Coach 2H support,West Virginia,"Rich Rodriguez 2H Underdog: 9-5 ATS (64.3%), avg ATS margin +4.1 over 14 games. Supports West Virginia.",4.14,high,4.14,,,,,,,,,,,,,,,,
g447,6.0,2026-10-10,Arizona,West Virginia,coach_2h,Coach 2H support,West Virginia,"Rich Rodriguez 2H Underdog: 9-5 ATS (64.3%), avg ATS margin +4.1 over 14 games. Supports West Virginia.",4.14,high,4.14,,,,,,,,,,,,,,,,
g555,8.0,2026-10-24,West Virginia,TCU,coach_2h,Coach 2H support,West Virginia,"Rich Rodriguez 2H Underdog: 9-5 ATS (64.3%), avg ATS margin +4.1 over 14 games. Supports West Virginia.",4.14,high,4.14,,,,,,,,,,,,,,,,
g675,10.0,2026-11-07,West Virginia,Texas Tech,coach_2h,Coach 2H support,West Virginia,"Rich Rodriguez 2H Underdog: 9-5 ATS (64.3%), avg ATS margin +4.1 over 14 games. Supports West Virginia.",4.14,high,4.14,,,,,,,,,,,,,,,,
g821,12.0,2026-11-21,Houston,West Virginia,coach_2h,Coach 2H support,West Virginia,"Rich Rodriguez 2H Underdog: 9-5 ATS (64.3%), avg ATS margin +4.1 over 14 games. Supports West Virginia.",4.14,high,4.14,,,,,,,,,,,,,,,,
g833,13.0,2026-11-27,West Virginia,Utah,coach_2h,Coach 2H support,West Virginia,"Rich Rodriguez 2H Underdog: 9-5 ATS (64.3%), avg ATS margin +4.1 over 14 games. Supports West Virginia.",4.14,high,4.14,,,,,,,,,,,,,,,,
g178,2.0,2026-09-12,Delaware,Vanderbilt,coach_2h,Coach 2H support,Vanderbilt,"Clark Lea 2H Favorite: 8-6 ATS (57.1%), avg ATS margin +4.1 over 14 games. Supports Vanderbilt.",4.07,medium,4.07,,,,,,,,,,,,,,,,
g256,3.0,2026-09-19,NC State,Vanderbilt,coach_2h,Coach 2H support,Vanderbilt,"Clark Lea 2H Favorite: 8-6 ATS (57.1%), avg ATS margin +4.1 over 14 games. Supports Vanderbilt.",4.07,medium,4.07,,,,,,,,,,,,,,,,
g507,7.0,2026-10-17,Arkansas,Vanderbilt,coach_2h,Coach 2H support,Vanderbilt,"Clark Lea 2H Favorite: 8-6 ATS (57.1%), avg ATS margin +4.1 over 14 games. Supports Vanderbilt.",4.07,medium,4.07,,,,,,,,,,,,,,,,
g537,8.0,2026-10-24,Vanderbilt,Kentucky,coach_2h,Coach 2H support,Vanderbilt,"Clark Lea 2H Favorite: 8-6 ATS (57.1%), avg ATS margin +4.1 over 14 games. Supports Vanderbilt.",4.07,medium,4.07,,,,,,,,,,,,,,,,
g657,10.0,2026-11-07,Vanderbilt,Mississippi State,coach_2h,Coach 2H support,Vanderbilt,"Clark Lea 2H Favorite: 8-6 ATS (57.1%), avg ATS margin +4.1 over 14 games. Supports Vanderbilt.",4.07,medium,4.07,,,,,,,,,,,,,,,,
g23,1.0,2026-09-05,Duquesne,Air Force,coach_2h,Coach 2H support,Air Force,"Troy Calhoun 2H Underdog: 10-3 ATS (76.9%), avg ATS margin +4.0 over 13 games. Supports Air Force.",4.04,high,4.04,,,,,,,,,,,,,,,,
g337,5.0,2026-10-03,Navy,Air Force,coach_2h,Coach 2H support,Air Force,"Troy Calhoun 2H Underdog: 10-3 ATS (76.9%), avg ATS margin +4.0 over 13 games. Supports Air Force.",4.04,high,4.04,,,,,,,,,,,,,,,,
g457,7.0,2026-10-17,UNLV,Air Force,coach_2h,Coach 2H support,Air Force,"Troy Calhoun 2H Underdog: 10-3 ATS (76.9%), avg ATS margin +4.0 over 13 games. Supports Air Force.",4.04,high,4.04,,,,,,,,,,,,,,,,
g635,10.0,2026-11-07,Air Force,Army,coach_2h,Coach 2H support,Air Force,"Troy Calhoun 2H Underdog: 10-3 ATS (76.9%), avg ATS margin +4.0 over 13 games. Supports Air Force.",4.04,high,4.04,,,,,,,,,,,,,,,,
g865,13.0,2026-11-28,Air Force,New Mexico,coach_2h,Coach 2H support,Air Force,"Troy Calhoun 2H Underdog: 10-3 ATS (76.9%), avg ATS margin +4.0 over 13 games. Supports Air Force.",4.04,high,4.04,,,,,,,,,,,,,,,,
g56,1.0,2026-09-05,Arkansas State,Memphis,coach_2h,Coach 2H support,Arkansas State,"Butch Jones 2H Underdog: 9-4 ATS (69.2%), avg ATS margin +3.9 over 13 games. Supports Arkansas State.",3.88,high,3.88,,,,,,,,,,,,,,,,
g106,2.0,2026-09-12,West Georgia,Arkansas State,coach_2h,Coach 2H support,Arkansas State,"Butch Jones 2H Underdog: 9-4 ATS (69.2%), avg ATS margin +3.9 over 13 games. Supports Arkansas State.",3.88,high,3.88,,,,,,,,,,,,,,,,
g246,3.0,2026-09-19,Arkansas State,TCU,coach_2h,Coach 2H support,Arkansas State,"Butch Jones 2H Underdog: 9-4 ATS (69.2%), avg ATS margin +3.9 over 13 games. Supports Arkansas State.",3.88,high,3.88,,,,,,,,,,,,,,,,
g363,5.0,2026-10-03,Arkansas State,Louisiana,coach_2h,Coach 2H support,Arkansas State,"Butch Jones 2H Underdog: 9-4 ATS (69.2%), avg ATS margin +3.9 over 13 games. Supports Arkansas State.",3.88,high,3.88,,,,,,,,,,,,,,,,
g759,12.0,2026-11-19,Arkansas State,Louisiana Tech,coach_2h,Coach 2H support,Arkansas State,"Butch Jones 2H Underdog: 9-4 ATS (69.2%), avg ATS margin +3.9 over 13 games. Supports Arkansas State.",3.88,high,3.88,,,,,,,,,,,,,,,,
g231,3.0,2026-09-19,East Carolina,Old Dominion,coach_2h,Coach 2H fade,East Carolina,"Ricky Rahne 2H Favorite: 3-12 ATS (20.0%), avg ATS margin -3.8 over 15 games. Supports East Carolina by fading Old Dominion.",3.77,high,3.77,,,,,,,,,,,,,,,,
g353,5.0,2026-10-03,Old Dominion,Georgia State,coach_2h,Coach 2H fade,Georgia State,"Ricky Rahne 2H Favorite: 3-12 ATS (20.0%), avg ATS margin -3.8 over 15 games. Supports Georgia State by fading Old Dominion.",3.77,high,3.77,,,,,,,,,,,,,,,,
g402,6.0,2026-10-10,Old Dominion,Appalachian State,coach_2h,Coach 2H fade,Appalachian State,"Ricky Rahne 2H Favorite: 3-12 ATS (20.0%), avg ATS margin -3.8 over 15 games. Supports Appalachian State by fading Old Dominion.",3.77,high,3.77,,,,,,,,,,,,,,,,
g453,7.0,2026-10-15,Georgia Southern,Old Dominion,coach_2h,Coach 2H fade,Georgia Southern,"Ricky Rahne 2H Favorite: 3-12 ATS (20.0%), avg ATS margin -3.8 over 15 games. Supports Georgia Southern by fading Old Dominion.",3.77,high,3.77,,,,,,,,,,,,,,,,
g538,8.0,2026-10-24,Old Dominion,Louisiana Tech,coach_2h,Coach 2H fade,Louisiana Tech,"Ricky Rahne 2H Favorite: 3-12 ATS (20.0%), avg ATS margin -3.8 over 15 games. Supports Louisiana Tech by fading Old Dominion.",3.77,high,3.77,,,,,,,,,,,,,,,,
g602,9.0,2026-10-31,Marshall,Old Dominion,coach_2h,Coach 2H fade,Marshall,"Ricky Rahne 2H Favorite: 3-12 ATS (20.0%), avg ATS margin -3.8 over 15 games. Supports Marshall by fading Old Dominion.",3.77,high,3.77,,,,,,,,,,,,,,,,
g639,10.0,2026-11-07,Old Dominion,Coastal Carolina,coach_2h,Coach 2H fade,Coastal Carolina,"Ricky Rahne 2H Favorite: 3-12 ATS (20.0%), avg ATS margin -3.8 over 15 games. Supports Coastal Carolina by fading Old Dominion.",3.77,high,3.77,,,,,,,,,,,,,,,,
g774,12.0,2026-11-21,Old Dominion,Connecticut,coach_2h,Coach 2H fade,Connecticut,"Ricky Rahne 2H Favorite: 3-12 ATS (20.0%), avg ATS margin -3.8 over 15 games. Supports Connecticut by fading Old Dominion.",3.77,high,3.77,,,,,,,,,,,,,,,,
g872,13.0,2026-11-28,Southern Miss,Old Dominion,coach_2h,Coach 2H fade,Southern Miss,"Ricky Rahne 2H Favorite: 3-12 ATS (20.0%), avg ATS margin -3.8 over 15 games. Supports Southern Miss by fading Old Dominion.",3.77,high,3.77,,,,,,,,,,,,,,,,
g7,0.0,2026-08-29,San Jose State,USC,coach_2h,Coach 2H support,USC,"Lincoln Riley 2H Favorite: 11-7 ATS (61.1%), avg ATS margin +3.6 over 18 games. Supports USC.",3.56,high,3.56,,,,,,,,,,,,,,,,
g90,1.0,2026-09-05,Fresno State,USC,coach_2h,Coach 2H support,USC,"Lincoln Riley 2H Favorite: 11-7 ATS (61.1%), avg ATS margin +3.6 over 18 games. Supports USC.",3.56,high,3.56,,,,,,,,,,,,,,,,
g175,2.0,2026-09-12,Louisiana,USC,coach_2h,Coach 2H support,USC,"Lincoln Riley 2H Favorite: 11-7 ATS (61.1%), avg ATS margin +3.6 over 18 games. Supports USC.",3.56,high,3.56,,,,,,,,,,,,,,,,
g237,3.0,2026-09-19,USC,Rutgers,coach_2h,Coach 2H support,USC,"Lincoln Riley 2H Favorite: 11-7 ATS (61.1%), avg ATS margin +3.6 over 18 games. Supports USC.",3.56,high,3.56,,,,,,,,,,,,,,,,
g387,5.0,2026-10-03,Washington,USC,coach_2h,Coach 2H support,USC,"Lincoln Riley 2H Favorite: 11-7 ATS (61.1%), avg ATS margin +3.6 over 18 games. Supports USC.",3.56,high,3.56,,,,,,,,,,,,,,,,
g565,8.0,2026-10-24,USC,Wisconsin,coach_2h,Coach 2H support,USC,"Lincoln Riley 2H Favorite: 11-7 ATS (61.1%), avg ATS margin +3.6 over 18 games. Supports USC.",3.56,high,3.56,,,,,,,,,,,,,,,,
g818,12.0,2026-11-21,Maryland,USC,coach_2h,Coach 2H support,USC,"Lincoln Riley 2H Favorite: 11-7 ATS (61.1%), avg ATS margin +3.6 over 18 games. Supports USC.",3.56,high,3.56,,,,,,,,,,,,,,,,
g880,13.0,2026-11-28,USC,UCLA,coach_2h,Coach 2H support,USC,"Lincoln Riley 2H Favorite: 11-7 ATS (61.1%), avg ATS margin +3.6 over 18 games. Supports USC.",3.56,high,3.56,,,,,,,,,,,,,,,,
g36,1.0,2026-09-05,Wyoming,Colorado State,coach_2h,Coach 2H support,Wyoming,"Jay Sawvel 2H Underdog: 9-6 ATS (60.0%), avg ATS margin +3.2 over 15 games. Supports Wyoming.",3.2,high,3.2,,,,,,,,,,,,,,,,
g185,2.0,2026-09-12,Northern Colorado,Wyoming,coach_2h,Coach 2H support,Wyoming,"Jay Sawvel 2H Underdog: 9-6 ATS (60.0%), avg ATS margin +3.2 over 15 games. Supports Wyoming.",3.2,high,3.2,,,,,,,,,,,,,,,,
g199,3.0,2026-09-19,Wyoming,Central Michigan,coach_2h,Coach 2H support,Wyoming,"Jay Sawvel 2H Underdog: 9-6 ATS (60.0%), avg ATS margin +3.2 over 15 games. Supports Wyoming.",3.2,high,3.2,,,,,,,,,,,,,,,,
g331,4.0,2026-09-26,Hawaii,Wyoming,coach_2h,Coach 2H support,Wyoming,"Jay Sawvel 2H Underdog: 9-6 ATS (60.0%), avg ATS margin +3.2 over 15 games. Supports Wyoming.",3.2,high,3.2,,,,,,,,,,,,,,,,
g374,5.0,2026-10-03,Wyoming,North Dakota State,coach_2h,Coach 2H support,Wyoming,"Jay Sawvel 2H Underdog: 9-6 ATS (60.0%), avg ATS margin +3.2 over 15 games. Supports Wyoming.",3.2,high,3.2,,,,,,,,,,,,,,,,
g437,6.0,2026-10-10,Wyoming,San Jose State,coach_2h,Coach 2H support,Wyoming,"Jay Sawvel 2H Underdog: 9-6 ATS (60.0%), avg ATS margin +3.2 over 15 games. Supports Wyoming.",3.2,high,3.2,,,,,,,,,,,,,,,,
g566,8.0,2026-10-24,Air Force,Wyoming,coach_2h,Coach 2H support,Wyoming,"Jay Sawvel 2H Underdog: 9-6 ATS (60.0%), avg ATS margin +3.2 over 15 games. Supports Wyoming.",3.2,high,3.2,,,,,,,,,,,,,,,,
g679,10.0,2026-11-07,Wyoming,UNLV,coach_2h,Coach 2H support,Wyoming,"Jay Sawvel 2H Underdog: 9-6 ATS (60.0%), avg ATS margin +3.2 over 15 games. Supports Wyoming.",3.2,high,3.2,,,,,,,,,,,,,,,,
g822,12.0,2026-11-21,New Mexico,Wyoming,coach_2h,Coach 2H support,Wyoming,"Jay Sawvel 2H Underdog: 9-6 ATS (60.0%), avg ATS margin +3.2 over 15 games. Supports Wyoming.",3.2,high,3.2,,,,,,,,,,,,,,,,
g2,0.0,2026-08-29,New Mexico State,Florida State,coach_2h,Coach 2H fade,New Mexico State,"Mike Norvell 2H Favorite: 4-8 ATS (33.3%), avg ATS margin -3.0 over 12 games. Supports New Mexico State by fading Florida State.",3.0,high,3.0,,,,,,,,,,,,,,,,
g351,5.0,2026-10-03,Virginia,Florida State,coach_2h,Coach 2H fade,Virginia,"Mike Norvell 2H Favorite: 4-8 ATS (33.3%), avg ATS margin -3.0 over 12 games. Supports Virginia by fading Florida State.",3.0,high,3.0,,,,,,,,,,,,,,,,
g638,10.0,2026-11-07,Florida State,Boston College,coach_2h,Coach 2H fade,Boston College,"Mike Norvell 2H Favorite: 4-8 ATS (33.3%), avg ATS margin -3.0 over 12 games. Supports Boston College by fading Florida State.",3.0,high,3.0,,,,,,,,,,,,,,,,
g778,12.0,2026-11-21,NC State,Florida State,coach_2h,Coach 2H fade,NC State,"Mike Norvell 2H Favorite: 4-8 ATS (33.3%), avg ATS margin -3.0 over 12 games. Supports NC State by fading Florida State.",3.0,high,3.0,,,,,,,,,,,,,,,,
g96,1.0,2026-09-05,Coastal Carolina,West Virginia,coach_2h,Coach 2H support,West Virginia,"Rich Rodriguez 2H Favorite: 7-5 ATS (58.3%), avg ATS margin +3.0 over 12 games. Supports West Virginia.",2.96,high,2.96,,,,,,,,,,,,,,,,
g328,4.0,2026-09-26,Oklahoma State,West Virginia,coach_2h,Coach 2H support,West Virginia,"Rich Rodriguez 2H Favorite: 7-5 ATS (58.3%), avg ATS margin +3.0 over 12 games. Supports West Virginia.",2.96,high,2.96,,,,,,,,,,,,,,,,
g509,7.0,2026-10-17,Cincinnati,West Virginia,coach_2h,Coach 2H support,West Virginia,"Rich Rodriguez 2H Favorite: 7-5 ATS (58.3%), avg ATS margin +3.0 over 12 games. Supports West Virginia.",2.96,high,2.96,,,,,,,,,,,,,,,,
g39,1.0,2026-09-05,Florida Atlantic,Florida,coach_2h,Coach 2H fade,Florida Atlantic,"Jon Sumrall 2H Favorite: 8-12 ATS (40.0%), avg ATS margin -3.0 over 20 games. Supports Florida Atlantic by fading Florida.",2.95,high,2.95,,,,,,,,,,,,,,,,
g409,6.0,2026-10-10,South Carolina,Florida,coach_2h,Coach 2H fade,South Carolina,"Jon Sumrall 2H Favorite: 8-12 ATS (40.0%), avg ATS margin -3.0 over 20 games. Supports South Carolina by fading Florida.",2.95,high,2.95,,,,,,,,,,,,,,,,
g713,11.0,2026-11-14,Florida,Kentucky,coach_2h,Coach 2H fade,Kentucky,"Jon Sumrall 2H Favorite: 8-12 ATS (40.0%), avg ATS margin -3.0 over 20 games. Supports Kentucky by fading Florida.",2.95,high,2.95,,,,,,,,,,,,,,,,
g776,12.0,2026-11-21,Vanderbilt,Florida,coach_2h,Coach 2H fade,Vanderbilt,"Jon Sumrall 2H Favorite: 8-12 ATS (40.0%), avg ATS margin -3.0 over 20 games. Supports Vanderbilt by fading Florida.",2.95,high,2.95,,,,,,,,,,,,,,,,
g827,13.0,2026-11-27,Florida,Florida State,coach_2h,Coach 2H fade,Florida State,"Jon Sumrall 2H Favorite: 8-12 ATS (40.0%), avg ATS margin -3.0 over 20 games. Supports Florida State by fading Florida.",2.95,high,2.95,,,,,,,,,,,,,,,,
g62,1.0,2026-09-05,Ohio,Nebraska,coach_2h,Coach 2H fade,Ohio,"Matt Rhule 2H Favorite: 4-10 ATS (28.6%), avg ATS margin -2.9 over 14 games. Supports Ohio by fading Nebraska.",2.86,high,2.86,,,,,,,,,,,,,,,,
g147,2.0,2026-09-12,Bowling Green,Nebraska,coach_2h,Coach 2H fade,Bowling Green,"Matt Rhule 2H Favorite: 4-10 ATS (28.6%), avg ATS margin -2.9 over 14 games. Supports Bowling Green by fading Nebraska.",2.86,high,2.86,,,,,,,,,,,,,,,,
g298,4.0,2026-09-26,Nebraska,Michigan State,coach_2h,Coach 2H fade,Michigan State,"Matt Rhule 2H Favorite: 4-10 ATS (28.6%), avg ATS margin -2.9 over 14 games. Supports Michigan State by fading Nebraska.",2.86,high,2.86,,,,,,,,,,,,,,,,
g371,5.0,2026-10-03,Maryland,Nebraska,coach_2h,Coach 2H fade,Maryland,"Matt Rhule 2H Favorite: 4-10 ATS (28.6%), avg ATS margin -2.9 over 14 games. Supports Maryland by fading Nebraska.",2.86,high,2.86,,,,,,,,,,,,,,,,
g734,11.0,2026-11-14,Nebraska,Rutgers,coach_2h,Coach 2H fade,Rutgers,"Matt Rhule 2H Favorite: 4-10 ATS (28.6%), avg ATS margin -2.9 over 14 games. Supports Rutgers by fading Nebraska.",2.86,high,2.86,,,,,,,,,,,,,,,,
g60,1.0,2026-09-05,UL-Monroe,Mississippi State,coach_2h,Coach 2H fade,Mississippi State,"Bryant Vincent 2H Underdog: 8-10 ATS (44.4%), avg ATS margin -2.8 over 18 games. Supports Mississippi State by fading UL-Monroe.",2.83,medium,2.83,,,,,,,,,,,,,,,,
g173,2.0,2026-09-12,UL-Monroe,UAB,coach_2h,Coach 2H fade,UAB,"Bryant Vincent 2H Underdog: 8-10 ATS (44.4%), avg ATS margin -2.8 over 18 games. Supports UAB by fading UL-Monroe.",2.83,medium,2.83,,,,,,,,,,,,,,,,
g254,3.0,2026-09-19,Southeastern La.,UL-Monroe,coach_2h,Coach 2H fade,Southeastern La.,"Bryant Vincent 2H Underdog: 8-10 ATS (44.4%), avg ATS margin -2.8 over 18 games. Supports Southeastern La. by fading UL-Monroe.",2.83,medium,2.83,,,,,,,,,,,,,,,,
g320,4.0,2026-09-26,Florida Atlantic,UL-Monroe,coach_2h,Coach 2H fade,Florida Atlantic,"Bryant Vincent 2H Underdog: 8-10 ATS (44.4%), avg ATS margin -2.8 over 18 games. Supports Florida Atlantic by fading UL-Monroe.",2.83,medium,2.83,,,,,,,,,,,,,,,,
g379,5.0,2026-10-03,UL-Monroe,South Alabama,coach_2h,Coach 2H fade,South Alabama,"Bryant Vincent 2H Underdog: 8-10 ATS (44.4%), avg ATS margin -2.8 over 18 games. Supports South Alabama by fading UL-Monroe.",2.83,medium,2.83,,,,,,,,,,,,,,,,
g504,7.0,2026-10-17,Louisiana Tech,UL-Monroe,coach_2h,Coach 2H fade,Louisiana Tech,"Bryant Vincent 2H Underdog: 8-10 ATS (44.4%), avg ATS margin -2.8 over 18 games. Supports Louisiana Tech by fading UL-Monroe.",2.83,medium,2.83,,,,,,,,,,,,,,,,
g559,8.0,2026-10-24,UL-Monroe,Troy,coach_2h,Coach 2H fade,Troy,"Bryant Vincent 2H Underdog: 8-10 ATS (44.4%), avg ATS margin -2.8 over 18 games. Supports Troy by fading UL-Monroe.",2.83,medium,2.83,,,,,,,,,,,,,,,,
g617,9.0,2026-10-31,Southern Miss,UL-Monroe,coach_2h,Coach 2H fade,Southern Miss,"Bryant Vincent 2H Underdog: 8-10 ATS (44.4%), avg ATS margin -2.8 over 18 games. Supports Southern Miss by fading UL-Monroe.",2.83,medium,2.83,,,,,,,,,,,,,,,,
g634,10.0,2026-11-07,UL-Monroe,Arkansas State,coach_2h,Coach 2H fade,Arkansas State,"Bryant Vincent 2H Underdog: 8-10 ATS (44.4%), avg ATS margin -2.8 over 18 games. Supports Arkansas State by fading UL-Monroe.",2.83,medium,2.83,,,,,,,,,,,,,,,,
g693,11.0,2026-11-12,Louisiana,UL-Monroe,coach_2h,Coach 2H fade,Louisiana,"Bryant Vincent 2H Underdog: 8-10 ATS (44.4%), avg ATS margin -2.8 over 18 games. Supports Louisiana by fading UL-Monroe.",2.83,medium,2.83,,,,,,,,,,,,,,,,
g765,12.0,2026-11-21,UL-Monroe,Appalachian State,coach_2h,Coach 2H fade,Appalachian State,"Bryant Vincent 2H Underdog: 8-10 ATS (44.4%), avg ATS margin -2.8 over 18 games. Supports Appalachian State by fading UL-Monroe.",2.83,medium,2.83,,,,,,,,,,,,,,,,
g881,13.0,2026-11-28,Marshall,UL-Monroe,coach_2h,Coach 2H fade,Marshall,"Bryant Vincent 2H Underdog: 8-10 ATS (44.4%), avg ATS margin -2.8 over 18 games. Supports Marshall by fading UL-Monroe.",2.83,medium,2.83,,,,,,,,,,,,,,,,
g85,1.0,2026-09-05,Texas State,Texas,coach_2h,Coach 2H fade,Texas State,"Steve Sarkisian 2H Favorite: 7-17 ATS (29.2%), avg ATS margin -2.7 over 24 games. Supports Texas State by fading Texas.",2.71,high,2.71,,,,,,,,,,,,,,,,
g248,3.0,2026-09-19,UTSA,Texas,coach_2h,Coach 2H fade,UTSA,"Steve Sarkisian 2H Favorite: 7-17 ATS (29.2%), avg ATS margin -2.7 over 24 games. Supports UTSA by fading Texas.",2.71,high,2.71,,,,,,,,,,,,,,,,
g315,4.0,2026-09-26,Texas,Tennessee,coach_2h,Coach 2H fade,Tennessee,"Steve Sarkisian 2H Favorite: 7-17 ATS (29.2%), avg ATS margin -2.7 over 24 games. Supports Tennessee by fading Texas.",2.71,high,2.71,,,,,,,,,,,,,,,,
g430,6.0,2026-10-10,Texas,Oklahoma,coach_2h,Coach 2H fade,Oklahoma,"Steve Sarkisian 2H Favorite: 7-17 ATS (29.2%), avg ATS margin -2.7 over 24 games. Supports Oklahoma by fading Texas.",2.71,high,2.71,,,,,,,,,,,,,,,,
g499,7.0,2026-10-17,Florida,Texas,coach_2h,Coach 2H fade,Florida,"Steve Sarkisian 2H Favorite: 7-17 ATS (29.2%), avg ATS margin -2.7 over 24 games. Supports Florida by fading Texas.",2.71,high,2.71,,,,,,,,,,,,,,,,
g556,8.0,2026-10-24,Ole Miss,Texas,coach_2h,Coach 2H fade,Ole Miss,"Steve Sarkisian 2H Favorite: 7-17 ATS (29.2%), avg ATS margin -2.7 over 24 games. Supports Ole Miss by fading Texas.",2.71,high,2.71,,,,,,,,,,,,,,,,
g614,9.0,2026-10-31,Mississippi State,Texas,coach_2h,Coach 2H fade,Mississippi State,"Steve Sarkisian 2H Favorite: 7-17 ATS (29.2%), avg ATS margin -2.7 over 24 games. Supports Mississippi State by fading Texas.",2.71,high,2.71,,,,,,,,,,,,,,,,
g658,10.0,2026-11-07,Texas,Missouri,coach_2h,Coach 2H fade,Missouri,"Steve Sarkisian 2H Favorite: 7-17 ATS (29.2%), avg ATS margin -2.7 over 24 games. Supports Missouri by fading Texas.",2.71,high,2.71,,,,,,,,,,,,,,,,
g714,11.0,2026-11-14,Texas,LSU,coach_2h,Coach 2H fade,LSU,"Steve Sarkisian 2H Favorite: 7-17 ATS (29.2%), avg ATS margin -2.7 over 24 games. Supports LSU by fading Texas.",2.71,high,2.71,,,,,,,,,,,,,,,,
g812,12.0,2026-11-21,Arkansas,Texas,coach_2h,Coach 2H fade,Arkansas,"Steve Sarkisian 2H Favorite: 7-17 ATS (29.2%), avg ATS margin -2.7 over 24 games. Supports Arkansas by fading Texas.",2.71,high,2.71,,,,,,,,,,,,,,,,
g832,13.0,2026-11-27,Texas,Texas A&M,coach_2h,Coach 2H fade,Texas A&M,"Steve Sarkisian 2H Favorite: 7-17 ATS (29.2%), avg ATS margin -2.7 over 24 games. Supports Texas A&M by fading Texas.",2.71,high,2.71,,,,,,,,,,,,,,,,
g95,1.0,2026-09-05,Washington State,Washington,coach_2h,Coach 2H support,Washington,"Jedd Fisch 2H Favorite: 8-6 ATS (57.1%), avg ATS margin +2.7 over 14 games. Supports Washington.",2.68,medium,2.68,,,,,,,,,,,,,,,,
g181,2.0,2026-09-12,Utah State,Washington,coach_2h,Coach 2H support,Washington,"Jedd Fisch 2H Favorite: 8-6 ATS (57.1%), avg ATS margin +2.7 over 14 games. Supports Washington.",2.68,medium,2.68,,,,,,,,,,,,,,,,
g326,4.0,2026-09-26,Minnesota,Washington,coach_2h,Coach 2H support,Washington,"Jedd Fisch 2H Favorite: 8-6 ATS (57.1%), avg ATS margin +2.7 over 14 games. Supports Washington.",2.68,medium,2.68,,,,,,,,,,,,,,,,
g446,6.0,2026-10-10,Iowa,Washington,coach_2h,Coach 2H support,Washington,"Jedd Fisch 2H Favorite: 8-6 ATS (57.1%), avg ATS margin +2.7 over 14 games. Supports Washington.",2.68,medium,2.68,,,,,,,,,,,,,,,,
g488,7.0,2026-10-17,Washington,Purdue,coach_2h,Coach 2H support,Washington,"Jedd Fisch 2H Favorite: 8-6 ATS (57.1%), avg ATS margin +2.7 over 14 games. Supports Washington.",2.68,medium,2.68,,,,,,,,,,,,,,,,
g598,9.0,2026-10-31,Washington,Nebraska,coach_2h,Coach 2H support,Washington,"Jedd Fisch 2H Favorite: 8-6 ATS (57.1%), avg ATS margin +2.7 over 14 games. Supports Washington.",2.68,medium,2.68,,,,,,,,,,,,,,,,
g684,10.0,2026-11-07,Penn State,Washington,coach_2h,Coach 2H support,Washington,"Jedd Fisch 2H Favorite: 8-6 ATS (57.1%), avg ATS margin +2.7 over 14 games. Supports Washington.",2.68,medium,2.68,,,,,,,,,,,,,,,,
g720,11.0,2026-11-14,Washington,Michigan State,coach_2h,Coach 2H support,Washington,"Jedd Fisch 2H Favorite: 8-6 ATS (57.1%), avg ATS margin +2.7 over 14 games. Supports Washington.",2.68,medium,2.68,,,,,,,,,,,,,,,,
g72,1.0,2026-09-05,Marshall,Penn State,coach_2h,Coach 2H support,Penn State,"Matt Campbell 2H Favorite: 12-7 ATS (63.2%), avg ATS margin +2.6 over 19 games. Supports Penn State.",2.58,high,2.58,,,,,,,,,,,,,,,,
g166,2.0,2026-09-12,Penn State,Temple,coach_2h,Coach 2H support,Penn State,"Matt Campbell 2H Favorite: 12-7 ATS (63.2%), avg ATS margin +2.6 over 19 games. Supports Penn State.",2.58,high,2.58,,,,,,,,,,,,,,,,
g235,3.0,2026-09-19,Buffalo,Penn State,coach_2h,Coach 2H support,Penn State,"Matt Campbell 2H Favorite: 12-7 ATS (63.2%), avg ATS margin +2.6 over 19 games. Supports Penn State.",2.58,high,2.58,,,,,,,,,,,,,,,,
g307,4.0,2026-09-26,Wisconsin,Penn State,coach_2h,Coach 2H support,Penn State,"Matt Campbell 2H Favorite: 12-7 ATS (63.2%), avg ATS margin +2.6 over 19 games. Supports Penn State.",2.58,high,2.58,,,,,,,,,,,,,,,,
g335,5.0,2026-10-02,Penn State,Northwestern,coach_2h,Coach 2H support,Penn State,"Matt Campbell 2H Favorite: 12-7 ATS (63.2%), avg ATS margin +2.6 over 19 games. Supports Penn State.",2.58,high,2.58,,,,,,,,,,,,,,,,
g434,6.0,2026-10-10,USC,Penn State,coach_2h,Coach 2H support,Penn State,"Matt Campbell 2H Favorite: 12-7 ATS (63.2%), avg ATS margin +2.6 over 19 games. Supports Penn State.",2.58,high,2.58,,,,,,,,,,,,,,,,
g605,9.0,2026-10-31,Purdue,Penn State,coach_2h,Coach 2H support,Penn State,"Matt Campbell 2H Favorite: 12-7 ATS (63.2%), avg ATS margin +2.6 over 19 games. Supports Penn State.",2.58,high,2.58,,,,,,,,,,,,,,,,
g732,11.0,2026-11-14,Minnesota,Penn State,coach_2h,Coach 2H support,Penn State,"Matt Campbell 2H Favorite: 12-7 ATS (63.2%), avg ATS margin +2.6 over 19 games. Supports Penn State.",2.58,high,2.58,,,,,,,,,,,,,,,,
g804,12.0,2026-11-21,Rutgers,Penn State,coach_2h,Coach 2H support,Penn State,"Matt Campbell 2H Favorite: 12-7 ATS (63.2%), avg ATS margin +2.6 over 19 games. Supports Penn State.",2.58,high,2.58,,,,,,,,,,,,,,,,
g859,13.0,2026-11-28,Penn State,Maryland,coach_2h,Coach 2H support,Penn State,"Matt Campbell 2H Favorite: 12-7 ATS (63.2%), avg ATS margin +2.6 over 19 games. Supports Penn State.",2.58,high,2.58,,,,,,,,,,,,,,,,
g22,1.0,2026-09-04,Miami-FL,Stanford,coach_2h,Coach 2H support,Miami-FL,"Mario Cristobal 2H Favorite: 14-9 ATS (60.9%), avg ATS margin +2.6 over 23 games. Supports Miami-FL.",2.57,high,2.57,,,,,,,,,,,,,,,,
g188,3.0,2026-09-18,Miami-FL,Wake Forest,coach_2h,Coach 2H support,Miami-FL,"Mario Cristobal 2H Favorite: 14-9 ATS (60.9%), avg ATS margin +2.6 over 23 games. Supports Miami-FL.",2.57,high,2.57,,,,,,,,,,,,,,,,
g295,4.0,2026-09-26,Central Michigan,Miami-FL,coach_2h,Coach 2H support,Miami-FL,"Mario Cristobal 2H Favorite: 14-9 ATS (60.9%), avg ATS margin +2.6 over 23 games. Supports Miami-FL.",2.57,high,2.57,,,,,,,,,,,,,,,,
g345,5.0,2026-10-03,Miami-FL,Clemson,coach_2h,Coach 2H support,Miami-FL,"Mario Cristobal 2H Favorite: 14-9 ATS (60.9%), avg ATS margin +2.6 over 23 games. Supports Miami-FL.",2.57,high,2.57,,,,,,,,,,,,,,,,
g479,7.0,2026-10-17,Florida State,Miami-FL,coach_2h,Coach 2H support,Miami-FL,"Mario Cristobal 2H Favorite: 14-9 ATS (60.9%), avg ATS margin +2.6 over 23 games. Supports Miami-FL.",2.57,high,2.57,,,,,,,,,,,,,,,,
g539,8.0,2026-10-24,Pittsburgh,Miami-FL,coach_2h,Coach 2H support,Miami-FL,"Mario Cristobal 2H Favorite: 14-9 ATS (60.9%), avg ATS margin +2.6 over 23 games. Supports Miami-FL.",2.57,high,2.57,,,,,,,,,,,,,,,,
g599,9.0,2026-10-31,Miami-FL,North Carolina,coach_2h,Coach 2H support,Miami-FL,"Mario Cristobal 2H Favorite: 14-9 ATS (60.9%), avg ATS margin +2.6 over 23 games. Supports Miami-FL.",2.57,high,2.57,,,,,,,,,,,,,,,,
g719,11.0,2026-11-14,Duke,Miami-FL,coach_2h,Coach 2H support,Miami-FL,"Mario Cristobal 2H Favorite: 14-9 ATS (60.9%), avg ATS margin +2.6 over 23 games. Supports Miami-FL.",2.57,high,2.57,,,,,,,,,,,,,,,,
g762,12.0,2026-11-20,Virginia Tech,Miami-FL,coach_2h,Coach 2H support,Miami-FL,"Mario Cristobal 2H Favorite: 14-9 ATS (60.9%), avg ATS margin +2.6 over 23 games. Supports Miami-FL.",2.57,high,2.57,,,,,,,,,,,,,,,,
g861,13.0,2026-11-28,Boston College,Miami-FL,coach_2h,Coach 2H support,Miami-FL,"Mario Cristobal 2H Favorite: 14-9 ATS (60.9%), avg ATS margin +2.6 over 23 games. Supports Miami-FL.",2.57,high,2.57,,,,,,,,,,,,,,,,
g8,0.0,2026-08-29,NC State,Virginia,coach_2h,Coach 2H fade,NC State,"Tony Elliott 2H Favorite: 5-7 ATS (41.7%), avg ATS margin -2.5 over 12 games. Supports NC State by fading Virginia.",2.46,high,2.46,,,,,,,,,,,,,,,,
g109,2.0,2026-09-12,Arizona,BYU,coach_2h,Coach 2H support,BYU,"Kalani Sitake 2H Favorite: 9-5 ATS (64.3%), avg ATS margin +2.5 over 14 games. Supports BYU.",2.46,high,2.46,,,,,,,,,,,,,,,,
g202,3.0,2026-09-19,BYU,Colorado State,coach_2h,Coach 2H support,BYU,"Kalani Sitake 2H Favorite: 9-5 ATS (64.3%), avg ATS margin +2.5 over 14 games. Supports BYU.",2.46,high,2.46,,,,,,,,,,,,,,,,
g259,3.0,2026-09-19,Virginia,West Virginia,coach_2h,Coach 2H fade,West Virginia,"Tony Elliott 2H Favorite: 5-7 ATS (41.7%), avg ATS margin -2.5 over 12 games. Supports West Virginia by fading Virginia.",2.46,high,2.46,,,,,,,,,,,,,,,,
g325,4.0,2026-09-26,Delaware,Virginia,coach_2h,Coach 2H fade,Delaware,"Tony Elliott 2H Favorite: 5-7 ATS (41.7%), avg ATS margin -2.5 over 12 games. Supports Delaware by fading Virginia.",2.46,high,2.46,,,,,,,,,,,,,,,,
g382,5.0,2026-10-03,BYU,TCU,coach_2h,Coach 2H support,BYU,"Kalani Sitake 2H Favorite: 9-5 ATS (64.3%), avg ATS margin +2.5 over 14 games. Supports BYU.",2.46,high,2.46,,,,,,,,,,,,,,,,
g398,6.0,2026-10-09,Iowa State,BYU,coach_2h,Coach 2H support,BYU,"Kalani Sitake 2H Favorite: 9-5 ATS (64.3%), avg ATS margin +2.5 over 14 games. Supports BYU.",2.46,high,2.46,,,,,,,,,,,,,,,,
g445,6.0,2026-10-10,Syracuse,Virginia,coach_2h,Coach 2H fade,Syracuse,"Tony Elliott 2H Favorite: 5-7 ATS (41.7%), avg ATS margin -2.5 over 12 games. Supports Syracuse by fading Virginia.",2.46,high,2.46,,,,,,,,,,,,,,,,
g526,8.0,2026-10-24,BYU,Central Florida,coach_2h,Coach 2H support,BYU,"Kalani Sitake 2H Favorite: 9-5 ATS (64.3%), avg ATS margin +2.5 over 14 games. Supports BYU.",2.46,high,2.46,,,,,,,,,,,,,,,,
g563,8.0,2026-10-24,Duke,Virginia,coach_2h,Coach 2H fade,Duke,"Tony Elliott 2H Favorite: 5-7 ATS (41.7%), avg ATS margin -2.5 over 12 games. Supports Duke by fading Virginia.",2.46,high,2.46,,,,,,,,,,,,,,,,
g578,9.0,2026-10-31,Arizona State,BYU,coach_2h,Coach 2H support,BYU,"Kalani Sitake 2H Favorite: 9-5 ATS (64.3%), avg ATS margin +2.5 over 14 games. Supports BYU.",2.46,high,2.46,,,,,,,,,,,,,,,,
g621,9.0,2026-10-31,Virginia,Wake Forest,coach_2h,Coach 2H fade,Wake Forest,"Tony Elliott 2H Favorite: 5-7 ATS (41.7%), avg ATS margin -2.5 over 12 games. Supports Wake Forest by fading Virginia.",2.46,high,2.46,,,,,,,,,,,,,,,,
g699,11.0,2026-11-14,Baylor,BYU,coach_2h,Coach 2H support,BYU,"Kalani Sitake 2H Favorite: 9-5 ATS (64.3%), avg ATS margin +2.5 over 14 games. Supports BYU.",2.46,high,2.46,,,,,,,,,,,,,,,,
g748,11.0,2026-11-14,California,Virginia,coach_2h,Coach 2H fade,California,"Tony Elliott 2H Favorite: 5-7 ATS (41.7%), avg ATS margin -2.5 over 12 games. Supports California by fading Virginia.",2.46,high,2.46,,,,,,,,,,,,,,,,
g783,12.0,2026-11-21,BYU,Kansas,coach_2h,Coach 2H support,BYU,"Kalani Sitake 2H Favorite: 9-5 ATS (64.3%), avg ATS margin +2.5 over 14 games. Supports BYU.",2.46,high,2.46,,,,,,,,,,,,,,,,
g819,12.0,2026-11-21,North Carolina,Virginia,coach_2h,Coach 2H fade,North Carolina,"Tony Elliott 2H Favorite: 5-7 ATS (41.7%), avg ATS margin -2.5 over 12 games. Supports North Carolina by fading Virginia.",2.46,high,2.46,,,,,,,,,,,,,,,,
g838,13.0,2026-11-28,Cincinnati,BYU,coach_2h,Coach 2H support,BYU,"Kalani Sitake 2H Favorite: 9-5 ATS (64.3%), avg ATS margin +2.5 over 14 games. Supports BYU.",2.46,high,2.46,,,,,,,,,,,,,,,,
g245,3.0,2026-09-19,Connecticut,Southern Miss,coach_2h,Coach 2H fade,Southern Miss,"Jason Candle 2H Favorite: 5-12 ATS (29.4%), avg ATS margin -2.4 over 17 games. Supports Southern Miss by fading Connecticut.",2.44,high,2.44,,,,,,,,,,,,,,,,
g531,8.0,2026-10-24,Massachusetts,Connecticut,coach_2h,Coach 2H fade,Massachusetts,"Jason Candle 2H Favorite: 5-12 ATS (29.4%), avg ATS margin -2.4 over 17 games. Supports Massachusetts by fading Connecticut.",2.44,high,2.44,,,,,,,,,,,,,,,,
g30,1.0,2026-09-05,Baylor,Auburn,coach_2h,Coach 2H support,Auburn,"Alex Golesh 2H Favorite: 8-5 ATS (61.5%), avg ATS margin +2.4 over 13 games. Supports Auburn.",2.42,high,2.42,,,,,,,,,,,,,,,,
g108,2.0,2026-09-12,Southern Miss,Auburn,coach_2h,Coach 2H support,Auburn,"Alex Golesh 2H Favorite: 8-5 ATS (61.5%), avg ATS margin +2.4 over 13 games. Supports Auburn.",2.42,high,2.42,,,,,,,,,,,,,,,,
g193,3.0,2026-09-19,Florida,Auburn,coach_2h,Coach 2H support,Auburn,"Alex Golesh 2H Favorite: 8-5 ATS (61.5%), avg ATS margin +2.4 over 13 games. Supports Auburn.",2.42,high,2.42,,,,,,,,,,,,,,,,
g268,4.0,2026-09-26,Vanderbilt,Auburn,coach_2h,Coach 2H support,Auburn,"Alex Golesh 2H Favorite: 8-5 ATS (61.5%), avg ATS margin +2.4 over 13 games. Supports Auburn.",2.42,high,2.42,,,,,,,,,,,,,,,,
g636,10.0,2026-11-07,Arkansas,Auburn,coach_2h,Coach 2H support,Auburn,"Alex Golesh 2H Favorite: 8-5 ATS (61.5%), avg ATS margin +2.4 over 13 games. Supports Auburn.",2.42,high,2.42,,,,,,,,,,,,,,,,
g721,11.0,2026-11-14,Auburn,Mississippi State,coach_2h,Coach 2H support,Auburn,"Alex Golesh 2H Favorite: 8-5 ATS (61.5%), avg ATS margin +2.4 over 13 games. Supports Auburn.",2.42,high,2.42,,,,,,,,,,,,,,,,
g324,4.0,2026-09-26,Troy,Utah State,coach_2h,Coach 2H fade,Troy,"Bronco Mendenhall 2H Favorite: 4-9 ATS (30.8%), avg ATS margin -2.4 over 13 games. Supports Troy by fading Utah State.",2.35,high,2.35,,,,,,,,,,,,,,,,
g620,9.0,2026-10-31,Colorado State,Utah State,coach_2h,Coach 2H fade,Colorado State,"Bronco Mendenhall 2H Favorite: 4-9 ATS (30.8%), avg ATS margin -2.4 over 13 games. Supports Colorado State by fading Utah State.",2.35,high,2.35,,,,,,,,,,,,,,,,
g46,1.0,2026-09-05,Northern Illinois,Iowa,coach_2h,Coach 2H support,Iowa,"Kirk Ferentz 2H Favorite: 12-5-1 ATS (70.6%), avg ATS margin +2.2 over 18 games. Supports Iowa.",2.25,high,2.25,,,,,,,,,,,,,,,,
g131,2.0,2026-09-12,Iowa State,Iowa,coach_2h,Coach 2H support,Iowa,"Kirk Ferentz 2H Favorite: 12-5-1 ATS (70.6%), avg ATS margin +2.2 over 18 games. Supports Iowa.",2.25,high,2.25,,,,,,,,,,,,,,,,
g541,8.0,2026-10-24,Iowa,Minnesota,coach_2h,Coach 2H support,Iowa,"Kirk Ferentz 2H Favorite: 12-5-1 ATS (70.6%), avg ATS margin +2.2 over 18 games. Supports Iowa.",2.25,high,2.25,,,,,,,,,,,,,,,,
g590,9.0,2026-10-31,Wisconsin,Iowa,coach_2h,Coach 2H support,Iowa,"Kirk Ferentz 2H Favorite: 12-5-1 ATS (70.6%), avg ATS margin +2.2 over 18 games. Supports Iowa.",2.25,high,2.25,,,,,,,,,,,,,,,,
g664,10.0,2026-11-07,Iowa,Northwestern,coach_2h,Coach 2H support,Iowa,"Kirk Ferentz 2H Favorite: 12-5-1 ATS (70.6%), avg ATS margin +2.2 over 18 games. Supports Iowa.",2.25,high,2.25,,,,,,,,,,,,,,,,
g711,11.0,2026-11-14,Purdue,Iowa,coach_2h,Coach 2H support,Iowa,"Kirk Ferentz 2H Favorite: 12-5-1 ATS (70.6%), avg ATS margin +2.2 over 18 games. Supports Iowa.",2.25,high,2.25,,,,,,,,,,,,,,,,
g781,12.0,2026-11-21,Iowa,Illinois,coach_2h,Coach 2H support,Iowa,"Kirk Ferentz 2H Favorite: 12-5-1 ATS (70.6%), avg ATS margin +2.2 over 18 games. Supports Iowa.",2.25,high,2.25,,,,,,,,,,,,,,,,
g828,13.0,2026-11-27,Nebraska,Iowa,coach_2h,Coach 2H support,Iowa,"Kirk Ferentz 2H Favorite: 12-5-1 ATS (70.6%), avg ATS margin +2.2 over 18 games. Supports Iowa.",2.25,high,2.25,,,,,,,,,,,,,,,,
g69,1.0,2026-09-05,UTEP,Oklahoma,coach_2h,Coach 2H fade,UTEP,"Brent Venables 2H Favorite: 6-9 ATS (40.0%), avg ATS margin -2.2 over 15 games. Supports UTEP by fading Oklahoma.",2.2,high,2.2,,,,,,,,,,,,,,,,
g229,3.0,2026-09-19,New Mexico,Oklahoma,coach_2h,Coach 2H fade,New Mexico,"Brent Venables 2H Favorite: 6-9 ATS (40.0%), avg ATS margin -2.2 over 15 games. Supports New Mexico by fading Oklahoma.",2.2,high,2.2,,,,,,,,,,,,,,,,
g484,7.0,2026-10-17,Kentucky,Oklahoma,coach_2h,Coach 2H fade,Kentucky,"Brent Venables 2H Favorite: 6-9 ATS (40.0%), avg ATS margin -2.2 over 15 games. Supports Kentucky by fading Oklahoma.",2.2,high,2.2,,,,,,,,,,,,,,,,
g542,8.0,2026-10-24,Oklahoma,Mississippi State,coach_2h,Coach 2H fade,Mississippi State,"Brent Venables 2H Favorite: 6-9 ATS (40.0%), avg ATS margin -2.2 over 15 games. Supports Mississippi State by fading Oklahoma.",2.2,high,2.2,,,,,,,,,,,,,,,,
g601,9.0,2026-10-31,South Carolina,Oklahoma,coach_2h,Coach 2H fade,South Carolina,"Brent Venables 2H Favorite: 6-9 ATS (40.0%), avg ATS margin -2.2 over 15 games. Supports South Carolina by fading Oklahoma.",2.2,high,2.2,,,,,,,,,,,,,,,,
g642,10.0,2026-11-07,Oklahoma,Florida,coach_2h,Coach 2H fade,Florida,"Brent Venables 2H Favorite: 6-9 ATS (40.0%), avg ATS margin -2.2 over 15 games. Supports Florida by fading Oklahoma.",2.2,high,2.2,,,,,,,,,,,,,,,,
g729,11.0,2026-11-14,Ole Miss,Oklahoma,coach_2h,Coach 2H fade,Ole Miss,"Brent Venables 2H Favorite: 6-9 ATS (40.0%), avg ATS margin -2.2 over 15 games. Supports Ole Miss by fading Oklahoma.",2.2,high,2.2,,,,,,,,,,,,,,,,
g801,12.0,2026-11-21,Texas A&M,Oklahoma,coach_2h,Coach 2H fade,Texas A&M,"Brent Venables 2H Favorite: 6-9 ATS (40.0%), avg ATS margin -2.2 over 15 games. Supports Texas A&M by fading Oklahoma.",2.2,high,2.2,,,,,,,,,,,,,,,,
g863,13.0,2026-11-28,Oklahoma,Missouri,coach_2h,Coach 2H fade,Missouri,"Brent Venables 2H Favorite: 6-9 ATS (40.0%), avg ATS margin -2.2 over 15 games. Supports Missouri by fading Oklahoma.",2.2,high,2.2,,,,,,,,,,,,,,,,
g2,0.0,2026-08-29,New Mexico State,Florida State,coach_2h,Coach 2H support,New Mexico State,"Tony Sanchez 2H Underdog: 11-6 ATS (64.7%), avg ATS margin +2.2 over 17 games. Supports New Mexico State.",2.18,high,2.18,,,,,,,,,,,,,,,,
g65,1.0,2026-09-05,Mercyhurst,New Mexico State,coach_2h,Coach 2H support,New Mexico State,"Tony Sanchez 2H Underdog: 11-6 ATS (64.7%), avg ATS margin +2.2 over 17 games. Supports New Mexico State.",2.18,high,2.18,,,,,,,,,,,,,,,,
g127,2.0,2026-09-12,New Mexico State,Hawaii,coach_2h,Coach 2H support,New Mexico State,"Tony Sanchez 2H Underdog: 11-6 ATS (64.7%), avg ATS margin +2.2 over 17 games. Supports New Mexico State.",2.18,high,2.18,,,,,,,,,,,,,,,,
g302,4.0,2026-09-26,New Mexico,New Mexico State,coach_2h,Coach 2H support,New Mexico State,"Tony Sanchez 2H Underdog: 11-6 ATS (64.7%), avg ATS margin +2.2 over 17 games. Supports New Mexico State.",2.18,high,2.18,,,,,,,,,,,,,,,,
g332,5.0,2026-10-01,Western Kentucky,New Mexico State,coach_2h,Coach 2H support,New Mexico State,"Tony Sanchez 2H Underdog: 11-6 ATS (64.7%), avg ATS margin +2.2 over 17 games. Supports New Mexico State.",2.18,high,2.18,,,,,,,,,,,,,,,,
g392,6.0,2026-10-07,New Mexico State,Florida International,coach_2h,Coach 2H support,New Mexico State,"Tony Sanchez 2H Underdog: 11-6 ATS (64.7%), avg ATS margin +2.2 over 17 games. Supports New Mexico State.",2.18,high,2.18,,,,,,,,,,,,,,,,
g570,9.0,2026-10-28,Jacksonville State,New Mexico State,coach_2h,Coach 2H support,New Mexico State,"Tony Sanchez 2H Underdog: 11-6 ATS (64.7%), avg ATS margin +2.2 over 17 games. Supports New Mexico State.",2.18,high,2.18,,,,,,,,,,,,,,,,
g662,10.0,2026-11-07,Liberty,New Mexico State,coach_2h,Coach 2H support,New Mexico State,"Tony Sanchez 2H Underdog: 11-6 ATS (64.7%), avg ATS margin +2.2 over 17 games. Supports New Mexico State.",2.18,high,2.18,,,,,,,,,,,,,,,,
g722,11.0,2026-11-14,New Mexico State,Missouri State,coach_2h,Coach 2H support,New Mexico State,"Tony Sanchez 2H Underdog: 11-6 ATS (64.7%), avg ATS margin +2.2 over 17 games. Supports New Mexico State.",2.18,high,2.18,,,,,,,,,,,,,,,,
g798,12.0,2026-11-21,Delaware,New Mexico State,coach_2h,Coach 2H support,New Mexico State,"Tony Sanchez 2H Underdog: 11-6 ATS (64.7%), avg ATS margin +2.2 over 17 games. Supports New Mexico State.",2.18,high,2.18,,,,,,,,,,,,,,,,
g862,13.0,2026-11-28,New Mexico State,Middle Tennessee,coach_2h,Coach 2H support,New Mexico State,"Tony Sanchez 2H Underdog: 11-6 ATS (64.7%), avg ATS margin +2.2 over 17 games. Supports New Mexico State.",2.18,high,2.18,,,,,,,,,,,,,,,,
g212,3.0,2026-09-19,Arizona State,Kansas,coach_2h,Coach 2H fade,Kansas,"Kenny Dillingham 2H Favorite: 6-8 ATS (42.9%), avg ATS margin -2.1 over 14 games. Supports Kansas by fading Arizona State.",2.14,medium,2.14,,,,,,,,,,,,,,,,
g339,5.0,2026-10-03,Baylor,Arizona State,coach_2h,Coach 2H fade,Baylor,"Kenny Dillingham 2H Favorite: 6-8 ATS (42.9%), avg ATS margin -2.1 over 14 games. Supports Baylor by fading Arizona State.",2.14,medium,2.14,,,,,,,,,,,,,,,,
g403,6.0,2026-10-10,Hawaii,Arizona State,coach_2h,Coach 2H fade,Hawaii,"Kenny Dillingham 2H Favorite: 6-8 ATS (42.9%), avg ATS margin -2.1 over 14 games. Supports Hawaii by fading Arizona State.",2.14,medium,2.14,,,,,,,,,,,,,,,,
g521,8.0,2026-10-24,Kansas State,Arizona State,coach_2h,Coach 2H fade,Kansas State,"Kenny Dillingham 2H Favorite: 6-8 ATS (42.9%), avg ATS margin -2.1 over 14 games. Supports Kansas State by fading Arizona State.",2.14,medium,2.14,,,,,,,,,,,,,,,,
g633,10.0,2026-11-07,Colorado,Arizona State,coach_2h,Coach 2H fade,Colorado,"Kenny Dillingham 2H Favorite: 6-8 ATS (42.9%), avg ATS margin -2.1 over 14 games. Supports Colorado by fading Arizona State.",2.14,medium,2.14,,,,,,,,,,,,,,,,
g701,11.0,2026-11-14,Arizona State,Central Florida,coach_2h,Coach 2H fade,Central Florida,"Kenny Dillingham 2H Favorite: 6-8 ATS (42.9%), avg ATS margin -2.1 over 14 games. Supports Central Florida by fading Arizona State.",2.14,medium,2.14,,,,,,,,,,,,,,,,
g766,12.0,2026-11-21,Oklahoma State,Arizona State,coach_2h,Coach 2H fade,Oklahoma State,"Kenny Dillingham 2H Favorite: 6-8 ATS (42.9%), avg ATS margin -2.1 over 14 games. Supports Oklahoma State by fading Arizona State.",2.14,medium,2.14,,,,,,,,,,,,,,,,
g214,3.0,2026-09-19,Ball State,Liberty,coach_2h,Coach 2H fade,Ball State,"Jamey Chadwell 2H Favorite: 7-11 ATS (38.9%), avg ATS margin -2.1 over 18 games. Supports Ball State by fading Liberty.",2.06,high,2.06,,,,,,,,,,,,,,,,
g261,4.0,2026-09-24,Liberty,Coastal Carolina,coach_2h,Coach 2H fade,Coastal Carolina,"Jamey Chadwell 2H Favorite: 7-11 ATS (38.9%), avg ATS margin -2.1 over 18 games. Supports Coastal Carolina by fading Liberty.",2.06,high,2.06,,,,,,,,,,,,,,,,
g334,5.0,2026-10-02,Liberty,Delaware,coach_2h,Coach 2H fade,Delaware,"Jamey Chadwell 2H Favorite: 7-11 ATS (38.9%), avg ATS margin -2.1 over 18 games. Supports Delaware by fading Liberty.",2.06,high,2.06,,,,,,,,,,,,,,,,
g395,6.0,2026-10-08,Sam Houston,Liberty,coach_2h,Coach 2H fade,Sam Houston,"Jamey Chadwell 2H Favorite: 7-11 ATS (38.9%), avg ATS margin -2.1 over 18 games. Supports Sam Houston by fading Liberty.",2.06,high,2.06,,,,,,,,,,,,,,,,
g592,9.0,2026-10-31,Florida International,Liberty,coach_2h,Coach 2H fade,Florida International,"Jamey Chadwell 2H Favorite: 7-11 ATS (38.9%), avg ATS margin -2.1 over 18 games. Supports Florida International by fading Liberty.",2.06,high,2.06,,,,,,,,,,,,,,,,
g662,10.0,2026-11-07,Liberty,New Mexico State,coach_2h,Coach 2H fade,New Mexico State,"Jamey Chadwell 2H Favorite: 7-11 ATS (38.9%), avg ATS margin -2.1 over 18 games. Supports New Mexico State by fading Liberty.",2.06,high,2.06,,,,,,,,,,,,,,,,
g715,11.0,2026-11-14,Middle Tennessee,Liberty,coach_2h,Coach 2H fade,Middle Tennessee,"Jamey Chadwell 2H Favorite: 7-11 ATS (38.9%), avg ATS margin -2.1 over 18 games. Supports Middle Tennessee by fading Liberty.",2.06,high,2.06,,,,,,,,,,,,,,,,
g786,12.0,2026-11-21,Western Kentucky,Liberty,coach_2h,Coach 2H fade,Western Kentucky,"Jamey Chadwell 2H Favorite: 7-11 ATS (38.9%), avg ATS margin -2.1 over 18 games. Supports Western Kentucky by fading Liberty.",2.06,high,2.06,,,,,,,,,,,,,,,,
g864,13.0,2026-11-28,Liberty,Missouri State,coach_2h,Coach 2H fade,Missouri State,"Jamey Chadwell 2H Favorite: 7-11 ATS (38.9%), avg ATS margin -2.1 over 18 games. Supports Missouri State by fading Liberty.",2.06,high,2.06,,,,,,,,,,,,,,,,
g55,1.0,2026-09-05,Hampton,Maryland,coach_2h,Coach 2H fade,Hampton,"Mike Locksley 2H Underdog: 5-9-1 ATS (35.7%), avg ATS margin -1.9 over 15 games. Supports Hampton by fading Maryland.",1.93,medium,1.93,,,,,,,,,,,,,,,,
g217,3.0,2026-09-19,Virginia Tech,Maryland,coach_2h,Coach 2H fade,Virginia Tech,"Mike Locksley 2H Underdog: 5-9-1 ATS (35.7%), avg ATS margin -1.9 over 15 games. Supports Virginia Tech by fading Maryland.",1.93,medium,1.93,,,,,,,,,,,,,,,,
g371,5.0,2026-10-03,Maryland,Nebraska,coach_2h,Coach 2H fade,Nebraska,"Mike Locksley 2H Underdog: 5-9-1 ATS (35.7%), avg ATS margin -1.9 over 15 games. Supports Nebraska by fading Maryland.",1.93,medium,1.93,,,,,,,,,,,,,,,,
g429,6.0,2026-10-10,Maryland,Ohio State,coach_2h,Coach 2H fade,Ohio State,"Mike Locksley 2H Underdog: 5-9-1 ATS (35.7%), avg ATS margin -1.9 over 15 games. Supports Ohio State by fading Maryland.",1.93,medium,1.93,,,,,,,,,,,,,,,,
g594,9.0,2026-10-31,Illinois,Maryland,coach_2h,Coach 2H fade,Illinois,"Mike Locksley 2H Underdog: 5-9-1 ATS (35.7%), avg ATS margin -1.9 over 15 games. Supports Illinois by fading Maryland.",1.93,medium,1.93,,,,,,,,,,,,,,,,
g718,11.0,2026-11-14,Wisconsin,Maryland,coach_2h,Coach 2H fade,Wisconsin,"Mike Locksley 2H Underdog: 5-9-1 ATS (35.7%), avg ATS margin -1.9 over 15 games. Supports Wisconsin by fading Maryland.",1.93,medium,1.93,,,,,,,,,,,,,,,,
g818,12.0,2026-11-21,Maryland,USC,coach_2h,Coach 2H fade,USC,"Mike Locksley 2H Underdog: 5-9-1 ATS (35.7%), avg ATS margin -1.9 over 15 games. Supports USC by fading Maryland.",1.93,medium,1.93,,,,,,,,,,,,,,,,
g859,13.0,2026-11-28,Penn State,Maryland,coach_2h,Coach 2H fade,Penn State,"Mike Locksley 2H Underdog: 5-9-1 ATS (35.7%), avg ATS margin -1.9 over 15 games. Supports Penn State by fading Maryland.",1.93,medium,1.93,,,,,,,,,,,,,,,,
g194,3.0,2026-09-19,Louisiana Tech,Baylor,coach_2h,Coach 2H fade,Louisiana Tech,"Dave Aranda 2H Favorite: 4-9 ATS (30.8%), avg ATS margin -1.7 over 13 games. Supports Louisiana Tech by fading Baylor.",1.73,medium,1.73,,,,,,,,,,,,,,,,
g269,4.0,2026-09-26,Colorado,Baylor,coach_2h,Coach 2H fade,Colorado,"Dave Aranda 2H Favorite: 4-9 ATS (30.8%), avg ATS margin -1.7 over 13 games. Supports Colorado by fading Baylor.",1.73,medium,1.73,,,,,,,,,,,,,,,,
g573,9.0,2026-10-30,Baylor,Central Florida,coach_2h,Coach 2H fade,Central Florida,"Dave Aranda 2H Favorite: 4-9 ATS (30.8%), avg ATS margin -1.7 over 13 games. Supports Central Florida by fading Baylor.",1.73,medium,1.73,,,,,,,,,,,,,,,,
g637,10.0,2026-11-07,Iowa State,Baylor,coach_2h,Coach 2H fade,Iowa State,"Dave Aranda 2H Favorite: 4-9 ATS (30.8%), avg ATS margin -1.7 over 13 games. Supports Iowa State by fading Baylor.",1.73,medium,1.73,,,,,,,,,,,,,,,,
g24,1.0,2026-09-05,East Carolina,Alabama,coach_2h,Coach 2H fade,East Carolina,"Kalen DeBoer 2H Favorite: 9-16 ATS (36.0%), avg ATS margin -1.7 over 25 games. Supports East Carolina by fading Alabama.",1.66,medium,1.66,,,,,,,,,,,,,,,,
g102,2.0,2026-09-11,Missouri,Kansas,coach_2h,Coach 2H support,Missouri,"Eli Drinkwitz 2H Favorite: 14-5 ATS (73.7%), avg ATS margin +1.7 over 19 games. Supports Missouri.",1.66,medium,1.66,,,,,,,,,,,,,,,,
g136,2.0,2026-09-12,Alabama,Kentucky,coach_2h,Coach 2H fade,Kentucky,"Kalen DeBoer 2H Favorite: 9-16 ATS (36.0%), avg ATS margin -1.7 over 25 games. Supports Kentucky by fading Alabama.",1.66,medium,1.66,,,,,,,,,,,,,,,,
g189,3.0,2026-09-19,Florida State,Alabama,coach_2h,Coach 2H fade,Florida State,"Kalen DeBoer 2H Favorite: 9-16 ATS (36.0%), avg ATS margin -1.7 over 25 games. Supports Florida State by fading Alabama.",1.66,medium,1.66,,,,,,,,,,,,,,,,
g223,3.0,2026-09-19,Troy,Missouri,coach_2h,Coach 2H support,Missouri,"Eli Drinkwitz 2H Favorite: 14-5 ATS (73.7%), avg ATS margin +1.7 over 19 games. Supports Missouri.",1.66,medium,1.66,,,,,,,,,,,,,,,,
g265,4.0,2026-09-26,South Carolina,Alabama,coach_2h,Coach 2H fade,South Carolina,"Kalen DeBoer 2H Favorite: 9-16 ATS (36.0%), avg ATS margin -1.7 over 25 games. Supports South Carolina by fading Alabama.",1.66,medium,1.66,,,,,,,,,,,,,,,,
g299,4.0,2026-09-26,Missouri,Mississippi State,coach_2h,Coach 2H support,Missouri,"Eli Drinkwitz 2H Favorite: 14-5 ATS (73.7%), avg ATS margin +1.7 over 19 games. Supports Missouri.",1.66,medium,1.66,,,,,,,,,,,,,,,,
g368,5.0,2026-10-03,Alabama,Mississippi State,coach_2h,Coach 2H fade,Mississippi State,"Kalen DeBoer 2H Favorite: 9-16 ATS (36.0%), avg ATS margin -1.7 over 25 games. Supports Mississippi State by fading Alabama.",1.66,medium,1.66,,,,,,,,,,,,,,,,
g369,5.0,2026-10-03,Florida,Missouri,coach_2h,Coach 2H support,Missouri,"Eli Drinkwitz 2H Favorite: 14-5 ATS (73.7%), avg ATS margin +1.7 over 19 games. Supports Missouri.",1.66,medium,1.66,,,,,,,,,,,,,,,,
g498,7.0,2026-10-17,Alabama,Tennessee,coach_2h,Coach 2H fade,Tennessee,"Kalen DeBoer 2H Favorite: 9-16 ATS (36.0%), avg ATS margin -1.7 over 25 games. Supports Tennessee by fading Alabama.",1.66,medium,1.66,,,,,,,,,,,,,,,,
g519,8.0,2026-10-24,Texas A&M,Alabama,coach_2h,Coach 2H fade,Texas A&M,"Kalen DeBoer 2H Favorite: 9-16 ATS (36.0%), avg ATS margin -1.7 over 25 games. Supports Texas A&M by fading Alabama.",1.66,medium,1.66,,,,,,,,,,,,,,,,
g577,9.0,2026-10-31,Missouri,Arkansas,coach_2h,Coach 2H support,Missouri,"Eli Drinkwitz 2H Favorite: 14-5 ATS (73.7%), avg ATS margin +1.7 over 19 games. Supports Missouri.",1.66,medium,1.66,,,,,,,,,,,,,,,,
g747,11.0,2026-11-14,Alabama,Vanderbilt,coach_2h,Coach 2H fade,Vanderbilt,"Kalen DeBoer 2H Favorite: 9-16 ATS (36.0%), avg ATS margin -1.7 over 25 games. Supports Vanderbilt by fading Alabama.",1.66,medium,1.66,,,,,,,,,,,,,,,,
g794,12.0,2026-11-21,Kentucky,Missouri,coach_2h,Coach 2H support,Missouri,"Eli Drinkwitz 2H Favorite: 14-5 ATS (73.7%), avg ATS margin +1.7 over 19 games. Supports Missouri.",1.66,medium,1.66,,,,,,,,,,,,,,,,
g834,13.0,2026-11-28,Auburn,Alabama,coach_2h,Coach 2H fade,Auburn,"Kalen DeBoer 2H Favorite: 9-16 ATS (36.0%), avg ATS margin -1.7 over 25 games. Supports Auburn by fading Alabama.",1.66,medium,1.66,,,,,,,,,,,,,,,,
g69,1.0,2026-09-05,UTEP,Oklahoma,coach_2h,Coach 2H fade,Oklahoma,"Scotty Walden 2H Underdog: 5-9 ATS (35.7%), avg ATS margin -1.6 over 14 games. Supports Oklahoma by fading UTEP.",1.64,medium,1.64,,,,,,,,,,,,,,,,
g176,2.0,2026-09-12,Texas Southern,UTEP,coach_2h,Coach 2H fade,Texas Southern,"Scotty Walden 2H Underdog: 5-9 ATS (35.7%), avg ATS margin -1.6 over 14 games. Supports Texas Southern by fading UTEP.",1.64,medium,1.64,,,,,,,,,,,,,,,,
g220,3.0,2026-09-19,UTEP,Michigan,coach_2h,Coach 2H fade,Michigan,"Scotty Walden 2H Underdog: 5-9 ATS (35.7%), avg ATS margin -1.6 over 14 games. Supports Michigan by fading UTEP.",1.64,medium,1.64,,,,,,,,,,,,,,,,
g322,4.0,2026-09-26,Oregon State,UTEP,coach_2h,Coach 2H fade,Oregon State,"Scotty Walden 2H Underdog: 5-9 ATS (35.7%), avg ATS margin -1.6 over 14 games. Supports Oregon State by fading UTEP.",1.64,medium,1.64,,,,,,,,,,,,,,,,
g372,5.0,2026-10-03,UTEP,New Mexico,coach_2h,Coach 2H fade,New Mexico,"Scotty Walden 2H Underdog: 5-9 ATS (35.7%), avg ATS margin -1.6 over 14 games. Supports New Mexico by fading UTEP.",1.64,medium,1.64,,,,,,,,,,,,,,,,
g441,6.0,2026-10-10,Nevada,UTEP,coach_2h,Coach 2H fade,Nevada,"Scotty Walden 2H Underdog: 5-9 ATS (35.7%), avg ATS margin -1.6 over 14 games. Supports Nevada by fading UTEP.",1.64,medium,1.64,,,,,,,,,,,,,,,,
g505,7.0,2026-10-17,San Jose State,UTEP,coach_2h,Coach 2H fade,San Jose State,"Scotty Walden 2H Underdog: 5-9 ATS (35.7%), avg ATS margin -1.6 over 14 games. Supports San Jose State by fading UTEP.",1.64,medium,1.64,,,,,,,,,,,,,,,,
g600,9.0,2026-10-31,UTEP,North Dakota State,coach_2h,Coach 2H fade,North Dakota State,"Scotty Walden 2H Underdog: 5-9 ATS (35.7%), avg ATS margin -1.6 over 14 games. Supports North Dakota State by fading UTEP.",1.64,medium,1.64,,,,,,,,,,,,,,,,
g680,10.0,2026-11-07,Hawaii,UTEP,coach_2h,Coach 2H fade,Hawaii,"Scotty Walden 2H Underdog: 5-9 ATS (35.7%), avg ATS margin -1.6 over 14 games. Supports Hawaii by fading UTEP.",1.64,medium,1.64,,,,,,,,,,,,,,,,
g745,11.0,2026-11-14,Wyoming,UTEP,coach_2h,Coach 2H fade,Wyoming,"Scotty Walden 2H Underdog: 5-9 ATS (35.7%), avg ATS margin -1.6 over 14 games. Supports Wyoming by fading UTEP.",1.64,medium,1.64,,,,,,,,,,,,,,,,
g763,12.0,2026-11-21,UTEP,Air Force,coach_2h,Coach 2H fade,Air Force,"Scotty Walden 2H Underdog: 5-9 ATS (35.7%), avg ATS margin -1.6 over 14 games. Supports Air Force by fading UTEP.",1.64,medium,1.64,,,,,,,,,,,,,,,,
g868,13.0,2026-11-28,UTEP,Northern Illinois,coach_2h,Coach 2H fade,Northern Illinois,"Scotty Walden 2H Underdog: 5-9 ATS (35.7%), avg ATS margin -1.6 over 14 games. Supports Northern Illinois by fading UTEP.",1.64,medium,1.64,,,,,,,,,,,,,,,,
g97,1.0,2026-09-06,Wisconsin,Notre Dame,coach_2h,Coach 2H support,Notre Dame,"Marcus Freeman 2H Favorite: 14-11 ATS (56.0%), avg ATS margin +1.6 over 25 games. Supports Notre Dame.",1.58,medium,1.58,,,,,,,,,,,,,,,,
g153,2.0,2026-09-12,Rice,Notre Dame,coach_2h,Coach 2H support,Notre Dame,"Marcus Freeman 2H Favorite: 14-11 ATS (56.0%), avg ATS margin +1.6 over 25 games. Supports Notre Dame.",1.58,medium,1.58,,,,,,,,,,,,,,,,
g227,3.0,2026-09-19,Michigan State,Notre Dame,coach_2h,Coach 2H support,Notre Dame,"Marcus Freeman 2H Favorite: 14-11 ATS (56.0%), avg ATS margin +1.6 over 25 games. Supports Notre Dame.",1.58,medium,1.58,,,,,,,,,,,,,,,,
g309,4.0,2026-09-26,Notre Dame,Purdue,coach_2h,Coach 2H support,Notre Dame,"Marcus Freeman 2H Favorite: 14-11 ATS (56.0%), avg ATS margin +1.6 over 25 games. Supports Notre Dame.",1.58,medium,1.58,,,,,,,,,,,,,,,,
g373,5.0,2026-10-03,Notre Dame,North Carolina,coach_2h,Coach 2H support,Notre Dame,"Marcus Freeman 2H Favorite: 14-11 ATS (56.0%), avg ATS margin +1.6 over 25 games. Supports Notre Dame.",1.58,medium,1.58,,,,,,,,,,,,,,,,
g427,6.0,2026-10-10,Stanford,Notre Dame,coach_2h,Coach 2H support,Notre Dame,"Marcus Freeman 2H Favorite: 14-11 ATS (56.0%), avg ATS margin +1.6 over 25 games. Supports Notre Dame.",1.58,medium,1.58,,,,,,,,,,,,,,,,
g459,7.0,2026-10-17,Notre Dame,BYU,coach_2h,Coach 2H support,Notre Dame,"Marcus Freeman 2H Favorite: 14-11 ATS (56.0%), avg ATS margin +1.6 over 25 games. Supports Notre Dame.",1.58,medium,1.58,,,,,,,,,,,,,,,,
g597,9.0,2026-10-31,Notre Dame,Navy,coach_2h,Coach 2H support,Notre Dame,"Marcus Freeman 2H Favorite: 14-11 ATS (56.0%), avg ATS margin +1.6 over 25 games. Supports Notre Dame.",1.58,medium,1.58,,,,,,,,,,,,,,,,
g665,10.0,2026-11-07,Miami-FL,Notre Dame,coach_2h,Coach 2H support,Notre Dame,"Marcus Freeman 2H Favorite: 14-11 ATS (56.0%), avg ATS margin +1.6 over 25 games. Supports Notre Dame.",1.58,medium,1.58,,,,,,,,,,,,,,,,
g727,11.0,2026-11-14,Boston College,Notre Dame,coach_2h,Coach 2H support,Notre Dame,"Marcus Freeman 2H Favorite: 14-11 ATS (56.0%), avg ATS margin +1.6 over 25 games. Supports Notre Dame.",1.58,medium,1.58,,,,,,,,,,,,,,,,
g800,12.0,2026-11-21,SMU,Notre Dame,coach_2h,Coach 2H support,Notre Dame,"Marcus Freeman 2H Favorite: 14-11 ATS (56.0%), avg ATS margin +1.6 over 25 games. Supports Notre Dame.",1.58,medium,1.58,,,,,,,,,,,,,,,,
g879,13.0,2026-11-28,Notre Dame,Syracuse,coach_2h,Coach 2H support,Notre Dame,"Marcus Freeman 2H Favorite: 14-11 ATS (56.0%), avg ATS margin +1.6 over 25 games. Supports Notre Dame.",1.58,medium,1.58,,,,,,,,,,,,,,,,
g296,4.0,2026-09-26,Connecticut,Miami-OH,coach_2h,Coach 2H support,Miami-OH,"Chuck Martin 2H Favorite: 8-4 ATS (66.7%), avg ATS margin +1.5 over 12 games. Supports Miami-OH.",1.54,medium,1.54,,,,,,,,,,,,,,,,
g366,5.0,2026-10-03,Bowling Green,Miami-OH,coach_2h,Coach 2H support,Miami-OH,"Chuck Martin 2H Favorite: 8-4 ATS (66.7%), avg ATS margin +1.5 over 12 games. Supports Miami-OH.",1.54,medium,1.54,,,,,,,,,,,,,,,,
g417,6.0,2026-10-10,Miami-OH,Massachusetts,coach_2h,Coach 2H support,Miami-OH,"Chuck Martin 2H Favorite: 8-4 ATS (66.7%), avg ATS margin +1.5 over 12 games. Supports Miami-OH.",1.54,medium,1.54,,,,,,,,,,,,,,,,
g480,7.0,2026-10-17,Akron,Miami-OH,coach_2h,Coach 2H support,Miami-OH,"Chuck Martin 2H Favorite: 8-4 ATS (66.7%), avg ATS margin +1.5 over 12 games. Supports Miami-OH.",1.54,medium,1.54,,,,,,,,,,,,,,,,
g527,8.0,2026-10-24,Miami-OH,Central Michigan,coach_2h,Coach 2H support,Miami-OH,"Chuck Martin 2H Favorite: 8-4 ATS (66.7%), avg ATS margin +1.5 over 12 games. Supports Miami-OH.",1.54,medium,1.54,,,,,,,,,,,,,,,,
g624,10.0,2026-11-03,Buffalo,Miami-OH,coach_2h,Coach 2H support,Miami-OH,"Chuck Martin 2H Favorite: 8-4 ATS (66.7%), avg ATS margin +1.5 over 12 games. Supports Miami-OH.",1.54,medium,1.54,,,,,,,,,,,,,,,,
g688,11.0,2026-11-10,Ohio,Miami-OH,coach_2h,Coach 2H support,Miami-OH,"Chuck Martin 2H Favorite: 8-4 ATS (66.7%), avg ATS margin +1.5 over 12 games. Supports Miami-OH.",1.54,medium,1.54,,,,,,,,,,,,,,,,
g753,12.0,2026-11-17,Miami-OH,Kent State,coach_2h,Coach 2H support,Miami-OH,"Chuck Martin 2H Favorite: 8-4 ATS (66.7%), avg ATS margin +1.5 over 12 games. Supports Miami-OH.",1.54,medium,1.54,,,,,,,,,,,,,,,,
g59,1.0,2026-09-05,Murray State,Middle Tennessee,coach_2h,Coach 2H support,Middle Tennessee,"Derek Mason 2H Underdog: 12-7 ATS (63.2%), avg ATS margin +1.5 over 19 games. Supports Middle Tennessee.",1.53,medium,1.53,,,,,,,,,,,,,,,,
g139,2.0,2026-09-12,Middle Tennessee,Marshall,coach_2h,Coach 2H support,Middle Tennessee,"Derek Mason 2H Underdog: 12-7 ATS (63.2%), avg ATS margin +1.5 over 19 games. Supports Middle Tennessee.",1.53,medium,1.53,,,,,,,,,,,,,,,,
g221,3.0,2026-09-19,Nevada,Middle Tennessee,coach_2h,Coach 2H support,Middle Tennessee,"Derek Mason 2H Underdog: 12-7 ATS (63.2%), avg ATS margin +1.5 over 19 games. Supports Middle Tennessee.",1.53,medium,1.53,,,,,,,,,,,,,,,,
g288,4.0,2026-09-26,Middle Tennessee,Jacksonville State,coach_2h,Coach 2H support,Middle Tennessee,"Derek Mason 2H Underdog: 12-7 ATS (63.2%), avg ATS margin +1.5 over 19 games. Supports Middle Tennessee.",1.53,medium,1.53,,,,,,,,,,,,,,,,
g360,5.0,2026-10-03,Middle Tennessee,Kansas,coach_2h,Coach 2H support,Middle Tennessee,"Derek Mason 2H Underdog: 12-7 ATS (63.2%), avg ATS margin +1.5 over 19 games. Supports Middle Tennessee.",1.53,medium,1.53,,,,,,,,,,,,,,,,
g450,7.0,2026-10-13,Delaware,Middle Tennessee,coach_2h,Coach 2H support,Middle Tennessee,"Derek Mason 2H Underdog: 12-7 ATS (63.2%), avg ATS margin +1.5 over 19 games. Supports Middle Tennessee.",1.53,medium,1.53,,,,,,,,,,,,,,,,
g512,8.0,2026-10-20,Middle Tennessee,Florida International,coach_2h,Coach 2H support,Middle Tennessee,"Derek Mason 2H Underdog: 12-7 ATS (63.2%), avg ATS margin +1.5 over 19 games. Supports Middle Tennessee.",1.53,medium,1.53,,,,,,,,,,,,,,,,
g569,9.0,2026-10-28,Kennesaw State,Middle Tennessee,coach_2h,Coach 2H support,Middle Tennessee,"Derek Mason 2H Underdog: 12-7 ATS (63.2%), avg ATS margin +1.5 over 19 games. Supports Middle Tennessee.",1.53,medium,1.53,,,,,,,,,,,,,,,,
g655,10.0,2026-11-07,Western Kentucky,Middle Tennessee,coach_2h,Coach 2H support,Middle Tennessee,"Derek Mason 2H Underdog: 12-7 ATS (63.2%), avg ATS margin +1.5 over 19 games. Supports Middle Tennessee.",1.53,medium,1.53,,,,,,,,,,,,,,,,
g715,11.0,2026-11-14,Middle Tennessee,Liberty,coach_2h,Coach 2H support,Middle Tennessee,"Derek Mason 2H Underdog: 12-7 ATS (63.2%), avg ATS margin +1.5 over 19 games. Supports Middle Tennessee.",1.53,medium,1.53,,,,,,,,,,,,,,,,
g44,1.0,2026-09-05,UAB,Illinois,coach_2h,Coach 2H support,Illinois,"Bret Bielema 2H Favorite: 9-5 ATS (64.3%), avg ATS margin +1.5 over 14 games. Supports Illinois.",1.5,medium,1.5,,,,,,,,,,,,,,,,
g129,2.0,2026-09-12,Duke,Illinois,coach_2h,Coach 2H support,Illinois,"Bret Bielema 2H Favorite: 9-5 ATS (64.3%), avg ATS margin +1.5 over 14 games. Supports Illinois.",1.5,medium,1.5,,,,,,,,,,,,,,,,
g356,5.0,2026-10-03,Purdue,Illinois,coach_2h,Coach 2H support,Illinois,"Bret Bielema 2H Favorite: 9-5 ATS (64.3%), avg ATS margin +1.5 over 14 games. Supports Illinois.",1.5,medium,1.5,,,,,,,,,,,,,,,,
g419,6.0,2026-10-10,Illinois,Michigan State,coach_2h,Coach 2H support,Illinois,"Bret Bielema 2H Favorite: 9-5 ATS (64.3%), avg ATS margin +1.5 over 14 games. Supports Illinois.",1.5,medium,1.5,,,,,,,,,,,,,,,,
g594,9.0,2026-10-31,Illinois,Maryland,coach_2h,Coach 2H support,Illinois,"Bret Bielema 2H Favorite: 9-5 ATS (64.3%), avg ATS margin +1.5 over 14 games. Supports Illinois.",1.5,medium,1.5,,,,,,,,,,,,,,,,
g647,10.0,2026-11-07,Nebraska,Illinois,coach_2h,Coach 2H support,Illinois,"Bret Bielema 2H Favorite: 9-5 ATS (64.3%), avg ATS margin +1.5 over 14 games. Supports Illinois.",1.5,medium,1.5,,,,,,,,,,,,,,,,
g744,11.0,2026-11-14,Illinois,UCLA,coach_2h,Coach 2H support,Illinois,"Bret Bielema 2H Favorite: 9-5 ATS (64.3%), avg ATS margin +1.5 over 14 games. Supports Illinois.",1.5,medium,1.5,,,,,,,,,,,,,,,,
g869,13.0,2026-11-28,Illinois,Northwestern,coach_2h,Coach 2H support,Illinois,"Bret Bielema 2H Favorite: 9-5 ATS (64.3%), avg ATS margin +1.5 over 14 games. Supports Illinois.",1.5,medium,1.5,,,,,,,,,,,,,,,,
g45,1.0,2026-09-05,North Texas,Indiana,coach_ats,Coach ATS support,Indiana,"Curt Cignetti Full Game Favorite: 29-13 ATS (69.0%), avg ATS margin +10.2 over 42 games. Supports Indiana.",10.21,high,10.21,,,,,,,,,,,,,,,,
g208,3.0,2026-09-19,Western Kentucky,Indiana,coach_ats,Coach ATS support,Indiana,"Curt Cignetti Full Game Favorite: 29-13 ATS (69.0%), avg ATS margin +10.2 over 42 games. Supports Indiana.",10.21,high,10.21,,,,,,,,,,,,,,,,
g286,4.0,2026-09-26,Northwestern,Indiana,coach_ats,Coach ATS support,Indiana,"Curt Cignetti Full Game Favorite: 29-13 ATS (69.0%), avg ATS margin +10.2 over 42 games. Supports Indiana.",10.21,high,10.21,,,,,,,,,,,,,,,,
g376,5.0,2026-10-03,Indiana,Rutgers,coach_ats,Coach ATS support,Indiana,"Curt Cignetti Full Game Favorite: 29-13 ATS (69.0%), avg ATS margin +10.2 over 42 games. Supports Indiana.",10.21,high,10.21,,,,,,,,,,,,,,,,
g423,6.0,2026-10-10,Indiana,Nebraska,coach_ats,Coach ATS support,Indiana,"Curt Cignetti Full Game Favorite: 29-13 ATS (69.0%), avg ATS margin +10.2 over 42 games. Supports Indiana.",10.21,high,10.21,,,,,,,,,,,,,,,,
g540,8.0,2026-10-24,Indiana,Michigan,coach_ats,Coach ATS support,Indiana,"Curt Cignetti Full Game Favorite: 29-13 ATS (69.0%), avg ATS margin +10.2 over 42 games. Supports Indiana.",10.21,high,10.21,,,,,,,,,,,,,,,,
g589,9.0,2026-10-31,Minnesota,Indiana,coach_ats,Coach ATS support,Indiana,"Curt Cignetti Full Game Favorite: 29-13 ATS (69.0%), avg ATS margin +10.2 over 42 games. Supports Indiana.",10.21,high,10.21,,,,,,,,,,,,,,,,
g710,11.0,2026-11-14,USC,Indiana,coach_ats,Coach ATS support,Indiana,"Curt Cignetti Full Game Favorite: 29-13 ATS (69.0%), avg ATS margin +10.2 over 42 games. Supports Indiana.",10.21,high,10.21,,,,,,,,,,,,,,,,
g820,12.0,2026-11-21,Indiana,Washington,coach_ats,Coach ATS support,Indiana,"Curt Cignetti Full Game Favorite: 29-13 ATS (69.0%), avg ATS margin +10.2 over 42 games. Supports Indiana.",10.21,high,10.21,,,,,,,,,,,,,,,,
g855,13.0,2026-11-28,Purdue,Indiana,coach_ats,Coach ATS support,Indiana,"Curt Cignetti Full Game Favorite: 29-13 ATS (69.0%), avg ATS margin +10.2 over 42 games. Supports Indiana.",10.21,high,10.21,,,,,,,,,,,,,,,,
g126,2.0,2026-09-12,Tennessee,Georgia Tech,coach_ats,Coach ATS support,Georgia Tech,"Brent Key Full Game Underdog: 18-8 ATS (69.2%), avg ATS margin +7.6 over 26 games. Supports Georgia Tech.",7.63,high,7.63,,,,,,,,,,,,,,,,
g206,3.0,2026-09-19,Mercer,Georgia Tech,coach_ats,Coach ATS support,Georgia Tech,"Brent Key Full Game Underdog: 18-8 ATS (69.2%), avg ATS margin +7.6 over 26 games. Supports Georgia Tech.",7.63,high,7.63,,,,,,,,,,,,,,,,
g508,7.0,2026-10-17,Georgia Tech,Virginia Tech,coach_ats,Coach ATS support,Georgia Tech,"Brent Key Full Game Underdog: 18-8 ATS (69.2%), avg ATS margin +7.6 over 26 games. Supports Georgia Tech.",7.63,high,7.63,,,,,,,,,,,,,,,,
g606,9.0,2026-10-31,Georgia Tech,Pittsburgh,coach_ats,Coach ATS support,Georgia Tech,"Brent Key Full Game Underdog: 18-8 ATS (69.2%), avg ATS margin +7.6 over 26 games. Supports Georgia Tech.",7.63,high,7.63,,,,,,,,,,,,,,,,
g645,10.0,2026-11-07,Louisville,Georgia Tech,coach_ats,Coach ATS support,Georgia Tech,"Brent Key Full Game Underdog: 18-8 ATS (69.2%), avg ATS margin +7.6 over 26 games. Supports Georgia Tech.",7.63,high,7.63,,,,,,,,,,,,,,,,
g703,11.0,2026-11-14,Georgia Tech,Clemson,coach_ats,Coach ATS support,Georgia Tech,"Brent Key Full Game Underdog: 18-8 ATS (69.2%), avg ATS margin +7.6 over 26 games. Supports Georgia Tech.",7.63,high,7.63,,,,,,,,,,,,,,,,
g850,13.0,2026-11-28,Georgia Tech,Georgia,coach_ats,Coach ATS support,Georgia Tech,"Brent Key Full Game Underdog: 18-8 ATS (69.2%), avg ATS margin +7.6 over 26 games. Supports Georgia Tech.",7.63,high,7.63,,,,,,,,,,,,,,,,
g98,1.0,2026-09-06,Louisville,Ole Miss,coach_ats,Coach ATS support,Louisville,"Jeff Brohm Full Game Underdog: 29-21-1 ATS (58.0%), avg ATS margin +6.2 over 51 games. Supports Louisville.",6.25,high,6.25,,,,,,,,,,,,,,,,
g103,2.0,2026-09-11,Villanova,Louisville,coach_ats,Coach ATS support,Louisville,"Jeff Brohm Full Game Underdog: 29-21-1 ATS (58.0%), avg ATS margin +6.2 over 51 games. Supports Louisville.",6.25,high,6.25,,,,,,,,,,,,,,,,
g55,1.0,2026-09-05,Hampton,Maryland,coach_ats,Coach ATS fade,Hampton,"Mike Locksley Full Game Underdog: 15-25-1 ATS (37.5%), avg ATS margin -6.2 over 41 games. Supports Hampton by fading Maryland.",6.24,high,6.24,,,,,,,,,,,,,,,,
g217,3.0,2026-09-19,Virginia Tech,Maryland,coach_ats,Coach ATS fade,Virginia Tech,"Mike Locksley Full Game Underdog: 15-25-1 ATS (37.5%), avg ATS margin -6.2 over 41 games. Supports Virginia Tech by fading Maryland.",6.24,high,6.24,,,,,,,,,,,,,,,,
g371,5.0,2026-10-03,Maryland,Nebraska,coach_ats,Coach ATS fade,Nebraska,"Mike Locksley Full Game Underdog: 15-25-1 ATS (37.5%), avg ATS margin -6.2 over 41 games. Supports Nebraska by fading Maryland.",6.24,high,6.24,,,,,,,,,,,,,,,,
g429,6.0,2026-10-10,Maryland,Ohio State,coach_ats,Coach ATS fade,Ohio State,"Mike Locksley Full Game Underdog: 15-25-1 ATS (37.5%), avg ATS margin -6.2 over 41 games. Supports Ohio State by fading Maryland.",6.24,high,6.24,,,,,,,,,,,,,,,,
g594,9.0,2026-10-31,Illinois,Maryland,coach_ats,Coach ATS fade,Illinois,"Mike Locksley Full Game Underdog: 15-25-1 ATS (37.5%), avg ATS margin -6.2 over 41 games. Supports Illinois by fading Maryland.",6.24,high,6.24,,,,,,,,,,,,,,,,
g718,11.0,2026-11-14,Wisconsin,Maryland,coach_ats,Coach ATS fade,Wisconsin,"Mike Locksley Full Game Underdog: 15-25-1 ATS (37.5%), avg ATS margin -6.2 over 41 games. Supports Wisconsin by fading Maryland.",6.24,high,6.24,,,,,,,,,,,,,,,,
g818,12.0,2026-11-21,Maryland,USC,coach_ats,Coach ATS fade,USC,"Mike Locksley Full Game Underdog: 15-25-1 ATS (37.5%), avg ATS margin -6.2 over 41 games. Supports USC by fading Maryland.",6.24,high,6.24,,,,,,,,,,,,,,,,
g859,13.0,2026-11-28,Penn State,Maryland,coach_ats,Coach ATS fade,Penn State,"Mike Locksley Full Game Underdog: 15-25-1 ATS (37.5%), avg ATS margin -6.2 over 41 games. Supports Penn State by fading Maryland.",6.24,high,6.24,,,,,,,,,,,,,,,,
g97,1.0,2026-09-06,Wisconsin,Notre Dame,coach_ats,Coach ATS support,Notre Dame,"Marcus Freeman Full Game Favorite: 33-18 ATS (64.7%), avg ATS margin +5.8 over 51 games. Supports Notre Dame.",5.84,high,5.84,,,,,,,,,,,,,,,,
g153,2.0,2026-09-12,Rice,Notre Dame,coach_ats,Coach ATS support,Notre Dame,"Marcus Freeman Full Game Favorite: 33-18 ATS (64.7%), avg ATS margin +5.8 over 51 games. Supports Notre Dame.",5.84,high,5.84,,,,,,,,,,,,,,,,
g227,3.0,2026-09-19,Michigan State,Notre Dame,coach_ats,Coach ATS support,Notre Dame,"Marcus Freeman Full Game Favorite: 33-18 ATS (64.7%), avg ATS margin +5.8 over 51 games. Supports Notre Dame.",5.84,high,5.84,,,,,,,,,,,,,,,,
g309,4.0,2026-09-26,Notre Dame,Purdue,coach_ats,Coach ATS support,Notre Dame,"Marcus Freeman Full Game Favorite: 33-18 ATS (64.7%), avg ATS margin +5.8 over 51 games. Supports Notre Dame.",5.84,high,5.84,,,,,,,,,,,,,,,,
g373,5.0,2026-10-03,Notre Dame,North Carolina,coach_ats,Coach ATS support,Notre Dame,"Marcus Freeman Full Game Favorite: 33-18 ATS (64.7%), avg ATS margin +5.8 over 51 games. Supports Notre Dame.",5.84,high,5.84,,,,,,,,,,,,,,,,
g427,6.0,2026-10-10,Stanford,Notre Dame,coach_ats,Coach ATS support,Notre Dame,"Marcus Freeman Full Game Favorite: 33-18 ATS (64.7%), avg ATS margin +5.8 over 51 games. Supports Notre Dame.",5.84,high,5.84,,,,,,,,,,,,,,,,
g459,7.0,2026-10-17,Notre Dame,BYU,coach_ats,Coach ATS support,Notre Dame,"Marcus Freeman Full Game Favorite: 33-18 ATS (64.7%), avg ATS margin +5.8 over 51 games. Supports Notre Dame.",5.84,high,5.84,,,,,,,,,,,,,,,,
g597,9.0,2026-10-31,Notre Dame,Navy,coach_ats,Coach ATS support,Notre Dame,"Marcus Freeman Full Game Favorite: 33-18 ATS (64.7%), avg ATS margin +5.8 over 51 games. Supports Notre Dame.",5.84,high,5.84,,,,,,,,,,,,,,,,
g665,10.0,2026-11-07,Miami-FL,Notre Dame,coach_ats,Coach ATS support,Notre Dame,"Marcus Freeman Full Game Favorite: 33-18 ATS (64.7%), avg ATS margin +5.8 over 51 games. Supports Notre Dame.",5.84,high,5.84,,,,,,,,,,,,,,,,
g727,11.0,2026-11-14,Boston College,Notre Dame,coach_ats,Coach ATS support,Notre Dame,"Marcus Freeman Full Game Favorite: 33-18 ATS (64.7%), avg ATS margin +5.8 over 51 games. Supports Notre Dame.",5.84,high,5.84,,,,,,,,,,,,,,,,
g800,12.0,2026-11-21,SMU,Notre Dame,coach_ats,Coach ATS support,Notre Dame,"Marcus Freeman Full Game Favorite: 33-18 ATS (64.7%), avg ATS margin +5.8 over 51 games. Supports Notre Dame.",5.84,high,5.84,,,,,,,,,,,,,,,,
g879,13.0,2026-11-28,Notre Dame,Syracuse,coach_ats,Coach ATS support,Notre Dame,"Marcus Freeman Full Game Favorite: 33-18 ATS (64.7%), avg ATS margin +5.8 over 51 games. Supports Notre Dame.",5.84,high,5.84,,,,,,,,,,,,,,,,
g71,1.0,2026-09-05,Boise State,Oregon,coach_ats,Coach ATS support,Oregon,"Dan Lanning Full Game Favorite: 30-14 ATS (68.2%), avg ATS margin +5.4 over 44 games. Supports Oregon.",5.36,high,5.36,,,,,,,,,,,,,,,,
g155,2.0,2026-09-12,Oregon,Oklahoma State,coach_ats,Coach ATS support,Oregon,"Dan Lanning Full Game Favorite: 30-14 ATS (68.2%), avg ATS margin +5.4 over 44 games. Supports Oregon.",5.36,high,5.36,,,,,,,,,,,,,,,,
g321,4.0,2026-09-26,Oregon,USC,coach_ats,Coach ATS support,Oregon,"Dan Lanning Full Game Favorite: 30-14 ATS (68.2%), avg ATS margin +5.4 over 44 games. Supports Oregon.",5.36,high,5.36,,,,,,,,,,,,,,,,
g432,6.0,2026-10-10,UCLA,Oregon,coach_ats,Coach ATS support,Oregon,"Dan Lanning Full Game Favorite: 30-14 ATS (68.2%), avg ATS margin +5.4 over 44 games. Supports Oregon.",5.36,high,5.36,,,,,,,,,,,,,,,,
g486,7.0,2026-10-17,Nebraska,Oregon,coach_ats,Coach ATS support,Oregon,"Dan Lanning Full Game Favorite: 30-14 ATS (68.2%), avg ATS margin +5.4 over 44 games. Supports Oregon.",5.36,high,5.36,,,,,,,,,,,,,,,,
g534,8.0,2026-10-24,Oregon,Illinois,coach_ats,Coach ATS support,Oregon,"Dan Lanning Full Game Favorite: 30-14 ATS (68.2%), avg ATS margin +5.4 over 44 games. Supports Oregon.",5.36,high,5.36,,,,,,,,,,,,,,,,
g604,9.0,2026-10-31,Northwestern,Oregon,coach_ats,Coach ATS support,Oregon,"Dan Lanning Full Game Favorite: 30-14 ATS (68.2%), avg ATS margin +5.4 over 44 games. Supports Oregon.",5.36,high,5.36,,,,,,,,,,,,,,,,
g731,11.0,2026-11-14,Michigan,Oregon,coach_ats,Coach ATS support,Oregon,"Dan Lanning Full Game Favorite: 30-14 ATS (68.2%), avg ATS margin +5.4 over 44 games. Supports Oregon.",5.36,high,5.36,,,,,,,,,,,,,,,,
g791,12.0,2026-11-21,Oregon,Michigan State,coach_ats,Coach ATS support,Oregon,"Dan Lanning Full Game Favorite: 30-14 ATS (68.2%), avg ATS margin +5.4 over 44 games. Supports Oregon.",5.36,high,5.36,,,,,,,,,,,,,,,,
g873,13.0,2026-11-28,Washington,Oregon,coach_ats,Coach ATS support,Oregon,"Dan Lanning Full Game Favorite: 30-14 ATS (68.2%), avg ATS margin +5.4 over 44 games. Supports Oregon.",5.36,high,5.36,,,,,,,,,,,,,,,,
g240,3.0,2026-09-19,James Madison,San Diego State,coach_ats,Coach ATS support,San Diego State,"Sean Lewis Full Game Favorite: 21-12 ATS (63.6%), avg ATS margin +5.2 over 33 games. Supports San Diego State.",5.18,high,5.18,,,,,,,,,,,,,,,,
g318,4.0,2026-09-26,San Diego State,Toledo,coach_ats,Coach ATS support,San Diego State,"Sean Lewis Full Game Favorite: 21-12 ATS (63.6%), avg ATS margin +5.2 over 33 games. Supports San Diego State.",5.18,high,5.18,,,,,,,,,,,,,,,,
g378,5.0,2026-10-03,Texas State,San Diego State,coach_ats,Coach ATS support,San Diego State,"Sean Lewis Full Game Favorite: 21-12 ATS (63.6%), avg ATS margin +5.2 over 33 games. Supports San Diego State.",5.18,high,5.18,,,,,,,,,,,,,,,,
g433,6.0,2026-10-10,San Diego State,Oregon State,coach_ats,Coach ATS support,San Diego State,"Sean Lewis Full Game Favorite: 21-12 ATS (63.6%), avg ATS margin +5.2 over 33 games. Supports San Diego State.",5.18,high,5.18,,,,,,,,,,,,,,,,
g492,7.0,2026-10-17,Fresno State,San Diego State,coach_ats,Coach ATS support,San Diego State,"Sean Lewis Full Game Favorite: 21-12 ATS (63.6%), avg ATS margin +5.2 over 33 games. Supports San Diego State.",5.18,high,5.18,,,,,,,,,,,,,,,,
g530,8.0,2026-10-24,San Diego State,Colorado State,coach_ats,Coach ATS support,San Diego State,"Sean Lewis Full Game Favorite: 21-12 ATS (63.6%), avg ATS margin +5.2 over 33 games. Supports San Diego State.",5.18,high,5.18,,,,,,,,,,,,,,,,
g608,9.0,2026-10-31,Washington State,San Diego State,coach_ats,Coach ATS support,San Diego State,"Sean Lewis Full Game Favorite: 21-12 ATS (63.6%), avg ATS margin +5.2 over 33 games. Supports San Diego State.",5.18,high,5.18,,,,,,,,,,,,,,,,
g737,11.0,2026-11-14,Utah State,San Diego State,coach_ats,Coach ATS support,San Diego State,"Sean Lewis Full Game Favorite: 21-12 ATS (63.6%), avg ATS margin +5.2 over 33 games. Supports San Diego State.",5.18,high,5.18,,,,,,,,,,,,,,,,
g38,1.0,2026-09-05,Tulane,Duke,coach_ats,Coach ATS fade,Duke,"Will Hall Full Game Underdog: 13-23 ATS (36.1%), avg ATS margin -5.1 over 36 games. Supports Duke by fading Tulane.",5.14,high,5.14,,,,,,,,,,,,,,,,
g213,3.0,2026-09-19,Tulane,Kansas State,coach_ats,Coach ATS fade,Kansas State,"Will Hall Full Game Underdog: 13-23 ATS (36.1%), avg ATS margin -5.1 over 36 games. Supports Kansas State by fading Tulane.",5.14,high,5.14,,,,,,,,,,,,,,,,
g877,13.0,2026-11-28,Tulane,South Florida,coach_ats,Coach ATS fade,South Florida,"Will Hall Full Game Underdog: 13-23 ATS (36.1%), avg ATS margin -5.1 over 36 games. Supports South Florida by fading Tulane.",5.14,high,5.14,,,,,,,,,,,,,,,,
g70,1.0,2026-09-05,Norfolk State,Old Dominion,coach_ats,Coach ATS support,Old Dominion,"Ricky Rahne Full Game Underdog: 25-15 ATS (62.5%), avg ATS margin +4.9 over 40 games. Supports Old Dominion.",4.88,high,4.88,,,,,,,,,,,,,,,,
g180,2.0,2026-09-12,Old Dominion,Virginia Tech,coach_ats,Coach ATS support,Old Dominion,"Ricky Rahne Full Game Underdog: 25-15 ATS (62.5%), avg ATS margin +4.9 over 40 games. Supports Old Dominion.",4.88,high,4.88,,,,,,,,,,,,,,,,
g306,4.0,2026-09-26,James Madison,Old Dominion,coach_ats,Coach ATS support,Old Dominion,"Ricky Rahne Full Game Underdog: 25-15 ATS (62.5%), avg ATS margin +4.9 over 40 games. Supports Old Dominion.",4.88,high,4.88,,,,,,,,,,,,,,,,
g132,2.0,2026-09-12,Wagner,James Madison,coach_ats,Coach ATS support,James Madison,"Billy Napier Full Game Underdog: 30-16 ATS (65.2%), avg ATS margin +4.9 over 46 games. Supports James Madison.",4.86,high,4.86,,,,,,,,,,,,,,,,
g240,3.0,2026-09-19,James Madison,San Diego State,coach_ats,Coach ATS support,James Madison,"Billy Napier Full Game Underdog: 30-16 ATS (65.2%), avg ATS margin +4.9 over 46 games. Supports James Madison.",4.86,high,4.86,,,,,,,,,,,,,,,,
g540,8.0,2026-10-24,Indiana,Michigan,coach_ats,Coach ATS support,Michigan,"Kyle Whittingham Full Game Underdog: 24-17-1 ATS (58.5%), avg ATS margin +4.2 over 42 games. Supports Michigan.",4.23,high,4.23,,,,,,,,,,,,,,,,
g731,11.0,2026-11-14,Michigan,Oregon,coach_ats,Coach ATS support,Michigan,"Kyle Whittingham Full Game Underdog: 24-17-1 ATS (58.5%), avg ATS margin +4.2 over 42 games. Supports Michigan.",4.23,high,4.23,,,,,,,,,,,,,,,,
g870,13.0,2026-11-28,Michigan,Ohio State,coach_ats,Coach ATS support,Michigan,"Kyle Whittingham Full Game Underdog: 24-17-1 ATS (58.5%), avg ATS margin +4.2 over 42 games. Supports Michigan.",4.23,high,4.23,,,,,,,,,,,,,,,,
g39,1.0,2026-09-05,Florida Atlantic,Florida,coach_ats,Coach ATS support,Florida,"Jon Sumrall Full Game Favorite: 24-15-1 ATS (61.5%), avg ATS margin +4.0 over 40 games. Supports Florida.",4.0,high,4.0,,,,,,,,,,,,,,,,
g409,6.0,2026-10-10,South Carolina,Florida,coach_ats,Coach ATS support,Florida,"Jon Sumrall Full Game Favorite: 24-15-1 ATS (61.5%), avg ATS margin +4.0 over 40 games. Supports Florida.",4.0,high,4.0,,,,,,,,,,,,,,,,
g713,11.0,2026-11-14,Florida,Kentucky,coach_ats,Coach ATS support,Florida,"Jon Sumrall Full Game Favorite: 24-15-1 ATS (61.5%), avg ATS margin +4.0 over 40 games. Supports Florida.",4.0,high,4.0,,,,,,,,,,,,,,,,
g776,12.0,2026-11-21,Vanderbilt,Florida,coach_ats,Coach ATS support,Florida,"Jon Sumrall Full Game Favorite: 24-15-1 ATS (61.5%), avg ATS margin +4.0 over 40 games. Supports Florida.",4.0,high,4.0,,,,,,,,,,,,,,,,
g827,13.0,2026-11-27,Florida,Florida State,coach_ats,Coach ATS support,Florida,"Jon Sumrall Full Game Favorite: 24-15-1 ATS (61.5%), avg ATS margin +4.0 over 40 games. Supports Florida.",4.0,high,4.0,,,,,,,,,,,,,,,,
g35,1.0,2026-09-05,Boston College,Cincinnati,coach_ats,Coach ATS support,Cincinnati,"Scott Satterfield Full Game Favorite: 47-35-3 ATS (57.3%), avg ATS margin +3.9 over 85 games. Supports Cincinnati.",3.85,medium,3.85,,,,,,,,,,,,,,,,
g200,3.0,2026-09-19,Miami-OH,Cincinnati,coach_ats,Coach ATS support,Cincinnati,"Scott Satterfield Full Game Favorite: 47-35-3 ATS (57.3%), avg ATS margin +3.9 over 85 games. Supports Cincinnati.",3.85,medium,3.85,,,,,,,,,,,,,,,,
g481,7.0,2026-10-17,Penn State,Michigan,coach_ats,Coach ATS support,Penn State,"Matt Campbell Full Game Underdog: 32-21-2 ATS (60.4%), avg ATS margin +3.9 over 55 games. Supports Penn State.",3.85,high,3.85,,,,,,,,,,,,,,,,
g684,10.0,2026-11-07,Penn State,Washington,coach_ats,Coach ATS support,Penn State,"Matt Campbell Full Game Underdog: 32-21-2 ATS (60.4%), avg ATS margin +3.9 over 55 games. Supports Penn State.",3.85,high,3.85,,,,,,,,,,,,,,,,
g773,12.0,2026-11-21,Colorado,Cincinnati,coach_ats,Coach ATS support,Cincinnati,"Scott Satterfield Full Game Favorite: 47-35-3 ATS (57.3%), avg ATS margin +3.9 over 85 games. Supports Cincinnati.",3.85,medium,3.85,,,,,,,,,,,,,,,,
g157,2.0,2026-09-12,Texas Tech,Oregon State,coach_ats,Coach ATS support,Texas Tech,"Joey McGuire Full Game Favorite: 20-11-1 ATS (64.5%), avg ATS margin +3.7 over 32 games. Supports Texas Tech.",3.7,high,3.7,,,,,,,,,,,,,,,,
g187,3.0,2026-09-18,Houston,Texas Tech,coach_ats,Coach ATS support,Texas Tech,"Joey McGuire Full Game Favorite: 20-11-1 ATS (64.5%), avg ATS margin +3.7 over 32 games. Supports Texas Tech.",3.7,high,3.7,,,,,,,,,,,,,,,,
g317,4.0,2026-09-26,Sam Houston,Texas Tech,coach_ats,Coach ATS support,Texas Tech,"Joey McGuire Full Game Favorite: 20-11-1 ATS (64.5%), avg ATS margin +3.7 over 32 games. Supports Texas Tech.",3.7,high,3.7,,,,,,,,,,,,,,,,
g347,5.0,2026-10-03,Texas Tech,Colorado,coach_ats,Coach ATS support,Texas Tech,"Joey McGuire Full Game Favorite: 20-11-1 ATS (64.5%), avg ATS margin +3.7 over 32 games. Supports Texas Tech.",3.7,high,3.7,,,,,,,,,,,,,,,,
g502,7.0,2026-10-17,Arizona State,Texas Tech,coach_ats,Coach ATS support,Texas Tech,"Joey McGuire Full Game Favorite: 20-11-1 ATS (64.5%), avg ATS margin +3.7 over 32 games. Supports Texas Tech.",3.7,high,3.7,,,,,,,,,,,,,,,,
g528,8.0,2026-10-24,Texas Tech,Cincinnati,coach_ats,Coach ATS support,Texas Tech,"Joey McGuire Full Game Favorite: 20-11-1 ATS (64.5%), avg ATS margin +3.7 over 32 games. Supports Texas Tech.",3.7,high,3.7,,,,,,,,,,,,,,,,
g615,9.0,2026-10-31,Arizona,Texas Tech,coach_ats,Coach ATS support,Texas Tech,"Joey McGuire Full Game Favorite: 20-11-1 ATS (64.5%), avg ATS margin +3.7 over 32 games. Supports Texas Tech.",3.7,high,3.7,,,,,,,,,,,,,,,,
g675,10.0,2026-11-07,West Virginia,Texas Tech,coach_ats,Coach ATS support,Texas Tech,"Joey McGuire Full Game Favorite: 20-11-1 ATS (64.5%), avg ATS margin +3.7 over 32 games. Supports Texas Tech.",3.7,high,3.7,,,,,,,,,,,,,,,,
g730,11.0,2026-11-14,Texas Tech,Oklahoma State,coach_ats,Coach ATS support,Texas Tech,"Joey McGuire Full Game Favorite: 20-11-1 ATS (64.5%), avg ATS margin +3.7 over 32 games. Supports Texas Tech.",3.7,high,3.7,,,,,,,,,,,,,,,,
g769,12.0,2026-11-21,Texas Tech,Baylor,coach_ats,Coach ATS support,Texas Tech,"Joey McGuire Full Game Favorite: 20-11-1 ATS (64.5%), avg ATS margin +3.7 over 32 games. Supports Texas Tech.",3.7,high,3.7,,,,,,,,,,,,,,,,
g825,13.0,2026-11-26,TCU,Texas Tech,coach_ats,Coach ATS support,Texas Tech,"Joey McGuire Full Game Favorite: 20-11-1 ATS (64.5%), avg ATS margin +3.7 over 32 games. Supports Texas Tech.",3.7,high,3.7,,,,,,,,,,,,,,,,
g198,3.0,2026-09-19,Georgia State,Central Florida,coach_ats,Coach ATS fade,Georgia State,"Scott Frost Full Game Favorite: 9-19 ATS (32.1%), avg ATS margin -3.6 over 28 games. Supports Georgia State by fading Central Florida.",3.59,high,3.59,,,,,,,,,,,,,,,,
g761,12.0,2026-11-20,Iowa State,Central Florida,coach_ats,Coach ATS fade,Iowa State,"Scott Frost Full Game Favorite: 9-19 ATS (32.1%), avg ATS margin -3.6 over 28 games. Supports Iowa State by fading Central Florida.",3.59,high,3.59,,,,,,,,,,,,,,,,
g85,1.0,2026-09-05,Texas State,Texas,coach_ats,Coach ATS support,Texas,"Steve Sarkisian Full Game Favorite: 40-30 ATS (57.1%), avg ATS margin +3.6 over 70 games. Supports Texas.",3.58,medium,3.58,,,,,,,,,,,,,,,,
g248,3.0,2026-09-19,UTSA,Texas,coach_ats,Coach ATS support,Texas,"Steve Sarkisian Full Game Favorite: 40-30 ATS (57.1%), avg ATS margin +3.6 over 70 games. Supports Texas.",3.58,medium,3.58,,,,,,,,,,,,,,,,
g315,4.0,2026-09-26,Texas,Tennessee,coach_ats,Coach ATS support,Texas,"Steve Sarkisian Full Game Favorite: 40-30 ATS (57.1%), avg ATS margin +3.6 over 70 games. Supports Texas.",3.58,medium,3.58,,,,,,,,,,,,,,,,
g430,6.0,2026-10-10,Texas,Oklahoma,coach_ats,Coach ATS support,Texas,"Steve Sarkisian Full Game Favorite: 40-30 ATS (57.1%), avg ATS margin +3.6 over 70 games. Supports Texas.",3.58,medium,3.58,,,,,,,,,,,,,,,,
g499,7.0,2026-10-17,Florida,Texas,coach_ats,Coach ATS support,Texas,"Steve Sarkisian Full Game Favorite: 40-30 ATS (57.1%), avg ATS margin +3.6 over 70 games. Supports Texas.",3.58,medium,3.58,,,,,,,,,,,,,,,,
g556,8.0,2026-10-24,Ole Miss,Texas,coach_ats,Coach ATS support,Texas,"Steve Sarkisian Full Game Favorite: 40-30 ATS (57.1%), avg ATS margin +3.6 over 70 games. Supports Texas.",3.58,medium,3.58,,,,,,,,,,,,,,,,
g614,9.0,2026-10-31,Mississippi State,Texas,coach_ats,Coach ATS support,Texas,"Steve Sarkisian Full Game Favorite: 40-30 ATS (57.1%), avg ATS margin +3.6 over 70 games. Supports Texas.",3.58,medium,3.58,,,,,,,,,,,,,,,,
g658,10.0,2026-11-07,Texas,Missouri,coach_ats,Coach ATS support,Texas,"Steve Sarkisian Full Game Favorite: 40-30 ATS (57.1%), avg ATS margin +3.6 over 70 games. Supports Texas.",3.58,medium,3.58,,,,,,,,,,,,,,,,
g714,11.0,2026-11-14,Texas,LSU,coach_ats,Coach ATS support,Texas,"Steve Sarkisian Full Game Favorite: 40-30 ATS (57.1%), avg ATS margin +3.6 over 70 games. Supports Texas.",3.58,medium,3.58,,,,,,,,,,,,,,,,
g812,12.0,2026-11-21,Arkansas,Texas,coach_ats,Coach ATS support,Texas,"Steve Sarkisian Full Game Favorite: 40-30 ATS (57.1%), avg ATS margin +3.6 over 70 games. Supports Texas.",3.58,medium,3.58,,,,,,,,,,,,,,,,
g832,13.0,2026-11-27,Texas,Texas A&M,coach_ats,Coach ATS support,Texas,"Steve Sarkisian Full Game Favorite: 40-30 ATS (57.1%), avg ATS margin +3.6 over 70 games. Supports Texas.",3.58,medium,3.58,,,,,,,,,,,,,,,,
g126,2.0,2026-09-12,Tennessee,Georgia Tech,coach_ats,Coach ATS support,Tennessee,"Josh Heupel Full Game Favorite: 28-18 ATS (60.9%), avg ATS margin +3.5 over 46 games. Supports Tennessee.",3.47,high,3.47,,,,,,,,,,,,,,,,
g247,3.0,2026-09-19,Kennesaw State,Tennessee,coach_ats,Coach ATS support,Tennessee,"Josh Heupel Full Game Favorite: 28-18 ATS (60.9%), avg ATS margin +3.5 over 46 games. Supports Tennessee.",3.47,high,3.47,,,,,,,,,,,,,,,,
g383,5.0,2026-10-03,Auburn,Tennessee,coach_ats,Coach ATS support,Tennessee,"Josh Heupel Full Game Favorite: 28-18 ATS (60.9%), avg ATS margin +3.5 over 46 games. Supports Tennessee.",3.47,high,3.47,,,,,,,,,,,,,,,,
g404,6.0,2026-10-10,Tennessee,Arkansas,coach_ats,Coach ATS support,Tennessee,"Josh Heupel Full Game Favorite: 28-18 ATS (60.9%), avg ATS margin +3.5 over 46 games. Supports Tennessee.",3.47,high,3.47,,,,,,,,,,,,,,,,
g552,8.0,2026-10-24,Tennessee,South Carolina,coach_ats,Coach ATS support,Tennessee,"Josh Heupel Full Game Favorite: 28-18 ATS (60.9%), avg ATS margin +3.5 over 46 games. Supports Tennessee.",3.47,high,3.47,,,,,,,,,,,,,,,,
g674,10.0,2026-11-07,Kentucky,Tennessee,coach_ats,Coach ATS support,Tennessee,"Josh Heupel Full Game Favorite: 28-18 ATS (60.9%), avg ATS margin +3.5 over 46 games. Supports Tennessee.",3.47,high,3.47,,,,,,,,,,,,,,,,
g811,12.0,2026-11-21,LSU,Tennessee,coach_ats,Coach ATS support,Tennessee,"Josh Heupel Full Game Favorite: 28-18 ATS (60.9%), avg ATS margin +3.5 over 46 games. Supports Tennessee.",3.47,high,3.47,,,,,,,,,,,,,,,,
g885,13.0,2026-11-28,Tennessee,Vanderbilt,coach_ats,Coach ATS support,Tennessee,"Josh Heupel Full Game Favorite: 28-18 ATS (60.9%), avg ATS margin +3.5 over 46 games. Supports Tennessee.",3.47,high,3.47,,,,,,,,,,,,,,,,
g242,3.0,2026-09-19,Ohio,South Alabama,coach_ats,Coach ATS fade,Ohio,"Major Applewhite Full Game Favorite: 19-26 ATS (42.2%), avg ATS margin -3.3 over 45 games. Supports Ohio by fading South Alabama.",3.26,medium,3.26,,,,,,,,,,,,,,,,
g379,5.0,2026-10-03,UL-Monroe,South Alabama,coach_ats,Coach ATS fade,UL-Monroe,"Major Applewhite Full Game Favorite: 19-26 ATS (42.2%), avg ATS margin -3.3 over 45 games. Supports UL-Monroe by fading South Alabama.",3.26,medium,3.26,,,,,,,,,,,,,,,,
g610,9.0,2026-10-31,Louisiana Tech,South Alabama,coach_ats,Coach ATS fade,Louisiana Tech,"Major Applewhite Full Game Favorite: 19-26 ATS (42.2%), avg ATS margin -3.3 over 45 games. Supports Louisiana Tech by fading South Alabama.",3.26,medium,3.26,,,,,,,,,,,,,,,,
g809,12.0,2026-11-21,South Alabama,Southern Miss,coach_ats,Coach ATS fade,Southern Miss,"Major Applewhite Full Game Favorite: 19-26 ATS (42.2%), avg ATS margin -3.3 over 45 games. Supports Southern Miss by fading South Alabama.",3.26,medium,3.26,,,,,,,,,,,,,,,,
g831,13.0,2026-11-27,Appalachian State,South Alabama,coach_ats,Coach ATS fade,Appalachian State,"Major Applewhite Full Game Favorite: 19-26 ATS (42.2%), avg ATS margin -3.3 over 45 games. Supports Appalachian State by fading South Alabama.",3.26,medium,3.26,,,,,,,,,,,,,,,,
g29,1.0,2026-09-05,Bryant,Army,coach_ats,Coach ATS support,Army,"Jeff Monken Full Game Underdog: 36-26-2 ATS (58.1%), avg ATS margin +3.2 over 64 games. Supports Army.",3.21,high,3.21,,,,,,,,,,,,,,,,
g107,2.0,2026-09-12,South Florida,Army,coach_ats,Coach ATS support,Army,"Jeff Monken Full Game Underdog: 36-26-2 ATS (58.1%), avg ATS margin +3.2 over 64 games. Supports Army.",3.21,high,3.21,,,,,,,,,,,,,,,,
g405,6.0,2026-10-10,Tulane,Army,coach_ats,Coach ATS support,Army,"Jeff Monken Full Game Underdog: 36-26-2 ATS (58.1%), avg ATS margin +3.2 over 64 games. Supports Army.",3.21,high,3.21,,,,,,,,,,,,,,,,
g595,9.0,2026-10-31,Army,Memphis,coach_ats,Coach ATS support,Army,"Jeff Monken Full Game Underdog: 36-26-2 ATS (58.1%), avg ATS margin +3.2 over 64 games. Supports Army.",3.21,high,3.21,,,,,,,,,,,,,,,,
g767,12.0,2026-11-21,East Carolina,Army,coach_ats,Coach ATS support,Army,"Jeff Monken Full Game Underdog: 36-26-2 ATS (58.1%), avg ATS margin +3.2 over 64 games. Supports Army.",3.21,high,3.21,,,,,,,,,,,,,,,,
g902,15.0,2026-12-12,Navy,Army,coach_ats,Coach ATS support,Army,"Jeff Monken Full Game Underdog: 36-26-2 ATS (58.1%), avg ATS margin +3.2 over 64 games. Supports Army.",3.21,high,3.21,,,,,,,,,,,,,,,,
g96,1.0,2026-09-05,Coastal Carolina,West Virginia,coach_ats,Coach ATS support,West Virginia,"Rich Rodriguez Full Game Favorite: 27-19-3 ATS (58.7%), avg ATS margin +3.1 over 49 games. Supports West Virginia.",3.14,high,3.14,,,,,,,,,,,,,,,,
g328,4.0,2026-09-26,Oklahoma State,West Virginia,coach_ats,Coach ATS support,West Virginia,"Rich Rodriguez Full Game Favorite: 27-19-3 ATS (58.7%), avg ATS margin +3.1 over 49 games. Supports West Virginia.",3.14,high,3.14,,,,,,,,,,,,,,,,
g509,7.0,2026-10-17,Cincinnati,West Virginia,coach_ats,Coach ATS support,West Virginia,"Rich Rodriguez Full Game Favorite: 27-19-3 ATS (58.7%), avg ATS margin +3.1 over 49 games. Supports West Virginia.",3.14,high,3.14,,,,,,,,,,,,,,,,
g43,1.0,2026-09-05,Oregon State,Houston,coach_ats,Coach ATS support,Houston,"Willie Fritz Full Game Favorite: 50-29 ATS (63.3%), avg ATS margin +2.9 over 79 games. Supports Houston.",2.94,high,2.94,,,,,,,,,,,,,,,,
g52,1.0,2026-09-05,Clemson,LSU,coach_ats,Coach ATS support,LSU,"Lane Kiffin Full Game Favorite: 48-39-3 ATS (55.2%), avg ATS margin +2.9 over 90 games. Supports LSU.",2.94,medium,2.94,,,,,,,,,,,,,,,,
g73,1.0,2026-09-05,Miami-OH,Pittsburgh,coach_ats,Coach ATS support,Pittsburgh,"Pat Narduzzi Full Game Favorite: 44-32 ATS (57.9%), avg ATS margin +2.9 over 76 games. Supports Pittsburgh.",2.94,medium,2.94,,,,,,,,,,,,,,,,
g137,2.0,2026-09-12,Louisiana Tech,LSU,coach_ats,Coach ATS support,LSU,"Lane Kiffin Full Game Favorite: 48-39-3 ATS (55.2%), avg ATS margin +2.9 over 90 games. Supports LSU.",2.94,medium,2.94,,,,,,,,,,,,,,,,
g158,2.0,2026-09-12,Central Florida,Pittsburgh,coach_ats,Coach ATS support,Pittsburgh,"Pat Narduzzi Full Game Favorite: 44-32 ATS (57.9%), avg ATS margin +2.9 over 76 games. Supports Pittsburgh.",2.94,medium,2.94,,,,,,,,,,,,,,,,
g186,3.0,2026-09-17,Syracuse,Pittsburgh,coach_ats,Coach ATS support,Pittsburgh,"Pat Narduzzi Full Game Favorite: 44-32 ATS (57.9%), avg ATS margin +2.9 over 76 games. Supports Pittsburgh.",2.94,medium,2.94,,,,,,,,,,,,,,,,
g284,4.0,2026-09-26,Houston,Georgia Southern,coach_ats,Coach ATS support,Houston,"Willie Fritz Full Game Favorite: 50-29 ATS (63.3%), avg ATS margin +2.9 over 79 games. Supports Houston.",2.94,high,2.94,,,,,,,,,,,,,,,,
g291,4.0,2026-09-26,Texas A&M,LSU,coach_ats,Coach ATS support,LSU,"Lane Kiffin Full Game Favorite: 48-39-3 ATS (55.2%), avg ATS margin +2.9 over 90 games. Supports LSU.",2.94,medium,2.94,,,,,,,,,,,,,,,,
g355,5.0,2026-10-03,Central Florida,Houston,coach_ats,Coach ATS support,Houston,"Willie Fritz Full Game Favorite: 50-29 ATS (63.3%), avg ATS margin +2.9 over 79 games. Supports Houston.",2.94,high,2.94,,,,,,,,,,,,,,,,
g414,6.0,2026-10-10,LSU,Kentucky,coach_ats,Coach ATS support,LSU,"Lane Kiffin Full Game Favorite: 48-39-3 ATS (55.2%), avg ATS margin +2.9 over 90 games. Supports LSU.",2.94,medium,2.94,,,,,,,,,,,,,,,,
g435,6.0,2026-10-10,North Carolina,Pittsburgh,coach_ats,Coach ATS support,Pittsburgh,"Pat Narduzzi Full Game Favorite: 44-32 ATS (57.9%), avg ATS margin +2.9 over 76 games. Supports Pittsburgh.",2.94,medium,2.94,,,,,,,,,,,,,,,,
g461,7.0,2026-10-17,Pittsburgh,Boston College,coach_ats,Coach ATS support,Pittsburgh,"Pat Narduzzi Full Game Favorite: 44-32 ATS (57.9%), avg ATS margin +2.9 over 76 games. Supports Pittsburgh.",2.94,medium,2.94,,,,,,,,,,,,,,,,
g472,7.0,2026-10-17,Oklahoma State,Houston,coach_ats,Coach ATS support,Houston,"Willie Fritz Full Game Favorite: 50-29 ATS (63.3%), avg ATS margin +2.9 over 79 games. Supports Houston.",2.94,high,2.94,,,,,,,,,,,,,,,,
g476,7.0,2026-10-17,Mississippi State,LSU,coach_ats,Coach ATS support,LSU,"Lane Kiffin Full Game Favorite: 48-39-3 ATS (55.2%), avg ATS margin +2.9 over 90 games. Supports LSU.",2.94,medium,2.94,,,,,,,,,,,,,,,,
g523,8.0,2026-10-24,LSU,Auburn,coach_ats,Coach ATS support,LSU,"Lane Kiffin Full Game Favorite: 48-39-3 ATS (55.2%), avg ATS margin +2.9 over 90 games. Supports LSU.",2.94,medium,2.94,,,,,,,,,,,,,,,,
g606,9.0,2026-10-31,Georgia Tech,Pittsburgh,coach_ats,Coach ATS support,Pittsburgh,"Pat Narduzzi Full Game Favorite: 44-32 ATS (57.9%), avg ATS margin +2.9 over 76 games. Supports Pittsburgh.",2.94,medium,2.94,,,,,,,,,,,,,,,,
g646,10.0,2026-11-07,Cincinnati,Houston,coach_ats,Coach ATS support,Houston,"Willie Fritz Full Game Favorite: 50-29 ATS (63.3%), avg ATS margin +2.9 over 79 games. Supports Houston.",2.94,high,2.94,,,,,,,,,,,,,,,,
g652,10.0,2026-11-07,Alabama,LSU,coach_ats,Coach ATS support,LSU,"Lane Kiffin Full Game Favorite: 48-39-3 ATS (55.2%), avg ATS margin +2.9 over 90 games. Supports LSU.",2.94,medium,2.94,,,,,,,,,,,,,,,,
g694,11.0,2026-11-13,Houston,Colorado,coach_ats,Coach ATS support,Houston,"Willie Fritz Full Game Favorite: 50-29 ATS (63.3%), avg ATS margin +2.9 over 79 games. Supports Houston.",2.94,high,2.94,,,,,,,,,,,,,,,,
g695,11.0,2026-11-13,Florida State,Pittsburgh,coach_ats,Coach ATS support,Pittsburgh,"Pat Narduzzi Full Game Favorite: 44-32 ATS (57.9%), avg ATS margin +2.9 over 76 games. Supports Pittsburgh.",2.94,medium,2.94,,,,,,,,,,,,,,,,
g821,12.0,2026-11-21,Houston,West Virginia,coach_ats,Coach ATS support,Houston,"Willie Fritz Full Game Favorite: 50-29 ATS (63.3%), avg ATS margin +2.9 over 79 games. Supports Houston.",2.94,high,2.94,,,,,,,,,,,,,,,,
g836,13.0,2026-11-28,LSU,Arkansas,coach_ats,Coach ATS support,LSU,"Lane Kiffin Full Game Favorite: 48-39-3 ATS (55.2%), avg ATS margin +2.9 over 90 games. Supports LSU.",2.94,medium,2.94,,,,,,,,,,,,,,,,
g841,13.0,2026-11-28,Pittsburgh,California,coach_ats,Coach ATS support,Pittsburgh,"Pat Narduzzi Full Game Favorite: 44-32 ATS (57.9%), avg ATS margin +2.9 over 76 games. Supports Pittsburgh.",2.94,medium,2.94,,,,,,,,,,,,,,,,
g854,13.0,2026-11-28,Baylor,Houston,coach_ats,Coach ATS support,Houston,"Willie Fritz Full Game Favorite: 50-29 ATS (63.3%), avg ATS margin +2.9 over 79 games. Supports Houston.",2.94,high,2.94,,,,,,,,,,,,,,,,
g41,1.0,2026-09-05,Charleston So.,Georgia Southern,coach_ats,Coach ATS fade,Charleston So.,"Clay Helton Full Game Underdog: 20-31-1 ATS (39.2%), avg ATS margin -2.9 over 52 games. Supports Charleston So. by fading Georgia Southern.",2.91,high,2.91,,,,,,,,,,,,,,,,
g115,2.0,2026-09-12,Georgia Southern,Clemson,coach_ats,Coach ATS fade,Clemson,"Clay Helton Full Game Underdog: 20-31-1 ATS (39.2%), avg ATS margin -2.9 over 52 games. Supports Clemson by fading Georgia Southern.",2.91,high,2.91,,,,,,,,,,,,,,,,
g211,3.0,2026-09-19,Georgia Southern,Jacksonville State,coach_ats,Coach ATS fade,Jacksonville State,"Clay Helton Full Game Underdog: 20-31-1 ATS (39.2%), avg ATS margin -2.9 over 52 games. Supports Jacksonville State by fading Georgia Southern.",2.91,high,2.91,,,,,,,,,,,,,,,,
g284,4.0,2026-09-26,Houston,Georgia Southern,coach_ats,Coach ATS fade,Houston,"Clay Helton Full Game Underdog: 20-31-1 ATS (39.2%), avg ATS margin -2.9 over 52 games. Supports Houston by fading Georgia Southern.",2.91,high,2.91,,,,,,,,,,,,,,,,
g411,6.0,2026-10-10,James Madison,Georgia Southern,coach_ats,Coach ATS fade,James Madison,"Clay Helton Full Game Underdog: 20-31-1 ATS (39.2%), avg ATS margin -2.9 over 52 games. Supports James Madison by fading Georgia Southern.",2.91,high,2.91,,,,,,,,,,,,,,,,
g453,7.0,2026-10-15,Georgia Southern,Old Dominion,coach_ats,Coach ATS fade,Old Dominion,"Clay Helton Full Game Underdog: 20-31-1 ATS (39.2%), avg ATS margin -2.9 over 52 games. Supports Old Dominion by fading Georgia Southern.",2.91,high,2.91,,,,,,,,,,,,,,,,
g814,12.0,2026-11-21,Georgia Southern,Troy,coach_ats,Coach ATS fade,Troy,"Clay Helton Full Game Underdog: 20-31-1 ATS (39.2%), avg ATS margin -2.9 over 52 games. Supports Troy by fading Georgia Southern.",2.91,high,2.91,,,,,,,,,,,,,,,,
g1,0.0,2026-08-29,Sacramento State,Eastern Michigan,coach_ats,Coach ATS fade,Sacramento State,"Chris Creighton Full Game Favorite: 21-27 ATS (43.8%), avg ATS margin -2.9 over 48 games. Supports Sacramento State by fading Eastern Michigan.",2.9,medium,2.9,,,,,,,,,,,,,,,,
g19,1.0,2026-09-04,San Jose State,Eastern Michigan,coach_ats,Coach ATS fade,San Jose State,"Chris Creighton Full Game Favorite: 21-27 ATS (43.8%), avg ATS margin -2.9 over 48 games. Supports San Jose State by fading Eastern Michigan.",2.9,medium,2.9,,,,,,,,,,,,,,,,
g365,5.0,2026-10-03,Eastern Michigan,Massachusetts,coach_ats,Coach ATS fade,Massachusetts,"Chris Creighton Full Game Favorite: 21-27 ATS (43.8%), avg ATS margin -2.9 over 48 games. Supports Massachusetts by fading Eastern Michigan.",2.9,medium,2.9,,,,,,,,,,,,,,,,
g400,6.0,2026-10-10,Eastern Michigan,Akron,coach_ats,Coach ATS fade,Akron,"Chris Creighton Full Game Favorite: 21-27 ATS (43.8%), avg ATS margin -2.9 over 48 games. Supports Akron by fading Eastern Michigan.",2.9,medium,2.9,,,,,,,,,,,,,,,,
g823,13.0,2026-11-24,Kent State,Eastern Michigan,coach_ats,Coach ATS fade,Kent State,"Chris Creighton Full Game Favorite: 21-27 ATS (43.8%), avg ATS margin -2.9 over 48 games. Supports Kent State by fading Eastern Michigan.",2.9,medium,2.9,,,,,,,,,,,,,,,,
g225,3.0,2026-09-19,North Dakota,Nebraska,coach_ats,Coach ATS support,Nebraska,"Matt Rhule Full Game Underdog: 36-25-2 ATS (59.0%), avg ATS margin +2.7 over 63 games. Supports Nebraska.",2.71,high,2.71,,,,,,,,,,,,,,,,
g423,6.0,2026-10-10,Indiana,Nebraska,coach_ats,Coach ATS support,Nebraska,"Matt Rhule Full Game Underdog: 36-25-2 ATS (59.0%), avg ATS margin +2.7 over 63 games. Supports Nebraska.",2.71,high,2.71,,,,,,,,,,,,,,,,
g486,7.0,2026-10-17,Nebraska,Oregon,coach_ats,Coach ATS support,Nebraska,"Matt Rhule Full Game Underdog: 36-25-2 ATS (59.0%), avg ATS margin +2.7 over 63 games. Supports Nebraska.",2.71,high,2.71,,,,,,,,,,,,,,,,
g598,9.0,2026-10-31,Washington,Nebraska,coach_ats,Coach ATS support,Nebraska,"Matt Rhule Full Game Underdog: 36-25-2 ATS (59.0%), avg ATS margin +2.7 over 63 games. Supports Nebraska.",2.71,high,2.71,,,,,,,,,,,,,,,,
g647,10.0,2026-11-07,Nebraska,Illinois,coach_ats,Coach ATS support,Nebraska,"Matt Rhule Full Game Underdog: 36-25-2 ATS (59.0%), avg ATS margin +2.7 over 63 games. Supports Nebraska.",2.71,high,2.71,,,,,,,,,,,,,,,,
g796,12.0,2026-11-21,Ohio State,Nebraska,coach_ats,Coach ATS support,Nebraska,"Matt Rhule Full Game Underdog: 36-25-2 ATS (59.0%), avg ATS margin +2.7 over 63 games. Supports Nebraska.",2.71,high,2.71,,,,,,,,,,,,,,,,
g828,13.0,2026-11-27,Nebraska,Iowa,coach_ats,Coach ATS support,Nebraska,"Matt Rhule Full Game Underdog: 36-25-2 ATS (59.0%), avg ATS margin +2.7 over 63 games. Supports Nebraska.",2.71,high,2.71,,,,,,,,,,,,,,,,
g188,3.0,2026-09-18,Miami-FL,Wake Forest,coach_ats,Coach ATS support,Wake Forest,"Jake Dickert Full Game Underdog: 17-11 ATS (60.7%), avg ATS margin +2.6 over 28 games. Supports Wake Forest.",2.64,high,2.64,,,,,,,,,,,,,,,,
g292,4.0,2026-09-26,Wake Forest,Louisville,coach_ats,Coach ATS support,Wake Forest,"Jake Dickert Full Game Underdog: 17-11 ATS (60.7%), avg ATS margin +2.6 over 28 games. Supports Wake Forest.",2.64,high,2.64,,,,,,,,,,,,,,,,
g421,6.0,2026-10-10,Wake Forest,NC State,coach_ats,Coach ATS support,Wake Forest,"Jake Dickert Full Game Underdog: 17-11 ATS (60.7%), avg ATS margin +2.6 over 28 games. Supports Wake Forest.",2.64,high,2.64,,,,,,,,,,,,,,,,
g464,7.0,2026-10-17,Wake Forest,California,coach_ats,Coach ATS support,Wake Forest,"Jake Dickert Full Game Underdog: 17-11 ATS (60.7%), avg ATS margin +2.6 over 28 games. Supports Wake Forest.",2.64,high,2.64,,,,,,,,,,,,,,,,
g621,9.0,2026-10-31,Virginia,Wake Forest,coach_ats,Coach ATS support,Wake Forest,"Jake Dickert Full Game Underdog: 17-11 ATS (60.7%), avg ATS margin +2.6 over 28 games. Supports Wake Forest.",2.64,high,2.64,,,,,,,,,,,,,,,,
g683,10.0,2026-11-07,Merrimack,Wake Forest,coach_ats,Coach ATS support,Wake Forest,"Jake Dickert Full Game Underdog: 17-11 ATS (60.7%), avg ATS margin +2.6 over 28 games. Supports Wake Forest.",2.64,high,2.64,,,,,,,,,,,,,,,,
g735,11.0,2026-11-14,Wake Forest,SMU,coach_ats,Coach ATS support,Wake Forest,"Jake Dickert Full Game Underdog: 17-11 ATS (60.7%), avg ATS margin +2.6 over 28 games. Supports Wake Forest.",2.64,high,2.64,,,,,,,,,,,,,,,,
g780,12.0,2026-11-21,Wake Forest,Georgia Tech,coach_ats,Coach ATS support,Wake Forest,"Jake Dickert Full Game Underdog: 17-11 ATS (60.7%), avg ATS margin +2.6 over 28 games. Supports Wake Forest.",2.64,high,2.64,,,,,,,,,,,,,,,,
g7,0.0,2026-08-29,San Jose State,USC,coach_ats,Coach ATS support,San Jose State,"Ken Niumatalolo Full Game Underdog: 35-21-2 ATS (62.5%), avg ATS margin +2.6 over 58 games. Supports San Jose State.",2.63,high,2.63,,,,,,,,,,,,,,,,
g19,1.0,2026-09-04,San Jose State,Eastern Michigan,coach_ats,Coach ATS support,San Jose State,"Ken Niumatalolo Full Game Underdog: 35-21-2 ATS (62.5%), avg ATS margin +2.6 over 58 games. Supports San Jose State.",2.63,high,2.63,,,,,,,,,,,,,,,,
g31,1.0,2026-09-05,Utah Tech,BYU,coach_ats,Coach ATS support,BYU,"Kalani Sitake Full Game Underdog: 30-20 ATS (60.0%), avg ATS margin +2.6 over 50 games. Supports BYU.",2.63,high,2.63,,,,,,,,,,,,,,,,
g162,2.0,2026-09-12,Cal Poly,San Jose State,coach_ats,Coach ATS support,San Jose State,"Ken Niumatalolo Full Game Underdog: 35-21-2 ATS (62.5%), avg ATS margin +2.6 over 58 games. Supports San Jose State.",2.63,high,2.63,,,,,,,,,,,,,,,,
g241,3.0,2026-09-19,Fresno State,San Jose State,coach_ats,Coach ATS support,San Jose State,"Ken Niumatalolo Full Game Underdog: 35-21-2 ATS (62.5%), avg ATS margin +2.6 over 58 games. Supports San Jose State.",2.63,high,2.63,,,,,,,,,,,,,,,,
g354,5.0,2026-10-03,San Jose State,Hawaii,coach_ats,Coach ATS support,San Jose State,"Ken Niumatalolo Full Game Underdog: 35-21-2 ATS (62.5%), avg ATS margin +2.6 over 58 games. Supports San Jose State.",2.63,high,2.63,,,,,,,,,,,,,,,,
g459,7.0,2026-10-17,Notre Dame,BYU,coach_ats,Coach ATS support,BYU,"Kalani Sitake Full Game Underdog: 30-20 ATS (60.0%), avg ATS margin +2.6 over 50 games. Supports BYU.",2.63,high,2.63,,,,,,,,,,,,,,,,
g544,8.0,2026-10-24,San Jose State,Nevada,coach_ats,Coach ATS support,San Jose State,"Ken Niumatalolo Full Game Underdog: 35-21-2 ATS (62.5%), avg ATS margin +2.6 over 58 games. Supports San Jose State.",2.63,high,2.63,,,,,,,,,,,,,,,,
g609,9.0,2026-10-31,New Mexico,San Jose State,coach_ats,Coach ATS support,San Jose State,"Ken Niumatalolo Full Game Underdog: 35-21-2 ATS (62.5%), avg ATS margin +2.6 over 58 games. Supports San Jose State.",2.63,high,2.63,,,,,,,,,,,,,,,,
g681,10.0,2026-11-07,BYU,Utah,coach_ats,Coach ATS support,BYU,"Kalani Sitake Full Game Underdog: 30-20 ATS (60.0%), avg ATS margin +2.6 over 50 games. Supports BYU.",2.63,high,2.63,,,,,,,,,,,,,,,,
g696,11.0,2026-11-14,San Jose State,Air Force,coach_ats,Coach ATS support,San Jose State,"Ken Niumatalolo Full Game Underdog: 35-21-2 ATS (62.5%), avg ATS margin +2.6 over 58 games. Supports San Jose State.",2.63,high,2.63,,,,,,,,,,,,,,,,
g807,12.0,2026-11-21,UNLV,San Jose State,coach_ats,Coach ATS support,San Jose State,"Ken Niumatalolo Full Game Underdog: 35-21-2 ATS (62.5%), avg ATS margin +2.6 over 58 games. Supports San Jose State.",2.63,high,2.63,,,,,,,,,,,,,,,,
g876,13.0,2026-11-28,North Dakota State,San Jose State,coach_ats,Coach ATS support,San Jose State,"Ken Niumatalolo Full Game Underdog: 35-21-2 ATS (62.5%), avg ATS margin +2.6 over 58 games. Supports San Jose State.",2.63,high,2.63,,,,,,,,,,,,,,,,
g68,1.0,2026-09-05,Ball State,Ohio State,coach_ats,Coach ATS support,Ohio State,"Ryan Day Full Game Favorite: 49-38-4 ATS (56.3%), avg ATS margin +2.4 over 91 games. Supports Ohio State.",2.43,medium,2.43,,,,,,,,,,,,,,,,
g167,2.0,2026-09-12,Ohio State,Texas,coach_ats,Coach ATS support,Ohio State,"Ryan Day Full Game Favorite: 49-38-4 ATS (56.3%), avg ATS margin +2.4 over 91 games. Supports Ohio State.",2.43,medium,2.43,,,,,,,,,,,,,,,,
g228,3.0,2026-09-19,Kent State,Ohio State,coach_ats,Coach ATS support,Ohio State,"Ryan Day Full Game Favorite: 49-38-4 ATS (56.3%), avg ATS margin +2.4 over 91 games. Supports Ohio State.",2.43,medium,2.43,,,,,,,,,,,,,,,,
g305,4.0,2026-09-26,Illinois,Ohio State,coach_ats,Coach ATS support,Ohio State,"Ryan Day Full Game Favorite: 49-38-4 ATS (56.3%), avg ATS margin +2.4 over 91 games. Supports Ohio State.",2.43,medium,2.43,,,,,,,,,,,,,,,,
g357,5.0,2026-10-03,Ohio State,Iowa,coach_ats,Coach ATS support,Ohio State,"Ryan Day Full Game Favorite: 49-38-4 ATS (56.3%), avg ATS margin +2.4 over 91 games. Supports Ohio State.",2.43,medium,2.43,,,,,,,,,,,,,,,,
g429,6.0,2026-10-10,Maryland,Ohio State,coach_ats,Coach ATS support,Ohio State,"Ryan Day Full Game Favorite: 49-38-4 ATS (56.3%), avg ATS margin +2.4 over 91 games. Supports Ohio State.",2.43,medium,2.43,,,,,,,,,,,,,,,,
g473,7.0,2026-10-17,Ohio State,Indiana,coach_ats,Coach ATS support,Ohio State,"Ryan Day Full Game Favorite: 49-38-4 ATS (56.3%), avg ATS margin +2.4 over 91 games. Supports Ohio State.",2.43,medium,2.43,,,,,,,,,,,,,,,,
g619,9.0,2026-10-31,Ohio State,USC,coach_ats,Coach ATS support,Ohio State,"Ryan Day Full Game Favorite: 49-38-4 ATS (56.3%), avg ATS margin +2.4 over 91 games. Supports Ohio State.",2.43,medium,2.43,,,,,,,,,,,,,,,,
g666,10.0,2026-11-07,Oregon,Ohio State,coach_ats,Coach ATS support,Ohio State,"Ryan Day Full Game Favorite: 49-38-4 ATS (56.3%), avg ATS margin +2.4 over 91 games. Supports Ohio State.",2.43,medium,2.43,,,,,,,,,,,,,,,,
g728,11.0,2026-11-14,Northwestern,Ohio State,coach_ats,Coach ATS support,Ohio State,"Ryan Day Full Game Favorite: 49-38-4 ATS (56.3%), avg ATS margin +2.4 over 91 games. Supports Ohio State.",2.43,medium,2.43,,,,,,,,,,,,,,,,
g796,12.0,2026-11-21,Ohio State,Nebraska,coach_ats,Coach ATS support,Ohio State,"Ryan Day Full Game Favorite: 49-38-4 ATS (56.3%), avg ATS margin +2.4 over 91 games. Supports Ohio State.",2.43,medium,2.43,,,,,,,,,,,,,,,,
g870,13.0,2026-11-28,Michigan,Ohio State,coach_ats,Coach ATS support,Ohio State,"Ryan Day Full Game Favorite: 49-38-4 ATS (56.3%), avg ATS margin +2.4 over 91 games. Supports Ohio State.",2.43,medium,2.43,,,,,,,,,,,,,,,,
g215,3.0,2026-09-19,UAB,Louisiana,coach_ats,Coach ATS fade,UAB,"Michael Desormeaux Full Game Favorite: 16-21-1 ATS (43.2%), avg ATS margin -2.4 over 38 games. Supports UAB by fading Louisiana.",2.42,medium,2.42,,,,,,,,,,,,,,,,
g274,4.0,2026-09-26,Louisiana,Charlotte,coach_ats,Coach ATS fade,Charlotte,"Michael Desormeaux Full Game Favorite: 16-21-1 ATS (43.2%), avg ATS margin -2.4 over 38 games. Supports Charlotte by fading Louisiana.",2.42,medium,2.42,,,,,,,,,,,,,,,,
g363,5.0,2026-10-03,Arkansas State,Louisiana,coach_ats,Coach ATS fade,Arkansas State,"Michael Desormeaux Full Game Favorite: 16-21-1 ATS (43.2%), avg ATS margin -2.4 over 38 games. Supports Arkansas State by fading Louisiana.",2.42,medium,2.42,,,,,,,,,,,,,,,,
g477,7.0,2026-10-17,Troy,Louisiana,coach_ats,Coach ATS fade,Troy,"Michael Desormeaux Full Game Favorite: 16-21-1 ATS (43.2%), avg ATS margin -2.4 over 38 games. Supports Troy by fading Louisiana.",2.42,medium,2.42,,,,,,,,,,,,,,,,
g553,8.0,2026-10-24,Louisiana,Southern Miss,coach_ats,Coach ATS fade,Southern Miss,"Michael Desormeaux Full Game Favorite: 16-21-1 ATS (43.2%), avg ATS margin -2.4 over 38 games. Supports Southern Miss by fading Louisiana.",2.42,medium,2.42,,,,,,,,,,,,,,,,
g653,10.0,2026-11-07,South Alabama,Louisiana,coach_ats,Coach ATS fade,South Alabama,"Michael Desormeaux Full Game Favorite: 16-21-1 ATS (43.2%), avg ATS margin -2.4 over 38 games. Supports South Alabama by fading Louisiana.",2.42,medium,2.42,,,,,,,,,,,,,,,,
g693,11.0,2026-11-12,Louisiana,UL-Monroe,coach_ats,Coach ATS fade,UL-Monroe,"Michael Desormeaux Full Game Favorite: 16-21-1 ATS (43.2%), avg ATS margin -2.4 over 38 games. Supports UL-Monroe by fading Louisiana.",2.42,medium,2.42,,,,,,,,,,,,,,,,
g787,12.0,2026-11-21,Coastal Carolina,Louisiana,coach_ats,Coach ATS fade,Coastal Carolina,"Michael Desormeaux Full Game Favorite: 16-21-1 ATS (43.2%), avg ATS margin -2.4 over 38 games. Supports Coastal Carolina by fading Louisiana.",2.42,medium,2.42,,,,,,,,,,,,,,,,
g852,13.0,2026-11-28,Louisiana,Georgia State,coach_ats,Coach ATS fade,Georgia State,"Michael Desormeaux Full Game Favorite: 16-21-1 ATS (43.2%), avg ATS margin -2.4 over 38 games. Supports Georgia State by fading Louisiana.",2.42,medium,2.42,,,,,,,,,,,,,,,,
g180,2.0,2026-09-12,Old Dominion,Virginia Tech,coach_ats,Coach ATS support,Virginia Tech,"James Franklin Full Game Favorite: 63-50-4 ATS (55.8%), avg ATS margin +2.4 over 117 games. Supports Virginia Tech.",2.37,medium,2.37,,,,,,,,,,,,,,,,
g217,3.0,2026-09-19,Virginia Tech,Maryland,coach_ats,Coach ATS support,Virginia Tech,"James Franklin Full Game Favorite: 63-50-4 ATS (55.8%), avg ATS margin +2.4 over 117 games. Supports Virginia Tech.",2.37,medium,2.37,,,,,,,,,,,,,,,,
g270,4.0,2026-09-26,Virginia Tech,Boston College,coach_ats,Coach ATS support,Virginia Tech,"James Franklin Full Game Favorite: 63-50-4 ATS (55.8%), avg ATS margin +2.4 over 117 games. Supports Virginia Tech.",2.37,medium,2.37,,,,,,,,,,,,,,,,
g336,5.0,2026-10-02,Pittsburgh,Virginia Tech,coach_ats,Coach ATS support,Virginia Tech,"James Franklin Full Game Favorite: 63-50-4 ATS (55.8%), avg ATS margin +2.4 over 117 games. Supports Virginia Tech.",2.37,medium,2.37,,,,,,,,,,,,,,,,
g407,6.0,2026-10-10,Virginia Tech,California,coach_ats,Coach ATS support,Virginia Tech,"James Franklin Full Game Favorite: 63-50-4 ATS (55.8%), avg ATS margin +2.4 over 117 games. Supports Virginia Tech.",2.37,medium,2.37,,,,,,,,,,,,,,,,
g508,7.0,2026-10-17,Georgia Tech,Virginia Tech,coach_ats,Coach ATS support,Virginia Tech,"James Franklin Full Game Favorite: 63-50-4 ATS (55.8%), avg ATS margin +2.4 over 117 games. Supports Virginia Tech.",2.37,medium,2.37,,,,,,,,,,,,,,,,
g749,11.0,2026-11-14,Stanford,Virginia Tech,coach_ats,Coach ATS support,Virginia Tech,"James Franklin Full Game Favorite: 63-50-4 ATS (55.8%), avg ATS margin +2.4 over 117 games. Supports Virginia Tech.",2.37,medium,2.37,,,,,,,,,,,,,,,,
g92,1.0,2026-09-05,Idaho State,Utah State,coach_ats,Coach ATS support,Utah State,"Bronco Mendenhall Full Game Underdog: 39-27 ATS (59.1%), avg ATS margin +2.3 over 66 games. Supports Utah State.",2.29,high,2.29,,,,,,,,,,,,,,,,
g181,2.0,2026-09-12,Utah State,Washington,coach_ats,Coach ATS support,Utah State,"Bronco Mendenhall Full Game Underdog: 39-27 ATS (59.1%), avg ATS margin +2.3 over 66 games. Supports Utah State.",2.29,high,2.29,,,,,,,,,,,,,,,,
g182,2.0,2026-09-12,UT Martin,West Virginia,coach_ats,Coach ATS fade,UT Martin,"Rich Rodriguez Full Game Underdog: 19-29 ATS (39.6%), avg ATS margin -2.3 over 48 games. Supports UT Martin by fading West Virginia.",2.29,high,2.29,,,,,,,,,,,,,,,,
g255,3.0,2026-09-19,Utah State,Utah,coach_ats,Coach ATS support,Utah State,"Bronco Mendenhall Full Game Underdog: 39-27 ATS (59.1%), avg ATS margin +2.3 over 66 games. Supports Utah State.",2.29,high,2.29,,,,,,,,,,,,,,,,
g259,3.0,2026-09-19,Virginia,West Virginia,coach_ats,Coach ATS fade,Virginia,"Rich Rodriguez Full Game Underdog: 19-29 ATS (39.6%), avg ATS margin -2.3 over 48 games. Supports Virginia by fading West Virginia.",2.29,high,2.29,,,,,,,,,,,,,,,,
g341,5.0,2026-10-03,Utah State,Boise State,coach_ats,Coach ATS support,Utah State,"Bronco Mendenhall Full Game Underdog: 39-27 ATS (59.1%), avg ATS margin +2.3 over 66 games. Supports Utah State.",2.29,high,2.29,,,,,,,,,,,,,,,,
g358,5.0,2026-10-03,West Virginia,Iowa State,coach_ats,Coach ATS fade,Iowa State,"Rich Rodriguez Full Game Underdog: 19-29 ATS (39.6%), avg ATS margin -2.3 over 48 games. Supports Iowa State by fading West Virginia.",2.29,high,2.29,,,,,,,,,,,,,,,,
g443,6.0,2026-10-10,Washington State,Utah State,coach_ats,Coach ATS support,Utah State,"Bronco Mendenhall Full Game Underdog: 39-27 ATS (59.1%), avg ATS margin +2.3 over 66 games. Supports Utah State.",2.29,high,2.29,,,,,,,,,,,,,,,,
g447,6.0,2026-10-10,Arizona,West Virginia,coach_ats,Coach ATS fade,Arizona,"Rich Rodriguez Full Game Underdog: 19-29 ATS (39.6%), avg ATS margin -2.3 over 48 games. Supports Arizona by fading West Virginia.",2.29,high,2.29,,,,,,,,,,,,,,,,
g555,8.0,2026-10-24,West Virginia,TCU,coach_ats,Coach ATS fade,TCU,"Rich Rodriguez Full Game Underdog: 19-29 ATS (39.6%), avg ATS margin -2.3 over 48 games. Supports TCU by fading West Virginia.",2.29,high,2.29,,,,,,,,,,,,,,,,
g557,8.0,2026-10-24,Utah State,Texas State,coach_ats,Coach ATS support,Utah State,"Bronco Mendenhall Full Game Underdog: 39-27 ATS (59.1%), avg ATS margin +2.3 over 66 games. Supports Utah State.",2.29,high,2.29,,,,,,,,,,,,,,,,
g675,10.0,2026-11-07,West Virginia,Texas Tech,coach_ats,Coach ATS fade,Texas Tech,"Rich Rodriguez Full Game Underdog: 19-29 ATS (39.6%), avg ATS margin -2.3 over 48 games. Supports Texas Tech by fading West Virginia.",2.29,high,2.29,,,,,,,,,,,,,,,,
g682,10.0,2026-11-07,Fresno State,Utah State,coach_ats,Coach ATS support,Utah State,"Bronco Mendenhall Full Game Underdog: 39-27 ATS (59.1%), avg ATS margin +2.3 over 66 games. Supports Utah State.",2.29,high,2.29,,,,,,,,,,,,,,,,
g737,11.0,2026-11-14,Utah State,San Diego State,coach_ats,Coach ATS support,Utah State,"Bronco Mendenhall Full Game Underdog: 39-27 ATS (59.1%), avg ATS margin +2.3 over 66 games. Supports Utah State.",2.29,high,2.29,,,,,,,,,,,,,,,,
g803,12.0,2026-11-21,Utah State,Oregon State,coach_ats,Coach ATS support,Utah State,"Bronco Mendenhall Full Game Underdog: 39-27 ATS (59.1%), avg ATS margin +2.3 over 66 games. Supports Utah State.",2.29,high,2.29,,,,,,,,,,,,,,,,
g821,12.0,2026-11-21,Houston,West Virginia,coach_ats,Coach ATS fade,Houston,"Rich Rodriguez Full Game Underdog: 19-29 ATS (39.6%), avg ATS margin -2.3 over 48 games. Supports Houston by fading West Virginia.",2.29,high,2.29,,,,,,,,,,,,,,,,
g833,13.0,2026-11-27,West Virginia,Utah,coach_ats,Coach ATS fade,Utah,"Rich Rodriguez Full Game Underdog: 19-29 ATS (39.6%), avg ATS margin -2.3 over 48 games. Supports Utah by fading West Virginia.",2.29,high,2.29,,,,,,,,,,,,,,,,
g884,13.0,2026-11-28,Boise State,Utah State,coach_ats,Coach ATS support,Utah State,"Bronco Mendenhall Full Game Underdog: 39-27 ATS (59.1%), avg ATS margin +2.3 over 66 games. Supports Utah State.",2.29,high,2.29,,,,,,,,,,,,,,,,
g21,1.0,2026-09-04,LIU,Kansas,coach_ats,Coach ATS support,Kansas,"Lance Leipold Full Game Underdog: 34-27-4 ATS (55.7%), avg ATS margin +2.2 over 65 games. Supports Kansas.",2.2,medium,2.2,,,,,,,,,,,,,,,,
g102,2.0,2026-09-11,Missouri,Kansas,coach_ats,Coach ATS support,Kansas,"Lance Leipold Full Game Underdog: 34-27-4 ATS (55.7%), avg ATS margin +2.2 over 65 games. Supports Kansas.",2.2,medium,2.2,,,,,,,,,,,,,,,,
g212,3.0,2026-09-19,Arizona State,Kansas,coach_ats,Coach ATS support,Kansas,"Lance Leipold Full Game Underdog: 34-27-4 ATS (55.7%), avg ATS margin +2.2 over 65 games. Supports Kansas.",2.2,medium,2.2,,,,,,,,,,,,,,,,
g442,6.0,2026-10-10,Kansas,Utah,coach_ats,Coach ATS support,Kansas,"Lance Leipold Full Game Underdog: 34-27-4 ATS (55.7%), avg ATS margin +2.2 over 65 games. Supports Kansas.",2.2,medium,2.2,,,,,,,,,,,,,,,,
g475,7.0,2026-10-17,Kansas,Kansas State,coach_ats,Coach ATS support,Kansas,"Lance Leipold Full Game Underdog: 34-27-4 ATS (55.7%), avg ATS margin +2.2 over 65 games. Supports Kansas.",2.2,medium,2.2,,,,,,,,,,,,,,,,
g613,9.0,2026-10-31,Kansas,TCU,coach_ats,Coach ATS support,Kansas,"Lance Leipold Full Game Underdog: 34-27-4 ATS (55.7%), avg ATS margin +2.2 over 65 games. Supports Kansas.",2.2,medium,2.2,,,,,,,,,,,,,,,,
g783,12.0,2026-11-21,BYU,Kansas,coach_ats,Coach ATS support,Kansas,"Lance Leipold Full Game Underdog: 34-27-4 ATS (55.7%), avg ATS margin +2.2 over 65 games. Supports Kansas.",2.2,medium,2.2,,,,,,,,,,,,,,,,
g871,13.0,2026-11-28,Kansas,Oklahoma State,coach_ats,Coach ATS support,Kansas,"Lance Leipold Full Game Underdog: 34-27-4 ATS (55.7%), avg ATS margin +2.2 over 65 games. Supports Kansas.",2.2,medium,2.2,,,,,,,,,,,,,,,,
g128,2.0,2026-09-12,Southern,Houston,coach_ats,Coach ATS support,Houston,"Willie Fritz Full Game Underdog: 38-28 ATS (57.6%), avg ATS margin +2.1 over 66 games. Supports Houston.",2.1,medium,2.1,,,,,,,,,,,,,,,,
g187,3.0,2026-09-18,Houston,Texas Tech,coach_ats,Coach ATS support,Houston,"Willie Fritz Full Game Underdog: 38-28 ATS (57.6%), avg ATS margin +2.1 over 66 games. Supports Houston.",2.1,medium,2.1,,,,,,,,,,,,,,,,
g413,6.0,2026-10-10,Houston,Kansas State,coach_ats,Coach ATS support,Houston,"Willie Fritz Full Game Underdog: 38-28 ATS (57.6%), avg ATS margin +2.1 over 66 games. Supports Houston.",2.1,medium,2.1,,,,,,,,,,,,,,,,
g562,8.0,2026-10-24,Houston,Utah,coach_ats,Coach ATS support,Houston,"Willie Fritz Full Game Underdog: 38-28 ATS (57.6%), avg ATS margin +2.1 over 66 games. Supports Houston.",2.1,medium,2.1,,,,,,,,,,,,,,,,
g2,0.0,2026-08-29,New Mexico State,Florida State,coach_ats,Coach ATS support,Florida State,"Mike Norvell Full Game Favorite: 44-36 ATS (55.0%), avg ATS margin +2.0 over 80 games. Supports Florida State.",1.96,medium,1.96,,,,,,,,,,,,,,,,
g351,5.0,2026-10-03,Virginia,Florida State,coach_ats,Coach ATS support,Florida State,"Mike Norvell Full Game Favorite: 44-36 ATS (55.0%), avg ATS margin +2.0 over 80 games. Supports Florida State.",1.96,medium,1.96,,,,,,,,,,,,,,,,
g638,10.0,2026-11-07,Florida State,Boston College,coach_ats,Coach ATS support,Florida State,"Mike Norvell Full Game Favorite: 44-36 ATS (55.0%), avg ATS margin +2.0 over 80 games. Supports Florida State.",1.96,medium,1.96,,,,,,,,,,,,,,,,
g778,12.0,2026-11-21,NC State,Florida State,coach_ats,Coach ATS support,Florida State,"Mike Norvell Full Game Favorite: 44-36 ATS (55.0%), avg ATS margin +2.0 over 80 games. Supports Florida State.",1.96,medium,1.96,,,,,,,,,,,,,,,,
g18,1.0,2026-09-03,Akron,Wake Forest,coach_ats,Coach ATS support,Wake Forest,"Jake Dickert Full Game Favorite: 19-13 ATS (59.4%), avg ATS margin +1.9 over 32 games. Supports Wake Forest.",1.88,medium,1.88,,,,,,,,,,,,,,,,
g159,2.0,2026-09-12,Wake Forest,Purdue,coach_ats,Coach ATS support,Wake Forest,"Jake Dickert Full Game Favorite: 19-13 ATS (59.4%), avg ATS margin +1.9 over 32 games. Supports Wake Forest.",1.88,medium,1.88,,,,,,,,,,,,,,,,
g388,5.0,2026-10-03,Stanford,Wake Forest,coach_ats,Coach ATS support,Wake Forest,"Jake Dickert Full Game Favorite: 19-13 ATS (59.4%), avg ATS margin +1.9 over 32 games. Supports Wake Forest.",1.88,medium,1.88,,,,,,,,,,,,,,,,
g887,13.0,2026-11-28,Duke,Wake Forest,coach_ats,Coach ATS support,Wake Forest,"Jake Dickert Full Game Favorite: 19-13 ATS (59.4%), avg ATS margin +1.9 over 32 games. Supports Wake Forest.",1.88,medium,1.88,,,,,,,,,,,,,,,,
g48,1.0,2026-09-05,Liberty,James Madison,coach_ats,Coach ATS support,Liberty,"Jamey Chadwell Full Game Underdog: 17-13 ATS (56.7%), avg ATS margin +1.9 over 30 games. Supports Liberty.",1.85,medium,1.85,,,,,,,,,,,,,,,,
g79,1.0,2026-09-05,Kent State,South Carolina,coach_ats,Coach ATS support,South Carolina,"Shane Beamer Full Game Favorite: 16-11 ATS (59.3%), avg ATS margin +1.9 over 27 games. Supports South Carolina.",1.85,medium,1.85,,,,,,,,,,,,,,,,
g138,2.0,2026-09-12,Gardner-Webb,Liberty,coach_ats,Coach ATS support,Liberty,"Jamey Chadwell Full Game Underdog: 17-13 ATS (56.7%), avg ATS margin +1.9 over 30 games. Supports Liberty.",1.85,medium,1.85,,,,,,,,,,,,,,,,
g243,3.0,2026-09-19,Mississippi State,South Carolina,coach_ats,Coach ATS support,South Carolina,"Shane Beamer Full Game Favorite: 16-11 ATS (59.3%), avg ATS margin +1.9 over 27 games. Supports South Carolina.",1.85,medium,1.85,,,,,,,,,,,,,,,,
g380,5.0,2026-10-03,Kentucky,South Carolina,coach_ats,Coach ATS support,South Carolina,"Shane Beamer Full Game Favorite: 16-11 ATS (59.3%), avg ATS margin +1.9 over 27 games. Supports South Carolina.",1.85,medium,1.85,,,,,,,,,,,,,,,,
g514,8.0,2026-10-21,Liberty,Kennesaw State,coach_ats,Coach ATS support,Liberty,"Jamey Chadwell Full Game Underdog: 17-13 ATS (56.7%), avg ATS margin +1.9 over 30 games. Supports Liberty.",1.85,medium,1.85,,,,,,,,,,,,,,,,
g698,11.0,2026-11-14,South Carolina,Arkansas,coach_ats,Coach ATS support,South Carolina,"Shane Beamer Full Game Favorite: 16-11 ATS (59.3%), avg ATS margin +1.9 over 27 games. Supports South Carolina.",1.85,medium,1.85,,,,,,,,,,,,,,,,
g112,2.0,2026-09-12,Memphis,Boise State,coach_ats,Coach ATS support,Boise State,"Spencer Danielson Full Game Favorite: 19-11-2 ATS (63.3%), avg ATS margin +1.7 over 32 games. Supports Boise State.",1.73,medium,1.73,,,,,,,,,,,,,,,,
g330,4.0,2026-09-26,Boise State,Western Michigan,coach_ats,Coach ATS support,Boise State,"Spencer Danielson Full Game Favorite: 19-11-2 ATS (63.3%), avg ATS margin +1.7 over 32 games. Supports Boise State.",1.73,medium,1.73,,,,,,,,,,,,,,,,
g341,5.0,2026-10-03,Utah State,Boise State,coach_ats,Coach ATS support,Boise State,"Spencer Danielson Full Game Favorite: 19-11-2 ATS (63.3%), avg ATS margin +1.7 over 32 games. Supports Boise State.",1.73,medium,1.73,,,,,,,,,,,,,,,,
g410,6.0,2026-10-10,Boise State,Fresno State,coach_ats,Coach ATS support,Boise State,"Spencer Danielson Full Game Favorite: 19-11-2 ATS (63.3%), avg ATS margin +1.7 over 32 games. Supports Boise State.",1.73,medium,1.73,,,,,,,,,,,,,,,,
g564,8.0,2026-10-24,Boise State,Washington State,coach_ats,Coach ATS support,Boise State,"Spencer Danielson Full Game Favorite: 19-11-2 ATS (63.3%), avg ATS margin +1.7 over 32 games. Supports Boise State.",1.73,medium,1.73,,,,,,,,,,,,,,,,
g579,9.0,2026-10-31,Texas State,Boise State,coach_ats,Coach ATS support,Boise State,"Spencer Danielson Full Game Favorite: 19-11-2 ATS (63.3%), avg ATS margin +1.7 over 32 games. Supports Boise State.",1.73,medium,1.73,,,,,,,,,,,,,,,,
g640,10.0,2026-11-07,Boise State,Colorado State,coach_ats,Coach ATS support,Boise State,"Spencer Danielson Full Game Favorite: 19-11-2 ATS (63.3%), avg ATS margin +1.7 over 32 games. Supports Boise State.",1.73,medium,1.73,,,,,,,,,,,,,,,,
g700,11.0,2026-11-14,Oregon State,Boise State,coach_ats,Coach ATS support,Boise State,"Spencer Danielson Full Game Favorite: 19-11-2 ATS (63.3%), avg ATS margin +1.7 over 32 games. Supports Boise State.",1.73,medium,1.73,,,,,,,,,,,,,,,,
g770,12.0,2026-11-21,San Diego State,Boise State,coach_ats,Coach ATS support,Boise State,"Spencer Danielson Full Game Favorite: 19-11-2 ATS (63.3%), avg ATS margin +1.7 over 32 games. Supports Boise State.",1.73,medium,1.73,,,,,,,,,,,,,,,,
g884,13.0,2026-11-28,Boise State,Utah State,coach_ats,Coach ATS support,Boise State,"Spencer Danielson Full Game Favorite: 19-11-2 ATS (63.3%), avg ATS margin +1.7 over 32 games. Supports Boise State.",1.73,medium,1.73,,,,,,,,,,,,,,,,
g8,0.0,2026-08-29,NC State,Virginia,coach_ats,Coach ATS fade,Virginia,"Dave Doeren Full Game Underdog: 30-37 ATS (44.8%), avg ATS margin -1.6 over 67 games. Supports Virginia by fading NC State.",1.63,medium,1.63,,,,,,,,,,,,,,,,
g146,2.0,2026-09-12,Richmond,NC State,coach_ats,Coach ATS fade,Richmond,"Dave Doeren Full Game Underdog: 30-37 ATS (44.8%), avg ATS margin -1.6 over 67 games. Supports Richmond by fading NC State.",1.63,medium,1.63,,,,,,,,,,,,,,,,
g256,3.0,2026-09-19,NC State,Vanderbilt,coach_ats,Coach ATS fade,Vanderbilt,"Dave Doeren Full Game Underdog: 30-37 ATS (44.8%), avg ATS margin -1.6 over 67 games. Supports Vanderbilt by fading NC State.",1.63,medium,1.63,,,,,,,,,,,,,,,,
g370,5.0,2026-10-03,Louisville,NC State,coach_ats,Coach ATS fade,Louisville,"Dave Doeren Full Game Underdog: 30-37 ATS (44.8%), avg ATS margin -1.6 over 67 games. Supports Louisville by fading NC State.",1.63,medium,1.63,,,,,,,,,,,,,,,,
g778,12.0,2026-11-21,NC State,Florida State,coach_ats,Coach ATS fade,Florida State,"Dave Doeren Full Game Underdog: 30-37 ATS (44.8%), avg ATS margin -1.6 over 67 games. Supports Florida State by fading NC State.",1.63,medium,1.63,,,,,,,,,,,,,,,,
g2,0.0,2026-08-29,New Mexico State,Florida State,coach_ats,Coach ATS support,New Mexico State,"Tony Sanchez Full Game Underdog: 33-27-1 ATS (55.0%), avg ATS margin +1.6 over 61 games. Supports New Mexico State.",1.62,medium,1.62,,,,,,,,,,,,,,,,
g65,1.0,2026-09-05,Mercyhurst,New Mexico State,coach_ats,Coach ATS support,New Mexico State,"Tony Sanchez Full Game Underdog: 33-27-1 ATS (55.0%), avg ATS margin +1.6 over 61 games. Supports New Mexico State.",1.62,medium,1.62,,,,,,,,,,,,,,,,
g127,2.0,2026-09-12,New Mexico State,Hawaii,coach_ats,Coach ATS support,New Mexico State,"Tony Sanchez Full Game Underdog: 33-27-1 ATS (55.0%), avg ATS margin +1.6 over 61 games. Supports New Mexico State.",1.62,medium,1.62,,,,,,,,,,,,,,,,
g302,4.0,2026-09-26,New Mexico,New Mexico State,coach_ats,Coach ATS support,New Mexico State,"Tony Sanchez Full Game Underdog: 33-27-1 ATS (55.0%), avg ATS margin +1.6 over 61 games. Supports New Mexico State.",1.62,medium,1.62,,,,,,,,,,,,,,,,
g332,5.0,2026-10-01,Western Kentucky,New Mexico State,coach_ats,Coach ATS support,New Mexico State,"Tony Sanchez Full Game Underdog: 33-27-1 ATS (55.0%), avg ATS margin +1.6 over 61 games. Supports New Mexico State.",1.62,medium,1.62,,,,,,,,,,,,,,,,
g392,6.0,2026-10-07,New Mexico State,Florida International,coach_ats,Coach ATS support,New Mexico State,"Tony Sanchez Full Game Underdog: 33-27-1 ATS (55.0%), avg ATS margin +1.6 over 61 games. Supports New Mexico State.",1.62,medium,1.62,,,,,,,,,,,,,,,,
g570,9.0,2026-10-28,Jacksonville State,New Mexico State,coach_ats,Coach ATS support,New Mexico State,"Tony Sanchez Full Game Underdog: 33-27-1 ATS (55.0%), avg ATS margin +1.6 over 61 games. Supports New Mexico State.",1.62,medium,1.62,,,,,,,,,,,,,,,,
g662,10.0,2026-11-07,Liberty,New Mexico State,coach_ats,Coach ATS support,New Mexico State,"Tony Sanchez Full Game Underdog: 33-27-1 ATS (55.0%), avg ATS margin +1.6 over 61 games. Supports New Mexico State.",1.62,medium,1.62,,,,,,,,,,,,,,,,
g722,11.0,2026-11-14,New Mexico State,Missouri State,coach_ats,Coach ATS support,New Mexico State,"Tony Sanchez Full Game Underdog: 33-27-1 ATS (55.0%), avg ATS margin +1.6 over 61 games. Supports New Mexico State.",1.62,medium,1.62,,,,,,,,,,,,,,,,
g798,12.0,2026-11-21,Delaware,New Mexico State,coach_ats,Coach ATS support,New Mexico State,"Tony Sanchez Full Game Underdog: 33-27-1 ATS (55.0%), avg ATS margin +1.6 over 61 games. Supports New Mexico State.",1.62,medium,1.62,,,,,,,,,,,,,,,,
g862,13.0,2026-11-28,New Mexico State,Middle Tennessee,coach_ats,Coach ATS support,New Mexico State,"Tony Sanchez Full Game Underdog: 33-27-1 ATS (55.0%), avg ATS margin +1.6 over 61 games. Supports New Mexico State.",1.62,medium,1.62,,,,,,,,,,,,,,,,
g16,1.0,2026-09-03,Massachusetts,Rutgers,coach_ats,Coach ATS support,Rutgers,"Greg Schiano Full Game Favorite: 16-10 ATS (61.5%), avg ATS margin +1.5 over 26 games. Supports Rutgers.",1.54,medium,1.54,,,,,,,,,,,,,,,,
g101,2.0,2026-09-11,Rutgers,Boston College,coach_ats,Coach ATS support,Rutgers,"Greg Schiano Full Game Favorite: 16-10 ATS (61.5%), avg ATS margin +1.5 over 26 games. Supports Rutgers.",1.54,medium,1.54,,,,,,,,,,,,,,,,
g875,13.0,2026-11-28,Michigan State,Rutgers,coach_ats,Coach ATS support,Rutgers,"Greg Schiano Full Game Favorite: 16-10 ATS (61.5%), avg ATS margin +1.5 over 26 games. Supports Rutgers.",1.54,medium,1.54,,,,,,,,,,,,,,,,
g63,1.0,2026-09-05,Western Kentucky,Nevada,coach_ats,Coach ATS support,Western Kentucky,"Tyson Helton Full Game Favorite: 29-23 ATS (55.8%), avg ATS margin +1.5 over 52 games. Supports Western Kentucky.",1.51,medium,1.51,,,,,,,,,,,,,,,,
g332,5.0,2026-10-01,Western Kentucky,New Mexico State,coach_ats,Coach ATS support,Western Kentucky,"Tyson Helton Full Game Favorite: 29-23 ATS (55.8%), avg ATS margin +1.5 over 52 games. Supports Western Kentucky.",1.51,medium,1.51,,,,,,,,,,,,,,,,
g397,6.0,2026-10-08,Missouri State,Western Kentucky,coach_ats,Coach ATS support,Western Kentucky,"Tyson Helton Full Game Favorite: 29-23 ATS (55.8%), avg ATS margin +1.5 over 52 games. Supports Western Kentucky.",1.51,medium,1.51,,,,,,,,,,,,,,,,
g452,7.0,2026-10-14,Western Kentucky,Sam Houston,coach_ats,Coach ATS support,Western Kentucky,"Tyson Helton Full Game Favorite: 29-23 ATS (55.8%), avg ATS margin +1.5 over 52 games. Supports Western Kentucky.",1.51,medium,1.51,,,,,,,,,,,,,,,,
g568,9.0,2026-10-27,Delaware,Western Kentucky,coach_ats,Coach ATS support,Western Kentucky,"Tyson Helton Full Game Favorite: 29-23 ATS (55.8%), avg ATS margin +1.5 over 52 games. Supports Western Kentucky.",1.51,medium,1.51,,,,,,,,,,,,,,,,
g655,10.0,2026-11-07,Western Kentucky,Middle Tennessee,coach_ats,Coach ATS support,Western Kentucky,"Tyson Helton Full Game Favorite: 29-23 ATS (55.8%), avg ATS margin +1.5 over 52 games. Supports Western Kentucky.",1.51,medium,1.51,,,,,,,,,,,,,,,,
g752,11.0,2026-11-14,Jacksonville State,Western Kentucky,coach_ats,Coach ATS support,Western Kentucky,"Tyson Helton Full Game Favorite: 29-23 ATS (55.8%), avg ATS margin +1.5 over 52 games. Supports Western Kentucky.",1.51,medium,1.51,,,,,,,,,,,,,,,,
g889,13.0,2026-11-28,Kennesaw State,Western Kentucky,coach_ats,Coach ATS support,Western Kentucky,"Tyson Helton Full Game Favorite: 29-23 ATS (55.8%), avg ATS margin +1.5 over 52 games. Supports Western Kentucky.",1.51,medium,1.51,,,,,,,,,,,,,,,,
g463,7.0,2026-10-17,Massachusetts,Buffalo,coach_ats,Coach ATS fade,Massachusetts,"Pete Lembo Full Game Favorite: 11-15-1 ATS (42.3%), avg ATS margin -1.5 over 27 games. Supports Massachusetts by fading Buffalo.",1.5,medium,1.5,,,,,,,,,,,,,,,,
g525,8.0,2026-10-24,Bowling Green,Buffalo,coach_ats,Coach ATS fade,Bowling Green,"Pete Lembo Full Game Favorite: 11-15-1 ATS (42.3%), avg ATS margin -1.5 over 27 games. Supports Bowling Green by fading Buffalo.",1.5,medium,1.5,,,,,,,,,,,,,,,,
g689,11.0,2026-11-11,Buffalo,Ball State,coach_ats,Coach ATS fade,Ball State,"Pete Lembo Full Game Favorite: 11-15-1 ATS (42.3%), avg ATS margin -1.5 over 27 games. Supports Ball State by fading Buffalo.",1.5,medium,1.5,,,,,,,,,,,,,,,,
g756,12.0,2026-11-18,Central Michigan,Buffalo,coach_ats,Coach ATS fade,Central Michigan,"Pete Lembo Full Game Favorite: 11-15-1 ATS (42.3%), avg ATS margin -1.5 over 27 games. Supports Central Michigan by fading Buffalo.",1.5,medium,1.5,,,,,,,,,,,,,,,,
g826,13.0,2026-11-27,Buffalo,Akron,coach_ats,Coach ATS fade,Akron,"Pete Lembo Full Game Favorite: 11-15-1 ATS (42.3%), avg ATS margin -1.5 over 27 games. Supports Akron by fading Buffalo.",1.5,medium,1.5,,,,,,,,,,,,,,,,
g4,0.0,2026-08-29,Hawaii,Stanford,cross_book_spread_outlier,Stale opener: spread,Stanford,"FanDuel opened -4.5, 1.0 points from the 11-book opening median -3.5.",1.91,high,1.91,,,,,,,,,,,,,,,,
g3,0.0,2026-08-29,Jacksonville State,North Dakota State,cross_book_spread_outlier,Stale opener: spread,North Dakota State Bison,"DraftKings opened -10, 1.5 points from the 13-book opening median -8.5. Expected move has already started; do not chase.",1.91,high,1.91,,,,,,,,,,,,,,,,
g3,0.0,2026-08-29,Jacksonville State,North Dakota State,cross_book_spread_outlier,Stale opener: spread,Jacksonville State,"Caesars opened 7.5, 16.0 points from the 11-book opening median -8.5.",1.91,high,1.91,,,,,,,,,,,,,,,,
g2,0.0,2026-08-29,New Mexico State,Florida State,cross_book_spread_outlier,Stale opener: spread,New Mexico State Aggies,"DraftKings opened -28.5, 2.0 points from the 13-book opening median -30.5. Expected move has already started; do not chase.",1.91,high,1.91,,,,,,,,,,,,,,,,
g2,0.0,2026-08-29,New Mexico State,Florida State,cross_book_spread_outlier,Stale opener: spread,New Mexico State,"FanDuel opened -29.5, 1.0 points from the 11-book opening median -30.5.",1.91,high,1.91,,,,,,,,,,,,,,,,
g1,0.0,2026-08-29,Sacramento State,Eastern Michigan,cross_book_spread_outlier,Stale opener: spread,Eastern Michigan Eagles,"BetUS opened -9, 1.0 points from the 13-book opening median -8.",1.91,high,1.91,,,,,,,,,,,,,,,,
g1,0.0,2026-08-29,Sacramento State,Eastern Michigan,cross_book_spread_outlier,Stale opener: spread,Eastern Michigan,"FanDuel opened -8.5, 1.0 points from the 11-book opening median -7.5.",1.91,high,1.91,,,,,,,,,,,,,,,,
g6,0.0,2026-08-29,Memphis,UNLV,cross_book_spread_outlier,Stale opener: spread,UNLV,"FanDuel opened -4.5, 1.0 points from the 11-book opening median -3.5.",1.91,high,1.91,,,,,,,,,,,,,,,,
g19,1.0,2026-09-04,San Jose State,Eastern Michigan,cross_book_spread_outlier,Stale opener: spread,San José State,"fanduel opened -3.5, 1.0 points from the 7-book opening median -4.5.",1.91,high,1.91,,,,,,,,,,,,,,,,
g19,1.0,2026-09-04,San Jose State,Eastern Michigan,cross_book_spread_outlier,Stale opener: spread,San Jose State Spartans,"DraftKings opened -3.5, 1.0 points from the 13-book opening median -4.5. Expected move has already started; do not chase.",1.91,high,1.91,,,,,,,,,,,,,,,,
g22,1.0,2026-09-04,Miami-FL,Stanford,cross_book_spread_outlier,Stale opener: spread,Miami (FL),"FanDuel opened 23.5, 1.0 points from the 4-book opening median 22.5.",1.91,high,1.91,,,,,,,,,,,,,,,,
g22,1.0,2026-09-04,Miami-FL,Stanford,cross_book_spread_outlier,Stale opener: spread,Stanford,"fanduel opened 21.5, 1.0 points from the 7-book opening median 22.5. Expected move has already started; do not chase.",1.91,high,1.91,,,,,,,,,,,,,,,,
g35,1.0,2026-09-05,Boston College,Cincinnati,cross_book_spread_outlier,Stale opener: spread,Cincinnati Bearcats,"DraftKings opened -9.5, 2.0 points from the 12-book opening median -7.5. Expected move has already started; do not chase.",1.91,high,1.91,,,,,,,,,,,,,,,,
g96,1.0,2026-09-05,Coastal Carolina,West Virginia,cross_book_spread_outlier,Stale opener: spread,Coastal Carolina Chanticleers,"DraftKings opened -17.5, 2.5 points from the 13-book opening median -20. Expected move has already started; do not chase.",1.91,high,1.91,,,,,,,,,,,,,,,,
g96,1.0,2026-09-05,Coastal Carolina,West Virginia,cross_book_spread_outlier,Stale opener: spread,West Virginia,"FanDuel opened -20.5, 2.0 points from the 11-book opening median -18.5.",1.91,high,1.91,,,,,,,,,,,,,,,,
g24,1.0,2026-09-05,East Carolina,Alabama,cross_book_spread_outlier,Stale opener: spread,East Carolina,"fanduel opened -25.5, 1.0 points from the 11-book opening median -26.5. Expected move has already started; do not chase.",1.91,high,1.91,,,,,,,,,,,,,,,,
g39,1.0,2026-09-05,Florida Atlantic,Florida,cross_book_spread_outlier,Stale opener: spread,Florida Atlantic Owls,"DraftKings opened -25.5, 1.0 points from the 12-book opening median -26.5. Expected move has already started; do not chase.",1.91,high,1.91,,,,,,,,,,,,,,,,
g80,1.0,2026-09-05,Florida International,South Florida,cross_book_spread_outlier,Stale opener: spread,Florida International,"fanduel opened -11.5, 1.0 points from the 11-book opening median -12.5. Expected move has already started; do not chase.",1.91,high,1.91,,,,,,,,,,,,,,,,
g60,1.0,2026-09-05,UL-Monroe,Mississippi State,cross_book_spread_outlier,Stale opener: spread,Mississippi State,"FanDuel opened -29.5, 1.0 points from the 4-book opening median -28.5.",1.91,high,1.91,,,,,,,,,,,,,,,,
g73,1.0,2026-09-05,Miami-OH,Pittsburgh,cross_book_spread_outlier,Stale opener: spread,Pittsburgh,"BetMGM opened -16.5, 1.0 points from the 11-book opening median -15.5.",1.91,high,1.91,,,,,,,,,,,,,,,,
g45,1.0,2026-09-05,North Texas,Indiana,cross_book_spread_outlier,Stale opener: spread,North Texas,"espnbet opened -39, 1.5 points from the 11-book opening median -40.5.",1.91,high,1.91,,,,,,,,,,,,,,,,
g89,1.0,2026-09-05,Oklahoma State,Tulsa,cross_book_spread_outlier,Stale opener: spread,Oklahoma State,"FanDuel opened 13.5, 1.0 points from the 11-book opening median 12.5.",1.91,high,1.91,,,,,,,,,,,,,,,,
g85,1.0,2026-09-05,Texas State,Texas,cross_book_spread_outlier,Stale opener: spread,Texas,"BetMGM opened -31.5, 1.0 points from the 10-book opening median -30.5.",1.91,high,1.91,,,,,,,,,,,,,,,,
g58,1.0,2026-09-05,Toledo,Michigan State,cross_book_spread_outlier,Stale opener: spread,Michigan State Spartans,"FanDuel opened -11.5, 1.0 points from the 13-book opening median -10.5.",1.91,high,1.91,,,,,,,,,,,,,,,,
g58,1.0,2026-09-05,Toledo,Michigan State,cross_book_spread_outlier,Stale opener: spread,Michigan State,"FanDuel opened -11.5, 1.0 points from the 11-book opening median -10.5.",1.91,high,1.91,,,,,,,,,,,,,,,,
g38,1.0,2026-09-05,Tulane,Duke,cross_book_spread_outlier,Stale opener: spread,Duke,"FanDuel opened -10.5, 1.0 points from the 11-book opening median -9.5.",1.91,high,1.91,,,,,,,,,,,,,,,,
g60,1.0,2026-09-05,UL-Monroe,Mississippi State,cross_book_spread_outlier,Stale opener: spread,Mississippi State Bulldogs,"FanDuel opened -29.5, 1.0 points from the 13-book opening median -28.5.",1.91,high,1.91,,,,,,,,,,,,,,,,
g69,1.0,2026-09-05,UTEP,Oklahoma,cross_book_spread_outlier,Stale opener: spread,UTEP,"FanDuel opened -39.5, 1.0 points from the 11-book opening median -40.5.",1.91,high,1.91,,,,,,,,,,,,,,,,
g57,1.0,2026-09-05,Western Michigan,Michigan,cross_book_spread_outlier,Stale opener: spread,Western Michigan,"fanduel opened -25.5, 1.0 points from the 9-book opening median -26.5. Expected move has already started; do not chase.",1.91,high,1.91,,,,,,,,,,,,,,,,
g64,1.0,2026-09-05,Central Michigan,New Mexico,cross_book_spread_outlier,Stale opener: spread,New Mexico Lobos,"Hard Rock Bet opened -13.5, 1.0 points from the 12-book opening median -12.5.",1.91,high,1.91,,,,,,,,,,,,,,,,
g33,1.0,2026-09-05,UCLA,California,cross_book_spread_outlier,Stale opener: spread,UCLA,"espnbet opened -0.5, 1.0 points from the 11-book opening median -1.5.",1.91,high,1.91,,,,,,,,,,,,,,,,
g42,1.0,2026-09-05,UNLV,Hawaii,cross_book_spread_outlier,Stale opener: spread,UNLV,"FanDuel opened 2.5, 1.0 points from the 11-book opening median 1.5.",1.91,high,1.91,,,,,,,,,,,,,,,,
g98,1.0,2026-09-06,Louisville,Ole Miss,cross_book_spread_outlier,Stale opener: spread,Ole Miss Rebels,"BetMGM opened -7.5, 1.0 points from the 3-book opening median -6.5.",1.91,high,1.91,,,,,,,,,,,,,,,,
g131,2.0,2026-09-12,Iowa State,Iowa,cross_book_spread_outlier,Stale opener: spread,Iowa State,"draftkings opened -11.5, 1.0 points from the 3-book opening median -12.5.",1.91,high,1.91,,,,,,,,,,,,,,,,
g167,2.0,2026-09-12,Ohio State,Texas,cross_book_spread_outlier,Stale opener: spread,Ohio State,"draftkings opened 0, 1.5 points from the 10-book opening median -1.5. Expected move has already started; do not chase.",1.91,high,1.91,,,,,,,,,,,,,,,,
g155,2.0,2026-09-12,Oregon,Oklahoma State,cross_book_spread_outlier,Stale opener: spread,Oregon Ducks,"DraftKings opened 18.5, 1.0 points from the 4-book opening median 17.5.",1.91,high,1.91,,,,,,,,,,,,,,,,
g155,2.0,2026-09-12,Oregon,Oklahoma State,cross_book_spread_outlier,Stale opener: spread,Oklahoma State,"FanDuel opened 17.5, 1.0 points from the 4-book opening median 18.5.",1.91,high,1.91,,,,,,,,,,,,,,,,
g177,2.0,2026-09-12,Arkansas,Utah,cross_book_spread_outlier,Stale opener: spread,Utah,"DraftKings opened -10, 1.2 points from the 4-book opening median -8.75.",1.91,high,1.91,,,,,,,,,,,,,,,,
g232,3.0,2026-09-19,LSU,Ole Miss,cross_book_spread_outlier,Stale opener: spread,LSU,"DraftKings opened -1.5, 1.0 points from the 5-book opening median -2.5.",1.91,high,1.91,,,,,,,,,,,,,,,,
g7,0.0,2026-08-29,San Jose State,USC,cross_book_total_outlier,Stale opener: total,Over,"betmgm opened 55.5, 3.0 points from the 6-book opening median 58.5. Expected move has already started; do not chase.",1.5,high,1.5,,,,,,,,,,,,,,,,
g7,0.0,2026-08-29,San Jose State,USC,cross_book_total_outlier,Stale opener: total,Over,"BetMGM opened 55.5, 3.0 points from the 4-book opening median 58.5. Expected move has already started; do not chase.",1.5,high,1.5,,,,,,,,,,,,,,,,
g48,1.0,2026-09-05,Liberty,James Madison,cross_book_total_outlier,Stale opener: total,Under,"FanDuel opened 52.5, 2.0 points from the 10-book opening median 50.5.",1.5,high,1.5,,,,,,,,,,,,,,,,
g88,1.0,2026-09-05,Sam Houston,Troy,cross_book_total_outlier,Stale opener: total,Under,"fanduel opened 52.5, 2.0 points from the 10-book opening median 50.5. Expected move has already started; do not chase.",1.5,high,1.5,,,,,,,,,,,,,,,,
g98,1.0,2026-09-06,Louisville,Ole Miss,cross_book_total_outlier,Stale opener: total,Over,"Bally Bet opened 53.5, 2.0 points from the 11-book opening median 55.5. Expected move has already started; do not chase.",1.5,high,1.5,,,,,,,,,,,,,,,,
g81,1.0,2026-09-05,Alcorn State,Southern Miss,high_variance,High model variance,Southern Miss,"Southern Miss rating range 18.2 across SP+/FPI/TeamRankings; high source fpi, low source spplus.",18.200000000000003,high,18.200000000000003,,,,,,,,,,,,,,,,
g108,2.0,2026-09-12,Southern Miss,Auburn,high_variance,High model variance,Southern Miss,"Southern Miss rating range 18.2 across SP+/FPI/TeamRankings; high source fpi, low source spplus.",18.200000000000003,high,18.200000000000003,,,,,,,,,,,,,,,,
g245,3.0,2026-09-19,Connecticut,Southern Miss,high_variance,High model variance,Southern Miss,"Southern Miss rating range 18.2 across SP+/FPI/TeamRankings; high source fpi, low source spplus.",18.200000000000003,high,18.200000000000003,,,,,,,,,,,,,,,,
g319,4.0,2026-09-26,Southern Miss,Tulane,high_variance,High model variance,Southern Miss,"Southern Miss rating range 18.2 across SP+/FPI/TeamRankings; high source fpi, low source spplus.",18.200000000000003,high,18.200000000000003,,,,,,,,,,,,,,,,
g391,6.0,2026-10-06,Southern Miss,Troy,high_variance,High model variance,Southern Miss,"Southern Miss rating range 18.2 across SP+/FPI/TeamRankings; high source fpi, low source spplus.",18.200000000000003,high,18.200000000000003,,,,,,,,,,,,,,,,
g494,7.0,2026-10-17,Arkansas State,Southern Miss,high_variance,High model variance,Southern Miss,"Southern Miss rating range 18.2 across SP+/FPI/TeamRankings; high source fpi, low source spplus.",18.200000000000003,high,18.200000000000003,,,,,,,,,,,,,,,,
g553,8.0,2026-10-24,Louisiana,Southern Miss,high_variance,High model variance,Southern Miss,"Southern Miss rating range 18.2 across SP+/FPI/TeamRankings; high source fpi, low source spplus.",18.200000000000003,high,18.200000000000003,,,,,,,,,,,,,,,,
g617,9.0,2026-10-31,Southern Miss,UL-Monroe,high_variance,High model variance,Southern Miss,"Southern Miss rating range 18.2 across SP+/FPI/TeamRankings; high source fpi, low source spplus.",18.200000000000003,high,18.200000000000003,,,,,,,,,,,,,,,,
g629,10.0,2026-11-05,James Madison,Southern Miss,high_variance,High model variance,Southern Miss,"Southern Miss rating range 18.2 across SP+/FPI/TeamRankings; high source fpi, low source spplus.",18.200000000000003,high,18.200000000000003,,,,,,,,,,,,,,,,
g716,11.0,2026-11-14,Southern Miss,Louisiana Tech,high_variance,High model variance,Southern Miss,"Southern Miss rating range 18.2 across SP+/FPI/TeamRankings; high source fpi, low source spplus.",18.200000000000003,high,18.200000000000003,,,,,,,,,,,,,,,,
g809,12.0,2026-11-21,South Alabama,Southern Miss,high_variance,High model variance,Southern Miss,"Southern Miss rating range 18.2 across SP+/FPI/TeamRankings; high source fpi, low source spplus.",18.200000000000003,high,18.200000000000003,,,,,,,,,,,,,,,,
g872,13.0,2026-11-28,Southern Miss,Old Dominion,high_variance,High model variance,Southern Miss,"Southern Miss rating range 18.2 across SP+/FPI/TeamRankings; high source fpi, low source spplus.",18.200000000000003,high,18.200000000000003,,,,,,,,,,,,,,,,
g34,1.0,2026-09-05,The Citadel,Charlotte,high_variance,High model variance,Charlotte,"Charlotte rating range 17.8 across SP+/FPI/TeamRankings; high source fpi, low source spplus.",17.799999999999997,high,17.799999999999997,,,,,,,,,,,,,,,,
g156,2.0,2026-09-12,Charlotte,Ole Miss,high_variance,High model variance,Charlotte,"Charlotte rating range 17.8 across SP+/FPI/TeamRankings; high source fpi, low source spplus.",17.799999999999997,high,17.799999999999997,,,,,,,,,,,,,,,,
g190,3.0,2026-09-19,Charlotte,Appalachian State,high_variance,High model variance,Charlotte,"Charlotte rating range 17.8 across SP+/FPI/TeamRankings; high source fpi, low source spplus.",17.799999999999997,high,17.799999999999997,,,,,,,,,,,,,,,,
g274,4.0,2026-09-26,Louisiana,Charlotte,high_variance,High model variance,Charlotte,"Charlotte rating range 17.8 across SP+/FPI/TeamRankings; high source fpi, low source spplus.",17.799999999999997,high,17.799999999999997,,,,,,,,,,,,,,,,
g344,5.0,2026-10-03,Memphis,Charlotte,high_variance,High model variance,Charlotte,"Charlotte rating range 17.8 across SP+/FPI/TeamRankings; high source fpi, low source spplus.",17.799999999999997,high,17.799999999999997,,,,,,,,,,,,,,,,
g424,6.0,2026-10-10,Charlotte,North Texas,high_variance,High model variance,Charlotte,"Charlotte rating range 17.8 across SP+/FPI/TeamRankings; high source fpi, low source spplus.",17.799999999999997,high,17.799999999999997,,,,,,,,,,,,,,,,
g497,7.0,2026-10-17,Charlotte,Temple,high_variance,High model variance,Charlotte,"Charlotte rating range 17.8 across SP+/FPI/TeamRankings; high source fpi, low source spplus.",17.799999999999997,high,17.799999999999997,,,,,,,,,,,,,,,,
g574,9.0,2026-10-30,Tulane,Charlotte,high_variance,High model variance,Charlotte,"Charlotte rating range 17.8 across SP+/FPI/TeamRankings; high source fpi, low source spplus.",17.799999999999997,high,17.799999999999997,,,,,,,,,,,,,,,,
g678,10.0,2026-11-07,Charlotte,UAB,high_variance,High model variance,Charlotte,"Charlotte rating range 17.8 across SP+/FPI/TeamRankings; high source fpi, low source spplus.",17.799999999999997,high,17.799999999999997,,,,,,,,,,,,,,,,
g702,11.0,2026-11-14,East Carolina,Charlotte,high_variance,High model variance,Charlotte,"Charlotte rating range 17.8 across SP+/FPI/TeamRankings; high source fpi, low source spplus.",17.799999999999997,high,17.799999999999997,,,,,,,,,,,,,,,,
g816,12.0,2026-11-21,Charlotte,Tulsa,high_variance,High model variance,Charlotte,"Charlotte rating range 17.8 across SP+/FPI/TeamRankings; high source fpi, low source spplus.",17.799999999999997,high,17.799999999999997,,,,,,,,,,,,,,,,
g842,13.0,2026-11-28,Navy,Charlotte,high_variance,High model variance,Charlotte,"Charlotte rating range 17.8 across SP+/FPI/TeamRankings; high source fpi, low source spplus.",17.799999999999997,high,17.799999999999997,,,,,,,,,,,,,,,,
g1,0.0,2026-08-29,Sacramento State,Eastern Michigan,high_variance,High model variance,Sacramento State,"Sacramento State rating range 12.3 across SP+/FPI/TeamRankings; high source fpi, low source spplus.",12.3,high,12.3,,,,,,,,,,,,,,,,
g76,1.0,2026-09-05,MVSU,Sacramento State,high_variance,High model variance,Sacramento State,"Sacramento State rating range 12.3 across SP+/FPI/TeamRankings; high source fpi, low source spplus.",12.3,high,12.3,,,,,,,,,,,,,,,,
g124,2.0,2026-09-12,Sacramento State,Fresno State,high_variance,High model variance,Sacramento State,"Sacramento State rating range 12.3 across SP+/FPI/TeamRankings; high source fpi, low source spplus.",12.3,high,12.3,,,,,,,,,,,,,,,,
g238,3.0,2026-09-19,North Dakota State,Sacramento State,high_variance,High model variance,Sacramento State,"Sacramento State rating range 12.3 across SP+/FPI/TeamRankings; high source fpi, low source spplus.",12.3,high,12.3,,,,,,,,,,,,,,,,
g312,4.0,2026-09-26,Massachusetts,Sacramento State,high_variance,High model variance,Sacramento State,"Sacramento State rating range 12.3 across SP+/FPI/TeamRankings; high source fpi, low source spplus.",12.3,high,12.3,,,,,,,,,,,,,,,,
g406,6.0,2026-10-10,Sacramento State,Bowling Green,high_variance,High model variance,Sacramento State,"Sacramento State rating range 12.3 across SP+/FPI/TeamRankings; high source fpi, low source spplus.",12.3,high,12.3,,,,,,,,,,,,,,,,
g491,7.0,2026-10-17,Ohio,Sacramento State,high_variance,High model variance,Sacramento State,"Sacramento State rating range 12.3 across SP+/FPI/TeamRankings; high source fpi, low source spplus.",12.3,high,12.3,,,,,,,,,,,,,,,,
g524,8.0,2026-10-24,Sacramento State,Ball State,high_variance,High model variance,Sacramento State,"Sacramento State rating range 12.3 across SP+/FPI/TeamRankings; high source fpi, low source spplus.",12.3,high,12.3,,,,,,,,,,,,,,,,
g575,9.0,2026-10-30,Kent State,Sacramento State,high_variance,High model variance,Sacramento State,"Sacramento State rating range 12.3 across SP+/FPI/TeamRankings; high source fpi, low source spplus.",12.3,high,12.3,,,,,,,,,,,,,,,,
g627,10.0,2026-11-04,Toledo,Sacramento State,high_variance,High model variance,Sacramento State,"Sacramento State rating range 12.3 across SP+/FPI/TeamRankings; high source fpi, low source spplus.",12.3,high,12.3,,,,,,,,,,,,,,,,
g690,11.0,2026-11-11,Sacramento State,Central Michigan,high_variance,High model variance,Sacramento State,"Sacramento State rating range 12.3 across SP+/FPI/TeamRankings; high source fpi, low source spplus.",12.3,high,12.3,,,,,,,,,,,,,,,,
g853,13.0,2026-11-28,Sacramento State,Hawaii,high_variance,High model variance,Sacramento State,"Sacramento State rating range 12.3 across SP+/FPI/TeamRankings; high source fpi, low source spplus.",12.3,high,12.3,,,,,,,,,,,,,,,,
g16,1.0,2026-09-03,Massachusetts,Rutgers,high_variance,High model variance,Massachusetts,"Massachusetts rating range 12.1 across SP+/FPI/TeamRankings; high source fpi, low source spplus.",12.099999999999998,high,12.099999999999998,,,,,,,,,,,,,,,,
g140,2.0,2026-09-12,Sacred Heart,Massachusetts,high_variance,High model variance,Massachusetts,"Massachusetts rating range 12.1 across SP+/FPI/TeamRankings; high source fpi, low source spplus.",12.099999999999998,high,12.099999999999998,,,,,,,,,,,,,,,,
g218,3.0,2026-09-19,Stonehill,Massachusetts,high_variance,High model variance,Massachusetts,"Massachusetts rating range 12.1 across SP+/FPI/TeamRankings; high source fpi, low source spplus.",12.099999999999998,high,12.099999999999998,,,,,,,,,,,,,,,,
g365,5.0,2026-10-03,Eastern Michigan,Massachusetts,high_variance,High model variance,Massachusetts,"Massachusetts rating range 12.1 across SP+/FPI/TeamRankings; high source fpi, low source spplus.",12.099999999999998,high,12.099999999999998,,,,,,,,,,,,,,,,
g417,6.0,2026-10-10,Miami-OH,Massachusetts,high_variance,High model variance,Massachusetts,"Massachusetts rating range 12.1 across SP+/FPI/TeamRankings; high source fpi, low source spplus.",12.099999999999998,high,12.099999999999998,,,,,,,,,,,,,,,,
g463,7.0,2026-10-17,Massachusetts,Buffalo,high_variance,High model variance,Massachusetts,"Massachusetts rating range 12.1 across SP+/FPI/TeamRankings; high source fpi, low source spplus.",12.099999999999998,high,12.099999999999998,,,,,,,,,,,,,,,,
g531,8.0,2026-10-24,Massachusetts,Connecticut,high_variance,High model variance,Massachusetts,"Massachusetts rating range 12.1 across SP+/FPI/TeamRankings; high source fpi, low source spplus.",12.099999999999998,high,12.099999999999998,,,,,,,,,,,,,,,,
g626,10.0,2026-11-04,Ball State,Massachusetts,high_variance,High model variance,Massachusetts,"Massachusetts rating range 12.1 across SP+/FPI/TeamRankings; high source fpi, low source spplus.",12.099999999999998,high,12.099999999999998,,,,,,,,,,,,,,,,
g691,11.0,2026-11-11,Massachusetts,Toledo,high_variance,High model variance,Massachusetts,"Massachusetts rating range 12.1 across SP+/FPI/TeamRankings; high source fpi, low source spplus.",12.099999999999998,high,12.099999999999998,,,,,,,,,,,,,,,,
g757,12.0,2026-11-18,Akron,Massachusetts,high_variance,High model variance,Massachusetts,"Massachusetts rating range 12.1 across SP+/FPI/TeamRankings; high source fpi, low source spplus.",12.099999999999998,high,12.099999999999998,,,,,,,,,,,,,,,,
g840,13.0,2026-11-28,Massachusetts,Bowling Green,high_variance,High model variance,Massachusetts,"Massachusetts rating range 12.1 across SP+/FPI/TeamRankings; high source fpi, low source spplus.",12.099999999999998,high,12.099999999999998,,,,,,,,,,,,,,,,
g20,1.0,2026-09-04,North Carolina A&T,Georgia State,high_variance,High model variance,Georgia State,"Georgia State rating range 9.9 across SP+/FPI/TeamRankings; high source fpi, low source spplus.",9.900000000000002,high,9.900000000000002,,,,,,,,,,,,,,,,
g134,2.0,2026-09-12,Georgia State,Kennesaw State,high_variance,High model variance,Georgia State,"Georgia State rating range 9.9 across SP+/FPI/TeamRankings; high source fpi, low source spplus.",9.900000000000002,high,9.900000000000002,,,,,,,,,,,,,,,,
g198,3.0,2026-09-19,Georgia State,Central Florida,high_variance,High model variance,Georgia State,"Georgia State rating range 9.9 across SP+/FPI/TeamRankings; high source fpi, low source spplus.",9.900000000000002,high,9.900000000000002,,,,,,,,,,,,,,,,
g285,4.0,2026-09-26,Northern Illinois,Georgia State,high_variance,High model variance,Georgia State,"Georgia State rating range 9.9 across SP+/FPI/TeamRankings; high source fpi, low source spplus.",9.900000000000002,high,9.900000000000002,,,,,,,,,,,,,,,,
g353,5.0,2026-10-03,Old Dominion,Georgia State,high_variance,High model variance,Georgia State,"Georgia State rating range 9.9 across SP+/FPI/TeamRankings; high source fpi, low source spplus.",9.900000000000002,high,9.900000000000002,,,,,,,,,,,,,,,,
g474,7.0,2026-10-17,Georgia State,James Madison,high_variance,High model variance,Georgia State,"Georgia State rating range 9.9 across SP+/FPI/TeamRankings; high source fpi, low source spplus.",9.900000000000002,high,9.900000000000002,,,,,,,,,,,,,,,,
g522,8.0,2026-10-24,Georgia State,Arkansas State,high_variance,High model variance,Georgia State,"Georgia State rating range 9.9 across SP+/FPI/TeamRankings; high source fpi, low source spplus.",9.900000000000002,high,9.900000000000002,,,,,,,,,,,,,,,,
g588,9.0,2026-10-31,Coastal Carolina,Georgia State,high_variance,High model variance,Georgia State,"Georgia State rating range 9.9 across SP+/FPI/TeamRankings; high source fpi, low source spplus.",9.900000000000002,high,9.900000000000002,,,,,,,,,,,,,,,,
g632,10.0,2026-11-07,Georgia State,Appalachian State,high_variance,High model variance,Georgia State,"Georgia State rating range 9.9 across SP+/FPI/TeamRankings; high source fpi, low source spplus.",9.900000000000002,high,9.900000000000002,,,,,,,,,,,,,,,,
g708,11.0,2026-11-14,Georgia Southern,Georgia State,high_variance,High model variance,Georgia State,"Georgia State rating range 9.9 across SP+/FPI/TeamRankings; high source fpi, low source spplus.",9.900000000000002,high,9.900000000000002,,,,,,,,,,,,,,,,
g789,12.0,2026-11-21,Georgia State,Marshall,high_variance,High model variance,Georgia State,"Georgia State rating range 9.9 across SP+/FPI/TeamRankings; high source fpi, low source spplus.",9.900000000000002,high,9.900000000000002,,,,,,,,,,,,,,,,
g852,13.0,2026-11-28,Louisiana,Georgia State,high_variance,High model variance,Georgia State,"Georgia State rating range 9.9 across SP+/FPI/TeamRankings; high source fpi, low source spplus.",9.900000000000002,high,9.900000000000002,,,,,,,,,,,,,,,,
g59,1.0,2026-09-05,Murray State,Middle Tennessee,high_variance,High model variance,Middle Tennessee,"Middle Tennessee rating range 9.9 across SP+/FPI/TeamRankings; high source fpi, low source spplus.",9.9,high,9.9,,,,,,,,,,,,,,,,
g139,2.0,2026-09-12,Middle Tennessee,Marshall,high_variance,High model variance,Middle Tennessee,"Middle Tennessee rating range 9.9 across SP+/FPI/TeamRankings; high source fpi, low source spplus.",9.9,high,9.9,,,,,,,,,,,,,,,,
g221,3.0,2026-09-19,Nevada,Middle Tennessee,high_variance,High model variance,Middle Tennessee,"Middle Tennessee rating range 9.9 across SP+/FPI/TeamRankings; high source fpi, low source spplus.",9.9,high,9.9,,,,,,,,,,,,,,,,
g288,4.0,2026-09-26,Middle Tennessee,Jacksonville State,high_variance,High model variance,Middle Tennessee,"Middle Tennessee rating range 9.9 across SP+/FPI/TeamRankings; high source fpi, low source spplus.",9.9,high,9.9,,,,,,,,,,,,,,,,
g360,5.0,2026-10-03,Middle Tennessee,Kansas,high_variance,High model variance,Middle Tennessee,"Middle Tennessee rating range 9.9 across SP+/FPI/TeamRankings; high source fpi, low source spplus.",9.9,high,9.9,,,,,,,,,,,,,,,,
g450,7.0,2026-10-13,Delaware,Middle Tennessee,high_variance,High model variance,Middle Tennessee,"Middle Tennessee rating range 9.9 across SP+/FPI/TeamRankings; high source fpi, low source spplus.",9.9,high,9.9,,,,,,,,,,,,,,,,
g512,8.0,2026-10-20,Middle Tennessee,Florida International,high_variance,High model variance,Middle Tennessee,"Middle Tennessee rating range 9.9 across SP+/FPI/TeamRankings; high source fpi, low source spplus.",9.9,high,9.9,,,,,,,,,,,,,,,,
g569,9.0,2026-10-28,Kennesaw State,Middle Tennessee,high_variance,High model variance,Middle Tennessee,"Middle Tennessee rating range 9.9 across SP+/FPI/TeamRankings; high source fpi, low source spplus.",9.9,high,9.9,,,,,,,,,,,,,,,,
g655,10.0,2026-11-07,Western Kentucky,Middle Tennessee,high_variance,High model variance,Middle Tennessee,"Middle Tennessee rating range 9.9 across SP+/FPI/TeamRankings; high source fpi, low source spplus.",9.9,high,9.9,,,,,,,,,,,,,,,,
g715,11.0,2026-11-14,Middle Tennessee,Liberty,high_variance,High model variance,Middle Tennessee,"Middle Tennessee rating range 9.9 across SP+/FPI/TeamRankings; high source fpi, low source spplus.",9.9,high,9.9,,,,,,,,,,,,,,,,
g806,12.0,2026-11-21,Middle Tennessee,Sam Houston,high_variance,High model variance,Middle Tennessee,"Middle Tennessee rating range 9.9 across SP+/FPI/TeamRankings; high source fpi, low source spplus.",9.9,high,9.9,,,,,,,,,,,,,,,,
g862,13.0,2026-11-28,New Mexico State,Middle Tennessee,high_variance,High model variance,Middle Tennessee,"Middle Tennessee rating range 9.9 across SP+/FPI/TeamRankings; high source fpi, low source spplus.",9.9,high,9.9,,,,,,,,,,,,,,,,
g86,1.0,2026-09-05,Missouri State,Texas A&M,high_variance,High model variance,Missouri State,"Missouri State rating range 8.6 across SP+/FPI/TeamRankings; high source fpi, low source teamrankings.",8.599999999999998,high,8.599999999999998,,,,,,,,,,,,,,,,
g145,2.0,2026-09-12,Lindenwood,Missouri State,high_variance,High model variance,Missouri State,"Missouri State rating range 8.6 across SP+/FPI/TeamRankings; high source fpi, low source teamrankings.",8.599999999999998,high,8.599999999999998,,,,,,,,,,,,,,,,
g224,3.0,2026-09-19,Marshall,Missouri State,high_variance,High model variance,Missouri State,"Missouri State rating range 8.6 across SP+/FPI/TeamRankings; high source fpi, low source teamrankings.",8.599999999999998,high,8.599999999999998,,,,,,,,,,,,,,,,
g311,4.0,2026-09-26,Missouri State,SMU,high_variance,High model variance,Missouri State,"Missouri State rating range 8.6 across SP+/FPI/TeamRankings; high source fpi, low source teamrankings.",8.599999999999998,high,8.599999999999998,,,,,,,,,,,,,,,,
g397,6.0,2026-10-08,Missouri State,Western Kentucky,high_variance,High model variance,Missouri State,"Missouri State rating range 8.6 across SP+/FPI/TeamRankings; high source fpi, low source teamrankings.",8.599999999999998,high,8.599999999999998,,,,,,,,,,,,,,,,
g451,7.0,2026-10-14,Missouri State,Kennesaw State,high_variance,High model variance,Missouri State,"Missouri State rating range 8.6 across SP+/FPI/TeamRankings; high source fpi, low source teamrankings.",8.599999999999998,high,8.599999999999998,,,,,,,,,,,,,,,,
g511,8.0,2026-10-20,Missouri State,Delaware,high_variance,High model variance,Missouri State,"Missouri State rating range 8.6 across SP+/FPI/TeamRankings; high source fpi, low source teamrankings.",8.599999999999998,high,8.599999999999998,,,,,,,,,,,,,,,,
g567,9.0,2026-10-27,Sam Houston,Missouri State,high_variance,High model variance,Missouri State,"Missouri State rating range 8.6 across SP+/FPI/TeamRankings; high source fpi, low source teamrankings.",8.599999999999998,high,8.599999999999998,,,,,,,,,,,,,,,,
g643,10.0,2026-11-07,Missouri State,Florida International,high_variance,High model variance,Missouri State,"Missouri State rating range 8.6 across SP+/FPI/TeamRankings; high source fpi, low source teamrankings.",8.599999999999998,high,8.599999999999998,,,,,,,,,,,,,,,,
g722,11.0,2026-11-14,New Mexico State,Missouri State,high_variance,High model variance,Missouri State,"Missouri State rating range 8.6 across SP+/FPI/TeamRankings; high source fpi, low source teamrankings.",8.599999999999998,high,8.599999999999998,,,,,,,,,,,,,,,,
g782,12.0,2026-11-21,Missouri State,Jacksonville State,high_variance,High model variance,Missouri State,"Missouri State rating range 8.6 across SP+/FPI/TeamRankings; high source fpi, low source teamrankings.",8.599999999999998,high,8.599999999999998,,,,,,,,,,,,,,,,
g864,13.0,2026-11-28,Liberty,Missouri State,high_variance,High model variance,Missouri State,"Missouri State rating range 8.6 across SP+/FPI/TeamRankings; high source fpi, low source teamrankings.",8.599999999999998,high,8.599999999999998,,,,,,,,,,,,,,,,
g58,1.0,2026-09-05,Toledo,Michigan State,high_variance,High model variance,Toledo,"Toledo rating range 8.5 across SP+/FPI/TeamRankings; high source fpi, low source spplus.",8.5,high,8.5,,,,,,,,,,,,,,,,
g170,2.0,2026-09-12,CCSU,Toledo,high_variance,High model variance,Toledo,"Toledo rating range 8.5 across SP+/FPI/TeamRankings; high source fpi, low source spplus.",8.5,high,8.5,,,,,,,,,,,,,,,,
g251,3.0,2026-09-19,Temple,Toledo,high_variance,High model variance,Toledo,"Toledo rating range 8.5 across SP+/FPI/TeamRankings; high source fpi, low source spplus.",8.5,high,8.5,,,,,,,,,,,,,,,,
g318,4.0,2026-09-26,San Diego State,Toledo,high_variance,High model variance,Toledo,"Toledo rating range 8.5 across SP+/FPI/TeamRankings; high source fpi, low source spplus.",8.5,high,8.5,,,,,,,,,,,,,,,,
g340,5.0,2026-10-03,Toledo,Ball State,high_variance,High model variance,Toledo,"Toledo rating range 8.5 across SP+/FPI/TeamRankings; high source fpi, low source spplus.",8.5,high,8.5,,,,,,,,,,,,,,,,
g439,6.0,2026-10-10,Buffalo,Toledo,high_variance,High model variance,Toledo,"Toledo rating range 8.5 across SP+/FPI/TeamRankings; high source fpi, low source spplus.",8.5,high,8.5,,,,,,,,,,,,,,,,
g469,7.0,2026-10-17,Toledo,Eastern Michigan,high_variance,High model variance,Toledo,"Toledo rating range 8.5 across SP+/FPI/TeamRankings; high source fpi, low source spplus.",8.5,high,8.5,,,,,,,,,,,,,,,,
g558,8.0,2026-10-24,Western Michigan,Toledo,high_variance,High model variance,Toledo,"Toledo rating range 8.5 across SP+/FPI/TeamRankings; high source fpi, low source spplus.",8.5,high,8.5,,,,,,,,,,,,,,,,
g758,12.0,2026-11-18,Bowling Green,Toledo,high_variance,High model variance,Toledo,"Toledo rating range 8.5 across SP+/FPI/TeamRankings; high source fpi, low source spplus.",8.5,high,8.5,,,,,,,,,,,,,,,,
g829,13.0,2026-11-27,Toledo,Ohio,high_variance,High model variance,Toledo,"Toledo rating range 8.5 across SP+/FPI/TeamRankings; high source fpi, low source spplus.",8.5,high,8.5,,,,,,,,,,,,,,,,
g88,1.0,2026-09-05,Sam Houston,Troy,high_variance,High model variance,Sam Houston,"Sam Houston rating range 7.9 across SP+/FPI/TeamRankings; high source fpi, low source spplus.",7.900000000000002,high,7.900000000000002,,,,,,,,,,,,,,,,
g161,2.0,2026-09-12,Tulsa,Sam Houston,high_variance,High model variance,Sam Houston,"Sam Houston rating range 7.9 across SP+/FPI/TeamRankings; high source fpi, low source spplus.",7.900000000000002,high,7.900000000000002,,,,,,,,,,,,,,,,
g239,3.0,2026-09-19,Nicholls,Sam Houston,high_variance,High model variance,Sam Houston,"Sam Houston rating range 7.9 across SP+/FPI/TeamRankings; high source fpi, low source spplus.",7.900000000000002,high,7.900000000000002,,,,,,,,,,,,,,,,
g317,4.0,2026-09-26,Sam Houston,Texas Tech,high_variance,High model variance,Sam Houston,"Sam Houston rating range 7.9 across SP+/FPI/TeamRankings; high source fpi, low source spplus.",7.900000000000002,high,7.900000000000002,,,,,,,,,,,,,,,,
g395,6.0,2026-10-08,Sam Houston,Liberty,high_variance,High model variance,Sam Houston,"Sam Houston rating range 7.9 across SP+/FPI/TeamRankings; high source fpi, low source spplus.",7.900000000000002,high,7.900000000000002,,,,,,,,,,,,,,,,
g452,7.0,2026-10-14,Western Kentucky,Sam Houston,high_variance,High model variance,Sam Houston,"Sam Houston rating range 7.9 across SP+/FPI/TeamRankings; high source fpi, low source spplus.",7.900000000000002,high,7.900000000000002,,,,,,,,,,,,,,,,
g515,8.0,2026-10-21,New Mexico State,Sam Houston,high_variance,High model variance,Sam Houston,"Sam Houston rating range 7.9 across SP+/FPI/TeamRankings; high source fpi, low source spplus.",7.900000000000002,high,7.900000000000002,,,,,,,,,,,,,,,,
g648,10.0,2026-11-07,Sam Houston,Jacksonville State,high_variance,High model variance,Sam Houston,"Sam Houston rating range 7.9 across SP+/FPI/TeamRankings; high source fpi, low source spplus.",7.900000000000002,high,7.900000000000002,,,,,,,,,,,,,,,,
g736,11.0,2026-11-14,Kennesaw State,Sam Houston,high_variance,High model variance,Sam Houston,"Sam Houston rating range 7.9 across SP+/FPI/TeamRankings; high source fpi, low source spplus.",7.900000000000002,high,7.900000000000002,,,,,,,,,,,,,,,,
g848,13.0,2026-11-28,Sam Houston,Florida International,high_variance,High model variance,Sam Houston,"Sam Houston rating range 7.9 across SP+/FPI/TeamRankings; high source fpi, low source spplus.",7.900000000000002,high,7.900000000000002,,,,,,,,,,,,,,,,
g68,1.0,2026-09-05,Ball State,Ohio State,high_variance,High model variance,Ball State,"Ball State rating range 7.9 across SP+/FPI/TeamRankings; high source fpi, low source spplus.",7.899999999999999,high,7.899999999999999,,,,,,,,,,,,,,,,
g110,2.0,2026-09-12,Stony Brook,Ball State,high_variance,High model variance,Ball State,"Ball State rating range 7.9 across SP+/FPI/TeamRankings; high source fpi, low source spplus.",7.899999999999999,high,7.899999999999999,,,,,,,,,,,,,,,,
g214,3.0,2026-09-19,Ball State,Liberty,high_variance,High model variance,Ball State,"Ball State rating range 7.9 across SP+/FPI/TeamRankings; high source fpi, low source spplus.",7.899999999999999,high,7.899999999999999,,,,,,,,,,,,,,,,
g289,4.0,2026-09-26,Ball State,Kent State,high_variance,High model variance,Ball State,"Ball State rating range 7.9 across SP+/FPI/TeamRankings; high source fpi, low source spplus.",7.899999999999999,high,7.899999999999999,,,,,,,,,,,,,,,,
g426,6.0,2026-10-10,Ball State,Northwestern,high_variance,High model variance,Ball State,"Ball State rating range 7.9 across SP+/FPI/TeamRankings; high source fpi, low source spplus.",7.899999999999999,high,7.899999999999999,,,,,,,,,,,,,,,,
g462,7.0,2026-10-17,Ball State,Bowling Green,high_variance,High model variance,Ball State,"Ball State rating range 7.9 across SP+/FPI/TeamRankings; high source fpi, low source spplus.",7.899999999999999,high,7.899999999999999,,,,,,,,,,,,,,,,
g689,11.0,2026-11-11,Buffalo,Ball State,high_variance,High model variance,Ball State,"Ball State rating range 7.9 across SP+/FPI/TeamRankings; high source fpi, low source spplus.",7.899999999999999,high,7.899999999999999,,,,,,,,,,,,,,,,
g754,12.0,2026-11-17,Ball State,Ohio,high_variance,High model variance,Ball State,"Ball State rating range 7.9 across SP+/FPI/TeamRankings; high source fpi, low source spplus.",7.899999999999999,high,7.899999999999999,,,,,,,,,,,,,,,,
g839,13.0,2026-11-28,Central Michigan,Ball State,high_variance,High model variance,Ball State,"Ball State rating range 7.9 across SP+/FPI/TeamRankings; high source fpi, low source spplus.",7.899999999999999,high,7.899999999999999,,,,,,,,,,,,,,,,
g38,1.0,2026-09-05,Tulane,Duke,high_variance,High model variance,Tulane,"Tulane rating range 7.8 across SP+/FPI/TeamRankings; high source fpi, low source spplus.",7.8,high,7.8,,,,,,,,,,,,,,,,
g172,2.0,2026-09-12,South Alabama,Tulane,high_variance,High model variance,Tulane,"Tulane rating range 7.8 across SP+/FPI/TeamRankings; high source fpi, low source spplus.",7.8,high,7.8,,,,,,,,,,,,,,,,
g213,3.0,2026-09-19,Tulane,Kansas State,high_variance,High model variance,Tulane,"Tulane rating range 7.8 across SP+/FPI/TeamRankings; high source fpi, low source spplus.",7.8,high,7.8,,,,,,,,,,,,,,,,
g405,6.0,2026-10-10,Tulane,Army,high_variance,High model variance,Tulane,"Tulane rating range 7.8 across SP+/FPI/TeamRankings; high source fpi, low source spplus.",7.8,high,7.8,,,,,,,,,,,,,,,,
g456,7.0,2026-10-16,Memphis,Tulane,high_variance,High model variance,Tulane,"Tulane rating range 7.8 across SP+/FPI/TeamRankings; high source fpi, low source spplus.",7.8,high,7.8,,,,,,,,,,,,,,,,
g560,8.0,2026-10-24,UTSA,Tulane,high_variance,High model variance,Tulane,"Tulane rating range 7.8 across SP+/FPI/TeamRankings; high source fpi, low source spplus.",7.8,high,7.8,,,,,,,,,,,,,,,,
g677,10.0,2026-11-07,Tulsa,Tulane,high_variance,High model variance,Tulane,"Tulane rating range 7.8 across SP+/FPI/TeamRankings; high source fpi, low source spplus.",7.8,high,7.8,,,,,,,,,,,,,,,,
g733,11.0,2026-11-14,Tulane,Rice,high_variance,High model variance,Tulane,"Tulane rating range 7.8 across SP+/FPI/TeamRankings; high source fpi, low source spplus.",7.8,high,7.8,,,,,,,,,,,,,,,,
g815,12.0,2026-11-21,North Texas,Tulane,high_variance,High model variance,Tulane,"Tulane rating range 7.8 across SP+/FPI/TeamRankings; high source fpi, low source spplus.",7.8,high,7.8,,,,,,,,,,,,,,,,
g877,13.0,2026-11-28,Tulane,South Florida,high_variance,High model variance,Tulane,"Tulane rating range 7.8 across SP+/FPI/TeamRankings; high source fpi, low source spplus.",7.8,high,7.8,,,,,,,,,,,,,,,,
g33,1.0,2026-09-05,UCLA,California,high_variance,High model variance,UCLA,"UCLA rating range 7.7 across SP+/FPI/TeamRankings; high source teamrankings, low source fpi.",7.699999999999999,high,7.699999999999999,,,,,,,,,,,,,,,,
g73,1.0,2026-09-05,Miami-OH,Pittsburgh,high_variance,High model variance,Miami-OH,"Miami-OH rating range 7.7 across SP+/FPI/TeamRankings; high source spplus, low source teamrankings.",7.699999999999999,high,7.699999999999999,,,,,,,,,,,,,,,,
g141,2.0,2026-09-12,Holy Cross,Miami-OH,high_variance,High model variance,Miami-OH,"Miami-OH rating range 7.7 across SP+/FPI/TeamRankings; high source spplus, low source teamrankings.",7.699999999999999,high,7.699999999999999,,,,,,,,,,,,,,,,
g174,2.0,2026-09-12,San Diego State,UCLA,high_variance,High model variance,UCLA,"UCLA rating range 7.7 across SP+/FPI/TeamRankings; high source teamrankings, low source fpi.",7.699999999999999,high,7.699999999999999,,,,,,,,,,,,,,,,
g200,3.0,2026-09-19,Miami-OH,Cincinnati,high_variance,High model variance,Miami-OH,"Miami-OH rating range 7.7 across SP+/FPI/TeamRankings; high source spplus, low source teamrankings.",7.699999999999999,high,7.699999999999999,,,,,,,,,,,,,,,,
g253,3.0,2026-09-19,Purdue,UCLA,high_variance,High model variance,UCLA,"UCLA rating range 7.7 across SP+/FPI/TeamRankings; high source teamrankings, low source fpi.",7.699999999999999,high,7.699999999999999,,,,,,,,,,,,,,,,
g294,4.0,2026-09-26,UCLA,Maryland,high_variance,High model variance,UCLA,"UCLA rating range 7.7 across SP+/FPI/TeamRankings; high source teamrankings, low source fpi.",7.699999999999999,high,7.699999999999999,,,,,,,,,,,,,,,,
g296,4.0,2026-09-26,Connecticut,Miami-OH,high_variance,High model variance,Miami-OH,"Miami-OH rating range 7.7 across SP+/FPI/TeamRankings; high source spplus, low source teamrankings.",7.699999999999999,high,7.699999999999999,,,,,,,,,,,,,,,,
g366,5.0,2026-10-03,Bowling Green,Miami-OH,high_variance,High model variance,Miami-OH,"Miami-OH rating range 7.7 across SP+/FPI/TeamRankings; high source spplus, low source teamrankings.",7.699999999999999,high,7.699999999999999,,,,,,,,,,,,,,,,
g432,6.0,2026-10-10,UCLA,Oregon,high_variance,High model variance,UCLA,"UCLA rating range 7.7 across SP+/FPI/TeamRankings; high source teamrankings, low source fpi.",7.699999999999999,high,7.699999999999999,,,,,,,,,,,,,,,,
g480,7.0,2026-10-17,Akron,Miami-OH,high_variance,High model variance,Miami-OH,"Miami-OH rating range 7.7 across SP+/FPI/TeamRankings; high source spplus, low source teamrankings.",7.699999999999999,high,7.699999999999999,,,,,,,,,,,,,,,,
g503,7.0,2026-10-17,Wisconsin,UCLA,high_variance,High model variance,UCLA,"UCLA rating range 7.7 across SP+/FPI/TeamRankings; high source teamrankings, low source fpi.",7.699999999999999,high,7.699999999999999,,,,,,,,,,,,,,,,
g527,8.0,2026-10-24,Miami-OH,Central Michigan,high_variance,High model variance,Miami-OH,"Miami-OH rating range 7.7 across SP+/FPI/TeamRankings; high source spplus, low source teamrankings.",7.699999999999999,high,7.699999999999999,,,,,,,,,,,,,,,,
g561,8.0,2026-10-24,Michigan State,UCLA,high_variance,High model variance,UCLA,"UCLA rating range 7.7 across SP+/FPI/TeamRankings; high source teamrankings, low source fpi.",7.699999999999999,high,7.699999999999999,,,,,,,,,,,,,,,,
g616,9.0,2026-10-31,Nevada,UCLA,high_variance,High model variance,UCLA,"UCLA rating range 7.7 across SP+/FPI/TeamRankings; high source teamrankings, low source fpi.",7.699999999999999,high,7.699999999999999,,,,,,,,,,,,,,,,
g624,10.0,2026-11-03,Buffalo,Miami-OH,high_variance,High model variance,Miami-OH,"Miami-OH rating range 7.7 across SP+/FPI/TeamRankings; high source spplus, low source teamrankings.",7.699999999999999,high,7.699999999999999,,,,,,,,,,,,,,,,
g656,10.0,2026-11-07,UCLA,Minnesota,high_variance,High model variance,UCLA,"UCLA rating range 7.7 across SP+/FPI/TeamRankings; high source teamrankings, low source fpi.",7.699999999999999,high,7.699999999999999,,,,,,,,,,,,,,,,
g688,11.0,2026-11-10,Ohio,Miami-OH,high_variance,High model variance,Miami-OH,"Miami-OH rating range 7.7 across SP+/FPI/TeamRankings; high source spplus, low source teamrankings.",7.699999999999999,high,7.699999999999999,,,,,,,,,,,,,,,,
g744,11.0,2026-11-14,Illinois,UCLA,high_variance,High model variance,UCLA,"UCLA rating range 7.7 across SP+/FPI/TeamRankings; high source teamrankings, low source fpi.",7.699999999999999,high,7.699999999999999,,,,,,,,,,,,,,,,
g753,12.0,2026-11-17,Miami-OH,Kent State,high_variance,High model variance,Miami-OH,"Miami-OH rating range 7.7 across SP+/FPI/TeamRankings; high source spplus, low source teamrankings.",7.699999999999999,high,7.699999999999999,,,,,,,,,,,,,,,,
g790,12.0,2026-11-21,UCLA,Michigan,high_variance,High model variance,UCLA,"UCLA rating range 7.7 across SP+/FPI/TeamRankings; high source teamrankings, low source fpi.",7.699999999999999,high,7.699999999999999,,,,,,,,,,,,,,,,
g824,13.0,2026-11-24,Miami-OH,Western Michigan,high_variance,High model variance,Miami-OH,"Miami-OH rating range 7.7 across SP+/FPI/TeamRankings; high source spplus, low source teamrankings.",7.699999999999999,high,7.699999999999999,,,,,,,,,,,,,,,,
g880,13.0,2026-11-28,USC,UCLA,high_variance,High model variance,UCLA,"UCLA rating range 7.7 across SP+/FPI/TeamRankings; high source teamrankings, low source fpi.",7.699999999999999,high,7.699999999999999,,,,,,,,,,,,,,,,
g14,1.0,2026-09-03,Eastern Illinois,Minnesota,high_variance,High model variance,Minnesota,"Minnesota rating range 7.5 across SP+/FPI/TeamRankings; high source teamrankings, low source fpi.",7.5,high,7.5,,,,,,,,,,,,,,,,
g144,2.0,2026-09-12,Mississippi State,Minnesota,high_variance,High model variance,Minnesota,"Minnesota rating range 7.5 across SP+/FPI/TeamRankings; high source teamrankings, low source fpi.",7.5,high,7.5,,,,,,,,,,,,,,,,
g222,3.0,2026-09-19,Akron,Minnesota,high_variance,High model variance,Minnesota,"Minnesota rating range 7.5 across SP+/FPI/TeamRankings; high source teamrankings, low source fpi.",7.5,high,7.5,,,,,,,,,,,,,,,,
g326,4.0,2026-09-26,Minnesota,Washington,high_variance,High model variance,Minnesota,"Minnesota rating range 7.5 across SP+/FPI/TeamRankings; high source teamrankings, low source fpi.",7.5,high,7.5,,,,,,,,,,,,,,,,
g367,5.0,2026-10-03,Michigan,Minnesota,high_variance,High model variance,Minnesota,"Minnesota rating range 7.5 across SP+/FPI/TeamRankings; high source teamrankings, low source fpi.",7.5,high,7.5,,,,,,,,,,,,,,,,
g436,6.0,2026-10-10,Minnesota,Purdue,high_variance,High model variance,Minnesota,"Minnesota rating range 7.5 across SP+/FPI/TeamRankings; high source teamrankings, low source fpi.",7.5,high,7.5,,,,,,,,,,,,,,,,
g541,8.0,2026-10-24,Iowa,Minnesota,high_variance,High model variance,Minnesota,"Minnesota rating range 7.5 across SP+/FPI/TeamRankings; high source teamrankings, low source fpi.",7.5,high,7.5,,,,,,,,,,,,,,,,
g589,9.0,2026-10-31,Minnesota,Indiana,high_variance,High model variance,Minnesota,"Minnesota rating range 7.5 across SP+/FPI/TeamRankings; high source teamrankings, low source fpi.",7.5,high,7.5,,,,,,,,,,,,,,,,
g732,11.0,2026-11-14,Minnesota,Penn State,high_variance,High model variance,Minnesota,"Minnesota rating range 7.5 across SP+/FPI/TeamRankings; high source teamrankings, low source fpi.",7.5,high,7.5,,,,,,,,,,,,,,,,
g792,12.0,2026-11-21,Northwestern,Minnesota,high_variance,High model variance,Minnesota,"Minnesota rating range 7.5 across SP+/FPI/TeamRankings; high source teamrankings, low source fpi.",7.5,high,7.5,,,,,,,,,,,,,,,,
g890,13.0,2026-11-28,Minnesota,Wisconsin,high_variance,High model variance,Minnesota,"Minnesota rating range 7.5 across SP+/FPI/TeamRankings; high source teamrankings, low source fpi.",7.5,high,7.5,,,,,,,,,,,,,,,,
g3,0.0,2026-08-29,Jacksonville State,North Dakota State,high_variance,High model variance,North Dakota State,"North Dakota State rating range 6.9 across SP+/FPI/TeamRankings; high source spplus, low source fpi.",6.9,high,6.9,,,,,,,,,,,,,,,,
g66,1.0,2026-09-05,Fordham,North Dakota State,high_variance,High model variance,North Dakota State,"North Dakota State rating range 6.9 across SP+/FPI/TeamRankings; high source spplus, low source fpi.",6.9,high,6.9,,,,,,,,,,,,,,,,
g104,2.0,2026-09-12,North Dakota State,Air Force,high_variance,High model variance,North Dakota State,"North Dakota State rating range 6.9 across SP+/FPI/TeamRankings; high source spplus, low source fpi.",6.9,high,6.9,,,,,,,,,,,,,,,,
g374,5.0,2026-10-03,Wyoming,North Dakota State,high_variance,High model variance,North Dakota State,"North Dakota State rating range 6.9 across SP+/FPI/TeamRankings; high source spplus, low source fpi.",6.9,high,6.9,,,,,,,,,,,,,,,,
g440,6.0,2026-10-10,North Dakota State,UNLV,high_variance,High model variance,North Dakota State,"North Dakota State rating range 6.9 across SP+/FPI/TeamRankings; high source spplus, low source fpi.",6.9,high,6.9,,,,,,,,,,,,,,,,
g483,7.0,2026-10-17,Nevada,North Dakota State,high_variance,High model variance,North Dakota State,"North Dakota State rating range 6.9 across SP+/FPI/TeamRankings; high source spplus, low source fpi.",6.9,high,6.9,,,,,,,,,,,,,,,,
g545,8.0,2026-10-24,North Dakota State,New Mexico,high_variance,High model variance,North Dakota State,"North Dakota State rating range 6.9 across SP+/FPI/TeamRankings; high source spplus, low source fpi.",6.9,high,6.9,,,,,,,,,,,,,,,,
g600,9.0,2026-10-31,UTEP,North Dakota State,high_variance,High model variance,North Dakota State,"North Dakota State rating range 6.9 across SP+/FPI/TeamRankings; high source spplus, low source fpi.",6.9,high,6.9,,,,,,,,,,,,,,,,
g709,11.0,2026-11-14,North Dakota State,Hawaii,high_variance,High model variance,North Dakota State,"North Dakota State rating range 6.9 across SP+/FPI/TeamRankings; high source spplus, low source fpi.",6.9,high,6.9,,,,,,,,,,,,,,,,
g799,12.0,2026-11-21,Northern Illinois,North Dakota State,high_variance,High model variance,North Dakota State,"North Dakota State rating range 6.9 across SP+/FPI/TeamRankings; high source spplus, low source fpi.",6.9,high,6.9,,,,,,,,,,,,,,,,
g876,13.0,2026-11-28,North Dakota State,San Jose State,high_variance,High model variance,North Dakota State,"North Dakota State rating range 6.9 across SP+/FPI/TeamRankings; high source spplus, low source fpi.",6.9,high,6.9,,,,,,,,,,,,,,,,
g97,1.0,2026-09-06,Wisconsin,Notre Dame,high_variance,High model variance,Wisconsin,"Wisconsin rating range 6.6 across SP+/FPI/TeamRankings; high source teamrankings, low source spplus.",6.6000000000000005,high,6.6000000000000005,,,,,,,,,,,,,,,,
g184,2.0,2026-09-12,Western Illinois,Wisconsin,high_variance,High model variance,Wisconsin,"Wisconsin rating range 6.6 across SP+/FPI/TeamRankings; high source teamrankings, low source spplus.",6.6000000000000005,high,6.6000000000000005,,,,,,,,,,,,,,,,
g260,3.0,2026-09-19,Eastern Michigan,Wisconsin,high_variance,High model variance,Wisconsin,"Wisconsin rating range 6.6 across SP+/FPI/TeamRankings; high source teamrankings, low source spplus.",6.6000000000000005,high,6.6000000000000005,,,,,,,,,,,,,,,,
g307,4.0,2026-09-26,Wisconsin,Penn State,high_variance,High model variance,Wisconsin,"Wisconsin rating range 6.6 across SP+/FPI/TeamRankings; high source teamrankings, low source spplus.",6.6000000000000005,high,6.6000000000000005,,,,,,,,,,,,,,,,
g390,5.0,2026-10-03,Michigan State,Wisconsin,high_variance,High model variance,Wisconsin,"Wisconsin rating range 6.6 across SP+/FPI/TeamRankings; high source teamrankings, low source spplus.",6.6000000000000005,high,6.6000000000000005,,,,,,,,,,,,,,,,
g565,8.0,2026-10-24,USC,Wisconsin,high_variance,High model variance,Wisconsin,"Wisconsin rating range 6.6 across SP+/FPI/TeamRankings; high source teamrankings, low source spplus.",6.6000000000000005,high,6.6000000000000005,,,,,,,,,,,,,,,,
g590,9.0,2026-10-31,Wisconsin,Iowa,high_variance,High model variance,Wisconsin,"Wisconsin rating range 6.6 across SP+/FPI/TeamRankings; high source teamrankings, low source spplus.",6.6000000000000005,high,6.6000000000000005,,,,,,,,,,,,,,,,
g685,10.0,2026-11-07,Rutgers,Wisconsin,high_variance,High model variance,Wisconsin,"Wisconsin rating range 6.6 across SP+/FPI/TeamRankings; high source teamrankings, low source spplus.",6.6000000000000005,high,6.6000000000000005,,,,,,,,,,,,,,,,
g718,11.0,2026-11-14,Wisconsin,Maryland,high_variance,High model variance,Wisconsin,"Wisconsin rating range 6.6 across SP+/FPI/TeamRankings; high source teamrankings, low source spplus.",6.6000000000000005,high,6.6000000000000005,,,,,,,,,,,,,,,,
g805,12.0,2026-11-21,Wisconsin,Purdue,high_variance,High model variance,Wisconsin,"Wisconsin rating range 6.6 across SP+/FPI/TeamRankings; high source teamrankings, low source spplus.",6.6000000000000005,high,6.6000000000000005,,,,,,,,,,,,,,,,
g95,1.0,2026-09-05,Washington State,Washington,high_variance,High model variance,Washington,"Washington rating range 6.5 across SP+/FPI/TeamRankings; high source teamrankings, low source fpi.",6.499999999999998,high,6.499999999999998,,,,,,,,,,,,,,,,
g181,2.0,2026-09-12,Utah State,Washington,high_variance,High model variance,Washington,"Washington rating range 6.5 across SP+/FPI/TeamRankings; high source teamrankings, low source fpi.",6.499999999999998,high,6.499999999999998,,,,,,,,,,,,,,,,
g257,3.0,2026-09-19,Eastern Washington,Washington,high_variance,High model variance,Washington,"Washington rating range 6.5 across SP+/FPI/TeamRankings; high source teamrankings, low source fpi.",6.499999999999998,high,6.499999999999998,,,,,,,,,,,,,,,,
g387,5.0,2026-10-03,Washington,USC,high_variance,High model variance,Washington,"Washington rating range 6.5 across SP+/FPI/TeamRankings; high source teamrankings, low source fpi.",6.499999999999998,high,6.499999999999998,,,,,,,,,,,,,,,,
g446,6.0,2026-10-10,Iowa,Washington,high_variance,High model variance,Washington,"Washington rating range 6.5 across SP+/FPI/TeamRankings; high source teamrankings, low source fpi.",6.499999999999998,high,6.499999999999998,,,,,,,,,,,,,,,,
g488,7.0,2026-10-17,Washington,Purdue,high_variance,High model variance,Washington,"Washington rating range 6.5 across SP+/FPI/TeamRankings; high source teamrankings, low source fpi.",6.499999999999998,high,6.499999999999998,,,,,,,,,,,,,,,,
g598,9.0,2026-10-31,Washington,Nebraska,high_variance,High model variance,Washington,"Washington rating range 6.5 across SP+/FPI/TeamRankings; high source teamrankings, low source fpi.",6.499999999999998,high,6.499999999999998,,,,,,,,,,,,,,,,
g684,10.0,2026-11-07,Penn State,Washington,high_variance,High model variance,Washington,"Washington rating range 6.5 across SP+/FPI/TeamRankings; high source teamrankings, low source fpi.",6.499999999999998,high,6.499999999999998,,,,,,,,,,,,,,,,
g720,11.0,2026-11-14,Washington,Michigan State,high_variance,High model variance,Washington,"Washington rating range 6.5 across SP+/FPI/TeamRankings; high source teamrankings, low source fpi.",6.499999999999998,high,6.499999999999998,,,,,,,,,,,,,,,,
g820,12.0,2026-11-21,Indiana,Washington,high_variance,High model variance,Washington,"Washington rating range 6.5 across SP+/FPI/TeamRankings; high source teamrankings, low source fpi.",6.499999999999998,high,6.499999999999998,,,,,,,,,,,,,,,,
g873,13.0,2026-11-28,Washington,Oregon,high_variance,High model variance,Washington,"Washington rating range 6.5 across SP+/FPI/TeamRankings; high source teamrankings, low source fpi.",6.499999999999998,high,6.499999999999998,,,,,,,,,,,,,,,,
g11,1.0,2026-09-03,Merrimack,Delaware,high_variance,High model variance,Delaware,"Delaware rating range 6.4 across SP+/FPI/TeamRankings; high source fpi, low source spplus.",6.4,high,6.4,,,,,,,,,,,,,,,,
g98,1.0,2026-09-06,Louisville,Ole Miss,high_variance,High model variance,Ole Miss,"Ole Miss rating range 6.4 across SP+/FPI/TeamRankings; high source teamrankings, low source spplus.",6.4,high,6.4,,,,,,,,,,,,,,,,
g178,2.0,2026-09-12,Delaware,Vanderbilt,high_variance,High model variance,Delaware,"Delaware rating range 6.4 across SP+/FPI/TeamRankings; high source fpi, low source spplus.",6.4,high,6.4,,,,,,,,,,,,,,,,
g203,3.0,2026-09-19,Coastal Carolina,Delaware,high_variance,High model variance,Delaware,"Delaware rating range 6.4 across SP+/FPI/TeamRankings; high source fpi, low source spplus.",6.4,high,6.4,,,,,,,,,,,,,,,,
g232,3.0,2026-09-19,LSU,Ole Miss,high_variance,High model variance,Ole Miss,"Ole Miss rating range 6.4 across SP+/FPI/TeamRankings; high source teamrankings, low source spplus.",6.4,high,6.4,,,,,,,,,,,,,,,,
g279,4.0,2026-09-26,Ole Miss,Florida,high_variance,High model variance,Ole Miss,"Ole Miss rating range 6.4 across SP+/FPI/TeamRankings; high source teamrankings, low source spplus.",6.4,high,6.4,,,,,,,,,,,,,,,,
g325,4.0,2026-09-26,Delaware,Virginia,high_variance,High model variance,Delaware,"Delaware rating range 6.4 across SP+/FPI/TeamRankings; high source fpi, low source spplus.",6.4,high,6.4,,,,,,,,,,,,,,,,
g334,5.0,2026-10-02,Liberty,Delaware,high_variance,High model variance,Delaware,"Delaware rating range 6.4 across SP+/FPI/TeamRankings; high source fpi, low source spplus.",6.4,high,6.4,,,,,,,,,,,,,,,,
g444,6.0,2026-10-10,Ole Miss,Vanderbilt,high_variance,High model variance,Ole Miss,"Ole Miss rating range 6.4 across SP+/FPI/TeamRankings; high source teamrankings, low source spplus.",6.4,high,6.4,,,,,,,,,,,,,,,,
g485,7.0,2026-10-17,Missouri,Ole Miss,high_variance,High model variance,Ole Miss,"Ole Miss rating range 6.4 across SP+/FPI/TeamRankings; high source teamrankings, low source spplus.",6.4,high,6.4,,,,,,,,,,,,,,,,
g556,8.0,2026-10-24,Ole Miss,Texas,high_variance,High model variance,Ole Miss,"Ole Miss rating range 6.4 across SP+/FPI/TeamRankings; high source teamrankings, low source spplus.",6.4,high,6.4,,,,,,,,,,,,,,,,
g568,9.0,2026-10-27,Delaware,Western Kentucky,high_variance,High model variance,Delaware,"Delaware rating range 6.4 across SP+/FPI/TeamRankings; high source fpi, low source spplus.",6.4,high,6.4,,,,,,,,,,,,,,,,
g603,9.0,2026-10-31,Auburn,Ole Miss,high_variance,High model variance,Ole Miss,"Ole Miss rating range 6.4 across SP+/FPI/TeamRankings; high source teamrankings, low source spplus.",6.4,high,6.4,,,,,,,,,,,,,,,,
g651,10.0,2026-11-07,Delaware,Kennesaw State,high_variance,High model variance,Delaware,"Delaware rating range 6.4 across SP+/FPI/TeamRankings; high source fpi, low source spplus.",6.4,high,6.4,,,,,,,,,,,,,,,,
g667,10.0,2026-11-07,Georgia,Ole Miss,high_variance,High model variance,Ole Miss,"Ole Miss rating range 6.4 across SP+/FPI/TeamRankings; high source teamrankings, low source spplus.",6.4,high,6.4,,,,,,,,,,,,,,,,
g706,11.0,2026-11-14,Florida International,Delaware,high_variance,High model variance,Delaware,"Delaware rating range 6.4 across SP+/FPI/TeamRankings; high source fpi, low source spplus.",6.4,high,6.4,,,,,,,,,,,,,,,,
g729,11.0,2026-11-14,Ole Miss,Oklahoma,high_variance,High model variance,Ole Miss,"Ole Miss rating range 6.4 across SP+/FPI/TeamRankings; high source teamrankings, low source spplus.",6.4,high,6.4,,,,,,,,,,,,,,,,
g798,12.0,2026-11-21,Delaware,New Mexico State,high_variance,High model variance,Delaware,"Delaware rating range 6.4 across SP+/FPI/TeamRankings; high source fpi, low source spplus.",6.4,high,6.4,,,,,,,,,,,,,,,,
g802,12.0,2026-11-21,Wofford,Ole Miss,high_variance,High model variance,Ole Miss,"Ole Miss rating range 6.4 across SP+/FPI/TeamRankings; high source teamrankings, low source spplus.",6.4,high,6.4,,,,,,,,,,,,,,,,
g830,13.0,2026-11-27,Mississippi State,Ole Miss,high_variance,High model variance,Ole Miss,"Ole Miss rating range 6.4 across SP+/FPI/TeamRankings; high source teamrankings, low source spplus.",6.4,high,6.4,,,,,,,,,,,,,,,,
g846,13.0,2026-11-28,Jacksonville State,Delaware,high_variance,High model variance,Delaware,"Delaware rating range 6.4 across SP+/FPI/TeamRankings; high source fpi, low source spplus.",6.4,high,6.4,,,,,,,,,,,,,,,,
g63,1.0,2026-09-05,Western Kentucky,Nevada,high_variance,High model variance,Nevada,"Nevada rating range 6.2 across SP+/FPI/TeamRankings; high source fpi, low source teamrankings.",6.200000000000001,high,6.200000000000001,,,,,,,,,,,,,,,,
g148,2.0,2026-09-12,Montana State,Nevada,high_variance,High model variance,Nevada,"Nevada rating range 6.2 across SP+/FPI/TeamRankings; high source fpi, low source teamrankings.",6.200000000000001,high,6.200000000000001,,,,,,,,,,,,,,,,
g301,4.0,2026-09-26,Air Force,Nevada,high_variance,High model variance,Nevada,"Nevada rating range 6.2 across SP+/FPI/TeamRankings; high source fpi, low source teamrankings.",6.200000000000001,high,6.200000000000001,,,,,,,,,,,,,,,,
g441,6.0,2026-10-10,Nevada,UTEP,high_variance,High model variance,Nevada,"Nevada rating range 6.2 across SP+/FPI/TeamRankings; high source fpi, low source teamrankings.",6.200000000000001,high,6.200000000000001,,,,,,,,,,,,,,,,
g544,8.0,2026-10-24,San Jose State,Nevada,high_variance,High model variance,Nevada,"Nevada rating range 6.2 across SP+/FPI/TeamRankings; high source fpi, low source teamrankings.",6.200000000000001,high,6.200000000000001,,,,,,,,,,,,,,,,
g661,10.0,2026-11-07,New Mexico,Nevada,high_variance,High model variance,Nevada,"Nevada rating range 6.2 across SP+/FPI/TeamRankings; high source fpi, low source teamrankings.",6.200000000000001,high,6.200000000000001,,,,,,,,,,,,,,,,
g726,11.0,2026-11-14,Nevada,Northern Illinois,high_variance,High model variance,Nevada,"Nevada rating range 6.2 across SP+/FPI/TeamRankings; high source fpi, low source teamrankings.",6.200000000000001,high,6.200000000000001,,,,,,,,,,,,,,,,
g797,12.0,2026-11-21,Hawaii,Nevada,high_variance,High model variance,Nevada,"Nevada rating range 6.2 across SP+/FPI/TeamRankings; high source fpi, low source teamrankings.",6.200000000000001,high,6.200000000000001,,,,,,,,,,,,,,,,
g882,13.0,2026-11-28,Nevada,UNLV,high_variance,High model variance,Nevada,"Nevada rating range 6.2 across SP+/FPI/TeamRankings; high source fpi, low source teamrankings.",6.200000000000001,high,6.200000000000001,,,,,,,,,,,,,,,,
g46,1.0,2026-09-05,Northern Illinois,Iowa,high_variance,High model variance,Northern Illinois,"Northern Illinois rating range 6.1 across SP+/FPI/TeamRankings; high source fpi, low source teamrankings.",6.100000000000001,high,6.100000000000001,,,,,,,,,,,,,,,,
g152,2.0,2026-09-12,Illinois State,Northern Illinois,high_variance,High model variance,Northern Illinois,"Northern Illinois rating range 6.1 across SP+/FPI/TeamRankings; high source fpi, low source teamrankings.",6.100000000000001,high,6.100000000000001,,,,,,,,,,,,,,,,
g191,3.0,2026-09-19,Northern Illinois,Arizona,high_variance,High model variance,Northern Illinois,"Northern Illinois rating range 6.1 across SP+/FPI/TeamRankings; high source fpi, low source teamrankings.",6.100000000000001,high,6.100000000000001,,,,,,,,,,,,,,,,
g425,6.0,2026-10-10,Air Force,Northern Illinois,high_variance,High model variance,Northern Illinois,"Northern Illinois rating range 6.1 across SP+/FPI/TeamRankings; high source fpi, low source teamrankings.",6.100000000000001,high,6.100000000000001,,,,,,,,,,,,,,,,
g510,7.0,2026-10-17,Northern Illinois,Wyoming,high_variance,High model variance,Northern Illinois,"Northern Illinois rating range 6.1 across SP+/FPI/TeamRankings; high source fpi, low source teamrankings.",6.100000000000001,high,6.100000000000001,,,,,,,,,,,,,,,,
g547,8.0,2026-10-24,Hawaii,Northern Illinois,high_variance,High model variance,Northern Illinois,"Northern Illinois rating range 6.1 across SP+/FPI/TeamRankings; high source fpi, low source teamrankings.",6.100000000000001,high,6.100000000000001,,,,,,,,,,,,,,,,
g618,9.0,2026-10-31,Northern Illinois,UNLV,high_variance,High model variance,Northern Illinois,"Northern Illinois rating range 6.1 across SP+/FPI/TeamRankings; high source fpi, low source teamrankings.",6.100000000000001,high,6.100000000000001,,,,,,,,,,,,,,,,
g671,10.0,2026-11-07,Northern Illinois,San Jose State,high_variance,High model variance,Northern Illinois,"Northern Illinois rating range 6.1 across SP+/FPI/TeamRankings; high source fpi, low source teamrankings.",6.100000000000001,high,6.100000000000001,,,,,,,,,,,,,,,,
g868,13.0,2026-11-28,UTEP,Northern Illinois,high_variance,High model variance,Northern Illinois,"Northern Illinois rating range 6.1 across SP+/FPI/TeamRankings; high source fpi, low source teamrankings.",6.100000000000001,high,6.100000000000001,,,,,,,,,,,,,,,,
g81,1.0,2026-09-05,Alcorn State,Southern Miss,medium_variance,Medium+ model variance,Southern Miss,Southern Miss rating range 18.2 across SP+/FPI/TeamRankings.,18.200000000000003,high,18.200000000000003,,,,,,,,,,,,,,,,
g108,2.0,2026-09-12,Southern Miss,Auburn,medium_variance,Medium+ model variance,Southern Miss,Southern Miss rating range 18.2 across SP+/FPI/TeamRankings.,18.200000000000003,high,18.200000000000003,,,,,,,,,,,,,,,,
g245,3.0,2026-09-19,Connecticut,Southern Miss,medium_variance,Medium+ model variance,Southern Miss,Southern Miss rating range 18.2 across SP+/FPI/TeamRankings.,18.200000000000003,high,18.200000000000003,,,,,,,,,,,,,,,,
g319,4.0,2026-09-26,Southern Miss,Tulane,medium_variance,Medium+ model variance,Southern Miss,Southern Miss rating range 18.2 across SP+/FPI/TeamRankings.,18.200000000000003,high,18.200000000000003,,,,,,,,,,,,,,,,
g391,6.0,2026-10-06,Southern Miss,Troy,medium_variance,Medium+ model variance,Southern Miss,Southern Miss rating range 18.2 across SP+/FPI/TeamRankings.,18.200000000000003,high,18.200000000000003,,,,,,,,,,,,,,,,
g494,7.0,2026-10-17,Arkansas State,Southern Miss,medium_variance,Medium+ model variance,Southern Miss,Southern Miss rating range 18.2 across SP+/FPI/TeamRankings.,18.200000000000003,high,18.200000000000003,,,,,,,,,,,,,,,,
g553,8.0,2026-10-24,Louisiana,Southern Miss,medium_variance,Medium+ model variance,Southern Miss,Southern Miss rating range 18.2 across SP+/FPI/TeamRankings.,18.200000000000003,high,18.200000000000003,,,,,,,,,,,,,,,,
g617,9.0,2026-10-31,Southern Miss,UL-Monroe,medium_variance,Medium+ model variance,Southern Miss,Southern Miss rating range 18.2 across SP+/FPI/TeamRankings.,18.200000000000003,high,18.200000000000003,,,,,,,,,,,,,,,,
g629,10.0,2026-11-05,James Madison,Southern Miss,medium_variance,Medium+ model variance,Southern Miss,Southern Miss rating range 18.2 across SP+/FPI/TeamRankings.,18.200000000000003,high,18.200000000000003,,,,,,,,,,,,,,,,
g716,11.0,2026-11-14,Southern Miss,Louisiana Tech,medium_variance,Medium+ model variance,Southern Miss,Southern Miss rating range 18.2 across SP+/FPI/TeamRankings.,18.200000000000003,high,18.200000000000003,,,,,,,,,,,,,,,,
g809,12.0,2026-11-21,South Alabama,Southern Miss,medium_variance,Medium+ model variance,Southern Miss,Southern Miss rating range 18.2 across SP+/FPI/TeamRankings.,18.200000000000003,high,18.200000000000003,,,,,,,,,,,,,,,,
g872,13.0,2026-11-28,Southern Miss,Old Dominion,medium_variance,Medium+ model variance,Southern Miss,Southern Miss rating range 18.2 across SP+/FPI/TeamRankings.,18.200000000000003,high,18.200000000000003,,,,,,,,,,,,,,,,
g34,1.0,2026-09-05,The Citadel,Charlotte,medium_variance,Medium+ model variance,Charlotte,Charlotte rating range 17.8 across SP+/FPI/TeamRankings.,17.799999999999997,high,17.799999999999997,,,,,,,,,,,,,,,,
g156,2.0,2026-09-12,Charlotte,Ole Miss,medium_variance,Medium+ model variance,Charlotte,Charlotte rating range 17.8 across SP+/FPI/TeamRankings.,17.799999999999997,high,17.799999999999997,,,,,,,,,,,,,,,,
g190,3.0,2026-09-19,Charlotte,Appalachian State,medium_variance,Medium+ model variance,Charlotte,Charlotte rating range 17.8 across SP+/FPI/TeamRankings.,17.799999999999997,high,17.799999999999997,,,,,,,,,,,,,,,,
g274,4.0,2026-09-26,Louisiana,Charlotte,medium_variance,Medium+ model variance,Charlotte,Charlotte rating range 17.8 across SP+/FPI/TeamRankings.,17.799999999999997,high,17.799999999999997,,,,,,,,,,,,,,,,
g344,5.0,2026-10-03,Memphis,Charlotte,medium_variance,Medium+ model variance,Charlotte,Charlotte rating range 17.8 across SP+/FPI/TeamRankings.,17.799999999999997,high,17.799999999999997,,,,,,,,,,,,,,,,
g424,6.0,2026-10-10,Charlotte,North Texas,medium_variance,Medium+ model variance,Charlotte,Charlotte rating range 17.8 across SP+/FPI/TeamRankings.,17.799999999999997,high,17.799999999999997,,,,,,,,,,,,,,,,
g497,7.0,2026-10-17,Charlotte,Temple,medium_variance,Medium+ model variance,Charlotte,Charlotte rating range 17.8 across SP+/FPI/TeamRankings.,17.799999999999997,high,17.799999999999997,,,,,,,,,,,,,,,,
g574,9.0,2026-10-30,Tulane,Charlotte,medium_variance,Medium+ model variance,Charlotte,Charlotte rating range 17.8 across SP+/FPI/TeamRankings.,17.799999999999997,high,17.799999999999997,,,,,,,,,,,,,,,,
g678,10.0,2026-11-07,Charlotte,UAB,medium_variance,Medium+ model variance,Charlotte,Charlotte rating range 17.8 across SP+/FPI/TeamRankings.,17.799999999999997,high,17.799999999999997,,,,,,,,,,,,,,,,
g702,11.0,2026-11-14,East Carolina,Charlotte,medium_variance,Medium+ model variance,Charlotte,Charlotte rating range 17.8 across SP+/FPI/TeamRankings.,17.799999999999997,high,17.799999999999997,,,,,,,,,,,,,,,,
g816,12.0,2026-11-21,Charlotte,Tulsa,medium_variance,Medium+ model variance,Charlotte,Charlotte rating range 17.8 across SP+/FPI/TeamRankings.,17.799999999999997,high,17.799999999999997,,,,,,,,,,,,,,,,
g842,13.0,2026-11-28,Navy,Charlotte,medium_variance,Medium+ model variance,Charlotte,Charlotte rating range 17.8 across SP+/FPI/TeamRankings.,17.799999999999997,high,17.799999999999997,,,,,,,,,,,,,,,,
g1,0.0,2026-08-29,Sacramento State,Eastern Michigan,medium_variance,Medium+ model variance,Sacramento State,Sacramento State rating range 12.3 across SP+/FPI/TeamRankings.,12.3,high,12.3,,,,,,,,,,,,,,,,
g76,1.0,2026-09-05,MVSU,Sacramento State,medium_variance,Medium+ model variance,Sacramento State,Sacramento State rating range 12.3 across SP+/FPI/TeamRankings.,12.3,high,12.3,,,,,,,,,,,,,,,,
g124,2.0,2026-09-12,Sacramento State,Fresno State,medium_variance,Medium+ model variance,Sacramento State,Sacramento State rating range 12.3 across SP+/FPI/TeamRankings.,12.3,high,12.3,,,,,,,,,,,,,,,,
g238,3.0,2026-09-19,North Dakota State,Sacramento State,medium_variance,Medium+ model variance,Sacramento State,Sacramento State rating range 12.3 across SP+/FPI/TeamRankings.,12.3,high,12.3,,,,,,,,,,,,,,,,
g312,4.0,2026-09-26,Massachusetts,Sacramento State,medium_variance,Medium+ model variance,Sacramento State,Sacramento State rating range 12.3 across SP+/FPI/TeamRankings.,12.3,high,12.3,,,,,,,,,,,,,,,,
g406,6.0,2026-10-10,Sacramento State,Bowling Green,medium_variance,Medium+ model variance,Sacramento State,Sacramento State rating range 12.3 across SP+/FPI/TeamRankings.,12.3,high,12.3,,,,,,,,,,,,,,,,
g491,7.0,2026-10-17,Ohio,Sacramento State,medium_variance,Medium+ model variance,Sacramento State,Sacramento State rating range 12.3 across SP+/FPI/TeamRankings.,12.3,high,12.3,,,,,,,,,,,,,,,,
g524,8.0,2026-10-24,Sacramento State,Ball State,medium_variance,Medium+ model variance,Sacramento State,Sacramento State rating range 12.3 across SP+/FPI/TeamRankings.,12.3,high,12.3,,,,,,,,,,,,,,,,
g575,9.0,2026-10-30,Kent State,Sacramento State,medium_variance,Medium+ model variance,Sacramento State,Sacramento State rating range 12.3 across SP+/FPI/TeamRankings.,12.3,high,12.3,,,,,,,,,,,,,,,,
g627,10.0,2026-11-04,Toledo,Sacramento State,medium_variance,Medium+ model variance,Sacramento State,Sacramento State rating range 12.3 across SP+/FPI/TeamRankings.,12.3,high,12.3,,,,,,,,,,,,,,,,
g690,11.0,2026-11-11,Sacramento State,Central Michigan,medium_variance,Medium+ model variance,Sacramento State,Sacramento State rating range 12.3 across SP+/FPI/TeamRankings.,12.3,high,12.3,,,,,,,,,,,,,,,,
g853,13.0,2026-11-28,Sacramento State,Hawaii,medium_variance,Medium+ model variance,Sacramento State,Sacramento State rating range 12.3 across SP+/FPI/TeamRankings.,12.3,high,12.3,,,,,,,,,,,,,,,,
g16,1.0,2026-09-03,Massachusetts,Rutgers,medium_variance,Medium+ model variance,Massachusetts,Massachusetts rating range 12.1 across SP+/FPI/TeamRankings.,12.099999999999998,high,12.099999999999998,,,,,,,,,,,,,,,,
g140,2.0,2026-09-12,Sacred Heart,Massachusetts,medium_variance,Medium+ model variance,Massachusetts,Massachusetts rating range 12.1 across SP+/FPI/TeamRankings.,12.099999999999998,high,12.099999999999998,,,,,,,,,,,,,,,,
g218,3.0,2026-09-19,Stonehill,Massachusetts,medium_variance,Medium+ model variance,Massachusetts,Massachusetts rating range 12.1 across SP+/FPI/TeamRankings.,12.099999999999998,high,12.099999999999998,,,,,,,,,,,,,,,,
g365,5.0,2026-10-03,Eastern Michigan,Massachusetts,medium_variance,Medium+ model variance,Massachusetts,Massachusetts rating range 12.1 across SP+/FPI/TeamRankings.,12.099999999999998,high,12.099999999999998,,,,,,,,,,,,,,,,
g417,6.0,2026-10-10,Miami-OH,Massachusetts,medium_variance,Medium+ model variance,Massachusetts,Massachusetts rating range 12.1 across SP+/FPI/TeamRankings.,12.099999999999998,high,12.099999999999998,,,,,,,,,,,,,,,,
g463,7.0,2026-10-17,Massachusetts,Buffalo,medium_variance,Medium+ model variance,Massachusetts,Massachusetts rating range 12.1 across SP+/FPI/TeamRankings.,12.099999999999998,high,12.099999999999998,,,,,,,,,,,,,,,,
g531,8.0,2026-10-24,Massachusetts,Connecticut,medium_variance,Medium+ model variance,Massachusetts,Massachusetts rating range 12.1 across SP+/FPI/TeamRankings.,12.099999999999998,high,12.099999999999998,,,,,,,,,,,,,,,,
g626,10.0,2026-11-04,Ball State,Massachusetts,medium_variance,Medium+ model variance,Massachusetts,Massachusetts rating range 12.1 across SP+/FPI/TeamRankings.,12.099999999999998,high,12.099999999999998,,,,,,,,,,,,,,,,
g691,11.0,2026-11-11,Massachusetts,Toledo,medium_variance,Medium+ model variance,Massachusetts,Massachusetts rating range 12.1 across SP+/FPI/TeamRankings.,12.099999999999998,high,12.099999999999998,,,,,,,,,,,,,,,,
g757,12.0,2026-11-18,Akron,Massachusetts,medium_variance,Medium+ model variance,Massachusetts,Massachusetts rating range 12.1 across SP+/FPI/TeamRankings.,12.099999999999998,high,12.099999999999998,,,,,,,,,,,,,,,,
g840,13.0,2026-11-28,Massachusetts,Bowling Green,medium_variance,Medium+ model variance,Massachusetts,Massachusetts rating range 12.1 across SP+/FPI/TeamRankings.,12.099999999999998,high,12.099999999999998,,,,,,,,,,,,,,,,
g20,1.0,2026-09-04,North Carolina A&T,Georgia State,medium_variance,Medium+ model variance,Georgia State,Georgia State rating range 9.9 across SP+/FPI/TeamRankings.,9.900000000000002,high,9.900000000000002,,,,,,,,,,,,,,,,
g134,2.0,2026-09-12,Georgia State,Kennesaw State,medium_variance,Medium+ model variance,Georgia State,Georgia State rating range 9.9 across SP+/FPI/TeamRankings.,9.900000000000002,high,9.900000000000002,,,,,,,,,,,,,,,,
g198,3.0,2026-09-19,Georgia State,Central Florida,medium_variance,Medium+ model variance,Georgia State,Georgia State rating range 9.9 across SP+/FPI/TeamRankings.,9.900000000000002,high,9.900000000000002,,,,,,,,,,,,,,,,
g285,4.0,2026-09-26,Northern Illinois,Georgia State,medium_variance,Medium+ model variance,Georgia State,Georgia State rating range 9.9 across SP+/FPI/TeamRankings.,9.900000000000002,high,9.900000000000002,,,,,,,,,,,,,,,,
g353,5.0,2026-10-03,Old Dominion,Georgia State,medium_variance,Medium+ model variance,Georgia State,Georgia State rating range 9.9 across SP+/FPI/TeamRankings.,9.900000000000002,high,9.900000000000002,,,,,,,,,,,,,,,,
g474,7.0,2026-10-17,Georgia State,James Madison,medium_variance,Medium+ model variance,Georgia State,Georgia State rating range 9.9 across SP+/FPI/TeamRankings.,9.900000000000002,high,9.900000000000002,,,,,,,,,,,,,,,,
g522,8.0,2026-10-24,Georgia State,Arkansas State,medium_variance,Medium+ model variance,Georgia State,Georgia State rating range 9.9 across SP+/FPI/TeamRankings.,9.900000000000002,high,9.900000000000002,,,,,,,,,,,,,,,,
g588,9.0,2026-10-31,Coastal Carolina,Georgia State,medium_variance,Medium+ model variance,Georgia State,Georgia State rating range 9.9 across SP+/FPI/TeamRankings.,9.900000000000002,high,9.900000000000002,,,,,,,,,,,,,,,,
g632,10.0,2026-11-07,Georgia State,Appalachian State,medium_variance,Medium+ model variance,Georgia State,Georgia State rating range 9.9 across SP+/FPI/TeamRankings.,9.900000000000002,high,9.900000000000002,,,,,,,,,,,,,,,,
g708,11.0,2026-11-14,Georgia Southern,Georgia State,medium_variance,Medium+ model variance,Georgia State,Georgia State rating range 9.9 across SP+/FPI/TeamRankings.,9.900000000000002,high,9.900000000000002,,,,,,,,,,,,,,,,
g789,12.0,2026-11-21,Georgia State,Marshall,medium_variance,Medium+ model variance,Georgia State,Georgia State rating range 9.9 across SP+/FPI/TeamRankings.,9.900000000000002,high,9.900000000000002,,,,,,,,,,,,,,,,
g852,13.0,2026-11-28,Louisiana,Georgia State,medium_variance,Medium+ model variance,Georgia State,Georgia State rating range 9.9 across SP+/FPI/TeamRankings.,9.900000000000002,high,9.900000000000002,,,,,,,,,,,,,,,,
g59,1.0,2026-09-05,Murray State,Middle Tennessee,medium_variance,Medium+ model variance,Middle Tennessee,Middle Tennessee rating range 9.9 across SP+/FPI/TeamRankings.,9.9,high,9.9,,,,,,,,,,,,,,,,
g139,2.0,2026-09-12,Middle Tennessee,Marshall,medium_variance,Medium+ model variance,Middle Tennessee,Middle Tennessee rating range 9.9 across SP+/FPI/TeamRankings.,9.9,high,9.9,,,,,,,,,,,,,,,,
g221,3.0,2026-09-19,Nevada,Middle Tennessee,medium_variance,Medium+ model variance,Middle Tennessee,Middle Tennessee rating range 9.9 across SP+/FPI/TeamRankings.,9.9,high,9.9,,,,,,,,,,,,,,,,
g288,4.0,2026-09-26,Middle Tennessee,Jacksonville State,medium_variance,Medium+ model variance,Middle Tennessee,Middle Tennessee rating range 9.9 across SP+/FPI/TeamRankings.,9.9,high,9.9,,,,,,,,,,,,,,,,
g360,5.0,2026-10-03,Middle Tennessee,Kansas,medium_variance,Medium+ model variance,Middle Tennessee,Middle Tennessee rating range 9.9 across SP+/FPI/TeamRankings.,9.9,high,9.9,,,,,,,,,,,,,,,,
g450,7.0,2026-10-13,Delaware,Middle Tennessee,medium_variance,Medium+ model variance,Middle Tennessee,Middle Tennessee rating range 9.9 across SP+/FPI/TeamRankings.,9.9,high,9.9,,,,,,,,,,,,,,,,
g512,8.0,2026-10-20,Middle Tennessee,Florida International,medium_variance,Medium+ model variance,Middle Tennessee,Middle Tennessee rating range 9.9 across SP+/FPI/TeamRankings.,9.9,high,9.9,,,,,,,,,,,,,,,,
g569,9.0,2026-10-28,Kennesaw State,Middle Tennessee,medium_variance,Medium+ model variance,Middle Tennessee,Middle Tennessee rating range 9.9 across SP+/FPI/TeamRankings.,9.9,high,9.9,,,,,,,,,,,,,,,,
g655,10.0,2026-11-07,Western Kentucky,Middle Tennessee,medium_variance,Medium+ model variance,Middle Tennessee,Middle Tennessee rating range 9.9 across SP+/FPI/TeamRankings.,9.9,high,9.9,,,,,,,,,,,,,,,,
g715,11.0,2026-11-14,Middle Tennessee,Liberty,medium_variance,Medium+ model variance,Middle Tennessee,Middle Tennessee rating range 9.9 across SP+/FPI/TeamRankings.,9.9,high,9.9,,,,,,,,,,,,,,,,
g806,12.0,2026-11-21,Middle Tennessee,Sam Houston,medium_variance,Medium+ model variance,Middle Tennessee,Middle Tennessee rating range 9.9 across SP+/FPI/TeamRankings.,9.9,high,9.9,,,,,,,,,,,,,,,,
g862,13.0,2026-11-28,New Mexico State,Middle Tennessee,medium_variance,Medium+ model variance,Middle Tennessee,Middle Tennessee rating range 9.9 across SP+/FPI/TeamRankings.,9.9,high,9.9,,,,,,,,,,,,,,,,
g86,1.0,2026-09-05,Missouri State,Texas A&M,medium_variance,Medium+ model variance,Missouri State,Missouri State rating range 8.6 across SP+/FPI/TeamRankings.,8.599999999999998,high,8.599999999999998,,,,,,,,,,,,,,,,
g145,2.0,2026-09-12,Lindenwood,Missouri State,medium_variance,Medium+ model variance,Missouri State,Missouri State rating range 8.6 across SP+/FPI/TeamRankings.,8.599999999999998,high,8.599999999999998,,,,,,,,,,,,,,,,
g224,3.0,2026-09-19,Marshall,Missouri State,medium_variance,Medium+ model variance,Missouri State,Missouri State rating range 8.6 across SP+/FPI/TeamRankings.,8.599999999999998,high,8.599999999999998,,,,,,,,,,,,,,,,
g311,4.0,2026-09-26,Missouri State,SMU,medium_variance,Medium+ model variance,Missouri State,Missouri State rating range 8.6 across SP+/FPI/TeamRankings.,8.599999999999998,high,8.599999999999998,,,,,,,,,,,,,,,,
g397,6.0,2026-10-08,Missouri State,Western Kentucky,medium_variance,Medium+ model variance,Missouri State,Missouri State rating range 8.6 across SP+/FPI/TeamRankings.,8.599999999999998,high,8.599999999999998,,,,,,,,,,,,,,,,
g451,7.0,2026-10-14,Missouri State,Kennesaw State,medium_variance,Medium+ model variance,Missouri State,Missouri State rating range 8.6 across SP+/FPI/TeamRankings.,8.599999999999998,high,8.599999999999998,,,,,,,,,,,,,,,,
g511,8.0,2026-10-20,Missouri State,Delaware,medium_variance,Medium+ model variance,Missouri State,Missouri State rating range 8.6 across SP+/FPI/TeamRankings.,8.599999999999998,high,8.599999999999998,,,,,,,,,,,,,,,,
g567,9.0,2026-10-27,Sam Houston,Missouri State,medium_variance,Medium+ model variance,Missouri State,Missouri State rating range 8.6 across SP+/FPI/TeamRankings.,8.599999999999998,high,8.599999999999998,,,,,,,,,,,,,,,,
g643,10.0,2026-11-07,Missouri State,Florida International,medium_variance,Medium+ model variance,Missouri State,Missouri State rating range 8.6 across SP+/FPI/TeamRankings.,8.599999999999998,high,8.599999999999998,,,,,,,,,,,,,,,,
g722,11.0,2026-11-14,New Mexico State,Missouri State,medium_variance,Medium+ model variance,Missouri State,Missouri State rating range 8.6 across SP+/FPI/TeamRankings.,8.599999999999998,high,8.599999999999998,,,,,,,,,,,,,,,,
g782,12.0,2026-11-21,Missouri State,Jacksonville State,medium_variance,Medium+ model variance,Missouri State,Missouri State rating range 8.6 across SP+/FPI/TeamRankings.,8.599999999999998,high,8.599999999999998,,,,,,,,,,,,,,,,
g864,13.0,2026-11-28,Liberty,Missouri State,medium_variance,Medium+ model variance,Missouri State,Missouri State rating range 8.6 across SP+/FPI/TeamRankings.,8.599999999999998,high,8.599999999999998,,,,,,,,,,,,,,,,
g58,1.0,2026-09-05,Toledo,Michigan State,medium_variance,Medium+ model variance,Toledo,Toledo rating range 8.5 across SP+/FPI/TeamRankings.,8.5,high,8.5,,,,,,,,,,,,,,,,
g170,2.0,2026-09-12,CCSU,Toledo,medium_variance,Medium+ model variance,Toledo,Toledo rating range 8.5 across SP+/FPI/TeamRankings.,8.5,high,8.5,,,,,,,,,,,,,,,,
g251,3.0,2026-09-19,Temple,Toledo,medium_variance,Medium+ model variance,Toledo,Toledo rating range 8.5 across SP+/FPI/TeamRankings.,8.5,high,8.5,,,,,,,,,,,,,,,,
g318,4.0,2026-09-26,San Diego State,Toledo,medium_variance,Medium+ model variance,Toledo,Toledo rating range 8.5 across SP+/FPI/TeamRankings.,8.5,high,8.5,,,,,,,,,,,,,,,,
g340,5.0,2026-10-03,Toledo,Ball State,medium_variance,Medium+ model variance,Toledo,Toledo rating range 8.5 across SP+/FPI/TeamRankings.,8.5,high,8.5,,,,,,,,,,,,,,,,
g439,6.0,2026-10-10,Buffalo,Toledo,medium_variance,Medium+ model variance,Toledo,Toledo rating range 8.5 across SP+/FPI/TeamRankings.,8.5,high,8.5,,,,,,,,,,,,,,,,
g469,7.0,2026-10-17,Toledo,Eastern Michigan,medium_variance,Medium+ model variance,Toledo,Toledo rating range 8.5 across SP+/FPI/TeamRankings.,8.5,high,8.5,,,,,,,,,,,,,,,,
g558,8.0,2026-10-24,Western Michigan,Toledo,medium_variance,Medium+ model variance,Toledo,Toledo rating range 8.5 across SP+/FPI/TeamRankings.,8.5,high,8.5,,,,,,,,,,,,,,,,
g758,12.0,2026-11-18,Bowling Green,Toledo,medium_variance,Medium+ model variance,Toledo,Toledo rating range 8.5 across SP+/FPI/TeamRankings.,8.5,high,8.5,,,,,,,,,,,,,,,,
g829,13.0,2026-11-27,Toledo,Ohio,medium_variance,Medium+ model variance,Toledo,Toledo rating range 8.5 across SP+/FPI/TeamRankings.,8.5,high,8.5,,,,,,,,,,,,,,,,
g88,1.0,2026-09-05,Sam Houston,Troy,medium_variance,Medium+ model variance,Sam Houston,Sam Houston rating range 7.9 across SP+/FPI/TeamRankings.,7.900000000000002,high,7.900000000000002,,,,,,,,,,,,,,,,
g161,2.0,2026-09-12,Tulsa,Sam Houston,medium_variance,Medium+ model variance,Sam Houston,Sam Houston rating range 7.9 across SP+/FPI/TeamRankings.,7.900000000000002,high,7.900000000000002,,,,,,,,,,,,,,,,
g239,3.0,2026-09-19,Nicholls,Sam Houston,medium_variance,Medium+ model variance,Sam Houston,Sam Houston rating range 7.9 across SP+/FPI/TeamRankings.,7.900000000000002,high,7.900000000000002,,,,,,,,,,,,,,,,
g317,4.0,2026-09-26,Sam Houston,Texas Tech,medium_variance,Medium+ model variance,Sam Houston,Sam Houston rating range 7.9 across SP+/FPI/TeamRankings.,7.900000000000002,high,7.900000000000002,,,,,,,,,,,,,,,,
g395,6.0,2026-10-08,Sam Houston,Liberty,medium_variance,Medium+ model variance,Sam Houston,Sam Houston rating range 7.9 across SP+/FPI/TeamRankings.,7.900000000000002,high,7.900000000000002,,,,,,,,,,,,,,,,
g452,7.0,2026-10-14,Western Kentucky,Sam Houston,medium_variance,Medium+ model variance,Sam Houston,Sam Houston rating range 7.9 across SP+/FPI/TeamRankings.,7.900000000000002,high,7.900000000000002,,,,,,,,,,,,,,,,
g515,8.0,2026-10-21,New Mexico State,Sam Houston,medium_variance,Medium+ model variance,Sam Houston,Sam Houston rating range 7.9 across SP+/FPI/TeamRankings.,7.900000000000002,high,7.900000000000002,,,,,,,,,,,,,,,,
g648,10.0,2026-11-07,Sam Houston,Jacksonville State,medium_variance,Medium+ model variance,Sam Houston,Sam Houston rating range 7.9 across SP+/FPI/TeamRankings.,7.900000000000002,high,7.900000000000002,,,,,,,,,,,,,,,,
g736,11.0,2026-11-14,Kennesaw State,Sam Houston,medium_variance,Medium+ model variance,Sam Houston,Sam Houston rating range 7.9 across SP+/FPI/TeamRankings.,7.900000000000002,high,7.900000000000002,,,,,,,,,,,,,,,,
g848,13.0,2026-11-28,Sam Houston,Florida International,medium_variance,Medium+ model variance,Sam Houston,Sam Houston rating range 7.9 across SP+/FPI/TeamRankings.,7.900000000000002,high,7.900000000000002,,,,,,,,,,,,,,,,
g68,1.0,2026-09-05,Ball State,Ohio State,medium_variance,Medium+ model variance,Ball State,Ball State rating range 7.9 across SP+/FPI/TeamRankings.,7.899999999999999,high,7.899999999999999,,,,,,,,,,,,,,,,
g110,2.0,2026-09-12,Stony Brook,Ball State,medium_variance,Medium+ model variance,Ball State,Ball State rating range 7.9 across SP+/FPI/TeamRankings.,7.899999999999999,high,7.899999999999999,,,,,,,,,,,,,,,,
g214,3.0,2026-09-19,Ball State,Liberty,medium_variance,Medium+ model variance,Ball State,Ball State rating range 7.9 across SP+/FPI/TeamRankings.,7.899999999999999,high,7.899999999999999,,,,,,,,,,,,,,,,
g289,4.0,2026-09-26,Ball State,Kent State,medium_variance,Medium+ model variance,Ball State,Ball State rating range 7.9 across SP+/FPI/TeamRankings.,7.899999999999999,high,7.899999999999999,,,,,,,,,,,,,,,,
g426,6.0,2026-10-10,Ball State,Northwestern,medium_variance,Medium+ model variance,Ball State,Ball State rating range 7.9 across SP+/FPI/TeamRankings.,7.899999999999999,high,7.899999999999999,,,,,,,,,,,,,,,,
g462,7.0,2026-10-17,Ball State,Bowling Green,medium_variance,Medium+ model variance,Ball State,Ball State rating range 7.9 across SP+/FPI/TeamRankings.,7.899999999999999,high,7.899999999999999,,,,,,,,,,,,,,,,
g689,11.0,2026-11-11,Buffalo,Ball State,medium_variance,Medium+ model variance,Ball State,Ball State rating range 7.9 across SP+/FPI/TeamRankings.,7.899999999999999,high,7.899999999999999,,,,,,,,,,,,,,,,
g754,12.0,2026-11-17,Ball State,Ohio,medium_variance,Medium+ model variance,Ball State,Ball State rating range 7.9 across SP+/FPI/TeamRankings.,7.899999999999999,high,7.899999999999999,,,,,,,,,,,,,,,,
g839,13.0,2026-11-28,Central Michigan,Ball State,medium_variance,Medium+ model variance,Ball State,Ball State rating range 7.9 across SP+/FPI/TeamRankings.,7.899999999999999,high,7.899999999999999,,,,,,,,,,,,,,,,
g38,1.0,2026-09-05,Tulane,Duke,medium_variance,Medium+ model variance,Tulane,Tulane rating range 7.8 across SP+/FPI/TeamRankings.,7.8,high,7.8,,,,,,,,,,,,,,,,
g172,2.0,2026-09-12,South Alabama,Tulane,medium_variance,Medium+ model variance,Tulane,Tulane rating range 7.8 across SP+/FPI/TeamRankings.,7.8,high,7.8,,,,,,,,,,,,,,,,
g213,3.0,2026-09-19,Tulane,Kansas State,medium_variance,Medium+ model variance,Tulane,Tulane rating range 7.8 across SP+/FPI/TeamRankings.,7.8,high,7.8,,,,,,,,,,,,,,,,
g405,6.0,2026-10-10,Tulane,Army,medium_variance,Medium+ model variance,Tulane,Tulane rating range 7.8 across SP+/FPI/TeamRankings.,7.8,high,7.8,,,,,,,,,,,,,,,,
g456,7.0,2026-10-16,Memphis,Tulane,medium_variance,Medium+ model variance,Tulane,Tulane rating range 7.8 across SP+/FPI/TeamRankings.,7.8,high,7.8,,,,,,,,,,,,,,,,
g560,8.0,2026-10-24,UTSA,Tulane,medium_variance,Medium+ model variance,Tulane,Tulane rating range 7.8 across SP+/FPI/TeamRankings.,7.8,high,7.8,,,,,,,,,,,,,,,,
g677,10.0,2026-11-07,Tulsa,Tulane,medium_variance,Medium+ model variance,Tulane,Tulane rating range 7.8 across SP+/FPI/TeamRankings.,7.8,high,7.8,,,,,,,,,,,,,,,,
g733,11.0,2026-11-14,Tulane,Rice,medium_variance,Medium+ model variance,Tulane,Tulane rating range 7.8 across SP+/FPI/TeamRankings.,7.8,high,7.8,,,,,,,,,,,,,,,,
g815,12.0,2026-11-21,North Texas,Tulane,medium_variance,Medium+ model variance,Tulane,Tulane rating range 7.8 across SP+/FPI/TeamRankings.,7.8,high,7.8,,,,,,,,,,,,,,,,
g877,13.0,2026-11-28,Tulane,South Florida,medium_variance,Medium+ model variance,Tulane,Tulane rating range 7.8 across SP+/FPI/TeamRankings.,7.8,high,7.8,,,,,,,,,,,,,,,,
g33,1.0,2026-09-05,UCLA,California,medium_variance,Medium+ model variance,UCLA,UCLA rating range 7.7 across SP+/FPI/TeamRankings.,7.699999999999999,high,7.699999999999999,,,,,,,,,,,,,,,,
g73,1.0,2026-09-05,Miami-OH,Pittsburgh,medium_variance,Medium+ model variance,Miami-OH,Miami-OH rating range 7.7 across SP+/FPI/TeamRankings.,7.699999999999999,high,7.699999999999999,,,,,,,,,,,,,,,,
g141,2.0,2026-09-12,Holy Cross,Miami-OH,medium_variance,Medium+ model variance,Miami-OH,Miami-OH rating range 7.7 across SP+/FPI/TeamRankings.,7.699999999999999,high,7.699999999999999,,,,,,,,,,,,,,,,
g174,2.0,2026-09-12,San Diego State,UCLA,medium_variance,Medium+ model variance,UCLA,UCLA rating range 7.7 across SP+/FPI/TeamRankings.,7.699999999999999,high,7.699999999999999,,,,,,,,,,,,,,,,
g200,3.0,2026-09-19,Miami-OH,Cincinnati,medium_variance,Medium+ model variance,Miami-OH,Miami-OH rating range 7.7 across SP+/FPI/TeamRankings.,7.699999999999999,high,7.699999999999999,,,,,,,,,,,,,,,,
g253,3.0,2026-09-19,Purdue,UCLA,medium_variance,Medium+ model variance,UCLA,UCLA rating range 7.7 across SP+/FPI/TeamRankings.,7.699999999999999,high,7.699999999999999,,,,,,,,,,,,,,,,
g294,4.0,2026-09-26,UCLA,Maryland,medium_variance,Medium+ model variance,UCLA,UCLA rating range 7.7 across SP+/FPI/TeamRankings.,7.699999999999999,high,7.699999999999999,,,,,,,,,,,,,,,,
g296,4.0,2026-09-26,Connecticut,Miami-OH,medium_variance,Medium+ model variance,Miami-OH,Miami-OH rating range 7.7 across SP+/FPI/TeamRankings.,7.699999999999999,high,7.699999999999999,,,,,,,,,,,,,,,,
g366,5.0,2026-10-03,Bowling Green,Miami-OH,medium_variance,Medium+ model variance,Miami-OH,Miami-OH rating range 7.7 across SP+/FPI/TeamRankings.,7.699999999999999,high,7.699999999999999,,,,,,,,,,,,,,,,
g432,6.0,2026-10-10,UCLA,Oregon,medium_variance,Medium+ model variance,UCLA,UCLA rating range 7.7 across SP+/FPI/TeamRankings.,7.699999999999999,high,7.699999999999999,,,,,,,,,,,,,,,,
g480,7.0,2026-10-17,Akron,Miami-OH,medium_variance,Medium+ model variance,Miami-OH,Miami-OH rating range 7.7 across SP+/FPI/TeamRankings.,7.699999999999999,high,7.699999999999999,,,,,,,,,,,,,,,,
g503,7.0,2026-10-17,Wisconsin,UCLA,medium_variance,Medium+ model variance,UCLA,UCLA rating range 7.7 across SP+/FPI/TeamRankings.,7.699999999999999,high,7.699999999999999,,,,,,,,,,,,,,,,
g527,8.0,2026-10-24,Miami-OH,Central Michigan,medium_variance,Medium+ model variance,Miami-OH,Miami-OH rating range 7.7 across SP+/FPI/TeamRankings.,7.699999999999999,high,7.699999999999999,,,,,,,,,,,,,,,,
g561,8.0,2026-10-24,Michigan State,UCLA,medium_variance,Medium+ model variance,UCLA,UCLA rating range 7.7 across SP+/FPI/TeamRankings.,7.699999999999999,high,7.699999999999999,,,,,,,,,,,,,,,,
g616,9.0,2026-10-31,Nevada,UCLA,medium_variance,Medium+ model variance,UCLA,UCLA rating range 7.7 across SP+/FPI/TeamRankings.,7.699999999999999,high,7.699999999999999,,,,,,,,,,,,,,,,
g624,10.0,2026-11-03,Buffalo,Miami-OH,medium_variance,Medium+ model variance,Miami-OH,Miami-OH rating range 7.7 across SP+/FPI/TeamRankings.,7.699999999999999,high,7.699999999999999,,,,,,,,,,,,,,,,
g656,10.0,2026-11-07,UCLA,Minnesota,medium_variance,Medium+ model variance,UCLA,UCLA rating range 7.7 across SP+/FPI/TeamRankings.,7.699999999999999,high,7.699999999999999,,,,,,,,,,,,,,,,
g688,11.0,2026-11-10,Ohio,Miami-OH,medium_variance,Medium+ model variance,Miami-OH,Miami-OH rating range 7.7 across SP+/FPI/TeamRankings.,7.699999999999999,high,7.699999999999999,,,,,,,,,,,,,,,,
g744,11.0,2026-11-14,Illinois,UCLA,medium_variance,Medium+ model variance,UCLA,UCLA rating range 7.7 across SP+/FPI/TeamRankings.,7.699999999999999,high,7.699999999999999,,,,,,,,,,,,,,,,
g753,12.0,2026-11-17,Miami-OH,Kent State,medium_variance,Medium+ model variance,Miami-OH,Miami-OH rating range 7.7 across SP+/FPI/TeamRankings.,7.699999999999999,high,7.699999999999999,,,,,,,,,,,,,,,,
g790,12.0,2026-11-21,UCLA,Michigan,medium_variance,Medium+ model variance,UCLA,UCLA rating range 7.7 across SP+/FPI/TeamRankings.,7.699999999999999,high,7.699999999999999,,,,,,,,,,,,,,,,
g824,13.0,2026-11-24,Miami-OH,Western Michigan,medium_variance,Medium+ model variance,Miami-OH,Miami-OH rating range 7.7 across SP+/FPI/TeamRankings.,7.699999999999999,high,7.699999999999999,,,,,,,,,,,,,,,,
g880,13.0,2026-11-28,USC,UCLA,medium_variance,Medium+ model variance,UCLA,UCLA rating range 7.7 across SP+/FPI/TeamRankings.,7.699999999999999,high,7.699999999999999,,,,,,,,,,,,,,,,
g14,1.0,2026-09-03,Eastern Illinois,Minnesota,medium_variance,Medium+ model variance,Minnesota,Minnesota rating range 7.5 across SP+/FPI/TeamRankings.,7.5,high,7.5,,,,,,,,,,,,,,,,
g144,2.0,2026-09-12,Mississippi State,Minnesota,medium_variance,Medium+ model variance,Minnesota,Minnesota rating range 7.5 across SP+/FPI/TeamRankings.,7.5,high,7.5,,,,,,,,,,,,,,,,
g222,3.0,2026-09-19,Akron,Minnesota,medium_variance,Medium+ model variance,Minnesota,Minnesota rating range 7.5 across SP+/FPI/TeamRankings.,7.5,high,7.5,,,,,,,,,,,,,,,,
g326,4.0,2026-09-26,Minnesota,Washington,medium_variance,Medium+ model variance,Minnesota,Minnesota rating range 7.5 across SP+/FPI/TeamRankings.,7.5,high,7.5,,,,,,,,,,,,,,,,
g367,5.0,2026-10-03,Michigan,Minnesota,medium_variance,Medium+ model variance,Minnesota,Minnesota rating range 7.5 across SP+/FPI/TeamRankings.,7.5,high,7.5,,,,,,,,,,,,,,,,
g436,6.0,2026-10-10,Minnesota,Purdue,medium_variance,Medium+ model variance,Minnesota,Minnesota rating range 7.5 across SP+/FPI/TeamRankings.,7.5,high,7.5,,,,,,,,,,,,,,,,
g541,8.0,2026-10-24,Iowa,Minnesota,medium_variance,Medium+ model variance,Minnesota,Minnesota rating range 7.5 across SP+/FPI/TeamRankings.,7.5,high,7.5,,,,,,,,,,,,,,,,
g589,9.0,2026-10-31,Minnesota,Indiana,medium_variance,Medium+ model variance,Minnesota,Minnesota rating range 7.5 across SP+/FPI/TeamRankings.,7.5,high,7.5,,,,,,,,,,,,,,,,
g732,11.0,2026-11-14,Minnesota,Penn State,medium_variance,Medium+ model variance,Minnesota,Minnesota rating range 7.5 across SP+/FPI/TeamRankings.,7.5,high,7.5,,,,,,,,,,,,,,,,
g792,12.0,2026-11-21,Northwestern,Minnesota,medium_variance,Medium+ model variance,Minnesota,Minnesota rating range 7.5 across SP+/FPI/TeamRankings.,7.5,high,7.5,,,,,,,,,,,,,,,,
g890,13.0,2026-11-28,Minnesota,Wisconsin,medium_variance,Medium+ model variance,Minnesota,Minnesota rating range 7.5 across SP+/FPI/TeamRankings.,7.5,high,7.5,,,,,,,,,,,,,,,,
g3,0.0,2026-08-29,Jacksonville State,North Dakota State,medium_variance,Medium+ model variance,North Dakota State,North Dakota State rating range 6.9 across SP+/FPI/TeamRankings.,6.9,high,6.9,,,,,,,,,,,,,,,,
g66,1.0,2026-09-05,Fordham,North Dakota State,medium_variance,Medium+ model variance,North Dakota State,North Dakota State rating range 6.9 across SP+/FPI/TeamRankings.,6.9,high,6.9,,,,,,,,,,,,,,,,
g104,2.0,2026-09-12,North Dakota State,Air Force,medium_variance,Medium+ model variance,North Dakota State,North Dakota State rating range 6.9 across SP+/FPI/TeamRankings.,6.9,high,6.9,,,,,,,,,,,,,,,,
g374,5.0,2026-10-03,Wyoming,North Dakota State,medium_variance,Medium+ model variance,North Dakota State,North Dakota State rating range 6.9 across SP+/FPI/TeamRankings.,6.9,high,6.9,,,,,,,,,,,,,,,,
g440,6.0,2026-10-10,North Dakota State,UNLV,medium_variance,Medium+ model variance,North Dakota State,North Dakota State rating range 6.9 across SP+/FPI/TeamRankings.,6.9,high,6.9,,,,,,,,,,,,,,,,
g483,7.0,2026-10-17,Nevada,North Dakota State,medium_variance,Medium+ model variance,North Dakota State,North Dakota State rating range 6.9 across SP+/FPI/TeamRankings.,6.9,high,6.9,,,,,,,,,,,,,,,,
g545,8.0,2026-10-24,North Dakota State,New Mexico,medium_variance,Medium+ model variance,North Dakota State,North Dakota State rating range 6.9 across SP+/FPI/TeamRankings.,6.9,high,6.9,,,,,,,,,,,,,,,,
g600,9.0,2026-10-31,UTEP,North Dakota State,medium_variance,Medium+ model variance,North Dakota State,North Dakota State rating range 6.9 across SP+/FPI/TeamRankings.,6.9,high,6.9,,,,,,,,,,,,,,,,
g709,11.0,2026-11-14,North Dakota State,Hawaii,medium_variance,Medium+ model variance,North Dakota State,North Dakota State rating range 6.9 across SP+/FPI/TeamRankings.,6.9,high,6.9,,,,,,,,,,,,,,,,
g799,12.0,2026-11-21,Northern Illinois,North Dakota State,medium_variance,Medium+ model variance,North Dakota State,North Dakota State rating range 6.9 across SP+/FPI/TeamRankings.,6.9,high,6.9,,,,,,,,,,,,,,,,
g876,13.0,2026-11-28,North Dakota State,San Jose State,medium_variance,Medium+ model variance,North Dakota State,North Dakota State rating range 6.9 across SP+/FPI/TeamRankings.,6.9,high,6.9,,,,,,,,,,,,,,,,
g97,1.0,2026-09-06,Wisconsin,Notre Dame,medium_variance,Medium+ model variance,Wisconsin,Wisconsin rating range 6.6 across SP+/FPI/TeamRankings.,6.6000000000000005,high,6.6000000000000005,,,,,,,,,,,,,,,,
g184,2.0,2026-09-12,Western Illinois,Wisconsin,medium_variance,Medium+ model variance,Wisconsin,Wisconsin rating range 6.6 across SP+/FPI/TeamRankings.,6.6000000000000005,high,6.6000000000000005,,,,,,,,,,,,,,,,
g260,3.0,2026-09-19,Eastern Michigan,Wisconsin,medium_variance,Medium+ model variance,Wisconsin,Wisconsin rating range 6.6 across SP+/FPI/TeamRankings.,6.6000000000000005,high,6.6000000000000005,,,,,,,,,,,,,,,,
g307,4.0,2026-09-26,Wisconsin,Penn State,medium_variance,Medium+ model variance,Wisconsin,Wisconsin rating range 6.6 across SP+/FPI/TeamRankings.,6.6000000000000005,high,6.6000000000000005,,,,,,,,,,,,,,,,
g390,5.0,2026-10-03,Michigan State,Wisconsin,medium_variance,Medium+ model variance,Wisconsin,Wisconsin rating range 6.6 across SP+/FPI/TeamRankings.,6.6000000000000005,high,6.6000000000000005,,,,,,,,,,,,,,,,
g565,8.0,2026-10-24,USC,Wisconsin,medium_variance,Medium+ model variance,Wisconsin,Wisconsin rating range 6.6 across SP+/FPI/TeamRankings.,6.6000000000000005,high,6.6000000000000005,,,,,,,,,,,,,,,,
g590,9.0,2026-10-31,Wisconsin,Iowa,medium_variance,Medium+ model variance,Wisconsin,Wisconsin rating range 6.6 across SP+/FPI/TeamRankings.,6.6000000000000005,high,6.6000000000000005,,,,,,,,,,,,,,,,
g685,10.0,2026-11-07,Rutgers,Wisconsin,medium_variance,Medium+ model variance,Wisconsin,Wisconsin rating range 6.6 across SP+/FPI/TeamRankings.,6.6000000000000005,high,6.6000000000000005,,,,,,,,,,,,,,,,
g718,11.0,2026-11-14,Wisconsin,Maryland,medium_variance,Medium+ model variance,Wisconsin,Wisconsin rating range 6.6 across SP+/FPI/TeamRankings.,6.6000000000000005,high,6.6000000000000005,,,,,,,,,,,,,,,,
g805,12.0,2026-11-21,Wisconsin,Purdue,medium_variance,Medium+ model variance,Wisconsin,Wisconsin rating range 6.6 across SP+/FPI/TeamRankings.,6.6000000000000005,high,6.6000000000000005,,,,,,,,,,,,,,,,
g95,1.0,2026-09-05,Washington State,Washington,medium_variance,Medium+ model variance,Washington,Washington rating range 6.5 across SP+/FPI/TeamRankings.,6.499999999999998,high,6.499999999999998,,,,,,,,,,,,,,,,
g181,2.0,2026-09-12,Utah State,Washington,medium_variance,Medium+ model variance,Washington,Washington rating range 6.5 across SP+/FPI/TeamRankings.,6.499999999999998,high,6.499999999999998,,,,,,,,,,,,,,,,
g257,3.0,2026-09-19,Eastern Washington,Washington,medium_variance,Medium+ model variance,Washington,Washington rating range 6.5 across SP+/FPI/TeamRankings.,6.499999999999998,high,6.499999999999998,,,,,,,,,,,,,,,,
g387,5.0,2026-10-03,Washington,USC,medium_variance,Medium+ model variance,Washington,Washington rating range 6.5 across SP+/FPI/TeamRankings.,6.499999999999998,high,6.499999999999998,,,,,,,,,,,,,,,,
g446,6.0,2026-10-10,Iowa,Washington,medium_variance,Medium+ model variance,Washington,Washington rating range 6.5 across SP+/FPI/TeamRankings.,6.499999999999998,high,6.499999999999998,,,,,,,,,,,,,,,,
g488,7.0,2026-10-17,Washington,Purdue,medium_variance,Medium+ model variance,Washington,Washington rating range 6.5 across SP+/FPI/TeamRankings.,6.499999999999998,high,6.499999999999998,,,,,,,,,,,,,,,,
g598,9.0,2026-10-31,Washington,Nebraska,medium_variance,Medium+ model variance,Washington,Washington rating range 6.5 across SP+/FPI/TeamRankings.,6.499999999999998,high,6.499999999999998,,,,,,,,,,,,,,,,
g684,10.0,2026-11-07,Penn State,Washington,medium_variance,Medium+ model variance,Washington,Washington rating range 6.5 across SP+/FPI/TeamRankings.,6.499999999999998,high,6.499999999999998,,,,,,,,,,,,,,,,
g720,11.0,2026-11-14,Washington,Michigan State,medium_variance,Medium+ model variance,Washington,Washington rating range 6.5 across SP+/FPI/TeamRankings.,6.499999999999998,high,6.499999999999998,,,,,,,,,,,,,,,,
g820,12.0,2026-11-21,Indiana,Washington,medium_variance,Medium+ model variance,Washington,Washington rating range 6.5 across SP+/FPI/TeamRankings.,6.499999999999998,high,6.499999999999998,,,,,,,,,,,,,,,,
g873,13.0,2026-11-28,Washington,Oregon,medium_variance,Medium+ model variance,Washington,Washington rating range 6.5 across SP+/FPI/TeamRankings.,6.499999999999998,high,6.499999999999998,,,,,,,,,,,,,,,,
g11,1.0,2026-09-03,Merrimack,Delaware,medium_variance,Medium+ model variance,Delaware,Delaware rating range 6.4 across SP+/FPI/TeamRankings.,6.4,high,6.4,,,,,,,,,,,,,,,,
g98,1.0,2026-09-06,Louisville,Ole Miss,medium_variance,Medium+ model variance,Ole Miss,Ole Miss rating range 6.4 across SP+/FPI/TeamRankings.,6.4,high,6.4,,,,,,,,,,,,,,,,
g178,2.0,2026-09-12,Delaware,Vanderbilt,medium_variance,Medium+ model variance,Delaware,Delaware rating range 6.4 across SP+/FPI/TeamRankings.,6.4,high,6.4,,,,,,,,,,,,,,,,
g203,3.0,2026-09-19,Coastal Carolina,Delaware,medium_variance,Medium+ model variance,Delaware,Delaware rating range 6.4 across SP+/FPI/TeamRankings.,6.4,high,6.4,,,,,,,,,,,,,,,,
g232,3.0,2026-09-19,LSU,Ole Miss,medium_variance,Medium+ model variance,Ole Miss,Ole Miss rating range 6.4 across SP+/FPI/TeamRankings.,6.4,high,6.4,,,,,,,,,,,,,,,,
g279,4.0,2026-09-26,Ole Miss,Florida,medium_variance,Medium+ model variance,Ole Miss,Ole Miss rating range 6.4 across SP+/FPI/TeamRankings.,6.4,high,6.4,,,,,,,,,,,,,,,,
g325,4.0,2026-09-26,Delaware,Virginia,medium_variance,Medium+ model variance,Delaware,Delaware rating range 6.4 across SP+/FPI/TeamRankings.,6.4,high,6.4,,,,,,,,,,,,,,,,
g334,5.0,2026-10-02,Liberty,Delaware,medium_variance,Medium+ model variance,Delaware,Delaware rating range 6.4 across SP+/FPI/TeamRankings.,6.4,high,6.4,,,,,,,,,,,,,,,,
g444,6.0,2026-10-10,Ole Miss,Vanderbilt,medium_variance,Medium+ model variance,Ole Miss,Ole Miss rating range 6.4 across SP+/FPI/TeamRankings.,6.4,high,6.4,,,,,,,,,,,,,,,,
g485,7.0,2026-10-17,Missouri,Ole Miss,medium_variance,Medium+ model variance,Ole Miss,Ole Miss rating range 6.4 across SP+/FPI/TeamRankings.,6.4,high,6.4,,,,,,,,,,,,,,,,
g556,8.0,2026-10-24,Ole Miss,Texas,medium_variance,Medium+ model variance,Ole Miss,Ole Miss rating range 6.4 across SP+/FPI/TeamRankings.,6.4,high,6.4,,,,,,,,,,,,,,,,
g568,9.0,2026-10-27,Delaware,Western Kentucky,medium_variance,Medium+ model variance,Delaware,Delaware rating range 6.4 across SP+/FPI/TeamRankings.,6.4,high,6.4,,,,,,,,,,,,,,,,
g603,9.0,2026-10-31,Auburn,Ole Miss,medium_variance,Medium+ model variance,Ole Miss,Ole Miss rating range 6.4 across SP+/FPI/TeamRankings.,6.4,high,6.4,,,,,,,,,,,,,,,,
g651,10.0,2026-11-07,Delaware,Kennesaw State,medium_variance,Medium+ model variance,Delaware,Delaware rating range 6.4 across SP+/FPI/TeamRankings.,6.4,high,6.4,,,,,,,,,,,,,,,,
g667,10.0,2026-11-07,Georgia,Ole Miss,medium_variance,Medium+ model variance,Ole Miss,Ole Miss rating range 6.4 across SP+/FPI/TeamRankings.,6.4,high,6.4,,,,,,,,,,,,,,,,
g706,11.0,2026-11-14,Florida International,Delaware,medium_variance,Medium+ model variance,Delaware,Delaware rating range 6.4 across SP+/FPI/TeamRankings.,6.4,high,6.4,,,,,,,,,,,,,,,,
g729,11.0,2026-11-14,Ole Miss,Oklahoma,medium_variance,Medium+ model variance,Ole Miss,Ole Miss rating range 6.4 across SP+/FPI/TeamRankings.,6.4,high,6.4,,,,,,,,,,,,,,,,
g798,12.0,2026-11-21,Delaware,New Mexico State,medium_variance,Medium+ model variance,Delaware,Delaware rating range 6.4 across SP+/FPI/TeamRankings.,6.4,high,6.4,,,,,,,,,,,,,,,,
g802,12.0,2026-11-21,Wofford,Ole Miss,medium_variance,Medium+ model variance,Ole Miss,Ole Miss rating range 6.4 across SP+/FPI/TeamRankings.,6.4,high,6.4,,,,,,,,,,,,,,,,
g830,13.0,2026-11-27,Mississippi State,Ole Miss,medium_variance,Medium+ model variance,Ole Miss,Ole Miss rating range 6.4 across SP+/FPI/TeamRankings.,6.4,high,6.4,,,,,,,,,,,,,,,,
g846,13.0,2026-11-28,Jacksonville State,Delaware,medium_variance,Medium+ model variance,Delaware,Delaware rating range 6.4 across SP+/FPI/TeamRankings.,6.4,high,6.4,,,,,,,,,,,,,,,,
g63,1.0,2026-09-05,Western Kentucky,Nevada,medium_variance,Medium+ model variance,Nevada,Nevada rating range 6.2 across SP+/FPI/TeamRankings.,6.200000000000001,high,6.200000000000001,,,,,,,,,,,,,,,,
g148,2.0,2026-09-12,Montana State,Nevada,medium_variance,Medium+ model variance,Nevada,Nevada rating range 6.2 across SP+/FPI/TeamRankings.,6.200000000000001,high,6.200000000000001,,,,,,,,,,,,,,,,
g301,4.0,2026-09-26,Air Force,Nevada,medium_variance,Medium+ model variance,Nevada,Nevada rating range 6.2 across SP+/FPI/TeamRankings.,6.200000000000001,high,6.200000000000001,,,,,,,,,,,,,,,,
g441,6.0,2026-10-10,Nevada,UTEP,medium_variance,Medium+ model variance,Nevada,Nevada rating range 6.2 across SP+/FPI/TeamRankings.,6.200000000000001,high,6.200000000000001,,,,,,,,,,,,,,,,
g544,8.0,2026-10-24,San Jose State,Nevada,medium_variance,Medium+ model variance,Nevada,Nevada rating range 6.2 across SP+/FPI/TeamRankings.,6.200000000000001,high,6.200000000000001,,,,,,,,,,,,,,,,
g661,10.0,2026-11-07,New Mexico,Nevada,medium_variance,Medium+ model variance,Nevada,Nevada rating range 6.2 across SP+/FPI/TeamRankings.,6.200000000000001,high,6.200000000000001,,,,,,,,,,,,,,,,
g726,11.0,2026-11-14,Nevada,Northern Illinois,medium_variance,Medium+ model variance,Nevada,Nevada rating range 6.2 across SP+/FPI/TeamRankings.,6.200000000000001,high,6.200000000000001,,,,,,,,,,,,,,,,
g797,12.0,2026-11-21,Hawaii,Nevada,medium_variance,Medium+ model variance,Nevada,Nevada rating range 6.2 across SP+/FPI/TeamRankings.,6.200000000000001,high,6.200000000000001,,,,,,,,,,,,,,,,
g882,13.0,2026-11-28,Nevada,UNLV,medium_variance,Medium+ model variance,Nevada,Nevada rating range 6.2 across SP+/FPI/TeamRankings.,6.200000000000001,high,6.200000000000001,,,,,,,,,,,,,,,,
g46,1.0,2026-09-05,Northern Illinois,Iowa,medium_variance,Medium+ model variance,Northern Illinois,Northern Illinois rating range 6.1 across SP+/FPI/TeamRankings.,6.100000000000001,high,6.100000000000001,,,,,,,,,,,,,,,,
g152,2.0,2026-09-12,Illinois State,Northern Illinois,medium_variance,Medium+ model variance,Northern Illinois,Northern Illinois rating range 6.1 across SP+/FPI/TeamRankings.,6.100000000000001,high,6.100000000000001,,,,,,,,,,,,,,,,
g191,3.0,2026-09-19,Northern Illinois,Arizona,medium_variance,Medium+ model variance,Northern Illinois,Northern Illinois rating range 6.1 across SP+/FPI/TeamRankings.,6.100000000000001,high,6.100000000000001,,,,,,,,,,,,,,,,
g425,6.0,2026-10-10,Air Force,Northern Illinois,medium_variance,Medium+ model variance,Northern Illinois,Northern Illinois rating range 6.1 across SP+/FPI/TeamRankings.,6.100000000000001,high,6.100000000000001,,,,,,,,,,,,,,,,
g510,7.0,2026-10-17,Northern Illinois,Wyoming,medium_variance,Medium+ model variance,Northern Illinois,Northern Illinois rating range 6.1 across SP+/FPI/TeamRankings.,6.100000000000001,high,6.100000000000001,,,,,,,,,,,,,,,,
g547,8.0,2026-10-24,Hawaii,Northern Illinois,medium_variance,Medium+ model variance,Northern Illinois,Northern Illinois rating range 6.1 across SP+/FPI/TeamRankings.,6.100000000000001,high,6.100000000000001,,,,,,,,,,,,,,,,
g618,9.0,2026-10-31,Northern Illinois,UNLV,medium_variance,Medium+ model variance,Northern Illinois,Northern Illinois rating range 6.1 across SP+/FPI/TeamRankings.,6.100000000000001,high,6.100000000000001,,,,,,,,,,,,,,,,
g671,10.0,2026-11-07,Northern Illinois,San Jose State,medium_variance,Medium+ model variance,Northern Illinois,Northern Illinois rating range 6.1 across SP+/FPI/TeamRankings.,6.100000000000001,high,6.100000000000001,,,,,,,,,,,,,,,,
g868,13.0,2026-11-28,UTEP,Northern Illinois,medium_variance,Medium+ model variance,Northern Illinois,Northern Illinois rating range 6.1 across SP+/FPI/TeamRankings.,6.100000000000001,high,6.100000000000001,,,,,,,,,,,,,,,,
g12,1.0,2026-09-03,Colorado,Georgia Tech,medium_variance,Medium+ model variance,Colorado,Colorado rating range 5.9 across SP+/FPI/TeamRankings.,5.9,medium,5.9,,,,,,,,,,,,,,,,
g117,2.0,2026-09-12,Weber State,Colorado,medium_variance,Medium+ model variance,Colorado,Colorado rating range 5.9 across SP+/FPI/TeamRankings.,5.9,medium,5.9,,,,,,,,,,,,,,,,
g226,3.0,2026-09-19,Colorado,Northwestern,medium_variance,Medium+ model variance,Colorado,Colorado rating range 5.9 across SP+/FPI/TeamRankings.,5.9,medium,5.9,,,,,,,,,,,,,,,,
g269,4.0,2026-09-26,Colorado,Baylor,medium_variance,Medium+ model variance,Colorado,Colorado rating range 5.9 across SP+/FPI/TeamRankings.,5.9,medium,5.9,,,,,,,,,,,,,,,,
g347,5.0,2026-10-03,Texas Tech,Colorado,medium_variance,Medium+ model variance,Colorado,Colorado rating range 5.9 across SP+/FPI/TeamRankings.,5.9,medium,5.9,,,,,,,,,,,,,,,,
g467,7.0,2026-10-17,Utah,Colorado,medium_variance,Medium+ model variance,Colorado,Colorado rating range 5.9 across SP+/FPI/TeamRankings.,5.9,medium,5.9,,,,,,,,,,,,,,,,
g550,8.0,2026-10-24,Colorado,Oklahoma State,medium_variance,Medium+ model variance,Colorado,Colorado rating range 5.9 across SP+/FPI/TeamRankings.,5.9,medium,5.9,,,,,,,,,,,,,,,,
g581,9.0,2026-10-31,Kansas State,Colorado,medium_variance,Medium+ model variance,Colorado,Colorado rating range 5.9 across SP+/FPI/TeamRankings.,5.9,medium,5.9,,,,,,,,,,,,,,,,
g633,10.0,2026-11-07,Colorado,Arizona State,medium_variance,Medium+ model variance,Colorado,Colorado rating range 5.9 across SP+/FPI/TeamRankings.,5.9,medium,5.9,,,,,,,,,,,,,,,,
g694,11.0,2026-11-13,Houston,Colorado,medium_variance,Medium+ model variance,Colorado,Colorado rating range 5.9 across SP+/FPI/TeamRankings.,5.9,medium,5.9,,,,,,,,,,,,,,,,
g773,12.0,2026-11-21,Colorado,Cincinnati,medium_variance,Medium+ model variance,Colorado,Colorado rating range 5.9 across SP+/FPI/TeamRankings.,5.9,medium,5.9,,,,,,,,,,,,,,,,
g844,13.0,2026-11-28,Central Florida,Colorado,medium_variance,Medium+ model variance,Colorado,Colorado rating range 5.9 across SP+/FPI/TeamRankings.,5.9,medium,5.9,,,,,,,,,,,,,,,,
g45,1.0,2026-09-05,North Texas,Indiana,medium_variance,Medium+ model variance,Indiana,Indiana rating range 5.9 across SP+/FPI/TeamRankings.,5.899999999999999,medium,5.899999999999999,,,,,,,,,,,,,,,,
g130,2.0,2026-09-12,Howard,Indiana,medium_variance,Medium+ model variance,Indiana,Indiana rating range 5.9 across SP+/FPI/TeamRankings.,5.899999999999999,medium,5.899999999999999,,,,,,,,,,,,,,,,
g208,3.0,2026-09-19,Western Kentucky,Indiana,medium_variance,Medium+ model variance,Indiana,Indiana rating range 5.9 across SP+/FPI/TeamRankings.,5.899999999999999,medium,5.899999999999999,,,,,,,,,,,,,,,,
g286,4.0,2026-09-26,Northwestern,Indiana,medium_variance,Medium+ model variance,Indiana,Indiana rating range 5.9 across SP+/FPI/TeamRankings.,5.899999999999999,medium,5.899999999999999,,,,,,,,,,,,,,,,
g376,5.0,2026-10-03,Indiana,Rutgers,medium_variance,Medium+ model variance,Indiana,Indiana rating range 5.9 across SP+/FPI/TeamRankings.,5.899999999999999,medium,5.899999999999999,,,,,,,,,,,,,,,,
g423,6.0,2026-10-10,Indiana,Nebraska,medium_variance,Medium+ model variance,Indiana,Indiana rating range 5.9 across SP+/FPI/TeamRankings.,5.899999999999999,medium,5.899999999999999,,,,,,,,,,,,,,,,
g473,7.0,2026-10-17,Ohio State,Indiana,medium_variance,Medium+ model variance,Indiana,Indiana rating range 5.9 across SP+/FPI/TeamRankings.,5.899999999999999,medium,5.899999999999999,,,,,,,,,,,,,,,,
g540,8.0,2026-10-24,Indiana,Michigan,medium_variance,Medium+ model variance,Indiana,Indiana rating range 5.9 across SP+/FPI/TeamRankings.,5.899999999999999,medium,5.899999999999999,,,,,,,,,,,,,,,,
g710,11.0,2026-11-14,USC,Indiana,medium_variance,Medium+ model variance,Indiana,Indiana rating range 5.9 across SP+/FPI/TeamRankings.,5.899999999999999,medium,5.899999999999999,,,,,,,,,,,,,,,,
g855,13.0,2026-11-28,Purdue,Indiana,medium_variance,Medium+ model variance,Indiana,Indiana rating range 5.9 across SP+/FPI/TeamRankings.,5.899999999999999,medium,5.899999999999999,,,,,,,,,,,,,,,,
g9,1.0,2026-09-03,UAlbany,Buffalo,medium_variance,Medium+ model variance,Buffalo,Buffalo rating range 5.7 across SP+/FPI/TeamRankings.,5.699999999999999,medium,5.699999999999999,,,,,,,,,,,,,,,,
g123,2.0,2026-09-12,Buffalo,Florida International,medium_variance,Medium+ model variance,Buffalo,Buffalo rating range 5.7 across SP+/FPI/TeamRankings.,5.699999999999999,medium,5.699999999999999,,,,,,,,,,,,,,,,
g235,3.0,2026-09-19,Buffalo,Penn State,medium_variance,Medium+ model variance,Buffalo,Buffalo rating range 5.7 across SP+/FPI/TeamRankings.,5.699999999999999,medium,5.699999999999999,,,,,,,,,,,,,,,,
g272,4.0,2026-09-26,Robert Morris,Buffalo,medium_variance,Medium+ model variance,Buffalo,Buffalo rating range 5.7 across SP+/FPI/TeamRankings.,5.699999999999999,medium,5.699999999999999,,,,,,,,,,,,,,,,
g342,5.0,2026-10-03,Western Michigan,Buffalo,medium_variance,Medium+ model variance,Buffalo,Buffalo rating range 5.7 across SP+/FPI/TeamRankings.,5.699999999999999,medium,5.699999999999999,,,,,,,,,,,,,,,,
g525,8.0,2026-10-24,Bowling Green,Buffalo,medium_variance,Medium+ model variance,Buffalo,Buffalo rating range 5.7 across SP+/FPI/TeamRankings.,5.699999999999999,medium,5.699999999999999,,,,,,,,,,,,,,,,
g756,12.0,2026-11-18,Central Michigan,Buffalo,medium_variance,Medium+ model variance,Buffalo,Buffalo rating range 5.7 across SP+/FPI/TeamRankings.,5.699999999999999,medium,5.699999999999999,,,,,,,,,,,,,,,,
g826,13.0,2026-11-27,Buffalo,Akron,medium_variance,Medium+ model variance,Buffalo,Buffalo rating range 5.7 across SP+/FPI/TeamRankings.,5.699999999999999,medium,5.699999999999999,,,,,,,,,,,,,,,,
g62,1.0,2026-09-05,Ohio,Nebraska,medium_variance,Medium+ model variance,Ohio,Ohio rating range 5.6 across SP+/FPI/TeamRankings.,5.6,medium,5.6,,,,,,,,,,,,,,,,
g154,2.0,2026-09-12,Jacksonville State,Ohio,medium_variance,Medium+ model variance,Ohio,Ohio rating range 5.6 across SP+/FPI/TeamRankings.,5.6,medium,5.6,,,,,,,,,,,,,,,,
g242,3.0,2026-09-19,Ohio,South Alabama,medium_variance,Medium+ model variance,Ohio,Ohio rating range 5.6 across SP+/FPI/TeamRankings.,5.6,medium,5.6,,,,,,,,,,,,,,,,
g304,4.0,2026-09-26,Stonehill,Ohio,medium_variance,Medium+ model variance,Ohio,Ohio rating range 5.6 across SP+/FPI/TeamRankings.,5.6,medium,5.6,,,,,,,,,,,,,,,,
g361,5.0,2026-10-03,Ohio,Kent State,medium_variance,Medium+ model variance,Ohio,Ohio rating range 5.6 across SP+/FPI/TeamRankings.,5.6,medium,5.6,,,,,,,,,,,,,,,,
g428,6.0,2026-10-10,Central Michigan,Ohio,medium_variance,Medium+ model variance,Ohio,Ohio rating range 5.6 across SP+/FPI/TeamRankings.,5.6,medium,5.6,,,,,,,,,,,,,,,,
g549,8.0,2026-10-24,Eastern Michigan,Ohio,medium_variance,Medium+ model variance,Ohio,Ohio rating range 5.6 across SP+/FPI/TeamRankings.,5.6,medium,5.6,,,,,,,,,,,,,,,,
g623,10.0,2026-11-03,Ohio,Akron,medium_variance,Medium+ model variance,Ohio,Ohio rating range 5.6 across SP+/FPI/TeamRankings.,5.6,medium,5.6,,,,,,,,,,,,,,,,
g151,2.0,2026-09-12,UNLV,North Texas,medium_variance,Medium+ model variance,North Texas,North Texas rating range 5.4 across SP+/FPI/TeamRankings.,5.4,medium,5.4,,,,,,,,,,,,,,,,
g250,3.0,2026-09-19,North Texas,Texas State,medium_variance,Medium+ model variance,North Texas,North Texas rating range 5.4 across SP+/FPI/TeamRankings.,5.4,medium,5.4,,,,,,,,,,,,,,,,
g303,4.0,2026-09-26,HCU,North Texas,medium_variance,Medium+ model variance,North Texas,North Texas rating range 5.4 across SP+/FPI/TeamRankings.,5.4,medium,5.4,,,,,,,,,,,,,,,,
g333,5.0,2026-10-01,North Texas,Tulsa,medium_variance,Medium+ model variance,North Texas,North Texas rating range 5.4 across SP+/FPI/TeamRankings.,5.4,medium,5.4,,,,,,,,,,,,,,,,
g543,8.0,2026-10-24,North Texas,Navy,medium_variance,Medium+ model variance,North Texas,North Texas rating range 5.4 across SP+/FPI/TeamRankings.,5.4,medium,5.4,,,,,,,,,,,,,,,,
g572,9.0,2026-10-29,Florida Atlantic,North Texas,medium_variance,Medium+ model variance,North Texas,North Texas rating range 5.4 across SP+/FPI/TeamRankings.,5.4,medium,5.4,,,,,,,,,,,,,,,,
g663,10.0,2026-11-07,Rice,North Texas,medium_variance,Medium+ model variance,North Texas,North Texas rating range 5.4 across SP+/FPI/TeamRankings.,5.4,medium,5.4,,,,,,,,,,,,,,,,
g746,11.0,2026-11-14,North Texas,UTSA,medium_variance,Medium+ model variance,North Texas,North Texas rating range 5.4 across SP+/FPI/TeamRankings.,5.4,medium,5.4,,,,,,,,,,,,,,,,
g867,13.0,2026-11-28,UAB,North Texas,medium_variance,Medium+ model variance,North Texas,North Texas rating range 5.4 across SP+/FPI/TeamRankings.,5.4,medium,5.4,,,,,,,,,,,,,,,,
g50,1.0,2026-09-05,Nicholls,Kansas State,medium_variance,Medium+ model variance,Kansas State,Kansas State rating range 5.3 across SP+/FPI/TeamRankings.,5.300000000000001,medium,5.300000000000001,,,,,,,,,,,,,,,,
g133,2.0,2026-09-12,Washington State,Kansas State,medium_variance,Medium+ model variance,Kansas State,Kansas State rating range 5.3 across SP+/FPI/TeamRankings.,5.300000000000001,medium,5.300000000000001,,,,,,,,,,,,,,,,
g275,4.0,2026-09-26,Kansas State,Cincinnati,medium_variance,Medium+ model variance,Kansas State,Kansas State rating range 5.3 across SP+/FPI/TeamRankings.,5.300000000000001,medium,5.300000000000001,,,,,,,,,,,,,,,,
g413,6.0,2026-10-10,Houston,Kansas State,medium_variance,Medium+ model variance,Kansas State,Kansas State rating range 5.3 across SP+/FPI/TeamRankings.,5.300000000000001,medium,5.300000000000001,,,,,,,,,,,,,,,,
g475,7.0,2026-10-17,Kansas,Kansas State,medium_variance,Medium+ model variance,Kansas State,Kansas State rating range 5.3 across SP+/FPI/TeamRankings.,5.300000000000001,medium,5.300000000000001,,,,,,,,,,,,,,,,
g521,8.0,2026-10-24,Kansas State,Arizona State,medium_variance,Medium+ model variance,Kansas State,Kansas State rating range 5.3 across SP+/FPI/TeamRankings.,5.300000000000001,medium,5.300000000000001,,,,,,,,,,,,,,,,
g650,10.0,2026-11-07,Oklahoma State,Kansas State,medium_variance,Medium+ model variance,Kansas State,Kansas State rating range 5.3 across SP+/FPI/TeamRankings.,5.300000000000001,medium,5.300000000000001,,,,,,,,,,,,,,,,
g739,11.0,2026-11-14,Kansas State,TCU,medium_variance,Medium+ model variance,Kansas State,Kansas State rating range 5.3 across SP+/FPI/TeamRankings.,5.300000000000001,medium,5.300000000000001,,,,,,,,,,,,,,,,
g784,12.0,2026-11-21,Arizona,Kansas State,medium_variance,Medium+ model variance,Kansas State,Kansas State rating range 5.3 across SP+/FPI/TeamRankings.,5.300000000000001,medium,5.300000000000001,,,,,,,,,,,,,,,,
g856,13.0,2026-11-28,Kansas State,Iowa State,medium_variance,Medium+ model variance,Kansas State,Kansas State rating range 5.3 across SP+/FPI/TeamRankings.,5.300000000000001,medium,5.300000000000001,,,,,,,,,,,,,,,,
g13,1.0,2026-09-03,West Georgia,Kennesaw State,medium_variance,Medium+ model variance,Kennesaw State,Kennesaw State rating range 5.2 across SP+/FPI/TeamRankings.,5.199999999999999,medium,5.199999999999999,,,,,,,,,,,,,,,,
g247,3.0,2026-09-19,Kennesaw State,Tennessee,medium_variance,Medium+ model variance,Kennesaw State,Kennesaw State rating range 5.2 across SP+/FPI/TeamRankings.,5.199999999999999,medium,5.199999999999999,,,,,,,,,,,,,,,,
g267,4.0,2026-09-26,Kennesaw State,Arkansas State,medium_variance,Medium+ model variance,Kennesaw State,Kennesaw State rating range 5.2 across SP+/FPI/TeamRankings.,5.199999999999999,medium,5.199999999999999,,,,,,,,,,,,,,,,
g393,6.0,2026-10-07,Jacksonville State,Kennesaw State,medium_variance,Medium+ model variance,Kennesaw State,Kennesaw State rating range 5.2 across SP+/FPI/TeamRankings.,5.199999999999999,medium,5.199999999999999,,,,,,,,,,,,,,,,
g514,8.0,2026-10-21,Liberty,Kennesaw State,medium_variance,Medium+ model variance,Kennesaw State,Kennesaw State rating range 5.2 across SP+/FPI/TeamRankings.,5.199999999999999,medium,5.199999999999999,,,,,,,,,,,,,,,,
g785,12.0,2026-11-21,Florida International,Kennesaw State,medium_variance,Medium+ model variance,Kennesaw State,Kennesaw State rating range 5.2 across SP+/FPI/TeamRankings.,5.199999999999999,medium,5.199999999999999,,,,,,,,,,,,,,,,
g889,13.0,2026-11-28,Kennesaw State,Western Kentucky,medium_variance,Medium+ model variance,Kennesaw State,Kennesaw State rating range 5.2 across SP+/FPI/TeamRankings.,5.199999999999999,medium,5.199999999999999,,,,,,,,,,,,,,,,
g51,1.0,2026-09-05,Youngstown State,Kentucky,medium_variance,Medium+ model variance,Kentucky,Kentucky rating range 5.1 across SP+/FPI/TeamRankings.,5.1000000000000005,medium,5.1000000000000005,,,,,,,,,,,,,,,,
g136,2.0,2026-09-12,Alabama,Kentucky,medium_variance,Medium+ model variance,Kentucky,Kentucky rating range 5.1 across SP+/FPI/TeamRankings.,5.1000000000000005,medium,5.1000000000000005,,,,,,,,,,,,,,,,
g249,3.0,2026-09-19,Kentucky,Texas A&M,medium_variance,Medium+ model variance,Kentucky,Kentucky rating range 5.1 across SP+/FPI/TeamRankings.,5.1000000000000005,medium,5.1000000000000005,,,,,,,,,,,,,,,,
g290,4.0,2026-09-26,South Alabama,Kentucky,medium_variance,Medium+ model variance,Kentucky,Kentucky rating range 5.1 across SP+/FPI/TeamRankings.,5.1000000000000005,medium,5.1000000000000005,,,,,,,,,,,,,,,,
g380,5.0,2026-10-03,Kentucky,South Carolina,medium_variance,Medium+ model variance,Kentucky,Kentucky rating range 5.1 across SP+/FPI/TeamRankings.,5.1000000000000005,medium,5.1000000000000005,,,,,,,,,,,,,,,,
g414,6.0,2026-10-10,LSU,Kentucky,medium_variance,Medium+ model variance,Kentucky,Kentucky rating range 5.1 across SP+/FPI/TeamRankings.,5.1000000000000005,medium,5.1000000000000005,,,,,,,,,,,,,,,,
g484,7.0,2026-10-17,Kentucky,Oklahoma,medium_variance,Medium+ model variance,Kentucky,Kentucky rating range 5.1 across SP+/FPI/TeamRankings.,5.1000000000000005,medium,5.1000000000000005,,,,,,,,,,,,,,,,
g537,8.0,2026-10-24,Vanderbilt,Kentucky,medium_variance,Medium+ model variance,Kentucky,Kentucky rating range 5.1 across SP+/FPI/TeamRankings.,5.1000000000000005,medium,5.1000000000000005,,,,,,,,,,,,,,,,
g674,10.0,2026-11-07,Kentucky,Tennessee,medium_variance,Medium+ model variance,Kentucky,Kentucky rating range 5.1 across SP+/FPI/TeamRankings.,5.1000000000000005,medium,5.1000000000000005,,,,,,,,,,,,,,,,
g713,11.0,2026-11-14,Florida,Kentucky,medium_variance,Medium+ model variance,Kentucky,Kentucky rating range 5.1 across SP+/FPI/TeamRankings.,5.1000000000000005,medium,5.1000000000000005,,,,,,,,,,,,,,,,
g794,12.0,2026-11-21,Kentucky,Missouri,medium_variance,Medium+ model variance,Kentucky,Kentucky rating range 5.1 across SP+/FPI/TeamRankings.,5.1000000000000005,medium,5.1000000000000005,,,,,,,,,,,,,,,,
g858,13.0,2026-11-28,Louisville,Kentucky,medium_variance,Medium+ model variance,Kentucky,Kentucky rating range 5.1 across SP+/FPI/TeamRankings.,5.1000000000000005,medium,5.1000000000000005,,,,,,,,,,,,,,,,
g23,1.0,2026-09-05,Duquesne,Air Force,medium_variance,Medium+ model variance,Air Force,Air Force rating range 5.0 across SP+/FPI/TeamRankings.,5.0,medium,5.0,,,,,,,,,,,,,,,,
g60,1.0,2026-09-05,UL-Monroe,Mississippi State,medium_variance,Medium+ model variance,UL-Monroe,UL-Monroe rating range 5.0 across SP+/FPI/TeamRankings.,5.0,medium,5.0,,,,,,,,,,,,,,,,
g173,2.0,2026-09-12,UL-Monroe,UAB,medium_variance,Medium+ model variance,UL-Monroe,UL-Monroe rating range 5.0 across SP+/FPI/TeamRankings.,5.0,medium,5.0,,,,,,,,,,,,,,,,
g254,3.0,2026-09-19,Southeastern La.,UL-Monroe,medium_variance,Medium+ model variance,UL-Monroe,UL-Monroe rating range 5.0 across SP+/FPI/TeamRankings.,5.0,medium,5.0,,,,,,,,,,,,,,,,
g320,4.0,2026-09-26,Florida Atlantic,UL-Monroe,medium_variance,Medium+ model variance,UL-Monroe,UL-Monroe rating range 5.0 across SP+/FPI/TeamRankings.,5.0,medium,5.0,,,,,,,,,,,,,,,,
g337,5.0,2026-10-03,Navy,Air Force,medium_variance,Medium+ model variance,Air Force,Air Force rating range 5.0 across SP+/FPI/TeamRankings.,5.0,medium,5.0,,,,,,,,,,,,,,,,
g379,5.0,2026-10-03,UL-Monroe,South Alabama,medium_variance,Medium+ model variance,UL-Monroe,UL-Monroe rating range 5.0 across SP+/FPI/TeamRankings.,5.0,medium,5.0,,,,,,,,,,,,,,,,
g457,7.0,2026-10-17,UNLV,Air Force,medium_variance,Medium+ model variance,Air Force,Air Force rating range 5.0 across SP+/FPI/TeamRankings.,5.0,medium,5.0,,,,,,,,,,,,,,,,
g504,7.0,2026-10-17,Louisiana Tech,UL-Monroe,medium_variance,Medium+ model variance,UL-Monroe,UL-Monroe rating range 5.0 across SP+/FPI/TeamRankings.,5.0,medium,5.0,,,,,,,,,,,,,,,,
g559,8.0,2026-10-24,UL-Monroe,Troy,medium_variance,Medium+ model variance,UL-Monroe,UL-Monroe rating range 5.0 across SP+/FPI/TeamRankings.,5.0,medium,5.0,,,,,,,,,,,,,,,,
g566,8.0,2026-10-24,Air Force,Wyoming,medium_variance,Medium+ model variance,Air Force,Air Force rating range 5.0 across SP+/FPI/TeamRankings.,5.0,medium,5.0,,,,,,,,,,,,,,,,
g576,9.0,2026-10-31,Connecticut,Air Force,medium_variance,Medium+ model variance,Air Force,Air Force rating range 5.0 across SP+/FPI/TeamRankings.,5.0,medium,5.0,,,,,,,,,,,,,,,,
g634,10.0,2026-11-07,UL-Monroe,Arkansas State,medium_variance,Medium+ model variance,UL-Monroe,UL-Monroe rating range 5.0 across SP+/FPI/TeamRankings.,5.0,medium,5.0,,,,,,,,,,,,,,,,
g635,10.0,2026-11-07,Air Force,Army,medium_variance,Medium+ model variance,Air Force,Air Force rating range 5.0 across SP+/FPI/TeamRankings.,5.0,medium,5.0,,,,,,,,,,,,,,,,
g693,11.0,2026-11-12,Louisiana,UL-Monroe,medium_variance,Medium+ model variance,UL-Monroe,UL-Monroe rating range 5.0 across SP+/FPI/TeamRankings.,5.0,medium,5.0,,,,,,,,,,,,,,,,
g696,11.0,2026-11-14,San Jose State,Air Force,medium_variance,Medium+ model variance,Air Force,Air Force rating range 5.0 across SP+/FPI/TeamRankings.,5.0,medium,5.0,,,,,,,,,,,,,,,,
g763,12.0,2026-11-21,UTEP,Air Force,medium_variance,Medium+ model variance,Air Force,Air Force rating range 5.0 across SP+/FPI/TeamRankings.,5.0,medium,5.0,,,,,,,,,,,,,,,,
g765,12.0,2026-11-21,UL-Monroe,Appalachian State,medium_variance,Medium+ model variance,UL-Monroe,UL-Monroe rating range 5.0 across SP+/FPI/TeamRankings.,5.0,medium,5.0,,,,,,,,,,,,,,,,
g865,13.0,2026-11-28,Air Force,New Mexico,medium_variance,Medium+ model variance,Air Force,Air Force rating range 5.0 across SP+/FPI/TeamRankings.,5.0,medium,5.0,,,,,,,,,,,,,,,,
g881,13.0,2026-11-28,Marshall,UL-Monroe,medium_variance,Medium+ model variance,UL-Monroe,UL-Monroe rating range 5.0 across SP+/FPI/TeamRankings.,5.0,medium,5.0,,,,,,,,,,,,,,,,
g69,1.0,2026-09-05,UTEP,Oklahoma,medium_variance,Medium+ model variance,Oklahoma,Oklahoma rating range 4.8 across SP+/FPI/TeamRankings.,4.800000000000001,medium,4.800000000000001,,,,,,,,,,,,,,,,
g142,2.0,2026-09-12,Oklahoma,Michigan,medium_variance,Medium+ model variance,Oklahoma,Oklahoma rating range 4.8 across SP+/FPI/TeamRankings.,4.800000000000001,medium,4.800000000000001,,,,,,,,,,,,,,,,
g229,3.0,2026-09-19,New Mexico,Oklahoma,medium_variance,Medium+ model variance,Oklahoma,Oklahoma rating range 4.8 across SP+/FPI/TeamRankings.,4.800000000000001,medium,4.800000000000001,,,,,,,,,,,,,,,,
g283,4.0,2026-09-26,Oklahoma,Georgia,medium_variance,Medium+ model variance,Oklahoma,Oklahoma rating range 4.8 across SP+/FPI/TeamRankings.,4.800000000000001,medium,4.800000000000001,,,,,,,,,,,,,,,,
g430,6.0,2026-10-10,Texas,Oklahoma,medium_variance,Medium+ model variance,Oklahoma,Oklahoma rating range 4.8 across SP+/FPI/TeamRankings.,4.800000000000001,medium,4.800000000000001,,,,,,,,,,,,,,,,
g542,8.0,2026-10-24,Oklahoma,Mississippi State,medium_variance,Medium+ model variance,Oklahoma,Oklahoma rating range 4.8 across SP+/FPI/TeamRankings.,4.800000000000001,medium,4.800000000000001,,,,,,,,,,,,,,,,
g601,9.0,2026-10-31,South Carolina,Oklahoma,medium_variance,Medium+ model variance,Oklahoma,Oklahoma rating range 4.8 across SP+/FPI/TeamRankings.,4.800000000000001,medium,4.800000000000001,,,,,,,,,,,,,,,,
g642,10.0,2026-11-07,Oklahoma,Florida,medium_variance,Medium+ model variance,Oklahoma,Oklahoma rating range 4.8 across SP+/FPI/TeamRankings.,4.800000000000001,medium,4.800000000000001,,,,,,,,,,,,,,,,
g801,12.0,2026-11-21,Texas A&M,Oklahoma,medium_variance,Medium+ model variance,Oklahoma,Oklahoma rating range 4.8 across SP+/FPI/TeamRankings.,4.800000000000001,medium,4.800000000000001,,,,,,,,,,,,,,,,
g863,13.0,2026-11-28,Oklahoma,Missouri,medium_variance,Medium+ model variance,Oklahoma,Oklahoma rating range 4.8 across SP+/FPI/TeamRankings.,4.800000000000001,medium,4.800000000000001,,,,,,,,,,,,,,,,
g35,1.0,2026-09-05,Boston College,Cincinnati,medium_variance,Medium+ model variance,Boston College,Boston College rating range 4.7 across SP+/FPI/TeamRankings.,4.7,medium,4.7,,,,,,,,,,,,,,,,
g101,2.0,2026-09-11,Rutgers,Boston College,medium_variance,Medium+ model variance,Boston College,Boston College rating range 4.7 across SP+/FPI/TeamRankings.,4.7,medium,4.7,,,,,,,,,,,,,,,,
g196,3.0,2026-09-19,Maine,Boston College,medium_variance,Medium+ model variance,Boston College,Boston College rating range 4.7 across SP+/FPI/TeamRankings.,4.7,medium,4.7,,,,,,,,,,,,,,,,
g270,4.0,2026-09-26,Virginia Tech,Boston College,medium_variance,Medium+ model variance,Boston College,Boston College rating range 4.7 across SP+/FPI/TeamRankings.,4.7,medium,4.7,,,,,,,,,,,,,,,,
g377,5.0,2026-10-03,Boston College,SMU,medium_variance,Medium+ model variance,Boston College,Boston College rating range 4.7 across SP+/FPI/TeamRankings.,4.7,medium,4.7,,,,,,,,,,,,,,,,
g461,7.0,2026-10-17,Pittsburgh,Boston College,medium_variance,Medium+ model variance,Boston College,Boston College rating range 4.7 across SP+/FPI/TeamRankings.,4.7,medium,4.7,,,,,,,,,,,,,,,,
g533,8.0,2026-10-24,Boston College,Georgia Tech,medium_variance,Medium+ model variance,Boston College,Boston College rating range 4.7 across SP+/FPI/TeamRankings.,4.7,medium,4.7,,,,,,,,,,,,,,,,
g582,9.0,2026-10-31,Boston College,Duke,medium_variance,Medium+ model variance,Boston College,Boston College rating range 4.7 across SP+/FPI/TeamRankings.,4.7,medium,4.7,,,,,,,,,,,,,,,,
g638,10.0,2026-11-07,Florida State,Boston College,medium_variance,Medium+ model variance,Boston College,Boston College rating range 4.7 across SP+/FPI/TeamRankings.,4.7,medium,4.7,,,,,,,,,,,,,,,,
g727,11.0,2026-11-14,Boston College,Notre Dame,medium_variance,Medium+ model variance,Boston College,Boston College rating range 4.7 across SP+/FPI/TeamRankings.,4.7,medium,4.7,,,,,,,,,,,,,,,,
g771,12.0,2026-11-21,Syracuse,Boston College,medium_variance,Medium+ model variance,Boston College,Boston College rating range 4.7 across SP+/FPI/TeamRankings.,4.7,medium,4.7,,,,,,,,,,,,,,,,
g861,13.0,2026-11-28,Boston College,Miami-FL,medium_variance,Medium+ model variance,Boston College,Boston College rating range 4.7 across SP+/FPI/TeamRankings.,4.7,medium,4.7,,,,,,,,,,,,,,,,
g85,1.0,2026-09-05,Texas State,Texas,medium_variance,Medium+ model variance,Texas,Texas rating range 4.7 across SP+/FPI/TeamRankings.,4.699999999999999,medium,4.699999999999999,,,,,,,,,,,,,,,,
g167,2.0,2026-09-12,Ohio State,Texas,medium_variance,Medium+ model variance,Texas,Texas rating range 4.7 across SP+/FPI/TeamRankings.,4.699999999999999,medium,4.699999999999999,,,,,,,,,,,,,,,,
g248,3.0,2026-09-19,UTSA,Texas,medium_variance,Medium+ model variance,Texas,Texas rating range 4.7 across SP+/FPI/TeamRankings.,4.699999999999999,medium,4.699999999999999,,,,,,,,,,,,,,,,
g315,4.0,2026-09-26,Texas,Tennessee,medium_variance,Medium+ model variance,Texas,Texas rating range 4.7 across SP+/FPI/TeamRankings.,4.699999999999999,medium,4.699999999999999,,,,,,,,,,,,,,,,
g499,7.0,2026-10-17,Florida,Texas,medium_variance,Medium+ model variance,Texas,Texas rating range 4.7 across SP+/FPI/TeamRankings.,4.699999999999999,medium,4.699999999999999,,,,,,,,,,,,,,,,
g614,9.0,2026-10-31,Mississippi State,Texas,medium_variance,Medium+ model variance,Texas,Texas rating range 4.7 across SP+/FPI/TeamRankings.,4.699999999999999,medium,4.699999999999999,,,,,,,,,,,,,,,,
g658,10.0,2026-11-07,Texas,Missouri,medium_variance,Medium+ model variance,Texas,Texas rating range 4.7 across SP+/FPI/TeamRankings.,4.699999999999999,medium,4.699999999999999,,,,,,,,,,,,,,,,
g714,11.0,2026-11-14,Texas,LSU,medium_variance,Medium+ model variance,Texas,Texas rating range 4.7 across SP+/FPI/TeamRankings.,4.699999999999999,medium,4.699999999999999,,,,,,,,,,,,,,,,
g812,12.0,2026-11-21,Arkansas,Texas,medium_variance,Medium+ model variance,Texas,Texas rating range 4.7 across SP+/FPI/TeamRankings.,4.699999999999999,medium,4.699999999999999,,,,,,,,,,,,,,,,
g832,13.0,2026-11-27,Texas,Texas A&M,medium_variance,Medium+ model variance,Texas,Texas rating range 4.7 across SP+/FPI/TeamRankings.,4.699999999999999,medium,4.699999999999999,,,,,,,,,,,,,,,,
g90,1.0,2026-09-05,Fresno State,USC,medium_variance,Medium+ model variance,Fresno State,Fresno State rating range 4.5 across SP+/FPI/TeamRankings.,4.5,medium,4.5,,,,,,,,,,,,,,,,
g241,3.0,2026-09-19,Fresno State,San Jose State,medium_variance,Medium+ model variance,Fresno State,Fresno State rating range 4.5 across SP+/FPI/TeamRankings.,4.5,medium,4.5,,,,,,,,,,,,,,,,
g282,4.0,2026-09-26,Rice,Fresno State,medium_variance,Medium+ model variance,Fresno State,Fresno State rating range 4.5 across SP+/FPI/TeamRankings.,4.5,medium,4.5,,,,,,,,,,,,,,,,
g389,5.0,2026-10-03,Fresno State,Washington State,medium_variance,Medium+ model variance,Fresno State,Fresno State rating range 4.5 across SP+/FPI/TeamRankings.,4.5,medium,4.5,,,,,,,,,,,,,,,,
g410,6.0,2026-10-10,Boise State,Fresno State,medium_variance,Medium+ model variance,Fresno State,Fresno State rating range 4.5 across SP+/FPI/TeamRankings.,4.5,medium,4.5,,,,,,,,,,,,,,,,
g492,7.0,2026-10-17,Fresno State,San Diego State,medium_variance,Medium+ model variance,Fresno State,Fresno State rating range 4.5 across SP+/FPI/TeamRankings.,4.5,medium,4.5,,,,,,,,,,,,,,,,
g585,9.0,2026-10-31,Oregon State,Fresno State,medium_variance,Medium+ model variance,Fresno State,Fresno State rating range 4.5 across SP+/FPI/TeamRankings.,4.5,medium,4.5,,,,,,,,,,,,,,,,
g682,10.0,2026-11-07,Fresno State,Utah State,medium_variance,Medium+ model variance,Fresno State,Fresno State rating range 4.5 across SP+/FPI/TeamRankings.,4.5,medium,4.5,,,,,,,,,,,,,,,,
g742,11.0,2026-11-14,Fresno State,Texas State,medium_variance,Medium+ model variance,Fresno State,Fresno State rating range 4.5 across SP+/FPI/TeamRankings.,4.5,medium,4.5,,,,,,,,,,,,,,,,
g779,12.0,2026-11-21,Colorado State,Fresno State,medium_variance,Medium+ model variance,Fresno State,Fresno State rating range 4.5 across SP+/FPI/TeamRankings.,4.5,medium,4.5,,,,,,,,,,,,,,,,
g849,13.0,2026-11-28,San Diego State,Fresno State,medium_variance,Medium+ model variance,Fresno State,Fresno State rating range 4.5 across SP+/FPI/TeamRankings.,4.5,medium,4.5,,,,,,,,,,,,,,,,
g29,1.0,2026-09-05,Bryant,Army,medium_variance,Medium+ model variance,Army,Army rating range 4.4 across SP+/FPI/TeamRankings.,4.3999999999999995,medium,4.3999999999999995,,,,,,,,,,,,,,,,
g107,2.0,2026-09-12,South Florida,Army,medium_variance,Medium+ model variance,Army,Army rating range 4.4 across SP+/FPI/TeamRankings.,4.3999999999999995,medium,4.3999999999999995,,,,,,,,,,,,,,,,
g314,4.0,2026-09-26,Army,Temple,medium_variance,Medium+ model variance,Army,Army rating range 4.4 across SP+/FPI/TeamRankings.,4.3999999999999995,medium,4.3999999999999995,,,,,,,,,,,,,,,,
g364,5.0,2026-10-03,Army,Louisiana Tech,medium_variance,Medium+ model variance,Army,Army rating range 4.4 across SP+/FPI/TeamRankings.,4.3999999999999995,medium,4.3999999999999995,,,,,,,,,,,,,,,,
g458,7.0,2026-10-17,Florida Atlantic,Army,medium_variance,Medium+ model variance,Army,Army rating range 4.4 across SP+/FPI/TeamRankings.,4.3999999999999995,medium,4.3999999999999995,,,,,,,,,,,,,,,,
g518,8.0,2026-10-23,Army,Tulsa,medium_variance,Medium+ model variance,Army,Army rating range 4.4 across SP+/FPI/TeamRankings.,4.3999999999999995,medium,4.3999999999999995,,,,,,,,,,,,,,,,
g595,9.0,2026-10-31,Army,Memphis,medium_variance,Medium+ model variance,Army,Army rating range 4.4 across SP+/FPI/TeamRankings.,4.3999999999999995,medium,4.3999999999999995,,,,,,,,,,,,,,,,
g767,12.0,2026-11-21,East Carolina,Army,medium_variance,Medium+ model variance,Army,Army rating range 4.4 across SP+/FPI/TeamRankings.,4.3999999999999995,medium,4.3999999999999995,,,,,,,,,,,,,,,,
g874,13.0,2026-11-28,Army,Rice,medium_variance,Medium+ model variance,Army,Army rating range 4.4 across SP+/FPI/TeamRankings.,4.3999999999999995,medium,4.3999999999999995,,,,,,,,,,,,,,,,
g902,15.0,2026-12-12,Navy,Army,medium_variance,Medium+ model variance,Army,Army rating range 4.4 across SP+/FPI/TeamRankings.,4.3999999999999995,medium,4.3999999999999995,,,,,,,,,,,,,,,,
g32,1.0,2026-09-05,Tarleton State,Bowling Green,medium_variance,Medium+ model variance,Bowling Green,Bowling Green rating range 4.4 across SP+/FPI/TeamRankings.,4.399999999999999,medium,4.399999999999999,,,,,,,,,,,,,,,,
g147,2.0,2026-09-12,Bowling Green,Nebraska,medium_variance,Medium+ model variance,Bowling Green,Bowling Green rating range 4.4 across SP+/FPI/TeamRankings.,4.399999999999999,medium,4.399999999999999,,,,,,,,,,,,,,,,
g176,2.0,2026-09-12,Texas Southern,UTEP,medium_variance,Medium+ model variance,UTEP,UTEP rating range 4.4 across SP+/FPI/TeamRankings.,4.399999999999999,medium,4.399999999999999,,,,,,,,,,,,,,,,
g210,3.0,2026-09-19,Bowling Green,Iowa State,medium_variance,Medium+ model variance,Bowling Green,Bowling Green rating range 4.4 across SP+/FPI/TeamRankings.,4.399999999999999,medium,4.399999999999999,,,,,,,,,,,,,,,,
g220,3.0,2026-09-19,UTEP,Michigan,medium_variance,Medium+ model variance,UTEP,UTEP rating range 4.4 across SP+/FPI/TeamRankings.,4.399999999999999,medium,4.399999999999999,,,,,,,,,,,,,,,,
g271,4.0,2026-09-26,South Florida,Bowling Green,medium_variance,Medium+ model variance,Bowling Green,Bowling Green rating range 4.4 across SP+/FPI/TeamRankings.,4.399999999999999,medium,4.399999999999999,,,,,,,,,,,,,,,,
g322,4.0,2026-09-26,Oregon State,UTEP,medium_variance,Medium+ model variance,UTEP,UTEP rating range 4.4 across SP+/FPI/TeamRankings.,4.399999999999999,medium,4.399999999999999,,,,,,,,,,,,,,,,
g372,5.0,2026-10-03,UTEP,New Mexico,medium_variance,Medium+ model variance,UTEP,UTEP rating range 4.4 across SP+/FPI/TeamRankings.,4.399999999999999,medium,4.399999999999999,,,,,,,,,,,,,,,,
g505,7.0,2026-10-17,San Jose State,UTEP,medium_variance,Medium+ model variance,UTEP,UTEP rating range 4.4 across SP+/FPI/TeamRankings.,4.399999999999999,medium,4.399999999999999,,,,,,,,,,,,,,,,
g622,9.0,2026-10-31,Bowling Green,Western Michigan,medium_variance,Medium+ model variance,Bowling Green,Bowling Green rating range 4.4 across SP+/FPI/TeamRankings.,4.399999999999999,medium,4.399999999999999,,,,,,,,,,,,,,,,
g680,10.0,2026-11-07,Hawaii,UTEP,medium_variance,Medium+ model variance,UTEP,UTEP rating range 4.4 across SP+/FPI/TeamRankings.,4.399999999999999,medium,4.399999999999999,,,,,,,,,,,,,,,,
g687,11.0,2026-11-10,Kent State,Bowling Green,medium_variance,Medium+ model variance,Bowling Green,Bowling Green rating range 4.4 across SP+/FPI/TeamRankings.,4.399999999999999,medium,4.399999999999999,,,,,,,,,,,,,,,,
g745,11.0,2026-11-14,Wyoming,UTEP,medium_variance,Medium+ model variance,UTEP,UTEP rating range 4.4 across SP+/FPI/TeamRankings.,4.399999999999999,medium,4.399999999999999,,,,,,,,,,,,,,,,
g17,1.0,2026-09-03,Idaho,Utah,medium_variance,Medium+ model variance,Utah,Utah rating range 4.3 across SP+/FPI/TeamRankings.,4.300000000000001,medium,4.300000000000001,,,,,,,,,,,,,,,,
g22,1.0,2026-09-04,Miami-FL,Stanford,medium_variance,Medium+ model variance,Miami-FL,Miami-FL rating range 4.3 across SP+/FPI/TeamRankings.,4.300000000000001,medium,4.300000000000001,,,,,,,,,,,,,,,,
g57,1.0,2026-09-05,Western Michigan,Michigan,medium_variance,Medium+ model variance,Western Michigan,Western Michigan rating range 4.3 across SP+/FPI/TeamRankings.,4.300000000000001,medium,4.300000000000001,,,,,,,,,,,,,,,,
g100,2.0,2026-09-10,Florida A&M,Miami-FL,medium_variance,Medium+ model variance,Miami-FL,Miami-FL rating range 4.3 across SP+/FPI/TeamRankings.,4.300000000000001,medium,4.300000000000001,,,,,,,,,,,,,,,,
g177,2.0,2026-09-12,Arkansas,Utah,medium_variance,Medium+ model variance,Utah,Utah rating range 4.3 across SP+/FPI/TeamRankings.,4.300000000000001,medium,4.300000000000001,,,,,,,,,,,,,,,,
g183,2.0,2026-09-12,Monmouth,Western Michigan,medium_variance,Medium+ model variance,Western Michigan,Western Michigan rating range 4.3 across SP+/FPI/TeamRankings.,4.300000000000001,medium,4.300000000000001,,,,,,,,,,,,,,,,
g188,3.0,2026-09-18,Miami-FL,Wake Forest,medium_variance,Medium+ model variance,Miami-FL,Miami-FL rating range 4.3 across SP+/FPI/TeamRankings.,4.300000000000001,medium,4.300000000000001,,,,,,,,,,,,,,,,
g236,3.0,2026-09-19,Western Michigan,Rice,medium_variance,Medium+ model variance,Western Michigan,Western Michigan rating range 4.3 across SP+/FPI/TeamRankings.,4.300000000000001,medium,4.300000000000001,,,,,,,,,,,,,,,,
g255,3.0,2026-09-19,Utah State,Utah,medium_variance,Medium+ model variance,Utah,Utah rating range 4.3 across SP+/FPI/TeamRankings.,4.300000000000001,medium,4.300000000000001,,,,,,,,,,,,,,,,
g287,4.0,2026-09-26,Utah,Iowa State,medium_variance,Medium+ model variance,Utah,Utah rating range 4.3 across SP+/FPI/TeamRankings.,4.300000000000001,medium,4.300000000000001,,,,,,,,,,,,,,,,
g295,4.0,2026-09-26,Central Michigan,Miami-FL,medium_variance,Medium+ model variance,Miami-FL,Miami-FL rating range 4.3 across SP+/FPI/TeamRankings.,4.300000000000001,medium,4.300000000000001,,,,,,,,,,,,,,,,
g330,4.0,2026-09-26,Boise State,Western Michigan,medium_variance,Medium+ model variance,Western Michigan,Western Michigan rating range 4.3 across SP+/FPI/TeamRankings.,4.300000000000001,medium,4.300000000000001,,,,,,,,,,,,,,,,
g345,5.0,2026-10-03,Miami-FL,Clemson,medium_variance,Medium+ model variance,Miami-FL,Miami-FL rating range 4.3 across SP+/FPI/TeamRankings.,4.300000000000001,medium,4.300000000000001,,,,,,,,,,,,,,,,
g442,6.0,2026-10-10,Kansas,Utah,medium_variance,Medium+ model variance,Utah,Utah rating range 4.3 across SP+/FPI/TeamRankings.,4.300000000000001,medium,4.300000000000001,,,,,,,,,,,,,,,,
g448,6.0,2026-10-10,Kent State,Western Michigan,medium_variance,Medium+ model variance,Western Michigan,Western Michigan rating range 4.3 across SP+/FPI/TeamRankings.,4.300000000000001,medium,4.300000000000001,,,,,,,,,,,,,,,,
g465,7.0,2026-10-17,Western Michigan,Central Michigan,medium_variance,Medium+ model variance,Western Michigan,Western Michigan rating range 4.3 across SP+/FPI/TeamRankings.,4.300000000000001,medium,4.300000000000001,,,,,,,,,,,,,,,,
g479,7.0,2026-10-17,Florida State,Miami-FL,medium_variance,Medium+ model variance,Miami-FL,Miami-FL rating range 4.3 across SP+/FPI/TeamRankings.,4.300000000000001,medium,4.300000000000001,,,,,,,,,,,,,,,,
g539,8.0,2026-10-24,Pittsburgh,Miami-FL,medium_variance,Medium+ model variance,Miami-FL,Miami-FL rating range 4.3 across SP+/FPI/TeamRankings.,4.300000000000001,medium,4.300000000000001,,,,,,,,,,,,,,,,
g562,8.0,2026-10-24,Houston,Utah,medium_variance,Medium+ model variance,Utah,Utah rating range 4.3 across SP+/FPI/TeamRankings.,4.300000000000001,medium,4.300000000000001,,,,,,,,,,,,,,,,
g580,9.0,2026-10-31,Utah,Cincinnati,medium_variance,Medium+ model variance,Utah,Utah rating range 4.3 across SP+/FPI/TeamRankings.,4.300000000000001,medium,4.300000000000001,,,,,,,,,,,,,,,,
g599,9.0,2026-10-31,Miami-FL,North Carolina,medium_variance,Medium+ model variance,Miami-FL,Miami-FL rating range 4.3 across SP+/FPI/TeamRankings.,4.300000000000001,medium,4.300000000000001,,,,,,,,,,,,,,,,
g665,10.0,2026-11-07,Miami-FL,Notre Dame,medium_variance,Medium+ model variance,Miami-FL,Miami-FL rating range 4.3 across SP+/FPI/TeamRankings.,4.300000000000001,medium,4.300000000000001,,,,,,,,,,,,,,,,
g681,10.0,2026-11-07,BYU,Utah,medium_variance,Medium+ model variance,Utah,Utah rating range 4.3 across SP+/FPI/TeamRankings.,4.300000000000001,medium,4.300000000000001,,,,,,,,,,,,,,,,
g686,11.0,2026-11-10,Western Michigan,Akron,medium_variance,Medium+ model variance,Western Michigan,Western Michigan rating range 4.3 across SP+/FPI/TeamRankings.,4.300000000000001,medium,4.300000000000001,,,,,,,,,,,,,,,,
g697,11.0,2026-11-14,Utah,Arizona,medium_variance,Medium+ model variance,Utah,Utah rating range 4.3 across SP+/FPI/TeamRankings.,4.300000000000001,medium,4.300000000000001,,,,,,,,,,,,,,,,
g719,11.0,2026-11-14,Duke,Miami-FL,medium_variance,Medium+ model variance,Miami-FL,Miami-FL rating range 4.3 across SP+/FPI/TeamRankings.,4.300000000000001,medium,4.300000000000001,,,,,,,,,,,,,,,,
g755,12.0,2026-11-17,Eastern Michigan,Western Michigan,medium_variance,Medium+ model variance,Western Michigan,Western Michigan rating range 4.3 across SP+/FPI/TeamRankings.,4.300000000000001,medium,4.300000000000001,,,,,,,,,,,,,,,,
g762,12.0,2026-11-20,Virginia Tech,Miami-FL,medium_variance,Medium+ model variance,Miami-FL,Miami-FL rating range 4.3 across SP+/FPI/TeamRankings.,4.300000000000001,medium,4.300000000000001,,,,,,,,,,,,,,,,
g810,12.0,2026-11-21,Utah,TCU,medium_variance,Medium+ model variance,Utah,Utah rating range 4.3 across SP+/FPI/TeamRankings.,4.300000000000001,medium,4.300000000000001,,,,,,,,,,,,,,,,
g833,13.0,2026-11-27,West Virginia,Utah,medium_variance,Medium+ model variance,Utah,Utah rating range 4.3 across SP+/FPI/TeamRankings.,4.300000000000001,medium,4.300000000000001,,,,,,,,,,,,,,,,
g96,1.0,2026-09-05,Coastal Carolina,West Virginia,medium_variance,Medium+ model variance,West Virginia,West Virginia rating range 4.3 across SP+/FPI/TeamRankings.,4.3,medium,4.3,,,,,,,,,,,,,,,,
g182,2.0,2026-09-12,UT Martin,West Virginia,medium_variance,Medium+ model variance,West Virginia,West Virginia rating range 4.3 across SP+/FPI/TeamRankings.,4.3,medium,4.3,,,,,,,,,,,,,,,,
g259,3.0,2026-09-19,Virginia,West Virginia,medium_variance,Medium+ model variance,West Virginia,West Virginia rating range 4.3 across SP+/FPI/TeamRankings.,4.3,medium,4.3,,,,,,,,,,,,,,,,
g328,4.0,2026-09-26,Oklahoma State,West Virginia,medium_variance,Medium+ model variance,West Virginia,West Virginia rating range 4.3 across SP+/FPI/TeamRankings.,4.3,medium,4.3,,,,,,,,,,,,,,,,
g358,5.0,2026-10-03,West Virginia,Iowa State,medium_variance,Medium+ model variance,West Virginia,West Virginia rating range 4.3 across SP+/FPI/TeamRankings.,4.3,medium,4.3,,,,,,,,,,,,,,,,
g447,6.0,2026-10-10,Arizona,West Virginia,medium_variance,Medium+ model variance,West Virginia,West Virginia rating range 4.3 across SP+/FPI/TeamRankings.,4.3,medium,4.3,,,,,,,,,,,,,,,,
g509,7.0,2026-10-17,Cincinnati,West Virginia,medium_variance,Medium+ model variance,West Virginia,West Virginia rating range 4.3 across SP+/FPI/TeamRankings.,4.3,medium,4.3,,,,,,,,,,,,,,,,
g555,8.0,2026-10-24,West Virginia,TCU,medium_variance,Medium+ model variance,West Virginia,West Virginia rating range 4.3 across SP+/FPI/TeamRankings.,4.3,medium,4.3,,,,,,,,,,,,,,,,
g675,10.0,2026-11-07,West Virginia,Texas Tech,medium_variance,Medium+ model variance,West Virginia,West Virginia rating range 4.3 across SP+/FPI/TeamRankings.,4.3,medium,4.3,,,,,,,,,,,,,,,,
g751,11.0,2026-11-14,Kansas,West Virginia,medium_variance,Medium+ model variance,West Virginia,West Virginia rating range 4.3 across SP+/FPI/TeamRankings.,4.3,medium,4.3,,,,,,,,,,,,,,,,
g821,12.0,2026-11-21,Houston,West Virginia,medium_variance,Medium+ model variance,West Virginia,West Virginia rating range 4.3 across SP+/FPI/TeamRankings.,4.3,medium,4.3,,,,,,,,,,,,,,,,
g79,1.0,2026-09-05,Kent State,South Carolina,medium_variance,Medium+ model variance,Kent State,Kent State rating range 4.2 across SP+/FPI/TeamRankings.,4.200000000000003,medium,4.200000000000003,,,,,,,,,,,,,,,,
g135,2.0,2026-09-12,Wofford,Kent State,medium_variance,Medium+ model variance,Kent State,Kent State rating range 4.2 across SP+/FPI/TeamRankings.,4.200000000000003,medium,4.200000000000003,,,,,,,,,,,,,,,,
g228,3.0,2026-09-19,Kent State,Ohio State,medium_variance,Medium+ model variance,Kent State,Kent State rating range 4.2 across SP+/FPI/TeamRankings.,4.200000000000003,medium,4.200000000000003,,,,,,,,,,,,,,,,
g493,7.0,2026-10-17,Kent State,South Florida,medium_variance,Medium+ model variance,Kent State,Kent State rating range 4.2 across SP+/FPI/TeamRankings.,4.200000000000003,medium,4.200000000000003,,,,,,,,,,,,,,,,
g536,8.0,2026-10-24,Akron,Kent State,medium_variance,Medium+ model variance,Kent State,Kent State rating range 4.2 across SP+/FPI/TeamRankings.,4.200000000000003,medium,4.200000000000003,,,,,,,,,,,,,,,,
g823,13.0,2026-11-24,Kent State,Eastern Michigan,medium_variance,Medium+ model variance,Kent State,Kent State rating range 4.2 across SP+/FPI/TeamRankings.,4.200000000000003,medium,4.200000000000003,,,,,,,,,,,,,,,,
g39,1.0,2026-09-05,Florida Atlantic,Florida,medium_variance,Medium+ model variance,Florida Atlantic,Florida Atlantic rating range 4.2 across SP+/FPI/TeamRankings.,4.200000000000001,medium,4.200000000000001,,,,,,,,,,,,,,,,
g122,2.0,2026-09-12,Navy,Florida Atlantic,medium_variance,Medium+ model variance,Florida Atlantic,Florida Atlantic rating range 4.2 across SP+/FPI/TeamRankings.,4.200000000000001,medium,4.200000000000001,,,,,,,,,,,,,,,,
g205,3.0,2026-09-19,Florida International,Florida Atlantic,medium_variance,Medium+ model variance,Florida Atlantic,Florida Atlantic rating range 4.2 across SP+/FPI/TeamRankings.,4.200000000000001,medium,4.200000000000001,,,,,,,,,,,,,,,,
g350,5.0,2026-10-03,Texas Southern,Florida Atlantic,medium_variance,Medium+ model variance,Florida Atlantic,Florida Atlantic rating range 4.2 across SP+/FPI/TeamRankings.,4.200000000000001,medium,4.200000000000001,,,,,,,,,,,,,,,,
g532,8.0,2026-10-24,Rice,Florida Atlantic,medium_variance,Medium+ model variance,Florida Atlantic,Florida Atlantic rating range 4.2 across SP+/FPI/TeamRankings.,4.200000000000001,medium,4.200000000000001,,,,,,,,,,,,,,,,
g628,10.0,2026-11-05,UTSA,Florida Atlantic,medium_variance,Medium+ model variance,Florida Atlantic,Florida Atlantic rating range 4.2 across SP+/FPI/TeamRankings.,4.200000000000001,medium,4.200000000000001,,,,,,,,,,,,,,,,
g743,11.0,2026-11-14,Florida Atlantic,Tulsa,medium_variance,Medium+ model variance,Florida Atlantic,Florida Atlantic rating range 4.2 across SP+/FPI/TeamRankings.,4.200000000000001,medium,4.200000000000001,,,,,,,,,,,,,,,,
g777,12.0,2026-11-21,South Florida,Florida Atlantic,medium_variance,Medium+ model variance,Florida Atlantic,Florida Atlantic rating range 4.2 across SP+/FPI/TeamRankings.,4.200000000000001,medium,4.200000000000001,,,,,,,,,,,,,,,,
g847,13.0,2026-11-28,Florida Atlantic,East Carolina,medium_variance,Medium+ model variance,Florida Atlantic,Florida Atlantic rating range 4.2 across SP+/FPI/TeamRankings.,4.200000000000001,medium,4.200000000000001,,,,,,,,,,,,,,,,
g114,2.0,2026-09-12,Western Carolina,Cincinnati,medium_variance,Medium+ model variance,Cincinnati,Cincinnati rating range 4.2 across SP+/FPI/TeamRankings.,4.2,medium,4.2,,,,,,,,,,,,,,,,
g338,5.0,2026-10-03,Cincinnati,Arizona,medium_variance,Medium+ model variance,Cincinnati,Cincinnati rating range 4.2 across SP+/FPI/TeamRankings.,4.2,medium,4.2,,,,,,,,,,,,,,,,
g528,8.0,2026-10-24,Texas Tech,Cincinnati,medium_variance,Medium+ model variance,Cincinnati,Cincinnati rating range 4.2 across SP+/FPI/TeamRankings.,4.2,medium,4.2,,,,,,,,,,,,,,,,
g646,10.0,2026-11-07,Cincinnati,Houston,medium_variance,Medium+ model variance,Cincinnati,Cincinnati rating range 4.2 across SP+/FPI/TeamRankings.,4.2,medium,4.2,,,,,,,,,,,,,,,,
g712,11.0,2026-11-14,Cincinnati,Iowa State,medium_variance,Medium+ model variance,Cincinnati,Cincinnati rating range 4.2 across SP+/FPI/TeamRankings.,4.2,medium,4.2,,,,,,,,,,,,,,,,
g838,13.0,2026-11-28,Cincinnati,BYU,medium_variance,Medium+ model variance,Cincinnati,Cincinnati rating range 4.2 across SP+/FPI/TeamRankings.,4.2,medium,4.2,,,,,,,,,,,,,,,,
g71,1.0,2026-09-05,Boise State,Oregon,medium_variance,Medium+ model variance,Oregon,Oregon rating range 4.2 across SP+/FPI/TeamRankings.,4.199999999999999,medium,4.199999999999999,,,,,,,,,,,,,,,,
g103,2.0,2026-09-11,Villanova,Louisville,medium_variance,Medium+ model variance,Louisville,Louisville rating range 4.2 across SP+/FPI/TeamRankings.,4.199999999999999,medium,4.199999999999999,,,,,,,,,,,,,,,,
g155,2.0,2026-09-12,Oregon,Oklahoma State,medium_variance,Medium+ model variance,Oregon,Oregon rating range 4.2 across SP+/FPI/TeamRankings.,4.199999999999999,medium,4.199999999999999,,,,,,,,,,,,,,,,
g216,3.0,2026-09-19,SMU,Louisville,medium_variance,Medium+ model variance,Louisville,Louisville rating range 4.2 across SP+/FPI/TeamRankings.,4.199999999999999,medium,4.199999999999999,,,,,,,,,,,,,,,,
g233,3.0,2026-09-19,Portland State,Oregon,medium_variance,Medium+ model variance,Oregon,Oregon rating range 4.2 across SP+/FPI/TeamRankings.,4.199999999999999,medium,4.199999999999999,,,,,,,,,,,,,,,,
g292,4.0,2026-09-26,Wake Forest,Louisville,medium_variance,Medium+ model variance,Louisville,Louisville rating range 4.2 across SP+/FPI/TeamRankings.,4.199999999999999,medium,4.199999999999999,,,,,,,,,,,,,,,,
g321,4.0,2026-09-26,Oregon,USC,medium_variance,Medium+ model variance,Oregon,Oregon rating range 4.2 across SP+/FPI/TeamRankings.,4.199999999999999,medium,4.199999999999999,,,,,,,,,,,,,,,,
g370,5.0,2026-10-03,Louisville,NC State,medium_variance,Medium+ model variance,Louisville,Louisville rating range 4.2 across SP+/FPI/TeamRankings.,4.199999999999999,medium,4.199999999999999,,,,,,,,,,,,,,,,
g399,6.0,2026-10-09,Florida State,Louisville,medium_variance,Medium+ model variance,Louisville,Louisville rating range 4.2 across SP+/FPI/TeamRankings.,4.199999999999999,medium,4.199999999999999,,,,,,,,,,,,,,,,
g486,7.0,2026-10-17,Nebraska,Oregon,medium_variance,Medium+ model variance,Oregon,Oregon rating range 4.2 across SP+/FPI/TeamRankings.,4.199999999999999,medium,4.199999999999999,,,,,,,,,,,,,,,,
g496,7.0,2026-10-17,Louisville,Syracuse,medium_variance,Medium+ model variance,Louisville,Louisville rating range 4.2 across SP+/FPI/TeamRankings.,4.199999999999999,medium,4.199999999999999,,,,,,,,,,,,,,,,
g534,8.0,2026-10-24,Oregon,Illinois,medium_variance,Medium+ model variance,Oregon,Oregon rating range 4.2 across SP+/FPI/TeamRankings.,4.199999999999999,medium,4.199999999999999,,,,,,,,,,,,,,,,
g593,9.0,2026-10-31,Stanford,Louisville,medium_variance,Medium+ model variance,Louisville,Louisville rating range 4.2 across SP+/FPI/TeamRankings.,4.199999999999999,medium,4.199999999999999,,,,,,,,,,,,,,,,
g604,9.0,2026-10-31,Northwestern,Oregon,medium_variance,Medium+ model variance,Oregon,Oregon rating range 4.2 across SP+/FPI/TeamRankings.,4.199999999999999,medium,4.199999999999999,,,,,,,,,,,,,,,,
g645,10.0,2026-11-07,Louisville,Georgia Tech,medium_variance,Medium+ model variance,Louisville,Louisville rating range 4.2 across SP+/FPI/TeamRankings.,4.199999999999999,medium,4.199999999999999,,,,,,,,,,,,,,,,
g666,10.0,2026-11-07,Oregon,Ohio State,medium_variance,Medium+ model variance,Oregon,Oregon rating range 4.2 across SP+/FPI/TeamRankings.,4.199999999999999,medium,4.199999999999999,,,,,,,,,,,,,,,,
g725,11.0,2026-11-14,Louisville,North Carolina,medium_variance,Medium+ model variance,Louisville,Louisville rating range 4.2 across SP+/FPI/TeamRankings.,4.199999999999999,medium,4.199999999999999,,,,,,,,,,,,,,,,
g731,11.0,2026-11-14,Michigan,Oregon,medium_variance,Medium+ model variance,Oregon,Oregon rating range 4.2 across SP+/FPI/TeamRankings.,4.199999999999999,medium,4.199999999999999,,,,,,,,,,,,,,,,
g788,12.0,2026-11-21,Pittsburgh,Louisville,medium_variance,Medium+ model variance,Louisville,Louisville rating range 4.2 across SP+/FPI/TeamRankings.,4.199999999999999,medium,4.199999999999999,,,,,,,,,,,,,,,,
g791,12.0,2026-11-21,Oregon,Michigan State,medium_variance,Medium+ model variance,Oregon,Oregon rating range 4.2 across SP+/FPI/TeamRankings.,4.199999999999999,medium,4.199999999999999,,,,,,,,,,,,,,,,
g36,1.0,2026-09-05,Wyoming,Colorado State,medium_variance,Medium+ model variance,Colorado State,Colorado State rating range 4.1 across SP+/FPI/TeamRankings.,4.1,medium,4.1,,,,,,,,,,,,,,,,
g118,2.0,2026-09-12,Southern Utah,Colorado State,medium_variance,Medium+ model variance,Colorado State,Colorado State rating range 4.1 across SP+/FPI/TeamRankings.,4.1,medium,4.1,,,,,,,,,,,,,,,,
g202,3.0,2026-09-19,BYU,Colorado State,medium_variance,Medium+ model variance,Colorado State,Colorado State rating range 4.1 across SP+/FPI/TeamRankings.,4.1,medium,4.1,,,,,,,,,,,,,,,,
g323,4.0,2026-09-26,Colorado State,UTSA,medium_variance,Medium+ model variance,Colorado State,Colorado State rating range 4.1 across SP+/FPI/TeamRankings.,4.1,medium,4.1,,,,,,,,,,,,,,,,
g348,5.0,2026-10-03,Oregon State,Colorado State,medium_variance,Medium+ model variance,Colorado State,Colorado State rating range 4.1 across SP+/FPI/TeamRankings.,4.1,medium,4.1,,,,,,,,,,,,,,,,
g501,7.0,2026-10-17,Colorado State,Texas State,medium_variance,Medium+ model variance,Colorado State,Colorado State rating range 4.1 across SP+/FPI/TeamRankings.,4.1,medium,4.1,,,,,,,,,,,,,,,,
g530,8.0,2026-10-24,San Diego State,Colorado State,medium_variance,Medium+ model variance,Colorado State,Colorado State rating range 4.1 across SP+/FPI/TeamRankings.,4.1,medium,4.1,,,,,,,,,,,,,,,,
g620,9.0,2026-10-31,Colorado State,Utah State,medium_variance,Medium+ model variance,Colorado State,Colorado State rating range 4.1 across SP+/FPI/TeamRankings.,4.1,medium,4.1,,,,,,,,,,,,,,,,
g640,10.0,2026-11-07,Boise State,Colorado State,medium_variance,Medium+ model variance,Colorado State,Colorado State rating range 4.1 across SP+/FPI/TeamRankings.,4.1,medium,4.1,,,,,,,,,,,,,,,,
g750,11.0,2026-11-14,Colorado State,Washington State,medium_variance,Medium+ model variance,Colorado State,Colorado State rating range 4.1 across SP+/FPI/TeamRankings.,4.1,medium,4.1,,,,,,,,,,,,,,,,
g845,13.0,2026-11-28,Texas State,Colorado State,medium_variance,Medium+ model variance,Colorado State,Colorado State rating range 4.1 across SP+/FPI/TeamRankings.,4.1,medium,4.1,,,,,,,,,,,,,,,,
g7,0.0,2026-08-29,San Jose State,USC,medium_variance,Medium+ model variance,USC,USC rating range 4.1 across SP+/FPI/TeamRankings.,4.099999999999998,medium,4.099999999999998,,,,,,,,,,,,,,,,
g175,2.0,2026-09-12,Louisiana,USC,medium_variance,Medium+ model variance,USC,USC rating range 4.1 across SP+/FPI/TeamRankings.,4.099999999999998,medium,4.099999999999998,,,,,,,,,,,,,,,,
g237,3.0,2026-09-19,USC,Rutgers,medium_variance,Medium+ model variance,USC,USC rating range 4.1 across SP+/FPI/TeamRankings.,4.099999999999998,medium,4.099999999999998,,,,,,,,,,,,,,,,
g434,6.0,2026-10-10,USC,Penn State,medium_variance,Medium+ model variance,USC,USC rating range 4.1 across SP+/FPI/TeamRankings.,4.099999999999998,medium,4.099999999999998,,,,,,,,,,,,,,,,
g619,9.0,2026-10-31,Ohio State,USC,medium_variance,Medium+ model variance,USC,USC rating range 4.1 across SP+/FPI/TeamRankings.,4.099999999999998,medium,4.099999999999998,,,,,,,,,,,,,,,,
g818,12.0,2026-11-21,Maryland,USC,medium_variance,Medium+ model variance,USC,USC rating range 4.1 across SP+/FPI/TeamRankings.,4.099999999999998,medium,4.099999999999998,,,,,,,,,,,,,,,,
g4,0.0,2026-08-29,Hawaii,Stanford,medium_variance,Medium+ model variance,Hawaii,Hawaii rating range 3.9 across SP+/FPI/TeamRankings.,3.9,medium,3.9,,,,,,,,,,,,,,,,
g42,1.0,2026-09-05,UNLV,Hawaii,medium_variance,Medium+ model variance,Hawaii,Hawaii rating range 3.9 across SP+/FPI/TeamRankings.,3.9,medium,3.9,,,,,,,,,,,,,,,,
g92,1.0,2026-09-05,Idaho State,Utah State,medium_variance,Medium+ model variance,Utah State,Utah State rating range 3.9 across SP+/FPI/TeamRankings.,3.9,medium,3.9,,,,,,,,,,,,,,,,
g127,2.0,2026-09-12,New Mexico State,Hawaii,medium_variance,Medium+ model variance,Hawaii,Hawaii rating range 3.9 across SP+/FPI/TeamRankings.,3.9,medium,3.9,,,,,,,,,,,,,,,,
g169,2.0,2026-09-12,UTSA,Texas State,medium_variance,Medium+ model variance,Texas State,Texas State rating range 3.9 across SP+/FPI/TeamRankings.,3.9,medium,3.9,,,,,,,,,,,,,,,,
g297,4.0,2026-09-26,Iowa,Michigan,medium_variance,Medium+ model variance,Michigan,Michigan rating range 3.9 across SP+/FPI/TeamRankings.,3.9,medium,3.9,,,,,,,,,,,,,,,,
g316,4.0,2026-09-26,UIW,Texas State,medium_variance,Medium+ model variance,Texas State,Texas State rating range 3.9 across SP+/FPI/TeamRankings.,3.9,medium,3.9,,,,,,,,,,,,,,,,
g324,4.0,2026-09-26,Troy,Utah State,medium_variance,Medium+ model variance,Utah State,Utah State rating range 3.9 across SP+/FPI/TeamRankings.,3.9,medium,3.9,,,,,,,,,,,,,,,,
g331,4.0,2026-09-26,Hawaii,Wyoming,medium_variance,Medium+ model variance,Hawaii,Hawaii rating range 3.9 across SP+/FPI/TeamRankings.,3.9,medium,3.9,,,,,,,,,,,,,,,,
g341,5.0,2026-10-03,Utah State,Boise State,medium_variance,Medium+ model variance,Utah State,Utah State rating range 3.9 across SP+/FPI/TeamRankings.,3.9,medium,3.9,,,,,,,,,,,,,,,,
g354,5.0,2026-10-03,San Jose State,Hawaii,medium_variance,Medium+ model variance,Hawaii,Hawaii rating range 3.9 across SP+/FPI/TeamRankings.,3.9,medium,3.9,,,,,,,,,,,,,,,,
g378,5.0,2026-10-03,Texas State,San Diego State,medium_variance,Medium+ model variance,Texas State,Texas State rating range 3.9 across SP+/FPI/TeamRankings.,3.9,medium,3.9,,,,,,,,,,,,,,,,
g403,6.0,2026-10-10,Hawaii,Arizona State,medium_variance,Medium+ model variance,Hawaii,Hawaii rating range 3.9 across SP+/FPI/TeamRankings.,3.9,medium,3.9,,,,,,,,,,,,,,,,
g443,6.0,2026-10-10,Washington State,Utah State,medium_variance,Medium+ model variance,Utah State,Utah State rating range 3.9 across SP+/FPI/TeamRankings.,3.9,medium,3.9,,,,,,,,,,,,,,,,
g471,7.0,2026-10-17,New Mexico,Hawaii,medium_variance,Medium+ model variance,Hawaii,Hawaii rating range 3.9 across SP+/FPI/TeamRankings.,3.9,medium,3.9,,,,,,,,,,,,,,,,
g481,7.0,2026-10-17,Penn State,Michigan,medium_variance,Medium+ model variance,Michigan,Michigan rating range 3.9 across SP+/FPI/TeamRankings.,3.9,medium,3.9,,,,,,,,,,,,,,,,
g557,8.0,2026-10-24,Utah State,Texas State,medium_variance,Medium+ model variance,Utah State,Utah State rating range 3.9 across SP+/FPI/TeamRankings.,3.9,medium,3.9,,,,,,,,,,,,,,,,
g579,9.0,2026-10-31,Texas State,Boise State,medium_variance,Medium+ model variance,Texas State,Texas State rating range 3.9 across SP+/FPI/TeamRankings.,3.9,medium,3.9,,,,,,,,,,,,,,,,
g607,9.0,2026-10-31,Michigan,Rutgers,medium_variance,Medium+ model variance,Michigan,Michigan rating range 3.9 across SP+/FPI/TeamRankings.,3.9,medium,3.9,,,,,,,,,,,,,,,,
g654,10.0,2026-11-07,Michigan State,Michigan,medium_variance,Medium+ model variance,Michigan,Michigan rating range 3.9 across SP+/FPI/TeamRankings.,3.9,medium,3.9,,,,,,,,,,,,,,,,
g668,10.0,2026-11-07,Texas State,Oregon State,medium_variance,Medium+ model variance,Texas State,Texas State rating range 3.9 across SP+/FPI/TeamRankings.,3.9,medium,3.9,,,,,,,,,,,,,,,,
g737,11.0,2026-11-14,Utah State,San Diego State,medium_variance,Medium+ model variance,Utah State,Utah State rating range 3.9 across SP+/FPI/TeamRankings.,3.9,medium,3.9,,,,,,,,,,,,,,,,
g803,12.0,2026-11-21,Utah State,Oregon State,medium_variance,Medium+ model variance,Utah State,Utah State rating range 3.9 across SP+/FPI/TeamRankings.,3.9,medium,3.9,,,,,,,,,,,,,,,,
g813,12.0,2026-11-21,Washington State,Texas State,medium_variance,Medium+ model variance,Texas State,Texas State rating range 3.9 across SP+/FPI/TeamRankings.,3.9,medium,3.9,,,,,,,,,,,,,,,,
g870,13.0,2026-11-28,Michigan,Ohio State,medium_variance,Medium+ model variance,Michigan,Michigan rating range 3.9 across SP+/FPI/TeamRankings.,3.9,medium,3.9,,,,,,,,,,,,,,,,
g884,13.0,2026-11-28,Boise State,Utah State,medium_variance,Medium+ model variance,Utah State,Utah State rating range 3.9 across SP+/FPI/TeamRankings.,3.9,medium,3.9,,,,,,,,,,,,,,,,
g27,1.0,2026-09-05,Morgan State,Arizona State,medium_variance,Medium+ model variance,Arizona State,Arizona State rating range 3.9 across SP+/FPI/TeamRankings.,3.899999999999999,medium,3.899999999999999,,,,,,,,,,,,,,,,
g168,2.0,2026-09-12,Arizona State,Texas A&M,medium_variance,Medium+ model variance,Arizona State,Arizona State rating range 3.9 across SP+/FPI/TeamRankings.,3.899999999999999,medium,3.899999999999999,,,,,,,,,,,,,,,,
g212,3.0,2026-09-19,Arizona State,Kansas,medium_variance,Medium+ model variance,Arizona State,Arizona State rating range 3.9 across SP+/FPI/TeamRankings.,3.899999999999999,medium,3.899999999999999,,,,,,,,,,,,,,,,
g339,5.0,2026-10-03,Baylor,Arizona State,medium_variance,Medium+ model variance,Arizona State,Arizona State rating range 3.9 across SP+/FPI/TeamRankings.,3.899999999999999,medium,3.899999999999999,,,,,,,,,,,,,,,,
g502,7.0,2026-10-17,Arizona State,Texas Tech,medium_variance,Medium+ model variance,Arizona State,Arizona State rating range 3.9 across SP+/FPI/TeamRankings.,3.899999999999999,medium,3.899999999999999,,,,,,,,,,,,,,,,
g578,9.0,2026-10-31,Arizona State,BYU,medium_variance,Medium+ model variance,Arizona State,Arizona State rating range 3.9 across SP+/FPI/TeamRankings.,3.899999999999999,medium,3.899999999999999,,,,,,,,,,,,,,,,
g701,11.0,2026-11-14,Arizona State,Central Florida,medium_variance,Medium+ model variance,Arizona State,Arizona State rating range 3.9 across SP+/FPI/TeamRankings.,3.899999999999999,medium,3.899999999999999,,,,,,,,,,,,,,,,
g766,12.0,2026-11-21,Oklahoma State,Arizona State,medium_variance,Medium+ model variance,Arizona State,Arizona State rating range 3.9 across SP+/FPI/TeamRankings.,3.899999999999999,medium,3.899999999999999,,,,,,,,,,,,,,,,
g835,13.0,2026-11-28,Arizona State,Arizona,medium_variance,Medium+ model variance,Arizona State,Arizona State rating range 3.9 across SP+/FPI/TeamRankings.,3.899999999999999,medium,3.899999999999999,,,,,,,,,,,,,,,,
g87,1.0,2026-09-05,Abilene Christian,Texas Tech,medium_variance,Medium+ model variance,Texas Tech,Texas Tech rating range 3.8 across SP+/FPI/TeamRankings.,3.8000000000000007,medium,3.8000000000000007,,,,,,,,,,,,,,,,
g157,2.0,2026-09-12,Texas Tech,Oregon State,medium_variance,Medium+ model variance,Texas Tech,Texas Tech rating range 3.8 across SP+/FPI/TeamRankings.,3.8000000000000007,medium,3.8000000000000007,,,,,,,,,,,,,,,,
g187,3.0,2026-09-18,Houston,Texas Tech,medium_variance,Medium+ model variance,Texas Tech,Texas Tech rating range 3.8 across SP+/FPI/TeamRankings.,3.8000000000000007,medium,3.8000000000000007,,,,,,,,,,,,,,,,
g615,9.0,2026-10-31,Arizona,Texas Tech,medium_variance,Medium+ model variance,Texas Tech,Texas Tech rating range 3.8 across SP+/FPI/TeamRankings.,3.8000000000000007,medium,3.8000000000000007,,,,,,,,,,,,,,,,
g730,11.0,2026-11-14,Texas Tech,Oklahoma State,medium_variance,Medium+ model variance,Texas Tech,Texas Tech rating range 3.8 across SP+/FPI/TeamRankings.,3.8000000000000007,medium,3.8000000000000007,,,,,,,,,,,,,,,,
g769,12.0,2026-11-21,Texas Tech,Baylor,medium_variance,Medium+ model variance,Texas Tech,Texas Tech rating range 3.8 across SP+/FPI/TeamRankings.,3.8000000000000007,medium,3.8000000000000007,,,,,,,,,,,,,,,,
g825,13.0,2026-11-26,TCU,Texas Tech,medium_variance,Medium+ model variance,Texas Tech,Texas Tech rating range 3.8 across SP+/FPI/TeamRankings.,3.8000000000000007,medium,3.8000000000000007,,,,,,,,,,,,,,,,
g89,1.0,2026-09-05,Oklahoma State,Tulsa,medium_variance,Medium+ model variance,Oklahoma State,Oklahoma State rating range 3.8 across SP+/FPI/TeamRankings.,3.8,medium,3.8,,,,,,,,,,,,,,,,
g91,1.0,2026-09-05,UTRGV,UTSA,medium_variance,Medium+ model variance,UTSA,UTSA rating range 3.8 across SP+/FPI/TeamRankings.,3.8,medium,3.8,,,,,,,,,,,,,,,,
g129,2.0,2026-09-12,Duke,Illinois,medium_variance,Medium+ model variance,Duke,Duke rating range 3.8 across SP+/FPI/TeamRankings.,3.8,medium,3.8,,,,,,,,,,,,,,,,
g204,3.0,2026-09-19,Stanford,Duke,medium_variance,Medium+ model variance,Duke,Duke rating range 3.8 across SP+/FPI/TeamRankings.,3.8,medium,3.8,,,,,,,,,,,,,,,,
g230,3.0,2026-09-19,Murray State,Oklahoma State,medium_variance,Medium+ model variance,Oklahoma State,Oklahoma State rating range 3.8 across SP+/FPI/TeamRankings.,3.8,medium,3.8,,,,,,,,,,,,,,,,
g276,4.0,2026-09-26,William & Mary,Duke,medium_variance,Medium+ model variance,Duke,Duke rating range 3.8 across SP+/FPI/TeamRankings.,3.8,medium,3.8,,,,,,,,,,,,,,,,
g375,5.0,2026-10-03,UTSA,Rice,medium_variance,Medium+ model variance,UTSA,UTSA rating range 3.8 across SP+/FPI/TeamRankings.,3.8,medium,3.8,,,,,,,,,,,,,,,,
g396,6.0,2026-10-08,South Florida,UTSA,medium_variance,Medium+ model variance,UTSA,UTSA rating range 3.8 across SP+/FPI/TeamRankings.,3.8,medium,3.8,,,,,,,,,,,,,,,,
g412,6.0,2026-10-10,Duke,Georgia Tech,medium_variance,Medium+ model variance,Duke,Duke rating range 3.8 across SP+/FPI/TeamRankings.,3.8,medium,3.8,,,,,,,,,,,,,,,,
g431,6.0,2026-10-10,Central Florida,Oklahoma State,medium_variance,Medium+ model variance,Oklahoma State,Oklahoma State rating range 3.8 across SP+/FPI/TeamRankings.,3.8,medium,3.8,,,,,,,,,,,,,,,,
g468,7.0,2026-10-17,North Carolina,Duke,medium_variance,Medium+ model variance,Duke,Duke rating range 3.8 across SP+/FPI/TeamRankings.,3.8,medium,3.8,,,,,,,,,,,,,,,,
g472,7.0,2026-10-17,Oklahoma State,Houston,medium_variance,Medium+ model variance,Oklahoma State,Oklahoma State rating range 3.8 across SP+/FPI/TeamRankings.,3.8,medium,3.8,,,,,,,,,,,,,,,,
g506,7.0,2026-10-17,Navy,UTSA,medium_variance,Medium+ model variance,UTSA,UTSA rating range 3.8 across SP+/FPI/TeamRankings.,3.8,medium,3.8,,,,,,,,,,,,,,,,
g563,8.0,2026-10-24,Duke,Virginia,medium_variance,Medium+ model variance,Duke,Duke rating range 3.8 across SP+/FPI/TeamRankings.,3.8,medium,3.8,,,,,,,,,,,,,,,,
g591,9.0,2026-10-31,Oklahoma State,Iowa State,medium_variance,Medium+ model variance,Oklahoma State,Oklahoma State rating range 3.8 across SP+/FPI/TeamRankings.,3.8,medium,3.8,,,,,,,,,,,,,,,,
g659,10.0,2026-11-07,Duke,NC State,medium_variance,Medium+ model variance,Duke,Duke rating range 3.8 across SP+/FPI/TeamRankings.,3.8,medium,3.8,,,,,,,,,,,,,,,,
g775,12.0,2026-11-21,Clemson,Duke,medium_variance,Medium+ model variance,Duke,Duke rating range 3.8 across SP+/FPI/TeamRankings.,3.8,medium,3.8,,,,,,,,,,,,,,,,
g817,12.0,2026-11-21,UTSA,UAB,medium_variance,Medium+ model variance,UTSA,UTSA rating range 3.8 across SP+/FPI/TeamRankings.,3.8,medium,3.8,,,,,,,,,,,,,,,,
g871,13.0,2026-11-28,Kansas,Oklahoma State,medium_variance,Medium+ model variance,Oklahoma State,Oklahoma State rating range 3.8 across SP+/FPI/TeamRankings.,3.8,medium,3.8,,,,,,,,,,,,,,,,
g883,13.0,2026-11-28,Tulsa,UTSA,medium_variance,Medium+ model variance,UTSA,UTSA rating range 3.8 across SP+/FPI/TeamRankings.,3.8,medium,3.8,,,,,,,,,,,,,,,,
g887,13.0,2026-11-28,Duke,Wake Forest,medium_variance,Medium+ model variance,Duke,Duke rating range 3.8 across SP+/FPI/TeamRankings.,3.8,medium,3.8,,,,,,,,,,,,,,,,
g121,2.0,2026-09-12,Campbell,Florida,medium_variance,Medium+ model variance,Florida,Florida rating range 3.8 across SP+/FPI/TeamRankings.,3.799999999999999,medium,3.799999999999999,,,,,,,,,,,,,,,,
g193,3.0,2026-09-19,Florida,Auburn,medium_variance,Medium+ model variance,Florida,Florida rating range 3.8 across SP+/FPI/TeamRankings.,3.799999999999999,medium,3.799999999999999,,,,,,,,,,,,,,,,
g369,5.0,2026-10-03,Florida,Missouri,medium_variance,Medium+ model variance,Florida,Florida rating range 3.8 across SP+/FPI/TeamRankings.,3.799999999999999,medium,3.799999999999999,,,,,,,,,,,,,,,,
g409,6.0,2026-10-10,South Carolina,Florida,medium_variance,Medium+ model variance,Florida,Florida rating range 3.8 across SP+/FPI/TeamRankings.,3.799999999999999,medium,3.799999999999999,,,,,,,,,,,,,,,,
g586,9.0,2026-10-31,Florida,Georgia,medium_variance,Medium+ model variance,Florida,Florida rating range 3.8 across SP+/FPI/TeamRankings.,3.799999999999999,medium,3.799999999999999,,,,,,,,,,,,,,,,
g776,12.0,2026-11-21,Vanderbilt,Florida,medium_variance,Medium+ model variance,Florida,Florida rating range 3.8 across SP+/FPI/TeamRankings.,3.799999999999999,medium,3.799999999999999,,,,,,,,,,,,,,,,
g827,13.0,2026-11-27,Florida,Florida State,medium_variance,Medium+ model variance,Florida,Florida rating range 3.8 across SP+/FPI/TeamRankings.,3.799999999999999,medium,3.799999999999999,,,,,,,,,,,,,,,,
g185,2.0,2026-09-12,Northern Colorado,Wyoming,medium_variance,Medium+ model variance,Wyoming,Wyoming rating range 3.7 across SP+/FPI/TeamRankings.,3.700000000000001,medium,3.700000000000001,,,,,,,,,,,,,,,,
g199,3.0,2026-09-19,Wyoming,Central Michigan,medium_variance,Medium+ model variance,Wyoming,Wyoming rating range 3.7 across SP+/FPI/TeamRankings.,3.700000000000001,medium,3.700000000000001,,,,,,,,,,,,,,,,
g437,6.0,2026-10-10,Wyoming,San Jose State,medium_variance,Medium+ model variance,Wyoming,Wyoming rating range 3.7 across SP+/FPI/TeamRankings.,3.700000000000001,medium,3.700000000000001,,,,,,,,,,,,,,,,
g679,10.0,2026-11-07,Wyoming,UNLV,medium_variance,Medium+ model variance,Wyoming,Wyoming rating range 3.7 across SP+/FPI/TeamRankings.,3.700000000000001,medium,3.700000000000001,,,,,,,,,,,,,,,,
g822,12.0,2026-11-21,New Mexico,Wyoming,medium_variance,Medium+ model variance,Wyoming,Wyoming rating range 3.7 across SP+/FPI/TeamRankings.,3.700000000000001,medium,3.700000000000001,,,,,,,,,,,,,,,,
g891,13.0,2026-11-28,Connecticut,Wyoming,medium_variance,Medium+ model variance,Wyoming,Wyoming rating range 3.7 across SP+/FPI/TeamRankings.,3.700000000000001,medium,3.700000000000001,,,,,,,,,,,,,,,,
g43,1.0,2026-09-05,Oregon State,Houston,medium_variance,Medium+ model variance,Oregon State,Oregon State rating range 3.7 across SP+/FPI/TeamRankings.,3.7,medium,3.7,,,,,,,,,,,,,,,,
g234,3.0,2026-09-19,Montana,Oregon State,medium_variance,Medium+ model variance,Oregon State,Oregon State rating range 3.7 across SP+/FPI/TeamRankings.,3.7,medium,3.7,,,,,,,,,,,,,,,,
g258,3.0,2026-09-19,Duquesne,Washington State,medium_variance,Medium+ model variance,Washington State,Washington State rating range 3.7 across SP+/FPI/TeamRankings.,3.7,medium,3.7,,,,,,,,,,,,,,,,
g327,4.0,2026-09-26,Arizona,Washington State,medium_variance,Medium+ model variance,Washington State,Washington State rating range 3.7 across SP+/FPI/TeamRankings.,3.7,medium,3.7,,,,,,,,,,,,,,,,
g433,6.0,2026-10-10,San Diego State,Oregon State,medium_variance,Medium+ model variance,Oregon State,Oregon State rating range 3.7 across SP+/FPI/TeamRankings.,3.7,medium,3.7,,,,,,,,,,,,,,,,
g487,7.0,2026-10-17,Washington State,Oregon State,medium_variance,Medium+ model variance,Washington State,Washington State rating range 3.7 across SP+/FPI/TeamRankings.,3.7,medium,3.7,,,,,,,,,,,,,,,,
g564,8.0,2026-10-24,Boise State,Washington State,medium_variance,Medium+ model variance,Washington State,Washington State rating range 3.7 across SP+/FPI/TeamRankings.,3.7,medium,3.7,,,,,,,,,,,,,,,,
g608,9.0,2026-10-31,Washington State,San Diego State,medium_variance,Medium+ model variance,Washington State,Washington State rating range 3.7 across SP+/FPI/TeamRankings.,3.7,medium,3.7,,,,,,,,,,,,,,,,
g700,11.0,2026-11-14,Oregon State,Boise State,medium_variance,Medium+ model variance,Oregon State,Oregon State rating range 3.7 across SP+/FPI/TeamRankings.,3.7,medium,3.7,,,,,,,,,,,,,,,,
g888,13.0,2026-11-28,Oregon State,Washington State,medium_variance,Medium+ model variance,Oregon State,Oregon State rating range 3.7 across SP+/FPI/TeamRankings.,3.7,medium,3.7,,,,,,,,,,,,,,,,
g6,0.0,2026-08-29,Memphis,UNLV,medium_variance,Medium+ model variance,UNLV,UNLV rating range 3.6 across SP+/FPI/TeamRankings.,3.5999999999999996,medium,3.5999999999999996,,,,,,,,,,,,,,,,
g264,4.0,2026-09-26,UNLV,Akron,medium_variance,Medium+ model variance,UNLV,UNLV rating range 3.6 across SP+/FPI/TeamRankings.,3.5999999999999996,medium,3.5999999999999996,,,,,,,,,,,,,,,,
g386,5.0,2026-10-03,California,UNLV,medium_variance,Medium+ model variance,UNLV,UNLV rating range 3.6 across SP+/FPI/TeamRankings.,3.5999999999999996,medium,3.5999999999999996,,,,,,,,,,,,,,,,
g724,11.0,2026-11-14,UNLV,New Mexico,medium_variance,Medium+ model variance,UNLV,UNLV rating range 3.6 across SP+/FPI/TeamRankings.,3.5999999999999996,medium,3.5999999999999996,,,,,,,,,,,,,,,,
g807,12.0,2026-11-21,UNLV,San Jose State,medium_variance,Medium+ model variance,UNLV,UNLV rating range 3.6 across SP+/FPI/TeamRankings.,3.5999999999999996,medium,3.5999999999999996,,,,,,,,,,,,,,,,
g40,1.0,2026-09-05,Tennessee State,Georgia,medium_variance,Medium+ model variance,Georgia,Georgia rating range 3.6 across SP+/FPI/TeamRankings.,3.599999999999998,medium,3.599999999999998,,,,,,,,,,,,,,,,
g125,2.0,2026-09-12,Western Kentucky,Georgia,medium_variance,Medium+ model variance,Georgia,Georgia rating range 3.6 across SP+/FPI/TeamRankings.,3.599999999999998,medium,3.599999999999998,,,,,,,,,,,,,,,,
g192,3.0,2026-09-19,Georgia,Arkansas,medium_variance,Medium+ model variance,Georgia,Georgia rating range 3.6 across SP+/FPI/TeamRankings.,3.599999999999998,medium,3.599999999999998,,,,,,,,,,,,,,,,
g305,4.0,2026-09-26,Illinois,Ohio State,medium_variance,Medium+ model variance,Ohio State,Ohio State rating range 3.6 across SP+/FPI/TeamRankings.,3.599999999999998,medium,3.599999999999998,,,,,,,,,,,,,,,,
g352,5.0,2026-10-03,Vanderbilt,Georgia,medium_variance,Medium+ model variance,Georgia,Georgia rating range 3.6 across SP+/FPI/TeamRankings.,3.599999999999998,medium,3.599999999999998,,,,,,,,,,,,,,,,
g357,5.0,2026-10-03,Ohio State,Iowa,medium_variance,Medium+ model variance,Ohio State,Ohio State rating range 3.6 across SP+/FPI/TeamRankings.,3.599999999999998,medium,3.599999999999998,,,,,,,,,,,,,,,,
g401,6.0,2026-10-10,Georgia,Alabama,medium_variance,Medium+ model variance,Georgia,Georgia rating range 3.6 across SP+/FPI/TeamRankings.,3.599999999999998,medium,3.599999999999998,,,,,,,,,,,,,,,,
g429,6.0,2026-10-10,Maryland,Ohio State,medium_variance,Medium+ model variance,Ohio State,Ohio State rating range 3.6 across SP+/FPI/TeamRankings.,3.599999999999998,medium,3.599999999999998,,,,,,,,,,,,,,,,
g470,7.0,2026-10-17,Auburn,Georgia,medium_variance,Medium+ model variance,Georgia,Georgia rating range 3.6 across SP+/FPI/TeamRankings.,3.599999999999998,medium,3.599999999999998,,,,,,,,,,,,,,,,
g707,11.0,2026-11-14,Missouri,Georgia,medium_variance,Medium+ model variance,Georgia,Georgia rating range 3.6 across SP+/FPI/TeamRankings.,3.599999999999998,medium,3.599999999999998,,,,,,,,,,,,,,,,
g728,11.0,2026-11-14,Northwestern,Ohio State,medium_variance,Medium+ model variance,Ohio State,Ohio State rating range 3.6 across SP+/FPI/TeamRankings.,3.599999999999998,medium,3.599999999999998,,,,,,,,,,,,,,,,
g796,12.0,2026-11-21,Ohio State,Nebraska,medium_variance,Medium+ model variance,Ohio State,Ohio State rating range 3.6 across SP+/FPI/TeamRankings.,3.599999999999998,medium,3.599999999999998,,,,,,,,,,,,,,,,
g808,12.0,2026-11-21,Georgia,South Carolina,medium_variance,Medium+ model variance,Georgia,Georgia rating range 3.6 across SP+/FPI/TeamRankings.,3.599999999999998,medium,3.599999999999998,,,,,,,,,,,,,,,,
g850,13.0,2026-11-28,Georgia Tech,Georgia,medium_variance,Medium+ model variance,Georgia,Georgia rating range 3.6 across SP+/FPI/TeamRankings.,3.599999999999998,medium,3.599999999999998,,,,,,,,,,,,,,,,
g99,1.0,2026-09-07,SMU,Florida State,medium_variance,Medium+ model variance,SMU,SMU rating range 3.5 across SP+/FPI/TeamRankings.,3.5,medium,3.5,,,,,,,,,,,,,,,,
g128,2.0,2026-09-12,Southern,Houston,medium_variance,Medium+ model variance,Houston,Houston rating range 3.5 across SP+/FPI/TeamRankings.,3.5,medium,3.5,,,,,,,,,,,,,,,,
g158,2.0,2026-09-12,Central Florida,Pittsburgh,medium_variance,Medium+ model variance,Pittsburgh,Pittsburgh rating range 3.5 across SP+/FPI/TeamRankings.,3.5,medium,3.5,,,,,,,,,,,,,,,,
g160,2.0,2026-09-12,UC Davis,SMU,medium_variance,Medium+ model variance,SMU,SMU rating range 3.5 across SP+/FPI/TeamRankings.,3.5,medium,3.5,,,,,,,,,,,,,,,,
g186,3.0,2026-09-17,Syracuse,Pittsburgh,medium_variance,Medium+ model variance,Pittsburgh,Pittsburgh rating range 3.5 across SP+/FPI/TeamRankings.,3.5,medium,3.5,,,,,,,,,,,,,,,,
g284,4.0,2026-09-26,Houston,Georgia Southern,medium_variance,Medium+ model variance,Houston,Houston rating range 3.5 across SP+/FPI/TeamRankings.,3.5,medium,3.5,,,,,,,,,,,,,,,,
g308,4.0,2026-09-26,Bucknell,Pittsburgh,medium_variance,Medium+ model variance,Pittsburgh,Pittsburgh rating range 3.5 across SP+/FPI/TeamRankings.,3.5,medium,3.5,,,,,,,,,,,,,,,,
g329,4.0,2026-09-26,Mercyhurst,Western Kentucky,medium_variance,Medium+ model variance,Western Kentucky,Western Kentucky rating range 3.5 across SP+/FPI/TeamRankings.,3.5,medium,3.5,,,,,,,,,,,,,,,,
g332,5.0,2026-10-01,Western Kentucky,New Mexico State,medium_variance,Medium+ model variance,Western Kentucky,Western Kentucky rating range 3.5 across SP+/FPI/TeamRankings.,3.5,medium,3.5,,,,,,,,,,,,,,,,
g336,5.0,2026-10-02,Pittsburgh,Virginia Tech,medium_variance,Medium+ model variance,Pittsburgh,Pittsburgh rating range 3.5 across SP+/FPI/TeamRankings.,3.5,medium,3.5,,,,,,,,,,,,,,,,
g355,5.0,2026-10-03,Central Florida,Houston,medium_variance,Medium+ model variance,Houston,Houston rating range 3.5 across SP+/FPI/TeamRankings.,3.5,medium,3.5,,,,,,,,,,,,,,,,
g435,6.0,2026-10-10,North Carolina,Pittsburgh,medium_variance,Medium+ model variance,Pittsburgh,Pittsburgh rating range 3.5 across SP+/FPI/TeamRankings.,3.5,medium,3.5,,,,,,,,,,,,,,,,
g490,7.0,2026-10-17,Virginia,SMU,medium_variance,Medium+ model variance,SMU,SMU rating range 3.5 across SP+/FPI/TeamRankings.,3.5,medium,3.5,,,,,,,,,,,,,,,,
g551,8.0,2026-10-24,California,SMU,medium_variance,Medium+ model variance,SMU,SMU rating range 3.5 across SP+/FPI/TeamRankings.,3.5,medium,3.5,,,,,,,,,,,,,,,,
g606,9.0,2026-10-31,Georgia Tech,Pittsburgh,medium_variance,Medium+ model variance,Pittsburgh,Pittsburgh rating range 3.5 across SP+/FPI/TeamRankings.,3.5,medium,3.5,,,,,,,,,,,,,,,,
g612,9.0,2026-10-31,SMU,Syracuse,medium_variance,Medium+ model variance,SMU,SMU rating range 3.5 across SP+/FPI/TeamRankings.,3.5,medium,3.5,,,,,,,,,,,,,,,,
g670,10.0,2026-11-07,Virginia Tech,SMU,medium_variance,Medium+ model variance,SMU,SMU rating range 3.5 across SP+/FPI/TeamRankings.,3.5,medium,3.5,,,,,,,,,,,,,,,,
g695,11.0,2026-11-13,Florida State,Pittsburgh,medium_variance,Medium+ model variance,Pittsburgh,Pittsburgh rating range 3.5 across SP+/FPI/TeamRankings.,3.5,medium,3.5,,,,,,,,,,,,,,,,
g735,11.0,2026-11-14,Wake Forest,SMU,medium_variance,Medium+ model variance,SMU,SMU rating range 3.5 across SP+/FPI/TeamRankings.,3.5,medium,3.5,,,,,,,,,,,,,,,,
g752,11.0,2026-11-14,Jacksonville State,Western Kentucky,medium_variance,Medium+ model variance,Western Kentucky,Western Kentucky rating range 3.5 across SP+/FPI/TeamRankings.,3.5,medium,3.5,,,,,,,,,,,,,,,,
g786,12.0,2026-11-21,Western Kentucky,Liberty,medium_variance,Medium+ model variance,Western Kentucky,Western Kentucky rating range 3.5 across SP+/FPI/TeamRankings.,3.5,medium,3.5,,,,,,,,,,,,,,,,
g800,12.0,2026-11-21,SMU,Notre Dame,medium_variance,Medium+ model variance,SMU,SMU rating range 3.5 across SP+/FPI/TeamRankings.,3.5,medium,3.5,,,,,,,,,,,,,,,,
g841,13.0,2026-11-28,Pittsburgh,California,medium_variance,Medium+ model variance,Pittsburgh,Pittsburgh rating range 3.5 across SP+/FPI/TeamRankings.,3.5,medium,3.5,,,,,,,,,,,,,,,,
g854,13.0,2026-11-28,Baylor,Houston,medium_variance,Medium+ model variance,Houston,Houston rating range 3.5 across SP+/FPI/TeamRankings.,3.5,medium,3.5,,,,,,,,,,,,,,,,
g878,13.0,2026-11-28,SMU,Stanford,medium_variance,Medium+ model variance,SMU,SMU rating range 3.5 across SP+/FPI/TeamRankings.,3.5,medium,3.5,,,,,,,,,,,,,,,,
g24,1.0,2026-09-05,East Carolina,Alabama,medium_variance,Medium+ model variance,Alabama,Alabama rating range 3.4 across SP+/FPI/TeamRankings.,3.400000000000002,medium,3.400000000000002,,,,,,,,,,,,,,,,
g189,3.0,2026-09-19,Florida State,Alabama,medium_variance,Medium+ model variance,Alabama,Alabama rating range 3.4 across SP+/FPI/TeamRankings.,3.400000000000002,medium,3.400000000000002,,,,,,,,,,,,,,,,
g265,4.0,2026-09-26,South Carolina,Alabama,medium_variance,Medium+ model variance,Alabama,Alabama rating range 3.4 across SP+/FPI/TeamRankings.,3.400000000000002,medium,3.400000000000002,,,,,,,,,,,,,,,,
g368,5.0,2026-10-03,Alabama,Mississippi State,medium_variance,Medium+ model variance,Alabama,Alabama rating range 3.4 across SP+/FPI/TeamRankings.,3.400000000000002,medium,3.400000000000002,,,,,,,,,,,,,,,,
g498,7.0,2026-10-17,Alabama,Tennessee,medium_variance,Medium+ model variance,Alabama,Alabama rating range 3.4 across SP+/FPI/TeamRankings.,3.400000000000002,medium,3.400000000000002,,,,,,,,,,,,,,,,
g519,8.0,2026-10-24,Texas A&M,Alabama,medium_variance,Medium+ model variance,Alabama,Alabama rating range 3.4 across SP+/FPI/TeamRankings.,3.400000000000002,medium,3.400000000000002,,,,,,,,,,,,,,,,
g652,10.0,2026-11-07,Alabama,LSU,medium_variance,Medium+ model variance,Alabama,Alabama rating range 3.4 across SP+/FPI/TeamRankings.,3.400000000000002,medium,3.400000000000002,,,,,,,,,,,,,,,,
g747,11.0,2026-11-14,Alabama,Vanderbilt,medium_variance,Medium+ model variance,Alabama,Alabama rating range 3.4 across SP+/FPI/TeamRankings.,3.400000000000002,medium,3.400000000000002,,,,,,,,,,,,,,,,
g764,12.0,2026-11-21,Chattanooga,Alabama,medium_variance,Medium+ model variance,Alabama,Alabama rating range 3.4 across SP+/FPI/TeamRankings.,3.400000000000002,medium,3.400000000000002,,,,,,,,,,,,,,,,
g834,13.0,2026-11-28,Auburn,Alabama,medium_variance,Medium+ model variance,Alabama,Alabama rating range 3.4 across SP+/FPI/TeamRankings.,3.400000000000002,medium,3.400000000000002,,,,,,,,,,,,,,,,
g67,1.0,2026-09-05,South Dakota State,Northwestern,medium_variance,Medium+ model variance,Northwestern,Northwestern rating range 3.4 across SP+/FPI/TeamRankings.,3.4,medium,3.4,,,,,,,,,,,,,,,,
g335,5.0,2026-10-02,Penn State,Northwestern,medium_variance,Medium+ model variance,Northwestern,Northwestern rating range 3.4 across SP+/FPI/TeamRankings.,3.4,medium,3.4,,,,,,,,,,,,,,,,
g482,7.0,2026-10-17,Northwestern,Michigan State,medium_variance,Medium+ model variance,Northwestern,Northwestern rating range 3.4 across SP+/FPI/TeamRankings.,3.4,medium,3.4,,,,,,,,,,,,,,,,
g548,8.0,2026-10-24,Rutgers,Northwestern,medium_variance,Medium+ model variance,Northwestern,Northwestern rating range 3.4 across SP+/FPI/TeamRankings.,3.4,medium,3.4,,,,,,,,,,,,,,,,
g664,10.0,2026-11-07,Iowa,Northwestern,medium_variance,Medium+ model variance,Northwestern,Northwestern rating range 3.4 across SP+/FPI/TeamRankings.,3.4,medium,3.4,,,,,,,,,,,,,,,,
g869,13.0,2026-11-28,Illinois,Northwestern,medium_variance,Medium+ model variance,Northwestern,Northwestern rating range 3.4 across SP+/FPI/TeamRankings.,3.4,medium,3.4,,,,,,,,,,,,,,,,
g131,2.0,2026-09-12,Iowa State,Iowa,medium_variance,Medium+ model variance,Iowa,Iowa rating range 3.3 across SP+/FPI/TeamRankings.,3.3000000000000007,medium,3.3000000000000007,,,,,,,,,,,,,,,,
g153,2.0,2026-09-12,Rice,Notre Dame,medium_variance,Medium+ model variance,Notre Dame,Notre Dame rating range 3.3 across SP+/FPI/TeamRankings.,3.3000000000000007,medium,3.3000000000000007,,,,,,,,,,,,,,,,
g209,3.0,2026-09-19,Northern Iowa,Iowa,medium_variance,Medium+ model variance,Iowa,Iowa rating range 3.3 across SP+/FPI/TeamRankings.,3.3000000000000007,medium,3.3000000000000007,,,,,,,,,,,,,,,,
g227,3.0,2026-09-19,Michigan State,Notre Dame,medium_variance,Medium+ model variance,Notre Dame,Notre Dame rating range 3.3 across SP+/FPI/TeamRankings.,3.3000000000000007,medium,3.3000000000000007,,,,,,,,,,,,,,,,
g309,4.0,2026-09-26,Notre Dame,Purdue,medium_variance,Medium+ model variance,Notre Dame,Notre Dame rating range 3.3 across SP+/FPI/TeamRankings.,3.3000000000000007,medium,3.3000000000000007,,,,,,,,,,,,,,,,
g373,5.0,2026-10-03,Notre Dame,North Carolina,medium_variance,Medium+ model variance,Notre Dame,Notre Dame rating range 3.3 across SP+/FPI/TeamRankings.,3.3000000000000007,medium,3.3000000000000007,,,,,,,,,,,,,,,,
g427,6.0,2026-10-10,Stanford,Notre Dame,medium_variance,Medium+ model variance,Notre Dame,Notre Dame rating range 3.3 across SP+/FPI/TeamRankings.,3.3000000000000007,medium,3.3000000000000007,,,,,,,,,,,,,,,,
g459,7.0,2026-10-17,Notre Dame,BYU,medium_variance,Medium+ model variance,Notre Dame,Notre Dame rating range 3.3 across SP+/FPI/TeamRankings.,3.3000000000000007,medium,3.3000000000000007,,,,,,,,,,,,,,,,
g597,9.0,2026-10-31,Notre Dame,Navy,medium_variance,Medium+ model variance,Notre Dame,Notre Dame rating range 3.3 across SP+/FPI/TeamRankings.,3.3000000000000007,medium,3.3000000000000007,,,,,,,,,,,,,,,,
g711,11.0,2026-11-14,Purdue,Iowa,medium_variance,Medium+ model variance,Iowa,Iowa rating range 3.3 across SP+/FPI/TeamRankings.,3.3000000000000007,medium,3.3000000000000007,,,,,,,,,,,,,,,,
g781,12.0,2026-11-21,Iowa,Illinois,medium_variance,Medium+ model variance,Iowa,Iowa rating range 3.3 across SP+/FPI/TeamRankings.,3.3000000000000007,medium,3.3000000000000007,,,,,,,,,,,,,,,,
g828,13.0,2026-11-27,Nebraska,Iowa,medium_variance,Medium+ model variance,Iowa,Iowa rating range 3.3 across SP+/FPI/TeamRankings.,3.3000000000000007,medium,3.3000000000000007,,,,,,,,,,,,,,,,
g879,13.0,2026-11-28,Notre Dame,Syracuse,medium_variance,Medium+ model variance,Notre Dame,Notre Dame rating range 3.3 across SP+/FPI/TeamRankings.,3.3000000000000007,medium,3.3000000000000007,,,,,,,,,,,,,,,,
g15,1.0,2026-09-03,UAPB,Missouri,medium_variance,Medium+ model variance,Missouri,Missouri rating range 3.2 across SP+/FPI/TeamRankings.,3.200000000000001,medium,3.200000000000001,,,,,,,,,,,,,,,,
g102,2.0,2026-09-11,Missouri,Kansas,medium_variance,Medium+ model variance,Missouri,Missouri rating range 3.2 across SP+/FPI/TeamRankings.,3.200000000000001,medium,3.200000000000001,,,,,,,,,,,,,,,,
g223,3.0,2026-09-19,Troy,Missouri,medium_variance,Medium+ model variance,Missouri,Missouri rating range 3.2 across SP+/FPI/TeamRankings.,3.200000000000001,medium,3.200000000000001,,,,,,,,,,,,,,,,
g299,4.0,2026-09-26,Missouri,Mississippi State,medium_variance,Medium+ model variance,Missouri,Missouri rating range 3.2 across SP+/FPI/TeamRankings.,3.200000000000001,medium,3.200000000000001,,,,,,,,,,,,,,,,
g420,6.0,2026-10-10,Texas A&M,Missouri,medium_variance,Medium+ model variance,Missouri,Missouri rating range 3.2 across SP+/FPI/TeamRankings.,3.200000000000001,medium,3.200000000000001,,,,,,,,,,,,,,,,
g577,9.0,2026-10-31,Missouri,Arkansas,medium_variance,Medium+ model variance,Missouri,Missouri rating range 3.2 across SP+/FPI/TeamRankings.,3.200000000000001,medium,3.200000000000001,,,,,,,,,,,,,,,,
g120,2.0,2026-09-12,Appalachian State,East Carolina,medium_variance,Medium+ model variance,East Carolina,East Carolina rating range 3.1 across SP+/FPI/TeamRankings.,3.1,medium,3.1,,,,,,,,,,,,,,,,
g164,2.0,2026-09-12,California,Syracuse,medium_variance,Medium+ model variance,California,California rating range 3.1 across SP+/FPI/TeamRankings.,3.1,medium,3.1,,,,,,,,,,,,,,,,
g197,3.0,2026-09-19,Wagner,California,medium_variance,Medium+ model variance,California,California rating range 3.1 across SP+/FPI/TeamRankings.,3.1,medium,3.1,,,,,,,,,,,,,,,,
g231,3.0,2026-09-19,East Carolina,Old Dominion,medium_variance,Medium+ model variance,East Carolina,East Carolina rating range 3.1 across SP+/FPI/TeamRankings.,3.1,medium,3.1,,,,,,,,,,,,,,,,
g262,4.0,2026-09-25,Clemson,California,medium_variance,Medium+ model variance,California,California rating range 3.1 across SP+/FPI/TeamRankings.,3.1,medium,3.1,,,,,,,,,,,,,,,,
g277,4.0,2026-09-26,NC Central,East Carolina,medium_variance,Medium+ model variance,East Carolina,East Carolina rating range 3.1 across SP+/FPI/TeamRankings.,3.1,medium,3.1,,,,,,,,,,,,,,,,
g407,6.0,2026-10-10,Virginia Tech,California,medium_variance,Medium+ model variance,California,California rating range 3.1 across SP+/FPI/TeamRankings.,3.1,medium,3.1,,,,,,,,,,,,,,,,
g408,6.0,2026-10-10,Rice,East Carolina,medium_variance,Medium+ model variance,East Carolina,East Carolina rating range 3.1 across SP+/FPI/TeamRankings.,3.1,medium,3.1,,,,,,,,,,,,,,,,
g454,7.0,2026-10-15,East Carolina,UAB,medium_variance,Medium+ model variance,East Carolina,East Carolina rating range 3.1 across SP+/FPI/TeamRankings.,3.1,medium,3.1,,,,,,,,,,,,,,,,
g464,7.0,2026-10-17,Wake Forest,California,medium_variance,Medium+ model variance,California,California rating range 3.1 across SP+/FPI/TeamRankings.,3.1,medium,3.1,,,,,,,,,,,,,,,,
g517,8.0,2026-10-22,East Carolina,Memphis,medium_variance,Medium+ model variance,East Carolina,East Carolina rating range 3.1 across SP+/FPI/TeamRankings.,3.1,medium,3.1,,,,,,,,,,,,,,,,
g583,9.0,2026-10-31,Temple,East Carolina,medium_variance,Medium+ model variance,East Carolina,East Carolina rating range 3.1 across SP+/FPI/TeamRankings.,3.1,medium,3.1,,,,,,,,,,,,,,,,
g596,9.0,2026-10-31,California,NC State,medium_variance,Medium+ model variance,California,California rating range 3.1 across SP+/FPI/TeamRankings.,3.1,medium,3.1,,,,,,,,,,,,,,,,
g631,10.0,2026-11-06,South Florida,East Carolina,medium_variance,Medium+ model variance,East Carolina,East Carolina rating range 3.1 across SP+/FPI/TeamRankings.,3.1,medium,3.1,,,,,,,,,,,,,,,,
g748,11.0,2026-11-14,California,Virginia,medium_variance,Medium+ model variance,California,California rating range 3.1 across SP+/FPI/TeamRankings.,3.1,medium,3.1,,,,,,,,,,,,,,,,
g772,12.0,2026-11-21,Stanford,California,medium_variance,Medium+ model variance,California,California rating range 3.1 across SP+/FPI/TeamRankings.,3.1,medium,3.1,,,,,,,,,,,,,,,,
g44,1.0,2026-09-05,UAB,Illinois,medium_variance,Medium+ model variance,Illinois,Illinois rating range 3.0 across SP+/FPI/TeamRankings.,3.000000000000001,medium,3.000000000000001,,,,,,,,,,,,,,,,
g207,3.0,2026-09-19,Southern Illinois,Illinois,medium_variance,Medium+ model variance,Illinois,Illinois rating range 3.0 across SP+/FPI/TeamRankings.,3.000000000000001,medium,3.000000000000001,,,,,,,,,,,,,,,,
g356,5.0,2026-10-03,Purdue,Illinois,medium_variance,Medium+ model variance,Illinois,Illinois rating range 3.0 across SP+/FPI/TeamRankings.,3.000000000000001,medium,3.000000000000001,,,,,,,,,,,,,,,,
g419,6.0,2026-10-10,Illinois,Michigan State,medium_variance,Medium+ model variance,Illinois,Illinois rating range 3.0 across SP+/FPI/TeamRankings.,3.000000000000001,medium,3.000000000000001,,,,,,,,,,,,,,,,
g594,9.0,2026-10-31,Illinois,Maryland,medium_variance,Medium+ model variance,Illinois,Illinois rating range 3.0 across SP+/FPI/TeamRankings.,3.000000000000001,medium,3.000000000000001,,,,,,,,,,,,,,,,
g647,10.0,2026-11-07,Nebraska,Illinois,medium_variance,Medium+ model variance,Illinois,Illinois rating range 3.0 across SP+/FPI/TeamRankings.,3.000000000000001,medium,3.000000000000001,,,,,,,,,,,,,,,,
g41,1.0,2026-09-05,Charleston So.,Georgia Southern,medium_variance,Medium+ model variance,Georgia Southern,Georgia Southern rating range 3.0 across SP+/FPI/TeamRankings.,3.0,medium,3.0,,,,,,,,,,,,,,,,
g64,1.0,2026-09-05,Central Michigan,New Mexico,medium_variance,Medium+ model variance,New Mexico,New Mexico rating range 3.0 across SP+/FPI/TeamRankings.,3.0,medium,3.0,,,,,,,,,,,,,,,,
g115,2.0,2026-09-12,Georgia Southern,Clemson,medium_variance,Medium+ model variance,Georgia Southern,Georgia Southern rating range 3.0 across SP+/FPI/TeamRankings.,3.0,medium,3.0,,,,,,,,,,,,,,,,
g149,2.0,2026-09-12,Mercyhurst,New Mexico,medium_variance,Medium+ model variance,New Mexico,New Mexico rating range 3.0 across SP+/FPI/TeamRankings.,3.0,medium,3.0,,,,,,,,,,,,,,,,
g211,3.0,2026-09-19,Georgia Southern,Jacksonville State,medium_variance,Medium+ model variance,Georgia Southern,Georgia Southern rating range 3.0 across SP+/FPI/TeamRankings.,3.0,medium,3.0,,,,,,,,,,,,,,,,
g302,4.0,2026-09-26,New Mexico,New Mexico State,medium_variance,Medium+ model variance,New Mexico,New Mexico rating range 3.0 across SP+/FPI/TeamRankings.,3.0,medium,3.0,,,,,,,,,,,,,,,,
g346,5.0,2026-10-03,Georgia Southern,Coastal Carolina,medium_variance,Medium+ model variance,Georgia Southern,Georgia Southern rating range 3.0 across SP+/FPI/TeamRankings.,3.0,medium,3.0,,,,,,,,,,,,,,,,
g411,6.0,2026-10-10,James Madison,Georgia Southern,medium_variance,Medium+ model variance,Georgia Southern,Georgia Southern rating range 3.0 across SP+/FPI/TeamRankings.,3.0,medium,3.0,,,,,,,,,,,,,,,,
g453,7.0,2026-10-15,Georgia Southern,Old Dominion,medium_variance,Medium+ model variance,Georgia Southern,Georgia Southern rating range 3.0 across SP+/FPI/TeamRankings.,3.0,medium,3.0,,,,,,,,,,,,,,,,
g587,9.0,2026-10-31,Appalachian State,Georgia Southern,medium_variance,Medium+ model variance,Georgia Southern,Georgia Southern rating range 3.0 across SP+/FPI/TeamRankings.,3.0,medium,3.0,,,,,,,,,,,,,,,,
g609,9.0,2026-10-31,New Mexico,San Jose State,medium_variance,Medium+ model variance,New Mexico,New Mexico rating range 3.0 across SP+/FPI/TeamRankings.,3.0,medium,3.0,,,,,,,,,,,,,,,,
g644,10.0,2026-11-07,Marshall,Georgia Southern,medium_variance,Medium+ model variance,Georgia Southern,Georgia Southern rating range 3.0 across SP+/FPI/TeamRankings.,3.0,medium,3.0,,,,,,,,,,,,,,,,
g814,12.0,2026-11-21,Georgia Southern,Troy,medium_variance,Medium+ model variance,Georgia Southern,Georgia Southern rating range 3.0 across SP+/FPI/TeamRankings.,3.0,medium,3.0,,,,,,,,,,,,,,,,
g851,13.0,2026-11-28,Louisiana Tech,Georgia Southern,medium_variance,Medium+ model variance,Georgia Southern,Georgia Southern rating range 3.0 across SP+/FPI/TeamRankings.,3.0,medium,3.0,,,,,,,,,,,,,,,,
g193,3.0,2026-09-19,Florida,Auburn,near_pick,Near pick’em game,,model spread Auburn -1.1; market spread Auburn -0.0,0.0,medium,3.0,,,,,,,,,,,,,,,,
g434,6.0,2026-10-10,USC,Penn State,near_pick,Near pick’em game,,model spread Penn State -0.7; market spread Penn State -0.0,0.0,medium,3.0,,,,,,,,,,,,,,,,
g751,11.0,2026-11-14,Kansas,West Virginia,near_pick,Near pick’em game,,model spread West Virginia -0.0,0.005,medium,2.995,,,,,,,,,,,,,,,,
g536,8.0,2026-10-24,Akron,Kent State,near_pick,Near pick’em game,,model spread Akron -0.0,0.013,medium,2.987,,,,,,,,,,,,,,,,
g886,13.0,2026-11-28,Virginia,Virginia Tech,near_pick,Near pick’em game,,model spread Virginia Tech -0.0,0.03,medium,2.97,,,,,,,,,,,,,,,,
g891,13.0,2026-11-28,Connecticut,Wyoming,near_pick,Near pick’em game,,model spread Connecticut -0.0,0.03,medium,2.97,,,,,,,,,,,,,,,,
g811,12.0,2026-11-21,LSU,Tennessee,near_pick,Near pick’em game,,model spread Tennessee -0.1,0.055,medium,2.945,,,,,,,,,,,,,,,,
g631,10.0,2026-11-06,South Florida,East Carolina,near_pick,Near pick’em game,,model spread East Carolina -0.1,0.075,medium,2.925,,,,,,,,,,,,,,,,
g455,7.0,2026-10-16,Appalachian State,Coastal Carolina,near_pick,Near pick’em game,,model spread Appalachian State -0.2,0.19,medium,2.81,,,,,,,,,,,,,,,,
g471,7.0,2026-10-17,New Mexico,Hawaii,near_pick,Near pick’em game,,model spread Hawaii -0.2,0.212,medium,2.788,,,,,,,,,,,,,,,,
g803,12.0,2026-11-21,Utah State,Oregon State,near_pick,Near pick’em game,,model spread Oregon State -0.2,0.217,medium,2.783,,,,,,,,,,,,,,,,
g437,6.0,2026-10-10,Wyoming,San Jose State,near_pick,Near pick’em game,,model spread San Jose State -0.2,0.23,medium,2.77,,,,,,,,,,,,,,,,
g866,13.0,2026-11-28,NC State,North Carolina,near_pick,Near pick’em game,,model spread NC State -0.2,0.235,medium,2.765,,,,,,,,,,,,,,,,
g862,13.0,2026-11-28,New Mexico State,Middle Tennessee,near_pick,Near pick’em game,,model spread Middle Tennessee -0.3,0.255,medium,2.745,,,,,,,,,,,,,,,,
g285,4.0,2026-09-26,Northern Illinois,Georgia State,near_pick,Near pick’em game,,model spread Georgia State -0.3,0.263,medium,2.737,,,,,,,,,,,,,,,,
g521,8.0,2026-10-24,Kansas State,Arizona State,near_pick,Near pick’em game,,model spread Arizona State -0.3,0.268,medium,2.732,,,,,,,,,,,,,,,,
g871,13.0,2026-11-28,Kansas,Oklahoma State,near_pick,Near pick’em game,,model spread Oklahoma State -0.3,0.268,medium,2.732,,,,,,,,,,,,,,,,
g334,5.0,2026-10-02,Liberty,Delaware,near_pick,Near pick’em game,,model spread Liberty -0.3,0.295,medium,2.705,,,,,,,,,,,,,,,,
g767,12.0,2026-11-21,East Carolina,Army,near_pick,Near pick’em game,,model spread East Carolina -0.3,0.302,medium,2.698,,,,,,,,,,,,,,,,
g503,7.0,2026-10-17,Wisconsin,UCLA,near_pick,Near pick’em game,,model spread UCLA -0.3,0.31,medium,2.69,,,,,,,,,,,,,,,,
g718,11.0,2026-11-14,Wisconsin,Maryland,near_pick,Near pick’em game,,model spread Wisconsin -0.4,0.37,medium,2.63,,,,,,,,,,,,,,,,
g509,7.0,2026-10-17,Cincinnati,West Virginia,near_pick,Near pick’em game,,model spread West Virginia -0.4,0.39,medium,2.61,,,,,,,,,,,,,,,,
g104,2.0,2026-09-12,North Dakota State,Air Force,near_pick,Near pick’em game,,model spread Air Force -0.4,0.436,medium,2.564,,,,,,,,,,,,,,,,
g336,5.0,2026-10-02,Pittsburgh,Virginia Tech,near_pick,Near pick’em game,,model spread Virginia Tech -0.4,0.438,medium,2.562,,,,,,,,,,,,,,,,
g684,10.0,2026-11-07,Penn State,Washington,near_pick,Near pick’em game,,model spread Washington -0.5,0.465,medium,2.535,,,,,,,,,,,,,,,,
g144,2.0,2026-09-12,Mississippi State,Minnesota,near_pick,Near pick’em game,,model spread Minnesota -0.5,0.502,medium,2.498,,,,,,,,,,,,,,,,
g443,6.0,2026-10-10,Washington State,Utah State,near_pick,Near pick’em game,,model spread Washington State -0.5,0.525,medium,2.475,,,,,,,,,,,,,,,,
g386,5.0,2026-10-03,California,UNLV,near_pick,Near pick’em game,,model spread UNLV -0.6,0.55,medium,2.45,,,,,,,,,,,,,,,,
g231,3.0,2026-09-19,East Carolina,Old Dominion,near_pick,Near pick’em game,,model spread Old Dominion -0.6,0.56,medium,2.44,,,,,,,,,,,,,,,,
g514,8.0,2026-10-21,Liberty,Kennesaw State,near_pick,Near pick’em game,,model spread Kennesaw State -0.6,0.59,medium,2.41,,,,,,,,,,,,,,,,
g738,11.0,2026-11-14,Troy,South Alabama,near_pick,Near pick’em game,,model spread Troy -0.6,0.598,medium,2.402,,,,,,,,,,,,,,,,
g19,1.0,2026-09-04,San Jose State,Eastern Michigan,near_pick,Near pick’em game,,model spread Eastern Michigan -0.6,0.608,medium,2.392,,,,,,,,,,,,,,,,
g844,13.0,2026-11-28,Central Florida,Colorado,near_pick,Near pick’em game,,model spread Colorado -0.6,0.608,medium,2.392,,,,,,,,,,,,,,,,
g809,12.0,2026-11-21,South Alabama,Southern Miss,near_pick,Near pick’em game,,model spread South Alabama -0.6,0.623,medium,2.377,,,,,,,,,,,,,,,,
g743,11.0,2026-11-14,Florida Atlantic,Tulsa,near_pick,Near pick’em game,,model spread Tulsa -0.6,0.627,medium,2.373,,,,,,,,,,,,,,,,
g242,3.0,2026-09-19,Ohio,South Alabama,near_pick,Near pick’em game,,model spread South Alabama -0.6,0.647,medium,2.3529999999999998,,,,,,,,,,,,,,,,
g846,13.0,2026-11-28,Jacksonville State,Delaware,near_pick,Near pick’em game,,model spread Delaware -0.7,0.655,medium,2.3449999999999998,,,,,,,,,,,,,,,,
g849,13.0,2026-11-28,San Diego State,Fresno State,near_pick,Near pick’em game,,model spread Fresno State -0.7,0.677,medium,2.323,,,,,,,,,,,,,,,,
g477,7.0,2026-10-17,Troy,Louisiana,near_pick,Near pick’em game,,model spread Louisiana -0.7,0.71,medium,2.29,,,,,,,,,,,,,,,,
g573,9.0,2026-10-30,Baylor,Central Florida,near_pick,Near pick’em game,,model spread Baylor -0.8,0.762,medium,2.238,,,,,,,,,,,,,,,,
g806,12.0,2026-11-21,Middle Tennessee,Sam Houston,near_pick,Near pick’em game,,model spread Middle Tennessee -0.8,0.77,medium,2.23,,,,,,,,,,,,,,,,
g464,7.0,2026-10-17,Wake Forest,California,near_pick,Near pick’em game,,model spread California -0.8,0.785,medium,2.215,,,,,,,,,,,,,,,,
g291,4.0,2026-09-26,Texas A&M,LSU,near_pick,Near pick’em game,,model spread LSU -0.8; market spread LSU -3.0,0.787,medium,2.213,,,,,,,,,,,,,,,,
g610,9.0,2026-10-31,Louisiana Tech,South Alabama,near_pick,Near pick’em game,,model spread South Alabama -0.8,0.787,medium,2.213,,,,,,,,,,,,,,,,
g142,2.0,2026-09-12,Oklahoma,Michigan,near_pick,Near pick’em game,,model spread Michigan -0.8; market spread Michigan -2.5,0.81,medium,2.19,,,,,,,,,,,,,,,,
g801,12.0,2026-11-21,Texas A&M,Oklahoma,near_pick,Near pick’em game,,model spread Oklahoma -0.9,0.86,medium,2.14,,,,,,,,,,,,,,,,
g712,11.0,2026-11-14,Cincinnati,Iowa State,near_pick,Near pick’em game,,model spread Iowa State -0.9,0.905,medium,2.0949999999999998,,,,,,,,,,,,,,,,
g240,3.0,2026-09-19,James Madison,San Diego State,near_pick,Near pick’em game,,model spread San Diego State -0.9,0.915,medium,2.085,,,,,,,,,,,,,,,,
g742,11.0,2026-11-14,Fresno State,Texas State,near_pick,Near pick’em game,,model spread Texas State -0.9,0.945,medium,2.055,,,,,,,,,,,,,,,,
g697,11.0,2026-11-14,Utah,Arizona,near_pick,Near pick’em game,,model spread Utah -1.0,0.97,medium,2.0300000000000002,,,,,,,,,,,,,,,,
g829,13.0,2026-11-27,Toledo,Ohio,near_pick,Near pick’em game,,model spread Toledo -1.0,0.978,medium,2.0220000000000002,,,,,,,,,,,,,,,,
g837,13.0,2026-11-28,Troy,Arkansas State,near_pick,Near pick’em game,,model spread Arkansas State -1.0,0.988,medium,2.012,,,,,,,,,,,,,,,,
g348,5.0,2026-10-03,Oregon State,Colorado State,near_pick,Near pick’em game,,model spread Oregon State -1.0,0.993,medium,2.007,,,,,,,,,,,,,,,,
g33,1.0,2026-09-05,UCLA,California,near_pick,Near pick’em game,,model spread California -1.7; market spread California -1.0,1.0,medium,2.0,,,,,,,,,,,,,,,,
g294,4.0,2026-09-26,UCLA,Maryland,near_pick,Near pick’em game,,model spread Maryland -1.0,1.02,medium,1.98,,,,,,,,,,,,,,,,
g396,6.0,2026-10-08,South Florida,UTSA,near_pick,Near pick’em game,,model spread South Florida -1.0,1.048,medium,1.952,,,,,,,,,,,,,,,,
g405,6.0,2026-10-10,Tulane,Army,near_pick,Near pick’em game,,model spread Tulane -1.1,1.062,medium,1.938,,,,,,,,,,,,,,,,
g460,7.0,2026-10-17,TCU,Baylor,near_pick,Near pick’em game,,model spread TCU -1.1,1.085,medium,1.915,,,,,,,,,,,,,,,,
g695,11.0,2026-11-13,Florida State,Pittsburgh,near_pick,Near pick’em game,,model spread Pittsburgh -1.1,1.103,medium,1.897,,,,,,,,,,,,,,,,
g832,13.0,2026-11-27,Texas,Texas A&M,near_pick,Near pick’em game,,model spread Texas -1.2,1.165,medium,1.835,,,,,,,,,,,,,,,,
g682,10.0,2026-11-07,Fresno State,Utah State,near_pick,Near pick’em game,,model spread Fresno State -1.2,1.18,medium,1.82,,,,,,,,,,,,,,,,
g169,2.0,2026-09-12,UTSA,Texas State,near_pick,Near pick’em game,,model spread Texas State -1.2,1.242,medium,1.758,,,,,,,,,,,,,,,,
g407,6.0,2026-10-10,Virginia Tech,California,near_pick,Near pick’em game,,model spread Virginia Tech -1.3,1.302,medium,1.698,,,,,,,,,,,,,,,,
g535,8.0,2026-10-24,Baylor,Kansas,near_pick,Near pick’em game,,model spread Kansas -1.3,1.312,medium,1.688,,,,,,,,,,,,,,,,
g473,7.0,2026-10-17,Ohio State,Indiana,near_pick,Near pick’em game,,model spread Ohio State -1.3; market spread Ohio State -1.5,1.337,medium,1.663,,,,,,,,,,,,,,,,
g621,9.0,2026-10-31,Virginia,Wake Forest,near_pick,Near pick’em game,,model spread Virginia -1.4,1.357,medium,1.643,,,,,,,,,,,,,,,,
g506,7.0,2026-10-17,Navy,UTSA,near_pick,Near pick’em game,,model spread Navy -1.4,1.377,medium,1.623,,,,,,,,,,,,,,,,
g199,3.0,2026-09-19,Wyoming,Central Michigan,near_pick,Near pick’em game,,model spread Central Michigan -1.4,1.413,medium,1.587,,,,,,,,,,,,,,,,
g99,1.0,2026-09-07,SMU,Florida State,near_pick,Near pick’em game,,model spread SMU -1.4; market spread SMU -1.5,1.445,medium,1.555,,,,,,,,,,,,,,,,
g498,7.0,2026-10-17,Alabama,Tennessee,near_pick,Near pick’em game,,model spread Alabama -1.5,1.458,medium,1.542,,,,,,,,,,,,,,,,
g482,7.0,2026-10-17,Northwestern,Michigan State,near_pick,Near pick’em game,,model spread Northwestern -1.5,1.488,medium,1.512,,,,,,,,,,,,,,,,
g42,1.0,2026-09-05,UNLV,Hawaii,near_pick,Near pick’em game,,model spread UNLV -2.3; market spread UNLV -1.5,1.5,medium,1.5,,,,,,,,,,,,,,,,
g167,2.0,2026-09-12,Ohio State,Texas,near_pick,Near pick’em game,,model spread Ohio State -2.7; market spread Texas -1.5,1.5,medium,1.5,,,,,,,,,,,,,,,,
g216,3.0,2026-09-19,SMU,Louisville,near_pick,Near pick’em game,,model spread Louisville -1.8; market spread Louisville -1.5,1.5,medium,1.5,,,,,,,,,,,,,,,,
g232,3.0,2026-09-19,LSU,Ole Miss,near_pick,Near pick’em game,,model spread Ole Miss -2.9; market spread Ole Miss -1.5,1.5,medium,1.5,,,,,,,,,,,,,,,,
g306,4.0,2026-09-26,James Madison,Old Dominion,near_pick,Near pick’em game,,model spread James Madison -1.5,1.522,medium,1.478,,,,,,,,,,,,,,,,
g771,12.0,2026-11-21,Syracuse,Boston College,near_pick,Near pick’em game,,model spread Boston College -1.5,1.53,medium,1.47,,,,,,,,,,,,,,,,
g393,6.0,2026-10-07,Jacksonville State,Kennesaw State,near_pick,Near pick’em game,,model spread Kennesaw State -1.5,1.54,medium,1.46,,,,,,,,,,,,,,,,
g584,9.0,2026-10-31,Clemson,Florida State,near_pick,Near pick’em game,,model spread Clemson -1.6,1.558,medium,1.442,,,,,,,,,,,,,,,,
g724,11.0,2026-11-14,UNLV,New Mexico,near_pick,Near pick’em game,,model spread UNLV -1.6,1.585,medium,1.415,,,,,,,,,,,,,,,,
g519,8.0,2026-10-24,Texas A&M,Alabama,near_pick,Near pick’em game,,model spread Alabama -1.6,1.6,medium,1.4,,,,,,,,,,,,,,,,
g813,12.0,2026-11-21,Washington State,Texas State,near_pick,Near pick’em game,,model spread Texas State -1.6,1.6,medium,1.4,,,,,,,,,,,,,,,,
g863,13.0,2026-11-28,Oklahoma,Missouri,near_pick,Near pick’em game,,model spread Oklahoma -1.6,1.645,medium,1.355,,,,,,,,,,,,,,,,
g553,8.0,2026-10-24,Louisiana,Southern Miss,near_pick,Near pick’em game,,model spread Louisiana -1.7,1.73,medium,1.27,,,,,,,,,,,,,,,,
g346,5.0,2026-10-03,Georgia Southern,Coastal Carolina,near_pick,Near pick’em game,,model spread Georgia Southern -1.7,1.745,medium,1.255,,,,,,,,,,,,,,,,
g786,12.0,2026-11-21,Western Kentucky,Liberty,near_pick,Near pick’em game,,model spread Liberty -1.8,1.75,medium,1.25,,,,,,,,,,,,,,,,
g644,10.0,2026-11-07,Marshall,Georgia Southern,near_pick,Near pick’em game,,model spread Georgia Southern -1.8,1.798,medium,1.202,,,,,,,,,,,,,,,,
g494,7.0,2026-10-17,Arkansas State,Southern Miss,near_pick,Near pick’em game,,model spread Arkansas State -1.8,1.808,medium,1.192,,,,,,,,,,,,,,,,
g756,12.0,2026-11-18,Central Michigan,Buffalo,near_pick,Near pick’em game,,model spread Buffalo -1.8,1.825,medium,1.175,,,,,,,,,,,,,,,,
g400,6.0,2026-10-10,Eastern Michigan,Akron,near_pick,Near pick’em game,,model spread Eastern Michigan -1.9,1.893,medium,1.107,,,,,,,,,,,,,,,,
g701,11.0,2026-11-14,Arizona State,Central Florida,near_pick,Near pick’em game,,model spread Arizona State -1.9,1.897,medium,1.103,,,,,,,,,,,,,,,,
g792,12.0,2026-11-21,Northwestern,Minnesota,near_pick,Near pick’em game,,model spread Minnesota -1.9,1.923,medium,1.077,,,,,,,,,,,,,,,,
g810,12.0,2026-11-21,Utah,TCU,near_pick,Near pick’em game,,model spread Utah -1.9,1.933,medium,1.067,,,,,,,,,,,,,,,,
g552,8.0,2026-10-24,Tennessee,South Carolina,near_pick,Near pick’em game,,model spread Tennessee -1.9,1.935,medium,1.065,,,,,,,,,,,,,,,,
g217,3.0,2026-09-19,Virginia Tech,Maryland,near_pick,Near pick’em game,,model spread Virginia Tech -1.9,1.95,medium,1.05,,,,,,,,,,,,,,,,
g279,4.0,2026-09-26,Ole Miss,Florida,near_pick,Near pick’em game,,model spread Ole Miss -1.9,1.95,medium,1.05,,,,,,,,,,,,,,,,
g123,2.0,2026-09-12,Buffalo,Florida International,near_pick,Near pick’em game,,model spread Florida International -2.0,1.958,medium,1.042,,,,,,,,,,,,,,,,
g36,1.0,2026-09-05,Wyoming,Colorado State,near_pick,Near pick’em game,,model spread Colorado State -2.0,1.995,medium,1.005,,,,,,,,,,,,,,,,
g704,11.0,2026-11-14,Arkansas State,Coastal Carolina,near_pick,Near pick’em game,,model spread Arkansas State -2.1,2.087,medium,0.9129999999999998,,,,,,,,,,,,,,,,
g642,10.0,2026-11-07,Oklahoma,Florida,near_pick,Near pick’em game,,model spread Oklahoma -2.1,2.095,medium,0.9049999999999998,,,,,,,,,,,,,,,,
g164,2.0,2026-09-12,California,Syracuse,near_pick,Near pick’em game,,model spread California -2.1,2.112,medium,0.8879999999999999,,,,,,,,,,,,,,,,
g446,6.0,2026-10-10,Iowa,Washington,near_pick,Near pick’em game,,model spread Washington -2.1,2.125,medium,0.875,,,,,,,,,,,,,,,,
g107,2.0,2026-09-12,South Florida,Army,near_pick,Near pick’em game,,model spread South Florida -2.1,2.127,medium,0.8730000000000002,,,,,,,,,,,,,,,,
g151,2.0,2026-09-12,UNLV,North Texas,near_pick,Near pick’em game,,model spread UNLV -2.2,2.155,medium,0.8450000000000002,,,,,,,,,,,,,,,,
g508,7.0,2026-10-17,Georgia Tech,Virginia Tech,near_pick,Near pick’em game,,model spread Virginia Tech -2.2,2.167,medium,0.8330000000000002,,,,,,,,,,,,,,,,
g681,10.0,2026-11-07,BYU,Utah,near_pick,Near pick’em game,,model spread Utah -2.2,2.183,medium,0.8170000000000002,,,,,,,,,,,,,,,,
g566,8.0,2026-10-24,Air Force,Wyoming,near_pick,Near pick’em game,,model spread Air Force -2.2,2.21,medium,0.79,,,,,,,,,,,,,,,,
g212,3.0,2026-09-19,Arizona State,Kansas,near_pick,Near pick’em game,,model spread Arizona State -2.2,2.223,medium,0.7770000000000001,,,,,,,,,,,,,,,,
g709,11.0,2026-11-14,North Dakota State,Hawaii,near_pick,Near pick’em game,,model spread Hawaii -2.2,2.239,medium,0.7610000000000001,,,,,,,,,,,,,,,,
g544,8.0,2026-10-24,San Jose State,Nevada,near_pick,Near pick’em game,,model spread Nevada -2.3,2.257,medium,0.7429999999999999,,,,,,,,,,,,,,,,
g858,13.0,2026-11-28,Louisville,Kentucky,near_pick,Near pick’em game,,model spread Louisville -2.3,2.26,medium,0.7400000000000002,,,,,,,,,,,,,,,,
g505,7.0,2026-10-17,San Jose State,UTEP,near_pick,Near pick’em game,,model spread San Jose State -2.3,2.285,medium,0.7149999999999999,,,,,,,,,,,,,,,,
g868,13.0,2026-11-28,UTEP,Northern Illinois,near_pick,Near pick’em game,,model spread Northern Illinois -2.3,2.288,medium,0.7120000000000002,,,,,,,,,,,,,,,,
g351,5.0,2026-10-03,Virginia,Florida State,near_pick,Near pick’em game,,model spread Florida State -2.3,2.29,medium,0.71,,,,,,,,,,,,,,,,
g668,10.0,2026-11-07,Texas State,Oregon State,near_pick,Near pick’em game,,model spread Texas State -2.3,2.308,medium,0.6920000000000002,,,,,,,,,,,,,,,,
g517,8.0,2026-10-22,East Carolina,Memphis,near_pick,Near pick’em game,,model spread Memphis -2.3,2.312,medium,0.6880000000000002,,,,,,,,,,,,,,,,
g652,10.0,2026-11-07,Alabama,LSU,near_pick,Near pick’em game,,model spread LSU -2.4,2.388,medium,0.6120000000000001,,,,,,,,,,,,,,,,
g4,0.0,2026-08-29,Hawaii,Stanford,near_pick,Near pick’em game,,model spread Stanford -2.4,2.42,medium,0.5800000000000001,,,,,,,,,,,,,,,,
g275,4.0,2026-09-26,Kansas State,Cincinnati,near_pick,Near pick’em game,,model spread Kansas State -2.4,2.44,medium,0.56,,,,,,,,,,,,,,,,
g441,6.0,2026-10-10,Nevada,UTEP,near_pick,Near pick’em game,,model spread Nevada -2.4,2.442,medium,0.5579999999999998,,,,,,,,,,,,,,,,
g245,3.0,2026-09-19,Connecticut,Southern Miss,near_pick,Near pick’em game,,model spread Connecticut -2.5,2.48,medium,0.52,,,,,,,,,,,,,,,,
g887,13.0,2026-11-28,Duke,Wake Forest,near_pick,Near pick’em game,,model spread Wake Forest -2.5,2.482,medium,0.5179999999999998,,,,,,,,,,,,,,,,
g438,6.0,2026-10-10,Connecticut,Temple,near_pick,Near pick’em game,,model spread Temple -2.5,2.495,medium,0.5049999999999999,,,,,,,,,,,,,,,,
g63,1.0,2026-09-05,Western Kentucky,Nevada,near_pick,Near pick’em game,,market spread Western Kentucky -2.5,2.5,medium,0.5,,,,,,,,,,,,,,,,
g761,12.0,2026-11-20,Iowa State,Central Florida,near_pick,Near pick’em game,,model spread Central Florida -2.5,2.505,medium,0.4950000000000001,,,,,,,,,,,,,,,,
g328,4.0,2026-09-26,Oklahoma State,West Virginia,near_pick,Near pick’em game,,model spread West Virginia -2.5,2.538,medium,0.4620000000000002,,,,,,,,,,,,,,,,
g875,13.0,2026-11-28,Michigan State,Rutgers,near_pick,Near pick’em game,,model spread Rutgers -2.6,2.592,medium,0.4079999999999999,,,,,,,,,,,,,,,,
g363,5.0,2026-10-03,Arkansas State,Louisiana,near_pick,Near pick’em game,,model spread Louisiana -2.6,2.623,medium,0.3769999999999998,,,,,,,,,,,,,,,,
g101,2.0,2026-09-11,Rutgers,Boston College,near_pick,Near pick’em game,,model spread Rutgers -2.6,2.627,medium,0.3730000000000002,,,,,,,,,,,,,,,,
g431,6.0,2026-10-10,Central Florida,Oklahoma State,near_pick,Near pick’em game,,model spread Oklahoma State -2.6,2.643,medium,0.3570000000000002,,,,,,,,,,,,,,,,
g389,5.0,2026-10-03,Fresno State,Washington State,near_pick,Near pick’em game,,model spread Washington State -2.6,2.645,medium,0.355,,,,,,,,,,,,,,,,
g726,11.0,2026-11-14,Nevada,Northern Illinois,near_pick,Near pick’em game,,model spread Nevada -2.7,2.655,medium,0.3450000000000002,,,,,,,,,,,,,,,,
g401,6.0,2026-10-10,Georgia,Alabama,near_pick,Near pick’em game,,model spread Georgia -2.7; market spread Georgia -3.0,2.663,medium,0.3370000000000002,,,,,,,,,,,,,,,,
g489,7.0,2026-10-17,Tulsa,Rice,near_pick,Near pick’em game,,model spread Tulsa -2.7,2.663,medium,0.3370000000000002,,,,,,,,,,,,,,,,
g318,4.0,2026-09-26,San Diego State,Toledo,near_pick,Near pick’em game,,model spread San Diego State -2.7,2.67,medium,0.33000000000000007,,,,,,,,,,,,,,,,
g739,11.0,2026-11-14,Kansas State,TCU,near_pick,Near pick’em game,,model spread TCU -2.7,2.717,medium,0.2829999999999999,,,,,,,,,,,,,,,,
g851,13.0,2026-11-28,Louisiana Tech,Georgia Southern,near_pick,Near pick’em game,,model spread Georgia Southern -2.7,2.73,medium,0.27,,,,,,,,,,,,,,,,
g784,12.0,2026-11-21,Arizona,Kansas State,near_pick,Near pick’em game,,model spread Kansas State -2.8,2.82,medium,0.18000000000000016,,,,,,,,,,,,,,,,
g523,8.0,2026-10-24,LSU,Auburn,near_pick,Near pick’em game,,model spread LSU -2.8,2.835,medium,0.16500000000000004,,,,,,,,,,,,,,,,
g890,13.0,2026-11-28,Minnesota,Wisconsin,near_pick,Near pick’em game,,model spread Wisconsin -2.9,2.86,medium,0.14000000000000012,,,,,,,,,,,,,,,,
g625,10.0,2026-11-04,Central Michigan,Eastern Michigan,near_pick,Near pick’em game,,model spread Central Michigan -2.9,2.875,medium,0.125,,,,,,,,,,,,,,,,
g714,11.0,2026-11-14,Texas,LSU,near_pick,Near pick’em game,,model spread Texas -2.9,2.877,medium,0.12300000000000022,,,,,,,,,,,,,,,,
g221,3.0,2026-09-19,Nevada,Middle Tennessee,near_pick,Near pick’em game,,model spread Nevada -2.9,2.902,medium,0.09799999999999986,,,,,,,,,,,,,,,,
g545,8.0,2026-10-24,North Dakota State,New Mexico,near_pick,Near pick’em game,,model spread New Mexico -2.9,2.926,medium,0.07399999999999984,,,,,,,,,,,,,,,,
g759,12.0,2026-11-19,Arkansas State,Louisiana Tech,near_pick,Near pick’em game,,model spread Louisiana Tech -2.9,2.928,medium,0.07200000000000006,,,,,,,,,,,,,,,,
g656,10.0,2026-11-07,UCLA,Minnesota,near_pick,Near pick’em game,,model spread Minnesota -2.9,2.93,medium,0.06999999999999984,,,,,,,,,,,,,,,,
g369,5.0,2026-10-03,Florida,Missouri,near_pick,Near pick’em game,,model spread Missouri -3.0,2.95,medium,0.04999999999999982,,,,,,,,,,,,,,,,
g869,13.0,2026-11-28,Illinois,Northwestern,near_pick,Near pick’em game,,model spread Illinois -3.0,2.955,medium,0.04499999999999993,,,,,,,,,,,,,,,,
g178,,2026-09-12,Delaware,Vanderbilt,rp_support,Returning production study,Delaware,"Delaware triggers High Overall RP vs Low Overall RP vs Vanderbilt. 2026 RP: Delaware overall 62.0% #25, off 62.0% #38, def 62.0% #24. Opponent RP: overall 44.0% #106, off 38.0% #115, def 49.0% #80. Projected role: Underdog. 2023–25 early-season High Overall RP vs Low Overall RP Underdogs: 2-7-0 ATS, 22.2%, -5.10 ATS margin over 9 games.",5.097222222222222,low,5.097222222222222,Returning Production,High Overall RP vs Low Overall RP,Spread,Full Game,Vanderbilt,Delaware,Fade,Low,Delaware returning production edge,"Delaware triggers High Overall RP vs Low Overall RP vs Vanderbilt. 2026 RP: Delaware overall 62.0% #25, off 62.0% #38, def 62.0% #24. Opponent RP: overall 44.0% #106, off 38.0% #115, def 49.0% #80. Projected role: Underdog. 2023–25 early-season High Overall RP vs Low Overall RP Underdogs: 2-7-0 ATS, 22.2%, -5.10 ATS margin over 9 games.","2023–25 early-season High Overall RP vs Low Overall RP Underdogs: 2-7-0 ATS, 22.2%, -5.10 ATS margin over 9 games",2026 Bill Connelly/SP+ RP + 2023–25 SP+ RP historical backtest with CFBD lines,9.0,2-7-0,0.2222222222222222,-5.097222222222222
g104,,2026-09-12,North Dakota State,Air Force,rp_support,Returning production study,North Dakota State,"North Dakota State triggers High Defense RP vs Low Offense RP vs Air Force. 2026 RP: North Dakota State overall 52.0% #65, off 45.0% #97, def 60.0% #34. Opponent RP: overall 59.0% #37, off 42.0% #108, def 75.0% #3. Projected role: Underdog. 2023–25 early-season High Defense RP vs Low Offense RP Underdogs: 4-8-1 ATS, 33.3%, -4.45 ATS margin over 13 games.",4.445512820512821,low,4.445512820512821,Returning Production,High Defense RP vs Low Offense RP,Spread,Full Game,Air Force,North Dakota State,Fade,Low,North Dakota State returning production edge,"North Dakota State triggers High Defense RP vs Low Offense RP vs Air Force. 2026 RP: North Dakota State overall 52.0% #65, off 45.0% #97, def 60.0% #34. Opponent RP: overall 59.0% #37, off 42.0% #108, def 75.0% #3. Projected role: Underdog. 2023–25 early-season High Defense RP vs Low Offense RP Underdogs: 4-8-1 ATS, 33.3%, -4.45 ATS margin over 13 games.","2023–25 early-season High Defense RP vs Low Offense RP Underdogs: 4-8-1 ATS, 33.3%, -4.45 ATS margin over 13 games",2026 Bill Connelly/SP+ RP + 2023–25 SP+ RP historical backtest with CFBD lines,13.0,4-8-1,0.3333333333333333,-4.445512820512821
g122,,2026-09-12,Navy,Florida Atlantic,rp_support,Returning production study,Florida Atlantic,"Florida Atlantic triggers High Defense RP vs Low Offense RP vs Navy. 2026 RP: Florida Atlantic overall 64.0% #19, off 62.0% #34, def 65.0% #14. Opponent RP: overall 47.0% #93, off 33.0% #121, def 61.0% #31. Projected role: Underdog. 2023–25 early-season High Defense RP vs Low Offense RP Underdogs: 4-8-1 ATS, 33.3%, -4.45 ATS margin over 13 games.",4.445512820512821,low,4.445512820512821,Returning Production,High Defense RP vs Low Offense RP,Spread,Full Game,Navy,Florida Atlantic,Fade,Low,Florida Atlantic returning production edge,"Florida Atlantic triggers High Defense RP vs Low Offense RP vs Navy. 2026 RP: Florida Atlantic overall 64.0% #19, off 62.0% #34, def 65.0% #14. Opponent RP: overall 47.0% #93, off 33.0% #121, def 61.0% #31. Projected role: Underdog. 2023–25 early-season High Defense RP vs Low Offense RP Underdogs: 4-8-1 ATS, 33.3%, -4.45 ATS margin over 13 games.","2023–25 early-season High Defense RP vs Low Offense RP Underdogs: 4-8-1 ATS, 33.3%, -4.45 ATS margin over 13 games",2026 Bill Connelly/SP+ RP + 2023–25 SP+ RP historical backtest with CFBD lines,13.0,4-8-1,0.3333333333333333,-4.445512820512821
g265,,2026-09-26,South Carolina,Alabama,rp_support,Returning production study,South Carolina,"South Carolina triggers High Defense RP vs Low Offense RP vs Alabama. 2026 RP: South Carolina overall 68.0% #5, off 76.0% #2, def 61.0% #30. Opponent RP: overall 48.0% #90, off 35.0% #119, def 61.0% #32. Projected role: Underdog. 2023–25 early-season High Defense RP vs Low Offense RP Underdogs: 4-8-1 ATS, 33.3%, -4.45 ATS margin over 13 games.",4.445512820512821,low,4.445512820512821,Returning Production,High Defense RP vs Low Offense RP,Spread,Full Game,Alabama,South Carolina,Fade,Low,South Carolina returning production edge,"South Carolina triggers High Defense RP vs Low Offense RP vs Alabama. 2026 RP: South Carolina overall 68.0% #5, off 76.0% #2, def 61.0% #30. Opponent RP: overall 48.0% #90, off 35.0% #119, def 61.0% #32. Projected role: Underdog. 2023–25 early-season High Defense RP vs Low Offense RP Underdogs: 4-8-1 ATS, 33.3%, -4.45 ATS margin over 13 games.","2023–25 early-season High Defense RP vs Low Offense RP Underdogs: 4-8-1 ATS, 33.3%, -4.45 ATS margin over 13 games",2026 Bill Connelly/SP+ RP + 2023–25 SP+ RP historical backtest with CFBD lines,13.0,4-8-1,0.3333333333333333,-4.445512820512821
g313,,2026-09-26,Georgia Tech,Stanford,rp_support,Returning production study,Stanford,"Stanford triggers High Defense RP vs Low Offense RP vs Georgia Tech. 2026 RP: Stanford overall 60.0% #33, off 58.0% #54, def 62.0% #21. Opponent RP: overall 49.0% #79, off 37.0% #117, def 61.0% #28. Projected role: Underdog. 2023–25 early-season High Defense RP vs Low Offense RP Underdogs: 4-8-1 ATS, 33.3%, -4.45 ATS margin over 13 games.",4.445512820512821,low,4.445512820512821,Returning Production,High Defense RP vs Low Offense RP,Spread,Full Game,Georgia Tech,Stanford,Fade,Low,Stanford returning production edge,"Stanford triggers High Defense RP vs Low Offense RP vs Georgia Tech. 2026 RP: Stanford overall 60.0% #33, off 58.0% #54, def 62.0% #21. Opponent RP: overall 49.0% #79, off 37.0% #117, def 61.0% #28. Projected role: Underdog. 2023–25 early-season High Defense RP vs Low Offense RP Underdogs: 4-8-1 ATS, 33.3%, -4.45 ATS margin over 13 games.","2023–25 early-season High Defense RP vs Low Offense RP Underdogs: 4-8-1 ATS, 33.3%, -4.45 ATS margin over 13 games",2026 Bill Connelly/SP+ RP + 2023–25 SP+ RP historical backtest with CFBD lines,13.0,4-8-1,0.3333333333333333,-4.445512820512821
g46,,2026-09-05,Northern Illinois,Iowa,rp_support,Returning production study,Northern Illinois,"Northern Illinois triggers High Offense RP vs Low Defense RP vs Iowa. 2026 RP: Northern Illinois overall 48.0% #85, off 68.0% #15, def 28.0% #132. Opponent RP: overall 44.0% #104, off 48.0% #84, def 40.0% #105. Projected role: Underdog. 2023–25 early-season High Offense RP vs Low Defense RP Underdogs: 8-5-0 ATS, 61.5%, +2.52 ATS margin over 13 games.",2.5243589743589747,low,2.5243589743589747,Returning Production,High Offense RP vs Low Defense RP,Spread,Full Game,Iowa,Northern Illinois,Watch,Low,Northern Illinois returning production edge,"Northern Illinois triggers High Offense RP vs Low Defense RP vs Iowa. 2026 RP: Northern Illinois overall 48.0% #85, off 68.0% #15, def 28.0% #132. Opponent RP: overall 44.0% #104, off 48.0% #84, def 40.0% #105. Projected role: Underdog. 2023–25 early-season High Offense RP vs Low Defense RP Underdogs: 8-5-0 ATS, 61.5%, +2.52 ATS margin over 13 games.","2023–25 early-season High Offense RP vs Low Defense RP Underdogs: 8-5-0 ATS, 61.5%, +2.52 ATS margin over 13 games",2026 Bill Connelly/SP+ RP + 2023–25 SP+ RP historical backtest with CFBD lines,13.0,8-5-0,0.6153846153846154,2.5243589743589747
g173,,2026-09-12,UL-Monroe,UAB,rp_support,Returning production study,UL-Monroe,"UL-Monroe triggers High Offense RP vs Low Defense RP vs UAB. 2026 RP: UL-Monroe overall 51.0% #68, off 63.0% #33, def 40.0% #106. Opponent RP: overall 35.0% #125, off 32.0% #123, def 38.0% #114. Projected role: Underdog. 2023–25 early-season High Offense RP vs Low Defense RP Underdogs: 8-5-0 ATS, 61.5%, +2.52 ATS margin over 13 games.",2.5243589743589747,low,2.5243589743589747,Returning Production,High Offense RP vs Low Defense RP,Spread,Full Game,UAB,UL-Monroe,Watch,Low,UL-Monroe returning production edge,"UL-Monroe triggers High Offense RP vs Low Defense RP vs UAB. 2026 RP: UL-Monroe overall 51.0% #68, off 63.0% #33, def 40.0% #106. Opponent RP: overall 35.0% #125, off 32.0% #123, def 38.0% #114. Projected role: Underdog. 2023–25 early-season High Offense RP vs Low Defense RP Underdogs: 8-5-0 ATS, 61.5%, +2.52 ATS margin over 13 games.","2023–25 early-season High Offense RP vs Low Defense RP Underdogs: 8-5-0 ATS, 61.5%, +2.52 ATS margin over 13 games",2026 Bill Connelly/SP+ RP + 2023–25 SP+ RP historical backtest with CFBD lines,13.0,8-5-0,0.6153846153846154,2.5243589743589747
g7,,2026-08-29,San Jose State,USC,rp_support,Returning production study,USC,"USC triggers High Offense RP vs Low Defense RP vs San Jose State. 2026 RP: USC overall 65.0% #13, off 67.0% #22, def 64.0% #16. Opponent RP: overall 24.0% #137, off 24.0% #133, def 23.0% #137. Projected role: Favorite. 2023–25 early-season High Offense RP vs Low Defense RP Favorites: 18-17-0 ATS, 51.4%, +1.26 ATS margin over 35 games.",1.2552380952380953,high,1.2552380952380953,Returning Production,High Offense RP vs Low Defense RP,Spread,Full Game,San Jose State,USC,Medium,High,USC returning production edge,"USC triggers High Offense RP vs Low Defense RP vs San Jose State. 2026 RP: USC overall 65.0% #13, off 67.0% #22, def 64.0% #16. Opponent RP: overall 24.0% #137, off 24.0% #133, def 23.0% #137. Projected role: Favorite. 2023–25 early-season High Offense RP vs Low Defense RP Favorites: 18-17-0 ATS, 51.4%, +1.26 ATS margin over 35 games.","2023–25 early-season High Offense RP vs Low Defense RP Favorites: 18-17-0 ATS, 51.4%, +1.26 ATS margin over 35 games",2026 Bill Connelly/SP+ RP + 2023–25 SP+ RP historical backtest with CFBD lines,35.0,18-17-0,0.5142857142857142,1.2552380952380953
g68,,2026-09-05,Ball State,Ohio State,rp_support,Returning production study,Ohio State,"Ohio State triggers High Offense RP vs Low Defense RP vs Ball State. 2026 RP: Ohio State overall 60.0% #31, off 71.0% #8, def 50.0% #78. Opponent RP: overall 36.0% #123, off 47.0% #89, def 24.0% #136. Projected role: Favorite. 2023–25 early-season High Offense RP vs Low Defense RP Favorites: 18-17-0 ATS, 51.4%, +1.26 ATS margin over 35 games.",1.2552380952380953,high,1.2552380952380953,Returning Production,High Offense RP vs Low Defense RP,Spread,Full Game,Ball State,Ohio State,Medium,High,Ohio State returning production edge,"Ohio State triggers High Offense RP vs Low Defense RP vs Ball State. 2026 RP: Ohio State overall 60.0% #31, off 71.0% #8, def 50.0% #78. Opponent RP: overall 36.0% #123, off 47.0% #89, def 24.0% #136. Projected role: Favorite. 2023–25 early-season High Offense RP vs Low Defense RP Favorites: 18-17-0 ATS, 51.4%, +1.26 ATS margin over 35 games.","2023–25 early-season High Offense RP vs Low Defense RP Favorites: 18-17-0 ATS, 51.4%, +1.26 ATS margin over 35 games",2026 Bill Connelly/SP+ RP + 2023–25 SP+ RP historical backtest with CFBD lines,35.0,18-17-0,0.5142857142857142,1.2552380952380953
g95,,2026-09-05,Washington State,Washington,rp_support,Returning production study,Washington,"Washington triggers High Offense RP vs Low Defense RP vs Washington State. 2026 RP: Washington overall 65.0% #15, off 69.0% #13, def 61.0% #27. Opponent RP: overall 42.0% #109, off 48.0% #86, def 36.0% #121. Projected role: Favorite. 2023–25 early-season High Offense RP vs Low Defense RP Favorites: 18-17-0 ATS, 51.4%, +1.26 ATS margin over 35 games.",1.2552380952380953,high,1.2552380952380953,Returning Production,High Offense RP vs Low Defense RP,Spread,Full Game,Washington State,Washington,Medium,High,Washington returning production edge,"Washington triggers High Offense RP vs Low Defense RP vs Washington State. 2026 RP: Washington overall 65.0% #15, off 69.0% #13, def 61.0% #27. Opponent RP: overall 42.0% #109, off 48.0% #86, def 36.0% #121. Projected role: Favorite. 2023–25 early-season High Offense RP vs Low Defense RP Favorites: 18-17-0 ATS, 51.4%, +1.26 ATS margin over 35 games.","2023–25 early-season High Offense RP vs Low Defense RP Favorites: 18-17-0 ATS, 51.4%, +1.26 ATS margin over 35 games",2026 Bill Connelly/SP+ RP + 2023–25 SP+ RP historical backtest with CFBD lines,35.0,18-17-0,0.5142857142857142,1.2552380952380953
g64,,2026-09-05,Central Michigan,New Mexico,rp_support,Returning production study,New Mexico,"New Mexico triggers High Offense RP vs Low Defense RP vs Central Michigan. 2026 RP: New Mexico overall 63.0% #21, off 68.0% #16, def 58.0% #40. Opponent RP: overall 46.0% #100, off 62.0% #36, def 29.0% #131. Projected role: Favorite. 2023–25 early-season High Offense RP vs Low Defense RP Favorites: 18-17-0 ATS, 51.4%, +1.26 ATS margin over 35 games.",1.2552380952380953,high,1.2552380952380953,Returning Production,High Offense RP vs Low Defense RP,Spread,Full Game,Central Michigan,New Mexico,Medium,High,New Mexico returning production edge,"New Mexico triggers High Offense RP vs Low Defense RP vs Central Michigan. 2026 RP: New Mexico overall 63.0% #21, off 68.0% #16, def 58.0% #40. Opponent RP: overall 46.0% #100, off 62.0% #36, def 29.0% #131. Projected role: Favorite. 2023–25 early-season High Offense RP vs Low Defense RP Favorites: 18-17-0 ATS, 51.4%, +1.26 ATS margin over 35 games.","2023–25 early-season High Offense RP vs Low Defense RP Favorites: 18-17-0 ATS, 51.4%, +1.26 ATS margin over 35 games",2026 Bill Connelly/SP+ RP + 2023–25 SP+ RP historical backtest with CFBD lines,35.0,18-17-0,0.5142857142857142,1.2552380952380953
g79,,2026-09-05,Kent State,South Carolina,rp_support,Returning production study,South Carolina,"South Carolina triggers High Offense RP vs Low Defense RP vs Kent State. 2026 RP: South Carolina overall 68.0% #5, off 76.0% #2, def 61.0% #30. Opponent RP: overall 48.0% #87, off 57.0% #56, def 39.0% #108. Projected role: Favorite. 2023–25 early-season High Offense RP vs Low Defense RP Favorites: 18-17-0 ATS, 51.4%, +1.26 ATS margin over 35 games.",1.2552380952380953,high,1.2552380952380953,Returning Production,High Offense RP vs Low Defense RP,Spread,Full Game,Kent State,South Carolina,Medium,High,South Carolina returning production edge,"South Carolina triggers High Offense RP vs Low Defense RP vs Kent State. 2026 RP: South Carolina overall 68.0% #5, off 76.0% #2, def 61.0% #30. Opponent RP: overall 48.0% #87, off 57.0% #56, def 39.0% #108. Projected role: Favorite. 2023–25 early-season High Offense RP vs Low Defense RP Favorites: 18-17-0 ATS, 51.4%, +1.26 ATS margin over 35 games.","2023–25 early-season High Offense RP vs Low Defense RP Favorites: 18-17-0 ATS, 51.4%, +1.26 ATS margin over 35 games",2026 Bill Connelly/SP+ RP + 2023–25 SP+ RP historical backtest with CFBD lines,35.0,18-17-0,0.5142857142857142,1.2552380952380953
g119,,2026-09-12,Maryland,Connecticut,rp_support,Returning production study,Maryland,"Maryland triggers High Offense RP vs Low Defense RP vs Connecticut. 2026 RP: Maryland overall 71.0% #2, off 68.0% #17, def 74.0% #4. Opponent RP: overall 31.0% #134, off 25.0% #131, def 37.0% #117. Projected role: Favorite. 2023–25 early-season High Offense RP vs Low Defense RP Favorites: 18-17-0 ATS, 51.4%, +1.26 ATS margin over 35 games.",1.2552380952380953,high,1.2552380952380953,Returning Production,High Offense RP vs Low Defense RP,Spread,Full Game,Connecticut,Maryland,Medium,High,Maryland returning production edge,"Maryland triggers High Offense RP vs Low Defense RP vs Connecticut. 2026 RP: Maryland overall 71.0% #2, off 68.0% #17, def 74.0% #4. Opponent RP: overall 31.0% #134, off 25.0% #131, def 37.0% #117. Projected role: Favorite. 2023–25 early-season High Offense RP vs Low Defense RP Favorites: 18-17-0 ATS, 51.4%, +1.26 ATS margin over 35 games.","2023–25 early-season High Offense RP vs Low Defense RP Favorites: 18-17-0 ATS, 51.4%, +1.26 ATS margin over 35 games",2026 Bill Connelly/SP+ RP + 2023–25 SP+ RP historical backtest with CFBD lines,35.0,18-17-0,0.5142857142857142,1.2552380952380953
g125,,2026-09-12,Western Kentucky,Georgia,rp_support,Returning production study,Georgia,"Georgia triggers High Offense RP vs Low Defense RP vs Western Kentucky. 2026 RP: Georgia overall 68.0% #8, off 63.0% #32, def 72.0% #5. Opponent RP: overall 32.0% #133, off 37.0% #118, def 26.0% #134. Projected role: Favorite. 2023–25 early-season High Offense RP vs Low Defense RP Favorites: 18-17-0 ATS, 51.4%, +1.26 ATS margin over 35 games.",1.2552380952380953,high,1.2552380952380953,Returning Production,High Offense RP vs Low Defense RP,Spread,Full Game,Western Kentucky,Georgia,Medium,High,Georgia returning production edge,"Georgia triggers High Offense RP vs Low Defense RP vs Western Kentucky. 2026 RP: Georgia overall 68.0% #8, off 63.0% #32, def 72.0% #5. Opponent RP: overall 32.0% #133, off 37.0% #118, def 26.0% #134. Projected role: Favorite. 2023–25 early-season High Offense RP vs Low Defense RP Favorites: 18-17-0 ATS, 51.4%, +1.26 ATS margin over 35 games.","2023–25 early-season High Offense RP vs Low Defense RP Favorites: 18-17-0 ATS, 51.4%, +1.26 ATS margin over 35 games",2026 Bill Connelly/SP+ RP + 2023–25 SP+ RP historical backtest with CFBD lines,35.0,18-17-0,0.5142857142857142,1.2552380952380953
g147,,2026-09-12,Bowling Green,Nebraska,rp_support,Returning production study,Nebraska,"Nebraska triggers High Offense RP vs Low Defense RP vs Bowling Green. 2026 RP: Nebraska overall 69.0% #3, off 69.0% #14, def 69.0% #7. Opponent RP: overall 35.0% #124, off 32.0% #124, def 38.0% #112. Projected role: Favorite. 2023–25 early-season High Offense RP vs Low Defense RP Favorites: 18-17-0 ATS, 51.4%, +1.26 ATS margin over 35 games.",1.2552380952380953,high,1.2552380952380953,Returning Production,High Offense RP vs Low Defense RP,Spread,Full Game,Bowling Green,Nebraska,Medium,High,Nebraska returning production edge,"Nebraska triggers High Offense RP vs Low Defense RP vs Bowling Green. 2026 RP: Nebraska overall 69.0% #3, off 69.0% #14, def 69.0% #7. Opponent RP: overall 35.0% #124, off 32.0% #124, def 38.0% #112. Projected role: Favorite. 2023–25 early-season High Offense RP vs Low Defense RP Favorites: 18-17-0 ATS, 51.4%, +1.26 ATS margin over 35 games.","2023–25 early-season High Offense RP vs Low Defense RP Favorites: 18-17-0 ATS, 51.4%, +1.26 ATS margin over 35 games",2026 Bill Connelly/SP+ RP + 2023–25 SP+ RP historical backtest with CFBD lines,35.0,18-17-0,0.5142857142857142,1.2552380952380953
g153,,2026-09-12,Rice,Notre Dame,rp_support,Returning production study,Notre Dame,"Notre Dame triggers High Offense RP vs Low Defense RP vs Rice. 2026 RP: Notre Dame overall 72.0% #1, off 67.0% #19, def 77.0% #2. Opponent RP: overall 39.0% #120, off 40.0% #113, def 38.0% #113. Projected role: Favorite. 2023–25 early-season High Offense RP vs Low Defense RP Favorites: 18-17-0 ATS, 51.4%, +1.26 ATS margin over 35 games.",1.2552380952380953,high,1.2552380952380953,Returning Production,High Offense RP vs Low Defense RP,Spread,Full Game,Rice,Notre Dame,Medium,High,Notre Dame returning production edge,"Notre Dame triggers High Offense RP vs Low Defense RP vs Rice. 2026 RP: Notre Dame overall 72.0% #1, off 67.0% #19, def 77.0% #2. Opponent RP: overall 39.0% #120, off 40.0% #113, def 38.0% #113. Projected role: Favorite. 2023–25 early-season High Offense RP vs Low Defense RP Favorites: 18-17-0 ATS, 51.4%, +1.26 ATS margin over 35 games.","2023–25 early-season High Offense RP vs Low Defense RP Favorites: 18-17-0 ATS, 51.4%, +1.26 ATS margin over 35 games",2026 Bill Connelly/SP+ RP + 2023–25 SP+ RP historical backtest with CFBD lines,35.0,18-17-0,0.5142857142857142,1.2552380952380953
g107,,2026-09-12,South Florida,Army,rp_support,Returning production study,Army,"Army triggers High Offense RP vs Low Defense RP vs South Florida. 2026 RP: Army overall 50.0% #74, off 67.0% #18, def 33.0% #127. Opponent RP: overall 41.0% #113, off 47.0% #90, def 36.0% #122. Projected role: Favorite. 2023–25 early-season High Offense RP vs Low Defense RP Favorites: 18-17-0 ATS, 51.4%, +1.26 ATS margin over 35 games.",1.2552380952380953,high,1.2552380952380953,Returning Production,High Offense RP vs Low Defense RP,Spread,Full Game,South Florida,Army,Medium,High,Army returning production edge,"Army triggers High Offense RP vs Low Defense RP vs South Florida. 2026 RP: Army overall 50.0% #74, off 67.0% #18, def 33.0% #127. Opponent RP: overall 41.0% #113, off 47.0% #90, def 36.0% #122. Projected role: Favorite. 2023–25 early-season High Offense RP vs Low Defense RP Favorites: 18-17-0 ATS, 51.4%, +1.26 ATS margin over 35 games.","2023–25 early-season High Offense RP vs Low Defense RP Favorites: 18-17-0 ATS, 51.4%, +1.26 ATS margin over 35 games",2026 Bill Connelly/SP+ RP + 2023–25 SP+ RP historical backtest with CFBD lines,35.0,18-17-0,0.5142857142857142,1.2552380952380953
g133,,2026-09-12,Washington State,Kansas State,rp_support,Returning production study,Kansas State,"Kansas State triggers High Offense RP vs Low Defense RP vs Washington State. 2026 RP: Kansas State overall 58.0% #38, off 65.0% #25, def 51.0% #73. Opponent RP: overall 42.0% #109, off 48.0% #86, def 36.0% #121. Projected role: Favorite. 2023–25 early-season High Offense RP vs Low Defense RP Favorites: 18-17-0 ATS, 51.4%, +1.26 ATS margin over 35 games.",1.2552380952380953,high,1.2552380952380953,Returning Production,High Offense RP vs Low Defense RP,Spread,Full Game,Washington State,Kansas State,Medium,High,Kansas State returning production edge,"Kansas State triggers High Offense RP vs Low Defense RP vs Washington State. 2026 RP: Kansas State overall 58.0% #38, off 65.0% #25, def 51.0% #73. Opponent RP: overall 42.0% #109, off 48.0% #86, def 36.0% #121. Projected role: Favorite. 2023–25 early-season High Offense RP vs Low Defense RP Favorites: 18-17-0 ATS, 51.4%, +1.26 ATS margin over 35 games.","2023–25 early-season High Offense RP vs Low Defense RP Favorites: 18-17-0 ATS, 51.4%, +1.26 ATS margin over 35 games",2026 Bill Connelly/SP+ RP + 2023–25 SP+ RP historical backtest with CFBD lines,35.0,18-17-0,0.5142857142857142,1.2552380952380953
g222,,2026-09-19,Akron,Minnesota,rp_support,Returning production study,Minnesota,"Minnesota triggers High Offense RP vs Low Defense RP vs Akron. 2026 RP: Minnesota overall 68.0% #7, off 71.0% #10, def 65.0% #12. Opponent RP: overall 40.0% #115, off 44.0% #103, def 37.0% #119. Projected role: Favorite. 2023–25 early-season High Offense RP vs Low Defense RP Favorites: 18-17-0 ATS, 51.4%, +1.26 ATS margin over 35 games.",1.2552380952380953,high,1.2552380952380953,Returning Production,High Offense RP vs Low Defense RP,Spread,Full Game,Akron,Minnesota,Medium,High,Minnesota returning production edge,"Minnesota triggers High Offense RP vs Low Defense RP vs Akron. 2026 RP: Minnesota overall 68.0% #7, off 71.0% #10, def 65.0% #12. Opponent RP: overall 40.0% #115, off 44.0% #103, def 37.0% #119. Projected role: Favorite. 2023–25 early-season High Offense RP vs Low Defense RP Favorites: 18-17-0 ATS, 51.4%, +1.26 ATS margin over 35 games.","2023–25 early-season High Offense RP vs Low Defense RP Favorites: 18-17-0 ATS, 51.4%, +1.26 ATS margin over 35 games",2026 Bill Connelly/SP+ RP + 2023–25 SP+ RP historical backtest with CFBD lines,35.0,18-17-0,0.5142857142857142,1.2552380952380953
g240,,2026-09-19,James Madison,San Diego State,rp_support,Returning production study,San Diego State,"San Diego State triggers High Offense RP vs Low Defense RP vs James Madison. 2026 RP: San Diego State overall 59.0% #34, off 76.0% #1, def 43.0% #100. Opponent RP: overall 30.0% #136, off 27.0% #128, def 32.0% #130. Projected role: Favorite. 2023–25 early-season High Offense RP vs Low Defense RP Favorites: 18-17-0 ATS, 51.4%, +1.26 ATS margin over 35 games.",1.2552380952380953,high,1.2552380952380953,Returning Production,High Offense RP vs Low Defense RP,Spread,Full Game,James Madison,San Diego State,Medium,High,San Diego State returning production edge,"San Diego State triggers High Offense RP vs Low Defense RP vs James Madison. 2026 RP: San Diego State overall 59.0% #34, off 76.0% #1, def 43.0% #100. Opponent RP: overall 30.0% #136, off 27.0% #128, def 32.0% #130. Projected role: Favorite. 2023–25 early-season High Offense RP vs Low Defense RP Favorites: 18-17-0 ATS, 51.4%, +1.26 ATS margin over 35 games.","2023–25 early-season High Offense RP vs Low Defense RP Favorites: 18-17-0 ATS, 51.4%, +1.26 ATS margin over 35 games",2026 Bill Connelly/SP+ RP + 2023–25 SP+ RP historical backtest with CFBD lines,35.0,18-17-0,0.5142857142857142,1.2552380952380953
g191,,2026-09-19,Northern Illinois,Arizona,rp_support,Returning production study,Arizona,"Arizona triggers High Offense RP vs Low Defense RP vs Northern Illinois. 2026 RP: Arizona overall 60.0% #32, off 66.0% #24, def 55.0% #56. Opponent RP: overall 48.0% #85, off 68.0% #15, def 28.0% #132. Projected role: Favorite. 2023–25 early-season High Offense RP vs Low Defense RP Favorites: 18-17-0 ATS, 51.4%, +1.26 ATS margin over 35 games.",1.2552380952380953,high,1.2552380952380953,Returning Production,High Offense RP vs Low Defense RP,Spread,Full Game,Northern Illinois,Arizona,Medium,High,Arizona returning production edge,"Arizona triggers High Offense RP vs Low Defense RP vs Northern Illinois. 2026 RP: Arizona overall 60.0% #32, off 66.0% #24, def 55.0% #56. Opponent RP: overall 48.0% #85, off 68.0% #15, def 28.0% #132. Projected role: Favorite. 2023–25 early-season High Offense RP vs Low Defense RP Favorites: 18-17-0 ATS, 51.4%, +1.26 ATS margin over 35 games.","2023–25 early-season High Offense RP vs Low Defense RP Favorites: 18-17-0 ATS, 51.4%, +1.26 ATS margin over 35 games",2026 Bill Connelly/SP+ RP + 2023–25 SP+ RP historical backtest with CFBD lines,35.0,18-17-0,0.5142857142857142,1.2552380952380953
g214,,2026-09-19,Ball State,Liberty,rp_support,Returning production study,Liberty,"Liberty triggers High Offense RP vs Low Defense RP vs Ball State. 2026 RP: Liberty overall 57.0% #49, off 64.0% #29, def 50.0% #77. Opponent RP: overall 36.0% #123, off 47.0% #89, def 24.0% #136. Projected role: Favorite. 2023–25 early-season High Offense RP vs Low Defense RP Favorites: 18-17-0 ATS, 51.4%, +1.26 ATS margin over 35 games.",1.2552380952380953,high,1.2552380952380953,Returning Production,High Offense RP vs Low Defense RP,Spread,Full Game,Ball State,Liberty,Medium,High,Liberty returning production edge,"Liberty triggers High Offense RP vs Low Defense RP vs Ball State. 2026 RP: Liberty overall 57.0% #49, off 64.0% #29, def 50.0% #77. Opponent RP: overall 36.0% #123, off 47.0% #89, def 24.0% #136. Projected role: Favorite. 2023–25 early-season High Offense RP vs Low Defense RP Favorites: 18-17-0 ATS, 51.4%, +1.26 ATS margin over 35 games.","2023–25 early-season High Offense RP vs Low Defense RP Favorites: 18-17-0 ATS, 51.4%, +1.26 ATS margin over 35 games",2026 Bill Connelly/SP+ RP + 2023–25 SP+ RP historical backtest with CFBD lines,35.0,18-17-0,0.5142857142857142,1.2552380952380953
g228,,2026-09-19,Kent State,Ohio State,rp_support,Returning production study,Ohio State,"Ohio State triggers High Offense RP vs Low Defense RP vs Kent State. 2026 RP: Ohio State overall 60.0% #31, off 71.0% #8, def 50.0% #78. Opponent RP: overall 48.0% #87, off 57.0% #56, def 39.0% #108. Projected role: Favorite. 2023–25 early-season High Offense RP vs Low Defense RP Favorites: 18-17-0 ATS, 51.4%, +1.26 ATS margin over 35 games.",1.2552380952380953,high,1.2552380952380953,Returning Production,High Offense RP vs Low Defense RP,Spread,Full Game,Kent State,Ohio State,Medium,High,Ohio State returning production edge,"Ohio State triggers High Offense RP vs Low Defense RP vs Kent State. 2026 RP: Ohio State overall 60.0% #31, off 71.0% #8, def 50.0% #78. Opponent RP: overall 48.0% #87, off 57.0% #56, def 39.0% #108. Projected role: Favorite. 2023–25 early-season High Offense RP vs Low Defense RP Favorites: 18-17-0 ATS, 51.4%, +1.26 ATS margin over 35 games.","2023–25 early-season High Offense RP vs Low Defense RP Favorites: 18-17-0 ATS, 51.4%, +1.26 ATS margin over 35 games",2026 Bill Connelly/SP+ RP + 2023–25 SP+ RP historical backtest with CFBD lines,35.0,18-17-0,0.5142857142857142,1.2552380952380953
g250,,2026-09-19,North Texas,Texas State,rp_support,Returning production study,Texas State,"Texas State triggers High Offense RP vs Low Defense RP vs North Texas. 2026 RP: Texas State overall 56.0% #51, off 70.0% #12, def 43.0% #98. Opponent RP: overall 32.0% #132, off 28.0% #126, def 35.0% #124. Projected role: Favorite. 2023–25 early-season High Offense RP vs Low Defense RP Favorites: 18-17-0 ATS, 51.4%, +1.26 ATS margin over 35 games.",1.2552380952380953,high,1.2552380952380953,Returning Production,High Offense RP vs Low Defense RP,Spread,Full Game,North Texas,Texas State,Medium,High,Texas State returning production edge,"Texas State triggers High Offense RP vs Low Defense RP vs North Texas. 2026 RP: Texas State overall 56.0% #51, off 70.0% #12, def 43.0% #98. Opponent RP: overall 32.0% #132, off 28.0% #126, def 35.0% #124. Projected role: Favorite. 2023–25 early-season High Offense RP vs Low Defense RP Favorites: 18-17-0 ATS, 51.4%, +1.26 ATS margin over 35 games.","2023–25 early-season High Offense RP vs Low Defense RP Favorites: 18-17-0 ATS, 51.4%, +1.26 ATS margin over 35 games",2026 Bill Connelly/SP+ RP + 2023–25 SP+ RP historical backtest with CFBD lines,35.0,18-17-0,0.5142857142857142,1.2552380952380953
g297,,2026-09-26,Iowa,Michigan,rp_support,Returning production study,Michigan,"Michigan triggers High Offense RP vs Low Defense RP vs Iowa. 2026 RP: Michigan overall 63.0% #20, off 72.0% #6, def 55.0% #55. Opponent RP: overall 44.0% #104, off 48.0% #84, def 40.0% #105. Projected role: Favorite. 2023–25 early-season High Offense RP vs Low Defense RP Favorites: 18-17-0 ATS, 51.4%, +1.26 ATS margin over 35 games.",1.2552380952380953,high,1.2552380952380953,Returning Production,High Offense RP vs Low Defense RP,Spread,Full Game,Iowa,Michigan,Medium,High,Michigan returning production edge,"Michigan triggers High Offense RP vs Low Defense RP vs Iowa. 2026 RP: Michigan overall 63.0% #20, off 72.0% #6, def 55.0% #55. Opponent RP: overall 44.0% #104, off 48.0% #84, def 40.0% #105. Projected role: Favorite. 2023–25 early-season High Offense RP vs Low Defense RP Favorites: 18-17-0 ATS, 51.4%, +1.26 ATS margin over 35 games.","2023–25 early-season High Offense RP vs Low Defense RP Favorites: 18-17-0 ATS, 51.4%, +1.26 ATS margin over 35 games",2026 Bill Connelly/SP+ RP + 2023–25 SP+ RP historical backtest with CFBD lines,35.0,18-17-0,0.5142857142857142,1.2552380952380953
g318,,2026-09-26,San Diego State,Toledo,rp_support,Returning production study,San Diego State,"San Diego State triggers High Offense RP vs Low Defense RP vs Toledo. 2026 RP: San Diego State overall 59.0% #34, off 76.0% #1, def 43.0% #100. Opponent RP: overall 33.0% #130, off 42.0% #109, def 25.0% #135. Projected role: Favorite. 2023–25 early-season High Offense RP vs Low Defense RP Favorites: 18-17-0 ATS, 51.4%, +1.26 ATS margin over 35 games.",1.2552380952380953,high,1.2552380952380953,Returning Production,High Offense RP vs Low Defense RP,Spread,Full Game,Toledo,San Diego State,Medium,High,San Diego State returning production edge,"San Diego State triggers High Offense RP vs Low Defense RP vs Toledo. 2026 RP: San Diego State overall 59.0% #34, off 76.0% #1, def 43.0% #100. Opponent RP: overall 33.0% #130, off 42.0% #109, def 25.0% #135. Projected role: Favorite. 2023–25 early-season High Offense RP vs Low Defense RP Favorites: 18-17-0 ATS, 51.4%, +1.26 ATS margin over 35 games.","2023–25 early-season High Offense RP vs Low Defense RP Favorites: 18-17-0 ATS, 51.4%, +1.26 ATS margin over 35 games",2026 Bill Connelly/SP+ RP + 2023–25 SP+ RP historical backtest with CFBD lines,35.0,18-17-0,0.5142857142857142,1.2552380952380953
g327,,2026-09-26,Arizona,Washington State,rp_support,Returning production study,Arizona,"Arizona triggers High Offense RP vs Low Defense RP vs Washington State. 2026 RP: Arizona overall 60.0% #32, off 66.0% #24, def 55.0% #56. Opponent RP: overall 42.0% #109, off 48.0% #86, def 36.0% #121. Projected role: Favorite. 2023–25 early-season High Offense RP vs Low Defense RP Favorites: 18-17-0 ATS, 51.4%, +1.26 ATS margin over 35 games.",1.2552380952380953,high,1.2552380952380953,Returning Production,High Offense RP vs Low Defense RP,Spread,Full Game,Washington State,Arizona,Medium,High,Arizona returning production edge,"Arizona triggers High Offense RP vs Low Defense RP vs Washington State. 2026 RP: Arizona overall 60.0% #32, off 66.0% #24, def 55.0% #56. Opponent RP: overall 42.0% #109, off 48.0% #86, def 36.0% #121. Projected role: Favorite. 2023–25 early-season High Offense RP vs Low Defense RP Favorites: 18-17-0 ATS, 51.4%, +1.26 ATS margin over 35 games.","2023–25 early-season High Offense RP vs Low Defense RP Favorites: 18-17-0 ATS, 51.4%, +1.26 ATS margin over 35 games",2026 Bill Connelly/SP+ RP + 2023–25 SP+ RP historical backtest with CFBD lines,35.0,18-17-0,0.5142857142857142,1.2552380952380953
g285,,2026-09-26,Northern Illinois,Georgia State,rp_support,Returning production study,Northern Illinois,"Northern Illinois triggers High Offense RP vs Low Defense RP vs Georgia State. 2026 RP: Northern Illinois overall 48.0% #85, off 68.0% #15, def 28.0% #132. Opponent RP: overall 38.0% #121, off 48.0% #83, def 27.0% #133. Projected role: Favorite. 2023–25 early-season High Offense RP vs Low Defense RP Favorites: 18-17-0 ATS, 51.4%, +1.26 ATS margin over 35 games.",1.2552380952380953,high,1.2552380952380953,Returning Production,High Offense RP vs Low Defense RP,Spread,Full Game,Georgia State,Northern Illinois,Medium,High,Northern Illinois returning production edge,"Northern Illinois triggers High Offense RP vs Low Defense RP vs Georgia State. 2026 RP: Northern Illinois overall 48.0% #85, off 68.0% #15, def 28.0% #132. Opponent RP: overall 38.0% #121, off 48.0% #83, def 27.0% #133. Projected role: Favorite. 2023–25 early-season High Offense RP vs Low Defense RP Favorites: 18-17-0 ATS, 51.4%, +1.26 ATS margin over 35 games.","2023–25 early-season High Offense RP vs Low Defense RP Favorites: 18-17-0 ATS, 51.4%, +1.26 ATS margin over 35 games",2026 Bill Connelly/SP+ RP + 2023–25 SP+ RP historical backtest with CFBD lines,35.0,18-17-0,0.5142857142857142,1.2552380952380953
g1,,2026-08-29,Sacramento State,Eastern Michigan,rp_support,Returning production study,Eastern Michigan,"Eastern Michigan triggers High Defense RP vs Low Offense RP vs Sacramento State. 2026 RP: Eastern Michigan overall 62.0% #24, off 59.0% #52, def 64.0% #15. Opponent RP: overall 32.0% #131, off 21.0% #137, def 42.0% #101. Projected role: Favorite. 2023–25 early-season High Defense RP vs Low Offense RP Favorites: 17-20-0 ATS, 45.9%, -1.23 ATS margin over 37 games.",1.233108108108108,high,1.233108108108108,Returning Production,High Defense RP vs Low Offense RP,Spread,Full Game,Sacramento State,Eastern Michigan,Fade,High,Eastern Michigan returning production edge,"Eastern Michigan triggers High Defense RP vs Low Offense RP vs Sacramento State. 2026 RP: Eastern Michigan overall 62.0% #24, off 59.0% #52, def 64.0% #15. Opponent RP: overall 32.0% #131, off 21.0% #137, def 42.0% #101. Projected role: Favorite. 2023–25 early-season High Defense RP vs Low Offense RP Favorites: 17-20-0 ATS, 45.9%, -1.23 ATS margin over 37 games.","2023–25 early-season High Defense RP vs Low Offense RP Favorites: 17-20-0 ATS, 45.9%, -1.23 ATS margin over 37 games",2026 Bill Connelly/SP+ RP + 2023–25 SP+ RP historical backtest with CFBD lines,37.0,17-20-0,0.4594594594594595,-1.233108108108108
g19,,2026-09-04,San Jose State,Eastern Michigan,rp_support,Returning production study,Eastern Michigan,"Eastern Michigan triggers High Defense RP vs Low Offense RP vs San Jose State. 2026 RP: Eastern Michigan overall 62.0% #24, off 59.0% #52, def 64.0% #15. Opponent RP: overall 24.0% #137, off 24.0% #133, def 23.0% #137. Projected role: Favorite. 2023–25 early-season High Defense RP vs Low Offense RP Favorites: 17-20-0 ATS, 45.9%, -1.23 ATS margin over 37 games.",1.233108108108108,high,1.233108108108108,Returning Production,High Defense RP vs Low Offense RP,Spread,Full Game,San Jose State,Eastern Michigan,Fade,High,Eastern Michigan returning production edge,"Eastern Michigan triggers High Defense RP vs Low Offense RP vs San Jose State. 2026 RP: Eastern Michigan overall 62.0% #24, off 59.0% #52, def 64.0% #15. Opponent RP: overall 24.0% #137, off 24.0% #133, def 23.0% #137. Projected role: Favorite. 2023–25 early-season High Defense RP vs Low Offense RP Favorites: 17-20-0 ATS, 45.9%, -1.23 ATS margin over 37 games.","2023–25 early-season High Defense RP vs Low Offense RP Favorites: 17-20-0 ATS, 45.9%, -1.23 ATS margin over 37 games",2026 Bill Connelly/SP+ RP + 2023–25 SP+ RP historical backtest with CFBD lines,37.0,17-20-0,0.4594594594594595,-1.233108108108108
g62,,2026-09-05,Ohio,Nebraska,rp_support,Returning production study,Nebraska,"Nebraska triggers High Defense RP vs Low Offense RP vs Ohio. 2026 RP: Nebraska overall 69.0% #3, off 69.0% #14, def 69.0% #7. Opponent RP: overall 33.0% #129, off 18.0% #138, def 48.0% #81. Projected role: Favorite. 2023–25 early-season High Defense RP vs Low Offense RP Favorites: 17-20-0 ATS, 45.9%, -1.23 ATS margin over 37 games.",1.233108108108108,high,1.233108108108108,Returning Production,High Defense RP vs Low Offense RP,Spread,Full Game,Ohio,Nebraska,Fade,High,Nebraska returning production edge,"Nebraska triggers High Defense RP vs Low Offense RP vs Ohio. 2026 RP: Nebraska overall 69.0% #3, off 69.0% #14, def 69.0% #7. Opponent RP: overall 33.0% #129, off 18.0% #138, def 48.0% #81. Projected role: Favorite. 2023–25 early-season High Defense RP vs Low Offense RP Favorites: 17-20-0 ATS, 45.9%, -1.23 ATS margin over 37 games.","2023–25 early-season High Defense RP vs Low Offense RP Favorites: 17-20-0 ATS, 45.9%, -1.23 ATS margin over 37 games",2026 Bill Connelly/SP+ RP + 2023–25 SP+ RP historical backtest with CFBD lines,37.0,17-20-0,0.4594594594594595,-1.233108108108108
g86,,2026-09-05,Missouri State,Texas A&M,rp_support,Returning production study,Texas A&M,"Texas A&M triggers High Defense RP vs Low Offense RP vs Missouri State. 2026 RP: Texas A&M overall 65.0% #14, off 67.0% #21, def 63.0% #18. Opponent RP: overall 34.0% #128, off 25.0% #132, def 44.0% #95. Projected role: Favorite. 2023–25 early-season High Defense RP vs Low Offense RP Favorites: 17-20-0 ATS, 45.9%, -1.23 ATS margin over 37 games.",1.233108108108108,high,1.233108108108108,Returning Production,High Defense RP vs Low Offense RP,Spread,Full Game,Missouri State,Texas A&M,Fade,High,Texas A&M returning production edge,"Texas A&M triggers High Defense RP vs Low Offense RP vs Missouri State. 2026 RP: Texas A&M overall 65.0% #14, off 67.0% #21, def 63.0% #18. Opponent RP: overall 34.0% #128, off 25.0% #132, def 44.0% #95. Projected role: Favorite. 2023–25 early-season High Defense RP vs Low Offense RP Favorites: 17-20-0 ATS, 45.9%, -1.23 ATS margin over 37 games.","2023–25 early-season High Defense RP vs Low Offense RP Favorites: 17-20-0 ATS, 45.9%, -1.23 ATS margin over 37 games",2026 Bill Connelly/SP+ RP + 2023–25 SP+ RP historical backtest with CFBD lines,37.0,17-20-0,0.4594594594594595,-1.233108108108108
g24,,2026-09-05,East Carolina,Alabama,rp_support,Returning production study,Alabama,"Alabama triggers High Defense RP vs Low Offense RP vs East Carolina. 2026 RP: Alabama overall 48.0% #90, off 35.0% #119, def 61.0% #32. Opponent RP: overall 42.0% #110, off 33.0% #122, def 50.0% #75. Projected role: Favorite. 2023–25 early-season High Defense RP vs Low Offense RP Favorites: 17-20-0 ATS, 45.9%, -1.23 ATS margin over 37 games.",1.233108108108108,high,1.233108108108108,Returning Production,High Defense RP vs Low Offense RP,Spread,Full Game,East Carolina,Alabama,Fade,High,Alabama returning production edge,"Alabama triggers High Defense RP vs Low Offense RP vs East Carolina. 2026 RP: Alabama overall 48.0% #90, off 35.0% #119, def 61.0% #32. Opponent RP: overall 42.0% #110, off 33.0% #122, def 50.0% #75. Projected role: Favorite. 2023–25 early-season High Defense RP vs Low Offense RP Favorites: 17-20-0 ATS, 45.9%, -1.23 ATS margin over 37 games.","2023–25 early-season High Defense RP vs Low Offense RP Favorites: 17-20-0 ATS, 45.9%, -1.23 ATS margin over 37 games",2026 Bill Connelly/SP+ RP + 2023–25 SP+ RP historical backtest with CFBD lines,37.0,17-20-0,0.4594594594594595,-1.233108108108108
g180,,2026-09-12,Old Dominion,Virginia Tech,rp_support,Returning production study,Virginia Tech,"Virginia Tech triggers High Defense RP vs Low Offense RP vs Old Dominion. 2026 RP: Virginia Tech overall 69.0% #4, off 71.0% #9, def 67.0% #8. Opponent RP: overall 40.0% #114, off 23.0% #136, def 58.0% #45. Projected role: Favorite. 2023–25 early-season High Defense RP vs Low Offense RP Favorites: 17-20-0 ATS, 45.9%, -1.23 ATS margin over 37 games.",1.233108108108108,high,1.233108108108108,Returning Production,High Defense RP vs Low Offense RP,Spread,Full Game,Old Dominion,Virginia Tech,Fade,High,Virginia Tech returning production edge,"Virginia Tech triggers High Defense RP vs Low Offense RP vs Old Dominion. 2026 RP: Virginia Tech overall 69.0% #4, off 71.0% #9, def 67.0% #8. Opponent RP: overall 40.0% #114, off 23.0% #136, def 58.0% #45. Projected role: Favorite. 2023–25 early-season High Defense RP vs Low Offense RP Favorites: 17-20-0 ATS, 45.9%, -1.23 ATS margin over 37 games.","2023–25 early-season High Defense RP vs Low Offense RP Favorites: 17-20-0 ATS, 45.9%, -1.23 ATS margin over 37 games",2026 Bill Connelly/SP+ RP + 2023–25 SP+ RP historical backtest with CFBD lines,37.0,17-20-0,0.4594594594594595,-1.233108108108108
g115,,2026-09-12,Georgia Southern,Clemson,rp_support,Returning production study,Clemson,"Clemson triggers High Defense RP vs Low Offense RP vs Georgia Southern. 2026 RP: Clemson overall 53.0% #59, off 46.0% #94, def 61.0% #26. Opponent RP: overall 43.0% #108, off 23.0% #134, def 62.0% #23. Projected role: Favorite. 2023–25 early-season High Defense RP vs Low Offense RP Favorites: 17-20-0 ATS, 45.9%, -1.23 ATS margin over 37 games.",1.233108108108108,high,1.233108108108108,Returning Production,High Defense RP vs Low Offense RP,Spread,Full Game,Georgia Southern,Clemson,Fade,High,Clemson returning production edge,"Clemson triggers High Defense RP vs Low Offense RP vs Georgia Southern. 2026 RP: Clemson overall 53.0% #59, off 46.0% #94, def 61.0% #26. Opponent RP: overall 43.0% #108, off 23.0% #134, def 62.0% #23. Projected role: Favorite. 2023–25 early-season High Defense RP vs Low Offense RP Favorites: 17-20-0 ATS, 45.9%, -1.23 ATS margin over 37 games.","2023–25 early-season High Defense RP vs Low Offense RP Favorites: 17-20-0 ATS, 45.9%, -1.23 ATS margin over 37 games",2026 Bill Connelly/SP+ RP + 2023–25 SP+ RP historical backtest with CFBD lines,37.0,17-20-0,0.4594594594594595,-1.233108108108108
g126,,2026-09-12,Tennessee,Georgia Tech,rp_support,Returning production study,Tennessee,"Tennessee triggers High Defense RP vs Low Offense RP vs Georgia Tech. 2026 RP: Tennessee overall 62.0% #26, off 58.0% #53, def 65.0% #13. Opponent RP: overall 49.0% #79, off 37.0% #117, def 61.0% #28. Projected role: Favorite. 2023–25 early-season High Defense RP vs Low Offense RP Favorites: 17-20-0 ATS, 45.9%, -1.23 ATS margin over 37 games.",1.233108108108108,high,1.233108108108108,Returning Production,High Defense RP vs Low Offense RP,Spread,Full Game,Georgia Tech,Tennessee,Fade,High,Tennessee returning production edge,"Tennessee triggers High Defense RP vs Low Offense RP vs Georgia Tech. 2026 RP: Tennessee overall 62.0% #26, off 58.0% #53, def 65.0% #13. Opponent RP: overall 49.0% #79, off 37.0% #117, def 61.0% #28. Projected role: Favorite. 2023–25 early-season High Defense RP vs Low Offense RP Favorites: 17-20-0 ATS, 45.9%, -1.23 ATS margin over 37 games.","2023–25 early-season High Defense RP vs Low Offense RP Favorites: 17-20-0 ATS, 45.9%, -1.23 ATS margin over 37 games",2026 Bill Connelly/SP+ RP + 2023–25 SP+ RP historical backtest with CFBD lines,37.0,17-20-0,0.4594594594594595,-1.233108108108108
g136,,2026-09-12,Alabama,Kentucky,rp_support,Returning production study,Alabama,"Alabama triggers High Defense RP vs Low Offense RP vs Kentucky. 2026 RP: Alabama overall 48.0% #90, off 35.0% #119, def 61.0% #32. Opponent RP: overall 46.0% #98, off 40.0% #112, def 52.0% #70. Projected role: Favorite. 2023–25 early-season High Defense RP vs Low Offense RP Favorites: 17-20-0 ATS, 45.9%, -1.23 ATS margin over 37 games.",1.233108108108108,high,1.233108108108108,Returning Production,High Defense RP vs Low Offense RP,Spread,Full Game,Kentucky,Alabama,Fade,High,Alabama returning production edge,"Alabama triggers High Defense RP vs Low Offense RP vs Kentucky. 2026 RP: Alabama overall 48.0% #90, off 35.0% #119, def 61.0% #32. Opponent RP: overall 46.0% #98, off 40.0% #112, def 52.0% #70. Projected role: Favorite. 2023–25 early-season High Defense RP vs Low Offense RP Favorites: 17-20-0 ATS, 45.9%, -1.23 ATS margin over 37 games.","2023–25 early-season High Defense RP vs Low Offense RP Favorites: 17-20-0 ATS, 45.9%, -1.23 ATS margin over 37 games",2026 Bill Connelly/SP+ RP + 2023–25 SP+ RP historical backtest with CFBD lines,37.0,17-20-0,0.4594594594594595,-1.233108108108108
g181,,2026-09-12,Utah State,Washington,rp_support,Returning production study,Washington,"Washington triggers High Defense RP vs Low Offense RP vs Utah State. 2026 RP: Washington overall 65.0% #15, off 69.0% #13, def 61.0% #27. Opponent RP: overall 48.0% #89, off 40.0% #110, def 55.0% #52. Projected role: Favorite. 2023–25 early-season High Defense RP vs Low Offense RP Favorites: 17-20-0 ATS, 45.9%, -1.23 ATS margin over 37 games.",1.233108108108108,high,1.233108108108108,Returning Production,High Defense RP vs Low Offense RP,Spread,Full Game,Utah State,Washington,Fade,High,Washington returning production edge,"Washington triggers High Defense RP vs Low Offense RP vs Utah State. 2026 RP: Washington overall 65.0% #15, off 69.0% #13, def 61.0% #27. Opponent RP: overall 48.0% #89, off 40.0% #110, def 55.0% #52. Projected role: Favorite. 2023–25 early-season High Defense RP vs Low Offense RP Favorites: 17-20-0 ATS, 45.9%, -1.23 ATS margin over 37 games.","2023–25 early-season High Defense RP vs Low Offense RP Favorites: 17-20-0 ATS, 45.9%, -1.23 ATS margin over 37 games",2026 Bill Connelly/SP+ RP + 2023–25 SP+ RP historical backtest with CFBD lines,37.0,17-20-0,0.4594594594594595,-1.233108108108108
g203,,2026-09-19,Coastal Carolina,Delaware,rp_support,Returning production study,Delaware,"Delaware triggers High Defense RP vs Low Offense RP vs Coastal Carolina. 2026 RP: Delaware overall 62.0% #25, off 62.0% #38, def 62.0% #24. Opponent RP: overall 42.0% #112, off 39.0% #114, def 44.0% #94. Projected role: Favorite. 2023–25 early-season High Defense RP vs Low Offense RP Favorites: 17-20-0 ATS, 45.9%, -1.23 ATS margin over 37 games.",1.233108108108108,high,1.233108108108108,Returning Production,High Defense RP vs Low Offense RP,Spread,Full Game,Coastal Carolina,Delaware,Fade,High,Delaware returning production edge,"Delaware triggers High Defense RP vs Low Offense RP vs Coastal Carolina. 2026 RP: Delaware overall 62.0% #25, off 62.0% #38, def 62.0% #24. Opponent RP: overall 42.0% #112, off 39.0% #114, def 44.0% #94. Projected role: Favorite. 2023–25 early-season High Defense RP vs Low Offense RP Favorites: 17-20-0 ATS, 45.9%, -1.23 ATS margin over 37 games.","2023–25 early-season High Defense RP vs Low Offense RP Favorites: 17-20-0 ATS, 45.9%, -1.23 ATS margin over 37 games",2026 Bill Connelly/SP+ RP + 2023–25 SP+ RP historical backtest with CFBD lines,37.0,17-20-0,0.4594594594594595,-1.233108108108108
g202,,2026-09-19,BYU,Colorado State,rp_support,Returning production study,BYU,"BYU triggers High Defense RP vs Low Offense RP vs Colorado State. 2026 RP: BYU overall 64.0% #18, off 59.0% #50, def 69.0% #6. Opponent RP: overall 46.0% #99, off 38.0% #116, def 54.0% #63. Projected role: Favorite. 2023–25 early-season High Defense RP vs Low Offense RP Favorites: 17-20-0 ATS, 45.9%, -1.23 ATS margin over 37 games.",1.233108108108108,high,1.233108108108108,Returning Production,High Defense RP vs Low Offense RP,Spread,Full Game,Colorado State,BYU,Fade,High,BYU returning production edge,"BYU triggers High Defense RP vs Low Offense RP vs Colorado State. 2026 RP: BYU overall 64.0% #18, off 59.0% #50, def 69.0% #6. Opponent RP: overall 46.0% #99, off 38.0% #116, def 54.0% #63. Projected role: Favorite. 2023–25 early-season High Defense RP vs Low Offense RP Favorites: 17-20-0 ATS, 45.9%, -1.23 ATS margin over 37 games.","2023–25 early-season High Defense RP vs Low Offense RP Favorites: 17-20-0 ATS, 45.9%, -1.23 ATS margin over 37 games",2026 Bill Connelly/SP+ RP + 2023–25 SP+ RP historical backtest with CFBD lines,37.0,17-20-0,0.4594594594594595,-1.233108108108108
g238,,2026-09-19,North Dakota State,Sacramento State,rp_support,Returning production study,North Dakota State,"North Dakota State triggers High Defense RP vs Low Offense RP vs Sacramento State. 2026 RP: North Dakota State overall 52.0% #65, off 45.0% #97, def 60.0% #34. Opponent RP: overall 32.0% #131, off 21.0% #137, def 42.0% #101. Projected role: Favorite. 2023–25 early-season High Defense RP vs Low Offense RP Favorites: 17-20-0 ATS, 45.9%, -1.23 ATS margin over 37 games.",1.233108108108108,high,1.233108108108108,Returning Production,High Defense RP vs Low Offense RP,Spread,Full Game,Sacramento State,North Dakota State,Fade,High,North Dakota State returning production edge,"North Dakota State triggers High Defense RP vs Low Offense RP vs Sacramento State. 2026 RP: North Dakota State overall 52.0% #65, off 45.0% #97, def 60.0% #34. Opponent RP: overall 32.0% #131, off 21.0% #137, def 42.0% #101. Projected role: Favorite. 2023–25 early-season High Defense RP vs Low Offense RP Favorites: 17-20-0 ATS, 45.9%, -1.23 ATS margin over 37 games.","2023–25 early-season High Defense RP vs Low Offense RP Favorites: 17-20-0 ATS, 45.9%, -1.23 ATS margin over 37 games",2026 Bill Connelly/SP+ RP + 2023–25 SP+ RP historical backtest with CFBD lines,37.0,17-20-0,0.4594594594594595,-1.233108108108108
g247,,2026-09-19,Kennesaw State,Tennessee,rp_support,Returning production study,Tennessee,"Tennessee triggers High Defense RP vs Low Offense RP vs Kennesaw State. 2026 RP: Tennessee overall 62.0% #26, off 58.0% #53, def 65.0% #13. Opponent RP: overall 49.0% #83, off 42.0% #107, def 55.0% #51. Projected role: Favorite. 2023–25 early-season High Defense RP vs Low Offense RP Favorites: 17-20-0 ATS, 45.9%, -1.23 ATS margin over 37 games.",1.233108108108108,high,1.233108108108108,Returning Production,High Defense RP vs Low Offense RP,Spread,Full Game,Kennesaw State,Tennessee,Fade,High,Tennessee returning production edge,"Tennessee triggers High Defense RP vs Low Offense RP vs Kennesaw State. 2026 RP: Tennessee overall 62.0% #26, off 58.0% #53, def 65.0% #13. Opponent RP: overall 49.0% #83, off 42.0% #107, def 55.0% #51. Projected role: Favorite. 2023–25 early-season High Defense RP vs Low Offense RP Favorites: 17-20-0 ATS, 45.9%, -1.23 ATS margin over 37 games.","2023–25 early-season High Defense RP vs Low Offense RP Favorites: 17-20-0 ATS, 45.9%, -1.23 ATS margin over 37 games",2026 Bill Connelly/SP+ RP + 2023–25 SP+ RP historical backtest with CFBD lines,37.0,17-20-0,0.4594594594594595,-1.233108108108108
g249,,2026-09-19,Kentucky,Texas A&M,rp_support,Returning production study,Texas A&M,"Texas A&M triggers High Defense RP vs Low Offense RP vs Kentucky. 2026 RP: Texas A&M overall 65.0% #14, off 67.0% #21, def 63.0% #18. Opponent RP: overall 46.0% #98, off 40.0% #112, def 52.0% #70. Projected role: Favorite. 2023–25 early-season High Defense RP vs Low Offense RP Favorites: 17-20-0 ATS, 45.9%, -1.23 ATS margin over 37 games.",1.233108108108108,high,1.233108108108108,Returning Production,High Defense RP vs Low Offense RP,Spread,Full Game,Kentucky,Texas A&M,Fade,High,Texas A&M returning production edge,"Texas A&M triggers High Defense RP vs Low Offense RP vs Kentucky. 2026 RP: Texas A&M overall 65.0% #14, off 67.0% #21, def 63.0% #18. Opponent RP: overall 46.0% #98, off 40.0% #112, def 52.0% #70. Projected role: Favorite. 2023–25 early-season High Defense RP vs Low Offense RP Favorites: 17-20-0 ATS, 45.9%, -1.23 ATS margin over 37 games.","2023–25 early-season High Defense RP vs Low Offense RP Favorites: 17-20-0 ATS, 45.9%, -1.23 ATS margin over 37 games",2026 Bill Connelly/SP+ RP + 2023–25 SP+ RP historical backtest with CFBD lines,37.0,17-20-0,0.4594594594594595,-1.233108108108108
g263,,2026-09-25,Navy,UAB,rp_support,Returning production study,Navy,"Navy triggers High Defense RP vs Low Offense RP vs UAB. 2026 RP: Navy overall 47.0% #93, off 33.0% #121, def 61.0% #31. Opponent RP: overall 35.0% #125, off 32.0% #123, def 38.0% #114. Projected role: Favorite. 2023–25 early-season High Defense RP vs Low Offense RP Favorites: 17-20-0 ATS, 45.9%, -1.23 ATS margin over 37 games.",1.233108108108108,high,1.233108108108108,Returning Production,High Defense RP vs Low Offense RP,Spread,Full Game,UAB,Navy,Fade,High,Navy returning production edge,"Navy triggers High Defense RP vs Low Offense RP vs UAB. 2026 RP: Navy overall 47.0% #93, off 33.0% #121, def 61.0% #31. Opponent RP: overall 35.0% #125, off 32.0% #123, def 38.0% #114. Projected role: Favorite. 2023–25 early-season High Defense RP vs Low Offense RP Favorites: 17-20-0 ATS, 45.9%, -1.23 ATS margin over 37 games.","2023–25 early-season High Defense RP vs Low Offense RP Favorites: 17-20-0 ATS, 45.9%, -1.23 ATS margin over 37 games",2026 Bill Connelly/SP+ RP + 2023–25 SP+ RP historical backtest with CFBD lines,37.0,17-20-0,0.4594594594594595,-1.233108108108108
g69,,2026-09-05,UTEP,Oklahoma,rp_support,Returning production study,Oklahoma,"Oklahoma triggers High Overall RP vs Low Overall RP vs UTEP. 2026 RP: Oklahoma overall 65.0% #16, off 75.0% #3, def 55.0% #57. Opponent RP: overall 35.0% #126, off 27.0% #129, def 43.0% #99. Projected role: Favorite. 2023–25 early-season High Overall RP vs Low Overall RP Favorites: 18-21-1 ATS, 46.2%, -1.10 ATS margin over 40 games.",1.1039583333333334,high,1.1039583333333334,Returning Production,High Overall RP vs Low Overall RP,Spread,Full Game,UTEP,Oklahoma,Fade,High,Oklahoma returning production edge,"Oklahoma triggers High Overall RP vs Low Overall RP vs UTEP. 2026 RP: Oklahoma overall 65.0% #16, off 75.0% #3, def 55.0% #57. Opponent RP: overall 35.0% #126, off 27.0% #129, def 43.0% #99. Projected role: Favorite. 2023–25 early-season High Overall RP vs Low Overall RP Favorites: 18-21-1 ATS, 46.2%, -1.10 ATS margin over 40 games.","2023–25 early-season High Overall RP vs Low Overall RP Favorites: 18-21-1 ATS, 46.2%, -1.10 ATS margin over 40 games",2026 Bill Connelly/SP+ RP + 2023–25 SP+ RP historical backtest with CFBD lines,40.0,18-21-1,0.4615384615384615,-1.1039583333333334
g156,,2026-09-12,Charlotte,Ole Miss,rp_support,Returning production study,Ole Miss,"Ole Miss triggers High Overall RP vs Low Overall RP vs Charlotte. 2026 RP: Ole Miss overall 61.0% #28, off 61.0% #42, def 62.0% #25. Opponent RP: overall 43.0% #107, off 52.0% #75, def 34.0% #126. Projected role: Favorite. 2023–25 early-season High Overall RP vs Low Overall RP Favorites: 18-21-1 ATS, 46.2%, -1.10 ATS margin over 40 games.",1.1039583333333334,high,1.1039583333333334,Returning Production,High Overall RP vs Low Overall RP,Spread,Full Game,Charlotte,Ole Miss,Fade,High,Ole Miss returning production edge,"Ole Miss triggers High Overall RP vs Low Overall RP vs Charlotte. 2026 RP: Ole Miss overall 61.0% #28, off 61.0% #42, def 62.0% #25. Opponent RP: overall 43.0% #107, off 52.0% #75, def 34.0% #126. Projected role: Favorite. 2023–25 early-season High Overall RP vs Low Overall RP Favorites: 18-21-1 ATS, 46.2%, -1.10 ATS margin over 40 games.","2023–25 early-season High Overall RP vs Low Overall RP Favorites: 18-21-1 ATS, 46.2%, -1.10 ATS margin over 40 games",2026 Bill Connelly/SP+ RP + 2023–25 SP+ RP historical backtest with CFBD lines,40.0,18-21-1,0.4615384615384615,-1.1039583333333334
g198,,2026-09-19,Georgia State,Central Florida,rp_support,Returning production study,Central Florida,"Central Florida triggers High Overall RP vs Low Overall RP vs Georgia State. 2026 RP: Central Florida overall 61.0% #29, off 61.0% #41, def 60.0% #37. Opponent RP: overall 38.0% #121, off 48.0% #83, def 27.0% #133. Projected role: Favorite. 2023–25 early-season High Overall RP vs Low Overall RP Favorites: 18-21-1 ATS, 46.2%, -1.10 ATS margin over 40 games.",1.1039583333333334,high,1.1039583333333334,Returning Production,High Overall RP vs Low Overall RP,Spread,Full Game,Georgia State,Central Florida,Fade,High,Central Florida returning production edge,"Central Florida triggers High Overall RP vs Low Overall RP vs Georgia State. 2026 RP: Central Florida overall 61.0% #29, off 61.0% #41, def 60.0% #37. Opponent RP: overall 38.0% #121, off 48.0% #83, def 27.0% #133. Projected role: Favorite. 2023–25 early-season High Overall RP vs Low Overall RP Favorites: 18-21-1 ATS, 46.2%, -1.10 ATS margin over 40 games.","2023–25 early-season High Overall RP vs Low Overall RP Favorites: 18-21-1 ATS, 46.2%, -1.10 ATS margin over 40 games",2026 Bill Connelly/SP+ RP + 2023–25 SP+ RP historical backtest with CFBD lines,40.0,18-21-1,0.4615384615384615,-1.1039583333333334
g220,,2026-09-19,UTEP,Michigan,rp_support,Returning production study,Michigan,"Michigan triggers High Overall RP vs Low Overall RP vs UTEP. 2026 RP: Michigan overall 63.0% #20, off 72.0% #6, def 55.0% #55. Opponent RP: overall 35.0% #126, off 27.0% #129, def 43.0% #99. Projected role: Favorite. 2023–25 early-season High Overall RP vs Low Overall RP Favorites: 18-21-1 ATS, 46.2%, -1.10 ATS margin over 40 games.",1.1039583333333334,high,1.1039583333333334,Returning Production,High Overall RP vs Low Overall RP,Spread,Full Game,UTEP,Michigan,Fade,High,Michigan returning production edge,"Michigan triggers High Overall RP vs Low Overall RP vs UTEP. 2026 RP: Michigan overall 63.0% #20, off 72.0% #6, def 55.0% #55. Opponent RP: overall 35.0% #126, off 27.0% #129, def 43.0% #99. Projected role: Favorite. 2023–25 early-season High Overall RP vs Low Overall RP Favorites: 18-21-1 ATS, 46.2%, -1.10 ATS margin over 40 games.","2023–25 early-season High Overall RP vs Low Overall RP Favorites: 18-21-1 ATS, 46.2%, -1.10 ATS margin over 40 games",2026 Bill Connelly/SP+ RP + 2023–25 SP+ RP historical backtest with CFBD lines,40.0,18-21-1,0.4615384615384615,-1.1039583333333334
g284,,2026-09-26,Houston,Georgia Southern,rp_support,Returning production study,Houston,"Houston triggers High Overall RP vs Low Overall RP vs Georgia Southern. 2026 RP: Houston overall 65.0% #17, off 71.0% #7, def 58.0% #44. Opponent RP: overall 43.0% #108, off 23.0% #134, def 62.0% #23. Projected role: Favorite. 2023–25 early-season High Overall RP vs Low Overall RP Favorites: 18-21-1 ATS, 46.2%, -1.10 ATS margin over 40 games.",1.1039583333333334,high,1.1039583333333334,Returning Production,High Overall RP vs Low Overall RP,Spread,Full Game,Georgia Southern,Houston,Fade,High,Houston returning production edge,"Houston triggers High Overall RP vs Low Overall RP vs Georgia Southern. 2026 RP: Houston overall 65.0% #17, off 71.0% #7, def 58.0% #44. Opponent RP: overall 43.0% #108, off 23.0% #134, def 62.0% #23. Projected role: Favorite. 2023–25 early-season High Overall RP vs Low Overall RP Favorites: 18-21-1 ATS, 46.2%, -1.10 ATS margin over 40 games.","2023–25 early-season High Overall RP vs Low Overall RP Favorites: 18-21-1 ATS, 46.2%, -1.10 ATS margin over 40 games",2026 Bill Connelly/SP+ RP + 2023–25 SP+ RP historical backtest with CFBD lines,40.0,18-21-1,0.4615384615384615,-1.1039583333333334
g311,,2026-09-26,Missouri State,SMU,rp_support,Returning production study,SMU,"SMU triggers High Overall RP vs Low Overall RP vs Missouri State. 2026 RP: SMU overall 62.0% #22, off 66.0% #23, def 58.0% #38. Opponent RP: overall 34.0% #128, off 25.0% #132, def 44.0% #95. Projected role: Favorite. 2023–25 early-season High Overall RP vs Low Overall RP Favorites: 18-21-1 ATS, 46.2%, -1.10 ATS margin over 40 games.",1.1039583333333334,high,1.1039583333333334,Returning Production,High Overall RP vs Low Overall RP,Spread,Full Game,Missouri State,SMU,Fade,High,SMU returning production edge,"SMU triggers High Overall RP vs Low Overall RP vs Missouri State. 2026 RP: SMU overall 62.0% #22, off 66.0% #23, def 58.0% #38. Opponent RP: overall 34.0% #128, off 25.0% #132, def 44.0% #95. Projected role: Favorite. 2023–25 early-season High Overall RP vs Low Overall RP Favorites: 18-21-1 ATS, 46.2%, -1.10 ATS margin over 40 games.","2023–25 early-season High Overall RP vs Low Overall RP Favorites: 18-21-1 ATS, 46.2%, -1.10 ATS margin over 40 games",2026 Bill Connelly/SP+ RP + 2023–25 SP+ RP historical backtest with CFBD lines,40.0,18-21-1,0.4615384615384615,-1.1039583333333334
g22,1.0,2026-09-04,Miami-FL,Stanford,travel_1h,Travel / 1H travel angle,Miami-FL,"1H Travel: road fav start: 2024-25 Big Ten/ACC 3+ TZ traveler favorites went 17-7 1H ATS, 70.8%, +3.73 ATS margin. Supports traveler 1H favorite only.",3.0,medium,3.0,,,,,,,,,,,,,,,,
g164,2.0,2026-09-12,California,Syracuse,travel_1h,Travel / 1H travel angle,Cal,"1H Travel: road fav start: 2024-25 Big Ten/ACC 3+ TZ western expansion teams traveling east as 1H favorites went 10-2 ATS, 83.3%, +3.71 ATS margin. Supports traveler 1H favorite only.",3.0,medium,3.0,,,,,,,,,,,,,,,,
g204,3.0,2026-09-19,Stanford,Duke,travel_1h,Travel / 1H travel angle,Duke,"1H Travel: road dog fade: 2024-25 Big Ten/ACC 3+ TZ traveler underdogs went 9-22 1H ATS, 29.0%, -3.89 ATS margin. Supports opponent 1H side only.",3.0,medium,3.0,,,,,,,,,,,,,,,,
g237,3.0,2026-09-19,USC,Rutgers,travel_1h,Travel / 1H travel angle,USC,"1H Travel: road fav start: 2024-25 Big Ten/ACC 3+ TZ western expansion teams traveling east as 1H favorites went 10-2 ATS, 83.3%, +3.71 ATS margin. Supports traveler 1H favorite only.",3.0,medium,3.0,,,,,,,,,,,,,,,,
g253,3.0,2026-09-19,Purdue,UCLA,travel_1h,Travel / 1H travel angle,UCLA,"1H Travel: fade road dog: 2024-25 Big Ten/ACC 3+ TZ: non-west teams traveling west as 1H dogs went 2-13 ATS, 13.3%, -3.90 ATS margin. Supports home 1H side only.",3.0,medium,3.0,,,,,,,,,,,,,,,,
g262,4.0,2026-09-25,Clemson,California,travel_1h,Travel / 1H travel angle,Clemson,"1H Travel: road fav start: 2024-25 Big Ten/ACC 3+ TZ traveler favorites went 17-7 1H ATS, 70.8%, +3.73 ATS margin. Supports traveler 1H favorite only.",3.0,medium,3.0,,,,,,,,,,,,,,,,
g294,4.0,2026-09-26,UCLA,Maryland,travel_1h,Travel / 1H travel angle,Maryland,"1H Travel: road dog fade: 2024-25 Big Ten/ACC 3+ TZ traveler underdogs went 9-22 1H ATS, 29.0%, -3.89 ATS margin. Supports opponent 1H side only.",3.0,medium,3.0,,,,,,,,,,,,,,,,
g313,4.0,2026-09-26,Georgia Tech,Stanford,travel_1h,Travel / 1H travel angle,Georgia Tech,"1H Travel: road fav start: 2024-25 Big Ten/ACC 3+ TZ traveler favorites went 17-7 1H ATS, 70.8%, +3.73 ATS margin. Supports traveler 1H favorite only.",3.0,medium,3.0,,,,,,,,,,,,,,,,
g388,5.0,2026-10-03,Stanford,Wake Forest,travel_1h,Travel / 1H travel angle,Wake Forest,"1H Travel: road dog fade: 2024-25 Big Ten/ACC 3+ TZ traveler underdogs went 9-22 1H ATS, 29.0%, -3.89 ATS margin. Supports opponent 1H side only.",3.0,medium,3.0,,,,,,,,,,,,,,,,
g407,6.0,2026-10-10,Virginia Tech,California,travel_1h,Travel / 1H travel angle,Virginia Tech,"1H Travel: road fav start: 2024-25 Big Ten/ACC 3+ TZ traveler favorites went 17-7 1H ATS, 70.8%, +3.73 ATS margin. Supports traveler 1H favorite only.",3.0,medium,3.0,,,,,,,,,,,,,,,,
g434,6.0,2026-10-10,USC,Penn State,travel_1h,Travel / 1H travel angle,Penn State,"1H Travel: road dog fade: 2024-25 Big Ten/ACC 3+ TZ traveler underdogs went 9-22 1H ATS, 29.0%, -3.89 ATS margin. Supports opponent 1H side only.",3.0,medium,3.0,,,,,,,,,,,,,,,,
g464,7.0,2026-10-17,Wake Forest,California,travel_1h,Travel / 1H travel angle,Cal,"1H Travel: fade road dog: 2024-25 Big Ten/ACC 3+ TZ: non-west teams traveling west as 1H dogs went 2-13 ATS, 13.3%, -3.90 ATS margin. Supports home 1H side only.",3.0,medium,3.0,,,,,,,,,,,,,,,,
g488,7.0,2026-10-17,Washington,Purdue,travel_1h,Travel / 1H travel angle,Washington,"1H Travel: road fav start: 2024-25 Big Ten/ACC 3+ TZ western expansion teams traveling east as 1H favorites went 10-2 ATS, 83.3%, +3.71 ATS margin. Supports traveler 1H favorite only.",3.0,medium,3.0,,,,,,,,,,,,,,,,
g554,8.0,2026-10-24,NC State,Stanford,travel_1h,Travel / 1H travel angle,NC State,"1H Travel: road fav start: 2024-25 Big Ten/ACC 3+ TZ traveler favorites went 17-7 1H ATS, 70.8%, +3.73 ATS margin. Supports traveler 1H favorite only.",3.0,medium,3.0,,,,,,,,,,,,,,,,
g561,8.0,2026-10-24,Michigan State,UCLA,travel_1h,Travel / 1H travel angle,UCLA,"1H Travel: fade road dog: 2024-25 Big Ten/ACC 3+ TZ: non-west teams traveling west as 1H dogs went 2-13 ATS, 13.3%, -3.90 ATS margin. Supports home 1H side only.",3.0,medium,3.0,,,,,,,,,,,,,,,,
g593,9.0,2026-10-31,Stanford,Louisville,travel_1h,Travel / 1H travel angle,Louisville,"1H Travel: road dog fade: 2024-25 Big Ten/ACC 3+ TZ traveler underdogs went 9-22 1H ATS, 29.0%, -3.89 ATS margin. Supports opponent 1H side only.",3.0,medium,3.0,,,,,,,,,,,,,,,,
g596,9.0,2026-10-31,California,NC State,travel_1h,Travel / 1H travel angle,NC State,"1H Travel: road dog fade: 2024-25 Big Ten/ACC 3+ TZ traveler underdogs went 9-22 1H ATS, 29.0%, -3.89 ATS margin. Supports opponent 1H side only.",3.0,medium,3.0,,,,,,,,,,,,,,,,
g619,9.0,2026-10-31,Ohio State,USC,travel_1h,Travel / 1H travel angle,Ohio State,"1H Travel: road fav start: 2024-25 Big Ten/ACC 3+ TZ traveler favorites went 17-7 1H ATS, 70.8%, +3.73 ATS margin. Supports traveler 1H favorite only.",3.0,medium,3.0,,,,,,,,,,,,,,,,
g666,10.0,2026-11-07,Oregon,Ohio State,travel_1h,Travel / 1H travel angle,Ohio State,"1H Travel: road dog fade: 2024-25 Big Ten/ACC 3+ TZ traveler underdogs went 9-22 1H ATS, 29.0%, -3.89 ATS margin. Supports opponent 1H side only.",3.0,medium,3.0,,,,,,,,,,,,,,,,
g684,10.0,2026-11-07,Penn State,Washington,travel_1h,Travel / 1H travel angle,Washington,"1H Travel: fade road dog: 2024-25 Big Ten/ACC 3+ TZ: non-west teams traveling west as 1H dogs went 2-13 ATS, 13.3%, -3.90 ATS margin. Supports home 1H side only.",3.0,medium,3.0,,,,,,,,,,,,,,,,
g710,11.0,2026-11-14,USC,Indiana,travel_1h,Travel / 1H travel angle,Indiana,"1H Travel: road dog fade: 2024-25 Big Ten/ACC 3+ TZ traveler underdogs went 9-22 1H ATS, 29.0%, -3.89 ATS margin. Supports opponent 1H side only.",3.0,medium,3.0,,,,,,,,,,,,,,,,
g720,11.0,2026-11-14,Washington,Michigan State,travel_1h,Travel / 1H travel angle,Washington,"1H Travel: road fav start: 2024-25 Big Ten/ACC 3+ TZ western expansion teams traveling east as 1H favorites went 10-2 ATS, 83.3%, +3.71 ATS margin. Supports traveler 1H favorite only.",3.0,medium,3.0,,,,,,,,,,,,,,,,
g731,11.0,2026-11-14,Michigan,Oregon,travel_1h,Travel / 1H travel angle,Oregon,"1H Travel: fade road dog: 2024-25 Big Ten/ACC 3+ TZ: non-west teams traveling west as 1H dogs went 2-13 ATS, 13.3%, -3.90 ATS margin. Supports home 1H side only.",3.0,medium,3.0,,,,,,,,,,,,,,,,
g748,11.0,2026-11-14,California,Virginia,travel_1h,Travel / 1H travel angle,Virginia,"1H Travel: road dog fade: 2024-25 Big Ten/ACC 3+ TZ traveler underdogs went 9-22 1H ATS, 29.0%, -3.89 ATS margin. Supports opponent 1H side only.",3.0,medium,3.0,,,,,,,,,,,,,,,,
g749,11.0,2026-11-14,Stanford,Virginia Tech,travel_1h,Travel / 1H travel angle,Virginia Tech,"1H Travel: road dog fade: 2024-25 Big Ten/ACC 3+ TZ traveler underdogs went 9-22 1H ATS, 29.0%, -3.89 ATS margin. Supports opponent 1H side only.",3.0,medium,3.0,,,,,,,,,,,,,,,,
g790,12.0,2026-11-21,UCLA,Michigan,travel_1h,Travel / 1H travel angle,Michigan,"1H Travel: road dog fade: 2024-25 Big Ten/ACC 3+ TZ traveler underdogs went 9-22 1H ATS, 29.0%, -3.89 ATS margin. Supports opponent 1H side only.",3.0,medium,3.0,,,,,,,,,,,,,,,,
g791,12.0,2026-11-21,Oregon,Michigan State,travel_1h,Travel / 1H travel angle,Oregon,"1H Travel: road fav start: 2024-25 Big Ten/ACC 3+ TZ western expansion teams traveling east as 1H favorites went 10-2 ATS, 83.3%, +3.71 ATS margin. Supports traveler 1H favorite only.",3.0,medium,3.0,,,,,,,,,,,,,,,,
g818,12.0,2026-11-21,Maryland,USC,travel_1h,Travel / 1H travel angle,USC,"1H Travel: fade road dog: 2024-25 Big Ten/ACC 3+ TZ: non-west teams traveling west as 1H dogs went 2-13 ATS, 13.3%, -3.90 ATS margin. Supports home 1H side only.",3.0,medium,3.0,,,,,,,,,,,,,,,,
g820,12.0,2026-11-21,Indiana,Washington,travel_1h,Travel / 1H travel angle,Indiana,"1H Travel: road fav start: 2024-25 Big Ten/ACC 3+ TZ traveler favorites went 17-7 1H ATS, 70.8%, +3.73 ATS margin. Supports traveler 1H favorite only.",3.0,medium,3.0,,,,,,,,,,,,,,,,
g841,13.0,2026-11-28,Pittsburgh,California,travel_1h,Travel / 1H travel angle,Pittsburgh,"1H Travel: road fav start: 2024-25 Big Ten/ACC 3+ TZ traveler favorites went 17-7 1H ATS, 70.8%, +3.73 ATS margin. Supports traveler 1H favorite only.",3.0,medium,3.0,,,,,,,,,,,,,,,,
